comment_id,content_id,platform,content,created_at,score,author,source_name,crawl_time
mq8h8js,1kd76w0,reddit,"I had my wife do a few portions of Subnautica for me because the thalassaphobia was too much, but it was pointless since when the game became too much for me, it was never going to get better haha Should have just watched a let’s play.",2025-05-02T17:50:41Z,9,PossibleIncident,gaming,2025-05-26T06:45:12.918314Z
mq8p73i,1kd76w0,reddit,"In FFX I was trying the 200 lightning strikes deal for Lulu's weapon upgrade.   I tried 4 or 5 times and opted for a nap.  My GF at the time, now wife of 20+ years scooped it up, and during my 45min snooze she took care of business.   Love that woman!!

Not an intentional handoff, but a handoff none the less.",2025-05-02T18:28:47Z,5,I_T_Gamer,gaming,2025-05-26T06:45:12.918333Z
mq8udum,1kd76w0,reddit,what the hell is up with your capitalization?!,2025-05-02T18:54:23Z,6,Dustin_rpg,gaming,2025-05-26T06:45:12.918347Z
mq8i9dr,1kd76w0,reddit,"Yeah, I had a friend beat a horror boss in Resident Evil for me because I was too tense to aim properly. Sometimes it's just more fun to tag someone in than stress through it.",2025-05-02T17:55:30Z,4,WeatherMan47,gaming,2025-05-26T06:45:12.918360Z
mq8ign5,1kd76w0,reddit,stupid octopus in the ledgend of zelda oot. my brother had to beat it for me lol,2025-05-02T17:56:27Z,3,Boulderdrip,gaming,2025-05-26T06:45:12.918371Z
mq8kf6s,1kd76w0,reddit,"I recall getting stuck on a few games and becoming frustrated, going back to them several months later and progressing first shot. Never given a game over though.",2025-05-02T18:05:43Z,2,Good_Mycologist5254,gaming,2025-05-26T06:45:12.918383Z
mq8l2mi,1kd76w0,reddit, Nope I'm the older brother. I had to brave the scary bits and git gud all by myself so I could beat parts for my little bro.,2025-05-02T18:08:48Z,2,Adeviatlos,gaming,2025-05-26T06:45:12.918397Z
mq8m2hu,1kd76w0,reddit,"Not me, but a friend of mine (50+) had to have his 14 year old niece beat one of the bosses in Doom for him.",2025-05-02T18:13:33Z,2,SeatownJay,gaming,2025-05-26T06:45:12.918411Z
mq8thwe,1kd76w0,reddit,"I was having trouble with the train mission in GTA San Andreas.

Hand controller over to my 8 year old nephew who beats it first try.

He told me what I was doing wrong was “not following the train”",2025-05-02T18:50:01Z,2,Whitealroker1,gaming,2025-05-26T06:45:12.918425Z
mq8jq26,1kd76w0,reddit,"Yeah, we were playing a PS3 game (malevolent something) with lots of bosses (like a boss rush game) and there was a boss that was....


Unlikable. He would Regen all his life while peltering me with stuff.

So I passed the controller to my friend who also got destroyed. 

I love to play With friends so when I die I generally pass the controller, while we talk about stuff.",2025-05-02T18:02:23Z,1,Shaolan91,gaming,2025-05-26T06:45:12.918436Z
mq8jr6o,1kd76w0,reddit,the dianoga fight in star wars: shadow of the empire,2025-05-02T18:02:32Z,1,chamberk107,gaming,2025-05-26T06:45:12.918444Z
mq8kaoj,1kd76w0,reddit,"The final boss fight in bioshock 3. The one with the revolutionary style robots, and the giant crow.

For some reason I just couldn't do it, so had to give the controller to my buddy.",2025-05-02T18:05:07Z,1,Gseph,gaming,2025-05-26T06:45:12.918451Z
mq8lng9,1kd76w0,reddit,I was the person people came to when they wanted to clear said boss/level.,2025-05-02T18:11:32Z,1,NS4701,gaming,2025-05-26T06:45:12.918459Z
mq8mhbr,1kd76w0,reddit,When I used to room with My best friend there was definitely a time or two where I just handed the controller off to him to try and beat whatever I was stuck on.,2025-05-02T18:15:32Z,1,AguyNamedKyle,gaming,2025-05-26T06:45:12.918466Z
mq8nlma,1kd76w0,reddit,"My fiancé had me do two or three parts of the Ori games, usually they were the really fast portions which she doesn’t do as well on. 

Otherwise no, none myself.

Oh okay, for Subnautica. I am a bit afraid of the ocean and its depths, but my brother really thought I would enjoy the game. So I got the game, he hopped on discord with me, and had to comfort/push me to get out of the safe little starting area lol. He’s 6 years younger but helped me overcome this :) 

I ended up playing the whole game and loving it",2025-05-02T18:20:59Z,1,SmartAlec13,gaming,2025-05-26T06:45:12.918474Z
mq8nszx,1kd76w0,reddit,"The only thing that came close to this is when my two friends and I were passing the controller around while playing Elden Ring. Every time you die, someone else got a turn sort of thing.",2025-05-02T18:21:57Z,1,YouThinkOfABetter1,gaming,2025-05-26T06:45:12.918482Z
mq8nugp,1kd76w0,reddit,"It hasn't happened recently, but in the past I've had to play through a couple of tough spots for my wife in some games. She just had a lot of trouble with bosses or some more challenging story parts.",2025-05-02T18:22:08Z,1,TheCold0ne,gaming,2025-05-26T06:45:12.918490Z
mq8nxzj,1kd76w0,reddit,"Fett-Bubb on Jet Force Gemini I just could not beat, I had to get my older cousin to help while I played as the flying helicopter guy…

It still lives in the back of my mind as an adult as something I need to go back and see if I can beat.",2025-05-02T18:22:37Z,1,Tomfonz,gaming,2025-05-26T06:45:12.918498Z
mq8ojh7,1kd76w0,reddit,I asked my younger brother to do the grindy stuff for me before I fight a boss. Does that count?,2025-05-02T18:25:34Z,1,External-Green-6168,gaming,2025-05-26T06:45:12.918505Z
mq8qsdz,1kd76w0,reddit,"A buddy of mine still does this to me. Any kind of game if he is stuck he calls me over. He shows me what is supposed to happen and how he can’t do it. Takes me about 10 minutes to establish the controls and figure it out for him. A lot of the times it is platforming and jumping sections of a game. 

Makes me feel good that after 30+ years of gaming my skills are still needed haha",2025-05-02T18:36:39Z,1,Ill-Dragonfruit3306,gaming,2025-05-26T06:45:12.918513Z
mq8r14g,1kd76w0,reddit,"Yes, considering that's how most casual people beat Elden Ring. Summon a dope player and let them do all the heavy lifting when you're in way over your head",2025-05-02T18:37:50Z,1,ideasfordays,gaming,2025-05-26T06:45:12.918521Z
mq8r7e7,1kd76w0,reddit,"Lmao when I was a wee kid, I had the Hercules CD-ROM game. I remember the first time I made it far enough to get to the Medusa level, for some reason (the color scheme I think) I thought I was about to fight Hades and FREAKED OUT, ran to get my mom to come help, came back and Herc was a statue 😂",2025-05-02T18:38:42Z,1,ScreamBeanBabyQueen,gaming,2025-05-26T06:45:12.918529Z
mq8ruph,1kd76w0,reddit,"All the time. I'd run to my brother and beg him to beat it. He would, then he'd quit the game without saving and hand me the controller and say, ""there. You saw how I did it right? You got it"" 😂",2025-05-02T18:41:54Z,1,SamanthaBean24,gaming,2025-05-26T06:45:12.918536Z
mq8rvs3,1kd76w0,reddit,"I always summon someone to kill Sif for me in Dark Souls, not cause I'm scared but because it hurts my heart watching her limp around when her health is low 💔",2025-05-02T18:42:03Z,1,Sassfra,gaming,2025-05-26T06:45:12.918544Z
mq8u3la,1kd76w0,reddit,"I convinced my partner to play Bloodborne for me, because I’m too scared to play it myself, but absolutely love the lore.",2025-05-02T18:52:59Z,1,Doctor_Iosefka,gaming,2025-05-26T06:45:12.918551Z
mq8wrpm,1kd76w0,reddit,"I play my SO’s games sometimes because he wants the stuff without the work… but I’m a completionist many times and some games don’t allow you to start all the way over, you need a whole new account! So it actually works for me when I want to train a side pawn (dragons dogma) or see Tom Nook back in a tent.",2025-05-02T19:06:12Z,1,Glittering-Rent-3648,gaming,2025-05-26T06:45:12.918559Z
mq91pin,1kd76w0,reddit,"I haven't done this as an adult (I also don't really have gamer friends near me), but I have rate quit a game at the very final boss.",2025-05-02T19:30:42Z,1,wampwampwampus,gaming,2025-05-26T06:45:12.918568Z
mq93ibm,1kd76w0,reddit,"My two friends and I developed a system for playing single-player games together:

Ninja Gaiden/devil may cry were good examples;

One person would play the “story” section until they died, or got to the boss.  Hand the controller off.  Second friend would 1.) finish the story portion and fight the boss, 2.) die and pass the controller off, or 3.) beat the boss and hand it off

Third rinse and repeat.  Kept it from being “let’s just watch Gary play video games”, and allowed time for snacking/bathroom breaks.",2025-05-02T19:39:39Z,1,wildo83,gaming,2025-05-26T06:45:12.918576Z
mq93m7j,1kd76w0,reddit,"My intro to ""modern"" gaming was my friend's X360 when I was babysitting her son.  Took a while to get used to the relatively complicated controller and action gameplay, so I'd have him do boss fights and such for me.  Plus, every kid likes a chance to be better than an adult at something.",2025-05-02T19:40:11Z,1,Calidore266,gaming,2025-05-26T06:45:12.918584Z
mq94095,1kd76w0,reddit,"Not me, but my dad was playing Sekiro a few years back(he was 69), and he was struggling to beat the Owl, so he asked me to do it. It would have been easy on controller, but mine was a bust so we played on keyboard and mouse, so by the time I won my wrist was hurting, and I was sweating.",2025-05-02T19:42:08Z,1,Kupcsi,gaming,2025-05-26T06:45:12.918591Z
mq98ggo,1kd76w0,reddit,"I have a thing about levels that require you to swim in water with creepy creatures. It has always freaked me out, and though I'm better about it now, I still break out into a cold sweat when the game wants me to jump into the shark-infested ocean to retrieve the thing.

I used to have my sister handle the giant eels in Majora's Mask. Also the eels in Banjo Tooie. Also the eels in Mario 64. Eels.

Needless to say, I made it 5 mins. into Subnautica before deciding I'd had enough.",2025-05-02T20:04:11Z,1,ItchyTasty_1054,gaming,2025-05-26T06:45:12.918599Z
mq99rkw,1kd76w0,reddit,"My husband has me do Thane's loyalty mission for him in ME2 because when he played it back in the day he accidentally failed and got stuck in the catwalks and it's haunted him ever since LOL.

I am the resident Thanemancer so I have the pathing down in my sleep.",2025-05-02T20:10:43Z,1,FryJPhilip,gaming,2025-05-26T06:45:12.918607Z
mq9e406,1kd76w0,reddit,"I think I had someone beat the hurricane guy in Wind Waker for me. 

The open ocean already freaked me out a bit but once it got all stormy with the huge twisters, I noped out of there so fast lol.

I'm not sure what it is, kinda feels like vertigo or something when I look up at a high ceiling (or the sky lol).",2025-05-02T20:32:03Z,1,WolfJobInMySpantzz,gaming,2025-05-26T06:45:12.918615Z
mqa0b4r,1kd76w0,reddit,"My wife could not beat the bike levels in Crash Bandicoot, nor the flying levels in Spyro for the PS4 remasters, so I was the one that had to beat them instead.",2025-05-02T22:29:05Z,1,Dragonfyre91,gaming,2025-05-26T06:45:12.918623Z
mqhwrd3,1kd76w0,reddit,"I can’t remember the enemy, but my boyfriend was playing Breath Of The Wild and was having a really shit time with a mini boss and he gave it to me because “I play a lot of Souls games so I know how to time this shit”… I did kill them 1st try and he got salty😭. Now he gives me the controller for Cod when he gives up.

As a young teen tho, I had quite a few of my classmates come to me to help them beat Dark Souls 3 bosses for them",2025-05-04T06:33:39Z,1,BloodMalk,gaming,2025-05-26T06:45:12.918631Z
mq8hqj5,1kd76w0,reddit,"I didn’t have anyone “adult” to do it for me. Super Mario was the first game for me, and it took me months (as a five year old) to complete it. 

That made me think that if someone else is doing a part of a game for you, then you don’t deserve to progress further.",2025-05-02T17:53:03Z,-21,ragnar-not-ok,gaming,2025-05-26T06:45:12.918639Z
mq60yoz,1kcw5z4,reddit,"Assassin's Creed: Brotherhood

(It was the third game, AC3 was the fifth lol.)",2025-05-02T09:15:12Z,14,baroqueout,gaming,2025-05-26T06:45:14.014135Z
mq60a52,1kcw5z4,reddit,The Elder Scrolls 3: Morrowind,2025-05-02T09:08:01Z,11,JamieSweetTooth,gaming,2025-05-26T06:45:14.014148Z
mq62exo,1kcw5z4,reddit,Half life 3,2025-05-02T09:30:25Z,7,99-STR,gaming,2025-05-26T06:45:14.014156Z
mq5ynaa,1kcw5z4,reddit,Super Mario Brothers 3,2025-05-02T08:50:50Z,6,DomBomb7,gaming,2025-05-26T06:45:14.014164Z
mq64x6t,1kcw5z4,reddit,Zelda A Link to the Past,2025-05-02T09:55:49Z,7,Gamerprodontatme,gaming,2025-05-26T06:45:14.014172Z
mq65i8g,1kcw5z4,reddit,Far Cry 3 for sure!,2025-05-02T10:01:27Z,6,seyedhn,gaming,2025-05-26T06:45:14.014181Z
mq5yysr,1kcw5z4,reddit,Halo 3,2025-05-02T08:54:09Z,11,Tis_me_mario1,gaming,2025-05-26T06:45:14.014189Z
mq61ypp,1kcw5z4,reddit,Pokémon: emerald,2025-05-02T09:25:44Z,5,lalaboy_draws,gaming,2025-05-26T06:45:14.014197Z
mq60lzo,1kcw5z4,reddit,God of war 3,2025-05-02T09:11:29Z,7,ApprehensiveLow7327,gaming,2025-05-26T06:45:14.014204Z
mq60k3s,1kcw5z4,reddit,Baldurs Gate 3.,2025-05-02T09:10:56Z,9,Aulla,gaming,2025-05-26T06:45:14.014211Z
mq60mwz,1kcw5z4,reddit,Mortal Kombat 3,2025-05-02T09:11:45Z,3,Calvinjamesscott,gaming,2025-05-26T06:45:14.014218Z
mq67qco,1kcw5z4,reddit,Civilization 3,2025-05-02T10:22:29Z,3,LushCharm91,gaming,2025-05-26T06:45:14.014226Z
mq68bk8,1kcw5z4,reddit,Why are 3’s always fire tho? Serious question. Even Halo 3 cleared.,2025-05-02T10:27:50Z,3,laraklausme,gaming,2025-05-26T06:45:14.014233Z
mq68l11,1kcw5z4,reddit,Gears of War 3 in terms of gameplay. Gears 2 story still tops it though,2025-05-02T10:30:14Z,3,g_r_e_y,gaming,2025-05-26T06:45:14.014240Z
mq6khzh,1kcw5z4,reddit,Heroes of Might and Magic III,2025-05-02T12:01:07Z,3,DancingBadgers,gaming,2025-05-26T06:45:14.014247Z
mq621m8,1kcw5z4,reddit,I beg to differ. Fallout 2 is the peak imo. And Fallout 3 is basically Fallout 3D 1.,2025-05-02T09:26:36Z,6,SnipingDiver,gaming,2025-05-26T06:45:14.014255Z
mq5zofe,1kcw5z4,reddit,Dark souls 3,2025-05-02T09:01:33Z,4,Ollienachos,gaming,2025-05-26T06:45:14.014262Z
mq678lx,1kcw5z4,reddit,"MGS3: Snake Eater

What a thrill",2025-05-02T10:17:59Z,4,JayMan2224,gaming,2025-05-26T06:45:14.014269Z
mq69lgq,1kcw5z4,reddit,Super Mario Galaxy,2025-05-02T10:39:10Z,2,JusaPikachu,gaming,2025-05-26T06:45:14.014276Z
mq69x3d,1kcw5z4,reddit,Skate 3,2025-05-02T10:41:58Z,2,IceCreamCraving,gaming,2025-05-26T06:45:14.014283Z
mq6c56i,1kcw5z4,reddit,Metroid Prime 3. I will not elaborate. I will only replay it again.,2025-05-02T11:00:03Z,2,laraklausme,gaming,2025-05-26T06:45:14.014291Z
mq6gb10,1kcw5z4,reddit,TEKKEN 3,2025-05-02T11:31:54Z,2,xMeatshield,gaming,2025-05-26T06:45:14.014298Z
mq6hps7,1kcw5z4,reddit,DOOM 3. BFG Edition. Hands down one of the best blends of action and horror,2025-05-02T11:41:59Z,2,1mandala1,gaming,2025-05-26T06:45:14.014305Z
mq6ipy0,1kcw5z4,reddit,"Chrono Trigger, Chrono Cross, Chrono... ?",2025-05-02T11:48:56Z,2,Bootarms,gaming,2025-05-26T06:45:14.014312Z
mqb9an3,1kcw5z4,reddit,While 4 is also good I would argue Breath of Fire and Final Fantasy 6 is the third game in the SNES era and was released in US as 3.,2025-05-03T03:03:54Z,2,Scholarly_Koala,gaming,2025-05-26T06:45:14.014320Z
mqczxuz,1kcw5z4,reddit,Yes it is!,2025-05-03T12:28:41Z,2,tapsel,gaming,2025-05-26T06:45:14.014327Z
mqk0u2l,1kcw5z4,reddit,"Super Metroid, A Link to the Past, Donkey Kong Country 3, Ace Attorney: Trials and Tribulations, Terranigma (well, it is a *thematic* trilogy...), Disney's Magical Quest Starring Mickey and Donald...",2025-05-04T16:09:25Z,2,GolbatDanceFloor,gaming,2025-05-26T06:45:14.014335Z
mq5yf9a,1kcw5z4,reddit,Fallout 3 and Far Cry 3 are far from their best entries,2025-05-02T08:48:27Z,5,BumLeeJon420,gaming,2025-05-26T06:45:14.014342Z
mq637bu,1kcw5z4,reddit,Devil May Cry 3,2025-05-02T09:38:35Z,2,Intoxicduelyst,gaming,2025-05-26T06:45:14.014349Z
mq68tva,1kcw5z4,reddit,Super Metroid,2025-05-02T10:32:25Z,1,goonbandito,gaming,2025-05-26T06:45:14.014357Z
mq6kkyj,1kcw5z4,reddit,TES 3 Morrowind GOTY edition.,2025-05-02T12:01:41Z,1,Pa11Ma,gaming,2025-05-26T06:45:14.014364Z
mq4v6y1,1kcqwli,reddit,Don't replay a game 3 times if you're not having fun. This is a hobby not a job,2025-05-02T03:02:30Z,10,Newwavecybertiger,gaming,2025-05-26T06:45:15.074632Z
mq4wwl0,1kcqwli,reddit,They're video games. Just play whatever feels right,2025-05-02T03:13:55Z,7,internetlad,gaming,2025-05-26T06:45:15.074644Z
mq4w2dm,1kcqwli,reddit,"For me personally I enjoy a lot of “vampire survivors” like games, these games let you jump right in without any tutorials or cutscenes and so easy to pick up and play.

If you have a huge backlog of games I would pick the top 5 games that look the most fun, then top 3 then finally top 1 and just start there. Hope that helps.

I wasn’t able to view your library(my end not yours) so I’m not sure what you have but post a screenshot please.",2025-05-02T03:08:17Z,2,My_Leg771,gaming,2025-05-26T06:45:15.074652Z
mq4xf58,1kcqwli,reddit,"Additional library screenshots here:

[https://drive.google.com/drive/folders/1p7n9wyU9BB9AXzH95O9iZi-RbMTk4iFP?usp=drive\_link](https://drive.google.com/drive/folders/1p7n9wyU9BB9AXzH95O9iZi-RbMTk4iFP?usp=drive_link)",2025-05-02T03:17:26Z,2,GodlessGambit,gaming,2025-05-26T06:45:15.074661Z
mq4yvpt,1kcqwli,reddit,"On mobile so cant view the library besides your one screenshot. Of the games i know and have played AC:revelations probably has the quickest to 100% all achievements. Ive done it multiple times due to remasters and enjoying the series. 100% is mostly just play the game and beat secondary objectives, Then collectables. Wouldn’t take multiple play throughs shouldn’t take too long.

In my opinion borderlands is great because you can jump in and out pretty quickly stopping your self from getting bored too early.


However dont try 100% if you dont enjoy it. I spent most of my childhood barely beating a game once because we could only afford to rent games, still easily the best years of my gaming life. Have fun get the ending feel satisfied and move on if thats what it takes to feel less bloated on your library",2025-05-02T03:27:37Z,2,Audiocracked,gaming,2025-05-26T06:45:15.074668Z
mq4z36d,1kcqwli,reddit,What exactly do you want people to do for you?,2025-05-02T03:29:03Z,1,SpiderGhost01,gaming,2025-05-26T06:45:15.074676Z
mq4zl18,1kcqwli,reddit,[removed],2025-05-02T03:32:28Z,1,N/A,gaming,2025-05-26T06:45:15.074684Z
mq511d8,1kcqwli,reddit,"Balatro is a card game roguelike so you can play short sessions and knock it out


Baldurs Gate 3 is a very long game so don't play that one until you are ready for that kind of thing. It doesn't feel bloated except in the final act, crpgs are just naturally longer.


Assassin's Creed Origins, Odyssey, Valhalla have a lot of busy work that won't fit your mood right now.


Tbh, if you don't mind emulation, I would actually suggest trying the Fatal Frame series next. Its right up your alley if you like old school Resident Evil and Silent Hill. Short and sweet too. First 3 games are on ps2 (can be played via emulation) with 4 and 5 being on steam.",2025-05-02T03:42:41Z,1,stallion8426,gaming,2025-05-26T06:45:15.074693Z
mq594se,1kcqwli,reddit,"Hi u/GodlessGambit

Play Baldurs Gate 3

Set the mood, lighting, have some wine, beer, tea, what have you....

Have a headset on for the immersive sound... turn your phone on silent, and sink into a playthrough of some good old fashioned fun!

Take your time in the character creation... theres a lot read and youre going to think about quitting, but trust yourself....it will be worth it.  

Design a character you like... refill the wine, beer, tea what have you.  Decide you want to start over and realize youve done this 20 times and the sun is coming up....

Tomorrow you can finish making this character... tomorrow you can finally start the epic journey that is BG3!

That is... unless we should be a Half Orc Barbarian instead and smash my way through?

\-Your future self",2025-05-02T04:43:29Z,1,EuphoricData2793,gaming,2025-05-26T06:45:15.074701Z
mqvmqxd,1kcqwli,reddit,Stop talking and open one. Talking isn't clearing the log. Maybe you just aren't interested,2025-05-06T13:06:43Z,1,DoNotCommentorReply,gaming,2025-05-26T06:45:15.074710Z
mq4k9eg,1kcpn11,reddit,"Try manually moving the game over, then uninstalling from the original location, then reinstalling on the new drive, and verify the files. Not sure if this will work. But Id try it.",2025-05-02T01:55:23Z,5,ew435890,gaming,2025-05-26T06:45:16.197812Z
mq4l3bk,1kcpn11,reddit,"Simple, uninstall the game and reinstall it onto the desired drive. If that doesn't work, reinstall a new version and then download the game again. If that still doesn't work, verify the game's files.",2025-05-02T02:00:21Z,2,lalaboy_draws,gaming,2025-05-26T06:45:16.197824Z
mq7s2y6,1kcpn11,reddit,U can move ur saved data file to another location then redownload the game itself after the download is complete just move ur moved saved data into the game files idk if that still works anymore i used to do that a lot with gta san andreas every time i wanted to format my pc lol just moved my save files onto a USB and then put them back into the new saved data files,2025-05-02T15:52:09Z,1,EHdeadshot0,gaming,2025-05-26T06:45:16.197832Z
mq4k1jd,1kcpn11,reddit,You need to delete the game and re download it choosing a new location. It’s not rocket science,2025-05-02T01:54:06Z,1,curiously_curious3,gaming,2025-05-26T06:45:16.197840Z
mq05nzd,1kc6cwo,reddit,Character movement and combat look rough.,2025-05-01T11:56:50Z,45,No-Pollution1149,gaming,2025-05-26T06:45:17.645557Z
mq07g2w,1kc6cwo,reddit,Combat looks incredibly clunky.,2025-05-01T12:09:05Z,28,Solidus82,gaming,2025-05-26T06:45:17.645565Z
mq08qh4,1kc6cwo,reddit,Wtf with the game play.,2025-05-01T12:17:46Z,13,testuserpk,gaming,2025-05-26T06:45:17.645570Z
mq07xsq,1kc6cwo,reddit,"looks a bit generic with Hindu mythological references here and there! But again, this might be a foot in the door for more stories to come from Hindu Mythology or Maybe this is pre alpha, so it might change. They have gotten Amitabh to voice over, which means there seems to be a good amount of capital investment.",2025-05-01T12:12:24Z,18,HawasKaPujari,gaming,2025-05-26T06:45:17.645575Z
mq0bpi7,1kc6cwo,reddit,Damn that looks bad. Also the dialogue in this trailer is some hot garbage,2025-05-01T12:37:26Z,7,Faynt90,gaming,2025-05-26T06:45:17.645580Z
mq0d5oz,1kc6cwo,reddit,"As an Indian I have a bad feeling about this. There's something very ""hindu nationalist"" about this. When I saw the map which showed the whole territory that includes surrounding countries it reminded me of our version of ""greater israel"" which is ""akhand bharat"". Of course we have this hypermasculine, one-dimensional looking dude as the main character, while hindu mythology has so many important characters who are way more interesting in terms of personality. I'm almost thankful that the combat looks awful because I don't want it to be successful. I DON'T want this to be how Hindu mythology is represented. Our mythology is far more interesting and nuanced than what it has been reduced to over the last couple of decades - the image of stoic strongmen warriors.",2025-05-01T12:46:39Z,30,kcvlaine,gaming,2025-05-26T06:45:17.645585Z
mq0gsxc,1kc6cwo,reddit,Wukong india lol. Half the budget went to hiring amitabh bachchan and other half went to cgi parts. Gameplay in later half looked as if it's a mobile game.,2025-05-01T13:08:44Z,6,lts_Daddy,gaming,2025-05-26T06:45:17.645590Z
mq02t1q,1kc6cwo,reddit,Interesting setting but gameplay looks trash like that biomutant game.,2025-05-01T11:36:18Z,22,Silent_Fan_3617,gaming,2025-05-26T06:45:17.645595Z
mq0ohyj,1kc6cwo,reddit,"Pre alpha footage, ladies and gentlemen. 

Let’s see what this actually ends up looking like - or if it even comes out at all.",2025-05-01T13:51:52Z,4,MR-DEDPUL,gaming,2025-05-26T06:45:17.645599Z
mq07saz,1kc6cwo,reddit,"Sorry yall. Accidentally posted a video of me fucking around in UE5 for a few hours. 

/s",2025-05-01T12:11:22Z,9,KazPart2,gaming,2025-05-26T06:45:17.645604Z
mq0gxbo,1kc6cwo,reddit,"for everyone commenting, bear in mind in the very trailer itself it says pre alpha.   
personally i really like the rasa of it, I dont see enough interesting games from that genre. almost  has a sly cooper prince of persia vibe in what it likes like theyre going for.

ya theres plenty of clunk in the trailer, but i think this is one to look forward to tracking its progress",2025-05-01T13:09:27Z,3,GhostElder,gaming,2025-05-26T06:45:17.645609Z
mq0ucfu,1kc6cwo,reddit,"The haters are gonna jump up to point out the flaws, as if the devs aren't aware. 

Who knows how it will turn out, but I'm psyched for South Asia to be putting it's hat into the AAA ring. With the Western industry in a blood bath, now is the time new sectors to join and begin to mature.",2025-05-01T14:22:13Z,4,MuNansen,gaming,2025-05-26T06:45:17.645614Z
mq07vbi,1kc6cwo,reddit,"Lets hope there will be a dub in an indian language (I know there are many there and I kinda don't care which they take, the best that it would fit the region where the game is set) when it will be released. Kinda got ""addicted"" in playing games with dubs of the regions it is set/inspired by. Like I will played blasphemous 2 with spanish dub and witcher 3 with polish dub.",2025-05-01T12:11:57Z,2,Siukslinis_acc,gaming,2025-05-26T06:45:17.645621Z
mq0cuq7,1kc6cwo,reddit,They probably shouldn't have showed gameplay when it looks this ass. Hopefully since it's pre-alpha or whatever they have time to make it better.,2025-05-01T12:44:45Z,2,Neoteric00,gaming,2025-05-26T06:45:17.645626Z
mq0ec45,1kc6cwo,reddit,"Interesting setting, but game looks meh",2025-05-01T12:53:58Z,2,andrusbaun,gaming,2025-05-26T06:45:17.645630Z
mq0eh7r,1kc6cwo,reddit,Looks like another mediocre game. Nothing interesting to see in this trailer.,2025-05-01T12:54:50Z,2,issue666,gaming,2025-05-26T06:45:17.645635Z
mq0fsw6,1kc6cwo,reddit,"This is pre-alpha, so I will be generous. It looks interesting, but there is no weight in combat and movement feels clunky. If they can iron out the fights, it can be a solid AA soulslike with Indian vibes, which is not that common these days. Looks like they have a good grasp on the world they want to present.",2025-05-01T13:02:48Z,2,michael199310,gaming,2025-05-26T06:45:17.645640Z
mq0h4k3,1kc6cwo,reddit,Its feels like those 2010s era games but with updates graphics,2025-05-01T13:10:39Z,2,ChocolateaterX,gaming,2025-05-26T06:45:17.645645Z
mq0yyz6,1kc6cwo,reddit,"Well that quickly went from a stud to a dud. Gameplay looks VERY rough and generic, the setting is really the only thing that's memorable about this trailer.",2025-05-01T14:45:21Z,2,jak_d_ripr,gaming,2025-05-26T06:45:17.645650Z
mq1uvmh,1kc6cwo,reddit,"Saars, have you heard about a thing called ""hitstop""?",2025-05-01T17:21:26Z,2,countryd0ctor,gaming,2025-05-26T06:45:17.645655Z
mq07liz,1kc6cwo,reddit,"finally, I will know Bhaarat's age.",2025-05-01T12:10:05Z,3,Ok_Search1480,gaming,2025-05-26T06:45:17.645659Z
mq094ec,1kc6cwo,reddit,The run animation reminds me of Wukong and then the rope thing reminds me of Sekiro.,2025-05-01T12:20:21Z,2,DeadlyGreed,gaming,2025-05-26T06:45:17.645664Z
mq0qac2,1kc6cwo,reddit,"You know how people get upset with a cinematic trailer and say shit like ""No gameplay, don't care""

THIS is why they don't show early gameplay in trailers. It almost certainly won't look like this when it releases, but holy shit did what they showed us look like ass.",2025-05-01T14:01:21Z,2,InsertedPineapple,gaming,2025-05-26T06:45:17.645669Z
mq04sjf,1kc6cwo,reddit,A Game About A Dude With A Sword Hitting People #4290853991.,2025-05-01T11:50:37Z,6,ned_poreyra,gaming,2025-05-26T06:45:17.645674Z
mq08m6m,1kc6cwo,reddit,Developers are just stuck. They don’t know how to make anything else. It’s the same games copy and pasted forever. This is our present and this is our future and there is no escape.,2025-05-01T12:16:57Z,4,FancyFrogFootwork,gaming,2025-05-26T06:45:17.645678Z
mq09a7o,1kc6cwo,reddit,The assassin creed at home,2025-05-01T12:21:25Z,3,testuserpk,gaming,2025-05-26T06:45:17.645683Z
mq5ttpr,1kc6cwo,reddit,Too much cinematics and not enough gameplay,2025-05-02T07:59:19Z,1,seyedhn,gaming,2025-05-26T06:45:17.645688Z
mq045dr,1kc6cwo,reddit,looks great. as a british guy with indian bengali roots ill defo play this. bharat was the original name of india after all,2025-05-01T11:46:05Z,-1,oiAmazedYou,gaming,2025-05-26T06:45:17.645693Z
mq0sun3,1kc6cwo,reddit,"Likely a failure. Combat and movement looks boring.

Also they should not implement coop if they have other things to fix first.",2025-05-01T14:14:40Z,1,Fire_is_beauty,gaming,2025-05-26T06:45:17.645698Z
mq0coaz,1kc6cwo,reddit,Who the fk is Bhaarat?,2025-05-01T12:43:36Z,0,jmnemonik,gaming,2025-05-26T06:45:17.645703Z
mq0801f,1kc6cwo,reddit,Terrible gameplay set in a world that no one wants to visit. 🙃,2025-05-01T12:12:50Z,-8,grimdarkPrimarch,gaming,2025-05-26T06:45:17.645707Z
msnl2s5,1kc6cwo,reddit,looks trash,2025-05-16T16:59:49Z,0,Fit-Row5111,gaming,2025-05-26T06:45:17.645712Z
mptqf9e,1kbderr,reddit,"https://www.playstation.com/en-nz/support/hardware/troubleshoot-dualshock-4/

Hard reset it",2025-04-30T12:00:42Z,3,Norpsely,gaming,2025-05-26T06:45:19.470678Z
mptwutc,1kbderr,reddit,"that's a weird one, turning it on and off usually clears up any glitches. Hmm... maybe try going into your ps4 settings and ""forget"" your controller, then pair it again with the cable. It's a long shot, but with a controller that old, maybe the game is having trouble recognizing it. And If none of that works, well... that 9 years might finally be catching up to it and you know what that means...",2025-04-30T12:41:48Z,2,Agus_ZPL,gaming,2025-05-26T06:45:19.470691Z
mppqjsr,1kawhxh,reddit,"Directional confusion, give me a compass!  Mini map may work well too.",2025-04-29T19:38:39Z,37,ipreferDick,gaming,2025-05-26T06:45:21.708168Z
mppo9zp,1kawhxh,reddit,The little platforming bits since the movement is a tad too floaty.,2025-04-29T19:27:30Z,46,SyndicateMatrix,gaming,2025-05-26T06:45:21.708172Z
mppr9up,1kawhxh,reddit,My only gripe so far is that the brightness is all over the place. It's either too bright or too dark. I haven't found settings that work for me yet.,2025-04-29T19:42:06Z,19,Etofek,gaming,2025-05-26T06:45:21.708174Z
mpq3yri,1kawhxh,reddit,I can't stand QuickTime events.  My idea of fun combat is not guessing the exact frame to press a button and otherwise I'm dead.  Kinda fucked up getting this game didn't I,2025-04-29T20:42:05Z,36,Royal_Annek,gaming,2025-05-26T06:45:21.708176Z
mppo8x5,1kawhxh,reddit,"The platforming elements are absolute trash. Surprised they made it in.

That, and it’s so easy to get lost in this game. A single levels environment walls quickly starts to look the same as the one from 5 minutes ago, and without a minimap or a way marker, a lot of time gets spent accidentally backtracking.

That, and the combat mechanics may be a bit overly complicated for their own good. Out of my 4 companions, they all have unique mechanics, and I only kinda understand how it works for 3 of them. Luckily I’ve gotten by without having to know, but I’m always worried the other shoe is going to drop.

It’s still an easy 10/10 though.",2025-04-29T19:27:21Z,58,maloneth,gaming,2025-05-26T06:45:21.708188Z
mprrpcl,1kawhxh,reddit,"I dont want manual dodge/parry mechanics in my turn based games, I play turn based games because my reaction time isn't always the greatest, it becomes too much to handle. Leave dodging and parrying to active skills or tie it to agility and make it a % chance, I don't like mixing action combat into my slow tactical gameplay",2025-04-30T02:07:06Z,35,Zakharon,gaming,2025-05-26T06:45:21.708190Z
mptjr3j,1kawhxh,reddit,The dodge and parry timing is too off. It's too delayed. Games focused on it like Sekiro are way easier because attacks don't take ten years to come out.,2025-04-30T11:12:20Z,12,SgtNipplefingr,gaming,2025-05-26T06:45:21.708192Z
mqc9j3s,1kawhxh,reddit,"That the battles are more about memorizing what feels like intentionally off-rhythm, baiting, and delayed attack patterns than actual strategy or build synergy. 
Not to mention how off the timing windows for dodge and parry can feel. 


I've been through all the Souls games, but these fights are the most annoying I can remember. 
It's delay-delay-delay-superfastattack or superfastattack-delay-fastattack-del-Psych!-superfastattack. It literally feels like they were trying to be as annoying as possible, and it's really starting to sap my enjoyment. ",2025-05-03T08:26:34Z,13,P4NCH0theD0G,gaming,2025-05-26T06:45:21.708194Z
mpztqn6,1kawhxh,reddit,"\- The game's tone is all over the place after Normandy (we're here in an unknown hostile place and this cute redhead is touching and interacting with things all over the place and being a disney princess). I appreciate the levity but it really doesn't fit the presentation unlike with Nier: Automata (especially after what happens in the prologue).

\- All the gestrals can go jump off a cliff and not revive.

\- The UI visibility is ass, from selecting pictos, weapons, skills and lumina. I hope they update it to properly highlight what you're selecting (before anyone says it, I get that they're going for ""obscur"" but fucking hell)

\- The lore kinda blows, its really intriguing at first but falls flat as I went on.

\- The actual maps/area doesn't feel awe inspiring, its mostly samey, there are some environmental storytelling but mostly its just asset dump.

\- Gustav has that Fable Anniversary Edition run cycle.

\- Apart from the hairstyles, the female face templates look something that you can create on Team Monolith's Home Together (a UE game).

\- Sound effects kinda use the same library as Asterigos: Curse of the Stars (another UE game).

\- No dialogue autoplay

\- Hope there was an FOV slider, or a distance to character slider, I feel that its to close and claustrophobic'

\- Everything looks smeared in vaseline

So far that's it, not to spoil but the story isn't really ground breaking like GOTY people make it out to be. I feel like I'm close to the end and I mostly tune out now and roll my eyes story-wise... the combat is the only thing holding it together for me.",2025-05-01T10:20:49Z,24,NewDrag8467,gaming,2025-05-26T06:45:21.708196Z
mrrxjgr,1kawhxh,reddit,"In general this entire game is over hyped to me.

The story is a story that's been told a dime a dozen times especially in the JRPGS circuit... All that's different is the setting and the culture.

The game play can be challenging but the devs decided they also wanted to channel Diablo in their game so basically playing expert by end game ur either one shotting or being one shot... Way different than playing something like BG3 or Elden ring where A) stat points matter (vanilla) and um B) ur party members actually feel uniquely different unless they all playing the same class.
It's like yay they added a cool parry system, but also yay I gotta be at this optional boss in 5 turns by doing 9999 damage on each character or I lose! Yeah no. The difference between this turn based and a game like final fantasy X for example is that most final fantasy titles you have access to most or all of ur skills when u unlock them so in battles u can actually make strategical choices on the fly, not loop the same 6 predetermined skills like ur playing rock paper scissors. There were encounters where I had to reload cause look I have lune on mostly fire skills and a fire weapon, but this guy resists fire, welp guess my mage can't be useful time to respecc her into earth for this fight that won't be winnable until I respecc her. It's not a major problem for me it's a dumb problem for a turn based game to have. It's one of the reasons I hate and avoid Tales games.

The art, score, and voice acting is great, but ruined by bad pacing. Act 1 started off super strong, I remember the scene of getting to the first boss, seeing the corpses rack up, the sense of dread and despondence racking up, a sense of urgency... It felt amazing... Then we meet the sassy mouth paintbrush people and then all of a sudden... I don't care anymore. Dialogue pushing me to care about the rhyming talking giant sack of potato that just joins my quest on a whim, death scenes that took too long and were too dramatic lost effect on me, riddles here and there to end on the most obvious of obvious plot twists,and the a lazy ham fisted relationship system really took me out of the moment I was in. I saw the potential for an amazing set up but it went up in smoke after getting my fourth ally. As much as I hate Cyberpunk 2077, that and phantom liberty kept my interest longer story wise even tho I hated the released versions gameplay.

i wouldn't consider Clair Obscure a bad game, I wouldn't give it a low mark, but this game is talked about like it's amazing when it's just a generic JRPG coated in western paint. It's almost as if that's all that mattered. JRPGS in general aren't playable until they have westernized culture? Is that the message? Cause if that is it's a shitty one and no JRPG will ever be able to live up to that standard.

It's crazy how many elements were borrowed from JRPGS and made/named French and some how became better than it's predocessors. So much so they are schooling ""Square enix""... A game company that you know actually takes risks and try new shit every title. Praising a single player game for not having micro transactions is a lay up so I'm not even going to do that. Most of them that are good don't have em.",2025-05-11T17:00:19Z,11,blackninjar87,gaming,2025-05-26T06:45:21.708198Z
mppqmcq,1kawhxh,reddit,It really needs a map. Not just when you are on the world map either.,2025-04-29T19:39:00Z,26,MoreBassPlz,gaming,2025-05-26T06:45:21.708200Z
mqzcz4k,1kawhxh,reddit,Best story set up ever. Worst actual story ever.....,2025-05-07T00:17:02Z,9,Saturn_Prime,gaming,2025-05-26T06:45:21.708202Z
mpprmgn,1kawhxh,reddit,"It's really easy to overlevel in act 2 with how much optional content is available and the story bosses are extremely undertuned relative to the optional bosses, at least on expeditioner",2025-04-29T19:43:47Z,7,zharkos,gaming,2025-05-26T06:45:21.708204Z
mppr4nq,1kawhxh,reddit,"Parrying and dodging is too powerful imo. I'm slightly after the point of acquiring faster overworld transportation and parrying does so much more damage per turn than using multiple turns of setup to pop-off. Dodging is significantly easier than parrying and can be easily built to synergize and be powerful in its own right. The game has kinda lost that aspect of attrition and careful building that I come to JRPG's for.

The closest to this game's combat is Paper Mario: The Thousand Year Door and in that game parrying and blocking are necessary but don't become the best option. Parrying negates damage and deals a small amount of damage in turn, and blocking reduces damage but doesn't negate it. As a result, moves that buff damage and facilitate multiple turns of prep, as well as managing your BP, and high-risk high-reward low health strategies all feel appropriately impactful.",2025-04-29T19:41:25Z,6,Five_Tiger,gaming,2025-05-26T06:45:21.708206Z
mppq3wj,1kawhxh,reddit,"UI Layout is messy and poorly laid out.  Want to equip that new weapon?  Inventory/weapon/select character/select weapon.  Should start with a character and loadout.

Lipsync could be better.

Levels can be hard to find the way through.  It would benefit from a TLOU2 ""X FOR HINT"" popup after running in circles for a while.",2025-04-29T19:36:30Z,17,kyle242gt,gaming,2025-05-26T06:45:21.708209Z
mppot2s,1kawhxh,reddit,The abundance of Reddit posts.,2025-04-29T19:30:06Z,32,funkychicken23,gaming,2025-05-26T06:45:21.708211Z
mpqjihm,1kawhxh,reddit,"I don't like that you have to press a button to advance dialouge, it is fully voiced anyway so it just makes dialouge outside of cutscenes a little awkward.


The exploration and running/jumping feels a bit stiff and floaty. 


The description for expeditioner difficulty is a bit misleading (you absolutely need to parry/dodge) and the difference between minibosses and the rest of the game is a bit extreme which makes it hard to get the difficulty right. ",2025-04-29T21:59:53Z,5,Briar_Knight,gaming,2025-05-26T06:45:21.708213Z
mqb4jya,1kawhxh,reddit,Fully expected to love this game. Finding it unplayable due to the parry requirements.  This is not what made turn based games great!,2025-05-03T02:31:57Z,6,SnooCats6697,gaming,2025-05-26T06:45:21.708215Z
mppo124,1kawhxh,reddit,Honestly the game was as close to perfect as any game has got for me but if I had to pick one it's that if you explore too much you outscale the quest bosses and they can become a bit too easy (mainly around the dualist in terms of timeline),2025-04-29T19:26:18Z,4,kkuntdestroyer,gaming,2025-05-26T06:45:21.708217Z
mppt0o0,1kawhxh,reddit,"Game could do with some form of map(Seperate to overworld map). Some games have a general layout that makes it not needed but so often I will pick up an item or fight an enemy forget which way I was going and end up going the wrong way until I realise I’m back where I started. Also makes it hard to work out where I have and have not explored. The general layout of some zones is just confusing.

Would also love an option to restart a fight. Feels a tad annoying when I know I’ve lost a fight to have to wait for 3 enemies to have their turn, then load previous save then run all the way back to the fight.

Some sort of explanation of what the heck the items in my inventory do. Some of them I just have no clue. I’m still not sure what the 3 bottles in the bottom left are.

Better inventory management. My inventory has like 200 pictos and it’s just a bit overwhelming sorting through them all. Maybe something like lower level ones can be melded into higher level ones?

Games still a solid 9/10 for me but those are my negatives.",2025-04-29T19:50:22Z,4,RemusLupinz,gaming,2025-05-26T06:45:21.708219Z
msdwvfc,1kawhxh,reddit,"I hate that I dislike game lol.

  Just not a fan of having to constantly time my attacks and having to constantly dodge/parry on a turn based game. 

 I also dislike the renessance/Victorian astetic. 

For me, turn based games are supposed to be relaxing.  

Im also unwilling to make some off the wall tank build. 

Im sure it's a great game, it's just not for me. 

I requested a refund within 45 minutes  of playing the game.",2025-05-15T02:53:48Z,4,No_Gap8318,gaming,2025-05-26T06:45:21.708221Z
mpppywz,1kawhxh,reddit,"Not that far in but the only thing I dislike is how easily you could get stuck behind stuff,",2025-04-29T19:35:49Z,7,Booger92010,gaming,2025-05-26T06:45:21.708223Z
mppqu2g,1kawhxh,reddit,it does the same thing xenoblade does where the combat is bloated with so many different mechanics that you're still getting tutorials 70 hours in,2025-04-29T19:40:02Z,7,chrisbarf,gaming,2025-05-26T06:45:21.708225Z
mppodpq,1kawhxh,reddit,"The gauzy over smoothed feel of the graphics, even on max settings. The art design of the game is gorgeous but sometimes I feel like I'm looking at it through a gaussian blur or a lens smeared with petroleum jelly.",2025-04-29T19:28:01Z,9,AgedAmbergris,gaming,2025-05-26T06:45:21.708227Z
mppo47s,1kawhxh,reddit,No mini maps,2025-04-29T19:26:43Z,12,Nuo_Vibro,gaming,2025-05-26T06:45:21.708229Z
mppq1in,1kawhxh,reddit,"The feeling of object pointlessness. Whether it's the music or the uncomfortable sadness present in even the most humorous moments. I haven't finished the game yet but it feels like with every step I take the painter is whispering to me ""none of you will survive this expedition"" 


THIS IS NOT A BAD THING, some of my favorite games are near on misery in their narratives but they don't wrap you as tight in sadness, desperation and depression this game does to me


8/10 


Would be a ten if I felt like I could play with out feel ridiculously sad.


Recommended if you enjoy heavy personal emotions in your games ",2025-04-29T19:36:10Z,6,Blacknite45,gaming,2025-05-26T06:45:21.708231Z
mqun1cx,1kawhxh,reddit,"Mapping parry to right bumper on console, my wrist hurts from squeezing this constantly for parry, and it's literally the most important button in the game. Huge fail from the devs because I cannot remap it. Makes me genuinely angry. I am close to uninstalling the game at the moment after around 30 hours of playing because it hurts so much.",2025-05-06T08:06:07Z,3,Disastrous-Scholar45,gaming,2025-05-26T06:45:21.708233Z
ms75fql,1kawhxh,reddit,"A lot, to be honest.  I appreciate what it's trying to do from a meta perspective, and it wears its influences on its sleeve, many of which are my favorite games, but it is more-or-less an interactive tech demo.  The noisy shadows and other graphical glitches are distracting, and the combat is not very interesting.  And contrary to the general opinion I wasn't too impressed by the music, which I frequently found repetitive, and amateur, from a composition perspective.

The best part about it is the concept, and the vibe when you're going around beholding the world.  But it seems more concerned with stuffing as much visual detail onto the screen as possible while leaving less visible things unpolished.  (Perhaps it's for the investors.)  When compared to its influences in the details that help immerse you it misses the mark.",2025-05-14T01:45:12Z,3,mcsleepy,gaming,2025-05-26T06:45:21.708235Z
mt1i5oe,1kawhxh,reddit,"I'm only a few hours in but I have a few issues with it:

1. The lip syncing is all over the place. I noticed it a few seconds in. Thankfully it's not present in the cinematics.
2. There doesn't seem to be any sweet spot for brightness/gamme/contrast.
3. I had to turn an accessibilty option on to stop the camera tilting all over in battle. It was like fighting a boss and Parkinsons at the same time.
4. Although you can make assumptions about the history of Lumiere and the basis of the story it's missable unless you go around talking to everyone in the prologue including someone hidden in a bin.
5. The tutorials pause everytime it shows a prompt. I know this is used quite often but I don't like it in other games either and it's particularly egregious here because it's turn based combat with timing based mechanics. I can't practice timing in a tutorial if the game pauses during it.
6. Some of the writing feels a bit off e.g. MC immediately decides to off himself 2 mins after landfall and just as quickly decides not to.

Tbh I would've probably returned it had I not bought the game a couple of weeks ago. The combat does seem challenging on expert though so that's fun at least. Can't understand why people think this is GOTY yet though. Hoping it gets better.

  
Edit: Forgot to mention the grapple hook. If you're going to include movement mechanics like that then implement them properly. They should be fluid and give a sense of speed. The grapple here is kind of pointless and can't even be used while you're in motion.",2025-05-19T00:11:08Z,3,ZhuiRi,gaming,2025-05-26T06:45:21.708237Z
mppvxwm,1kawhxh,reddit,"Lips sync is off, animations outside fighting are ok, some characters looks weird and have huge heads, generic story parts",2025-04-29T20:04:09Z,4,BlackTone91,gaming,2025-05-26T06:45:21.708239Z
mppo14q,1kawhxh,reddit,"I haven't played it yet, I'm definitely interested but I'm already a bit tired of hearing about it. That's not the game's fault, that's social media's fault. None of the threads seem to be saying anything different from the others but there's an absolute glut of them.",2025-04-29T19:26:18Z,6,I_Am_Sharticus_,gaming,2025-05-26T06:45:21.708241Z
mpposll,1kawhxh,reddit,"I’m only about 7 hours in but I’m still not understanding fundamentally how the world works?  I’m assuming it’ll be explained later but if i’m 33, the paintress changes it from 34 to 33, if I turn 34 the next day…what happens?   Wouldn’t it suck if your birthday was the day before she lowers the number.",2025-04-29T19:30:02Z,6,Myst031,gaming,2025-05-26T06:45:21.708243Z
mpppeo1,1kawhxh,reddit,Camera is not being centered,2025-04-29T19:33:04Z,5,BiotechnicaSales,gaming,2025-05-26T06:45:21.708245Z
mpq00eu,1kawhxh,reddit,No mini map.,2025-04-29T20:23:26Z,2,N/A,gaming,2025-05-26T06:45:21.708247Z
mpqf3t6,1kawhxh,reddit,No Mini Map and Direct Fast Travel.,2025-04-29T21:36:53Z,2,IcePopsicleDragon,gaming,2025-05-26T06:45:21.708250Z
mprwx72,1kawhxh,reddit,"It can become too easy to get over leveled, discouraging exploration. That’s an issue I have with a lot of games.",2025-04-30T02:37:58Z,2,AshyLarry25,gaming,2025-05-26T06:45:21.708252Z
mps3km4,1kawhxh,reddit,"No Model Rotation when choosing outfits / weapons. This one shocks me and is something I imagine should be added in an update at some point. If you get to wear all these cool outfits, and equip all these cool weapons, it's surprising that they didn't implement the standard ""Right Stick to Rotate Model"" function in these respective menus. O.o",2025-04-30T03:19:37Z,2,SpyderZT,gaming,2025-05-26T06:45:21.708254Z
mpsat3z,1kawhxh,reddit,I hate having an abundance of abilities but only 6 skill slots. The game would seriously benefit from more skill slots. 8 seems like a reasonable number.,2025-04-30T04:09:50Z,2,HLDedication,gaming,2025-05-26T06:45:21.708256Z
mpzxpjt,1kawhxh,reddit,[deleted],2025-05-01T10:56:14Z,2,N/A,gaming,2025-05-26T06:45:21.708258Z
mq1bwf1,1kawhxh,reddit,"Whatever you'd called the equivalent of the social links so far for me have been a bit of a bummer. I'm relatively early in but so far they seem to start leading up to something interesting and then the  interesting thing happens but you don't see it.

Like the first one with Lune being essentially an interrogation. Why don't I get to see what questions she asks and what the answers are? Kind of killed it for me a bit.

I hope the future ones don't do the same thing.

Edit: They got better.",2025-05-01T15:48:43Z,2,RoguishlyHoward,gaming,2025-05-26T06:45:21.708260Z
mqcij5l,1kawhxh,reddit,"Hands down, the platforming sections are awful. It's just mechanically bad. The fact that those sections were optional, leading to secret areas/treasures, doesn't excuse it. Had any of them been required for the main story path, it would have made the game nearly unplayable. But they are ignorable, turning a glaring flaw into a few irritating moments in an otherwise brilliant game.",2025-05-03T10:02:21Z,2,Historical-Salad-606,gaming,2025-05-26T06:45:21.708262Z
mqij0zd,1kawhxh,reddit,"I am not big on the combat.  
I am a Gen X gamer who's gamed since Civ1, Elite, all the nineties' classics and upwards, shooters to strategy, and I've played plenty of turn-based. I now play on PC/KBM.  
I think three buttons for combat actions is sub-optimal, no matter how turnbased. It's too slow. I think the dodge/parry/jump controls are so frame-based, it takes away the remaining fun, and is also time-consuming for such small battles. ( I am thinking bigger hordes of enemies)  
I have just discovered the Gestral village, and I just left. I don't want to talk to every Gestral to see what's going on or if there's a quest to be had, so I left for the Gestral Beach and am now very much not enjoying the logs. Again, the frame control is just too tight.  
Right now, the game oddly reminds me of Dragon Age: Inquisition's Hinterlands - a big level where you're not sure what to do, and if you can skip parts to move the story along.  
The graphics, performance acting and the story so far are really good, though, so that's what's keeping me around. Also - I understand people may not share my opinion, which I think is fine by us all.",2025-05-04T10:22:13Z,2,MaximilianusZ,gaming,2025-05-26T06:45:21.708264Z
mqs4q7t,1kawhxh,reddit,"Most of the optional bosses are so stupid, every stage will always have a random Boss that is reused from somewhere that is comically stronger than the main Boss of the area. It's like, you face him, see that a party member got hitkilled on the first dodge you missed, then you roll your eyes. ",2025-05-05T21:46:19Z,2,Square_Instruction70,gaming,2025-05-26T06:45:21.708266Z
mr6peba,1kawhxh,reddit,"Late to the party but after about 15 hours.... I'm getting kind of bored with it. The turn based combat is becoming a bit stale to me and I find myself avoiding combat more and more as the game goes on. I've never been a fan of turn based combat so it tracks for me.

I also find the story interesting but not as gripping as other great games. I'm not sure why but it just isn't hitting for me. It's not capturing all of my attention.",2025-05-08T03:23:44Z,2,MahKa02,gaming,2025-05-26T06:45:21.708268Z
mr8dnzr,1kawhxh,reddit,"Award bait fart huffing, combat system, corridor ""exploration"" and most importantly to me - BOTH the combat and exploration in Avowed were miles better according to the same people but now no mention of it.


2/10, uninstalled. ",2025-05-08T12:16:52Z,2,bikeking8,gaming,2025-05-26T06:45:21.708270Z
msu67bj,1kawhxh,reddit,"Based on my 7 hours with the game: 
-Battle System, if you know how to parry what is the use of a turn based battle system?
- Pacing, nothing happens the first few hours
- The first village was such a letdown",2025-05-17T19:08:35Z,2,xenogears2,gaming,2025-05-26T06:45:21.708272Z
mpq3dyt,1kawhxh,reddit,"I stopped playing and uninstalled after I actually got to to the island.



It's odd because when I first started playing I was kinda annoyed by the idea that I had to talk to all these npcs and see these cutscenes before I could actually play the game but the characters were just endearing enough where I felt like they were telling a story worth paying attention to



By the time the expedition set out I was invested in their little struggle.



But yeah when it actually got to the island and play the actual game it just immediately stopped being fun.




Just run forward and kill whatevers in your way, with the ocassional cutscene here and there. Same old, same old.




Ya know when it comes to action games with good combat I dont mind because I'm only playing the game for the combat


Or if it's pokemon, I'm there to battle/collect pokemon, so yeah again I dont mind.



But I don't want have to play a whole rpg just to figure out what happens next in a movie.



It's been one of my core criticism of single player games for a while now, you're just killing things and waiting for the next cutscene.


So I uninstalled and decided if I actually care enough to finish the story I'll just watch it on youtube and save myself the slog of actually having to play a game.




If I want to play a really good turn based game I'll play Pokemon


If I want a really good story I'll watch a movie or read a book.




Would it be nice if both could exist in harmony? Yeah but this to me is not harmony 


This too me is a game that plays worst than the final fantasy XIII gameS, but has a better story.




I'm tired of playing games that make me feel like saying  ""alright, here we go again"" like I'm CJ from san andrease



Yay another SEWER LEVEL


Yay another climbing segmant! 


Yay another boss fight that's just some random creature that just hangs out here for some reason, has it been 30 minutes already? Wow time sure does fly when you're playing a game on autopilot!


You see the big glowing eyeball?! THATS THE WEAKSPOT!



Big glowing eye is the weakspot! You know just like they did for Zelda on the Nintendo 64


It was cool when they did that like almost 30 years ago so let's keep doing it over and over and over!



Who needs innovation and original ideas when you can just keep doing what already worked in the past.



Always new kids to peddle this stuff too so they're not gonna realize you've been making the same game for decades now",2025-04-29T20:39:22Z,6,Easy-Preparation-234,gaming,2025-05-26T06:45:21.708275Z
mppuz85,1kawhxh,reddit,Does not having a chance to play it yet count?,2025-04-29T19:59:32Z,3,FreddyForshadowing,gaming,2025-05-26T06:45:21.708277Z
mppoj4g,1kawhxh,reddit,"Im early on, but so far my only problem is with the over-world being blurry. I’m playing it on gamepass, so it may be an issue with Xbox and not the game itself.",2025-04-29T19:28:45Z,4,Rapscallion_Racoon,gaming,2025-05-26T06:45:21.708279Z
mppqb29,1kawhxh,reddit,The music can be a bit much. The  movement during exploration feels weird,2025-04-29T19:37:28Z,2,Senior_Potato6509,gaming,2025-05-26T06:45:21.708281Z
mryiolp,1kawhxh,reddit,"Let me start by saying I have disabilities—I’m autistic, have ADHD, and also dyspraxia. Dyspraxia is a motor coordination disorder, and it affects a lot of things for me: walking (I trip easily), running, tying my shoes, driving (didn’t get my license until I was 23), and more. I’ve had to work way harder than most people just to do things that come naturally to others. Motor timing, especially in video games, is one of my biggest challenges.

So when my husband said I should try this game because I’d like it, I was optimistic. I bought it on my PS5—and immediately ran into a wall. The dodging and parrying system, even on easy mode, is honestly awful. I usually can push through with a lot of effort, but this system just doesn’t work for me. I died to the tutorial boss because I couldn’t get the dodging down.

It’s frustrating because the game is beautiful and the story seems great, but the mechanics just aren’t accessible to people like me. I want to enjoy games like everyone else, but stuff like this makes me wish I didn’t have to fight my own body just to have fun.",2025-05-12T18:43:17Z,3,RockerRebecca24,gaming,2025-05-26T06:45:21.708283Z
mppnwr7,1kawhxh,reddit,"the menu UI makes it very unclear where your cursor is.  
The combat UI is also pretty uninspiring, especially since they took plenty inspiration from the Persona games. Now it shouldnt be as ""flashy"" but it honestly just look prototype-y.

I am not suuuper far, but so far the weapons mostly seem to be based on the same attributes, if they use a system like this, they could have really changed it up.",2025-04-29T19:25:44Z,3,nelflyn,gaming,2025-05-26T06:45:21.708285Z
mpq7mzd,1kawhxh,reddit,"I'd say the great part about being young is that everything is like a new experience to you. 



It doesn't matter if it's just the same old stuff sold year after year because it's your first time experiencing it and that makes it special.



Than as you get older you start to play more and more games that are doing it to. Now it's not your first time, it's like your 20th.


Ya know BOTW/TOTK aren't even on my top 3 list of Zelda's cuz Majora, Ocarina and Wind Waker already had that list on lock before it was announced. It's just another Zelda to me.




E33 isn't goated so why waste my time with it when there are better games I have yet to play?




I could be playing Chrono Trigger or Earthbound instead.




Why play a ""DECENT"" final fantasy game when I can just play one of the best final fantasy games that I actually have nostalgia for?",2025-04-29T20:59:30Z,2,Easy-Preparation-234,gaming,2025-05-26T06:45:21.708288Z
mppnm3r,1kawhxh,reddit,Coming back for answers later,2025-04-29T19:24:18Z,2,gratitudenplatitudes,gaming,2025-05-26T06:45:21.708290Z
mppui3a,1kawhxh,reddit,"Not a huge fan of the parry/dodge mechanic.  I'm having trouble parrying much of anything on normal difficulty, and easy seems to make everything way too easy.  

No mini map is a little frustrating.  I tend to get lost pretty easy.

Neither change the fact that it's still an amazing game.  So far my game of the year.",2025-04-29T19:57:18Z,2,Daltek691,gaming,2025-05-26T06:45:21.708292Z
mpppn8c,1kawhxh,reddit,The fact I haven't played it yet,2025-04-29T19:34:13Z,3,OnlyA5Wagyu,gaming,2025-05-26T06:45:21.708294Z
mpppyhh,1kawhxh,reddit,Soo far I love every damn thing. The music is God tier.,2025-04-29T19:35:45Z,2,Electrical-Clue759,gaming,2025-05-26T06:45:21.708296Z
mppoz7p,1kawhxh,reddit,I hate how good it is. I also hate that Lune isn't real.,2025-04-29T19:30:56Z,2,Possible-Emu-2913,gaming,2025-05-26T06:45:21.708298Z
mq42yun,1kawhxh,reddit,Also lume not having shoes,2025-05-02T00:12:16Z,1,Blacknite45,gaming,2025-05-26T06:45:21.708301Z
mqzzc08,1kawhxh,reddit,Well I just got to ending and made my choice but because both where in my team 1 I instantly get one shot by the one I didn't side with so that's interesting lol.,2025-05-07T02:27:00Z,1,Ill-Drag8307,gaming,2025-05-26T06:45:21.708303Z
mr6nfh1,1kawhxh,reddit,"I cant stand invisible walls, especially when games are supposed to have platforming elements. It makes the game feel gimmicky, tacky and contrarian. As someone who loves platforming, those invisible walls really ruin my experience and have been a big hindrance to me fully enjoying Clair Obscur thus far. Even though its not a great solution, I will always prefer running off the edge, fade to black and respawning to the closest land. 

  
As others have said, the platforming isn't good and definitely needs to be improved upon. However, I will always take \*any\* platforming over \*no\* platforming, as I think it adds an element to the game that you don't find in traditional-orientated RPG's. In addition (and admittedly nitpicky) to this, the platforming animations are also not good. Particularly when climbing up a ledge - it's the same animation every single time. Regardless of whether its a waist height ledge or something taller, it always looks like you're climbing up a small step. It looks silly. 

  
The general world movement is also too floaty in my opinion, and is a little too fast paced. I actually use a trainer for the sole purpose of reducing the running/walking/sprinting speed by 8% and it makes the world of difference. I know people love to get everywhere as quick as possible, but for me it's not worth it at the expense of looking and feeling stupid.",2025-05-08T03:10:21Z,1,iash91,gaming,2025-05-26T06:45:21.708305Z
mrhxr7v,1kawhxh,reddit,"Love the game overall 
Absolutely despise the free aim boss fights and spoilers ahead 




My boy Gustave being gone.",2025-05-09T22:40:57Z,1,FamousIndividual7306,gaming,2025-05-26T06:45:21.708307Z
mrpxinz,1kawhxh,reddit,"I want to start by saying that i do suck at games and it takes me a lot of time and effort to get good, so i value very highly what a game gives me back considering it's a time investment.
Also i haven't finished the game yet, i am mid act 2 and I'm not sure if i will finish it because right now playing it feels like a job and i don't vibe with having to force myself to consume a piece of media.


But yeah, these are my issues with it so far:
- parrying is a central mechanic, ok, but it makes all the fun things about turn based combat irrelevant, the synergies between characters have zero importance, strategy elements like exploiting enemies weaknesses have little to no reward. I guess it's my mistake for looking at this like a turn based rpg, when it is in fact a rhythm game
- once i have established that I don't like combat, the combats are soooo long and boring for me, i switched to story mode hoping they would be shorter but they are not shorter just easier and that makes them even more boring
- managing the pictos feels like a second job
- everything that is not the main plot feels completely disconnected, there are no real side quests tying the exploration to the main plot
- the extra areas are often just a room with a picto or some chroma lying there, why couldn't they have been integrated in the main path?
- the minigames are one of the most frustrating experiences of my life, and i know i know gitgud yadda yadda i certainly suck, but i usually love minigames and i don't mind redoing something several times until I'm good at it and yet this sucked all the joy from me and legitimately killed my drive to play and made me stop exploring 
- the plot started super strong with a bunch of depressed and mildly suicidal thirty somethings ready to save the world with the knowledge accumulated from 60 failed expeditions. A banging opening and i loved act 1. but then they hit me with the most unexpected twist: a teenager is the chosen one!! Groundbreaking
- the plot also loses cohesion after act 1, it becomes Verso telling you where to go and what to do and everybody following without questions or with the weakest questions ever in an awkward cut scene. Like Lune is a scientist, she's constantly scribbling away and collecting data from other expeditions, she should have put Verso through the grilling of a lifetime
- the core message of the game in act 1 is ""for those who come after"" and i feel it was entirely lost with the end of it. Nobody gives a fuck anymore about the next expedition, nobody mentions it, they completely lose track of what was supposed to be their core objective
- the more i play it the more i wish it was a movie 
- this one is purely a tantrum but: the enemies keep doing their combo even if the character is dead, i died on the second hit how many more times do you want to hit that corpse and i have to watch this pointless cutscene ",2025-05-11T08:33:34Z,1,Wise-Guitar-2915,gaming,2025-05-26T06:45:21.708310Z
mrx7fb2,1kawhxh,reddit,le jeux est absolument injouable avec le systeme de bloque et dodge qui est impossible a sortir. jai demandé un remboursement apres 65 minutes de jeux et c'est dommage car l'histoire et le gameplay a beaucoup de potentiel mais ils ont gaché tout ca avec un systeme de gameplay qui te fais mourrir en boucle jusqu'a ce que tu connaisse EXACTEMENT la frame parfaite pour dodge ou parrer. ce qui pour moi est juste une facon nul des developpeur pour prolonger un jeux qui ce finirais en 20h sinon,2025-05-12T14:52:30Z,1,Mammoth_Video_3006,gaming,2025-05-26T06:45:21.708312Z
msbnnzz,1kawhxh,reddit,"Great game, amazing game. But i found myself skipping over exploration elements after a while because it got tedious and felt unrewarding after a while",2025-05-14T19:25:46Z,1,Ozzieh_man,gaming,2025-05-26T06:45:21.708314Z
msxfhu0,1kawhxh,reddit,"i love the parry mechanics, but some attacks from enemies are not telegraphed well at all.",2025-05-18T09:18:42Z,1,gefeh,gaming,2025-05-26T06:45:21.708318Z
mt4tn1w,1kawhxh,reddit,"* **There is a lack of customization, whether it's for weapons, outfits, or hairstyles.**

Take weapons, for example. The only options are to either change them or level them up. There's nothing wrong with that, but it's very basic, especially if we consider the possibilities. For example, the game could create a relationship between weapons and pictos. Weapon A could be buffed if we use pictos X, and weapon B could be nerfed if we use pictos Y. Or we could change the element of weapon C if we use pictos Z.

The same goes for outfits. And not to mention, the choices are far too few. Some of them are just 'useless.' I'm not sure many people would pick a swimsuit/gestral outfit while battling Renoir. It is funny for sure, but it can't realistically be used since it would ruin the immersion.

1. **Our parry and dodge skills are far more decisive than our weapon or character skill builds.**

IMO, the beauty of a turn-based game is that you have to strategize to beat an opponent. You have to carefully build your party so it can tackle every challenge thrown at you. That's why choosing skills, elements, and weapons should be done very carefully, but it can also be very rewarding if done right.

For me, that's not the case with this game.  
No matter what your build is, if you can't dodge or parry, you will struggle.On the other hand, you can pick a random weapon as long as it has the highest level, and you can build your party aimlessly, but as long as you are good at dodging and parrying, you will thrive.   
  
To a certain point, this also makes me feel that focusing on a specific element or build is unnecessary. since you can beat anyone as long as you understand their attacking patterns well.",2025-05-19T15:12:19Z,1,Altruistic-Piccolo83,gaming,2025-05-26T06:45:21.708320Z
mt6ifpi,1kawhxh,reddit,"""Dodge-and-parry sad game"". I'm really disappointed I paid for it.",2025-05-19T20:11:31Z,1,Magic_Pie5,gaming,2025-05-26T06:45:21.708322Z
mtuccoj,1kawhxh,reddit,"Pour vraiment m’amuser sur le jeu, j’ai installé un mod pour augmenter de 30% la fenêtre de parade et d’esquives ",2025-05-23T14:38:14Z,1,Giallarhorn,gaming,2025-05-26T06:45:21.708324Z
mu0wmux,1kawhxh,reddit,I hated Lune,2025-05-24T15:45:06Z,1,Yam_Affectionate,gaming,2025-05-26T06:45:21.708326Z
mu5ty4j,1kawhxh,reddit,"When I play turn-based games, I’m looking for strategic gameplay and the discovery of team comps and builds. Playing Clair Obscur makes me feel like I’m just memorizing attack patterns to dodge or parry, which really kills the fun for me.",2025-05-25T12:32:46Z,1,Cheat4Code,gaming,2025-05-26T06:45:21.708329Z
mu7glqk,1kawhxh,reddit,"Duallistes, they aren't hard but their health pool is just obsurd",2025-05-25T17:46:38Z,1,turbobuddah,gaming,2025-05-26T06:45:21.708331Z
mu8wgdw,1kawhxh,reddit,The fact that I am constantly thinking about the Devs While Playing,2025-05-25T22:25:20Z,1,toxoplasmag,gaming,2025-05-26T06:45:21.708333Z
mppolks,1kawhxh,reddit,That I am on vacation in spain when it released,2025-04-29T19:29:05Z,0,Zealousideal_Dust_25,gaming,2025-05-26T06:45:21.708335Z
mppnray,1kawhxh,reddit,"Although the soundtrack is top notch, I wouldnt have minded a bit more in variety.",2025-04-29T19:25:00Z,1,Bare-baked-beans,gaming,2025-05-26T06:45:21.708338Z
mpppeqj,1kawhxh,reddit,"Maybe I missed something but it's very unclear to me how long I have left to fully complete a Pictos. I know that the icon for the pictos will get more colored in the more wins you have on your way to 4, but I feel like they could've just shown you something like ""2/4 wins"" on each pictos to make it more clear. One of my only gripes with the game though I've been having an absolutely phenomenal time playing",2025-04-29T19:33:04Z,1,IcyColdFyre,gaming,2025-05-26T06:45:21.708340Z
mrdg2rn,1kawhxh,reddit,The downvotes say alot lol no criticism consume and be happy 😭,2025-05-09T05:23:14Z,1,Faramir420,gaming,2025-05-26T06:45:21.708342Z
mrztfp0,1kawhxh,reddit,Mostly that I wanted each and every character to stop overacting and just shut up and die already. Every single cutscene and conversation is 3 hours longer than it needs to be. Empty world.,2025-05-12T22:44:29Z,1,ResponsiblePraline93,gaming,2025-05-26T06:45:21.708344Z
mppslgk,1kawhxh,reddit,"Level design is not great. It looks same everywhere but usually there's only one path to take. So you can get lost easily.

The combat can feel like parry or die sometimes - but tbh that's also the hook lol. Its a drug. You curse the game when you get hit and are close to dying, and then somehow manage to parry multiple attacks and win with a cool looking hit.

The story gets muddled late in the game. Still very good, but it made score it 9.5/10 or even 9/10 instead of 9.9/10. If the voice acting and dialogue and mocap weren't so good, I can easily see it being hated in the reviews. In fact, I can bet there will be posts on this sub about that once the spoiler period ends. However, everything else during the ending is so so good that even if I was not completely happy I got engrossed with the ending scene. It is philosophically great and I think is written well. But it could have been even better.

THAT DARNED VOLLEYBALL MINI-GAME. THE DEV WHO DESIGNED SHOULD BE PUNISHED TO PLAY IT FOR EACH PLAYER WHO PLAYED THE GAME.

The platforming mini-games are infuriating. But it is very doable and honestly kinda fun. I never played OnlyUp kinda games and I was sweating bullets when I was close to finishing the game. It is badly designed imo - but know that I might fall because of some bullshit made so much fun when I finished it lol.

In the last section, there are frame rate drops. I had to turn down the setting. In fact, I would say that late Act II and beyond the game is less optimized than before. But this is very minor.

\----

Overall, the game is genuinely great. It looking cool AF is only scratching the surface.",2025-04-29T19:48:23Z,0,No-Meringue5867,gaming,2025-05-26T06:45:21.708347Z
mppubbl,1kawhxh,reddit,"It should have been developed by more than one dev. I mean, the economy is tough, help some fellow devs out, geez. Maybe hire a QA team, a composer, etc.",2025-04-29T19:56:26Z,0,zimzalllabim,gaming,2025-05-26T06:45:21.708349Z
mppyb7e,1kawhxh,reddit,"Too short too small, arouse people but not enough to satisfy. Should have been elden ring size. Not enough lore.",2025-04-29T20:15:22Z,0,Mundane-Cabinet-7816,gaming,2025-05-26T06:45:21.708351Z
mq24bdt,1kawhxh,reddit,"THE LEVEL DESIGN!  Everything is amazing to the combat, story, characters, music, world, even the fucking voice acting is amazing. This game would be a homerun but the level design brings it down for me. It feels repetitive and dead ends are common. It feels like someone just made a straight line and made 1 or 2 branching paths with 1 item 1 enemy. The levels themselves look beautiful but playing them feels a bit boring at time. Still love the game 9/10 maybe even a 10/10 i havent finished yet",2025-05-01T18:06:19Z,0,Legal-Peak-842,gaming,2025-05-26T06:45:21.708353Z
mppq4vf,1kawhxh,reddit,"Nothing. It is perfect. 

Absolutely 100% perfect in every single way. It has zero flaws. None whatsoever.",2025-04-29T19:36:38Z,-6,The_Advocate07,gaming,2025-05-26T06:45:21.708355Z
mppujd7,1kawhxh,reddit,Turn base 😬😬😬,2025-04-29T19:57:29Z,-4,Icedvelvet,gaming,2025-05-26T06:45:21.708358Z
mqdhg5f,1kawhxh,reddit,"Nothing, it's perfect.",2025-05-03T14:16:39Z,0,HaveSomeBlade,gaming,2025-05-26T06:45:21.708360Z
mtzzdux,1kawhxh,reddit,"Game is nice as an adventure and exploration experience. Combat is utter trash to me, cause turn based gameplay is pure hore and boredom for me.Without trainer and oneshotting enemies, I do not imagine, I play this game. Wasting time running around without direction, is fun to some younger folks, but for me is crap. I am at act 2 and feel little bored, with all this „we are doomed, family, love you” It’s starting to be funny for me. Not a bad game, but too much artsy fartsy for my taste.",2025-05-24T12:36:29Z,0,Icy_Scientist_4322,gaming,2025-05-26T06:45:21.708362Z
mpqck8i,1kawhxh,reddit,Ugh....you're one of those ppl. Gross.,2025-04-29T21:23:55Z,-4,Bwhitt1,gaming,2025-05-26T06:45:21.708365Z
mpkql8f,1kaao2e,reddit,"The Rune Factory series is like exactly that. Dungeon crawls, monsters, various weapons and spells, but you also have a farm to manage and villagers to befriend and court.",2025-04-29T00:16:32Z,63,Gynthaeres,gaming,2025-05-26T06:45:23.180187Z
mpkq67f,1kaao2e,reddit,"My Time at Sandrock, if you haven’t played that yet.",2025-04-29T00:14:06Z,19,jumpmanryan,gaming,2025-05-26T06:45:23.180195Z
mpks99p,1kaao2e,reddit,Rune Factory and Harvestella,2025-04-29T00:26:19Z,16,NOBLExGAMER,gaming,2025-05-26T06:45:23.180201Z
mpkr1ge,1kaao2e,reddit,"Sounds to me like you’re describing Cult Of The Lamb, you might like that",2025-04-29T00:19:12Z,35,Big_Atmosphere_637,gaming,2025-05-26T06:45:23.180206Z
mpkq624,1kaao2e,reddit,Sun Haven maybe.,2025-04-29T00:14:04Z,9,JohnnyJayce,gaming,2025-05-26T06:45:23.180212Z
mpkqwfw,1kaao2e,reddit,"Mostly the OG's Stardew was based on

Rune Factory

Rune Factory 4 is a solid, has a very anime/chibi style but me and a friend enjoyed it.

There's a new one coming out end of next month that looks kind of like genshin and stuff graphics wise.",2025-04-29T00:18:22Z,10,mapletree23,gaming,2025-05-26T06:45:23.180217Z
mpkqo2y,1kaao2e,reddit,"Core keeper. Check it out, free on gamepass.",2025-04-29T00:17:00Z,16,skeptal,gaming,2025-05-26T06:45:23.180222Z
mpktl87,1kaao2e,reddit,"Few more in the same vein as Valheim (survival-crafters with building/farming/fighting but not much in the way of NPCs):

- Enshrouded
- Subnautica
- The Forest (I’d recommend the first one)

All are a lot more intense than Stardew Valley, but you did want more fighting. And all can be relatively chill with base building and farming (though Forest can be harder to get a base setup the enemies won’t wreck)",2025-04-29T00:34:04Z,11,Morwynd78,gaming,2025-05-26T06:45:23.180228Z
mpkrcey,1kaao2e,reddit,Cult of the Lamb,2025-04-29T00:20:58Z,4,X_Ender_X,gaming,2025-05-26T06:45:23.180233Z
mpkrn58,1kaao2e,reddit,Cult of the Lamb is great,2025-04-29T00:22:43Z,4,fuzzynavel34,gaming,2025-05-26T06:45:23.180239Z
mpksi8y,1kaao2e,reddit,Does Palworld count?,2025-04-29T00:27:44Z,4,Tactless_Ninja,gaming,2025-05-26T06:45:23.180244Z
mpkspfb,1kaao2e,reddit,"I enjoyed playing harvestella, its a jrpg with a farming together. The combat can feel a little shallow, but overall I had fun and the story was fairly well done.",2025-04-29T00:28:53Z,4,phoenixdown0,gaming,2025-05-26T06:45:23.180249Z
mpm2qps,1kaao2e,reddit,Sakuna: Of Rice and Ruin,2025-04-29T05:27:59Z,4,Volteezy,gaming,2025-05-26T06:45:23.180254Z
mpksxr5,1kaao2e,reddit,I think you’d love Medieval Dynasty.,2025-04-29T00:30:14Z,3,GlitchHappens,gaming,2025-05-26T06:45:23.180260Z
mpkrqif,1kaao2e,reddit,Core Keeper is a 9/10.,2025-04-29T00:23:16Z,6,EditedRed,gaming,2025-05-26T06:45:23.180265Z
mpkvtfu,1kaao2e,reddit,Check out harvestella!,2025-04-29T00:47:05Z,2,bstratt42,gaming,2025-05-26T06:45:23.180270Z
mpl5bh6,1kaao2e,reddit,"You might enjoy the sequel to My Time at Portia, My Time at Sandrock.",2025-04-29T01:43:05Z,2,hamadeyalook09,gaming,2025-05-26T06:45:23.180275Z
mplnrb9,1kaao2e,reddit,Its pixel art but necesse is basically stardew valley x terraria,2025-04-29T03:35:09Z,2,TheAlmightyLootius,gaming,2025-05-26T06:45:23.180281Z
mploc3g,1kaao2e,reddit,Rune factory for sure.,2025-04-29T03:39:04Z,2,Mizer18,gaming,2025-05-26T06:45:23.180286Z
mpnqvrc,1kaao2e,reddit,"Fantasy Life i is a ""slow life rpg"", it's like stardew valley but RPG",2025-04-29T13:51:14Z,2,Neorth26,gaming,2025-05-26T06:45:23.180291Z
mpo00j6,1kaao2e,reddit,"Elin, or its predecessor, Elona.",2025-04-29T14:37:54Z,2,fckshtstck,gaming,2025-05-26T06:45:23.180296Z
mpkq2fh,1kaao2e,reddit,Vallheim maybe? Not really a lot of NPC relationships but definitely has the building farming and fighting.,2025-04-29T00:13:29Z,3,N/A,gaming,2025-05-26T06:45:23.180301Z
mpkqpf2,1kaao2e,reddit,Rune Factory,2025-04-29T00:17:14Z,1,DeceptiJon,gaming,2025-05-26T06:45:23.180306Z
mpkrhqa,1kaao2e,reddit,Checkout Mirthwood!,2025-04-29T00:21:50Z,1,slimbo604,gaming,2025-05-26T06:45:23.180312Z
mpkuhg8,1kaao2e,reddit,No mans sky checks all your boxes.,2025-04-29T00:39:17Z,1,Slawth_x,gaming,2025-05-26T06:45:23.180317Z
mpkujw4,1kaao2e,reddit,ASKA,2025-04-29T00:39:41Z,1,Puzzleheaded-Plenty1,gaming,2025-05-26T06:45:23.180322Z
mpkw0od,1kaao2e,reddit,"Rune Factory series. Rune Factory 4’s my favorite, but it’s also the one I started with.",2025-04-29T00:48:15Z,1,_Fun_Employed_,gaming,2025-05-26T06:45:23.180327Z
mpkz8cr,1kaao2e,reddit,"Corekeeper is similar. It has extensive farming for cooking foods for combat buffs, and great combat. It doesn't have any of the marriage or relationship aspects of stardew though.",2025-04-29T01:07:07Z,1,Joesus056,gaming,2025-05-26T06:45:23.180333Z
mpl0pnc,1kaao2e,reddit,"Well, it's pixel, but if you want just a little more fighting but still feels like Stardew you could try out Sun Haven.",2025-04-29T01:15:52Z,1,Leviathansol,gaming,2025-05-26T06:45:23.180339Z
mpl1b81,1kaao2e,reddit,I would rather have the opposite. I want Stardew/Terraria/The new Runescape/Valheim but with ZERO combat.,2025-04-29T01:19:27Z,1,The_Advocate07,gaming,2025-05-26T06:45:23.180344Z
mpl1uqb,1kaao2e,reddit,Graveyard Keeper,2025-04-29T01:22:41Z,1,Lost-Adhesiveness-72,gaming,2025-05-26T06:45:23.180349Z
mpl2zsi,1kaao2e,reddit,Valheim?,2025-04-29T01:29:29Z,1,AHailofDrams,gaming,2025-05-26T06:45:23.180355Z
mplo5wp,1kaao2e,reddit,"Dinkum but no marriage

The start seems like you don’t fight at all, but once you get to spoilers you’ll understand.",2025-04-29T03:37:53Z,1,excluded,gaming,2025-05-26T06:45:23.180361Z
mplxntf,1kaao2e,reddit,Its pixel art but it's a great game: Core Keeper,2025-04-29T04:47:20Z,1,__dcd__,gaming,2025-05-26T06:45:23.180366Z
mpm4ca3,1kaao2e,reddit,"I know you said preferably no pixels but I’m  just gonna throw it out there. If you haven’t tried Terraria, it’s definitely worth a shot. Much more combat heavy but still has some of the other elements you are looking for. They are also still updating and polishing it.",2025-04-29T05:41:54Z,1,N/A,gaming,2025-05-26T06:45:23.180371Z
mpm74x1,1kaao2e,reddit,"Core Keeper

https://youtu.be/3un-nSYuURM?si=cdGDjrHAclpjPAba

Available on Steam and consoles.",2025-04-29T06:07:25Z,1,I_binge,gaming,2025-05-26T06:45:23.180376Z
mpm95lj,1kaao2e,reddit,"Don't starve? Very different in tone, but the mechanics are similar with growing stuff and so on, though you need shelter, food and weapons to survive.",2025-04-29T06:26:33Z,1,snajk138,gaming,2025-05-26T06:45:23.180381Z
mpm9jnj,1kaao2e,reddit,"You will enjoy the Dragon Quest Builders series. While not exactly what you're looking for, I think it has the most modern blend of what you want.",2025-04-29T06:30:20Z,1,N/A,gaming,2025-05-26T06:45:23.180387Z
mpmb2p4,1kaao2e,reddit,V Rising & Valheim,2025-04-29T06:45:15Z,1,Humdot,gaming,2025-05-26T06:45:23.180393Z
mpmh0nq,1kaao2e,reddit,"I really love Enshrouded. 
But when I played it for the first time, I felt a bit overwhelmed.🥲",2025-04-29T07:46:06Z,1,EGirlC4tcher,gaming,2025-05-26T06:45:23.180398Z
mpmhh3e,1kaao2e,reddit,"Schedule 1 is fun, but doesn’t include the fighting you requested. Still, highly recommend",2025-04-29T07:50:55Z,1,FeyMomo,gaming,2025-05-26T06:45:23.180404Z
mpmmcut,1kaao2e,reddit,"I'm surprised no one has recommended Kynseed. Its a 2 dev project, ex lionstudio devs (people who made Fable) created the same charm and aesthetic as the Fable series for this cool game. You should check it out! Its highly underrated.",2025-04-29T08:43:47Z,1,Spicynoodlez,gaming,2025-05-26T06:45:23.180410Z
mpmtl04,1kaao2e,reddit,Graveyard keeper,2025-04-29T10:00:25Z,1,elendil98,gaming,2025-05-26T06:45:23.180416Z
mpsz4iv,1kaao2e,reddit,"Well have you played My Time at Sandrock? It takes Portia and builds on it. I find the combat better, and more of it.",2025-04-30T07:47:14Z,1,Remarkable_Dust3450,gaming,2025-05-26T06:45:23.180421Z
mpt58hu,1kaao2e,reddit,Bastion maybe?,2025-04-30T08:53:02Z,1,ChipMercury,gaming,2025-05-26T06:45:23.180427Z
mqdbx5r,1kaao2e,reddit,Dinkum,2025-05-03T13:45:21Z,1,MH3ndr1ks,gaming,2025-05-26T06:45:23.180433Z
mpl114q,1kaao2e,reddit,Does Fallout 4 count? You can make a bunch of farm settlements and build up relationships with companions that fight with you. And don't forget to look for your son.,2025-04-29T01:17:47Z,1,Difficult-Pick4048,gaming,2025-05-26T06:45:23.180439Z
mpmypr5,1kaao2e,reddit,I haven't seen anyone recommend Sun Haven. It's a fantasy Stardew Valley.,2025-04-29T10:47:54Z,1,z0mbieDNA,gaming,2025-05-26T06:45:23.180444Z
mpkt04l,1kaao2e,reddit,"Valheim 3rd person with a lot more combat focused and bosses. Basically no NPCs though, and no relationships with NPCs. It’s a lot more of a gamers game within the similar genre.",2025-04-29T00:30:37Z,0,BrodyCanuck,gaming,2025-05-26T06:45:23.180450Z
mpkzz20,1kaao2e,reddit,"You are asking for something like pizza, but no dough, no tomato, no cheese.

Call of Duty also needs you to press buttons like in Stardew Valley, it has more figthing and is not pixels.",2025-04-29T01:11:31Z,-13,N/A,gaming,2025-05-26T06:45:23.180455Z
mpkxxd6,1kaao2e,reddit,"So it has to be like Stardew Valley except it should also not be anything like it? Stardew Valley's main identifying traits are the cozy, non-pressured gameplay and its pixel art style.",2025-04-29T00:59:24Z,-6,NMe84,gaming,2025-05-26T06:45:23.180461Z
mpl4649,1kaao2e,reddit,What,2025-04-29T01:36:28Z,-6,internetlad,gaming,2025-05-26T06:45:23.180466Z
mpkr08r,1kaao2e,reddit,Fortnite,2025-04-29T00:18:59Z,-9,HairyButterfly3299,gaming,2025-05-26T06:45:23.180472Z
mpjbsxi,1ka4ch7,reddit,"None of them have actual ‘good’ games on them.  They are all cheap knockoffs

You’ll need to find roms to use of them, assuming you know how to do so.",2025-04-28T19:40:44Z,13,hawk_ky,gaming,2025-05-26T06:45:24.083092Z
mpjiecf,1ka4ch7,reddit,"Go to r/sbcgaming 

There are a bunch of different emulator consoles, but usually are handhelds. If you want something to plug into the TV, then probably get a mini pc. 

For the games, none of the preloaded options are usually good. You'll need to buy a new sd card and load your own roms onto it.",2025-04-28T20:13:51Z,7,Butterlegs21,gaming,2025-05-26T06:45:24.083103Z
mpje5d0,1ka4ch7,reddit,"If you mean the chinese emulator thingies, lots of people get them I guess. There is a whole sub for the R36s.",2025-04-28T19:52:35Z,3,cardonator,gaming,2025-05-26T06:45:24.083111Z
mpjcr7b,1ka4ch7,reddit,"The only ""game box"" that is worth playing is The Orange Box.

It's basically Half Life 2, Portal 1, Team Fortress 2 in 1 bundle.",2025-04-28T19:45:33Z,7,Gardevoir_Best_Girl,gaming,2025-05-26T06:45:24.083119Z
mpjcruo,1ka4ch7,reddit,"Iirc Nintendo (or someone working with them) released some NES and SNES things and my dad has one. We fire it up after guests leave on holidays but it’s not worth the full price. Snag one on discount. 

If you’re wanting to JUST play the older games, just try an emulator. Most retro console emulators can run on a pacemaker being powered by a potato battery. There’s plenty of helpful YouTube tutorials.",2025-04-28T19:45:39Z,2,Frost5574,gaming,2025-05-26T06:45:24.083126Z
mpjk79s,1ka4ch7,reddit,"If you've got a specific model in mind, I suggest you look on Youtube for reviews as there are plenty on various retro gaming channels. In general however most of these machines can't emulate most consoles released after the PS1 or N64, although there are exceptions -- with some being able to emulate some newer consoles and some not even being able to emulate the PS1.

Alternatively, you could look into making your own emulation machine with an operating system like Batocera or Lakka, which are compatible with a wide variety of hardware platforms, such as old and new PCs, Raspberry Pis, etc. There are various setup and customization guides available online and you can even find disc images (complete with game ROMs) through Youtube chsnnels like DrewTalks.

You could also look at turning an old or cheap PC into a Steam machine with SteamOS or ChimeraOS, which you'd setup with emulators using a keyboard and mouse and then configure to work exclusively with a gamepad for a more console-like experience. The advantage to this approach is that you could also play less-demanding Steam games, provided they had full gamepad support, which in turn opens you up to the world of mods and even some free games. Again, there are various setup and customization guides available online to help you along your way.",2025-04-28T20:22:48Z,2,Hanzo_The_Ninja,gaming,2025-05-26T06:45:24.083135Z
mpk6ypj,1ka4ch7,reddit,"ive got a rasberry pi, bought my nephew a chinese one off ebay, both good tbh, but im currently using emulators on retroarch, if you can understand it , its very good",2025-04-28T22:24:09Z,1,IamNegan78,gaming,2025-05-26T06:45:24.083142Z
mpkhbgp,1ka4ch7,reddit,Youtube ETA Prime.,2025-04-28T23:23:18Z,1,PARANOIAH,gaming,2025-05-26T06:45:24.083150Z
mpkv87d,1ka4ch7,reddit,"You’d be way better off getting a retro handheld that you fill yourself, but I understand that’s a totally different thing if you aren’t into it. I’d recommend looking at the official ones like the NES and SNES and PS Classic editions.",2025-04-29T00:43:39Z,1,Eye_o_man,gaming,2025-05-26T06:45:24.083158Z
mpk83sm,1ka4ch7,reddit,Oh lord,2025-04-28T22:30:39Z,0,Routine-Duck6896,gaming,2025-05-26T06:45:24.083166Z
mpeurx6,1k9jv50,reddit,Counter strike 2 gives you the one and only achievement for playing a single game,2025-04-28T01:29:13Z,17,porkpapa,gaming,2025-05-26T06:45:25.108289Z
mpeup04,1k9jv50,reddit,Subnautica gives you an achievement for jumping into the water.,2025-04-28T01:28:42Z,11,finally_wintermuted,gaming,2025-05-26T06:45:25.108301Z
mpex5fn,1k9jv50,reddit,"Deadpool gives u 2 free trophies just for playing


""The first one is free""
""The second one is also free""",2025-04-28T01:43:51Z,8,StaticEchoX,gaming,2025-05-26T06:45:25.108309Z
mpeuvr8,1k9jv50,reddit,"Far cry 4, you can beat the game and get an achievement for not getting up when Pagan leaves the room in the beginning",2025-04-28T01:29:52Z,4,Papamoon0327,gaming,2025-05-26T06:45:25.108318Z
mpeuwl1,1k9jv50,reddit,"The Simpsons Game just press start gets you the achievement. 
https://www.trueachievements.com/a12965/press-start-to-play-achievement#554215",2025-04-28T01:30:00Z,4,Pepsiman34,gaming,2025-05-26T06:45:25.108330Z
mpev7nx,1k9jv50,reddit,"In Limbo, the ""Wrong Way"" achievement is unlocked by going left at the very start of the game instead of going right",2025-04-28T01:31:55Z,3,Tektite7,gaming,2025-05-26T06:45:25.108341Z
mpev8kb,1k9jv50,reddit,The Deadpool game gives you 2 during the opening cutscene.,2025-04-28T01:32:05Z,3,Werd616,gaming,2025-05-26T06:45:25.108348Z
mpew0z6,1k9jv50,reddit,This Is Dark Souls,2025-04-28T01:36:56Z,3,VulgarButFluent,gaming,2025-05-26T06:45:25.108356Z
mpevz9o,1k9jv50,reddit,Dark Souls and LOTF give you an achievement for dying,2025-04-28T01:36:39Z,2,Fresh-Form-8156,gaming,2025-05-26T06:45:25.108363Z
mpexw6t,1k9jv50,reddit,"Like the one you mentioned, Eat Lead has probably the easiest achievements. You do nothing and get achievements for it basically.",2025-04-28T01:48:26Z,2,OnceAliveTwiceGone,gaming,2025-05-26T06:45:25.108370Z
mpey9fc,1k9jv50,reddit,"I think the Stanley parable achievement for NOT playing the game for 5 years takes the cake?
Requires absolutely no input from the player 😂",2025-04-28T01:50:41Z,2,NothernNidhogg,gaming,2025-05-26T06:45:25.108378Z
mpeycnk,1k9jv50,reddit,"Evoland gives you an achievement for ""Press the left key"", which is the very first screen of the game.",2025-04-28T01:51:15Z,2,chogram,gaming,2025-05-26T06:45:25.108385Z
mpf4jvd,1k9jv50,reddit,"A lot of those achievements are there for data collection. For example, to see how many people bought the game and never opened it, or to see the most common breakpoints where players can't be assed to continue playing due to difficulty, disinterest or some other reason.

There are better ways to do it, but it's a good first pass.",2025-04-28T02:30:26Z,2,tortadehamon,gaming,2025-05-26T06:45:25.108393Z
mpf5og8,1k9jv50,reddit,Minecraft has a few,2025-04-28T02:37:49Z,2,Cuneye669,gaming,2025-05-26T06:45:25.108400Z
mpeyjoq,1k9jv50,reddit,Superman Returns gives you an achievement for entering in a cheat code.,2025-04-28T01:52:26Z,1,Blakelock82,gaming,2025-05-26T06:45:25.108407Z
mpez8hn,1k9jv50,reddit,Sea of thieves completing maiden voyage,2025-04-28T01:56:40Z,1,ReserveSensitive2940,gaming,2025-05-26T06:45:25.108415Z
mpgw46o,1k9jv50,reddit,Discover: *name of the location* (i.e. just move your character to the concerned area),2025-04-28T11:59:04Z,1,ConsequenceChoice222,gaming,2025-05-26T06:45:25.108423Z
mphq92v,1k9jv50,reddit,some games give you achievement just by press play the first time,2025-04-28T14:55:59Z,1,AdSpecialist7442,gaming,2025-05-26T06:45:25.108430Z
mpl5bmq,1k9jv50,reddit,"walk forward?  
press a button?",2025-04-29T01:43:07Z,1,djr7,gaming,2025-05-26T06:45:25.108438Z
mpewrq4,1k9jv50,reddit,All games have an achievement for completing the first quest or tutorial area,2025-04-28T01:41:30Z,-2,baddazoner,gaming,2025-05-26T06:45:25.108445Z
mpf0dp2,1k9jnig,reddit,[removed],2025-04-28T02:03:47Z,3,N/A,gaming,2025-05-26T06:45:26.128741Z
mpfunkz,1k9jnig,reddit,It's just that many developers prioritised graphics and that came at the cost of performance in many cases,2025-04-28T05:52:00Z,2,Fast_Passenger_2890,gaming,2025-05-26T06:45:26.128755Z
mpet4s1,1k9jnig,reddit,"It’s been a while but I don’t really remember any disruptive stuttering in those games. Is it possible your 360 is thermal throttling from age and/or dust build up? I’m also pretty sure CODs of the day did in fact run at 60, which was a big appeal back then. The maps are pretty small for the most part and especially in multiplayer, there’s not a whole lot of load on the CPU at all, so it was always smooth af. 

I could be totally wrong in my recollection, but I’m pretty sure that kind of stuttering was pretty rare for AAA titles on the 360 at the time. Just something to consider!

Edit: also something to look into is which specific model of 360 you have. There’s A BUNCH and some are way more prone to issue and failure than others. Wikipedia actually has a handy table with this exact stuff outlined if you’re curious.",2025-04-28T01:19:04Z,4,Kinetic93,gaming,2025-05-26T06:45:26.128763Z
mpewi5e,1k9jjas,reddit,"25 years ago was 2000; shareware was long dead by then.

It was replaced by demos.  If you want those to come back, then sure.",2025-04-28T01:39:53Z,11,SidewaysGiraffe,gaming,2025-05-26T06:45:27.154554Z
mpesich,1k9jjas,reddit,Demo goes directly against the normal practice of making games look pretty for screenshots above all. Your supposed to buy it based off that then realize it sucks after you spend your money.,2025-04-28T01:15:12Z,8,OrangeYawn,gaming,2025-05-26T06:45:27.154566Z
mpf287a,1k9jjas,reddit,Its out there dude,2025-04-28T02:15:29Z,2,Routine-Duck6896,gaming,2025-05-26T06:45:27.154574Z
mpfabz7,1k9jjas,reddit,"For me ""shareware"" is still a thing. If a game catches my interest then I download a free full version demo. If the game plays good for the first hour or so I will buy it full price or at a discount. EZ Peazy.",2025-04-28T03:08:52Z,2,N/A,gaming,2025-05-26T06:45:27.154581Z
mpesbmn,1k9jjas,reddit,"There are still tons of demos available, and there are regular ""free play"" events...",2025-04-28T01:14:01Z,3,arlondiluthel,gaming,2025-05-26T06:45:27.154589Z
mpetxlp,1k9jjas,reddit,"With how everything is digitized, there is no good reason to not have a demo for every game that comes out. 

Every single one.

I see not having a demo as a sign of laziness and a lack of faith in the product.",2025-04-28T01:24:01Z,3,Loud-mouthed_Schnook,gaming,2025-05-26T06:45:27.154597Z
mpesavy,1k9jjas,reddit,I'm not sure Steam support such system? I'm spoiled I don't want my game outside Steam nowadays.,2025-04-28T01:13:54Z,1,Jello_Penguin_2956,gaming,2025-05-26T06:45:27.154604Z
mpf3k3z,1k99dz7,reddit,Update: Got “Ori and the Blind Forest” $4.49 from a friends recommendation,2025-04-28T02:24:00Z,2,Indorapter128,gaming,2025-05-26T06:45:28.180591Z
mpcf065,1k99dz7,reddit,"You don’t have to spend on games, load it to your Microsoft account and buy something there also works",2025-04-27T17:30:19Z,1,a82320,gaming,2025-05-26T06:45:28.180603Z
mpcf1s3,1k99dz7,reddit,Do you only want to spend the 5 bucks? Or are you happy to spend more for a good game that meets your criteria??,2025-04-27T17:30:32Z,1,greywind721,gaming,2025-05-26T06:45:28.180611Z
mpd7obx,1k99dz7,reddit,Nobody wants to die looks interesting,2025-04-27T19:57:05Z,1,Cannibaljellybean,gaming,2025-05-26T06:45:28.180619Z
mpcg6da,1k99dz7,reddit,"Spiritfarer is $4.49 (85% off until 5/1/2025)


Stardew Valley is well liked, but it's $15",2025-04-27T17:36:02Z,1,TheophrastBombast,gaming,2025-05-26T06:45:28.180627Z
mpbhufv,1k94tv0,reddit,"As studios grow, the cost becomes less about what is being created and more about who is creating it. The pay (or cost) reflects this, and the price is based on reputation. 

Clair Obscur did what No Man's Sky wanted to do, as far as quality on release. The difference between the two, is that No Man's Sky had Sony backing it. As soon as they got their due date, their concerns about cost were their highest priority, due to the need for immediate profit to look good for the execs. Their situation was a microcosm of the instant widespread degradation that comes with corpos of every variety. 

Big studios come with big reputations, which require big paychecks. The actual quality of the game is further down on the list. It needs only enough to keep you engaged. 

A painter could spend their entire life on a masterpiece, their magnum opus, yet an unfortunately large amount of people would share the same first question: How much does it cost?

Art and money are in endless conflict with each other",2025-04-27T14:39:28Z,11,phequeue,gaming,2025-05-26T06:45:29.388579Z
mpbnq4p,1k94tv0,reddit,"Higher wages, bigger teams, and more regulations all increase costs.  So does scope creep.

I'd add, however, that it's not always ""bloated""; sometimes it's larger for perfectly good reasons- watch some gameplay footage of Wing Commander 2, and then some of Wing Commander 3, made just two years later.  3 was quite possibly the most (and certainly *one* of the most) expensive video games ever made at the time, with a planned budget of... $2.8 million.  It wound up costing almost twice that (and this was at a time when the most expensive games cost less than half), which in 2019 money would be about... $12 million.

But look at the difference, in gameplay and especially in cutscene quality; you can't deny it's bigger and (in production terms, at least) better.",2025-04-27T15:10:36Z,6,SidewaysGiraffe,gaming,2025-05-26T06:45:29.388583Z
mpbfsmv,1k94tv0,reddit,"This is an extremely complicated subject but to simplify this it comes down to scope and execution. 

Smaller indie projects are typically smaller in scope and complexity. This means that a few individuals can work on the game and its simple (relative) mechanics. Therefore making this game easier to execute. The downside is that these indie games are generally aimed to appeal to a niche market with certain expectations. Sometimes an indie game can have complicated mechanics but this is usually because it is trying to appeal a niche audience that likes this kind of complexity. 

Larger projects generally have a lot more complexity mixed in, and therefore more difficult to execute. For example a larger map, full voice acting, deadlines etc. However if done well it has broader mass market appeal which can be very lucrative. However large scope projects can easily go over budget due to unforseen complications, high expectations or scope creep. 

Once in a while we get exceptional indie games that appeal to a mass audience (for example Stardew Valley), which is made by one individual, which totally changes the benchmark of how we perceive indie games. But it's important to remember this is very rare and most indie games have much smaller/niche audiences.

Edit: also worth noting that mid-tier sized games/studios are a blend of both worlds. Think of a studio like Supergiant games, they have a certain way they make games and a core fan base. Those fans expect a certain kind of game from these studios but that doesn't mean they can't break the mold from time to time. Success from previous games means they can make their next games bigger and more ambitious and so on (think Bastion to Hades).",2025-04-27T14:28:18Z,8,MagicalWhisk,gaming,2025-05-26T06:45:29.388585Z
mpbep0k,1k94tv0,reddit,Alot of gaming companies are based in California. And when hiring programmers they're competeting for the same pool of workers as the big tech companies there. This means just wages alone they'll be paying more than a Japanese or Chinese dev.,2025-04-27T14:22:12Z,5,rip_cpu,gaming,2025-05-26T06:45:29.388587Z
mpbfs9i,1k94tv0,reddit,"Big public studios are part of big public companies. They have to deliver results to public investors, which means that they need games to do huge numbers at specific intervals.

For them, they would rather have buggy releases that hit targets and generate a ton of sales due to huge marketing budgets than to have a stable game with a much smaller budget do solid numbers.",2025-04-27T14:28:15Z,3,mq2thez,gaming,2025-05-26T06:45:29.388589Z
mpbrdz2,1k94tv0,reddit,"It is remarkable that games with relatively tiny teams and budgets are outperforming massive studios

Just look at AC shadows, veilguard, skull and bones, Concorde. Massive games, gigantic budgets, all underperforming or outright failures 

Relatively tiny studios with shoe string budgets are putting the big studios to shame. They’ve demonstrated to gamers that a game doesn’t need to be $80, they can deliver a better experience for less. The big studios don’t even seem to be learning from their mistakes, if anything they’ve been blaming their failures on their customers instead of looking in the mirror 

Games journalists aren’t helping by constantly licking the boots of the big studios giving them a pass and good reviews on terribly flawed games",2025-04-27T15:29:50Z,3,08148694,gaming,2025-05-26T06:45:29.388591Z
mpci5u4,1k94tv0,reddit,"Cost of labor is a huge input. 

But I don’t think you’re thinking right about the tax part. There are two numbers: one is what you actually spent on the game, and two is what you want the budget to be for tax purposes. You never want to deliberately bloat #1. Tax incentives can be generous but are almost never more than 100% of spend. So you don’t want to spend $100 more just to get $30 back. 

It’s true that #2 is subject to more “fishy stuff”. You have a full time staffer and if they’re a corporate employee you pay their whole salary. Whereas if they’re on a game, maybe you get 30% back as a tax credit. So you say they’re on the game when they’re not really. At large scale that’s fraud. But around the edges I’m sure it happens. 

But the important distinction is that people know #1 is the right number. Every company does some tax-related stuff. But they don’t use those numbers as reality. That’s why EBIT is used instead of net income to value companies - to avoid some of those distortions.",2025-04-27T17:45:41Z,1,The_Black_Adder_,gaming,2025-05-26T06:45:29.388593Z
mpdrrx5,1k94tv0,reddit,"Ubisoft is French. It's not a unique issue to American games.  

What it *is* is that AAA is *by definition* huge budget.  That's what makes a game AAA.  That includes marketing.  For every AAA there are dozens of smaller games that don't get the same marketing push but are still of high quality.",2025-04-27T21:41:32Z,1,aaronite,gaming,2025-05-26T06:45:29.388595Z
mpe0tfu,1k94tv0,reddit,"Simply put US studios are just throwing money at something and dont care about the quality. Also another thing with US in general its in a state where maximizing quarterly year profits is a thing. 

So Laying off a bunch of people to inflate the quarterly yearly profits to appease shareholders is a big in the USA right now.

Last of all the budget AAA devs use for marketing sometimes is more than these smaller studios spend to make there entire game marketing included",2025-04-27T22:31:11Z,1,Yaminoari,gaming,2025-05-26T06:45:29.388597Z
mpe2ah6,1k94tv0,reddit,"Budgets for the most part consist of paying people. The more people working on a project, the more it costs. Lowering the project budget means firing people, cutting their pay, both or finding ways to automate stuff so that the project takes less time to complete. US produced games have big budgets because we get paid like that. 


Now, there are most definitely layers of middle managers that are bloating up payroll costs that could stand to be removed and top level leadership could stand to have their pay reduced and reallocated to the lower tier employees.


Also, hiring devs as full time and not contract would help as then companies wouldn't be constantly in a state of learning their own systems because people would stay on to work the next project and bring that legacy knowledge with them. This is a huge problem everywhere.


This is just taking development costs into account, not marketing, overhead for facilities, IT etc cost of doing business",2025-04-27T22:39:03Z,1,bideodames,gaming,2025-05-26T06:45:29.388600Z
mpbsklb,1k94tv0,reddit,[removed],2025-04-27T15:35:54Z,2,N/A,gaming,2025-05-26T06:45:29.388602Z
mpbdmai,1k94tv0,reddit,Short answer: Dickheads in suits,2025-04-27T14:16:16Z,-2,FrogBiscuits,gaming,2025-05-26T06:45:29.388604Z
mpbihm4,1k94tv0,reddit,I wouldn't call it a success.,2025-04-27T14:42:55Z,-4,mturkA234,gaming,2025-05-26T06:45:29.388606Z
mpaispa,1k90sb6,reddit,Imagine if instead of GTA6 GTA5 Legendary Anniversary Edition will be released xD,2025-04-27T10:33:04Z,2,Elemetalist,gaming,2025-05-26T06:45:30.326170Z
mpaqgri,1k90sb6,reddit,you own the enhanced edition by owning the original one,2025-04-27T11:41:42Z,2,AlexRaEU,gaming,2025-05-26T06:45:30.326181Z
mph4peh,1k90sb6,reddit,They gave that away sometime after the pandemic started. I claimed it but never actually downloaded it.,2025-04-28T12:56:31Z,2,Difficult-Pick4048,gaming,2025-05-26T06:45:30.326188Z
mpakc3n,1k90sb6,reddit,Nice,2025-04-27T10:47:50Z,1,ComplexWrangler1346,gaming,2025-05-26T06:45:30.326196Z
mpbeelw,1k90sb6,reddit,Im just wondering why someone would still want to play this lame ass game?,2025-04-27T14:20:36Z,-4,BeIiel,gaming,2025-05-26T06:45:30.326202Z
mp3uyt5,1k86lzx,reddit,This questline and A Brush With Death really single-handedly hold up Oblivion's reputation for having good sidequests. Just an absolute blast,2025-04-26T06:40:51Z,3,cybreco,gaming,2025-05-26T06:45:31.351243Z
mp48mwr,1k86lzx,reddit,"Does ~ ""tfc"" not work in this one?",2025-04-26T08:55:55Z,2,10ea,gaming,2025-05-26T06:45:31.351254Z
mp6f3rj,1k86lzx,reddit,"Do... do you not have a screenshot function?  The ""prntscrn"" button exists for a reason...",2025-04-26T17:31:29Z,0,SidewaysGiraffe,gaming,2025-05-26T06:45:31.351263Z
mu801ym,1kvarcf,reddit,Nice day for fishing! Hyuh huch,2025-05-25T19:27:26Z,17,docharakelso,gaming,2025-05-26T06:45:32.499989Z
mu80w76,1kvarcf,reddit,"Fishing allows you to take a break from the game while still playing the game. You can still enjoy the art, music and environment, but without the mental load from doing quests, fighting, timing dodges or managing resources. 

It's great, especially if it's a beautiful game but you had to work/study all day and your brain is completely fried, and you want to escape but not to think too much. 

I am a big fan of fishing in games as well. I really don't see why there's people who dislike it. Most of the time, if you don't like it, you can just never fish, and you won't be punished for it.",2025-05-25T19:31:57Z,8,NhecotickdurMaster,gaming,2025-05-26T06:45:32.499993Z
mu8306h,1kvarcf,reddit,"Sonic Adventure???

#FROGGY",2025-05-25T19:43:14Z,6,slothxaxmatic,gaming,2025-05-26T06:45:32.499996Z
mu81rdu,1kvarcf,reddit,Add No Man's Sky to that list,2025-05-25T19:36:32Z,3,_Einveru_,gaming,2025-05-26T06:45:32.499998Z
mu81rlk,1kvarcf,reddit,"Strangely though if your game is fishing I won't play it. Fishing is a nice treat, not the main course.",2025-05-25T19:36:34Z,3,Random_Emolga,gaming,2025-05-26T06:45:32.500001Z
mu82416,1kvarcf,reddit,Sea of thieves!,2025-05-25T19:38:27Z,3,Slambrah,gaming,2025-05-26T06:45:32.500003Z
mu81ewz,1kvarcf,reddit,Stellar blade. Skyrim.,2025-05-25T19:34:42Z,2,FredFredBurger6,gaming,2025-05-26T06:45:32.500006Z
mu81hva,1kvarcf,reddit,Sonic frontiers?,2025-05-25T19:35:07Z,2,mysterylemon,gaming,2025-05-26T06:45:32.500008Z
mu81scn,1kvarcf,reddit,Yakuza 0 ,2025-05-25T19:36:41Z,2,AssistantActive9529,gaming,2025-05-26T06:45:32.500010Z
mu82aah,1kvarcf,reddit,"I see Okami is missing from your list.  

Wait, you can fish in FO76 now‽",2025-05-25T19:39:22Z,2,Jackalodeath,gaming,2025-05-26T06:45:32.500013Z
mu84l5o,1kvarcf,reddit,Monster Hunter Wilds,2025-05-25T19:51:31Z,2,Null_Singularity_0,gaming,2025-05-26T06:45:32.500015Z
mu84nox,1kvarcf,reddit,World of Warcraft,2025-05-25T19:51:53Z,2,hutchzillious,gaming,2025-05-26T06:45:32.500018Z
mu8jwxo,1kvarcf,reddit,Warframe?,2025-05-25T21:13:11Z,2,Shift-1,gaming,2025-05-26T06:45:32.500020Z
mu80ir7,1kvarcf,reddit,Did you consider real life fishing?,2025-05-25T19:29:57Z,2,Comfortable_Lion2619,gaming,2025-05-26T06:45:32.500023Z
mu81tkv,1kvarcf,reddit,I used to love doing fishing in Runescape when I worked on homework. Same with any of the gathering skills.,2025-05-25T19:36:52Z,1,Makototoko,gaming,2025-05-26T06:45:32.500025Z
mu81vud,1kvarcf,reddit,Dark Cloud,2025-05-25T19:37:12Z,1,MrPrickyy,gaming,2025-05-26T06:45:32.500028Z
mu82jiq,1kvarcf,reddit,Dark Cloud 2!,2025-05-25T19:40:46Z,1,Narcissista,gaming,2025-05-26T06:45:32.500030Z
mu82lm0,1kvarcf,reddit,"You Sir, are a fish!",2025-05-25T19:41:05Z,1,Inkpendude,gaming,2025-05-26T06:45:32.500033Z
mu82ngb,1kvarcf,reddit,Ruined King also has a decent minigame,2025-05-25T19:41:21Z,1,Derek_Goodwin,gaming,2025-05-26T06:45:32.500035Z
mu82r6u,1kvarcf,reddit,Toontown.,2025-05-25T19:41:55Z,1,lemmylaroche,gaming,2025-05-26T06:45:32.500038Z
mu82vvc,1kvarcf,reddit,Crashlands 2! Trust me,2025-05-25T19:42:37Z,1,Dongledoez,gaming,2025-05-26T06:45:32.500040Z
mu82yqm,1kvarcf,reddit,Palia!,2025-05-25T19:43:02Z,1,Corposjuh,gaming,2025-05-26T06:45:32.500043Z
mu83gra,1kvarcf,reddit,Tales of Arise! Breath of Fire 4!,2025-05-25T19:45:42Z,1,mmmspaghettios,gaming,2025-05-26T06:45:32.500045Z
mu83jsv,1kvarcf,reddit,RDR2,2025-05-25T19:46:10Z,1,pratticus12,gaming,2025-05-26T06:45:32.500048Z
mu83l37,1kvarcf,reddit,"Everybody's Golf

Red Dead Redemption 2",2025-05-25T19:46:21Z,1,PaulEMoz,gaming,2025-05-26T06:45:32.500050Z
mu84167,1kvarcf,reddit,Monster Hunter Wilds has deceptively complex fishing!,2025-05-25T19:48:39Z,1,MrKrydan,gaming,2025-05-26T06:45:32.500052Z
mu85ykh,1kvarcf,reddit,No mention of Breath of Fire 3 the world's greatest fishing game? I am so disappointed in all of you. There is also a really good 50 hour JRPG in there somewhere too.,2025-05-25T19:58:46Z,1,Forsaken-Dog4902,gaming,2025-05-26T06:45:32.500055Z
mu86yis,1kvarcf,reddit,Lotro has fishing with trophies to put in your house,2025-05-25T20:04:06Z,1,Wrench-Turnbolt,gaming,2025-05-26T06:45:32.500057Z
mu8925z,1kvarcf,reddit,"You need to get Fantasy life /fantasy life I then, whole career in fishing.",2025-05-25T20:15:18Z,1,Elydir-Marrok,gaming,2025-05-26T06:45:32.500060Z
mu89597,1kvarcf,reddit,"Terraria, WoW and my favourite fishing game of all time Sega Bass Fishing",2025-05-25T20:15:45Z,1,AlternativesEnde,gaming,2025-05-26T06:45:32.500062Z
mu8aoh4,1kvarcf,reddit,"Albion Online

Elder Scrolls Online",2025-05-25T20:24:00Z,1,c4t4ly5t,gaming,2025-05-26T06:45:32.500065Z
mu8atsp,1kvarcf,reddit,"It's auto +1/10 score for me too

I just bought ""Tainted Grail: The Fall of Avalon"" and I was surprised it has fishing. It's great.",2025-05-25T20:24:47Z,1,Asperyules,gaming,2025-05-26T06:45:32.500068Z
mu8aylj,1kvarcf,reddit,"They just came out with a Steam game that allows you to fish on your desktop .

It has rare fish and achievements I think.


Forget the name but you will like it OP",2025-05-25T20:25:30Z,1,BallOfPuss,gaming,2025-05-26T06:45:32.500072Z
mu8b68d,1kvarcf,reddit,"Just watched a friend stream Tinker Lands. It's like if Terraria was explained to someone who's only ever played Stardew Valley 


The fishing is like Stardew, in fact, except it's 2 dimensions to have your lure chase the fish.",2025-05-25T20:26:37Z,1,joestaff,gaming,2025-05-26T06:45:32.500075Z
mu8bjf4,1kvarcf,reddit,Oblivion has fishing... it's just more *ahem* hands on.,2025-05-25T20:28:35Z,1,OblivionJunkie,gaming,2025-05-26T06:45:32.500078Z
mu8cg6v,1kvarcf,reddit,Sea of Thieves is great with Safer Seas.,2025-05-25T20:33:25Z,1,Felixstrauss73,gaming,2025-05-26T06:45:32.500080Z
mu8ct57,1kvarcf,reddit,Core Keeper,2025-05-25T20:35:17Z,1,TonyPanik,gaming,2025-05-26T06:45:32.500083Z
mu8df6j,1kvarcf,reddit,"i wish i liked the red dead 2 fishing minigame more. it's such a fun game, but the fishing just doesn't really relax me.",2025-05-25T20:38:29Z,1,silly-trans-cat,gaming,2025-05-26T06:45:32.500085Z
mu8dfq7,1kvarcf,reddit,Final fantasy 11 fishing was as close to RL fishing for me as it gets. Takes years to get lvl 99.,2025-05-25T20:38:34Z,1,Stivo887,gaming,2025-05-26T06:45:32.500088Z
mu8fbkx,1kvarcf,reddit,Starbound. Lots of different kinds of fish to collect from different planet types. Eat them or sell them :),2025-05-25T20:48:28Z,1,Pockysocks,gaming,2025-05-26T06:45:32.500091Z
mu8vtp5,1kvarcf,reddit,Shoutout to young me spending an unreasonable amount of time on the Ocarina of Time fishing mini game.,2025-05-25T22:21:31Z,1,DumbFuckYsoh,gaming,2025-05-26T06:45:32.500094Z
mu8wm6v,1kvarcf,reddit,Basically every single JRPG for the past 10-15 years...,2025-05-25T22:26:18Z,1,thewalkindude368,gaming,2025-05-26T06:45:32.500096Z
mu994uo,1kvarcf,reddit,Okay I will make a fishing game.,2025-05-25T23:42:59Z,1,GamesationalYT,gaming,2025-05-26T06:45:32.500099Z
mu9lwwl,1kvarcf,reddit,"I think GTA 6 will have fishing in it, as well as every other activity in the world.",2025-05-26T01:02:22Z,1,Strict-Pizza-9524,gaming,2025-05-26T06:45:32.500102Z
mu811el,1kvarcf,reddit,The neat thing about fishing is that you can do it in real life!,2025-05-25T19:32:43Z,0,Reynard203,gaming,2025-05-26T06:45:32.500105Z
mu7wfce,1kva6ru,reddit,"I could easily list a dozen JRPGs, but I'll go with SSX Tricky and Metal Gear Solid 2. The complete series for both franchises actually, as both have highly diverse tracks that change in real-time according to what's going on in the game. Also, Rhazel (SSX Tricky) and Henry Gregson-Williams (MGS2).",2025-05-25T19:08:17Z,3,Candle-Jolly,gaming,2025-05-26T06:45:33.503783Z
mu7vl1a,1kva6ru,reddit,"Ssx3's soundtrack took remixes of licensed songs, remixed them again, and then tailored all of them to react to the state of the rider, the location in the world, things happening around you, etc.  I don't think any OST can possibly compare, objectively, considering how groundbreaking and influencial it was from a technical pov.",2025-05-25T19:03:48Z,5,Ebolatastic,gaming,2025-05-26T06:45:33.503795Z
mu7vtot,1kva6ru,reddit,"Not sure if this fits your definition of complex OST but I've always liked how Nier: Automata split their songs into different tracks so the vocals fade in/put depending on where you're going and so do drums sometimes. But it all is one continuous track. They do the same thing with 9S hacking mode, the song that's currently playing gets morphed into an 8-bit track and then back into the main track. It's very cool to listen to.",2025-05-25T19:05:04Z,5,ExpendableBear,gaming,2025-05-26T06:45:33.503803Z
mu8qpb1,1kva6ru,reddit,"FF7 rebirth has 400 songs covering just about every genre of music, with many of them having battle versions since the music seamlessly weaves between overworld and battle music as you enter and leave combat, and for a number of the songs they help tell the story of whatever scene is being played. They actually use their music to hint and allude to certain story elements, like with lifeclinger (avoiding saying the rest of the name for spoilers) and many songs are timed perfectly with the cutscene to have the music play a big part at exactly the right time something happens in a cutscene.",2025-05-25T21:51:29Z,2,Iggy_Slayer,gaming,2025-05-26T06:45:33.503811Z
mu7wpbt,1kva6ru,reddit,"Mother 3's gameplay lets you hit follow up attacks if you press A along with the beat of the song.

This means that there are songs with weird time signatures or songs that outright skip a beat if the song is a variant.",2025-05-25T19:09:46Z,1,ein_h,gaming,2025-05-26T06:45:33.503819Z
mu7xl79,1kva6ru,reddit,Doom eternal's OST,2025-05-25T19:14:26Z,1,ziostraccette,gaming,2025-05-26T06:45:33.503826Z
mu7xs4b,1kva6ru,reddit,"No man's sky, horizon Forbidden West",2025-05-25T19:15:27Z,1,RafaDarko815,gaming,2025-05-26T06:45:33.503834Z
mu7y0qi,1kva6ru,reddit,"Not a particularly popular game, but ""The Cat Lady"" has a surprisingly deep and emotional soundtrack (most of which comes from the developer's brother).",2025-05-25T19:16:41Z,1,platinumarks,gaming,2025-05-26T06:45:33.503841Z
mu81xa7,1kva6ru,reddit,"Besides games like Patapon where the music is basically inflicted by your actions, I have to shout out Xenoblade Chronicles 3’s dynamic music. 

Not only does the music have a role to play in the plot, [but the flutes the two protagonists play having](https://youtu.be/MxV1-pxjWtk?si=VdCcki8IQW599zzx&t=20s) a custom made irl replica that both produce a sound unique to them alone. They synced up the animations every time they play the flutes exactly to the how the irl flautists played it. So I always found that pretty impressive because of how often they play the flutes.

The other part is the dynamic music itself. In general it’s just based on health gating which is pretty standard for games with dynamic music but it’s pretty impressive on how they get it to flow if say if you go through [3 different gates quickly](https://youtu.be/s-zS3L90UKA?si=GF3vB6_2MUZZ1Oo5&t=25m19s) or something.",2025-05-25T19:37:25Z,1,PalpitationTop611,gaming,2025-05-26T06:45:33.503849Z
mu8a9c4,1kva6ru,reddit,"Final Fantasy IX, the Touhou games maybe",2025-05-25T20:21:44Z,1,SquirrelSanctuary,gaming,2025-05-26T06:45:33.503856Z
mu8e32g,1kva6ru,reddit,"i know the newer doom games have reactive soundtracks, but i really like the way payday 2 handled things. there's different versions of every song based on the phase of the police assault. there's one for stealth, the build phase, the assault itself, the fade, and the downtime in between waves as far as i'm aware. it's probably my favorite game ost",2025-05-25T20:41:59Z,1,silly-trans-cat,gaming,2025-05-26T06:45:33.503864Z
mu7ybqt,1kva6ru,reddit,"Luftrausers has an interesting soundtrack. The game is pretty straight forward. You're flying around in a plane shooting down enemies. You can select your hull, engine and weapon. Each hull, engine and weapon has their own ""soundtrack"" that can be mixed with all the others. I forget exactly how it works but I believe it was something like - weapon determines the melody, engine determines percussion, hull determines bass.

What makes it even more interesting is that all the individual music tracks are in a folder. If you wanted to, you could replace them all and make your own mix and match soundtrack.",2025-05-25T19:18:17Z,1,Zealousideal_Cup416,gaming,2025-05-26T06:45:33.503871Z
mu7welv,1kva6ru,reddit,Osrs,2025-05-25T19:08:11Z,0,gonedelicate,gaming,2025-05-26T06:45:33.503879Z
mttrp9p,1ktin64,reddit,Billionaires,2025-05-23T12:49:37Z,46,CareBearCartel,gaming,2025-05-26T06:45:34.632716Z
mttvkft,1ktin64,reddit,"Emet Selch Final Fantasy 14 Shadowbringers, Shows up out of nowhere, hams things up for levity in a heavy story and so he can entertain himself, humanizes the big bad evil group, and recontextualizes much of the lore and story as well as using his powers to foreshadow the threats to come.",2025-05-23T13:11:34Z,15,Ursano,gaming,2025-05-26T06:45:34.632737Z
mttrjjo,1ktin64,reddit,Vaas from Far Cry 3. He was way more interesting than Hoyt,2025-05-23T12:48:44Z,14,Broely92,gaming,2025-05-26T06:45:34.632746Z
mttwrzt,1ktin64,reddit,Gaunter O'Dimm (The Witcher 3),2025-05-23T13:18:16Z,13,VikingMtl,gaming,2025-05-26T06:45:34.632753Z
mttr7vu,1ktin64,reddit,Subscription game services,2025-05-23T12:46:53Z,34,anonerble,gaming,2025-05-26T06:45:34.632761Z
mttrapm,1ktin64,reddit,The proper answer is Handsome Jack btw,2025-05-23T12:47:20Z,26,UnsorryCanadian,gaming,2025-05-26T06:45:34.632768Z
mtttqsd,1ktin64,reddit,"Micah Bell is a good choice.

Im going with Joseph Seed.
While the game wasn't the strongest, he was a great villain.",2025-05-23T13:01:15Z,6,Galion-X,gaming,2025-05-26T06:45:34.632776Z
mttvsik,1ktin64,reddit,Emet-Selch in final fantasy xiv. I will always remember him.,2025-05-23T13:12:49Z,7,llStonesll,gaming,2025-05-26T06:45:34.632783Z
mttwsfo,1ktin64,reddit,Gaunter O'Dimm aka G.O.D,2025-05-23T13:18:20Z,6,Former-Fix4842,gaming,2025-05-26T06:45:34.632790Z
mtu44d8,1ktin64,reddit,"Using your example from Persona 5, I find Takuto Maruki (from Royal) to be a brilliantly written villain. His arc is amazing and emotional, and the way he simply won't give up his beliefs even when faced with impossible odds is inspiring. I feel he genuinely wanted to make the world better, he just chose a very morally gray way of doing so.",2025-05-23T13:57:29Z,4,TrueDannemann,gaming,2025-05-26T06:45:34.632798Z
mttukq6,1ktin64,reddit,Definitely handsome Jack,2025-05-23T13:06:01Z,3,RicKyyy212,gaming,2025-05-26T06:45:34.632805Z
mttzfmm,1ktin64,reddit,"Hmmm....Leshy from Inscryption.

If you know, you know.",2025-05-23T13:32:49Z,3,Ameph,gaming,2025-05-26T06:45:34.632815Z
mttthtg,1ktin64,reddit,"Louis Guiabern from ReFantazio. The closest we've come to a Scenery chewing large ham like Sephiroth in Years, he carries an already excellent game on his shoulders.

Willingly letting someone attempt to assassinate you because you would only die if you were weak is incredible Villain shit, 10/10",2025-05-23T12:59:49Z,5,traumac4e,gaming,2025-05-26T06:45:34.632823Z
mtu35iz,1ktin64,reddit,The sorrow from FF14 and the indifference from Warframe very similar in concept of cosmic horror mindfucks praying on base human emotions.,2025-05-23T13:52:31Z,2,Brandruid,gaming,2025-05-26T06:45:34.632830Z
mttrwve,1ktin64,reddit,"To follow up on RDR, Edgar Ross in RDR1 was also a great villain to me. I felt like in some way he was right to get rid of the outlaws in the country, but the methods he used to do it (trying not to spoil for anyone who hasn't played) really made you hate him so much.",2025-05-23T12:50:49Z,2,PixelPiso,gaming,2025-05-26T06:45:34.632838Z
mttw1rj,1ktin64,reddit,Louis from Metaphor.,2025-05-23T13:14:15Z,2,Zard91,gaming,2025-05-26T06:45:34.632845Z
mttwc3y,1ktin64,reddit,"1. Malenia (Elden Ring)
2. Baldur (GOW 2018)
3. Gaunter O’Dimm (Witcher 3)
4. Alduin (Skyrim)
5. Ardyn (Final Fantasy XV)
6. Adam and Eve (NieR: Automata)
7. Gwyn (Dark Souls)
8. Lady D (Resident Evil Village)
9. Maruki (Persona 5 Royal)
10. Asriel (Undertale)",2025-05-23T13:15:49Z,2,smolpeter,gaming,2025-05-26T06:45:34.632853Z
mtts01w,1ktin64,reddit,Brevon,2025-05-23T12:51:19Z,1,Fplayz234,gaming,2025-05-26T06:45:34.632860Z
mtu1bs2,1ktin64,reddit,"As someone said before. Louis from metaphor refantazio is the closest we were from getting another villain as good as sephiroth. Some people would debate he's as good or even better and I wouldn't discuss because he truly was a fantastic antagonist, one of the best I've seen in years",2025-05-23T13:42:57Z,1,oreos324,gaming,2025-05-26T06:45:34.632868Z
mtu6og3,1ktin64,reddit,Albert Wesker from the Resident Evil series.  He just keeps coming back.,2025-05-23T14:10:35Z,1,Takumi2x,gaming,2025-05-26T06:45:34.632876Z
mtu9hvx,1ktin64,reddit,"Lot of the characters were very memorable, and very interesting to me from Wrath of the Righteous:

Areelu Vorlesh

Minagho

Camellia

Wenduag


Each was very compelling on their own way without being a cliche or repeating stale stereotypes. I guess it's not that common to see women chasing their own goals that are also more than one dimensional.",2025-05-23T14:24:28Z,1,human_bean_,gaming,2025-05-26T06:45:34.632883Z
mtx77yv,1ktin64,reddit,Just Monika,2025-05-23T23:16:59Z,1,evagneline,gaming,2025-05-26T06:45:34.632890Z
mu0jspb,1ktin64,reddit,Ea,2025-05-24T14:37:53Z,1,ComprehensiveArt7725,gaming,2025-05-26T06:45:34.632901Z
mu129mj,1ktin64,reddit,Bro Ludwig the Accursed. He was tough as hell. Definitely one of the best bosses in soulsborne games.,2025-05-24T16:15:02Z,1,JEETMOLANKAR,gaming,2025-05-26T06:45:34.632909Z
mtttusw,1ktin64,reddit,"Best answers so far: 


Billionaires 

Microtransactions

Subscription service games",2025-05-23T13:01:54Z,0,Electricpants,gaming,2025-05-26T06:45:34.632917Z
mttr6bp,1ktin64,reddit,You listed Liquid Snake but not Ocelot or Big Boss? Liquid was just a pawn of the Patriots,2025-05-23T12:46:39Z,0,UnsorryCanadian,gaming,2025-05-26T06:45:34.632924Z
mttytlp,1ktin64,reddit,"If we were in 2010, we wouldn't call recent history to games released after 1995

I think it should be only the last 5 years",2025-05-23T13:29:27Z,-1,Secret_Opinion7762,gaming,2025-05-26T06:45:34.632932Z
mtu0ec6,1ktin64,reddit,"I'm kind of realizing that there aren't thst many truly great or memorable villains. 

Not that I've played every game ever lol",2025-05-23T13:38:01Z,-1,armchairwarrior42069,gaming,2025-05-26T06:45:34.632939Z
mttutm3,1ktin64,reddit,Star wars battlefront 3 needs to be made,2025-05-23T13:07:25Z,-5,agk927,gaming,2025-05-26T06:45:34.632947Z
mtr37hg,1kt5nkc,reddit,"Shalon monks, deception, mk9, mkx, mk11, and mk1 are all worth playing imo.",2025-05-23T00:26:37Z,4,FredFredBurger6,gaming,2025-05-26T06:45:35.653638Z
mtr86ap,1kt5nkc,reddit,"I see people are mistaken your question. Anyways, I'd start from MK9 and go from there. If you want to go straight to the most recent ones/best graphics pick MK11, that's peak Mortal Kombat for most fans.",2025-05-23T00:56:26Z,3,TheNightBot,gaming,2025-05-26T06:45:35.653652Z
mtr93r9,1kt5nkc,reddit,"The newer ones, 9, 10, 11 and 1 all have great story mode campaigns that are totally worth playing through, in order. MK has always had the best storylines out of all fighting games, and Netherrealm really delivered on that (at least for the trilogy, less so for the 1 reboot).",2025-05-23T01:01:59Z,3,NoLegeIsPower,gaming,2025-05-26T06:45:35.653661Z
mtqyrr3,1kt5nkc,reddit,If you’re not from that time I’d stay far away.,2025-05-22T23:59:52Z,4,Indust_6666,gaming,2025-05-26T06:45:35.653669Z
mtr2lgr,1kt5nkc,reddit,"Here's what I would do. (And am doing it because I'm a MASSIVE MK fan)

Start from the earliest point you can. I have a PS2, so I got the trilogy that came out around that time (Deadly Alliance, Deception & Armageddon), those being the first games that had a story (Konquest) mode.

Those can also be janky, but in a more charming way.  
If you want to catch up on the story there's plenty of excellent lore dumps on YouTube but it's pretty basic at first.

If even the PS2 era games feel too janky, never fear.

The timeline has been so rebooted that there are a few other good starting points.

Mortal Kombat (2011) - Reboots the timeline back to the beginning. Super fun game, well paced and gory, lots of fun in the story and a personal favourite. This rebooted timeline is continued in MKX and MK11 both of which are super fun and easy to find for console or PC. MK2011 is best played on PS3 or 360 IMO, it's a bit wacky on PC.

  
Mortal Kombat 1 (2023) - Reboot of the reboot. But also a sequel to 11. Rejigs things a lot and was super fun. I loved my time with it.

But overall I'd say playing Mortal Kombat is worth it but it depends what systems you have and what you're looking for.",2025-05-23T00:22:56Z,2,Colin_Valentine,gaming,2025-05-26T06:45:35.653678Z
mtr7g0b,1kt5nkc,reddit,"Maybe look for them on sale on steam.  I like the more recent MK games, but I didn't get into them like I did the originals. Played through the story once and that was about it.

I still remember when MK2 first came to the arcade at UCLA.  It was still in development, and they were replacing the system ROM like every week.  Me and a bunch of the other regulars would spend way too much time and money figuring out what moves had been added.  They didn't even have fatalities in the first edition we played.",2025-05-23T00:52:06Z,2,SonOfDadOfSam,gaming,2025-05-26T06:45:35.653686Z
mtrve88,1kt5nkc,reddit,"Awe man, these comments. I’d say the game is timeless, although I have only played the newer ones. So yes, I say try them.",2025-05-23T03:19:23Z,2,callmemommy___,gaming,2025-05-26T06:45:35.653694Z
mtryre0,1kt5nkc,reddit,I'm not really a fan of the new games but I think it's worth checking out MK 9 or X if you get it cheap.,2025-05-23T03:42:55Z,2,Cmdrdredd,gaming,2025-05-26T06:45:35.653702Z
mts40y7,1kt5nkc,reddit,"If you are really into the arcade Mortal Kombats, then Mortal Kombat 9 is near flawless, and will feel like watching 2009 Star Trek.",2025-05-23T04:21:55Z,2,ITCHYisSylar,gaming,2025-05-26T06:45:35.653710Z
mtsrhze,1kt5nkc,reddit,"Not gonna lie, I've been playing since I had to hide the game from my parents, and 2025 is honestly a great time to jump in. The meme potential alone from the fatalities is worth the price of admission lol.",2025-05-23T07:50:24Z,2,Party_Sound,gaming,2025-05-26T06:45:35.653736Z
mtsucj8,1kt5nkc,reddit,I'm playing MK9 and X mostly as a 'party games'.,2025-05-23T08:19:05Z,2,tapsel,gaming,2025-05-26T06:45:35.653746Z
mtzbbpb,1kt5nkc,reddit,"I would play mk9, MKX, and 11 personally. Mk1 wasn't it for me but some did enjoy it. If you get mk1 get it on sale.",2025-05-24T09:03:46Z,2,No_Sorbet5467,gaming,2025-05-26T06:45:35.653754Z
mtr4ye6,1kt5nkc,reddit,"I would suggest MK Shaolin monks, and Mortal Kombat Deadly Alliance, Deception and Armageddon and 9 and maaaaybe X if you feel like it, but I wouldn't.

Deadly alliance and Deception have a lot of charm, Deception is the best 3D MK ever made, Armageddon is like a buffet but all the food is cold. Anything past MK 9 I don't care, they keep resetting the universe that I couldn't care less anymore, but honestly MK is so damn janky and old school I wouldn't suggest going back the arcades at all.",2025-05-23T00:37:14Z,1,cyborgdog,gaming,2025-05-26T06:45:35.653762Z
mtr3h80,1kt5nkc,reddit,"I really liked MK9-11

MK1 is a dud",2025-05-23T00:28:16Z,1,PhoenixTineldyer,gaming,2025-05-26T06:45:35.653770Z
mtqxn1q,1kt5nkc,reddit,They’re very dated now man. Like once in a while we’ll play at arcades but only for like 5 minutes lol,2025-05-22T23:53:12Z,-4,ThisNameDoesntCount,gaming,2025-05-26T06:45:35.653778Z
mtrlp9y,1kt5nkc,reddit,"nah, always been a trash game.",2025-05-23T02:17:46Z,-2,tragicjawnson,gaming,2025-05-26T06:45:35.653786Z
mtr0vgz,1kt5nkc,reddit,"They’re so bad man even the new mortal combats ass, like ufc 6 is needed and it needs to be good and a new tekken game cause tekken is the best arcade fighting series compared to mortal combat and all that just the new ones a flop",2025-05-23T00:12:33Z,-9,kik77,gaming,2025-05-26T06:45:35.653794Z
mthjacl,1krx9ut,reddit,"Sir, this is a Wendys?",2025-05-21T15:17:45Z,6,2Scribble,gaming,2025-05-26T06:45:36.585204Z
mtgzxjp,1krx9ut,reddit,You seem to conflate bad UI design and feature creep.,2025-05-21T13:41:36Z,6,WayTooCuteForYou,gaming,2025-05-26T06:45:36.585217Z
mthnb66,1krx9ut,reddit,"Mine is simple:

Make the game fun to play and highly replayable.",2025-05-21T15:36:56Z,3,Catty_C,gaming,2025-05-26T06:45:36.585225Z
mtmaeck,1krx9ut,reddit,"did you acccidently post this here?

what even is this?",2025-05-22T07:45:35Z,2,djr7,gaming,2025-05-26T06:45:36.585232Z
mtiohw3,1krx9ut,reddit,"""let me make an effort post that tries to sound intelligent but comes off as pretentious""

Mission accomplished.",2025-05-21T18:33:27Z,2,zimzalllabim,gaming,2025-05-26T06:45:36.585240Z
mtgua08,1krx9ut,reddit,Paid-upfront mobile games scratch that itch for me. Mobile -> console -> PC,2025-05-21T13:10:05Z,0,Kind_Canary9497,gaming,2025-05-26T06:45:36.585247Z
mt7xwdf,1kqs9nc,reddit,Kingdom Come Deliverance 2 (and 1 if you have the time for it),2025-05-20T00:58:27Z,18,The_Clownslayer,gaming,2025-05-26T06:45:38.124984Z
mt7xz17,1kqs9nc,reddit,"Well damn, The Witcher 3 sounds right up your alley",2025-05-20T00:58:55Z,49,TommyCrooks24,gaming,2025-05-26T06:45:38.124991Z
mt7yjfv,1kqs9nc,reddit,Vampire the masquerade bloodlines is a flawed masterpiece. Janky combat but everything else makes up for it,2025-05-20T01:02:25Z,13,itchyscissorfinger,gaming,2025-05-26T06:45:38.124995Z
mt7zhnd,1kqs9nc,reddit,"They're a bit aged at this point, but the earlier Dragon Age and Mass Effect games do still hold up.

You might like Pillars of Eternity -- it's an isometric RPG, but shockingly isn't turn-based. There's also a recent game in the same universe called Avowed, that one's great.

Other people have recommended The Witcher 3, but Cyberpunk is also very good after many patches and fixes.

LASTLY you might enjoy Breath of the Wild and its sequel. It has very different and (imo) more RPG-esque gameplay than past Zelda games.",2025-05-20T01:08:16Z,6,baroqueout,gaming,2025-05-26T06:45:38.125000Z
mt7xxlq,1kqs9nc,reddit,What about an arpg? Path of Exile or Diablo? You like that genre ?,2025-05-20T00:58:41Z,6,PsychologicalElk3833,gaming,2025-05-26T06:45:38.125004Z
mt7yamp,1kqs9nc,reddit,"Final Fantasy 16, and both FF7 remake games, are full-blown action RPGs with real-time action combat. (FF7R games slow down if you're actively using a menu, but you can put certain moves on shortcuts to minimize time in menus.)",2025-05-20T01:00:54Z,7,StarmanDX_,gaming,2025-05-26T06:45:38.125009Z
mt7yfgk,1kqs9nc,reddit,"Kingdoms of Amalur, if you don't mind third person.",2025-05-20T01:01:44Z,8,fish998,gaming,2025-05-26T06:45:38.125013Z
mt7xxiy,1kqs9nc,reddit,Astlibra Revision is pretty dope and very cheap.,2025-05-20T00:58:40Z,3,PhoenixTineldyer,gaming,2025-05-26T06:45:38.125017Z
mt7xvfa,1kqs9nc,reddit,Avowed was fun and fairly simple. Like Elder Scrolls lite.,2025-05-20T00:58:17Z,7,Bertitude,gaming,2025-05-26T06:45:38.125021Z
mt80yah,1kqs9nc,reddit,"Witcher 3   
Kingdom Come Deliverance 1 & 2    
Dragon Age Inquisition    
Mount and Blade Bannerlord 


You won't see the sun for a long long time.",2025-05-20T01:17:22Z,2,Ahamdan94,gaming,2025-05-26T06:45:38.125026Z
mt81fra,1kqs9nc,reddit,Fallout New Vegas,2025-05-20T01:20:26Z,2,BodSmith54321,gaming,2025-05-26T06:45:38.125030Z
mt8yhq2,1kqs9nc,reddit,"Try Witcher Series 

Darksiders 1, 2 and 3

Kingdom of Amalur

Fable 1 Anniversary Edition",2025-05-20T05:16:39Z,2,MrMiyagi_256,gaming,2025-05-26T06:45:38.125034Z
mt7yxsp,1kqs9nc,reddit,The Outer Worlds was made by the team behind Fallout New Vegas. ,2025-05-20T01:04:53Z,2,BleachedUnicornBHole,gaming,2025-05-26T06:45:38.125039Z
mt7z18t,1kqs9nc,reddit,Final Fantasy 16. I had fun with that one. It was a one and done for me because the story was long as shit lol,2025-05-20T01:05:29Z,2,Impressive_Lake_8284,gaming,2025-05-26T06:45:38.125043Z
mt7ys3t,1kqs9nc,reddit,"Try the Borderlands Games. I feel like they might be up your alley.

Not sure why I am being Downvoted but cool I guess.",2025-05-20T01:03:54Z,2,MisterAtticusFinch,gaming,2025-05-26T06:45:38.125047Z
mt7zjes,1kqs9nc,reddit,"Maybe BG2? You can turn off the pause on combat function and set the ai for each party member, so when an enemy appears, everyone just does their thing. Then you can pause at any time to change an action.",2025-05-20T01:08:34Z,1,Rigelann,gaming,2025-05-26T06:45:38.125051Z
mt80ls7,1kqs9nc,reddit,"i haven't played either, but both Ys 8 and Xeno Chronicles X have a lot of praise",2025-05-20T01:15:12Z,1,Thexzamplez,gaming,2025-05-26T06:45:38.125056Z
mt82bl7,1kqs9nc,reddit,Cyberpunk 2077,2025-05-20T01:25:59Z,1,FredFredBurger6,gaming,2025-05-26T06:45:38.125060Z
mt8734w,1kqs9nc,reddit,The Deus Ex games sound perfect for you!,2025-05-20T01:55:27Z,1,InfernalBiryani,gaming,2025-05-26T06:45:38.125064Z
mt8nfj2,1kqs9nc,reddit,"Risen - (best atmosphere and music - will give you shivers)  
Gothic 3 - Get the remake  
Mount and Blade Bannerlord: Not fantasy, but still a role playing action game with RTS elements,",2025-05-20T03:47:04Z,1,tkdHayk,gaming,2025-05-26T06:45:38.125068Z
mt90ar8,1kqs9nc,reddit,"I find the role playing in *Tyranny* some of the best, and it has a real time combat mode as an option. 

You could try one of the *Pathfinder* games, although they can get overly technical with leveling up mechanics (of course you can always play on easy and not engage with the mechanics as deeply). I love leveling up in games so if the prospect of spending an hour in a level up screen frightens you rather then excites you then you should be wary. 

The *Neverwinter Nights* games might be worth checking out, 1 is a solo Character experience while 2 is a party based experience. These games probably have some of the weakest roleplaying in the games I have listed, with the exception of Mask of the Betrayer.

Edit: *Dark Messiah of Might and Magic*. Only a small tiny smattering of roleplaying, but one of the most fun first person real time rpgs I have ever played. (probably just ignore this one)


Edit2: *Deus Ex*. Very strong roleplaying, even if the story railroads you a bit in the middle. Unlike some other shooter RPGS your characters ability to shoot strongly depends with how many levels you invested in the gun type. Regardless of how good you are at aiming, your characters ability will effect the game significantly. Word of warning, while its not a significantly difficult game, the level of difficulty starts out much higher then you would expect.",2025-05-20T05:32:40Z,1,Blackrock121,gaming,2025-05-26T06:45:38.125072Z
mt94v8t,1kqs9nc,reddit,"People were shitting on Avowed for being generic but I would argue it's the perfect game to dip your toes.

It's first person, with impactful skills, not massively long or full open world with plenty of tools to help with exploration like a map, teleport points. and a rewarding exploration loop.

Its also on gamepass",2025-05-20T06:14:50Z,1,ZoulsGaming,gaming,2025-05-26T06:45:38.125077Z
mt9cygg,1kqs9nc,reddit,I really enjoyed Avowed.,2025-05-20T07:35:46Z,1,mrhshack,gaming,2025-05-26T06:45:38.125081Z
mt9epnw,1kqs9nc,reddit,The Outer Worlds? It's a nice RPG that's getting a sequel soon.,2025-05-20T07:54:26Z,1,UltimateGamingTechie,gaming,2025-05-26T06:45:38.125085Z
mt9pzaq,1kqs9nc,reddit,Tainted Grail: The Fall of Avalon comes out in like a week. The early access version on Steam has been getting very good buzz and there's a free demo on consoles that let's you play the tutorial area (equivalent to the prison break at the start of Oblivion). It was enough to sell me on it.,2025-05-20T09:54:10Z,1,Tyrest_Accord,gaming,2025-05-26T06:45:38.125089Z
mt9rffp,1kqs9nc,reddit,I too hate turn based but Expedition 33’s blend of QuickTime components and parry/dodge  actually made turn based fun for me. Getting a parry is so damned satisfying.,2025-05-20T10:08:17Z,1,karmakazi_,gaming,2025-05-26T06:45:38.125094Z
mt9u613,1kqs9nc,reddit,"Deus Ex 
Witcher 3
Cyberpunk
Newer Tomb Raider Games",2025-05-20T10:33:37Z,1,VelvetNMoonBeams,gaming,2025-05-26T06:45:38.125100Z
mtfpmrg,1kqs9nc,reddit,NieR: Automata,2025-05-21T07:27:29Z,1,Draener86,gaming,2025-05-26T06:45:38.125104Z
mti7aql,1kqs9nc,reddit,"cyberpunk 2077

final fantasy 7 remake",2025-05-21T17:12:23Z,1,Wide_Struggles,gaming,2025-05-26T06:45:38.125109Z
mt7zzgt,1kqs9nc,reddit,"Bethesda games are aggressively mid, so you can only go up from here lol",2025-05-20T01:11:18Z,1,ItsMikeMeekins,gaming,2025-05-26T06:45:38.125113Z
mt7z9l8,1kqs9nc,reddit,Breath of the Wild and Tears of the Kingdom.,2025-05-20T01:06:54Z,1,jrocksexbang,gaming,2025-05-26T06:45:38.125117Z
mt82t0v,1kqs9nc,reddit,"Meaty rpg's that do what elder scrolls pulls off are few.
The witcher as a series and fable come to mind other than that it's a landscape of off the mark jrpgs and weak arpgs.",2025-05-20T01:29:01Z,1,Next_Adeptness8574,gaming,2025-05-26T06:45:38.125122Z
mt7z9s6,1kqs9nc,reddit,Outer Worlds ?,2025-05-20T01:06:56Z,1,GameAudioStudioLK,gaming,2025-05-26T06:45:38.125126Z
mt85vm6,1kqs9nc,reddit,"The Tales series is real-time combat instead of turn based. You can get Tales of Symphonia pretty cheap on Steam a lot of times, and it's a pretty massive game. One of the best in the Tales series. If you like that one, getting a PS2 emulator set up to play Tales of the Abyss is definitely worth it. That might be the best Tales game of the entire series to date. 

There's also the Prince of Persia trilogy from the PS2/Xbox/GameCube days. First one was excellent, but short. Second one was went overboard on fleshing out the combat and the Dahaka chase sequences can suck it, but it was a pretty good game overall. The third one came pretty close to dialing things in.

You can also give My Time at Portia and My Time at Sandrock a go. Think of Stardew Valley, but a little more structured. Just either play Portia first or skip it entirely because they really refined a lot the controls in Sandrock and it'd be hard to go back to Portia after playing Sandrock. 

There's the Red Faction series, and the two Space Marine games.",2025-05-20T01:48:00Z,1,FreddyForshadowing,gaming,2025-05-26T06:45:38.125130Z
mt8e8qr,1kqs9nc,reddit,"cyberpunk 2077

when i played it last year it really gave me that bethesda rpg fix i’ve been wanting despite not being a bethesda game

just don’t play the ps4/xb1 versions ",2025-05-20T02:41:27Z,1,Dreaming_Dreams,gaming,2025-05-26T06:45:38.125134Z
mt7z4en,1kqs9nc,reddit,"If you liked Morrowind, check out Tamriel Rebuilt.",2025-05-20T01:06:01Z,0,tragicThaumaturge,gaming,2025-05-26T06:45:38.125139Z
mt7ymui,1kqs9nc,reddit,Borderlands Series,2025-05-20T01:02:59Z,-3,RedisDead420,gaming,2025-05-26T06:45:38.125143Z
mt7zf0q,1kqs9nc,reddit,Outer Worlds.  I think 1 was better than 2,2025-05-20T01:07:49Z,-1,GreenGoonie,gaming,2025-05-26T06:45:38.125147Z
mt83h5h,1kqs9nc,reddit,[deleted],2025-05-20T01:33:11Z,-5,N/A,gaming,2025-05-26T06:45:38.125152Z
mt3jr7u,1kq84qf,reddit,Honestly it makes no difference to me and I adjust very quickly to the point I don’t even think about it.,2025-05-19T10:19:07Z,17,The_prawn_king,gaming,2025-05-26T06:45:39.136269Z
mt3ld4o,1kq84qf,reddit,Asymmetrical. My thumbs just know where to go. Left stick up top feels natural for movement. Symmetrical always makes me feel like I’m doing thumb yoga for no reason.,2025-05-19T10:34:09Z,7,chubbyybutcute,gaming,2025-05-26T06:45:39.136286Z
mt3l67m,1kq84qf,reddit,Symmetrical. I absolutely hate asymmetrical. I'm sure there are some games that work better for thar kind of layout but they're few and far between for me.,2025-05-19T10:32:22Z,12,MountainMuffin1980,gaming,2025-05-26T06:45:39.136300Z
mt3k2o3,1kq84qf,reddit,"I've always preferred asymmetrical. I have smaller hands, so the dualshock analogs are kinda weirdly out of the way for me.",2025-05-19T10:22:09Z,8,Thopterthallid,gaming,2025-05-26T06:45:39.136313Z
mt99qaf,1kq84qf,reddit,"I've been a PS player for most of my life and the first time I used an Xbox layout, I found it absolutely-

Fine.

Honestly, I dont even know why there's even a debate about it. Took me 5 mins to acclamate after a decade of DS2, DS3 and DS4.",2025-05-20T07:02:16Z,3,Dry-Dragonfruit-4382,gaming,2025-05-26T06:45:39.136327Z
mt3qwik,1kq84qf,reddit,"Great question! I think it depends a lot on the muscle memory you grew up with.

I personally prefer the asymmetrical Xbox-style design, but not because of ergonomics necessarily - but because I spent years playing shooters there. To me, the taller left stick feels more natural for FPS or third-person movement. It gives me better fine control without straining the wrist.

But I totally get the point of the symmetrical design. When I'm playing more relaxed games - RPGs, adventure or platform games - the DualSense (PS5) feels great. Everything is centered and comfortable.

Bottom line:

Shooters → Asymmetrical.

Everything else → Symmetrical

The real answer is that we need a modular controller that will leave everyone happy",2025-05-19T11:20:25Z,2,MojonConPelos,gaming,2025-05-26T06:45:39.136338Z
mt43jv8,1kq84qf,reddit,"Asymmetrical, it's more natural feeling since my movement thumb isn't too low on the controller. Unless I'm playing Katamari, then it's symmetrical all the way.",2025-05-19T12:49:19Z,2,crocicorn,gaming,2025-05-26T06:45:39.136346Z
mt499da,1kq84qf,reddit,"Xbox layout all the way!

Feels waaaaay more natural for me, having the thumb at the ""top"" of the controller, left on the left stick, right on the buttons.

I don't mind pulling the right thumb down for camera controls and even the full PS layout is ""fine"", but I much prefer it differently!",2025-05-19T13:24:08Z,2,CurZZe,gaming,2025-05-26T06:45:39.136354Z
mt4kluf,1kq84qf,reddit,"I PC game so I could use either, PS controller has never felt comfortable in my hand so I’ve always used an Xbox controller. My personal preference is a Scuff",2025-05-19T14:26:19Z,2,TrickOut,gaming,2025-05-26T06:45:39.136361Z
mt6441v,1kq84qf,reddit,"WASD KB+M  

I've used plenty of gamepads and it is just a muscle memory thing.  

The placement of the analog sticks, as long as you can reach them well enough (not you N64!), is less important than good feeling triggers. So far i liked the analog triggers on the Xbox 360 pad best.  
The old 8bitdo Pro was OK, just felt a little cheap overall and after a while some inputs always started acting up. I had 2 of them... would not buy a third after both broke. I might give the new one a chance.  

Gulikit KingKong 2 Pro or whatever it's called exactly... is what i'm currently using.  
could use a bit more travel on the triggers, i guess that Pad is more based on modern Xbox Pads... but i got used to it anyway.  
The more annoying problem is how many function buttons there are, you can do just about anything you want with that pad from Deadzone settings to makros... but i can't remember what any of them do and there are button combinations to no end... you absolutely need the Manual if you want to mess with anything. Overkill if you ask me, but turning off the Deadzone is a must, most precise pad i ever had.",2025-05-19T18:59:30Z,2,ZeroBANG,gaming,2025-05-26T06:45:39.136369Z
mt3ky1b,1kq84qf,reddit,"It's not about symmetry but about ergonomics. The Xbox controller is superior in all ergononic parameters, that's been proven many times.",2025-05-19T10:30:17Z,1,MalgraineX,gaming,2025-05-26T06:45:39.136376Z
mt3jt5h,1kq84qf,reddit,"It's kind of a non-issue for me, I'll happily use either without strong preference either way.",2025-05-19T10:19:39Z,1,Less_Party,gaming,2025-05-26T06:45:39.136384Z
mt3juz3,1kq84qf,reddit,"Doesn't really matter to me. When I play my PS5, I like the controller. When I play an Xbox, I like that controller too.

Hot take: the Steamdeck layout sucks. Having the sticks beside the dpad and face buttons instead of how a PS or Xbox controller is, is really uncomfortable",2025-05-19T10:20:08Z,1,SenSei_Buzzkill,gaming,2025-05-26T06:45:39.136391Z
mt3nr23,1kq84qf,reddit,"Symmetrical because It doesn't make any difference to me where the analog is. It plays fine either wait.

But the dpad needs to be on top. If not, the thumb goes into an uncomfortable angle, that also doesn't pivots well. This isn't an issue with the analog stick because it doesn't require the same press and precision to operate.",2025-05-19T10:54:50Z,1,RuySan,gaming,2025-05-26T06:45:39.136399Z
mt40bjq,1kq84qf,reddit,"I slightly prefer symmetrical than asymmetrical. As I don't need to reach another 1cm for the stick with my thumb. But overall, I adjust quickly enough to both types and had no problems so far.",2025-05-19T12:28:27Z,1,Chill_Gamer527,gaming,2025-05-26T06:45:39.136406Z
mt3repl,1kq84qf,reddit,"Symmetrical. I never understood what the purpose of an asymmetrical layout is supposed to be, other than being different.",2025-05-19T11:24:22Z,-1,PinoLoSpazzino,gaming,2025-05-26T06:45:39.136414Z
mt4ez8g,1kq84qf,reddit,"Symmetrical of course, because my both hands are symmetrical.   
apart wanting to be different, there is no point of asymmetrical controllers, zero. 

if you can say that left analog is higher and makes more comfortable, it is valid, but then both analogs higher would be more comfortable, which would make that controller also Symmetrical.",2025-05-19T13:56:33Z,-1,CP_Company,gaming,2025-05-26T06:45:39.136422Z
mt3n3h3,1kq84qf,reddit,"For old games where the primary movement is the dpad, definitely symmetrical.

The rest, I'm fine with either. That said, there's a lot more cheap controllers (with hall effects, etc) that follow the Xbox layout compared to PS.",2025-05-19T10:49:20Z,0,VoidNoodle,gaming,2025-05-26T06:45:39.136429Z
mt43swz,1kq84qf,reddit,Symmetrical. I hate when I feel like I’m stretching or holding my hands in different ways,2025-05-19T12:50:52Z,0,SuspiciousSylveon,gaming,2025-05-26T06:45:39.136436Z
mt4ypp7,1kq84qf,reddit,"Asymmetrical is best for gaming. Significantly more intuitive. With shooters it's even more egregiously in favour of it. 


The symmetrical style was done back when controller ergonomics were pretty fucked and we had shit like the n64 controller. It's just a lack of keeping up with the times that have kept it alive. ",2025-05-19T15:37:56Z,0,FlameStaag,gaming,2025-05-26T06:45:39.136444Z
mt2bp21,1kq1tq2,reddit,Yes I think this is probably due to the artwork being in the game. ,2025-05-19T03:20:52Z,12,jerrrrremy,gaming,2025-05-26T06:45:40.054611Z
mt3qddg,1kq1tq2,reddit,Is this stolen or bought?,2025-05-19T11:16:14Z,2,Free-Witness-6233,gaming,2025-05-26T06:45:40.054624Z
mt2c53r,1kq1tq2,reddit,"it's Bungie, they're famous for ""let us investigate"" follows up with ""we are very sorry we don't do this anymore trust us"" while still using the stolen artwork in their games lol.",2025-05-19T03:24:06Z,4,clothanger,gaming,2025-05-26T06:45:40.054633Z
mt2cfww,1kq1tq2,reddit,how can we trust that ANY of the art for this game is original,2025-05-19T03:26:19Z,3,StatementCareful522,gaming,2025-05-26T06:45:40.054641Z
mt2dhht,1kq1tq2,reddit,"Ima keep it a buck fifty, thats the least of their problems.",2025-05-19T03:34:06Z,-1,The-vicobro,gaming,2025-05-26T06:45:40.054649Z
msps9jz,1kodh9s,reddit,Cyberpunk 2077 along with watching Edgerunners,2025-05-17T00:13:08Z,4,Internal_Aide,gaming,2025-05-26T06:45:41.502553Z
mspyd6a,1kodh9s,reddit,Subnautica,2025-05-17T00:51:40Z,4,zenomotion73,gaming,2025-05-26T06:45:41.502561Z
msptzjw,1kodh9s,reddit,Red dead redemption 2,2025-05-17T00:24:02Z,6,Law3186,gaming,2025-05-26T06:45:41.502566Z
msppque,1kodh9s,reddit,Diablo 2,2025-05-16T23:57:23Z,3,Korben-Dallas101,gaming,2025-05-26T06:45:41.502571Z
mspt74r,1kodh9s,reddit,Red Dead Redemption 2. I wouldn't want to erase my RDR1 playthrough so that my excitement and anticipation of the second one could still be the same. And I could still be worried about playing as a different character than John and then be completely blown away by Arthur's story.,2025-05-17T00:19:03Z,3,Mooky_Stank,gaming,2025-05-26T06:45:41.502576Z
mspw296,1kodh9s,reddit,"I think there are only two games I feel like I've ever been honored to have played: 

\-Red Dead Redemption 2

\-The Legend of Zelda: A Link Between Worlds

LttP is my favorite Zelda, and the absolute love letter that LBW turned out to be was incredible. 

RDR2 is....a certified masterpiece. I tend to not like anything Western/Cowboy, but this game had me from almost the jump. The emotions I felt while playing that game, especially the last act of the main story were something truly incredible. 

Of the two, I'd probably pick RDR2 just because of the sheer amount of game that was involved.",2025-05-17T00:37:07Z,3,Doombah,gaming,2025-05-26T06:45:41.502580Z
msrlcyi,1kodh9s,reddit,"Both of the Nier games, Cyberpunk 2077 and Expedition 33.",2025-05-17T08:59:41Z,3,Zheif,gaming,2025-05-26T06:45:41.502585Z
mspp83a,1kodh9s,reddit,Horizon Zero Dawn.,2025-05-16T23:54:08Z,5,CassieFace103,gaming,2025-05-26T06:45:41.502589Z
mspj3y8,1kodh9s,reddit,"I have a few, but if I were to pick only one, it would be Elden Ring",2025-05-16T23:16:34Z,8,Kream-Kwartz,gaming,2025-05-26T06:45:41.502594Z
mspj07s,1kodh9s,reddit,The outer wilds. ,2025-05-16T23:15:56Z,6,SacaSoh,gaming,2025-05-26T06:45:41.502598Z
mspjtny,1kodh9s,reddit,Subnautica.,2025-05-16T23:20:57Z,5,Potential-Minimum829,gaming,2025-05-26T06:45:41.502603Z
msppjwm,1kodh9s,reddit,Mass Effect series. I would love to experience the original trilogy for the first time again.,2025-05-16T23:56:13Z,2,Tartan-Troot,gaming,2025-05-26T06:45:41.502607Z
msppsou,1kodh9s,reddit,Persona 5,2025-05-16T23:57:42Z,2,Nogrodd,gaming,2025-05-26T06:45:41.502611Z
msprzus,1kodh9s,reddit,Halo trilogy stalker trilogy n mass effect trilogy,2025-05-17T00:11:28Z,2,3vil2k,gaming,2025-05-26T06:45:41.502616Z
msputa9,1kodh9s,reddit,"Lotr - two towers and Rotk ,Baldur’s gate 1/2: miss me with that bastardized trash 3rd game, 
Black ops 1 - nuketown and ascension for zombies,
RuneScape,
Skyrim ",2025-05-17T00:29:16Z,2,Larryfistsgerald1,gaming,2025-05-26T06:45:41.502620Z
msq43qg,1kodh9s,reddit,Nier Automata,2025-05-17T01:28:28Z,2,Gregnice23,gaming,2025-05-26T06:45:41.502625Z
msq97rr,1kodh9s,reddit,"Would it have to be a single game or could it be a series? Because knowing the events of later games would obviously spoil an earlier game.

If I could completely forget one game series, I would probably pick either *Danganronpa* or *Zero Escape*, so I can experience the mystery and tension of those plots all over again.",2025-05-17T02:01:34Z,2,RBrim08,gaming,2025-05-26T06:45:41.502629Z
msre8xl,1kodh9s,reddit,Sims,2025-05-17T07:43:41Z,2,Ok_Tower_275,gaming,2025-05-26T06:45:41.502634Z
mst9txb,1kodh9s,reddit,"Undertale, In Stars and Time, Tunic, and Subnautica.",2025-05-17T16:13:01Z,2,allbimyself468,gaming,2025-05-26T06:45:41.502638Z
msta62m,1kodh9s,reddit,"The very first Dark Souls.

Now, even if i enjoyed the next playthroughs, nothing can compare to the magic of experiencing the world for the very first hand.

A lonely world, an unknown world full of secrets to be discovered.",2025-05-17T16:14:50Z,2,IndividualRespond650,gaming,2025-05-26T06:45:41.502643Z
msuk518,1kodh9s,reddit,"Undertale, for such a short and simple game, it really impacted me tbh",2025-05-17T20:26:03Z,2,PriceFantastic8,gaming,2025-05-26T06:45:41.502647Z
mtb194i,1kodh9s,reddit,god of war 3 and red dead redemption 2,2025-05-20T15:01:08Z,2,N/A,gaming,2025-05-26T06:45:41.502652Z
mspqmt8,1kodh9s,reddit,Just finished Spiderman 2. Would be happy as shit to replay that with no memories of it.,2025-05-17T00:02:56Z,2,OhTheHueManatee,gaming,2025-05-26T06:45:41.502656Z
mspkmx6,1kodh9s,reddit,"Skyrim, ark survival, and resident evil 4.",2025-05-16T23:25:58Z,2,ThinkingAgain-Huh,gaming,2025-05-26T06:45:41.502661Z
mspl4vx,1kodh9s,reddit,Rdr2 …. What an experience,2025-05-16T23:29:02Z,2,Ok_Clock8249,gaming,2025-05-26T06:45:41.502665Z
mspp3bo,1kodh9s,reddit,Black Myth Wukong,2025-05-16T23:53:19Z,1,Najeeb1999,gaming,2025-05-26T06:45:41.502670Z
msqhbvo,1kodh9s,reddit,"Wishing I could completely forget? 
None really, sounds terrible. 


But I remembered Harvester the other day but only about three things stuck out for me, I'll probably play it again now and be able to freshly enjoy how utterly bizarre that game is all over again. 
There's very few games I can honestly say are so bad they're good but that's got to be one.",2025-05-17T02:54:23Z,1,ody81,gaming,2025-05-26T06:45:41.502677Z
msqk55o,1kodh9s,reddit,"Kingdom Hearts 1, Final Fantasy X, Star Ocean 3(The twist ending got a lot of shit in its day, and now that's changing apparently). 

Need for Speed Porsche Unleashed for PC(This game is why I'm a big-time Porsche fanatic). I have still not witnessed a game get as close to what this game did for PC way back in 2000. 

Racing games are notorious for not keeping up with how much money you earn. NFS Porsche Unleashed made you work for it because damage stayed with you throughout your career. So you couldn't just go from one race to the next with a beat-up car. Some games have gotten close, but nothing like it ever. 

GTA VC and SA as well. Sonic Unleashed 

Yeah list is endless literally I'll stop here.",2025-05-17T03:14:29Z,1,throwawayathens0009,gaming,2025-05-26T06:45:41.502682Z
msszgrh,1kodh9s,reddit,"This is so hard there are so many that I'd love to just forget to experience for the first time again. 
The Halo series (especially the Bungie era) has to be up there for me because I'd be so interested to see how I'd perceive and appreciate them if I started them at an older age rather than growing up from being like 6 years old with them",2025-05-17T15:17:19Z,1,ninjakid9,gaming,2025-05-26T06:45:41.502686Z
mst12mi,1kodh9s,reddit,witcher 3,2025-05-17T15:25:58Z,1,Just_Nova2050,gaming,2025-05-26T06:45:41.502691Z
mswmnmr,1kodh9s,reddit,"3 answers Zelda Breath of the Wild, that opening cutscene is SO MUCH NASTALGIA and I loved the game. Hollow knight as it is my favorite game ever. Ghost of tsushima (once I beat it) it is a really fun game and I am in 2nd act right now but it is so fun that I am fully completing every possible thing in the first act before i move on (except buying all the cosmetics because some of them are bad)",2025-05-18T04:32:49Z,1,Sea_Snow3297,gaming,2025-05-26T06:45:41.502695Z
mspjjnt,1kodh9s,reddit,Expedition 33. Pretty much the only game that made me sad when I realized I could only play it for the first time once.,2025-05-16T23:19:14Z,1,Gornub,gaming,2025-05-26T06:45:41.502700Z
msphe2r,1kodh9s,reddit,"Xenoblade Chronicles 3

End Chapter 5/start of Chapter 6 is the most impactful thing in all of gaming for me and I’d love to experience it once again.",2025-05-16T23:05:53Z,1,PalpitationTop611,gaming,2025-05-26T06:45:41.502704Z
msphyy6,1kodh9s,reddit,"I don’t think I could pick one either, either memorizing everything in Skyrim again or playing the RDR games",2025-05-16T23:09:31Z,1,SAKingWriter,gaming,2025-05-26T06:45:41.502709Z
mspj72n,1kodh9s,reddit,Breath of the Wild,2025-05-16T23:17:06Z,1,Impossible_Yard4487,gaming,2025-05-26T06:45:41.502713Z
mspk8jn,1kodh9s,reddit,Death Stranding for sure. And Dark Souls 3 fuckin love that game,2025-05-16T23:23:31Z,1,GOTH_AND_ALT_SIMP,gaming,2025-05-26T06:45:41.502726Z
mspl0iq,1kodh9s,reddit,GTA V,2025-05-16T23:28:17Z,1,BodSmith54321,gaming,2025-05-26T06:45:41.502730Z
mspl0o4,1kodh9s,reddit,Celeste,2025-05-16T23:28:19Z,1,subvolt99,gaming,2025-05-26T06:45:41.502734Z
mspl8tc,1kodh9s,reddit,Alan Wake 2....I just want to forget about the dance number scene and experience it all over again...I have never laughed that hard or enjoyed a level as much as that one.,2025-05-16T23:29:42Z,1,Flimsy_Ad_3050,gaming,2025-05-26T06:45:41.502739Z
msplm1m,1kodh9s,reddit,Minecraft or RDR,2025-05-16T23:31:56Z,1,tyronh1235,gaming,2025-05-26T06:45:41.502743Z
mspmipd,1kodh9s,reddit,"It’s short, but reliving Portal for the first time again would be amazing.",2025-05-16T23:37:29Z,1,plowerd,gaming,2025-05-26T06:45:41.502748Z
mspn6mq,1kodh9s,reddit,Arzette: The Jewel of Faramore. I expected a shlock filled cheese fest. What I got was a super enjoyable game with great music and tight controls.,2025-05-16T23:41:36Z,1,CokBlockinWinger,gaming,2025-05-26T06:45:41.502753Z
mspn74x,1kodh9s,reddit,pokémon silver,2025-05-16T23:41:41Z,1,Reqvhio,gaming,2025-05-26T06:45:41.502757Z
mspnkma,1kodh9s,reddit,Either Breath of the Wild or OMORI :>,2025-05-16T23:43:56Z,1,demon_prodigyy,gaming,2025-05-26T06:45:41.502762Z
mspnufr,1kodh9s,reddit,Suikoden,2025-05-16T23:45:36Z,1,danxfartzz,gaming,2025-05-26T06:45:41.502766Z
msponhw,1kodh9s,reddit,[deleted],2025-05-16T23:50:35Z,1,N/A,gaming,2025-05-26T06:45:41.502771Z
msporve,1kodh9s,reddit,Driver 1 or Spyro the Dragon on the PS1.. one of my earliest memories gaming as a little kid.,2025-05-16T23:51:20Z,1,WesleyJ1994,gaming,2025-05-26T06:45:41.502776Z
mspitxr,1kodh9s,reddit,"Dante's Inferno would be pretty fun to experience again for the first time. 

There are games I like more, but a lot of them are old and have obscure lore that I might not find again if I forgot it.",2025-05-16T23:14:51Z,0,GeminiTrash1,gaming,2025-05-26T06:45:41.502781Z
mspje6u,1kodh9s,reddit,"There are a bunch, but the objectively correct answer is Outer Wilds, since its one of the few you literally can't ever really play again once you've finished it.",2025-05-16T23:18:18Z,0,whereballoonsgo,gaming,2025-05-26T06:45:41.502786Z
mspkve2,1kodh9s,reddit,Ico.,2025-05-16T23:27:24Z,0,AccidentBusy3132,gaming,2025-05-26T06:45:41.502791Z
mspland,1kodh9s,reddit,The Last Of Us,2025-05-16T23:30:00Z,0,RocketTater,gaming,2025-05-26T06:45:41.502796Z
msplcj8,1kodh9s,reddit,The Division. I adore both games but the first had my attention for quite some time. I couldn’t get enough. I enjoyed it so much I even picked up the books about it. I wanted to know the story and everything else that came along with it.,2025-05-16T23:30:20Z,0,aipps,gaming,2025-05-26T06:45:41.502800Z
msply62,1kodh9s,reddit,"It's probably my list of top games ( in no order )

Dark Souls 1

Deus Ex 1

Half life 1

DKC 1

Super Mario World/SM3

Tetris.

Paper Boy

Street Fighter 2

Mario Kart 8

Starcraft 1

Age of Empires 2

Bloodborne

Demons' Souls.

Shinobi

I could name like a THOUSAND MORE XD but yh, these I think are the top ones that come to mind!",2025-05-16T23:34:01Z,0,Nanganoid3000,gaming,2025-05-26T06:45:41.502805Z
mspm1jj,1kodh9s,reddit,"Valheim bc my first play through I googled how to do everything bc it was like my first game, and I didn’t know it was a bad idea.
🙃",2025-05-16T23:34:35Z,0,Scimitarionwastaken,gaming,2025-05-26T06:45:41.502810Z
mspmy1y,1kodh9s,reddit,Fallout 4. It was my first Fallout experience and dammit I loved it,2025-05-16T23:40:08Z,0,Fair-Field-1056,gaming,2025-05-26T06:45:41.502815Z
mspn54u,1kodh9s,reddit,Journey. The gradual realisation that you are on this journey with other people walking the same path is beautiful.,2025-05-16T23:41:21Z,0,T-K4T,gaming,2025-05-26T06:45:41.502820Z
mspoh2q,1kodh9s,reddit,All of them. The good and the bad.,2025-05-16T23:49:29Z,1,ThisIsPerfekt,gaming,2025-05-26T06:45:41.502825Z
mspojzp,1kodh9s,reddit,Boring answer but Witcher 3 or Final Fantasy 9. Maybe the original Deus Ex.,2025-05-16T23:49:59Z,0,Patient-Resolve6748,gaming,2025-05-26T06:45:41.502829Z
msi8isi,1knhk7k,reddit,If they have anything releasing this year (unlikely) or next year it will likely be revealed at the PlayStation showcase this year.,2025-05-15T19:56:39Z,8,ZaDu25,gaming,2025-05-26T06:45:42.515824Z
msi8zvw,1knhk7k,reddit,Maybe we'll get a state of play or something to fill the void of the long dead E3 where they might reveal some more stuff because I feel like Wolverine can't be far off,2025-05-15T19:58:58Z,1,ninjakid9,gaming,2025-05-26T06:45:42.515837Z
msli30t,1knhk7k,reddit,"Chill out, games take time.",2025-05-16T09:29:55Z,1,Leramar89,gaming,2025-05-26T06:45:42.515845Z
msi9p4q,1knhk7k,reddit,"Come one,  Insomniac games forget Marvel for a second and surprises everyone with a Resistance Fall of Man remake.

I beg you.",2025-05-15T20:02:24Z,1,DemnAwantax,gaming,2025-05-26T06:45:42.515853Z
msif7ze,1knhk7k,reddit,"Games take a long time to develop now (at least 4 to 5 years assuming smooth progress). Spiderman 2 released in 2023 so we likely won’t see a new entry from them until 2027. The huge leak was also a massive violation of privacy and Insomniac likely has to work double time and stop production to ensure it doesn’t happen again. Not only were internal documents and the Wolverine beta leaked, employees’ private information was as well.    

Any delays and cancelled projects are honestly on the hackers imo. ",2025-05-15T20:29:01Z,1,Tokyo_BunnyGames,gaming,2025-05-26T06:45:42.515860Z
msilw9c,1knhk7k,reddit,"Spiderman 2 had a ***staggeringly*** massive budget due to a combination of the pandemic and a huge number of Sony redoes and reboots that slowed development down to a crawl. On the first game - Sony, mostly, just left Insomniac to their own devices - they'd have several Spiderman games release before that did *fine enough* - and weren't expecting any different from this one

Then it did well - then it became a jewel in their crown - now, all of a sudden, you've got executives and ceos and company heads looking in on what you're doing and making demands mid-cycle

Meaning, despite the game selling well - it will likely take forever to make back the amount of money spent on it 

Sony has also laid off 8% (roughly 900+ people) which seems minute but when you fire the people needed ***to make the game*** - surprise surprise surprise - development on titles at the studio you just cut 

#Slows down",2025-05-15T21:01:20Z,1,2Scribble,gaming,2025-05-26T06:45:42.515868Z
msia38a,1knhk7k,reddit,It is pretty strange to see their output just drop off a cliff so suddenly ,2025-05-15T20:04:20Z,-7,N/A,gaming,2025-05-26T06:45:42.515876Z
msg5y7x,1kmuc2d,reddit,"I play most games on mute because I have a pretty audio sensitive family, but the few times I listened to Xenoblade was pretty awesome. I agree, it is nice to see the developers putting more budget towards the musical portion of the game. 


 It reminds me of the 1980s when all the PlayStation games had novel  soundtracks.",2025-05-15T13:49:38Z,1,StickStill9790,gaming,2025-05-26T06:45:43.436836Z
msgtffx,1kmuc2d,reddit,Wow,2025-05-15T15:47:09Z,1,ComplexWrangler1346,gaming,2025-05-26T06:45:43.436849Z
mrj6c9e,1kj0cv9,reddit,"Chrono Cross:

The Girl Who Stole The Stars - 

https://m.youtube.com/watch?v=b-InhU-vsIw&pp=ygUpY2hyb25vIGNyb3NzIHRoZSBnaXJsIHdobyBzdG9sZSB0aGUgc3RhcnM%3D

Honestly the entire OST is simply amazing.",2025-05-10T03:25:28Z,5,SpaceCowboyDark,gaming,2025-05-26T06:45:44.459497Z
mrj4iwv,1kj0cv9,reddit,[Gaunter O’Dimm’s theme](https://youtube.com/watch?v=kKGmZN06lBI) (The Witcher 3),2025-05-10T03:12:25Z,3,Spoopyskeleton48,gaming,2025-05-26T06:45:44.459501Z
mrj4t3p,1kj0cv9,reddit,"Jet Force Gemini Water Ruin:

[https://www.youtube.com/watch?v=G3dQLs7n79U](https://www.youtube.com/watch?v=G3dQLs7n79U)

  
Also, not video games, but I've really gotten into a Youtube channel called Dreamfibre that does rainy ambiance.

[https://www.youtube.com/watch?v=nBat3hpKf7o](https://www.youtube.com/watch?v=nBat3hpKf7o)",2025-05-10T03:14:25Z,3,MichaelTheProgrammer,gaming,2025-05-26T06:45:44.459503Z
mrj6g35,1kj0cv9,reddit,"Literally any stage theme from Risk of Rain 2. ""The Rain Formerly Known as Purple"" and ""Terra Pluviam"" are my favorites.",2025-05-10T03:26:12Z,3,donkbooty,gaming,2025-05-26T06:45:44.459505Z
mrj8msl,1kj0cv9,reddit,Outer wilds,2025-05-10T03:42:27Z,3,unsaved_progress,gaming,2025-05-26T06:45:44.459507Z
mrke8kd,1kj0cv9,reddit,"[Xenoblade Chronicles - Valak Mountain (Night)](https://www.youtube.com/watch?v=F8oowKzNIlU)

[Xenoblade Chronicles - Eryth Sea (Night)](https://www.youtube.com/watch?v=REE-y3m26YU)

[Xenoblade Chronicles - Satorl Marsh (Night)](https://www.youtube.com/watch?v=jXs0qruX148)

[Xenoblade Chronicles 2 - Tantal (Night)](https://www.youtube.com/watch?v=Kh2JI18ByvU)

[Chained Echoes - Tormund](https://www.youtube.com/watch?v=69ZN4_JNZGs)

[Octopath Traveler - Flamesgrace, Guiding Light](https://www.youtube.com/watch?v=xVNOYzqx6oQ)

[Octopath Traveler - The Frostlands](https://www.youtube.com/watch?v=6dgmy3JXz3g)

[Another Crab's Treasure - The Lowest Crust](https://www.youtube.com/watch?v=TJvt4Hezu5g)

[Dustforce - Elvish Piper Academy](https://www.youtube.com/watch?v=Te1DjhaPC_Y)

[Dustforce - Upside Down Stalagmite](https://www.youtube.com/watch?v=-VGfFIMCYQw)

[Aery: Calm Mind - Time Between the Days](https://www.youtube.com/watch?v=-uDv4Sr96II)

[Chrono Cross - Guldove (Another World)](https://www.youtube.com/watch?v=zHThasVoIac)

[Chrono Cross - Arni Village (Another World)](https://www.youtube.com/watch?v=6FMEUeRuDKY)

[Chrono Cross - The Dead Sea](https://www.youtube.com/watch?v=9o68dG1INZA)",2025-05-10T10:12:37Z,3,MrRoadShow,gaming,2025-05-26T06:45:44.459509Z
mrj3vla,1kj0cv9,reddit,"My friend Jafet just put out this amazing cover of ""Rain"" from Halo 3: ODST.

https://youtu.be/35zlOlwhDFQ?si=QU0-__k44x4eq_uD",2025-05-10T03:07:51Z,2,AtlyxMusic,gaming,2025-05-26T06:45:44.459511Z
mrj94il,1kj0cv9,reddit,Persona 5 soundtrack has a lot of jazzy tracks. I think it's perfect but I don't know if it will fit for you. Give it a shot and lmk.,2025-05-10T03:46:11Z,2,healthboost213,gaming,2025-05-26T06:45:44.459513Z
mrjax3c,1kj0cv9,reddit,Death stranding soundtrack,2025-05-10T03:59:34Z,2,Hulksmash00,gaming,2025-05-26T06:45:44.459514Z
mrjd90f,1kj0cv9,reddit,[https://www.youtube.com/watch?v=AhoU-96r0TI](https://www.youtube.com/watch?v=AhoU-96r0TI) Trail of blood FF7,2025-05-10T04:17:39Z,2,Yaminoari,gaming,2025-05-26T06:45:44.459516Z
mrjio7l,1kj0cv9,reddit,Blue Fields from the FF8 OST.,2025-05-10T05:01:10Z,2,blake_n_pancakes,gaming,2025-05-26T06:45:44.459518Z
mrjlkkf,1kj0cv9,reddit,Silent Hill 1-3 soundtracks 😎,2025-05-10T05:26:01Z,2,themysidianlegend,gaming,2025-05-26T06:45:44.459520Z
mrj6jbz,1kj0cv9,reddit,Kingdom Hearts 2,2025-05-10T03:26:51Z,1,True-Divide-1328,gaming,2025-05-26T06:45:44.459522Z
mrj7zqu,1kj0cv9,reddit,Literally just listen to the Skyrim soundtrack,2025-05-10T03:37:37Z,1,Thrillho7086,gaming,2025-05-26T06:45:44.459524Z
mrj8yto,1kj0cv9,reddit,"The Night Goes On - The Legend of Heroes: Trails Through Daybreak

[https://www.youtube.com/watch?v=Qb-NqMPnD4M](https://www.youtube.com/watch?v=Qb-NqMPnD4M)",2025-05-10T03:44:59Z,1,ClockworkWren,gaming,2025-05-26T06:45:44.459526Z
mrjd2h5,1kj0cv9,reddit,Check out Ender Lilies soundtrack. Some really serene songs.,2025-05-10T04:16:13Z,1,RemusLupinz,gaming,2025-05-26T06:45:44.459528Z
mrjgsha,1kj0cv9,reddit,It’s a different vibe than your list but I really love blasting the Cyberpunk 2077 soundtrack at night while driving ,2025-05-10T04:46:05Z,1,DamnImAwesome,gaming,2025-05-26T06:45:44.459530Z
mrji6en,1kj0cv9,reddit,"Undone from Call of Duty Zombies

https://youtu.be/WYlBD7wrRHs?si=AZUaGPOK_5sm1sXU",2025-05-10T04:57:07Z,1,moneymizzler,gaming,2025-05-26T06:45:44.459531Z
mrjq53w,1kj0cv9,reddit,Triage at dawn - Half Life 2,2025-05-10T06:08:42Z,1,amburdo,gaming,2025-05-26T06:45:44.459533Z
mrjb1w7,1kiui2z,reddit,Never heard of this,2025-05-10T04:00:35Z,3,ComplexWrangler1346,gaming,2025-05-26T06:45:45.326120Z
mrhrtl8,1kiui2z,reddit,"I have literally never heard of this service in my entire life.

Also, it kind of looks lame. Seems to be a reskin of the same game every time. So even if it ISN'T a scam, it's a pretty simplistic thing (Also I think it's RPG Maker).",2025-05-09T22:05:52Z,5,HubblePie,gaming,2025-05-26T06:45:45.326131Z
mshf0kn,1kiui2z,reddit,"Did you order it? I keep seeing the ad on TikTok. 
I tried to go through with the checkout, but other than choosing the design for the box, there are no ‘personlized’ questions before they ask for payment so I am uncertain",2025-05-15T17:31:49Z,2,Kiratame,gaming,2025-05-26T06:45:45.326138Z
mrakh52,1khxtrh,reddit,"I remember thinking that Megaman would be an interesting addition to Super Smash Brothers, but then, Kirby fills much of the same role.  I suppose many people would like to beat the snot out of the dog from Duck Hunt, as an idea if you're making mods, but I always just took his laughing as an excuse to improve (and damn it, I was GOOD at Duck Hunt- just a shame that I can't prove it any more!).

For actual humans, I support the inclusion of Raul Julia's M. Bison in all Street Fighter games going forward.  Also in non-Street Fighter games.  The final boss fight of Minecraft should be him fighting Raul Julia's Gomez Addams.",2025-05-08T18:57:34Z,2,SidewaysGiraffe,gaming,2025-05-26T06:45:46.207282Z
mrajf9b,1khxtrh,reddit,"After seeing fake ronaldo involved in the new city of the wolves, I couldn't care less about any ""celeb"" being involved in a fighting game, they have no right to be involved with, it's cringe. Just for money and money alone!",2025-05-08T18:52:21Z,1,Nanganoid3000,gaming,2025-05-26T06:45:46.207296Z
mrbbelh,1khxtrh,reddit,NSFW stars having fatalities....death by snu snu!,2025-05-08T21:10:40Z,1,Training_Ad_4790,gaming,2025-05-26T06:45:46.207304Z
mrcb7qa,1khxtrh,reddit,"What about a fighting game with Rockstar games’ characters with their own game. Max Payne, Franklin, Niko, Tevor, CJ, Tommy, Arthur Morgan, Dutch, Cole Phelps, etc.",2025-05-09T00:38:52Z,1,CrzyDntKnwAnyting,gaming,2025-05-26T06:45:46.207314Z
mrdg351,1khxtrh,reddit,Al Bundy. He once scored 4 touchdowns in one game for the Polk High football team.,2025-05-09T05:23:19Z,1,Dirtpig,gaming,2025-05-26T06:45:46.207322Z
mr7n2g5,1khkk0q,reddit,I very rarely go back and play games again…also not someone who plays a game twice for the trophies. There is so much to play…what’s wrong with getting the experience and moving onto something else?,2025-05-08T08:25:43Z,16,KneeDeepInMeat,gaming,2025-05-26T06:45:47.197317Z
mr7kvg1,1khkk0q,reddit,"Yeah this is simultaneously on my lists of 'Oh my god it's one of the best games ever' and 'I am never doing that again as long as I live'. Pretty impressive really, I can't think of another game like it. Obviously I will buy the sequel on release.",2025-05-08T08:02:09Z,6,ElizabethDane,gaming,2025-05-26T06:45:47.197330Z
mr7k6v8,1khkk0q,reddit,"I would say so. It's probably my favourite game of all time and I've been trying to play the directors cut before 2 comes out and I've quit like 3-4 times already. Maybe I'll give it one last try but yeah, it feels like a masterpiece experience the first time through. I was fully addicted my first time.",2025-05-08T07:55:01Z,5,CXCX18,gaming,2025-05-26T06:45:47.197337Z
mr7kpzo,1khkk0q,reddit,"It's a really big and impactful one shot experience, don't think there's much wrong with that",2025-05-08T08:00:34Z,3,KelwalaBear,gaming,2025-05-26T06:45:47.197344Z
mr7lpfw,1khkk0q,reddit,"I played the OG during covid and the whole post apocalyptic isolation but connected felt too real and the game was mind blowing. It’s been awhile since my first playthrough but with my 2nd being the director’s cut it’s amazing to experience the game with all the quality of life balances. I had an absolute blast with the new build items and it felt nice to have more fun with the game on the 2nd playthrough instead of shitting my pants with every BT encounter. Hideo Kojima truly is an artist and wizard at what he does and highly recommended every gamer out there give this game a try, even if it’s a little bit weird at times. Enjoy the ride, with Norman Reedus.",2025-05-08T08:11:01Z,2,Royal_Mud893,gaming,2025-05-26T06:45:47.197355Z
mr7k6hz,1khkk0q,reddit,"felt the same honestly, first playthrough was magic, second time felt more like a chore. still hyped for the sequel tho, just hoping it captures that spark again somehow",2025-05-08T07:54:54Z,4,Unusual-Estimate8791,gaming,2025-05-26T06:45:47.197362Z
mr7ktoy,1khkk0q,reddit,"My first playthrough was amazing. Second... not so much. Fine as a game, but no longer hitting as heavy as it did the first time. For me game just fell into two pieces - cutscenes dumping story on you and actual gameplay - and it was pretty hard to pull them back together in my head. Also, my second playthrough was on Dicrector's Cut in order to get all achievements, so story part was even more diluted due to the grid of deliveries and building zip line networks on each map. 

Nevertheless, I think that original DS is still a good game, but not the one will replay ever so often repeatedly. Sequel has to deliver A LOT in order to outmatch the original, but I don't have strong doubts about it.",2025-05-08T08:01:38Z,1,inconspicuos-user,gaming,2025-05-26T06:45:47.197369Z
mr7kvu8,1khkk0q,reddit,I feel the same.,2025-05-08T08:02:17Z,1,No-Play2726,gaming,2025-05-26T06:45:47.197376Z
mr7l90k,1khkk0q,reddit,"First play through: oh look at those lovely footprints coming towards me.
Second play through: RUN!",2025-05-08T08:06:10Z,1,doctor6,gaming,2025-05-26T06:45:47.197383Z
mr7m64q,1khkk0q,reddit,"I don't think I've ever replayed the game but that's because I've made two friends play it and I've rewatched all the cutscenes from their playthroughs. So experiencing the story 3 times I've never felt like replaying it myself, and now that we are close to 2 I don't wanna spoil the ""hunger"" for Death Stranding by replaying it now. But I've went back to my save multiple times after the credits, doing post game missions and things I've missed, going back in that world never gets old to me",2025-05-08T08:15:59Z,1,Antuzzz,gaming,2025-05-26T06:45:47.197390Z
mr7m9w9,1khkk0q,reddit,I uh ran out of motivation for the first shot pretty quick.,2025-05-08T08:17:04Z,1,Less_Party,gaming,2025-05-26T06:45:47.197397Z
mr7mbyl,1khkk0q,reddit,"For me, the first time I played it, I didn’t enjoy it. Second time I played it it became one of my favorite games of all time. I would see you need to be in a specific mood for these games to enjoy them. Can’t wait for the sequel!",2025-05-08T08:17:43Z,1,Humble-Criticism6762,gaming,2025-05-26T06:45:47.197404Z
mr7mf9l,1khkk0q,reddit,I'm glad I'm not the only one that feels like this!,2025-05-08T08:18:41Z,1,AppropriateTie5127,gaming,2025-05-26T06:45:47.197411Z
mr7n9oj,1khkk0q,reddit,"After finishing and being obsessed with the first DS, I bought the book (bad read, wouldnt recommend). Then the PC port came out and I bought it again to experience it on the PC. I couldnt play for longer than 2 hours or so.
Death Stranding is still one of my favorite games, but its a one time game.",2025-05-08T08:27:55Z,1,govnic,gaming,2025-05-26T06:45:47.197418Z
mr7nnps,1khkk0q,reddit,To me it worked and I returned to it couple of times when it was released six months later on PC. Had a lot of fun and expect to have twice as much on PS5 :),2025-05-08T08:32:10Z,1,LedditLetMeUseMyVPNf,gaming,2025-05-26T06:45:47.197425Z
mr7oyyl,1khkk0q,reddit,"Ive played about 40 hours on a second playthrough and have really enjoyed it, but just the one playthrough was worth it to me.",2025-05-08T08:46:16Z,1,Suvaius,gaming,2025-05-26T06:45:47.197432Z
mr7pb7x,1khkk0q,reddit,"I couldn't finish it, honestly. It has everything I should love, and all that Kojima absurdedness, but I couldn't do it.",2025-05-08T08:49:52Z,1,kynthrus,gaming,2025-05-26T06:45:47.197439Z
mr8fm6b,1khkk0q,reddit,0 shot for me. I just couldn't get into it. Which is weird since I played somewhat similar oddball games? Heavy Rain and Beyond Human twice.,2025-05-08T12:29:21Z,1,PTMorte,gaming,2025-05-26T06:45:47.197446Z
mr9stj2,1khkk0q,reddit,"I finished my run watching a play though on YouTube, so it’s not even a one shot for me ! I was in awe the first 4 hours then the gameplay really felt boring for me. But the story is excellent.",2025-05-08T16:44:18Z,1,bwedlo,gaming,2025-05-26T06:45:47.197453Z
mrax3pe,1khkk0q,reddit,"Yeah I only played through it once. Had a blast, but no inclination to play through it again. Which is fine, I don't need to be replaying long games, and my single run through was 100 hours. Got more than my money's worth, I can say for sure. (Granted, how much of that 100 hours was watching cut-scenes....30? lol)

More specifically, I think my favorite parts of Death Stranding were 1) exploring new terrain, discovering new areas, and going through the process of infrastructure development, and 2) going through the insane story and plot points. After you've played it once, then you lose the sense of discovery, hence not much in the way of replay value for me personally.",2025-05-08T19:59:57Z,1,RKU69,gaming,2025-05-26T06:45:47.197460Z
mrbzl0c,1khkk0q,reddit,"It's a play forever game I. My opinion, packages need delivered irl forever",2025-05-08T23:27:27Z,1,TheGodOfGames20,gaming,2025-05-26T06:45:47.197467Z
mrnbe59,1khkk0q,reddit,"Not my type of game, but there are definitely games worthy of a full price 'one shot' and Death Stranding would be on the list. No shame paying full price for that first experience because nothing is worse than having someone else rob that first experience from you.",2025-05-10T20:56:11Z,1,Hsanrb,gaming,2025-05-26T06:45:47.197474Z
mr7opy3,1khkk0q,reddit,"What’s the discovery you are referring to?

I got as far as the job where you have to >!carry your mother’s corpse!<. I was mildly enjoying the game, closed it for the night, then never picked it up again.",2025-05-08T08:43:39Z,-1,streetpatrolMC,gaming,2025-05-26T06:45:47.197481Z
mqyyrbh,1kgi7of,reddit,Mass Effect Legendary Edition is $6 if you haven’t played the series yet.,2025-05-06T22:57:08Z,44,IronAngel77,gaming,2025-05-26T06:45:48.977182Z
mqz23o7,1kgi7of,reddit,Terraria,2025-05-06T23:15:31Z,9,CjKing2k,gaming,2025-05-26T06:45:48.977190Z
mqyyyhm,1kgi7of,reddit,Slay the spire ,2025-05-06T22:58:12Z,15,DesignatedDecoy,gaming,2025-05-26T06:45:48.977194Z
mqyz5hh,1kgi7of,reddit,Hollow Knight,2025-05-06T22:59:16Z,9,KazakiriKaoru,gaming,2025-05-26T06:45:48.977199Z
mqyzeck,1kgi7of,reddit,"FTL: Faster Than Light.


Enjoy your digital crack.",2025-05-06T23:00:37Z,5,Innuendum,gaming,2025-05-26T06:45:48.977203Z
mqz1noa,1kgi7of,reddit,New Vegas sits around $3 all the time,2025-05-06T23:13:03Z,5,MadDoggie12,gaming,2025-05-26T06:45:48.977207Z
mqyyflc,1kgi7of,reddit,"Nine Sols is on sale now, amazing game.",2025-05-06T22:55:21Z,7,Searching_for_Wisdom,gaming,2025-05-26T06:45:48.977212Z
mqyy3ac,1kgi7of,reddit,Sex with Hitler 2,2025-05-06T22:53:29Z,15,N/A,gaming,2025-05-26T06:45:48.977216Z
mqyy6ye,1kgi7of,reddit,"You can get Final Fantasy X/X-2 bundle for 11.99 right now. Not sure if JRPGs with turn based combat are your cup of tea, but that is an absolute insane amount of content for that price!",2025-05-06T22:54:03Z,5,pugmanjc,gaming,2025-05-26T06:45:48.977220Z
mqz0eqt,1kgi7of,reddit,"Terraria ,
Fallout New Vegas goty edition",2025-05-06T23:06:11Z,2,kitchencrawl,gaming,2025-05-26T06:45:48.977224Z
mqz7lrp,1kgi7of,reddit,Enter the gungeon and exit the gungeon,2025-05-06T23:46:11Z,2,Mat_Hs216,gaming,2025-05-26T06:45:48.977229Z
mqyyzgr,1kgi7of,reddit,Outer Wilds,2025-05-06T22:58:21Z,5,shokamon,gaming,2025-05-26T06:45:48.977233Z
mqyyd49,1kgi7of,reddit,Vampire survivors or shower with your dad,2025-05-06T22:54:59Z,3,TheSeveredGarden,gaming,2025-05-26T06:45:48.977237Z
mqyyad1,1kgi7of,reddit,"""HOLE"" is a surprisingly fun little shooter, and you'll still have 7 bucks left.",2025-05-06T22:54:34Z,2,CleverInnuendo,gaming,2025-05-26T06:45:48.977241Z
mqyzaij,1kgi7of,reddit,Thronefall,2025-05-06T23:00:01Z,2,TapsRS,gaming,2025-05-26T06:45:48.977245Z
mqyz849,1kgi7of,reddit,Mass Effect Legendary Edition,2025-05-06T22:59:40Z,2,TheGenesisOfTheNerd,gaming,2025-05-26T06:45:48.977249Z
mqyztc8,1kgi7of,reddit,"undertale if you don't already have it spoiled, if you do then perhaps lethal company",2025-05-06T23:02:54Z,1,NoBrainer_7,gaming,2025-05-26T06:45:48.977253Z
mqyzx5v,1kgi7of,reddit,devil daggers,2025-05-06T23:03:29Z,1,lowerdark,gaming,2025-05-26T06:45:48.977257Z
mqz004m,1kgi7of,reddit,Ghost trick: phantom detective if it’s still on sale,2025-05-06T23:03:57Z,1,yournicestday,gaming,2025-05-26T06:45:48.977261Z
mqz0dl9,1kgi7of,reddit,"Nine sols I've heard it's on sale for 60% off on steam. Be warned only buy this game if you like parrying, but it's a fantastic game.",2025-05-06T23:06:00Z,1,zestywesty6,gaming,2025-05-26T06:45:48.977265Z
mqz0geb,1kgi7of,reddit,Deep Rock Galactic. It's on sale. Amazing multi-player hoard shooter/mining game. I have 800 hours and am still finding stuff to work on.,2025-05-06T23:06:26Z,1,Falco090,gaming,2025-05-26T06:45:48.977269Z
mqz0suo,1kgi7of,reddit,Brotato,2025-05-06T23:08:21Z,1,cruel_cruel_world,gaming,2025-05-26T06:45:48.977274Z
mqz0u6i,1kgi7of,reddit,Battlefield 1 is currently $1.99,2025-05-06T23:08:33Z,1,BladeThrough_,gaming,2025-05-26T06:45:48.977278Z
mqz0xhq,1kgi7of,reddit,"Lots of deals right now. You can still find a lot of Star Wars games on sale. There's also all the Mass Effect games, and such.   
  
But my clear favorite is **Deliver Us the Moon**. It's a great narrative-focused game with action, puzzles, and mystery. It's about restarting a derelict power station on the moon after everything has gone to hell. Currently, it's 3.74. It's worth every penny.",2025-05-06T23:09:03Z,1,VegetarianZombie74,gaming,2025-05-26T06:45:48.977282Z
mqz145k,1kgi7of,reddit,Hope. It’s a shooter with an unsettling vibe. It’s fully complete at launch and has rogue like elements. It takes 60 secs to start the game and play a round. Rounds last 10-15 mins and it’s completely solo. You unlock weapons and new maps to progress through.,2025-05-06T23:10:04Z,1,krisgonewild1,gaming,2025-05-26T06:45:48.977286Z
mqz16w8,1kgi7of,reddit,Undertale,2025-05-06T23:10:29Z,1,elwoodkitty,gaming,2025-05-26T06:45:48.977290Z
mqz19ef,1kgi7of,reddit,"Streamworld quest: hand of gilgamech is normally 28.99(Canadian) but is 90% off right now so $2.89


Worth it full price, absafuckinglutly a steal at less than 3 dollars!",2025-05-06T23:10:51Z,1,Chipdip88,gaming,2025-05-26T06:45:48.977295Z
mqz1g0u,1kgi7of,reddit,Spirit island. App adaptation of a board game. Huge amount of replay ability and strategy,2025-05-06T23:11:52Z,1,taylorcowbell,gaming,2025-05-26T06:45:48.977299Z
mqz1s9x,1kgi7of,reddit,"There is No Game - Wrong Dimension - my favorite game of the last few years. Not terribly long, but absolutely hilarious. If you like point-and-click style adventures, that's how it controls while spoofing that and other genres, and making a pretty decent friend out of Game (who denies there is one). Emotional at times too. You are you, the person behind the screen helping them out. I think having them address me specifically made me feel more involved and connected as well.",2025-05-06T23:13:46Z,1,Slosher99,gaming,2025-05-26T06:45:48.977303Z
mqz2ic6,1kgi7of,reddit,You can get most of the new tomb raider series for 12$.,2025-05-06T23:17:45Z,1,SandryFaToren,gaming,2025-05-26T06:45:48.977308Z
mqz2m30,1kgi7of,reddit,12 dollars off satisfactory,2025-05-06T23:18:20Z,1,TheUnitFoxhound6,gaming,2025-05-26T06:45:48.977312Z
mqz2mia,1kgi7of,reddit,Dwarven Realms or BTD6 if it's on sale.,2025-05-06T23:18:24Z,1,CosmicCalicoBTD,gaming,2025-05-26T06:45:48.977317Z
mqz317d,1kgi7of,reddit,The long dark it’s a winter survival game pretty sure it’s on sale for very cheap or it was a few days ago,2025-05-06T23:20:41Z,1,Basil2322,gaming,2025-05-26T06:45:48.977321Z
mqz387h,1kgi7of,reddit,Small Saga. Cute RPG with mice fighting gods (humans). Red wall meets final fantasy.,2025-05-06T23:21:47Z,1,Brother_of_Steel,gaming,2025-05-26T06:45:48.977325Z
mqz3kdm,1kgi7of,reddit,Night runners,2025-05-06T23:23:38Z,1,rabidninetails,gaming,2025-05-26T06:45:48.977329Z
mqz3pwi,1kgi7of,reddit,"Peggle deluxe and peggle nights and I promise you won’t regret it, they’re also both on sale for a dollar and some change right now in a bundle called peggle pack",2025-05-06T23:24:28Z,1,Commercial-Ad6249,gaming,2025-05-26T06:45:48.977334Z
mqz463v,1kgi7of,reddit,Hypnospace Outlaw,2025-05-06T23:26:57Z,1,I_Race_Pats,gaming,2025-05-26T06:45:48.977338Z
mqz4stj,1kgi7of,reddit,Shadow of war,2025-05-06T23:30:29Z,1,No-Safety-8051,gaming,2025-05-26T06:45:48.977343Z
mqz58pz,1kgi7of,reddit,my favorite game is currently $9.99,2025-05-06T23:32:56Z,1,alienclone,gaming,2025-05-26T06:45:48.977347Z
mqz5nxm,1kgi7of,reddit,Bioshock,2025-05-06T23:35:19Z,1,Neofucius,gaming,2025-05-26T06:45:48.977351Z
mqz69tk,1kgi7of,reddit,"Pro tip for something like this- if you go to steam and enter a blank search on the top right, you can get the full search page where you have more control of the results. You can simply change the price slider to your current balance, sort it by user reviews, and hit search. You can also refine the search with tags for the kind of game you feel like playing (RTS, story rich, platformer, or whatever). You will get some results for games that are really high on the list purely because the 5 people who played it liked it, but hey you might find a game that catches your eye that you end up really liking despite no one knowing about it.",2025-05-06T23:38:43Z,1,Corka,gaming,2025-05-26T06:45:48.977356Z
mqz73v6,1kgi7of,reddit,Hero’s is might and magic 3 or Hexen,2025-05-06T23:43:22Z,1,Foreign_Caramel_9840,gaming,2025-05-26T06:45:48.977360Z
mqz79nv,1kgi7of,reddit,CELESTE!!!!,2025-05-06T23:44:17Z,1,DoomSlayer7180,gaming,2025-05-26T06:45:48.977364Z
mqz7h0h,1kgi7of,reddit,Summer Sale June 27th.,2025-05-06T23:45:26Z,1,WolfBV,gaming,2025-05-26T06:45:48.977368Z
mqz7it1,1kgi7of,reddit,I dunno if its on sale right now but Titanfall 2. If its on sale its usually 3 bucks,2025-05-06T23:45:43Z,1,BloonH8TR,gaming,2025-05-26T06:45:48.977373Z
mqz7l2y,1kgi7of,reddit,"Nuclear Option. Insanely fun, very small storage size sim-cade flight game that offers a nice step up from Ace Combat or Project Wingman.",2025-05-06T23:46:04Z,1,Oper8rActual,gaming,2025-05-26T06:45:48.977377Z
mqz7u4l,1kgi7of,reddit,"Tunic is amazing; I’m so into it right now. Great puzzle elements, combat system, music. Similar to Hyper Light Drifter and old school legend of Zelda games. Highly recommend",2025-05-06T23:47:27Z,1,Successful_Drag7677,gaming,2025-05-26T06:45:48.977381Z
mqze3nj,1kgi7of,reddit,Ftl,2025-05-07T00:23:40Z,1,That_Which_Lurks,gaming,2025-05-26T06:45:48.977385Z
mqzjuf8,1kgi7of,reddit,Square Enix games are on sale quite a few 12 or under,2025-05-07T00:57:37Z,1,Spoofless,gaming,2025-05-26T06:45:48.977390Z
mqzmf8d,1kgi7of,reddit,plants vs zombies is $5,2025-05-07T01:12:58Z,1,Dreaming_Dreams,gaming,2025-05-26T06:45:48.977394Z
mqzuml0,1kgi7of,reddit,"Ori and the Blind Forest: Definitive Edition

Cost 4 dollars now while discounted. Beautiful platformer.",2025-05-07T01:59:42Z,1,Skurdie,gaming,2025-05-26T06:45:48.977398Z
mr059ra,1kgi7of,reddit,"need update, what did you end up buying?",2025-05-07T03:03:44Z,1,alienclone,gaming,2025-05-26T06:45:48.977402Z
mr0jnvb,1kgi7of,reddit,Either way you should wait for a sale to get as much bang for your 12 bucks,2025-05-07T04:45:33Z,1,Maximumaffort,gaming,2025-05-26T06:45:48.977407Z
mr3ffch,1kgi7of,reddit,"I'm absolutely HOOKED on Stardew Valley right now.

I bought it when it came out, and never touched it. A month ago I was browsing my steam library for something to quickly download, I chose Stardew Valley due to its tiny instal size because my laptop is almost full (full of games I don't play anymore 🤷🏼‍♂️). With the hour I was hooked, I had no idea what I'm doing, it somehow reminded me a bit of Minecraft and Terraria, games with no set goals and its waaaay deeper than what meets the eye.

A month later, I'm still to hit the Wiki, and nose dive into Reddit, I'm loving the open endless of it, there's rush to do anything, you just kind of free style it! 

My kids have been watching me obsess of this pixelated ""old fashioned game with bad graphics"" wondering what the hell I'm playing, now my eldest has it on his steam deck and is playing it with me, I'm just waiting for an SSD to arrive and Ill repurpose an old PC I have lay around and my youngest can joing us too!",2025-05-07T16:58:06Z,1,MrDonohue07,gaming,2025-05-26T06:45:48.977411Z
mqyy6uf,1kgi7of,reddit,"This is so weird I was just about to make a post about getting a recommendation having 3$ in my steam wallet, opened reddit and your post was on the top of my new page.",2025-05-06T22:54:02Z,1,Homeless_Alex,gaming,2025-05-26T06:45:48.977415Z
mqyyq5n,1kgi7of,reddit,"Conquest dark just came out for 10 dollars.

A survivor like game that is ""diablo build in 10 minutes"" at the core",2025-05-06T22:56:58Z,1,ZoulsGaming,gaming,2025-05-26T06:45:48.977419Z
mqyyls7,1kgi7of,reddit,"I've been getting into these short little incremental games that are around 5ish hours long, 8-10 to 100%, and only cost a few bucks. For $12 you could get 3 or 4.

Digseum

Lyca

Nodebuster

A Game About Digging a Hole

Deep Space Cache

Beat Around the Bush

Magic Archery",2025-05-06T22:56:18Z,1,weerdbuttstuff,gaming,2025-05-26T06:45:48.977423Z
mqyzdgj,1kgi7of,reddit,"Inside. 

I think it's heavily discounted right now.",2025-05-06T23:00:28Z,1,GazMembrane_,gaming,2025-05-26T06:45:48.977427Z
mqz0m6b,1kgi7of,reddit,1/5 of honey select 2,2025-05-06T23:07:19Z,1,internetlad,gaming,2025-05-26T06:45:48.977432Z
mqz10vj,1kgi7of,reddit,If you want to get addicted Balatro is very dangerous,2025-05-06T23:09:35Z,1,20wall,gaming,2025-05-26T06:45:48.977436Z
mqz3l2g,1kgi7of,reddit,Balatro. Great game thats pretty cheap and usually on sale.,2025-05-06T23:23:45Z,1,Impressive_List5644,gaming,2025-05-26T06:45:48.977440Z
mqyz47t,1kgi7of,reddit,Katana Zero….. worth the extra $3.,2025-05-06T22:59:05Z,0,NeSLeaF,gaming,2025-05-26T06:45:48.977445Z
mqyyb2b,1kgi7of,reddit,The Finals,2025-05-06T22:54:40Z,-1,PooinandPeein,gaming,2025-05-26T06:45:48.977449Z
mqyy9rp,1kgi7of,reddit,"Chrono trigger. Total war. Oblivion (not remastered thats more than 12 bucks), pretty sure you can get dishonored for 12ish bucms.",2025-05-06T22:54:29Z,0,Zama174,gaming,2025-05-26T06:45:48.977453Z
mqyybng,1kgi7of,reddit,Find a friend and buy don't starve together,2025-05-06T22:54:46Z,0,DerelictPhoenix,gaming,2025-05-26T06:45:48.977457Z
mqyz462,1kgi7of,reddit,Shapes,2025-05-06T22:59:04Z,0,Lovis83854,gaming,2025-05-26T06:45:48.977462Z
mqz1ido,1kgi7of,reddit,Sirocco. Just released for free. 5v5 ship combat moba.,2025-05-06T23:12:14Z,0,Ansaatsusha,gaming,2025-05-26T06:45:48.977466Z
mqz23h1,1kgi7of,reddit,Dredge,2025-05-06T23:15:29Z,0,godsibi,gaming,2025-05-26T06:45:48.977470Z
mr0p0x1,1kgi7of,reddit,I've used Steam since 2011. I've never heard of a Steam wallet before.,2025-05-07T05:30:50Z,0,10ea,gaming,2025-05-26T06:45:48.977474Z
mqyy7fy,1kgi7of,reddit,Celeste! it's $20 but it goes on sale often.,2025-05-06T22:54:08Z,-4,subvolt99,gaming,2025-05-26T06:45:48.977478Z
mqz0cw3,1kgi7of,reddit,Are you implying the games I like are not good? =(,2025-05-06T23:05:54Z,-1,ToyMasamune,gaming,2025-05-26T06:45:48.977482Z
mqo16pr,1kf4yug,reddit,"The most important thing to remember when playing a game with turn-based combat is to stop looking at the combat the same way you would a normal RPG. Since there’s no split-second reactions and real time combat, everything is vastly opened up, and your focus should turn to efficiency.

There are an infinite amount of ways to use up your turn and just as many good ways as there are bad ways. Every character gets an action, a bonus action, and a reaction. Finding fun and unique ways to use all of them at every opportunity is what makes the turn-based aspect enticing. It’s a puzzle with an infinite amount of moving pieces that you constantly have to adapt to.",2025-05-05T06:41:37Z,12,iAmLeonidus__,gaming,2025-05-26T06:45:49.993608Z
mqo3q23,1kf4yug,reddit,"Not about the gameplay but when you progress through the story and there are checks warning that you’re moving to a new area, make sure you finish exploring before moving on. I missed out on recruiting companions because i didn’t listen. I ended up restarting my play though.",2025-05-05T07:08:00Z,4,bloodredyouth,gaming,2025-05-26T06:45:49.993619Z
mqo0xl3,1kf4yug,reddit,"With the games you listed, I think I'd recommend just trying to really dive into doing whatever quest interests you as soon as you like. That might sound obvious, but in BG3 you're going to have to handle the camera angle and turn based combat. Making sure you're enjoying the things actually happening in the world is really going to help you power through. If thats being Mr niceguy, go ahead and do it. If you want to be the bad guy (tm), go ahead. If you want to help some but not others, do it with all your heart. That'll help you out a ton, in my experience",2025-05-05T06:39:02Z,4,XenoWarrior_GD,gaming,2025-05-26T06:45:49.993627Z
mqoao3n,1kf4yug,reddit,"Try not to ""meta game"". Try to define your characters personality and make decisions based on that rather than what you ""should do"".

That's my main advice. Don't think too hard, maintain the ""role playing"" aspect.",2025-05-05T08:21:59Z,4,armchairwarrior42069,gaming,2025-05-26T06:45:49.993634Z
mqo5h5a,1kf4yug,reddit,"The camera angle is one of the things that irked me too but it’s way better in BG3 than it is in Divinity original sin 2 for example. Don’t get me wrong, you’ll still have to deal with it, but it’s mostly during combat. For exploration, it’s actually very manageable and less noticeable. 

And as someone with some mild OCD when it comes to games like these, save scum if necessary. But don’t worry too much about making the “wrong choices”. The game has phenomenal pathways to play it however you want. 

Finally, enjoy the game mate! It’s the best RPG I’ve ever played and i was hesitant to get into the genre as well.",2025-05-05T07:26:36Z,3,abhi5692,gaming,2025-05-26T06:45:49.993641Z
mqopnvz,1kf4yug,reddit,"Remember there is no right way to play , do what you enjoy , if you want to sneak up on an enemy and push him of a roof its a valid tactic as is blowing him up with a barrel or just talking your way past him by saying his boss said '' its all fine''",2025-05-05T10:51:03Z,3,kaloPA,gaming,2025-05-26T06:45:49.993648Z
mqo66qi,1kf4yug,reddit,"I also dislike top down camera angle.  I loved BG3 though. Something about the camera just works. I’ve tried other top down camera games since and I couldn’t get into them. So there’s definitely something different about BG3 that makes its camera work.

My tips is 1) it’s hard (my party kept dying to a couple of bandits in the beginning). and 2) there are consequences to everything, you have so much choice.",2025-05-05T07:34:21Z,2,hannibal41,gaming,2025-05-26T06:45:49.993655Z
mqoekw2,1kf4yug,reddit,Get high ground for every fight. Thats all.,2025-05-05T09:04:08Z,2,BleachLusterSoldier,gaming,2025-05-26T06:45:49.993662Z
mqoigk8,1kf4yug,reddit,"The devs of BG3 put a lot of love in to making the game as close as possible to a real D&D experience, and that means that there are honestly tons of ways you can resolve things. Don't be afraid to try looking for alternate solutions or angles for approaching any encounter, including simply talking your way out of it. There are also no right answers, and the game doesn't punish you for failing to meet certain objectives by forcing you to restart the way other games might. Short of a total party wipe, if you fail an objective you just have to roll with the consequences of that failure and sometimes that means the game takes an entirely different route than you were expecting, so rolling badly isn't always terrible.

As for the actual combat mechanics, I would suggest watching a few combat tip tutorials on youtube or something for D&D newbies, because it can feel like a lot, but probably the most important things to keep in mind are action economy (the team that can take more actions in combat automatically has a leg up over the other team, so anything you can do to reduce the enemy team's actions will help immensely, stuff like taking advantage of surprise rounds, picking off weaker enemies first, and making sure to utilize all your actions, bonus actions, and reactions) and also ""Advantage"" and ""Disadvantage"" are real statuses within the game. You will see this pretty clearly when the game has you roll actions outside of combat, but in combat it's under the hood so it can go missed if you're not expecting it, but in D&D having advantage means you're rolling two dice and taking the higher number, while disadvantage means taker the lower number. The game tells you when you have them, so be sure to read all the tool tips that pop up when you're comparing what actions you want to take in combat (especially if you find you're rolling poorly a lot or showing a low chance for an attack to hit) and it'll tell you exactly what is contributing to you having Advantage or Disadvantage. Stuff like having the high ground, being too far away, ranged attacking from within melee range are just a few examples.",2025-05-05T09:44:36Z,2,Korrin,gaming,2025-05-26T06:45:49.993669Z
mqovqts,1kf4yug,reddit,"Take your time, and have fun.  There is no one right class or best party.  There are all kinds of things that will help you or give an advantage but none of its required, and even failing in the game can be fun.  Play what you want and do what you want.",2025-05-05T11:38:49Z,2,pipboy_warrior,gaming,2025-05-26T06:45:49.993676Z
mqqflt6,1kf4yug,reddit,"My suggestion is that your first character be a bit of a throwaway, I guess? That's how my first one went.

D&D, and thus BG3, have quite a few rules that you won't really know until you try playing the game. I had some prior experience due to playing Solasta but I still made lots of mistakes. One example is the Finesse property of weapons. All melee weapons have their hit bonus and damage bonus from Strength - unless they have the Finesse property, then you can use your Dex instead. Things like those.

So, I'd just pick a random class and species, and play the tutorial, until the first hub place, maybe a bit further. Then, you can make a character that you'd really want to dive through the whole game. 

In the end, if the gameplay is too hard or you just end up disliking turn based combat - just turn the difficulty to Explorer, and enjoy the story. It's a single player game, doing stuff like that is completely fine and having fun is the point.

  
After finishing the game, good luck on finding a D&D group. A couple months after playing it I started a D&D group with some friends as a Dungeon Master. Best thing I've ever done.",2025-05-05T16:47:03Z,2,RaccKing21,gaming,2025-05-26T06:45:49.993683Z
mqlkdi3,1ketyxv,reddit,Has enough time passed for us to finally get a teaser for Remedy's remakes of Max Payne?,2025-05-04T20:54:28Z,26,N/A,gaming,2025-05-26T06:45:51.124935Z
mqlojnx,1ketyxv,reddit,Looking forward to Fable tbh,2025-05-04T21:16:22Z,36,LegendStarsky,gaming,2025-05-26T06:45:51.124949Z
mqljmr0,1ketyxv,reddit,Half-Life 3,2025-05-04T20:50:34Z,18,WatercressEarly6151,gaming,2025-05-26T06:45:51.124956Z
mqlqupi,1ketyxv,reddit,Bannerlord war sails next month and EU5 will be announced Thursday,2025-05-04T21:28:38Z,5,Selhorys,gaming,2025-05-26T06:45:51.124963Z
mqlkw9s,1ketyxv,reddit,Tomb Raider,2025-05-04T20:57:13Z,4,RedFlagSupreme,gaming,2025-05-26T06:45:51.124970Z
mqlpv5a,1ketyxv,reddit,Gears of War 6 and Gears Trilogy on PS5 assuming it happens.,2025-05-04T21:23:26Z,5,RampagingBadgers,gaming,2025-05-26T06:45:51.124977Z
mqlqg06,1ketyxv,reddit,A new OD trailer,2025-05-04T21:26:31Z,3,T_raltixx,gaming,2025-05-26T06:45:51.124984Z
mqm2lpb,1ketyxv,reddit,Give me silksong or give me death ,2025-05-04T22:34:31Z,4,DamnImAwesome,gaming,2025-05-26T06:45:51.124991Z
mqlnzd8,1ketyxv,reddit,"Streets of Rogue 2


Slay the Spire 2


Dome Keeper's co-op update",2025-05-04T21:13:23Z,6,chillyhellion,gaming,2025-05-26T06:45:51.124998Z
mqlr4jr,1ketyxv,reddit,Forever waiting for a new Splinter Cell. The first game is what really got me into gaming,2025-05-04T21:30:05Z,3,tvbvt,gaming,2025-05-26T06:45:51.125005Z
mqlpd9b,1ketyxv,reddit,Bloodborne PC port. Copium :C,2025-05-04T21:20:45Z,8,MEEMREBAH,gaming,2025-05-26T06:45:51.125012Z
mqlmyta,1ketyxv,reddit,"Horizon 3 releasing May 2026.

They are so unlucky with their release dates.",2025-05-04T21:08:02Z,5,T_raltixx,gaming,2025-05-26T06:45:51.125019Z
mqlopgb,1ketyxv,reddit,"I was never particularly all that excited for GTA6 since I’m not even all that big a fan of GTA. 

However, Kingdom Hearts 4 has gone 3 years of silence. Surely we’re getting *something* at summer games fest.",2025-05-04T21:17:12Z,5,KhKing1619,gaming,2025-05-26T06:45:51.125026Z
mqlq9cy,1ketyxv,reddit,"Sequel to God of War Ragnarok, I’m hoping for announcement this summer and releases Fall 2026",2025-05-04T21:25:33Z,4,Potential_Owl7825,gaming,2025-05-26T06:45:51.125033Z
mqmfh91,1ketyxv,reddit,At this point GTA 7 will come out before GTA 6.,2025-05-04T23:49:24Z,5,NewfoundDG,gaming,2025-05-26T06:45:51.125040Z
mqljz47,1ketyxv,reddit,TES 6. Oblivion remaster just made me nerd out more and I'm even more hyped,2025-05-04T20:52:24Z,8,Mynamesrobbie,gaming,2025-05-26T06:45:51.125047Z
mqlznij,1ketyxv,reddit,"If rumors are to be believed, a Half-Life 3 announcement could happen this year. The Internet at large may care a little less about Half-Life 3 than about GTA6, but for me that'd be the other way around entirely.",2025-05-04T22:17:18Z,2,twonha,gaming,2025-05-26T06:45:51.125054Z
mqnkvvv,1ketyxv,reddit,Persona 6. I need new music,2025-05-05T04:13:16Z,2,Heuwender,gaming,2025-05-26T06:45:51.125061Z
mqohfoz,1ketyxv,reddit,Death Stranding 2 and Metal Gear Solid Delta.,2025-05-05T09:34:10Z,2,Its_Urn,gaming,2025-05-26T06:45:51.125067Z
mqp71st,1ketyxv,reddit,All the ETS2 and ATS dlcs maps being released.,2025-05-05T12:55:43Z,2,euMonke,gaming,2025-05-26T06:45:51.125074Z
mqln8sw,1ketyxv,reddit,Phantom Blade 0 looks fucking sick.,2025-05-04T21:09:28Z,5,ShambolicPaul,gaming,2025-05-26T06:45:51.125081Z
mqlj2gq,1ketyxv,reddit,"Resident evil 9,3rd horizon",2025-05-04T20:47:36Z,2,Certain_Mall_6947,gaming,2025-05-26T06:45:51.125088Z
mqlkn9p,1ketyxv,reddit,I'm surprised that there hasn't been a trailer attempted for Final Fantasy 17 yet.,2025-05-04T20:55:55Z,1,H0ly_Cowboy,gaming,2025-05-26T06:45:51.125095Z
mqm2gle,1ketyxv,reddit,Hogs of war Lardcore,2025-05-04T22:33:40Z,1,RetroGamingKnight,gaming,2025-05-26T06:45:51.125102Z
mqm4car,1ketyxv,reddit,I've got nothing.  I'm sure something will come up though.,2025-05-04T22:44:44Z,1,DasKinoFilm,gaming,2025-05-26T06:45:51.125109Z
mqmi55o,1ketyxv,reddit,The Ultima game.,2025-05-05T00:05:07Z,1,Ok-Metal-4719,gaming,2025-05-26T06:45:51.125116Z
mqmjent,1ketyxv,reddit,Metroid Prime 4 baby! A sci-fi game in 4K60 from Nintendo? Sign me the eff up!,2025-05-05T00:12:43Z,1,Steel_Ketchup89,gaming,2025-05-26T06:45:51.125123Z
mqmq6fl,1ketyxv,reddit,Red Dead Redemption 3,2025-05-05T00:53:49Z,1,kro85,gaming,2025-05-26T06:45:51.125130Z
mqns4pp,1ketyxv,reddit,Half-Life 3 confirmed 2025!,2025-05-05T05:14:16Z,1,nofallingupward,gaming,2025-05-26T06:45:51.125138Z
mqokrpw,1ketyxv,reddit,"Just give me Hytale bro, please.",2025-05-05T10:07:11Z,1,turshu_1,gaming,2025-05-26T06:45:51.125145Z
mqp4fum,1ketyxv,reddit,what is the deal with Gears of War E-Day? Is this coming out this year??,2025-05-05T12:39:03Z,1,geomaster,gaming,2025-05-26T06:45:51.125152Z
mqq3ru9,1ketyxv,reddit,Hopefully they announce either Halo or Gears of War for PS5,2025-05-05T15:48:33Z,1,Aerow,gaming,2025-05-26T06:45:51.125159Z
mqrk85e,1ketyxv,reddit,"Ninja Gaiden 4, Vampire: The Masquerade -Bloodlines 2, Dying Light: The Beast, Mafia: The Old Country and Hideo Kojima's OD",2025-05-05T20:04:13Z,1,Lanky_Station_1401,gaming,2025-05-26T06:45:51.125167Z
mqlonys,1ketyxv,reddit,There's gotta be another mainline pokemon coming soon I can smell it,2025-05-04T21:16:59Z,1,2ndActBooksCharlie,gaming,2025-05-26T06:45:51.125174Z
mqlrd44,1ketyxv,reddit,I'm just waiting for them to fix blue Prince on PS5.  It's literally the only thing I care to play right now and I can't 😭,2025-05-04T21:31:22Z,0,9_to_5_till_i_die,gaming,2025-05-26T06:45:51.125181Z
mqc3ion,1kdn4p5,reddit,"The fact that you could hit the gym to bulk up, and learn different fighting styles was mind blowing to me",2025-05-03T07:23:55Z,21,Strawhat-dude,gaming,2025-05-26T06:45:52.011860Z
mqc690t,1kdn4p5,reddit,"I suppose GTA:SA had a few things that kind of made me go ""wow. That's a real improvement"".

The variety of landscapes, the size of the map, buying clothes, getting tattoos, eating at fast food places and changing body type, going to the gym to work out, and the amount of side stuff you could do. It really made the game feel like a populated world with lots to do. GTA 3 and VC were basically empty after you finished the story, and there wasn't anything else to do.

Plus I liked the way you could do silly stuff and change the game slightly. After the gang wars mission where you have to get so many territories, you can get in a plane, and fly out as far as you can, and suddenly there are gang territories all over the map.",2025-05-03T07:52:20Z,3,Gseph,gaming,2025-05-26T06:45:52.011873Z
mqcifsc,1kdn4p5,reddit,This is what gta6 needs to have to justify the hype/progress in the company. Gtav is doesnt even have as much mini game love that gta:sa got. Can't even eat in that game.,2025-05-03T10:01:27Z,2,AdonisJames89,gaming,2025-05-26T06:45:52.011881Z
mqckrwy,1kdn4p5,reddit,"I remember trying to imagine what a 3D game looked like. My brothers were describing Duke Nuke 3D, and I had never seen a FPS game at that point, so I had to imagine what it looked like. I envisioned a dark empty area with part of a person in a spotlight, so you could see all their features if you moved around them. I didn't even know there would be a playable area etc, I couldn't even imagine it.

A very strange but neat gaming memory I have.",2025-05-03T10:24:51Z,1,computer_d,gaming,2025-05-26T06:45:52.011889Z
mqcpy6x,1kdn4p5,reddit,"Seeing the Graphical leap between Metal Gear Solid 1 and 2. Little kid me couldn't comprehend it was the ""same game""",2025-05-03T11:11:44Z,1,LazloDaLlama,gaming,2025-05-26T06:45:52.011903Z
mqe8jy7,1kdn4p5,reddit,"Gta sa aged very poorly. The real winner here is gta 4, came out just 4 years later and wiped the floor with gta sa, stunning 3d graphics, realism to the max, a much better structured storyline that doesnt devolve into memes and banger expansions for it.",2025-05-03T16:39:44Z,1,DeepDepths6,gaming,2025-05-26T06:45:52.011910Z
mqab4pl,1kdehq4,reddit,"The most recent price increases are because a certain infamous moron decided to launch a global trade war in the absolute dumbest way possible. However, it won't stop companies from making these prices the new normal, even if the extra taxes/tariffs are reduced to what they were about 3 months ago. Economists will all tell you that prices tend to be inflexible downwards. It's not a hard and fast rule, but generally if Company X finds a way to save 5% on production costs for some product, they won't go and reduce the price by 5%, instead just pocketing the extra profit.

The ownership bit has been a concern for a while. With digital games, you're just paying for a long-term rental and literally don't own anything. Not that game publishers don't go out of their way to try to lead you to think otherwise. Ubisoft had to admit to the long-term rental bit as part of a lawsuit they're involved in right now. Physical games... sure you have to get off your fat ass to change discs, and you have to find a place to store them, but as long as the disc is still readable, and the console and it's optical drive still work, you can always at least play the version of the game on the disc. Sadly that's usually a broken and buggy POS that may not even allow you to complete the game, but it's still more than you get with digital where the game can disappear from your library at any time, without any warning, and you're not even owed a simple apology.

I do think AAA game studios are riding a bubble that's just about ready to pop. AAA games have been stagnant since the mid-90s. Go play Wolfeinstein 3D from the mid-90s and then compare it to any random FPS of the last couple years. The core gameplay is still almost exactly the same. The 3D gaming that Wolf3D ushered in was the last major advancement in AAA gaming. Since then, more and more of a game's budget goes towards art assets and then whatever's left over is for the actual game part of the game. A lot of these companies would probably be better off just making CGI movies. And since AAA games now cost mid-9-figures to make, no one wants to risk making anything other than a rehash of existing IP, so we just get this year's Madden or COD, or we get remasters of old games which have tiny fixed budgets because most of the work is already done. Indie games are largely immune to this, but they also have a hard time breaking through because they don't have the marketing reach of major publishers. 

Hopefully when things implode for AAA developers they'll revert back to the days of the 2000s when they'd just crank out a bunch of smaller games and take a chance on things that would get laughed out of the building these days. Instead of hundreds of millions spent on one game, where character still move like they've got a fused spine and look like their clothing is literally a part of their body, they can maybe give 100 games a budget of $1m/ea and focus more on gameplay and less on graphics. The games that find the most success can be made into larger titles. Think like how Portal started out as just an expansion mod to Half-Life and then was made into its own stand-alone game.",2025-05-02T23:31:10Z,3,FreddyForshadowing,gaming,2025-05-26T06:45:52.941359Z
mqa7m5v,1kdehq4,reddit,The video game industry is gonna collapse because it needs to but what rises up after with unionized teams and development times less than ten years will be worth it. Let it all burn and go back and find some buried gems from the past 40 years. ,2025-05-02T23:11:09Z,2,Sequenzer9,gaming,2025-05-26T06:45:52.941371Z
mqaas4h,1kdehq4,reddit,"I know it's pretty much a cliche to bring up the indie/AA spheres in these discussions, but they really do have some amazing games if you don't mind sorting out the chaff a bit.

For anybody who thinks back on games from 20+ years ago and goes ""man why can't they make them like that anymore?"" this is where those kinds of games are sitting.

I also think AAA still has some good offerings too but I find myself more and more siding with the patient gamers. There are very few games that I can't wait a little bit to get on a discount, especially if they're gonna do another $10 jump in base price which will bring AAA games to $100 here in Canada.

As for ownership all I can say is that's why I prefer to buy on GOG where games have no DRM. They can claim I don't own my copy, but they also can't exactly just delete it from my PC. It puts me right back where I was 20+ years ago on game ownership.",2025-05-02T23:29:11Z,1,Sabetha1183,gaming,2025-05-26T06:45:52.941379Z
mqasvv9,1kdehq4,reddit,People really overdramatic about gaming. the way game industry are moving is the way how they make the money the most. it means people PAY for online service ALOT.  People will vote with their wallet.  Also most people dont care about preservation. gaming just one form of entertainment for casual people. so it is what it is.,2025-05-03T01:18:06Z,1,confusingadult,gaming,2025-05-26T06:45:52.941389Z
mqazsnx,1kdehq4,reddit,☠️,2025-05-03T02:01:05Z,1,Galle_,gaming,2025-05-26T06:45:52.941396Z
mqb0duz,1kdehq4,reddit,"Sounds like you need to get into DnD, noone can take it away from you",2025-05-03T02:04:49Z,1,According_Ad5863,gaming,2025-05-26T06:45:52.941404Z
mqb3uyy,1kdehq4,reddit,"I totally get your worries, gaming’s changing fast, and it’s okay to care this much. But hey, as long as passionate folks like you (and me) keep pushing for preservation and fair pricing, there’s hope. Also, enjoy *The Last of Us*—what a masterpiece. 🎮💙.",2025-05-03T02:27:22Z,1,marilyn_007,gaming,2025-05-26T06:45:52.941411Z
mqbdu33,1kdehq4,reddit,Saddest part of the increasing prices of games to me is just how many amazing games kids these days won't be able to afford.,2025-05-03T03:36:08Z,1,BBSpooderman,gaming,2025-05-26T06:45:52.941419Z
mqcpnhl,1kdehq4,reddit,"There's no need to worry. Look at games like Expedition 33, like someone will make great games that you can own and have good value. It's going to become something that happens more rarely, but it will happen.

BTW we don't have to buy the overpriced hardware and games. We can just play our huge backlogs and chill for a while until the market stabilizes and because more consumer friendly.",2025-05-03T11:09:15Z,1,QuinSanguine,gaming,2025-05-26T06:45:52.941427Z
mqa9q69,1kdehq4,reddit,"If you spend 100s of hours on a game I don't think that game or game company owes you a damn thing. I do not care about physical copies. I do not care if my access to a game I haven't played in years disappears. I do not care about increasing prices, gaming is one of the cheapest hobbies in the world even with increases. 75% of my steam library could be deleted tomorrow and I don't think I could even tell you what was removed. 

I get it. People don't like changes especially when they affect them negatively but this was always going to happen. You aren't owed differently. Face it or find a new hobby.",2025-05-02T23:23:09Z,-6,Erthan-1,gaming,2025-05-26T06:45:52.941434Z
mq95ta5,1kda1dj,reddit,"It's both - it's just a well made game. Story is really great, combat is really great. Plus its $45 dollars.",2025-05-02T19:51:09Z,41,SpikesMTG,gaming,2025-05-26T06:45:54.555327Z
mq97j89,1kda1dj,reddit,Lune doesn't wear shoes or socks so you can see her feet throughout the whole game.,2025-05-02T19:59:39Z,30,MarcusBernardi,gaming,2025-05-26T06:45:54.555334Z
mq963rr,1kda1dj,reddit,"You can tell they gave a shit making it would be my blunt way of putting it. 

There's no micromanaging or scumminess to it. Just a passionate team.

Edit:

Its combat is similar to Persona 5 with the vibe of Nier Replicant, with a heavy focus on dodging/parrying. The look of the combat is 100% pulled from person 5. The music is very similar to Nier, except French lol",2025-05-02T19:52:35Z,25,Biggman23,gaming,2025-05-26T06:45:54.555338Z
mq9dcyg,1kda1dj,reddit,"It's a fantastic story that grips you from the very beginning, but not enough emphasis is on the music.  You can tell whoever worked on the music was passionate to hit the exact mood at the exact time of a scene.  Emotions run deep in this game .",2025-05-02T20:28:24Z,7,Elegant-Presence8596,gaming,2025-05-26T06:45:54.555342Z
mq98bes,1kda1dj,reddit,"Incredible soundtrack, the composer is someone they found on soundcloud who might be a hidden master of their craft

Takes the timing based combat from games like Legend of Dragoon, Mario RPGs, Lost Odyssey, and refines it to an unimaginable degree

Story is incredibly emotional, characters are fantastic. It honestly feels like they did nothing but group booth sessions, the cutscenes can feel like watching TV show

The actual gear system for combat feels like something ripped from an ARPG. It's possible to hit the damage cap in literally the first few hours. Just insane stuff.

It's a game that was made by a team you could tell was passionate about what they were making.",2025-05-02T20:03:31Z,7,RagnarokCross,gaming,2025-05-26T06:45:54.555346Z
mq95r1l,1kda1dj,reddit,Both. Story is really good and the gameplay is fun and addicting even for someone like me who hates turn based games,2025-05-02T19:50:50Z,7,N/A,gaming,2025-05-26T06:45:54.555350Z
mq966dv,1kda1dj,reddit,"Both. It's extremely rare for me to consider playing a story game, buy it, and then not be able to put it down. My inventory is full of completely unrelated genres too. It's really good, I don't know what to tell you honestly.",2025-05-02T19:52:57Z,5,TheRealSmolt,gaming,2025-05-26T06:45:54.555354Z
mq9bbwg,1kda1dj,reddit,The fact that people are still asking the same dumb ass questions a week later is so weird to me. There's a million reviews and threads about this game already. What are y'all still asking about?,2025-05-02T20:18:25Z,5,Thisismyworkday,gaming,2025-05-26T06:45:54.555358Z
mq996t2,1kda1dj,reddit,"\- Characters have personality

\- The world looks good, albeit sometimes repetitive

\- Enemies are fun and sometimes goofy to look at

\- Pictos add some extra flavor to the game play and keeps things somewhat fresh

\- To build on the previous point, you can allocate stats and skill tree's to better define your experience in combat

\- Dodging/Parrying sometimes feels jank but adds to fights

\- It does consumables a little differently in that they refill after ""resting""

\- The open world is for the most part linear

In my honest opinion, the game is a solid 7/10. I'd take most of what you see online with a grain of salt because the community for the game suffers from ""Toxic Positivity"". If you have game pass, its 100% worth your time to try it out, if you don't have it then its not a bad grab for its tag. Overall, if you love games like Persona, Shin Tensei, and the like, there's a good chance you'd like this one.",2025-05-02T20:07:50Z,6,Xespria,gaming,2025-05-26T06:45:54.555362Z
mq96w9m,1kda1dj,reddit,Everything. It is a truly exceptional product and achievement.,2025-05-02T19:56:30Z,4,Ninety9_Dex,gaming,2025-05-26T06:45:54.555366Z
mq977jx,1kda1dj,reddit,I think it's more than the sum of its parts.,2025-05-02T19:58:04Z,2,kyle242gt,gaming,2025-05-26T06:45:54.555370Z
mq999hc,1kda1dj,reddit,"Combination of various things. They aren't new things. Super Mario rpg had push button do more damage and jump an incoming attack in the mid 90s. This game pushes the idea a bit further. But still allows for a lot of customization of your party. You can eventually take advantage of not being good at the mechanic if you want, so there is a good amount to build freedom. Like i an enemy that can charm party members and make them attack themselves or allies. No way to just auto break it and it doesnt wear off. Whole party gets charmed- game over. But you can dodge it, push your luck to parry it. Or, if you have it, equip a perk that negates the effect entirely so you dont even have to worry about it anymore. Or, if you have it, one that lets healing potions clear status effects. Up to you how you want to play it. Exploring areas takes from souls games a bit. Limited out of in and out of battle healing items that recharge when you rest at a rally point. But that also resets monsters in the area. But doesn't punish you for death like a soul game. So for me its an encouragement to say f it and try that optional boss you just happened upon. If you die, you'll only loose like 30 seconds of progress and still get to keep the item you ran past it to pick up. Music and voice acting is phenomenal. Story for me is pretty compelling. I like it a little dark. Game akes a lot of good stuff from other game and combines them in a way that works really well. It makes me want to keep playing it.",2025-05-02T20:08:12Z,2,ATD1981,gaming,2025-05-26T06:45:54.555374Z
mq9cmuu,1kda1dj,reddit,"For me it's the story, characters, world, music and graphics. 

Gameplay is also great but it's everything else that makes it a masterpiece in my opinion.",2025-05-02T20:24:51Z,2,Forsaken-Dog4902,gaming,2025-05-26T06:45:54.555378Z
mq95i9h,1kda1dj,reddit,Just started few days ago. I’m hooked. It’s all in one. But for me it’s the best story I’ve played in a SP game since Last of us 2. So plot alone has me hooked,2025-05-02T19:49:37Z,3,Windrider904,gaming,2025-05-26T06:45:54.555382Z
mq96s4g,1kda1dj,reddit,"The game just oozes charm honestly the world building is world class. The game would have been a marvel if it was made by an AAA, when you consider it was developed by a team of 33 people, it’s a master piece.

It’s hard to isolate one single thing as it really is the total package.",2025-05-02T19:55:56Z,5,ZidaneTribal2113,gaming,2025-05-26T06:45:54.555386Z
mq965jc,1kda1dj,reddit,"Its everything really. Its that its a high fidelity turn based RPG that the big guns like Square seem to poo poo as being 'unpopular' or 'unreasonable' to make (even though Atlus proved they can be successful ages ago). Also that its a western developed one is a big deal too.

But yes its the gameplay loop being very satisfying and rewarding while the story is top notch are the main reasons. I'm about five hours in myself and just want to keep playing to find out what happens next.",2025-05-02T19:52:50Z,2,Nayko214,gaming,2025-05-26T06:45:54.555389Z
mq99ppp,1kda1dj,reddit,"The story doesnt feel shallow. Whether thats because of the character design, voice acting, both (probably both)  
The combat feels well paced and both tense and relaxing at the same time. You want to hit those dodges and parries, but also its turn based so you can chill out for minutes at a time.",2025-05-02T20:10:27Z,2,RiseUpMerc,gaming,2025-05-26T06:45:54.555396Z
mq96a24,1kda1dj,reddit,"It’s the originality for me and for someone that doesn’t like turned based games the simple solution was to add quick time events just to keep me engaged. Plus it was game pass was going to pass it up but decided to give it a try and Im glad I did, pretty good game.",2025-05-02T19:53:26Z,1,HAMRBRO,gaming,2025-05-26T06:45:54.555401Z
mq96f67,1kda1dj,reddit,both.,2025-05-02T19:54:10Z,1,iAmNotAmusedReally,gaming,2025-05-26T06:45:54.555405Z
mq96y77,1kda1dj,reddit,All of it,2025-05-02T19:56:46Z,1,RemoveOk9595,gaming,2025-05-26T06:45:54.555409Z
mq97i7n,1kda1dj,reddit,"If I had to pick out one trait I'd say it's the story that really pulled me in, but quite honestly it's the combination of great writing, great music, great graphics, and great gameplay that makes this game a masterpiece in my eyes.",2025-05-02T19:59:30Z,1,Clockwork1283,gaming,2025-05-26T06:45:54.555413Z
mq98ct8,1kda1dj,reddit,It's got it all. Amazing title,2025-05-02T20:03:42Z,1,BumLeeJon420,gaming,2025-05-26T06:45:54.555417Z
mq98js6,1kda1dj,reddit,"I think it’s a mix of they did a good job with the game,story and world. And also people *want* to see smaller studios like this take a win when it’s deserved. Lots of people in gaming community say things like “we are tired of aaa games being pumped with no soul in them/ we need to put a spotlight on the good smaller studios out there and games made with heart” and this one of those that fits with that just like balatro,bg3,Elden ring and so on",2025-05-02T20:04:38Z,1,Practical-Aside890,gaming,2025-05-26T06:45:54.555421Z
mq98pti,1kda1dj,reddit,"Pretty much everything is executed extremely well. Story, acting, visuals, music, gameplay",2025-05-02T20:05:29Z,1,CruffTheMagicDragon,gaming,2025-05-26T06:45:54.555425Z
mq99dby,1kda1dj,reddit,It's the package. And for me the love these devs have for games just oozes through.,2025-05-02T20:08:45Z,1,RustlessPotato,gaming,2025-05-26T06:45:54.555429Z
mq99h85,1kda1dj,reddit,"It's a double A persona like game that's gritty with Super Mario RPG combat but more punishing. There isn't much more to the formula than that, it's not complicated why it's beloved.",2025-05-02T20:09:17Z,1,Spacemuffler,gaming,2025-05-26T06:45:54.555433Z
mq9agsn,1kda1dj,reddit,"If you haven't used gamepass before, only 1$ for PC and Exp 33 and Oblivion are both on it rn lol.  Grew up on JRPG turn based SNES games so fairly damn stoked to play a modern turn based game:D",2025-05-02T20:14:10Z,1,Evenwithcontxt,gaming,2025-05-26T06:45:54.555437Z
mq9b6dm,1kda1dj,reddit,It's more of a throwback to a style of high production jrpg that hasn't been seen much since the late 90s and early 2000s.  I wouldn't say it does anything \*especially\* unique (though its general world design and premise is very interesting imo) it just does everything very well in a style that has been mostly absent for the past couple decades.,2025-05-02T20:17:40Z,1,New_Needleworker_406,gaming,2025-05-26T06:45:54.555441Z
mq9c68g,1kda1dj,reddit,"Both, it has probably the best story i've seen in a JRPG, the best characters and absolutely 100% guaranteed the best combat in a JRPG",2025-05-02T20:22:33Z,1,Arkyja,gaming,2025-05-26T06:45:54.555445Z
mq9ce4d,1kda1dj,reddit,"The first ten minutes is all I needed.

A friend glazed it up pretty good and I went in very skeptical, but ... it just is that good.

I did turn down the difficulty as I can't dodge for shit.",2025-05-02T20:23:39Z,1,freakytapir,gaming,2025-05-26T06:45:54.555449Z
mq9cwgl,1kda1dj,reddit,It's everything.  Everything about it is good. They took good mechanics from other games and slapped it onto an amazing story on top of an amazing cast of characters on top of a unique environment where every biome is unique.,2025-05-02T20:26:09Z,1,Dopa-Down_Syndrome,gaming,2025-05-26T06:45:54.555454Z
mq9dzup,1kda1dj,reddit,"The hype has made me decide I’m buying it today when I get home. I’ve never been a big fan of turn based games, nor have I ever played one but I am definitely going to play this one.",2025-05-02T20:31:29Z,1,Mtj242020,gaming,2025-05-26T06:45:54.555458Z
mqan8jh,1kda1dj,reddit,"i think it is the best jrpg on the market right now, truly generational game",2025-05-03T00:43:37Z,1,confusingadult,gaming,2025-05-26T06:45:54.555462Z
mqg8her,1kda1dj,reddit,Everything,2025-05-03T23:15:10Z,1,Jacob01DP,gaming,2025-05-26T06:45:54.555466Z
mqhr0xk,1kda1dj,reddit,Going by other comments. Could it be sai that it found a way to be 'Yes of all trades. Master of all.' ?,2025-05-04T05:39:28Z,1,H0ly_Cowboy,gaming,2025-05-26T06:45:54.555470Z
mqtd7l1,1kda1dj,reddit,"It's how every single facet of the game lends itself to the story, in subtle ways that hit you later.  Even the skills have a surprisingly greater story depth to them (subtle, but more so than I've seen).  It's a game w/ a lot of ""Oh . . . ."" moments that becomes greater than the sum of it's parts.  It's an experience that can only be felt by playing it

  
EDIT:  That said, try and go in without \*expecting\* to be blown away.  Just allow yourself to experience it",2025-05-06T01:57:01Z,1,lobsterhoney,gaming,2025-05-26T06:45:54.555474Z
msaqyng,1kda1dj,reddit,"I'm getting to the end of the game and I'm liking the gameplay and story a lot but I think it lacks a bit in the characters department. The story is good, engaging. But I'm not that interested in the characters so far, only Maelle. Hopefully it gets better at the end. But, in comparison, I was way more engaged with characters from BG 3, FF 7 Rebirth, and FF XVI.",2025-05-14T16:49:52Z,1,Pegasus0026,gaming,2025-05-26T06:45:54.555478Z
mshg8yf,1kda1dj,reddit,"I'm over half way through with the game and Gameplay is fun, but other than that story is kinda meh. It tries to pull a Xenoblade and AoT without any good build up or execution. Like it expects me to feel for these characters, but they really haven't shown me much of them to care. If you played FF16 then expect that level of unearned payoff for huge story moments.",2025-05-15T17:37:40Z,1,Resh_IX,gaming,2025-05-26T06:45:54.555482Z
mq9ache,1kda1dj,reddit,So many vague bot answers!,2025-05-02T20:13:34Z,0,smad333,gaming,2025-05-26T06:45:54.555486Z
mq95ha5,1kda1dj,reddit,[deleted],2025-05-02T19:49:29Z,-6,N/A,gaming,2025-05-26T06:45:54.555490Z
mq97959,1kda1dj,reddit,"Combat is traditional but with an updated take on it, story is great, the music is fantastic and the world setting is beautiful. So far everything about it has been great and for 50 bucks? Can't beat it right now",2025-05-02T19:58:16Z,0,bluedemon82384,gaming,2025-05-26T06:45:54.555494Z
mq9dcg1,1kda1dj,reddit,"Imo idk why this is a mainstream game, feels like a bad anime",2025-05-02T20:28:19Z,-4,N/A,gaming,2025-05-26T06:45:54.555498Z
mq6mpov,1kczenn,reddit,I think Vice City was originally made as an expansion to GTA 3 but eventually became its own game,2025-05-02T12:15:54Z,19,DoeDon404,gaming,2025-05-26T06:45:55.940528Z
mq6mqsk,1kczenn,reddit,"I mean, not from scratch. It's built on what came before.",2025-05-02T12:16:07Z,8,Funmachine,gaming,2025-05-26T06:45:55.940539Z
mq6mnao,1kczenn,reddit,If you look at the map it's comically tiny compared to modern maps. They really jammed as much in as they could for how small it is.,2025-05-02T12:15:28Z,17,Magnon,gaming,2025-05-26T06:45:55.940547Z
mq6ngc9,1kczenn,reddit,You’re failing to acknowledge that Vice City was basically an add-on to GTA 3 which is why they looked so similar. The jump from VC to GTA 4 and from 4 to 5 justify the long development time,2025-05-02T12:20:40Z,10,No-Pollution1149,gaming,2025-05-26T06:45:55.940554Z
mq6mtgm,1kczenn,reddit,"Well, they already had the engine and most of the assets from GTA III so...",2025-05-02T12:16:35Z,4,Dry_Durian_3154,gaming,2025-05-26T06:45:55.940561Z
mq6n6vx,1kczenn,reddit,It took 4 years + 9 months.,2025-05-02T12:19:01Z,2,Revolave,gaming,2025-05-26T06:45:55.940568Z
mq6nyhw,1kczenn,reddit,"Vice city is to GTA 3 what Lost and the Damned was to GTA 4. 

GTA 6 is closer to GTA 3 to GTA 4.",2025-05-02T12:23:56Z,2,f1boogie,gaming,2025-05-26T06:45:55.940575Z
mq70t9f,1kczenn,reddit,It was a glorified reskin of GTA III,2025-05-02T13:39:33Z,2,Mohavor,gaming,2025-05-26T06:45:55.940582Z
mq70ucn,1kczenn,reddit,One of the best examples of smart asset reuse in gaming history honestly. Nobody even realized at the time they were just playing GTA3 again.,2025-05-02T13:39:42Z,2,Iggy_Slayer,gaming,2025-05-26T06:45:55.940589Z
mq6mlmi,1kczenn,reddit,"Okay, so?",2025-05-02T12:15:10Z,2,OneIShot,gaming,2025-05-26T06:45:55.940595Z
mq6o05g,1kczenn,reddit,"Just a bit of context: the engine was licenced and not developped in house, and the studio was already familiar with it, since they've already published another game on it, which btw also had similiar game design mechanics that could be repurposed for next game. So if that 9 month is true, then it was just a bit of game design, but mostly the asset and contet creation etc part. And it ended up being a game that can be finished in less than 40 hours even if you are a completionist according to hltb. 


(I don't play GTA games and don't care much about them, just thought I chime in what that 9 month means.)",2025-05-02T12:24:14Z,1,hendricha,gaming,2025-05-26T06:45:55.940602Z
mq6vui2,1kczenn,reddit,Don't forget the complexity of creating a game back then. They did a great job!,2025-05-02T13:11:51Z,1,Loud-Ad1284,gaming,2025-05-26T06:45:55.940609Z
mq79hpf,1kczenn,reddit,Uff The crunch most have been unreal,2025-05-02T14:23:43Z,1,Themuzucujata1432,gaming,2025-05-26T06:45:55.940616Z
mq7qoim,1kczenn,reddit,Tbh of all the gta game series gta vice city is my least favorite one to play idk why but it feels like its rushed not enough details into it liberty city is more fun,2025-05-02T15:45:35Z,1,EHdeadshot0,gaming,2025-05-26T06:45:55.940623Z
mqa743k,1kczenn,reddit,What actually??!,2025-05-02T23:08:18Z,1,Direct_Recording6197,gaming,2025-05-26T06:45:55.940630Z
mqc9z46,1kczenn,reddit,"Now you enlighten us, with us, GTA VC is the best childhood game. So epic!",2025-05-03T08:31:18Z,1,merg3infinite,gaming,2025-05-26T06:45:55.940637Z
mqg78fc,1kczenn,reddit,Oh my brain just got hit with a wave of memories...thank you,2025-05-03T23:07:24Z,1,MeringueAgitated753,gaming,2025-05-26T06:45:55.940644Z
mqsmb5e,1kczenn,reddit,I wish DJ Toni would Flash me her V-Rock ! ! !,2025-05-05T23:23:53Z,1,Cid-Deckard,gaming,2025-05-26T06:45:55.940650Z
mq6nh8r,1kczenn,reddit,"I played my OG non-Enhanced version of this on my laptop recently as it's one of the few 3D games that will even run on it and it really does still hold up. 

Massive leap forward in every way from III and just some of the most fun missions in any GTA game. That RC helicopter building site demolition mission is particularly outstanding.",2025-05-02T12:20:50Z,1,simagus,gaming,2025-05-26T06:45:55.940657Z
mq6ytmo,1kczenn,reddit,"As someone who just played it, it sure as hell feels like it.

I enjoyed it, but not even nostalgia can hide its limitations.",2025-05-02T13:28:38Z,1,keyrodi,gaming,2025-05-26T06:45:55.940664Z
mq70505,1kczenn,reddit,GTA6 is going to have in-game purchases for real world products.,2025-05-02T13:35:56Z,0,brwnwzrd,gaming,2025-05-26T06:45:55.940671Z
mq6mm8j,1kczenn,reddit,Gta6 25 years and counting,2025-05-02T12:15:17Z,-5,Norpsely,gaming,2025-05-26T06:45:55.940678Z
mq6m6rx,1kczenn,reddit,"As someone who doesn't particularly care about graphics, I sometimes wish we could go back to that developer mentality",2025-05-02T12:12:27Z,-20,stanthetulip,gaming,2025-05-26T06:45:55.940684Z
mq5urez,1kcvjd2,reddit,Trump has imposed a tax on a good chunk of hardware that is passed on to you.,2025-05-02T08:09:10Z,13,da2Pakaveli,gaming,2025-05-26T06:45:57.267858Z
mq5up6p,1kcvjd2,reddit,"One answer that is difficult to fully explain, but easy to understand intuitively, is that all economic influences are all true, and some have a bigger effect than others. At the same time, given how the economics/pricing in the games industry have historically worked, these effects aren't continuously noticeable to consumers. Instead, we get spikes. A console doesn't get 1% more expensive every three months like groceries may; a console gets 25% more expensive every five to ten years (numbers for show, not actual figures). 

An easy comparison is an earthquake. We know what causes one: tectonic plates shift very, very gradually, until all the built-up force comes out all at once. You don't notice the gradual shift / build-up, but you definitely notice the quake. For gaming, a new console generation is a bit like such an earthquake: it was building and building, and when it is unleashed, you get a forceful change.",2025-05-02T08:08:30Z,5,twonha,gaming,2025-05-26T06:45:57.267870Z
mq5ymyd,1kcvjd2,reddit,"Latest is Trump tariffs. Previously inflation, costs of parts due to inflation and other factors (as I presume AI has been hoovering up resources to make chips so Google AI can copy whatever is on Wikipedia) and probably some corporate greed in there as well.",2025-05-02T08:50:45Z,4,Antergaton,gaming,2025-05-26T06:45:57.267878Z
mq5tyc5,1kcvjd2,reddit,Trump,2025-05-02T08:00:38Z,9,Bob_the_peasant,gaming,2025-05-26T06:45:57.267887Z
mq5voib,1kcvjd2,reddit,"Nintendo is raising prices on games because they believe that doing so will get them more money.
Essentially, Nintendo believes that the vast majority of their customers will accept these raised prices, and still buy their game.

You can call it greed if you want, but in the end this is how business works. You charge what people are willing to pay for your goods and services.

Tariffs and similar can of course also drive up prices, but that would show as a difference in costs between countries with and without tariffs.

Inflation is also behind this, but it's what's driving the first point. People are willing to pay more, as they have more money (in total dollar amounts that is, but of course everything else also gets more expensive)",2025-05-02T08:19:02Z,3,azthal,gaming,2025-05-26T06:45:57.267895Z
mq5uan2,1kcvjd2,reddit,"Tariffs brotha. The good news is the reason is clear. The bad news is that we can’t do anything about it. 

If you only follow gaming subs maybe you have been insulated but gaming is far from the only thing facing sudden and drastic price increases.",2025-05-02T08:04:14Z,5,GrindblueNightmare,gaming,2025-05-26T06:45:57.267903Z
mq5xe4s,1kcvjd2,reddit,"Capitalism requires infinite growth, infitine growth requires inflation",2025-05-02T08:37:38Z,4,St3ampunkSam,gaming,2025-05-26T06:45:57.267910Z
mq5u4ds,1kcvjd2,reddit,"Greed. The capitalists found out that there was a huge market for gaming and now most of the AAA studios are headed by people that don't know anything about games, only about making money.  

Bobby Kotick was probably the posterchild for this kind of behavior.",2025-05-02T08:02:25Z,3,Frostbitez,gaming,2025-05-26T06:45:57.267918Z
mq60uf7,1kcvjd2,reddit,"The real reason is that game prices didn't increase in price with inflation, actually it went down in early 2000s and stayed down for over 20 years. You could say that it's correcting itself. 

Coinciding with the global market being in a rut for multiple years post-covid. For games especially so since tech/games thrived in covid and sucked in the aftermath. The aftermath being the covid countermeasures requiring extreme amounts of money, which meant governments were printing money like crazy. Which resulted in loan interests being jacked up to counter the inflation by decreasing people's ability to buy things. And the economic downturn resulting in people affording less games. Tech/game studios over hired in covid. Then you throw the tariff scare ontop of that. 

The Ukraine war is positive for most things (many countries are profiting a ton) , but it severely affected European food prices and electricity prices which means less frivolous spending for European consumers which affects the gaming market.

The dollar and euro also strengthened itself massively in the past 15 years while smaller currencies weakened itself. Some got halved in euro/dollar buying power in that time frame which naturally doubles the price for ""imported"" goods like games/consoles/hardware.

And lastly, the golden age of tech/games is over. Some people might have just now realized the enshittification/shrinkflation that has been going on for many years. I think the market is going to stabilize, but we're facing a new disaster; critical mass of data centers. We can't just exponentially create new data centers to accommodate the world getting access to technology. Data centers that accommodate ""free"" services like youtube/steam CDN's.",2025-05-02T09:13:57Z,1,kengro,gaming,2025-05-26T06:45:57.267925Z
mq6iorb,1kcvjd2,reddit,"Its a little bit of everything honestly, and don't forget we just had a tech bubble burst during covid to. All those layoffs weren't just in gaming. So now AAA gaming companies are trying to make the same super large games with half the staff. Pushing production a few extra years, and time is money...",2025-05-02T11:48:42Z,1,vendettaclause,gaming,2025-05-26T06:45:57.267932Z
mq7myh0,1kcvjd2,reddit,"It’s a combination of economic and financial factors. At the end of the day, major gaming companies are out there to make money. If you want to play AAA games at launch and purchase new console hardware, that’s the price you pay. 

Also keep in the mind, the gaming landscape has expanded a lot over the recent years. From indie to mobile gaming, there are more games at various price points for gamers to enjoy.",2025-05-02T15:27:59Z,1,_mh05,gaming,2025-05-26T06:45:57.267940Z
mq8sfyz,1kcvjd2,reddit,"At the end of the day gaming is still a very cheap source of entertainment. Let’s use Nintendo as an example since they release games that appeal to all age demographics. Okay so let’s say the new Mario Kart game comes out, you buy it and get a good 20-30 hours of enjoyment, and your kid gets another 20-30 hours of enjoyment, that right there is more value than taking your kid to a 2 hour movie and buying pop corn and drinks, and vastly much cheaper than a day (6-8 hours) out at the local water park/carnival where you’d be paying at minimum $100. Considering the game can be replayed and/or has things to bring people back that 20-30 hours of entertainment can balloon into 60-70+.

At the end of the day, especially with Nintendo games, you have to look at long term value. Yes, it’s an $80 entrance fee, but you’ll get countless hours of enjoyment versus any other option.",2025-05-02T18:44:48Z,1,usual_suspect82,gaming,2025-05-26T06:45:57.267947Z
mq5uhbh,1kcvjd2,reddit,"Nintendo games have always been pretty expensive, so this is really just the natural inflation of that, specially combined with the massive increase in console price. This is them in their 2000s era success period where they kept pushing to see how far they could go, again. It's unlikely we'll see it change, unless either Nintendo drops a Switch U fumble, or the handheld market gets more competitive to the point their exclusive nintendo games aren't enough anymore.",2025-05-02T08:06:10Z,1,XsNR,gaming,2025-05-26T06:45:57.267955Z
mq5vhfa,1kcvjd2,reddit,"> But is it more complex than that, or simpler?

Given how many moving parts there are, the actual and material reasons often can be very complex - but a surprising many can be boiled down to ""Greed"" at *some* level.

Take, for example, Trump's tariffs. They are currently wreaking havoc on supply chains, and through that with business calculations. I am bringing it up again and again because it's so pertinent, but if you have an hour or three, watching Gamers Nexus' ""[The Death of Affordable Computing](https://www.youtube.com/watch?v=1W_mSOS1Qts)"" sheds a light on the particulars *why* this is bordering on an apocalyptic situation for many. Like Hyte, for example, simply no longer being *able* to sell in the US because their economics of scale mean they would lose money on every sale - but to make money, they would have to raise prices to where nobody in their right mind would be buying - so they're pulling out of the US *and still have to make up that shortfall of 65% of their market elsewhere* - which probably means increased prices in markets they stay in. And why the tariffs in the first place? Greed.

On the other hand, this very real problem can also be a cover for companies and products that are *not* caught in that tariffying situation; They're seeing a nice opportunity to lift the price ceiling *because* they understand that customers just generally expect for prices to go up right now. And, of course, once they go up - very rarely do they go down again. 

edit: And as laid out above, some of those increases may be done to make up for losses elsewhere. How fair you find that is probably a matter of personal opinion. I, for my money, do *not* see why I in the EU, for example, should finance US prices remaining stable (Like Sony apparently wants to calculate it).",2025-05-02T08:16:55Z,1,The_Corvair,gaming,2025-05-26T06:45:57.267962Z
mq5w7zl,1kcvjd2,reddit,"There's multiple things going on here.


1) inflation devalues money over time.  $100 today is worth $80 in today's dollars (""buying power"") in a few decades.


2) stagnating wages means as the cost to produce things inflates, the income doesn't inflate with it - so there's aggressing pressure for companies to keep prices the same for a long long time (see: ""the $60 game"")


3) game productions are getting bigger and bigger.  Nintendo makes their own tools, even.  


4) many companies know they can't increase base game price to offset production costs, so they pepper the games with micro transactions.  Some companies build entire games around these because they know pseudo-gambling is addictive.  This dynamic forces most developers into a tough spot:  charge higher prices, get fewer sales, or charge lower prices and try to make it up in micro transactions.


5) for developers that DON'T do micro transactions (Nitnendo) - there's only one real way to increase revenue: increase the game price.




I don't think it's greedy for a game developer to charge more money.  I think it's offensive to sell software I can't own, physically, though",2025-05-02T08:24:52Z,1,NeedAVeganDinner,gaming,2025-05-26T06:45:57.267970Z
mq5xds1,1kcvjd2,reddit,"Everything has gone up. It just took gaming a bit longer to catch up.
At the end of it all, People don't care why the prices that have gone up, only that they have gone up. 

I don't buy new full priced games, so I don't notice as much. Mostly playing older stuff these days.

I feel like USA has had the cheaper games in comparison to most places. New games have been more expensive in japan for years.",2025-05-02T08:37:32Z,1,Kibroman,gaming,2025-05-26T06:45:57.267977Z
mq5vga9,1kcvjd2,reddit,"> Is Nintendo just coincidentally the first to raise prices


Have you, like, just not seen Sony? They keep raising the price _of an existing console_.",2025-05-02T08:16:34Z,0,Elestriel,gaming,2025-05-26T06:45:57.267984Z
mq5vvsk,1kcvjd2,reddit,"They aren’t really getting substantially more expensive. The more interesting part about game prices is how little the prices increased compared to many other luxury goods. Early 90’s game prices in the United States were somewhere in the 40 to 60 dollar range. Since then, average wages have nearly tripled but game prices only increased by 50 to 100 percent.",2025-05-02T08:21:11Z,0,bamboo_of_pandas,gaming,2025-05-26T06:45:57.267992Z
mq5uhor,1kcvjd2,reddit,"Lack of investment. Shareholders have moved onto the next area where they can possibly get infinite growth, currently AI.",2025-05-02T08:06:17Z,-1,Solar-Squirrel,gaming,2025-05-26T06:45:57.267999Z
mq5uuj5,1kcvjd2,reddit,"The final reason is ""because they can"". But for the initial reasons, the system is so complex and interwoven, that I don't think anyone can predict anything. And they didn't. No one predicted Switch 2 price hike, no one predicted the tariffs coming or going. Look how stock market reacts - it goes down *minutes* after some news drops. Would this happen if there were large, predictable patterns, like currents on the ocean? No, it wouldn't. But it does, because there aren't. Modern economy is a giant slot machine that reacts to whomever happens to pull the lever that day.",2025-05-02T08:10:04Z,-1,ned_poreyra,gaming,2025-05-26T06:45:57.268007Z
mq5utaj,1kcvjd2,reddit,"I also was curious and tbh, didnt feel like writing a long text. So I asked ChatGPT. I dont know whether this is what you want or not, but it seems like a comprehensive and satisfactory explanation:

""Yeah, there are quite a few financial factors behind the rise in video game prices, aside from potential company greed:

1. Development Costs

Modern games are far more complex and require huge teams of developers, artists, writers, and other specialists. The cost of producing a AAA game today is significantly higher than it was a decade ago. High-quality graphics, advanced physics, expansive worlds, and voice acting all contribute to skyrocketing budgets.


2. Inflation

Over time, the value of money decreases. **The last major price increase for standard games happened over a decade ago**, and inflation has reduced the real purchasing power of that same amount of money. So, raising prices helps companies keep up with inflation and maintain their profit margins.


3. Increased Production Values

Gamers now expect a high level of polish, longer gameplay hours, and constant updates. This adds to development time and costs, including post-launch support and DLC.


4. Marketing Expenses

The cost of marketing games has also increased. Big releases now come with huge marketing campaigns, partnerships, and promotional events, all of which drive up costs.


5. Rising Labor Costs

As the industry has grown, so have salaries for skilled developers, designers, and other professionals. Competing for top talent in a highly competitive market means paying more, which gets factored into the final product price.


6. Currency Fluctuations and Global Markets

Companies also adjust prices based on global economic conditions. Currency fluctuations can affect pricing decisions, especially in regions where the value of the local currency has changed relative to the dollar or yen.


7. Longer Development Cycles

Games now often have longer development cycles, sometimes taking 4-6 years or more to develop. This extended timeline means more money spent on salaries, software, and other resources before the game even hits the market.


8. Increased Expectations for Post-Launch Content

Gamers often expect ongoing updates, expansions, and live services. This means more investment in a game's lifespan, which can justify higher initial prices.


All these factors combine to make the $70 or even $90 price tag more common, especially for flagship titles.""",2025-05-02T08:09:42Z,-2,dynamic_gecko,gaming,2025-05-26T06:45:57.268014Z
mq5urgt,1kcvjd2,reddit,"1. Inflation, currency value shift and still pandemic aftermath 
2. Rising dev cost - rising team sizes, longer development cycles and player expectation of post-launch support
3. Technological Advances and Consumer expectation for newer and better hardware as well as higher fidelity visuals even on handheld consoles
4. prices being anchored - if one big company raises their prices successfully, other companies follow (if they buy it, we can sell it for that price, too) 
5. Tariffs (so, yes. Trump, also, but less impactful than you‘d expect)
6. profit maximization

Summary by ChatGPT:

Games today feel more expensive, but it’s not as simple as saying they cost more than 10 years ago. A big new game still often costs $60–70, just like some did back then—but now there are more ways for companies to make money after you buy the game, like selling extra content or costumes. Also, things like money losing value (inflation) mean $60 today isn’t worth as much as $60 was back then. So even if the price looks the same, you’re actually paying more for less—and sometimes you need to pay extra to get the full experience.",2025-05-02T08:09:11Z,-2,TheRobertNox,gaming,2025-05-26T06:45:57.268021Z
mq5u9cz,1kcvjd2,reddit,"The first word that comes to mind would be ""Bloat"" closely followed by ""incompetence"" and ""greed"".",2025-05-02T08:03:52Z,-5,erlo68,gaming,2025-05-26T06:45:57.268029Z
mq5v2hz,1kcvjd2,reddit,The easiest explanation is supply and demand. If people are willing to pay 80 or more for a game then thats the price games will be. If selling games for 40 lead to over 2x times the sales then that would be the standard price. The other is inflation,2025-05-02T08:12:26Z,-3,TheQomia,gaming,2025-05-26T06:45:57.268036Z
mq1ckfx,1kcby2d,reddit,[deleted],2025-05-01T15:51:59Z,12,N/A,gaming,2025-05-26T06:45:58.188381Z
mq1jwrb,1kcby2d,reddit,I can see it being scarier but a worse experience,2025-05-01T16:28:31Z,6,xdrkcldx,gaming,2025-05-26T06:45:58.188400Z
mq1jas5,1kcby2d,reddit,You forgot the most important part. Having to navigate around your catches as the boat's inventory fills up,2025-05-01T16:25:30Z,3,BleydXVI,gaming,2025-05-26T06:45:58.188412Z
mq1bma5,1kcby2d,reddit,Dreadmoor - [https://www.youtube.com/watch?v=6qTJLmjKysU](https://www.youtube.com/watch?v=6qTJLmjKysU),2025-05-01T15:47:22Z,4,Moontorc,gaming,2025-05-26T06:45:58.188422Z
mq1bp7s,1kcby2d,reddit,My nightmares are vivid enough already thanks,2025-05-01T15:47:45Z,1,DeepFuckingKoopa,gaming,2025-05-26T06:45:58.188433Z
mq1bxx1,1kcby2d,reddit,"It'd definitely make it more intense, first-person literally puts you in the characters shoes and the game is already creepy with the 3rd person isometric view. 

It'd probably be fun but would be probably better suited to be it's own separate game since I think that would change the game quite a bit.",2025-05-01T15:48:56Z,1,LolYouFuckingLoser,gaming,2025-05-26T06:45:58.188443Z
mq1j2sc,1kcby2d,reddit,"Would be incredible horror game

Imagine you sailing the ship at night with no background music , creepy",2025-05-01T16:24:25Z,0,foreveraloneasianmen,gaming,2025-05-26T06:45:58.188453Z
mq1j6qf,1kcby2d,reddit,Yep. Dreadmoor.,2025-05-01T16:24:57Z,0,Fadamaka,gaming,2025-05-26T06:45:58.188464Z
mq1yrb0,1kcby2d,reddit,The company is making a first person like Dredge game looks amazing just can’t remember the name ha,2025-05-01T17:39:48Z,0,FrenchieZeus,gaming,2025-05-26T06:45:58.188475Z
mq1h7yx,1kcby2d,reddit,"Games with horror themes typically thrive on engaging your imagination, and rely on your suspension of disbelief. First person perspective games do the opposite: They try to *immerse* you in the environment and typically require little suspension of disbelief.

I think it would be a boring, chore-like game in first person.",2025-05-01T16:15:10Z,-2,Mithrawndo,gaming,2025-05-26T06:45:58.188486Z
mpzyx2x,1kc604c,reddit,About 400 of them,2025-05-01T11:06:13Z,39,BlindingsunYo,gaming,2025-05-26T06:45:59.311121Z
mpzyw0u,1kc604c,reddit,One?,2025-05-01T11:05:59Z,22,CaptainLethargy,gaming,2025-05-26T06:45:59.311134Z
mpzyzm7,1kc604c,reddit,"What's this ""one"" business about?",2025-05-01T11:06:48Z,15,ArmadilloGuy,gaming,2025-05-26T06:45:59.311142Z
mpzz48d,1kc604c,reddit,Lol one. LMAO,2025-05-01T11:07:51Z,12,jibbyjackjoe,gaming,2025-05-26T06:45:59.311150Z
mpzzmhi,1kc604c,reddit,Just one?,2025-05-01T11:11:58Z,6,No-Play2726,gaming,2025-05-26T06:45:59.311158Z
mpzzfu6,1kc604c,reddit,I've got more of those than I am willing to admit.,2025-05-01T11:10:28Z,5,EvilTactician,gaming,2025-05-26T06:45:59.311166Z
mpzz0jh,1kc604c,reddit,Probably every horror title. I like collecting games but I'm a big wuss when it comes to horror,2025-05-01T11:07:01Z,4,C4se4,gaming,2025-05-26T06:45:59.311174Z
mpzzfd4,1kc604c,reddit,"Cyberpunk is the most notable, Witcher 3, and about 500 indie games lmao.",2025-05-01T11:10:21Z,2,masterprtzl,gaming,2025-05-26T06:45:59.311181Z
mq02g7n,1kc604c,reddit,"my top one is Baldur's Gate 3, partly because I dread how much time I can potentially sink into it, time that I don't have ... but yeah, as many others here, hundreds of games, because collecting games and playing games are two different and completely unrelated hobbies",2025-05-01T11:33:39Z,2,Xen0byte,gaming,2025-05-26T06:45:59.311189Z
mpzz65v,1kc604c,reddit,"Metro 2033: Redux.

Reason: I played them on console but picked up the Redux the other day when it was free on Steam for some odd reason.",2025-05-01T11:08:18Z,1,Aldu1n,gaming,2025-05-26T06:45:59.311197Z
mpzzj6t,1kc604c,reddit,"Oblivion. Pre-~~remake~~remaster  
I'm sure I'll manage to play it, someday.",2025-05-01T11:11:13Z,1,Rio_Walker,gaming,2025-05-26T06:45:59.311204Z
mq006w0,1kc604c,reddit,Well many lol but Arma 3,2025-05-01T11:16:29Z,1,Nath_gamer,gaming,2025-05-26T06:45:59.311212Z
mq00igc,1kc604c,reddit,"If we're talking about ""one that stands out"" it would be This War of Mine

I bought it pretty much just to support the devs. Couldn't quite build up the strength to go play it",2025-05-01T11:18:58Z,1,Welstatt,gaming,2025-05-26T06:45:59.311220Z
mq00mmd,1kc604c,reddit,"More like ""what's that one game you bought on Steam that you actually got around to installing"" amiright",2025-05-01T11:19:52Z,1,TheSwedishOprah,gaming,2025-05-26T06:45:59.311228Z
mq0178o,1kc604c,reddit,About 600-800 games,2025-05-01T11:24:18Z,1,TrickZookeepergame52,gaming,2025-05-26T06:45:59.311235Z
mq01sjd,1kc604c,reddit,Rookie number!,2025-05-01T11:28:47Z,1,Darth-mickyluv,gaming,2025-05-26T06:45:59.311243Z
mq01uq0,1kc604c,reddit,All of them. I need a new pc.,2025-05-01T11:29:15Z,1,McDullBoy,gaming,2025-05-26T06:45:59.311251Z
mq035zb,1kc604c,reddit,"None. I've *installed* every game in my library so I could back them up on my NAS. Whether or not I've actually *played* the games, well, that's a totally different story.",2025-05-01T11:38:58Z,1,Dalimyr,gaming,2025-05-26T06:45:59.311263Z
mq03do7,1kc604c,reddit,Ad Infinitum,2025-05-01T11:40:31Z,1,ha014,gaming,2025-05-26T06:45:59.311270Z
mq064o8,1kc604c,reddit,RdR 2....I hated it on ps4...but was in discount,2025-05-01T12:00:02Z,1,Olly-flowey,gaming,2025-05-26T06:45:59.311278Z
mq069q8,1kc604c,reddit,I have a load of games that came with some Humble Bundles that I'll never install,2025-05-01T12:01:00Z,1,Abject-Raise9575,gaming,2025-05-26T06:45:59.311286Z
mq06wys,1kc604c,reddit,If only it was just one.,2025-05-01T12:05:28Z,1,Scoobydewdoo,gaming,2025-05-26T06:45:59.311293Z
mq06zrs,1kc604c,reddit,"As somebody who has had steam for 2 weeks, I've got about 7 of them, and the most notable is the forest",2025-05-01T12:06:00Z,1,Henry23315,gaming,2025-05-26T06:45:59.311301Z
mq09mui,1kc604c,reddit,"Skyrim.

I only bought it like 5 months ago so it's not so bad.",2025-05-01T12:23:45Z,1,Celtic_Crown,gaming,2025-05-26T06:45:59.311309Z
mq09s06,1kc604c,reddit,Hades lol,2025-05-01T12:24:43Z,1,SELECTaerial,gaming,2025-05-26T06:45:59.311316Z
mq0adgf,1kc604c,reddit,More than one of them,2025-05-01T12:28:40Z,1,karlrobertuk1964,gaming,2025-05-26T06:45:59.311324Z
mq0e6jd,1kc604c,reddit,PUBG and 7DTD. What if the boys suddenly want to play again? I gotta be ready,2025-05-01T12:53:02Z,1,crabbers3,gaming,2025-05-26T06:45:59.311331Z
mq0g5r2,1kc604c,reddit,"There are so many

Probably brought when they were on sale",2025-05-01T13:04:57Z,1,Happiest_Mango24,gaming,2025-05-26T06:45:59.311339Z
mq0ic4o,1kc604c,reddit,"One? 

More like too many to count.",2025-05-01T13:17:40Z,1,gbroon,gaming,2025-05-26T06:45:59.311346Z
mq0xkc1,1kc604c,reddit,I have exactly 700 Steam games right now. About 650 of them have never been launched.,2025-05-01T14:38:24Z,1,10ea,gaming,2025-05-26T06:45:59.311354Z
mq5y5gq,1kc604c,reddit,"Planet Coaster is one game that I haven't installed yet.

I bought it when it was like 95% off during last year's winter sale, so I got the game for only $2. But I haven't had the time nor interest to bother installing and playing it.

Honorable mention, I also bought the entire Borderlands franchise when it was 94% off last August. It was like $400 worth of games and DLCs, that I ended up getting for $25. Insanely good deal. But yeah, I haven't played any of it either.

As you may have noticed, I have a very bad habit of buying games when they're massively discounted, even when I have no intention of actually playing them lol",2025-05-02T08:45:38Z,1,BringMeBurntBread,gaming,2025-05-26T06:45:59.311362Z
mqfilc8,1kc604c,reddit,Shadow of War,2025-05-03T20:42:36Z,1,xencuan,gaming,2025-05-26T06:45:59.311369Z
mrqgu1s,1kc604c,reddit,"O.o!

<.<",2025-05-11T11:46:16Z,1,SpyderZT,gaming,2025-05-26T06:45:59.311377Z
mpzzhmo,1kc604c,reddit,"There are a few, but most notably is Portal and Portal 2.",2025-05-01T11:10:52Z,1,Rigelann,gaming,2025-05-26T06:45:59.311384Z
mpqrtog,1kb169z,reddit,"There’s no trick to it, you gotta put yourself out there and hope there’s someone that vibes with you.",2025-04-29T22:45:31Z,5,phonethrowdoidbdhxi,gaming,2025-05-26T06:46:00.229481Z
mpqrmdj,1kb169z,reddit,"I guess achievement hunters would have their own communities, forums and things.  So find those and use those.

I think you'll find it very hard to make 'REAL gaming friends' if you are not actally playing together.  It's hard enough to do with multiplayer games.",2025-04-29T22:44:24Z,5,hearnia_2k,gaming,2025-05-26T06:46:00.229494Z
mpqr4dv,1kb169z,reddit,Discord groups about the games you are interested in? Or subreddits?,2025-04-29T22:41:41Z,5,Bare-baked-beans,gaming,2025-05-26T06:46:00.229502Z
mpqsw4j,1kb169z,reddit,"I mean most of my gaming friends are people I know IRL who game. 

I mostly only play single player or co op games with them in discord sometimes.

When I was on Xbox I remember really you only make friends on multiplayer games with voice chat, you wade through a lot of a holes and ree kids and eventually meet some dude who's just chill.

Nowadays you could probably find a million ""meet Xbox friends"" discords, or for the game you play, but it's probably a little harder to break the ice straight into voice chatting while you play that way, unless you just chill in the public voice channels.

I feel like most ""gaming friends"" relationships are difficult to maintain without occasionally playing some kind of multiplayer game together, even if you all don't like it much, just for the sake of playing together, any friends I don't play a game with occasionally eventually fall off. compromise is part of most relationships.

It's probably difficult as you get older too. At my age for example, I barely have tome to game or hang with the friends I already have so it's hard to commit to consistently hanging with new people I meet online.",2025-04-29T22:51:25Z,1,RipStackPaddywhack,gaming,2025-05-26T06:46:00.229510Z
mpqtk1x,1kb169z,reddit,"I have a ton of real life friends that I game with rather than randos. A lot of the guys I served with and were in a fraternity while I was in college after the army game. 

Mind you now a days a marathon gaming session lasts 2 hours with the average being an hour or less because we all have wives, kids, jobs, etc.",2025-04-29T22:55:04Z,1,SeraphimKensai,gaming,2025-05-26T06:46:00.229517Z
mpqtxdk,1kb169z,reddit,"game specific discussion communities, generally discord as they are more livetime and less passive than like forums/reddit.",2025-04-29T22:57:05Z,1,FewAdvertising9647,gaming,2025-05-26T06:46:00.229525Z
mpqxhb9,1kb169z,reddit,"I'd say Discord and Reddit, and if you're particularly brave,  Twitter, but prepare yourself for serious repercussions of you don't follow the hivemind over there.",2025-04-29T23:16:40Z,1,NovoSlev,gaming,2025-05-26T06:46:00.229533Z
mpqrgtt,1kb169z,reddit,Find a community/event site like [Meetup.com](http://Meetup.com) and join game groups you're interested in. Show up to events and be personable,2025-04-29T22:43:34Z,1,MarkAldrichIsMe,gaming,2025-05-26T06:46:00.229540Z
mpqrm29,1kb169z,reddit,Maybe go out and socialize,2025-04-29T22:44:21Z,0,disappointingmeat,gaming,2025-05-26T06:46:00.229547Z
mpqsi7r,1kb169z,reddit,Play some Borderlands 2 or 3 online and you'll meet some cool people.,2025-04-29T22:49:17Z,0,Incomplet_Name,gaming,2025-05-26T06:46:00.229555Z
mpbpmkx,1k964eg,reddit,"They might be rare, but I assure you probably no one cares about them.",2025-04-27T15:20:37Z,8,HubblePie,gaming,2025-05-26T06:46:01.148332Z
mp8spni,1k8skdq,reddit,Counter strike 2. Indirectly gave me a gambling problem. ,2025-04-27T01:34:40Z,20,NoPlenty4850,gaming,2025-05-26T06:46:02.394444Z
mp8tobg,1k8skdq,reddit,[deleted],2025-04-27T01:40:49Z,12,N/A,gaming,2025-05-26T06:46:02.394455Z
mp8t3mx,1k8skdq,reddit,[deleted],2025-04-27T01:37:09Z,4,N/A,gaming,2025-05-26T06:46:02.394462Z
mp8yqxt,1k8skdq,reddit,"Doom

Every time a new Doom game comes out, my buddy and I end up upgrading or completely rebuilding our PCs, dating back to the original Doom release in 1993.",2025-04-27T02:13:34Z,4,No-Plan-4083,gaming,2025-05-26T06:46:02.394471Z
mp8sxy1,1k8skdq,reddit,"I guess following your example, RC Pro AM on NES.

I’ve bought and dumped more money into cars over my life than any other singular thing outside of my kids.

But strictly game related?  World of Warcraft.  Initial game cost was low but I subscribed for 13 consecutive years before I gave it up.",2025-04-27T01:36:09Z,3,bigbodylx,gaming,2025-05-26T06:46:02.394478Z
mp8xk3r,1k8skdq,reddit,[deleted],2025-04-27T02:05:40Z,3,N/A,gaming,2025-05-26T06:46:02.394485Z
mp92qq2,1k8skdq,reddit,"Final Fantasy 7. I own like 6 different versions of the game main game alone, and a decent amount of memorabilia. It also got me into JRPGs, so every JRPG I've ever played is a result of FFVII. There's also the spin-offs and movie/s.",2025-04-27T02:39:56Z,3,johnperkins21,gaming,2025-05-26T06:46:02.394493Z
mpag5nm,1k8skdq,reddit,"Probably MK8 deluxe, because of its ""DLC"" that is not even that, because you have to still pay for it every year...",2025-04-27T10:06:16Z,2,billcollection,gaming,2025-05-26T06:46:02.394500Z
mp8xvbd,1k8skdq,reddit,man fkin star citizen got me over 1k now,2025-04-27T02:07:42Z,4,infinitezero8,gaming,2025-05-26T06:46:02.394507Z
mp8u3lv,1k8skdq,reddit,TMNT Shredder’s Revenge. I grew up in the 90s and my favorite game to play was Turtles in Time at the arcade. It made me get a custom arcade machine built as Shredder’s Revenge was so good.,2025-04-27T01:43:33Z,3,Cactus1986,gaming,2025-05-26T06:46:02.394514Z
mp8utp6,1k8skdq,reddit,Holy hell 5k from tarkov?? Is that from pc upgrades or something?,2025-04-27T01:48:05Z,1,valegrumby,gaming,2025-05-26T06:46:02.394521Z
mp8wt83,1k8skdq,reddit,Brawlstars for me,2025-04-27T02:00:51Z,1,SignificanceNew9241,gaming,2025-05-26T06:46:02.394529Z
mp8x0mf,1k8skdq,reddit,Apex Legends but I stopped playing a long time ago.,2025-04-27T02:02:11Z,1,SignificanceNew9241,gaming,2025-05-26T06:46:02.394536Z
mp8x4ak,1k8skdq,reddit,"Oblivion (the original). Spent all my pocket money on the CD. Had to buy a new graphics card because my computer didn't run it. Had to buy a new PC because it couldn't fit my new graphics card. (The graphics card and the PC were mostly my parents, shout out to them)",2025-04-27T02:02:51Z,1,night_dude,gaming,2025-05-26T06:46:02.394543Z
mp8xl5c,1k8skdq,reddit,League of Legends.,2025-04-27T02:05:51Z,1,Mindless-Cake4033,gaming,2025-05-26T06:46:02.399755Z
mp8yv9u,1k8skdq,reddit,Fortnight my son got my cc and I ended up with over $300 in charges. I was not happy.,2025-04-27T02:14:22Z,1,Pitiful-bastard,gaming,2025-05-26T06:46:02.399782Z
mp8z4xx,1k8skdq,reddit,Forgot to cancel GameFly and ended up paying over $40 for a copy of Far Cry:New Dawn.,2025-04-27T02:16:08Z,1,detectivetravis,gaming,2025-05-26T06:46:02.399791Z
mp90sez,1k8skdq,reddit,"Mine would have to be Lunar Ball (aka Lunar Pool), a bargain bin Famicom game I picked up my first time in Japan that got me hooked on the Famicom and collecting video games. 

Been at it for 13 years now and spent upwards of $40k.",2025-04-27T02:27:06Z,1,Chris-R,gaming,2025-05-26T06:46:02.399798Z
mp94jt9,1k8skdq,reddit,"Probably WoW purely on monthly subscription. 

I have never and will never pay for extra stuff in a game.",2025-04-27T02:52:04Z,1,bigedthebad,gaming,2025-05-26T06:46:02.399806Z
mp97ud9,1k8skdq,reddit,What game can you play and make the most ?,2025-04-27T03:14:48Z,1,Important-Effort4181,gaming,2025-05-26T06:46:02.399813Z
mp9c4nu,1k8skdq,reddit,"Hearthstone got me back into Magic: The Gathering.  

I wound up spending $6-8,000 on Magic Cards for a few years.",2025-04-27T03:45:02Z,1,chogram,gaming,2025-05-26T06:46:02.399821Z
mp9c4xq,1k8skdq,reddit,Skylanders:,2025-04-27T03:45:06Z,1,Gandare,gaming,2025-05-26T06:46:02.399828Z
mpac0ei,1k8skdq,reddit,Fun Run 3. So much money spent for cute animal clothes.,2025-04-27T09:21:58Z,1,acidw4rk,gaming,2025-05-26T06:46:02.399835Z
mpaq13s,1k8skdq,reddit,"Clash Royale back in the day absolutely disgusting now that I think about it, had 10+ accounts had to win the war every week maxed out accounts as well, really should have developed a alcohol problem instead at least if have something to show for it",2025-04-27T11:38:05Z,1,Bitter_Grape511,gaming,2025-05-26T06:46:02.399843Z
mpdvrxe,1k8skdq,reddit,Yeah but i remember that car in GT2 it was a beast.,2025-04-27T22:03:27Z,1,SneakyLabradoodle,gaming,2025-05-26T06:46:02.399850Z
mph6lxj,1k8skdq,reddit,I broke my two year gaming hiatus for Borderlands 3. Bought a new console and the ~~addiction~~ hobby started all over again.,2025-04-28T13:08:16Z,1,Difficult-Pick4048,gaming,2025-05-26T06:46:02.399858Z
mprtc0k,1k8skdq,reddit,"About 13,000$ into genshin impact lol ",2025-04-30T02:16:36Z,1,Reformed_40k,gaming,2025-05-26T06:46:02.399865Z
mp8teup,1k8skdq,reddit,Only 5k on guns? We gotta bump those numbers up,2025-04-27T01:39:08Z,0,rejuicekeve,gaming,2025-05-26T06:46:02.399873Z
mp8uwq0,1k8skdq,reddit,Red dead redemption and Black Ops 2. Also guns,2025-04-27T01:48:37Z,1,Venomous72,gaming,2025-05-26T06:46:02.399880Z
mp8xjk4,1k8skdq,reddit,definitely call of duty mobile. i spent $3000-$5000 i can't remember exactly how much. it was awful,2025-04-27T02:05:34Z,-1,AttemptFree,gaming,2025-05-26T06:46:02.399888Z
mp8t9fx,1k8skdq,reddit,Do you mind sending me a couple of dollars? 🤓,2025-04-27T01:38:11Z,-4,winterLu,gaming,2025-05-26T06:46:02.399895Z
mu37dyf,1kuotyp,reddit,Depends on the genre. Fallout new Vegas does it well because it’s a progression type game with builds. Fortnite does it well because it’s a (majority) battle Royale,2025-05-24T23:34:18Z,5,False-Loan-9526,gaming,2025-05-26T06:46:03.402846Z
mu37oj0,1kuotyp,reddit,"I think 1 per weapon class is optimal.

Some exceptions though would be say specialty ammo with something like a shotgun depending on the game",2025-05-24T23:36:08Z,2,Wraithei,gaming,2025-05-26T06:46:03.402858Z
mu394o2,1kuotyp,reddit,"Calibers vary so not sure how you manage around that with Arrows, Slingshot, and whatever fantasy stuff you are into and keep it <=5 8)   Sniper Elite has more, but does a WHEEL with sub steps to set up a particular weapon like making a grenade sticky or not, grenades..... don't leave fictious home without 'em!",2025-05-24T23:45:16Z,2,bad10th,gaming,2025-05-26T06:46:03.402866Z
mu37enn,1kuotyp,reddit,"I actually like Dead Space's method for this. The more guns you have/buy, the more ammo types you are going to find",2025-05-24T23:34:25Z,1,Awkward_Assistant_89,gaming,2025-05-26T06:46:03.402874Z
mu37q95,1kuotyp,reddit,"While OW says ""Fuck your ammo pool!""",2025-05-24T23:36:27Z,1,IwantRIFbackdummy,gaming,2025-05-26T06:46:03.402881Z
mu37qqj,1kuotyp,reddit,One for each type of weapon unless it's some futuristic setting where you can stuff shotgun shells into a glock or they all use energy cells..,2025-05-24T23:36:32Z,1,LordofDsnuts,gaming,2025-05-26T06:46:03.402889Z
mu3asjr,1kuotyp,reddit,"Definitely shifts with the genre, Borderlands has a pool for each weapon type, Resident Evil games just have a single inventory, Dead Space 3 had the ammo be universal with the ammo clips, with each weapon type using a different amount of the ammo.",2025-05-24T23:55:43Z,1,Xenozip3371Alpha,gaming,2025-05-26T06:46:03.402896Z
mu3dfl5,1kuotyp,reddit,Don’t play tarkov,2025-05-25T00:12:51Z,1,Xjessmtf,gaming,2025-05-26T06:46:03.402904Z
mu4bqk9,1kuotyp,reddit,It really depends on the game. Realistic milsim? IRL accurate calibers. Arcade shooter? one for each weapon class.,2025-05-25T04:09:57Z,1,jimothy23123,gaming,2025-05-26T06:46:03.402911Z
mu5zl1v,1kuotyp,reddit,One man army,2025-05-25T13:10:07Z,1,ComprehensiveArt7725,gaming,2025-05-26T06:46:03.402919Z
mtyhn09,1ku30ix,reddit,"Expedition 33 is not indie, they were able to hire amazing VA's and outsourced work, managed a team of 30. along with all that they were backed by xbox. So It's safe to assume that it's more of a AA game.",2025-05-24T04:22:25Z,22,Fair_Lake_5651,gaming,2025-05-26T06:46:04.430818Z
mu3nlr5,1ku30ix,reddit,"I see Expedition 33 is the new ""omg look at this indie gem made by a small team with only their scrappy gumption and tens of millions of dollars"" game. Continuing the proud tradition of Witcher 3 and Baldur's Gate 3.",2025-05-25T01:18:55Z,2,EarthDragon2189,gaming,2025-05-26T06:46:04.430830Z
mtyihmf,1ku30ix,reddit,"Just gonna take the opportunity to shill for some indies I love right now: Strange Scaffold’s new Redneck Dinosaur Mansion 3, a great, funny, meta match 3 in the vein of Puzzle Quest

And Wadjet Eye’s new Old Skies, which is just another point and click banger from Dave Gilbert. 

Both are about time travel, oddly enough, but great indies. 

Also: Monster Train 2. Hoo boy, am I addicted.",2025-05-24T04:29:08Z,2,Ostrichmonger,gaming,2025-05-26T06:46:04.430838Z
mtyn4mm,1ku30ix,reddit,"Edmund McMillen, the creator of Binding of Isaac, is releasing his new game MewGenics this year. This is the game I'm looking forward to the most",2025-05-24T05:07:05Z,1,foskarnet0,gaming,2025-05-26T06:46:04.430846Z
mtyopvt,1ku30ix,reddit,"got to thank Steam for these successes. The algorithm has really help players locate and pinpoint great gems.

Those GOTY awards are becoming meaningless",2025-05-24T05:21:11Z,1,Suspicious_Two786,gaming,2025-05-26T06:46:04.430854Z
mtzeio9,1ku30ix,reddit,"Granted, there are some great indie games out there, but when I see a studio with a budget of $1M+ and 20+ people, I don't consider them indie, even though they might fit the definition that you'll find on Wikipedia or wherever. To me, being indie was always about having an extremely small team, no backing from any publishers or industry players, just you grinding away, doing everything yourselves, and eventually getting that game out for others to see. After they saw the success of some of the first indie developers, many companies started rebranding themselves as indie, just to ride on that same wave of popularity. Some succeeded, many didn't, but ultimately the end result for me was that they managed to muddy the waters so much, that noone can tell you what indie really is anymore, so we all have our own definitions I guess. It's just my opinion though.",2025-05-24T09:37:52Z,1,AnagramArena,gaming,2025-05-26T06:46:04.430861Z
mtzy9hb,1ku30ix,reddit,"I'm not sure what is definition of indie, when most of these popular titles are from very huge studios. It's rare to see a game made by few people succeed.",2025-05-24T12:28:40Z,1,Mephasto,gaming,2025-05-26T06:46:04.430868Z
mu06pqc,1ku30ix,reddit,"Indies are saving the industry, and with more AAA-layoffs I think more smaller studios with tighter gameplay will appear. Then there's a definition on what indie is, but,, yea ! its cool!",2025-05-24T13:23:21Z,1,BasementHope,gaming,2025-05-26T06:46:04.430876Z
mu08w94,1ku30ix,reddit,All of the major franchises of today started as unknowns in a market saturated by major franchises of their day. It is a cycle.,2025-05-24T13:36:37Z,1,Pockysocks,gaming,2025-05-26T06:46:04.430883Z
mtyic3p,1ku30ix,reddit,Yeah this has been pretty well agreed upon for a while now.. sad to say. Big name publishers care more about money than they do quality.,2025-05-24T04:27:55Z,1,Miantava,gaming,2025-05-26T06:46:04.430890Z
mtyi5n4,1ku30ix,reddit,"Balatro won GOTY at GDCA this year, last year we had nominated Dredge and Dave the Diver, next year Expedition is a solid candidate. Not sure if Metaphor counts, it’s under Atlus but rather small studio.",2025-05-24T04:26:30Z,-2,69WaysToFuck,gaming,2025-05-26T06:46:04.430898Z
mtyrogo,1ku30ix,reddit,"these indie devs are the real MVPs, giving us fresh stuff on the daily!",2025-05-24T05:48:17Z,-1,BeautyAshley_9,gaming,2025-05-26T06:46:04.430905Z
mty9tz8,1ku1yw0,reddit,"I'd legitimately say... every rts with a campaign has a level like this?

Sc2 for example has a terran mission where you have to go around the map recruiting  groups its a smaller mission but its there

Zerg has a couple, it has the mission with the brood queen having to absorb life essence to spawn zerg from her self, it also has the mission where you play as primal kerrigan to unit the primal tribes

Protoss has a few missions throughout like this, zeratul has one as does artanis, then theirs the Templars Return chapter near the end.

Id say almost any campaign has some kind of movement and unit control chapter like you discribed.",2025-05-24T03:23:15Z,8,hadtodothislmao,gaming,2025-05-26T06:46:05.347789Z
mtyd9yk,1ku1yw0,reddit,Warcraft 3 does this a good bit iirc.,2025-05-24T03:48:45Z,3,Myre_Spellblade,gaming,2025-05-26T06:46:05.347801Z
mtykdwy,1ku1yw0,reddit,Dang what a spoiler now I don't want to play age of empires,2025-05-24T04:44:11Z,3,Royal_Butterscotch53,gaming,2025-05-26T06:46:05.347808Z
mtycj0m,1ku1yw0,reddit,"AOE 3 does the same thing a couple of times, but the one that sticks out to me is in the Warchief expansion when you have to unite the Native tribes to take out General Custer at Custer's Last stand.",2025-05-24T03:43:13Z,2,Riuchando420,gaming,2025-05-26T06:46:05.347816Z
mtyed67,1ku1yw0,reddit,What the duck was that title?,2025-05-24T03:56:56Z,-1,Proof_Sir7171,gaming,2025-05-26T06:46:05.347823Z
mtws8mq,1ktvhbo,reddit,"Well, it’s not exactly recent, but the entirety of TimeSplitters 2 is playable in Homefront: The Revolution.",2025-05-23T21:50:22Z,27,MyUsernameIsAwful,gaming,2025-05-26T06:46:06.388338Z
mtxwjdr,1ktvhbo,reddit,"So, free content is one thing, but you know WHY Kanto was put on there, right?

As I understand it, the team was having trouble getting all the new pokemon and the map into Pokemon Gold and Silver. They had Satoru Iwata, master at his craft, came in to compress everything down. He had so much space left over for MORE content, that they just decided to throw it in last minute.

Nowadays, games aren't really limited by file size anymore... An unoptimized Call of Duty can take up 100gb on Day 1, so no one cares about ""Oh we have room, let's throw on some more content"". If they CAN add something onto the main game, it'll be paid DLC nowadays.

The concept of ""We have room, why not add a little more?"" is no more.",2025-05-24T01:55:33Z,16,Too_Tall_64,gaming,2025-05-26T06:46:06.388346Z
mtwuo5v,1ktvhbo,reddit,"I believe Tekken 5 featured Tekken 3, 2 and 1 all inside the game to play which was amazing.

I wish 8 did that too.",2025-05-23T22:04:06Z,5,Gamefighter3000,gaming,2025-05-26T06:46:06.388351Z
mtx9p2r,1ktvhbo,reddit,Maniac mansion: day of the tentacle has an arcade with maniac mansion,2025-05-23T23:31:39Z,5,tuffymon,gaming,2025-05-26T06:46:06.388357Z
mtwucfz,1ktvhbo,reddit,RDR2? Sort of?,2025-05-23T22:02:14Z,10,arup02,gaming,2025-05-26T06:46:06.388362Z
mtws8zb,1ktvhbo,reddit,"Disc?!

It's been going on so long it's become expected, but the first two Mario Kart games each had 16 new stages. Since then they've always had 16 new stages plus 16 returning stages standard.",2025-05-23T21:50:25Z,4,JoshuaJSlone,gaming,2025-05-26T06:46:06.388366Z
mtxpkju,1ktvhbo,reddit,Total war: Warhammer 3 allows to play all previous versions maps and factions if you owned them as well.,2025-05-24T01:11:10Z,5,flash41000,gaming,2025-05-26T06:46:06.388371Z
mtxfjo1,1ktvhbo,reddit,"L4D2 has everything from L4D1, though tweaked a bit.",2025-05-24T00:07:29Z,2,OAMP47,gaming,2025-05-26T06:46:06.388377Z
mtxwy94,1ktvhbo,reddit,Yakuza games typically have some classic Sega games in the arcades.,2025-05-24T01:58:09Z,2,Zealousideal_Cup416,gaming,2025-05-26T06:46:06.388382Z
mtyngjj,1ktvhbo,reddit,"It's not exactly the same, but White Knight Chronicles 2 has the entire first game on the disc, so if you never played or owned the first game, you have access to both. I'm glad I knew this when I eventually picked up a copy near the end of the PS3's life cycle.",2025-05-24T05:09:59Z,2,supersaiyandoyle,gaming,2025-05-26T06:46:06.388387Z
mty9xxb,1ktvhbo,reddit,"after making Age of Empires: Definitive Edition and Age of Empires 2: Definitive Edition, World's Edge and Forgotten Empires managed to run AOE1:DE inside AOE2:DE as a DLC expansion. No disc or space limitations but they managed to fit a game in a game. Not for free either.",2025-05-24T03:24:03Z,1,Nikuradse,gaming,2025-05-26T06:46:06.388392Z
mtzv23p,1ktvhbo,reddit,The indie game Spark the Electric Jester 3 has every level from its prequel available as unlockable post-game content.,2025-05-24T12:05:34Z,1,Ecstatic_Clue_5204,gaming,2025-05-26T06:46:06.388396Z
mu0f81g,1ktvhbo,reddit,"Rayman Legends includes a significant amount of levels from Rayman Origins.

Hitman 3 contained all the maps from the previous 2 games to the point where it eventually rebranded itself to ""world of assassination"" and delisted the other 2 games.",2025-05-24T14:13:20Z,1,gman5852,gaming,2025-05-26T06:46:06.388401Z
mtwty69,1ktvhbo,reddit,The Depths in Tears of the Kingdom is probably the closest you’ll get in modern gaming,2025-05-23T21:59:58Z,0,hatramroany,gaming,2025-05-26T06:46:06.388406Z
mtxvurw,1ktvhbo,reddit,They did not include of all of red and blues map on gold and silver. Many routes were shortened or features removed in order for the data to fit onto the rom. Two things I can think off the top of my head without looking anything up is that they made the power plant and silph co inaccessible to save space. Also they cut the route to the elite 4 near indigo plateau immensely in gen 2 to compensate for size limitations.,2025-05-24T01:51:19Z,1,Xanikk999,gaming,2025-05-26T06:46:06.388411Z
mtwyjat,1ktvhbo,reddit,"Rusted Moss. The free DLC areas combined are larger than the original game. The great climb DLC alone is practically it's own game's worth of content.

Sadly other examples I can think of are older games or mods.",2025-05-23T22:26:22Z,1,Pockysocks,gaming,2025-05-26T06:46:06.388415Z
mtws17l,1ktvhbo,reddit,[deleted],2025-05-23T21:49:13Z,-1,N/A,gaming,2025-05-26T06:46:06.388420Z
mtvfpdn,1ktppib,reddit,Cyberpunk is an obvious one. Launch was a complete joke but now it's one of my favorite RPG's of the last few years.,2025-05-23T17:43:39Z,18,alyosha_pls,gaming,2025-05-26T06:46:07.405236Z
mtvgt5i,1ktppib,reddit,God Hand,2025-05-23T17:48:50Z,4,jvillager916,gaming,2025-05-26T06:46:07.405248Z
mtvfev2,1ktppib,reddit,"No Man's Sky: the Thread

Diablo 3

Final Fantasy 14",2025-05-23T17:42:18Z,9,PhoenixTineldyer,gaming,2025-05-26T06:46:07.405256Z
mtvic6h,1ktppib,reddit,Street Fighter V had a godawful launch and it turned into a respectable fighting game with a huge roster that was fun to watch tournaments ,2025-05-23T17:55:57Z,2,DamnImAwesome,gaming,2025-05-26T06:46:07.405263Z
mtw32jw,1ktppib,reddit,"DmC: Devil May Cry.

Not everybody has come around, but people have at least dropped the ridiculous idea that it's somehow the franchise's undisputed low point.",2025-05-23T19:39:37Z,2,Fievel10,gaming,2025-05-26T06:46:07.405270Z
mtxhr5o,1ktppib,reddit,"Need for Speed Prostreet had pushback for abandoning the police chases from Most Wanted and Carbon but racing game fans have been reevaluating it for the game's vibe, mechanics and characters in more recent years.

Now its a time capsule of 2007 and people like to revisit.",2025-05-24T00:21:19Z,2,Catty_C,gaming,2025-05-26T06:46:07.405277Z
mu0qp7f,1ktppib,reddit,"FF12- People didn't the combat , the plot was too slow and political. These days people love those aspects of it",2025-05-24T15:14:12Z,2,Asstrollogian,gaming,2025-05-26T06:46:07.405284Z
mtvg47n,1ktppib,reddit,"Recently we’ve had Cyberpunk and No Man’s Sky who both turned around bad launches. 

This thread will get littered with that kind of example but I would be more interested in those Wind Waker style examples where people were eventually able to get over a sticking point (the art style) and learn to appreciate it. 

Reading the threads I’ve seen, it seems AC Shadows is on a similar trajectory? Feels like people wrote it off as more Ubislop but the people that picked it up enjoyed it. ",2025-05-23T17:45:35Z,2,Andrew1990M,gaming,2025-05-26T06:46:07.405291Z
mtvntig,1ktppib,reddit,"[DayZ](https://steamcharts.com/app/221100#All).

It's arguably on the decline again just now, but it went from having 45,000 peak players at release in 2013 to 3,000 in 2018, at the depth of it's early access to 78,000 at the tail end of 2024 - and none of those figures account for the fact that it's also on Xbox and Playstation.",2025-05-23T18:22:32Z,2,Mithrawndo,gaming,2025-05-26T06:46:07.405298Z
mtvgihk,1ktppib,reddit,"Only the dumbest people on earth held either of those opinions. Both Wind Waker and MGS2 were critical and commercial darlings at the time. There has been no significant reappraisal in the intervening years, time has only solidified them as two of the GOATs.",2025-05-23T17:47:26Z,3,wejunkin,gaming,2025-05-26T06:46:07.405309Z
mtvg9fo,1ktppib,reddit,The Zelda WW hate was really just prior to launch. Once the game came out and everyone played it that kind of fell away. I always thought it looked great - who wouldn’t want to actually play a cartoon??,2025-05-23T17:46:16Z,1,inkyblinkypinkysue,gaming,2025-05-26T06:46:07.405316Z
mtvgiwf,1ktppib,reddit,Cyberpunk. Recently played it along with phantom liberty expansion; amazing experience!,2025-05-23T17:47:29Z,1,Worldly_Dish_48,gaming,2025-05-26T06:46:07.405322Z
mtvqx06,1ktppib,reddit,Far Cry 2 is aggressively hostile to the player but got much more love after Far Cry got increasingly bland sequel after sequel,2025-05-23T18:38:01Z,1,Kotanan,gaming,2025-05-26T06:46:07.405329Z
mtw5242,1ktppib,reddit,"ArmA Reforger.
Or basically all ArmA games lol.

https://youtube.com/shorts/K_RjTcJjN_c?si=bQ2AeXAzSqdhR8Ku",2025-05-23T19:49:43Z,1,_randomdudey_,gaming,2025-05-26T06:46:07.405336Z
mu122gt,1ktppib,reddit,"Dark Souls 2, while even now it has its fair share of haters, is regarded way more positively than when it first came out.",2025-05-24T16:13:57Z,1,dracopo_reddit,gaming,2025-05-26T06:46:07.405343Z
mtvhest,1ktppib,reddit,"Battlefront 2, the 2017 one.

It went from loot box garbage that spawned the single most downvoted comment in Reddit history to now having people clamoring for a Battlefront 3.",2025-05-23T17:51:37Z,1,EbilKeblevil,gaming,2025-05-26T06:46:07.405350Z
mtvxrrq,1ktppib,reddit,Kirby Air Ride,2025-05-23T19:12:44Z,1,precastzero180,gaming,2025-05-26T06:46:07.405357Z
mtvliip,1ktppib,reddit,No Man's Sky is the poster child.,2025-05-23T18:11:08Z,0,Celtic_Crown,gaming,2025-05-26T06:46:07.405364Z
mtut5uz,1ktmpv1,reddit,Niceeee,2025-05-23T15:57:09Z,1,indiedev_fredrick,gaming,2025-05-26T06:46:08.322177Z
mtuw364,1ktmpv1,reddit,"Damn. From the rendering style I got really excited they were making a Castlevania/DMC style western 'anime' and I just hadn't heard about it. 

Anyway that's a bummer but the covers look sick",2025-05-23T16:11:06Z,1,JunahCg,gaming,2025-05-26T06:46:08.322188Z
mtsi8gw,1ktcht6,reddit,"Yeah, they are. Ever played AFK Arena?",2025-05-23T06:21:48Z,3,yolomcsawlord420mlg,gaming,2025-05-26T06:46:09.239406Z
mtsht1i,1ktcht6,reddit,average r/gaming schizoposting,2025-05-23T06:17:55Z,6,FilthTea,gaming,2025-05-26T06:46:09.239418Z
mtsi1pj,1ktcht6,reddit,The fact that this is AI generated slop makes this post even weirder.,2025-05-23T06:20:06Z,3,N4meless24-,gaming,2025-05-26T06:46:09.239426Z
mtshp6v,1ktcht6,reddit,Are you ok?..,2025-05-23T06:16:56Z,4,Anodaxia,gaming,2025-05-26T06:46:09.239434Z
mtsi6xv,1ktcht6,reddit,Even this post feels like AI generated,2025-05-23T06:21:25Z,2,MrMiyagi_256,gaming,2025-05-26T06:46:09.239442Z
mtm8yny,1kskrrk,reddit,2580 is a straight line down the middle of a keypad,2025-05-22T07:30:47Z,6,Kingpearman,gaming,2025-05-26T06:46:10.168963Z
mtmdmr5,1kskrrk,reddit,i spent a good 30 mins trying to overthink that one before i realized google was my friend 😂,2025-05-22T08:18:47Z,2,LaLaGorgeous0,gaming,2025-05-26T06:46:10.168975Z
mt8ezso,1kqucer,reddit,The two newish Jedi games are quite a bit easier than most souls likes and pretty fun. Easy entry into the genre.,2025-05-20T02:46:34Z,66,AlwaysBananas,gaming,2025-05-26T06:46:11.610803Z
mt8hc91,1kqucer,reddit,"Hey mate,  
Kena Bridge of Spirits would be the best intro into it.  
its 20 hours long, fun story, nice art style and is also 3rd person with dodge\\roll and heavy swings.

its combat\\movement\\bosses are very souls like.",2025-05-20T03:02:34Z,13,J_Morrish,gaming,2025-05-26T06:46:11.610810Z
mt8k7pj,1kqucer,reddit,"easiest one to get into is Elden Ring, and it's also an amazing game with tons of exploration and various builds you can try out. it's open world so you can generally go explore if you're not ready for a specific boss.

what helped me my first time around is realizing that respawning enemies are actually your friends: you can find some easy ones and kill them as many times as you like. so you're practicing and at the same time grinding XP to level up your character. 

you become strong pretty fast and are able to tackle a boss, plus you can summon NPCs for help. just keep fighting and it'll all click eventually.",2025-05-20T03:23:12Z,16,ygloon,gaming,2025-05-26T06:46:11.610815Z
mt8hx51,1kqucer,reddit,Kena bridge of spirits,2025-05-20T03:06:38Z,5,discreetdecompress,gaming,2025-05-26T06:46:11.610820Z
mt8f4js,1kqucer,reddit,AI limit is pretty easy and super fun. There’s only 4 stats total in the game.,2025-05-20T02:47:27Z,3,AutomaticDinner6353,gaming,2025-05-26T06:46:11.610824Z
mt8face,1kqucer,reddit,"I played Dark Souls 1 and 2 and left them after the first 3 bosses or so.

But Elden Ring? I'm finishing the game right now. It's the best soulslike to learn how to play soulslike.",2025-05-20T02:48:33Z,4,Joey_OConnell,gaming,2025-05-26T06:46:11.610832Z
mt8glpw,1kqucer,reddit,"Couple recommendations for you. The Surge 2 is an extremely competent souls-like and has some really forgiving mechanics, though I will say some of the bosses are kind of a lot.

The new Lords of the Fallen just got an update that makes it feel amazing and I really enjoyed playing through. It’s noticeably easier than most souls games. Don’t be afraid to use a guide. Some of the signposting kinda blows.

Finally check out Another Crab’s Treasure. It’s a fun-spirited souls like where you play as a hermit crab. If it gets to hard you can literally pull out a glock and kill anything in one hit, even bosses lol.",2025-05-20T02:57:31Z,6,TyFighter559,gaming,2025-05-26T06:46:11.610836Z
mt8jxdd,1kqucer,reddit,"Asterigos: Curse of the Stars.

Soulslike but with difficulty settings that you can change on the fly. The hardest difficulty approximates the Dark Souls games, so Normal or Easy will be far more manageable. But as far as the flow of combat, exploration, and the heavy emphasis on piecing a story together that largely happened long before you got there, it'll give you that Souls experience.

I really enjoyed it when I played it a few years back, and as a big fan of Greek mythology I dug the Ancient Greek and Roman mishmash of a fantasy setting.",2025-05-20T03:21:05Z,3,RattusNikkus,gaming,2025-05-26T06:46:11.610839Z
mt8em2o,1kqucer,reddit,Elden ring. It has so many op builds you can make and so many area to explore if you get stuck at one point,2025-05-20T02:43:58Z,21,hasanman6,gaming,2025-05-26T06:46:11.610842Z
mt8f9do,1kqucer,reddit,"Elden ring is good, its much less linier so if you hit a wall you can just go somewhere else for a while, and theres extra aids that help like spirit ashes",2025-05-20T02:48:22Z,5,Fifamoss,gaming,2025-05-26T06:46:11.610845Z
mt8fgvm,1kqucer,reddit,"This may be far fetched and you may be looking for the dark soul visuals. I struggle with souls games to the point where I don't find them entertaining  to play (even though I've tried for years because they look so cool), but I did fall in love with a game called tunic...which I basically what would happen if Zelda and souls games had a love child and I thoroughly enjoyed that for months.",2025-05-20T02:49:46Z,2,Daftmunkey,gaming,2025-05-26T06:46:11.610849Z
mt8l2ng,1kqucer,reddit,Death's Door,2025-05-20T03:29:31Z,2,MrMiyagi_256,gaming,2025-05-26T06:46:11.610852Z
mt8nonf,1kqucer,reddit,DS3 is more linear but the bosses are heaps harder. I wouldn't recommend it for a beginner,2025-05-20T03:48:58Z,2,Mammoth_Athlete_8525,gaming,2025-05-26T06:46:11.610855Z
mt91yz3,1kqucer,reddit,Iron Pineapple on YouTube has been making videos about souls likes. You should check it out.,2025-05-20T05:47:51Z,2,Kamina_cicada,gaming,2025-05-26T06:46:11.610858Z
mt9asve,1kqucer,reddit,Jedi Fallen Order and Survivor,2025-05-20T07:13:10Z,2,zarif_chow,gaming,2025-05-26T06:46:11.610861Z
mt9d9sg,1kqucer,reddit,"Lies of P was very easy compared to most Souls games, and really good IMO.",2025-05-20T07:39:08Z,2,mrhshack,gaming,2025-05-26T06:46:11.610864Z
mtaee70,1kqucer,reddit,"If you don't mind the anime aesthetics, Code Vein and the newer released AI Limit are imo pretty decent entry points.

Both have the basis of a soulsgame (limited heals, limited savepoints, the need to watch animations and dodge/parry) while both having ways to tailor the difficulty if it is overwhelming (Code Vein you can bring an AI companion and make very OP builds, in AI limit it is pretty forgiving with STR builds or past the midgame with a Spirit/Magic build as it will trivialise most bossfights).",2025-05-20T12:59:13Z,2,Geralt_Romalion,gaming,2025-05-26T06:46:11.610867Z
mt8fl1g,1kqucer,reddit,"The Surge 1 & 2, or Code Vein.

I am not a souls-like fan, as the idea of having to learn boss patterns, while dying repeatedly many times, is not my way of having fun in games.

That being said, above mentioned games are not that harsh on you in that regard, and actually give you the opportunity to adapt and learn mid fight, without having to die for each mistake, and also provide decent amount of customization of your play style, especially The Surge games.",2025-05-20T02:50:34Z,3,OhforfsakeMJ,gaming,2025-05-26T06:46:11.610870Z
mt8rfx0,1kqucer,reddit,"Code Vein. You can change your build on the fly with the Blood Code system, and you have to actively choose to go without a companion character. Said companion is capable of healing you AS you are dying, to save you.",2025-05-20T04:17:59Z,3,Celtic_Crown,gaming,2025-05-26T06:46:11.610873Z
mt94fv4,1kqucer,reddit,Elden Ring. You cant get stuck because its open world. Something too difficult ? - Just go somwhere else.,2025-05-20T06:10:47Z,4,Mile_Rizik,gaming,2025-05-26T06:46:11.610876Z
mt8fbeh,1kqucer,reddit,"Lies of P! It's a soulslike game based on Pinocchio.

I found the boss difficulty much easier than actual FromSoft games, and the levels are also a bit linear, so it's easier to navigate as well.",2025-05-20T02:48:46Z,7,baroqueout,gaming,2025-05-26T06:46:11.610879Z
mt8k78d,1kqucer,reddit,Bloodborne. It’s by no means easy but it’s a good game and it’s what I started to get into souls like games,2025-05-20T03:23:06Z,2,Responsible_Drama557,gaming,2025-05-26T06:46:11.610883Z
mt8ng3r,1kqucer,reddit,Code Vein. You have a companion.,2025-05-20T03:47:12Z,2,jabasimakol,gaming,2025-05-26T06:46:11.610886Z
mt8ioau,1kqucer,reddit,"Gotta echo the sentiment, Elden Ring. I never played a souls game before it, and was surprised I jived with it. Its now likely my favorite game.",2025-05-20T03:11:58Z,1,garciawork,gaming,2025-05-26T06:46:11.610889Z
mt8itaf,1kqucer,reddit,"Try Lies of P. There’s no stat requirements so you don’t have to go in with any builds in mind. Combat may be fast but the enemies and bosses are designed to be dealt with both parrying *and* dodging, so you don’t have to interact with the harder mechanics if you don’t want to. 

The level design is also relatively linear so you won’t have to go through a Metroidvania-esque world without a map, although there are a lot of more open areas that loop back around, and a good chunk of hidden secrets as well. 

While less important than the gameplay when it comes to “easy”, I’d say the story is also really good for beginners in the genre, as while there’s a lot of lore hidden in item descriptions and such like most Soulslikes, the actual story itself is much more direct and easy to follow, and it’s pretty damn good too. 

All in all, I’d say Lies of P is the best Soulslike if you’re trying to get into the genre, worked for me at least, and has also become one of my favorite games of all time, so I’m a little biased lol.",2025-05-20T03:12:59Z,1,Obsessivegamer32,gaming,2025-05-26T06:46:11.610892Z
mt8mgk8,1kqucer,reddit,"> I've heard DS3 is the easiest of the dark souls series and doesn't require to play them in order. 

DS 1 is the easiest, they got harder to offer something new and fresh to the veterans of the series in 2 and 3.

I'm thinking Demon's souls was probably easier but it is not on PC.",2025-05-20T03:39:49Z,1,cowoftheuniverse,gaming,2025-05-26T06:46:11.610895Z
mt8mhoo,1kqucer,reddit,"Enotria the last song, put the difficulty on story mode and it’s the easiest souls like out there.",2025-05-20T03:40:02Z,1,LeafMan_96,gaming,2025-05-26T06:46:11.610898Z
mt8mk8a,1kqucer,reddit,"Elden Ring, it’s really easy to become strong to the point where you become OP, and it’s just super accesible with the open world, fast travel, summons and checkpoints for tough bosses (kinda)",2025-05-20T03:40:35Z,1,Midgar-Knight,gaming,2025-05-26T06:46:11.610902Z
mt8ovo4,1kqucer,reddit,Elden Ring's the easiest in the series because the bosses have checkpoints by them and you can spirit summon help for pretty much any boss.,2025-05-20T03:57:59Z,1,iNomNomAwesome,gaming,2025-05-26T06:46:11.610905Z
mt8ratr,1kqucer,reddit,"People saying DS3 is the easiest of the series shouldn't be listened to unless they're specifying the user experience as a whole and not difficulty.

DkS1 and 2 are a joke if you're used to Bloodborne onwards, DkS1 is just a lot jankier, and DkS2 requires you to know to put points into ADP. Both of those games give you about three weeks to heal after a mistake, and the first game lets you have almost zero investment Pyromancies and 20 estus flasks.

I definitely side with the comments below that suggest games like Jedi Fallen Order/Survivors, though. 

What's worth keeping in mind is that you might not need practice in actual soulslikes as much as practice in the controls and systems. So, any game that uses a stamina based dodge/parry system would do. Even games like Witcher 3 or the modern Assassins Creed games could help.",2025-05-20T04:16:53Z,1,BlazingShadowAU,gaming,2025-05-26T06:46:11.610908Z
mt8whn9,1kqucer,reddit,"Play style can help too. For instance, I'd probably say that a strength - vitality sword and board build is a great build for a beginner Souls player. Raising your shield to block attacks ends up being much easier than trying to dodge roll everything, or god forbid, parry. I'm not the most skilled gamer, so my first playthrough of a Souls like game is a sword and board build. Then if I can beat the game like that, I'll consider something trickier if ever pick the game back up again.",2025-05-20T04:59:21Z,1,CollateralSandwich,gaming,2025-05-26T06:46:11.610911Z
mt92rbb,1kqucer,reddit,Elden Ring is imo the best Souls entry game,2025-05-20T05:55:03Z,1,PelmeniMitEssig,gaming,2025-05-26T06:46:11.610914Z
mt9586i,1kqucer,reddit,Is Dark souls 2 a good souls game ?,2025-05-20T06:18:12Z,1,Royal_Butterscotch53,gaming,2025-05-26T06:46:11.610918Z
mt978qc,1kqucer,reddit,"Dark Souls 3 is the best to start IMO. Elden Ring might be easier but it could be more confusing and frustrating since you can stumble upon areas you are not ready for.

Another game that is adjecent and still from FromSoft is Sekiro. Sekiro shares some core features while being less confusing and more straightforward but it could be the hardest of them since you can't overlevel challenges. 

I would say to play/finish one of the FromSoft games first before playing the other soulslikes like Jedi Fallen Order/Survivor/Lies of P/etc... because some of these want to emulate the formula and are not always fair so if you start with one of those and get frustrated, you might get jaded.",2025-05-20T06:37:45Z,1,KittenDecomposer96,gaming,2025-05-26T06:46:11.610921Z
mt9ea12,1kqucer,reddit,"Elden Ring has a few builds and features that can make the game quite a bit easier. Really, you can tailor your own experience to make the game as easy or as hard on yourself as you want depending on your choice of build and whether you choose to use optional features like spirit ashes or summoning players to assist you.

Mage builds are really good as there are a lot of really strong spells you can find that make a lot of the game much easier, and if you use spirit ashes as well that's about as close to an easy mode as you can get in Elden Ring. It doesn't make the game a cakewalk, but it does make it manageable even for someone like me who is awful at Souls-likes and otherwise avoids these kinds of games.",2025-05-20T07:49:50Z,1,Lord_Shadow_Z,gaming,2025-05-26T06:46:11.610924Z
mt9fm6z,1kqucer,reddit,"Everyone going elden ring, but if you want a short game, not overwelming, I’d go with Thymesia. It’s the first souls like that I enjoyed, and the music is *chef kiss*.",2025-05-20T08:04:00Z,1,Marvtyl,gaming,2025-05-26T06:46:11.610927Z
mtc73jt,1kqucer,reddit,Steelrising. It has configurable difficulty settings so you can set how hard or easy you want it to be.,2025-05-20T18:23:21Z,1,FistoMagnifico,gaming,2025-05-26T06:46:11.610930Z
mt8jz3l,1kqucer,reddit,"If you don't like it because it's difficult, you're not gonna like the genre",2025-05-20T03:21:26Z,1,xiledone,gaming,2025-05-26T06:46:11.610933Z
mt8etsw,1kqucer,reddit,"Code Vein probably, multiplayer is easy to get working & you can switch “builds” on the fly without having to make a new character and do it all over again.",2025-05-20T02:45:26Z,0,SynthxLord,gaming,2025-05-26T06:46:11.610936Z
mt8h1ku,1kqucer,reddit,"Id give Code Vein a try. A little more arcade-y, and in my opinion easier than your actual souls games.

You could also give Fromsoft's Elden Ring a try. Probably the easiest of the From's games to get into.",2025-05-20T03:00:32Z,1,Gae_BlueFox,gaming,2025-05-26T06:46:11.610939Z
mt8ic88,1kqucer,reddit,"It's not a soulslike per se, but the Witcher 3 has similar gameplay in that you have to time rolls, dodges, and parries. It's also significantly easier",2025-05-20T03:09:37Z,-7,trickybirb,gaming,2025-05-26T06:46:11.610942Z
mt8hdrp,1kqucer,reddit,Witcher 3 plus the Jedi games,2025-05-20T03:02:52Z,-7,donkey100100,gaming,2025-05-26T06:46:11.610945Z
mt8s5e1,1kqucer,reddit,"Sekiro is the most balanced and tightly designed Fromsoft game and probably the best entry point to the genre. There are no ""easy"" souls likes, the whole point is the reward of overcoming challenge. But as a beginner, Sekiro will have a more manageable learning curve where you can appreciate your progress as compared to something like Dark Souls where progression is less clear and it's easy to bounce off of as a result.",2025-05-20T04:23:46Z,-1,Ok-Exercise-3717,gaming,2025-05-26T06:46:11.610948Z
mt8g7pk,1kqucer,reddit,[removed],2025-05-20T02:54:52Z,-6,N/A,gaming,2025-05-26T06:46:11.610951Z
mt8euko,1kqucer,reddit,maybe try hollow knight,2025-05-20T02:45:34Z,-8,manjolassi,gaming,2025-05-26T06:46:11.610954Z
msl4i99,1knr600,reddit,"They're all about making things easy for their global audience...

First, you simply pack your bags, move to the desired region, establish residency, get a new bank account, learn the local customs, and then buy the game.",2025-05-16T07:07:45Z,5,mpolz,gaming,2025-05-26T06:46:12.620617Z
mskgklf,1knr600,reddit,"That’s the neat part, you don’t.",2025-05-16T03:40:37Z,6,Suspicious-Door-1984,gaming,2025-05-26T06:46:12.620626Z
mskf45c,1knr600,reddit,Get a VPN?  ,2025-05-16T03:30:17Z,3,Hello_Panda_Man,gaming,2025-05-26T06:46:12.620631Z
msl2hr4,1knr600,reddit,"It's a gamble whether Ubisoft will honour purchases purchased in your own region/legitimate purchases, do you really want to gamble with different regions? (It's safer to not buy at all)",2025-05-16T06:47:41Z,2,eiamhere69,gaming,2025-05-26T06:46:12.620636Z
mslh1n7,1knr600,reddit,"You can always buy a game code from a reseller site, like Eneba or similar, but to activate it, you still need a VPN, and at least for the first play you need to be on a VPN again.

But here's a thought: most likely the game is actually cheaper if you buy it in Thailand. And most likely it will be cheaper when you buy it in half a year from the EU store. If you add these two up - maybe buying if twice actually ends up paying less than buying for the EU price now? It might be worth doing some sharp-pencil calculations ...",2025-05-16T09:19:10Z,2,saschaleib,gaming,2025-05-26T06:46:12.620641Z
msl4mt9,1knr600,reddit,Install Opera and use its VPN to mask to an EU location,2025-05-16T07:09:02Z,1,chriscross1966,gaming,2025-05-26T06:46:12.620647Z
msl5b1i,1knr600,reddit,">what if I bought the game on Thai store? I assume I wouldn't be able to play it when I get back home?

I think this only applies if the game is illegal/forbidden by law in your home country. Russia for example.",2025-05-16T07:15:55Z,1,mpolz,gaming,2025-05-26T06:46:12.620652Z
msl6wr6,1knr600,reddit,"If you actually want to own the game, forever, find a fit girl repack.",2025-05-16T07:32:38Z,-4,moistieness,gaming,2025-05-26T06:46:12.620656Z
mshiavw,1kndujk,reddit,"I don’t think a docking station is really what you’re looking for, you want a KVM switch.",2025-05-15T17:47:23Z,7,georgecameformemes,gaming,2025-05-26T06:46:13.543666Z
mshetx4,1kndujk,reddit,"I would just do a lot of research into the docking station. I use them in a 6000 person corporate environment and there are definitely limits to resolution and frequency, but it’s different for each dock. I use primarily dell wd19s and they only do 1080p60 or 4k30.",2025-05-15T17:30:57Z,2,cryosurge1,gaming,2025-05-26T06:46:13.543678Z
mshgd8t,1kndujk,reddit,"You'll want a thunderbolt 4/5 dock or equivalent (USB 4) to get the most bandwidth possible. 


Don't cheap out on it if you're planning on running high res and fps and also check to see if the dock supports output at your intended resolution and fps.


It's definitely possible if you're planning on running multiple high res high refresh displays, networking and other things through the dock that it could affect USB peripheral performance but it's going to be tough to know without testing on your specific setup though

Also a dock seems completely useless for a desktop",2025-05-15T17:38:15Z,2,bobmlord1,gaming,2025-05-26T06:46:13.543686Z
mshf8gw,1kndujk,reddit,"It *might*. 

I do something similar, and noticed my mouse occasionally lagged, until I switched it from the dock to the PC.  

I later bought a new mouse, plugged it in the dock, and it functions perfectly.
Blame Microsoft Windows or flaky USB drivers.",2025-05-15T17:32:52Z,1,PresumedSapient,gaming,2025-05-26T06:46:13.543694Z
mshkqo1,1kndujk,reddit,"Chances are yes, depending on the bandwidth of the ports. Each port on the dock has a limit of data it can process and the speed at which it can process it. 

If your dock has low quality USB ports, then you may have issues if you have a webcam/mic plugged in. If the hdmi/displayport is low quality, you’ll have high latency or low fps or lower max resolution output.

Check the specs of the dock and make sure that it has the same capabilities of your display and make sure that its USB ports are 2.0 or higher(3.0 if you want to plug external storage into it with other things) 

Chances are a microphone will not perform well on a dock, mics need dedicated, consistent power, and the dock will have to share that power amongst everything else plugged into it",2025-05-15T17:58:49Z,1,hdmp3converter,gaming,2025-05-26T06:46:13.543701Z
msi266n,1kndujk,reddit,"I have a usb c docked monitor joining my game eight and work PC
No issues at all",2025-05-15T19:25:18Z,1,Zealousideal_Bath297,gaming,2025-05-26T06:46:13.543708Z
mshmmyg,1kndujk,reddit,"This question is ""not even wrong"". Start learning how things actually work before you let influencer morons teach you to obsess on barely-measurable and rarely empirically significant ""performance"" losses. Your average gamer wildly overestimates their physical capabilities in nearly every regard.",2025-05-15T18:08:02Z,1,marshaul,gaming,2025-05-26T06:46:13.543715Z
ms0t8gs,1kla87i,reddit,I always thought the Vita was underrated. Such a great piece of hardware for portable gaming. Rockstar would have done wonders with a full GTA game for it.,2025-05-13T02:09:03Z,6,PriorityNatural3673,gaming,2025-05-26T06:46:14.464516Z
ms0tqj3,1kla87i,reddit,the moment you click start it’s gonna blow up ,2025-05-13T02:11:50Z,3,DuckLordPlayz,gaming,2025-05-26T06:46:14.464529Z
ms2khbi,1kla87i,reddit,Bonus points for a Vita. Poor forgotten girl,2025-05-13T11:05:03Z,3,ClickyPool,gaming,2025-05-26T06:46:14.464538Z
ms0qub7,1kla87i,reddit,That’s what I thought 10 years ago,2025-05-13T01:55:41Z,2,Tonymaione329,gaming,2025-05-26T06:46:14.464546Z
ms46mwk,1kla87i,reddit,Gta 6 stories,2025-05-13T16:29:41Z,2,ComprehensiveArt7725,gaming,2025-05-26T06:46:14.464553Z
ms4pqoa,1kla87i,reddit,If the vita's thumbsticks clicked and they figured out how to add L2/R2... Vita would have been so much more successful.,2025-05-13T18:01:02Z,2,taj9,gaming,2025-05-26T06:46:14.464560Z
ms4qbdw,1kla87i,reddit,Probably get 60 frames a year 👌,2025-05-13T18:03:47Z,1,NoCollection7232,gaming,2025-05-26T06:46:14.464568Z
ms0r6xf,1kla87i,reddit,Is this real?,2025-05-13T01:57:46Z,1,Impressive-Fuel-2881,gaming,2025-05-26T06:46:14.464575Z
ms0rs5v,1kla87i,reddit,I dont like you.,2025-05-13T02:01:03Z,0,GentlmanSkeleton,gaming,2025-05-26T06:46:14.464583Z
mrxjp38,1kkt5tj,reddit,"On a well calibrated display you shouldn’t have to adjust the in-game gamma curve. If you display has low delta-E and follows the RGB spec, the in-game default color settings should already be ideal.  The sliders only matter if your display is bad, which is why they don’t spend more time in them.",2025-05-12T15:52:49Z,2,TurtlePaul,gaming,2025-05-26T06:46:15.383997Z
mrxoztr,1kkt5tj,reddit,It's annoying as hell how it always feels off on my oled too. It'd be heaven if games had a specific oled mode that took advantage of the contrast without making everything else look washed out. Hopefully developers will start thinking about it soon.,2025-05-12T16:19:01Z,2,Monosql,gaming,2025-05-26T06:46:15.384009Z
mrqeckb,1kjynmx,reddit,"I dont understand why they dont just put the data on the disc, like surely its not that difficult, right? Do they have an incentive for doing this or are they just lazy.",2025-05-11T11:25:52Z,3,Bruh69420_____,gaming,2025-05-26T06:46:16.307851Z
mrqf13z,1kjynmx,reddit,[deleted],2025-05-11T11:31:44Z,2,N/A,gaming,2025-05-26T06:46:16.307864Z
mrr3ksq,1kjynmx,reddit,That wont stop you from been able to play it early unless your download speed is too slow to download it. Shit you could go on the Xbox mobile app right now and pre install it so it's ready.,2025-05-11T14:19:50Z,1,TheAllslayer,gaming,2025-05-26T06:46:16.307873Z
mrrwboh,1kjynmx,reddit,I really need that new doom controller,2025-05-11T16:53:54Z,1,seamorecoffee,gaming,2025-05-26T06:46:16.307881Z
mrqebeu,1kjynmx,reddit,Cool,2025-05-11T11:25:35Z,-1,AnthMosk,gaming,2025-05-26T06:46:16.307889Z
mrqi62b,1kjynmx,reddit,"Why would you want it on a disc? That's going to permanently be the oldest, crappiest version of the game, whereas downloading it is the latest major version and only needs small running updates. You can lose or break a disc. 


I do not miss the way gaming was 20 years ago in a lot of respects, the chance of permanently broken games being a big one.",2025-05-11T11:56:56Z,-3,Financial_Potato6440,gaming,2025-05-26T06:46:16.307896Z
mrqfvgd,1kjynmx,reddit,"… you know it still has to arrive at your house, “Hey guys I bought the game early! :)” lol okay? It’s been available to buy in the blizzard launcher",2025-05-11T11:38:35Z,0,Unoriginal-,gaming,2025-05-26T06:46:16.307904Z
mrjjo2s,1kj2eok,reddit,"Remnant 2 dog, its everything u want trust. First one is good, 2nd is better.",2025-05-10T05:09:22Z,15,Shampew,gaming,2025-05-26T06:46:17.803978Z
mrjj07p,1kj2eok,reddit,"Remnant 2 is exactly what you are looking for in every single way. It's known as the soulslike with guns for a reason. It has a good loot system, beautiful dungeons, loads of cool builds and character classes, and really really solid gameplay. I have burned way too many hours on this game and you likely will too. 100% this is the game for you.",2025-05-10T05:03:47Z,21,Abject_Muffin_731,gaming,2025-05-26T06:46:17.803986Z
mrjjcgg,1kj2eok,reddit,Not great. You have to pay to do anything meaningful. Coming into the game with 0 context and missing a lot of campaigns because Bungie deleted them.,2025-05-10T05:06:37Z,4,AimlessSavant,gaming,2025-05-26T06:46:17.803991Z
mrjit69,1kj2eok,reddit,Not worth it. Grind fest,2025-05-10T05:02:14Z,14,Alternative_Case9666,gaming,2025-05-26T06:46:17.803995Z
mrk32wh,1kj2eok,reddit,"If you care zero about multiplayer, just stick to the main story missions and a few strikes. Guns feel punchy, movement’s floaty, and loot drops keep you chasing that next overpowered archetype. Perfect for a quick FPS-loot fix.",2025-05-10T08:16:56Z,6,Barc_Seehusen,gaming,2025-05-26T06:46:17.804000Z
mrjpc92,1kj2eok,reddit,"Based on my experience breaking a 2 yr haitus again and doing Final Shape and a bit before it last year with friends. I think I know the real key.

Pre-existing Friends.

This is not a place you make friends because Bungie couldn't be assed to facilitate the goldmine of social gameplay that Halo had. Destiny was made to be about rewards and pulling slot machines since the very start. Anytime people got in the way of it, they tore at each other's throats. From Gatekeeping raid groups to specific weapons (""Ghorn or kick"") to PvP having players not simply beat players, but deprive them of rewards (Trials was a mistake). This game breeds toxicity around every dark corner. Maybe this was a natural inevitability of having a loot based game, maybe they could have done something different to combat that, maybe society in general becoming more isolated is the cause. We'll never know.

What I do know is that for all the shit the game does and brings, going through it with people you actually know and care about, just somehow makes it ""work"". The real magic of the game is not even the game. I fixate on this because the usual LFG experience is transactional as hell. Some will probably say this isn't even unique to Destiny and they're probably right, but omg it does not help here at all. I will never be able to forget the bad raids and the good ones were just a slot machine pull that felt like nothing by the end. I do the Very First one again with friends and it actually felt great.

I find it equal parts tragic and beautiful. Because it didn't take too long after they all stopped playing it and I was solo again to realize just how hollow it truly was. I couldn't even get a damn item from a dungeon after running the same fight almost 20 times...and that was when I gave up again. It's not worth it to be hardcore invested in this because it only leads to suffering in its desperate attempts to drive your engagement the same way a casino does. The only lasting enjoyment Destiny provides, is something any multiplayer game can really provide, maybe not in the exact same way, but similar enough. 

And since MP is not of your concern, this makes the game a hard sell, because that's all it truly has. DLC feels like a finger trap, the story...god I dont even know anymore. 

You can very much breeze the campaign and dick around with the gameplay people kinda overrate, but I could not suggest in good faith that it would be a worthwhile use of your time/money/energy.

If games were food, this would be your favorite bag of chips, tastes great, but it's all empty carbs that might leave you feeling sick later because you ate too much.",2025-05-10T06:01:04Z,3,TJ_Dot,gaming,2025-05-26T06:46:17.804004Z
mrjj8j0,1kj2eok,reddit,I had the same thought and made it maybe 2 hours and was bored out of my mind. The new player experience is awful. Remnant 1 and 2 are incredible though and very much feel like a soulslike shooter. ,2025-05-10T05:05:41Z,5,DamnImAwesome,gaming,2025-05-26T06:46:17.804008Z
mrjiupk,1kj2eok,reddit,horrible. stay away,2025-05-10T05:02:34Z,7,sandman_br,gaming,2025-05-26T06:46:17.804013Z
mrjj2ub,1kj2eok,reddit,It’s not a single player game. Like yes you CAN but the game is meant to be played with 3-6 players. Dungeons and raids are the best content in the game and they’re 3 and 6 player activities,2025-05-10T05:04:23Z,5,CruffTheMagicDragon,gaming,2025-05-26T06:46:17.804017Z
mrjltop,1kj2eok,reddit,As someone who got the platinum in D2 and loved it a point in time. Stay away. I'd recommend Remnant 2 great game!,2025-05-10T05:28:17Z,2,_roachy_,gaming,2025-05-26T06:46:17.804021Z
mrjixlh,1kj2eok,reddit,destiny 2 boring as fk,2025-05-10T05:03:13Z,2,5H007C305,gaming,2025-05-26T06:46:17.804025Z
mrjjeih,1kj2eok,reddit,"I played D2 for a couple thousand hours, and I loved it.  It's definitely a grind, but it was fun raiding with my group of online friends and chasing the meta gear.  I've tried to go back a few times but the immediate grind kills me every time.  It's not the same now that the magic wore off.

All this to say, it's very grindy, but if you've got the nerve for that, it's fun.  The gameplay feeling is one of the best in the biz.",2025-05-10T05:07:06Z,2,godspeedfx,gaming,2025-05-26T06:46:17.804030Z
mrjjw35,1kj2eok,reddit,"If you’re ok with playing on console, Destiny 1 is a more consistent experience for that",2025-05-10T05:11:18Z,1,kelgorathfan8,gaming,2025-05-26T06:46:17.804034Z
mrjk2jy,1kj2eok,reddit,Gunplay is second to none. Guns are satisfying. But the first 50 hours is a struggle.,2025-05-10T05:12:51Z,1,Khantherockz,gaming,2025-05-26T06:46:17.804038Z
mrjkw3w,1kj2eok,reddit,"Core gameplay is phenominal.  A worthy Halo spiritual successor.  Great for casual gameplay, multiplayer, etc.  Even has plenty of classic Halo weapons for an old school feel.


Beyond that, you will get to a point where its hard to figure out what to do next, without extensive searching and research.  Biggest flaw of the game, and worth playing something else depending on the person.  For this reason, D1 will always be the superior game.


Also, dungeons and strikes are more AOE spamming based, as opposed to D1's traditional Halo duck and cover mechanics which is less in D2 during PvE content.  So there's that.


But core gameplay is phenominal.  And its a free to play game too, so a lot of enjoyment to be had, despite some ridiculous pay wall restrictions on some content.",2025-05-10T05:19:57Z,1,ITCHYisSylar,gaming,2025-05-26T06:46:17.804043Z
mrjl2da,1kj2eok,reddit,"I’ve got over 10k hours in destiny 2 but I haven’t touched it in about 2 months. They game is at the end of its life and isn’t in a great space. Since you’ve never played before I’m not sure where you’re going to start but depending on how many dlcs you’d get a lot of hours out of it. PvP is dogshit, has been for a while and will never get better, but you don’t care about that so it doesn’t matter. All the top tier endgame stuff requires a team but you don’t have to do it unless you want the gear from it.",2025-05-10T05:21:28Z,1,ximstuckx,gaming,2025-05-26T06:46:17.804047Z
mrjla64,1kj2eok,reddit,Destiny 2 will work as long as you fix your mind to ignore the FOMO. If you fall into the FOMO it will feel very pressuring to do things you might not want to do.,2025-05-10T05:23:24Z,1,CrawlerSiegfriend,gaming,2025-05-26T06:46:17.804051Z
mrjlehz,1kj2eok,reddit,"I have a few about 430-ish days on D2 if thats any idea of the type of game it is. It can be as casual as you want it to be, but also has a deeper layer of middle and end game content.

The problem is getting started and what to buy. Start with the ""free to play"" stuff and decide from there.

The feel of this, mechanics, build crafting, weapon amd armor grind is second to none. Careful, you might get hooked.",2025-05-10T05:24:30Z,1,Electronic_Algae5426,gaming,2025-05-26T06:46:17.804056Z
mrjmyn1,1kj2eok,reddit,"I have about 2-3k hours on D2 but haven’t played since the Final shape DLC and I would say it can be fun if you simply wanna kill some shit, play the campaigns, and dive into farming seasonal weapons and stuff like that. Be warned that to actually do all this you would need to purchase a lot of DLC and the individual seasons themselves. On top of that warning a lot of content is co-op focused when it comes to farming seasonal stuff and a lot of exotics and weapons in general are tied to content that you will need to play with others. 

I can’t speak for the state of the game currently but I doubt much of anything has changed since I stopped playing. 

I know you said you don’t care about DLC but destiny is literally just multiple DLC campaigns. Playing base Destiny without any DLC would not be fun or ideal.",2025-05-10T05:38:43Z,1,I_Heart_Sleeping,gaming,2025-05-26T06:46:17.804060Z
mrjr03l,1kj2eok,reddit,As far as actually making progress D2 or warframe are rough… but exactly the flowy shooter gameplay with extras here and there you’re looking for. You could totally ignore plot and progression and still have fun or get sucked in and realize there’s too much game in the game and just dick around to whatever point you want,2025-05-10T06:16:54Z,1,Endlessssss,gaming,2025-05-26T06:46:17.804064Z
mrjtph8,1kj2eok,reddit,There isn’t a point to destiny 2 without dlc and honestly all them except light fall are worth (you’ll still need to play lightfall),2025-05-10T06:42:48Z,1,KDF_26,gaming,2025-05-26T06:46:17.804069Z
mrjufva,1kj2eok,reddit,Bad,2025-05-10T06:49:57Z,1,Rex__Lapis,gaming,2025-05-26T06:46:17.804073Z
mrjup80,1kj2eok,reddit,"It's not good anymore. It was amazing, I used to be a competitive destiny player and it was my only fps I played at the time. I don't know how the game got to the state that it did. 

After stasis came out everything is paywalled everything is a grind a lot of things are time gated. It's really not a good experience. You can't even play any of the original story lines because they've been vaulted. 

Has some other people I recommended remnants 1 and 2 are both incredible games.",2025-05-10T06:52:28Z,1,HyperQuarks79,gaming,2025-05-26T06:46:17.804078Z
mrjxreb,1kj2eok,reddit,"The gunplay is the best there is, but the new player experience is horrendous, and you will not understand the game at all. Right now, the loot is pointless because they're changing it in July. Aside from that, the RNG is so bad that you can grind for months and never get the roll you want. You can play the campaigns solo, but pretty much everything else is meant to be played with other people.

If you're still curious, I would recommend trying Destiny 1 over 2.",2025-05-10T07:22:46Z,1,voltwaffle,gaming,2025-05-26T06:46:17.804082Z
mrjzn2p,1kj2eok,reddit,"Not the best choice. But if you don't care if you potentially waste 10-15 hours figuring it out for yourself, might be worth a try on the off chance D2 really works for you.",2025-05-10T07:41:56Z,1,GarrulousAbsurdity,gaming,2025-05-26T06:46:17.804086Z
mrk158s,1kj2eok,reddit,"If you don't care for coherent storytelling (and i think for a new player it would be quite confusing to jump in right now) i'd say it's pretty good.

Gameplay is definitely the strong suit of Destiny 2. And you can do alot alone (not everything though).

If you already have it, then there's also no risk involved, so try it out.",2025-05-10T07:57:11Z,1,M-Bug,gaming,2025-05-26T06:46:17.804090Z
mrkac46,1kj2eok,reddit,">Doesn't seem to be on steam though, I assume through Bungie directly?

Destiny 1 is a console exclusive game, it never got a PC version or port",2025-05-10T09:32:50Z,1,RagnarokCross,gaming,2025-05-26T06:46:17.804094Z
mrkacyo,1kj2eok,reddit,"Extremely satisfying gunplay that isn't really matched anywhere else. That being said, horrible new player experience. 

Regardless, it's f2p, just download it yourself and try it out to see if it seems worth it to you.",2025-05-10T09:33:05Z,1,AnActualSadTaco,gaming,2025-05-26T06:46:17.804099Z
mrmmzpm,1kj2eok,reddit,Isn't a big chunk of the early campaign locked away at this point? I remember when I wanted to replay it and I couldn't access it and also couldn't bother with their really shitty returning player experience. Totally off putting.,2025-05-10T18:36:25Z,1,YeetYourYoshi,gaming,2025-05-26T06:46:17.804103Z
mrpczqb,1kj2eok,reddit,No. The whole first part of the story is gone from the game.,2025-05-11T05:10:29Z,1,Dry-Needleworker9018,gaming,2025-05-26T06:46:17.804107Z
mrjji4n,1kj2eok,reddit,"Expensive and shallow.

The raid scene is dead.",2025-05-10T05:07:58Z,1,Hour_Dragonfruit_157,gaming,2025-05-26T06:46:17.804111Z
mrjjggd,1kj2eok,reddit,Borderlands 4,2025-05-10T05:07:34Z,1,HIEROYALL,gaming,2025-05-26T06:46:17.804116Z
mrjjgmq,1kj2eok,reddit,"Nah don't, you're gonna waste your time.",2025-05-10T05:07:37Z,1,Xc4lib3r,gaming,2025-05-26T06:46:17.804124Z
mrjj3i8,1kj2eok,reddit,"Do it. It's a looter shooter. Bungie has probably the best shooting mechanics in the industry. It's space sci Fi so if you're hoping for realistic. Not happening. Abilities. Supers. You name it. If it's not your jam, then it's not your jam. Try it free first

There's currently a week long event happening involving mech fights",2025-05-10T05:04:32Z,-1,ryan8954,gaming,2025-05-26T06:46:17.804128Z
mrjj189,1kj2eok,reddit,"The little I played it, it wasn’t bad. But don’t have the time to grind out missions.",2025-05-10T05:04:00Z,0,JLew0318,gaming,2025-05-26T06:46:17.804133Z
mrjiy9i,1kj2eok,reddit,"ngl I never played destiny 2, but I've heard it is more of a grind than the first one. and as someone who played the first one single player extensively I can say it was a massive grind compared to crucibles",2025-05-10T05:03:21Z,-2,GreenAd6537,gaming,2025-05-26T06:46:17.804137Z
mrjkagy,1kj2eok,reddit,[deleted],2025-05-10T05:14:46Z,-1,N/A,gaming,2025-05-26T06:46:17.804142Z
mrjlc9e,1kj2eok,reddit,"Can't say it have""great gunplay"" tbh",2025-05-10T05:23:55Z,0,Beneficial-News-2232,gaming,2025-05-26T06:46:17.804146Z
mrjw3z9,1kj2eok,reddit,"Sadly its base game on release was lacking a lot too much grind for 0 upgrade alongside with not balanced pvp and it did not get weekly patches that would change this

Its first 2 dlc were just disappointment nothing else
One was like half and a hour talking in a new place and thats it,after this dlc the majority just left and they could never gain people back afterwards

Surely after 8 dlc game seems fine but sadly there are no players players to play the game because noone cared for them",2025-05-10T07:06:17Z,0,onedash,gaming,2025-05-26T06:46:17.804151Z
mr7gw15,1khk2tx,reddit,wildlife,2025-05-08T07:20:17Z,9,hardleft121,gaming,2025-05-26T06:46:18.861757Z
mr7h16n,1khk2tx,reddit,"I think I would expect at the very least RDR2 level of melee combat, which was a big improvement over GTA5s. That said an expansion of that would be very welcome. 

GTA5s melee combat was dreadful - two hits then knockout pretty much every single time.",2025-05-08T07:21:46Z,6,Hot-Hamster1,gaming,2025-05-26T06:46:18.861769Z
mr7h8vt,1khk2tx,reddit,Physics and fistfighting akin to RDR2. Improved would be a nice surprise,2025-05-08T07:24:01Z,6,PianoFall,gaming,2025-05-26T06:46:18.861776Z
mr7ijs3,1khk2tx,reddit,"Probably unpopular as gta is much more of a sandbox experience than rdr2, but I’d much prefer a rdr2 style weapon wheel where maybe you have to select only a couple of weapons from your car",2025-05-08T07:37:45Z,5,Fynity,gaming,2025-05-26T06:46:18.861783Z
mr7k4rl,1khk2tx,reddit,"A full fishing meta game including fresh and salt water. Boat based game fishing, free driving / spearfishing etc. 100+ species, size records, sales. GTA online mini games.",2025-05-08T07:54:24Z,4,PTMorte,gaming,2025-05-26T06:46:18.861789Z
mr7hzs0,1khk2tx,reddit,"The ability to purchase and keep any vehicle in single player. I hated playing gta5, seeing a bunch of cool vehicles and not having any place to purchase them. Additionally, if you leave a car anywhere it'll just disappear unless you store it in a garage everytime.",2025-05-08T07:31:51Z,3,jerry-jim-bob,gaming,2025-05-26T06:46:18.861796Z
mr7i9vv,1khk2tx,reddit,Skateboarding,2025-05-08T07:34:50Z,3,MyStickySock,gaming,2025-05-26T06:46:18.861803Z
mr7ibu8,1khk2tx,reddit,A release,2025-05-08T07:35:25Z,3,WorryRough,gaming,2025-05-26T06:46:18.861809Z
mr7idby,1khk2tx,reddit,Driving that feels somewhere between 4 and 5. A little more physics like in 4. Amyl and the Sniffers on the Soundtrack.,2025-05-08T07:35:52Z,3,Heuwender,gaming,2025-05-26T06:46:18.861816Z
mr7if6i,1khk2tx,reddit,"I can’t fully remember if gta v had this or not, but the ability to fight people without getting a star. Like if I chat shit to someone and they want to scrap, let us scrap it out",2025-05-08T07:36:23Z,3,Fynity,gaming,2025-05-26T06:46:18.861822Z
mr7h8gs,1khk2tx,reddit,"Airbags, horses all I ask lol",2025-05-08T07:23:54Z,1,ReggieDiggem,gaming,2025-05-26T06:46:18.861829Z
mr7hfat,1khk2tx,reddit,An easter egg like the chiliad mystery but actually be solvable,2025-05-08T07:25:53Z,1,moneymizzler,gaming,2025-05-26T06:46:18.861836Z
mr7htpp,1khk2tx,reddit,More yoga missions,2025-05-08T07:30:05Z,1,Goosecock123,gaming,2025-05-26T06:46:18.861842Z
mr7hyi9,1khk2tx,reddit,"Snowy weather, Optimised game, No must have Ray Tracing, Separate Online version, No Launcher BS",2025-05-08T07:31:28Z,1,MrMiyagi_256,gaming,2025-05-26T06:46:18.861849Z
mr7k027,1khk2tx,reddit,"Custom paint jobs and decals you can design like the Forza series.

An even better editor to create race tracks, and even buildings etc.  Think Forge mode in Halo.  

Make crews matter more, and make them bigger.  Imagine being a top player in your favorite streamer or YouTuber's crew.  Have rewards to reflect your standing/placement in that crew.  Maybe a special crib or house, vehicle, etc. that shows you're one of the top members.

A way to have a job online that all the other players can interact with and even pay you direct for services.   Imagine they have a Disney World type theme park clone and you could work there in game.  Or maybe a gas station or auto shop?  

A way to select the weather in single player any time you want.  I like to drive around in the rain for instance.

I'm sure the game will be great no matter what and I'm really excited for it just like everyone else.",2025-05-08T07:53:02Z,1,SupermanNew52,gaming,2025-05-26T06:46:18.861856Z
mr7kihm,1khk2tx,reddit,Have your character not control like absolute ass. It's a Rockstar game though so I won't hold my breath.,2025-05-08T07:58:22Z,1,Chrisnolliedelves,gaming,2025-05-26T06:46:18.861862Z
mr7ku6y,1khk2tx,reddit,Surfing,2025-05-08T08:01:47Z,1,Molto11,gaming,2025-05-26T06:46:18.861869Z
mr7lopm,1khk2tx,reddit,Interesting online modes. Pls we need something interesting,2025-05-08T08:10:47Z,1,itsurname_,gaming,2025-05-26T06:46:18.861875Z
mr7ls0a,1khk2tx,reddit,"GTA for me was always about mucking around in cars. When multiplayer came along it was about mucking around in cars with friends.

I just want a multiplayer experience that isn't as limiting, and doesn't take 3 hours to load, and doesn't put you in the wrong server half the time, and doesn't bombard you with phone calls for shit you aren't interested in.

Make races and minigames easier to join with your friends and less of a hassle overall. GTAV is such a time sink because of the multiple loading screens and lobby issues.",2025-05-08T08:11:48Z,1,DarkNinjaPenguin,gaming,2025-05-26T06:46:18.861882Z
mr7m3o3,1khk2tx,reddit,"Less restrictive mission design in general, more player agency, fewer fail states.  Also, I hope there is some sort of repeatable, combat centric side activity.",2025-05-08T08:15:14Z,1,hortys,gaming,2025-05-26T06:46:18.861888Z
mr7mrrh,1khk2tx,reddit,"the metal station brings me back to when i used to blast slayer while gaming in the basement, good days",2025-05-08T08:22:29Z,1,Hot_Ashley45,gaming,2025-05-26T06:46:18.861895Z
mr7r4wo,1khk2tx,reddit,Dialogue that doesn't make me wanna stick thumbtacks in my balls,2025-05-08T09:09:16Z,1,RegalBeagleKegels,gaming,2025-05-26T06:46:18.861901Z
mr7xrnt,1khk2tx,reddit,Cheatcodes. Maybe some roleplay aspects like being able to join certain jobs. And get benefits. And less focus on online because I do not care for online,2025-05-08T10:16:04Z,1,henaradwenwolfhearth,gaming,2025-05-26T06:46:18.861908Z
mr80gde,1khk2tx,reddit,Real time missions,2025-05-08T10:40:07Z,1,unoum,gaming,2025-05-26T06:46:18.861914Z
mr84964,1khk2tx,reddit,"Car physics/destruction similar to GTA 4. Other than that I liked how GTA 5 played, being able to always flip a car back onto its wheels was nice.",2025-05-08T11:10:36Z,1,LazloDaLlama,gaming,2025-05-26T06:46:18.861921Z
mr8cmce,1khk2tx,reddit,Horses,2025-05-08T12:10:01Z,1,Grand-Log-6358,gaming,2025-05-26T06:46:18.861928Z
mr8pfbl,1khk2tx,reddit,I want to see more cryptids.,2025-05-08T13:27:41Z,1,McDullBoy,gaming,2025-05-26T06:46:18.861935Z
mr8qu9x,1khk2tx,reddit,100+ fps,2025-05-08T13:35:33Z,1,fztrm,gaming,2025-05-26T06:46:18.861941Z
mraofw3,1khk2tx,reddit,"I’m one of those people who hated RDR2. I couldn’t stand the cowboy simulator slog ass gameplay and got more enjoyment from sleep. I’d just like to see fast-paced and fun combat, exciting missions, and overall gameplay much closer to Vice City and San Andreas than some hyper-realistic, story-driven Florida-man douchebag simulator. The trailer did not get my hopes up.",2025-05-08T19:17:11Z,1,batshitnutcase,gaming,2025-05-26T06:46:18.861948Z
mrgm8yq,1khk2tx,reddit,"I saw a Gameranx video of some things hinted. Lucia was shown wearing bluetooth earbuds, meaning the possibility to listen to music out of the car.",2025-05-09T18:27:29Z,1,NLK-3,gaming,2025-05-26T06:46:18.861954Z
msvt34l,1khk2tx,reddit,"Pets, customizable homes offline and online, more freedom in clothing.",2025-05-18T00:57:28Z,1,Plenty_Milk6995,gaming,2025-05-26T06:46:18.861961Z
mr7gu89,1khk2tx,reddit,Mfs really tryna goon 🤣🤣🤣,2025-05-08T07:19:47Z,1,indabay707,gaming,2025-05-26T06:46:18.861967Z
mr7hfho,1khk2tx,reddit,Make a fully customizable character that can be either gender (just an idea),2025-05-08T07:25:56Z,0,NanashiRyu118,gaming,2025-05-26T06:46:18.861974Z
mr7gx0l,1khk2tx,reddit,Actually playable performance.,2025-05-08T07:20:34Z,0,Ekklypz,gaming,2025-05-26T06:46:18.861981Z
mr7kxex,1khk2tx,reddit,Microtransactions,2025-05-08T08:02:44Z,0,Interesting_Pass3392,gaming,2025-05-26T06:46:18.861988Z
mr7hje8,1khk2tx,reddit,I just hope it's culturally sensitive and gets the diversity right.,2025-05-08T07:27:03Z,-7,WoodyB90,gaming,2025-05-26T06:46:18.861994Z
mr5xy5u,1khd7ta,reddit,Gta4 driving physics were and still are some of the most fun in any game ever. And the body damage from crashes is amazing. Nikos story is also fantastic. ,2025-05-08T00:38:59Z,7,Magnon,gaming,2025-05-26T06:46:19.890336Z
mr5yl55,1khd7ta,reddit,"I was very excited for in-depth heists in GTA V

When it came out I was absolutely obsessed with the payday games so I was so excited for the pre planning and different approaches you could choose for most of the heists",2025-05-08T00:42:44Z,3,CT1914Clutch,gaming,2025-05-26T06:46:19.890348Z
mr5z6h6,1khd7ta,reddit,"4 took a big turn at being more grounded in terms of car control and slice of life living. You went bowling with your cousin, go on dates to court women, and car accidents were horrific. 

5 brought it back to an arcade like feel, but what it had going for it was switching between 3 characters. They had some interesting missions where you had all three in a fight and could swap between them to flank enemies and pull off heists. Otherwise its all been pretty much the same game since 3 generally, but bigger each game.",2025-05-08T00:46:12Z,3,thrillhoMcFly,gaming,2025-05-26T06:46:19.890357Z
mr5zwmf,1khd7ta,reddit,"I know this is a really small detail, but the fact that characters actually slow down and place their feet properly on the ledges of each and every step when traversing up and down stairs.",2025-05-08T00:50:21Z,3,alzw1998,gaming,2025-05-26T06:46:19.890365Z
mr5yw0x,1khd7ta,reddit,"Been a fan of the series since playing the first one on game boy. I like crime drama told from the criminals perspective so that was the hook that got me in.

4 pulled me in because graphics for sure but also because it was 4 after getting vice city and San Andreas as ""spin offs"" (I know they aren't technically but they're also not mainline numbered titles either)

5 pulled me in because of the three characters story AND the online becoming its own thing instead of just for fun bonus. Unfortunately GTA online is now my number 1 most hated game because it killed any hope for single player content, they let RDR2 online die for it, and when they added flying motorcycles I checked out hard. If I wanted saints row I'd play saints row.

6 I'm only interested in for the story and single player because I already know the online is gonna be full of dumb shit people with dumb shit vehicles.",2025-05-08T00:44:30Z,2,ContactMushroom,gaming,2025-05-26T06:46:19.890373Z
mr6kzq4,1khd7ta,reddit,"There was a basketball 3v3 mode for gta 6 rumoured , that sounds  super fun",2025-05-08T02:54:11Z,2,seamorecoffee,gaming,2025-05-26T06:46:19.890381Z
mr9ae2w,1khd7ta,reddit,Gang wars & going to the fightin gym,2025-05-08T15:14:26Z,2,ComprehensiveArt7725,gaming,2025-05-26T06:46:19.890389Z
mr65r25,1khd7ta,reddit,"I feel like the series is still chasing all the things it got rid of from san andreas. 4 took out just about everything but the basics (and helicopters). 5 added planes and swimming back and slightly more diverse mission types. San andreas really was just peak gta and open world pacing, you were doing something new almost every mission.",2025-05-08T01:24:13Z,2,Iggy_Slayer,gaming,2025-05-26T06:46:19.890396Z
mr6cnmw,1khd7ta,reddit,"The games had new features? It's the same stuff every game, just with better graphics, new locations, and a new cast.",2025-05-08T02:02:56Z,1,AlphariusHailHydra,gaming,2025-05-26T06:46:19.890404Z
mr62it0,1khd7ta,reddit,My name is Michael and do is the protagonist featured in the trailer to GTA V.,2025-05-08T01:05:38Z,0,HugeLoquat3905,gaming,2025-05-26T06:46:19.890412Z
mqujyz6,1kfym7n,reddit,"They’re very different shooters at their core. But I prefer Battlefield. No two rounds of Conquest have been the same, where almost every round of Team Deathmatch or Donination feels the same to me",2025-05-06T07:32:54Z,16,N/A,gaming,2025-05-26T06:46:21.230690Z
mqukhmk,1kfym7n,reddit,"Very, very fond memories of Bad Company 2.",2025-05-06T07:38:35Z,10,MidnightMuch8584,gaming,2025-05-26T06:46:21.230702Z
mqum3z4,1kfym7n,reddit,"Battlefield 100%. Even the worst one (2042) is way more fun to me, than any COD. 

COD is literally the perfect example why multiplayer gaming is so shit these days. Battlepasses, Premium Battlepasses, Cringe ass cosmetics, SBMM,... rumors even say that they will now lock whole game modes behind the battle passes. COD is cancer.",2025-05-06T07:56:03Z,11,Ni_Ce_,gaming,2025-05-26T06:46:21.230709Z
mqul0n4,1kfym7n,reddit,"Bad Company 2 was great and so was BF 3 and 4.
Everything after that started going in the wrong direction imo.

CoD has had some good campaigns but the multiplayer has been too arcadey for a long time, and now they’re chasing Fortnite money with all the cringe cosmetics",2025-05-06T07:44:17Z,3,KingNyxus,gaming,2025-05-26T06:46:21.230715Z
mquk329,1kfym7n,reddit,BF,2025-05-06T07:34:08Z,6,BSGKAPO,gaming,2025-05-26T06:46:21.230731Z
mquk1gk,1kfym7n,reddit,"Personally, I like the bigger maps and number of  players that battlefield offers - makes a better team experience I also find the perks of cod silly and the maps far too small (looking at you Nuketown).

BF1 really was superb. Although Bad Company was probably my favourite.",2025-05-06T07:33:40Z,4,McSnifferson,gaming,2025-05-26T06:46:21.230737Z
mquk21d,1kfym7n,reddit,Battlefield 4 was great fun. Loved the destruction in BF Bad Company 2.. Skipped the 2042 shit show.  Hoping for good things for BF6.,2025-05-06T07:33:50Z,4,BrutoN82,gaming,2025-05-26T06:46:21.230744Z
mquk47i,1kfym7n,reddit,"To me, Call of Duty has always felt like fast food.
It’s quick, easy to jump into, and always hits the spot even if the quality varies. Every match is a bite of instant gratification, greasy fun wrapped in nostalgia. It’s not always refined, but it’s reliable, addictive, and always leaves you coming back for more.

But Battlefield… Battlefield felt like a gourmet meal at a luxurious restaurant.
Every explosion was a burst of bold flavor, every firefight a carefully crafted course chaotic yet masterfully balanced. The sound design was like a fine wine pairing rich, layered, and immersive. It wasn’t just a game; it was a full course experience served with intention and scale.",2025-05-06T07:34:28Z,4,BF3Demon,gaming,2025-05-26T06:46:21.230750Z
mqun0nn,1kfym7n,reddit,[removed],2025-05-06T08:05:54Z,2,N/A,gaming,2025-05-26T06:46:21.230756Z
mquo415,1kfym7n,reddit,"Call of Duty 2 was the best one for me. I remember playing on Clanbase. Finding players on mirc, typing cb 2v2... oh man the memories.",2025-05-06T08:17:47Z,2,feelinuneasy1234,gaming,2025-05-26T06:46:21.230762Z
mqukk7e,1kfym7n,reddit,"Battlefield despite COD being more popular. BF3, BF4 and BF1 are goated. Never played Bad Company 2, was into COD at the time it was released.",2025-05-06T07:39:22Z,4,UniqueVirtue,gaming,2025-05-26T06:46:21.230768Z
mquka0s,1kfym7n,reddit,"In general, I like Battlefield series more because of how massive and all out war it feels like. I can feel the tense and chaos in the battlefield while playing. Meanwhile Call of Duty, I think I like some of the stories (Black Ops 1) and they are very cinematic, and their graphics are great.",2025-05-06T07:36:15Z,1,qriuz0,gaming,2025-05-26T06:46:21.230774Z
mqukojw,1kfym7n,reddit,Bad Company 2 was the best. I miss that game so much. I don't have that with any of the COD games.,2025-05-06T07:40:40Z,1,AlisonChained,gaming,2025-05-26T06:46:21.230781Z
mqulic5,1kfym7n,reddit,Cod is more Michael Bay while Battlefield ist more Steven Spielberg.,2025-05-06T07:49:36Z,1,erikaspausen,gaming,2025-05-26T06:46:21.230787Z
mqumpn7,1kfym7n,reddit,"In one I walk a few feet before getting killed by someone in a corner, in the other I walk half a mile before getting killed by someone lying on the ground a quarter mile away.",2025-05-06T08:02:35Z,1,Turok7777,gaming,2025-05-26T06:46:21.230793Z
mquu5dq,1kfym7n,reddit,"I’ve always enjoyed bigger battles with more people so Battlefield for sure.

However, I’ve also not played it since 1942 and all its expansions, so I’m not sure it’s still good, but I’d hope so.",2025-05-06T09:23:48Z,1,WhiteLama,gaming,2025-05-26T06:46:21.230799Z
mquzifd,1kfym7n,reddit,Hell let losse ,2025-05-06T10:17:52Z,1,Strong_Buyer_114,gaming,2025-05-26T06:46:21.230806Z
mquzt3c,1kfym7n,reddit,"Multiplayer wise, Battlefield. Call of duty traditionally offeres more though with Campaign, Zombies and Warzone/DMZ. So overall I prefer Call of Duty.",2025-05-06T10:20:38Z,1,Away-Eggplant9943,gaming,2025-05-26T06:46:21.230812Z
mqv4jxw,1kfym7n,reddit,"I remember when bf3 and mw3 launched, and I didn’t know which one to get. My friend got both and said to get mw3, so I did.

Mw3 was alright, but I soon did end up getting bf3 as well. And boy, I very quickly ditched cod, bf3 was amazing. I had in the past tried out a couple matches of bf2 on my friends pc.

Anyhow, that was it, so long cod and I stuck with battlefield till bf1. Skipped v, came back for 2042, but ditched that within the first week.

I hope the next battlefield backtracks back to its roots and we get a proper battlefield. I must say I very much enjoyed cod mw1 and mw2 (the originals).",2025-05-06T11:01:47Z,1,CalmTree2315,gaming,2025-05-26T06:46:21.230818Z
mqw7m0a,1kfym7n,reddit,"Bf 5 gun run

Bc2 bf3 bf4 hardline 1

Cod 5 gun run
Mw waw mw2 bo1 mw3",2025-05-06T14:56:16Z,1,ComprehensiveArt7725,gaming,2025-05-26T06:46:21.230824Z
mqx2z8p,1kfym7n,reddit,"First battlefield, I was so good at it online",2025-05-06T17:25:39Z,1,Whoompy,gaming,2025-05-26T06:46:21.230830Z
mqx45dz,1kfym7n,reddit,"best story: WAW vs Battlefield 1. Both are great but WAW veteran is better

best graphics: MW19 vs Battlefield 1. MW19 wins 

best multiplayer: MW2 (OG) vs Battlefield 4. MW2 wins

best mode: Search vs Conquest. Search wins

Overall best games: MW(OG), MW2(OG), WAW, MW19 > BF1943, BFBC, BF1, BF4

Plus COD has zombies and rebirth. MW19 is also better than BF1",2025-05-06T17:31:07Z,1,avgnobrainredditor,gaming,2025-05-26T06:46:21.230836Z
mqyzavn,1kfym7n,reddit,Call of Duty is for 8 year olds. Battlefield is for 35 year olds.,2025-05-06T23:00:05Z,1,fgfdgdfgdfg88,gaming,2025-05-26T06:46:21.230843Z
mr0a79j,1kfym7n,reddit,Call of duty OG release. Something about paratrooping behind enemy lines on d day just got it right. Big feels in a campaign. No cows were hurt making this game.,2025-05-07T03:36:25Z,1,Cptn_Vesz,gaming,2025-05-26T06:46:21.230849Z
mr0a8rf,1kfym7n,reddit,BF. Cod is going downhill,2025-05-07T03:36:42Z,1,Overthinker109,gaming,2025-05-26T06:46:21.230855Z
mqumiia,1kfym7n,reddit,"I think battlefield at its best is better than CoD at its best. In that same regard, I think battlefield at its worst is worse than CoD at its worst.

Idk which is better, I like them both for different reasons.

My favorite thing about Battlefield is the large scale matches, the gun play and strategy involved too. My favorite thing about CoD, believe it or not, are the Michael Bay-esque /over the top action campaigns lol.

CoD is one of those franchises now where I only pick up every 3rd or 4th one, and I’ll probably stick to that. I don’t really hope for anything with it, because it’s perfected its formula so there isn’t much to improve on other than predatory mtx and whatnot. Battlefield I do hope improves. They definitely need a return to roots because EA has royally demolished it along with everything they touch.

Two totally different multiplayer situations, not really comparable in my opinion. I prefer battlefield, but I prefer the game to actually be playable too and that’s more so accomplished by CoD.

Zombies is hit or miss, even on the best days. I love it though, don’t get me wrong. But I don’t think zombies alone is preferable to everything that battlefield has ever offered.",2025-05-06T08:00:25Z,1,gingrbredman90,gaming,2025-05-26T06:46:21.230861Z
mquo9rp,1kfym7n,reddit,"BF3 in its prime, end of discussion.",2025-05-06T08:19:31Z,1,I_Stay_Home,gaming,2025-05-26T06:46:21.230867Z
mqupw5q,1kfym7n,reddit,Thats not even a real question. Cod is for stupid people. Battlefield was an actual game,2025-05-06T08:37:26Z,1,TheAlmightyLootius,gaming,2025-05-26T06:46:21.230874Z
mqv7s0s,1kfym7n,reddit,"Those two are truly different games, can't compare them",2025-05-06T11:27:09Z,0,EntropySurfers,gaming,2025-05-26T06:46:21.230880Z
mquli3e,1kfym7n,reddit,"Bf, although they both went down the drain since like 2020. At least BF is showing signs of revival with BF labs when COD is now just fortnite with extra steps",2025-05-06T07:49:32Z,0,AccountforHelldivers,gaming,2025-05-26T06:46:21.230886Z
mqumfzv,1kfym7n,reddit,I never really played battlefield but as far as I’m concerned zombies is the only reason cod is better,2025-05-06T07:59:41Z,0,EldritchMilk_,gaming,2025-05-26T06:46:21.230892Z
mquny3p,1kfym7n,reddit,"I think it's hard to compare. While as first-person shooters, they compete with each other, I find they have two different audiences, with a bit of overlap. And in my opinion, they both scratch different itches. In 2011, the guys playing MW3 weren't the same people playing Battlefield 3, for the most part. You definitely saw this in the game culture at the time, Battlefield fans saw COD as a game for children and console casuals while Battlefield was for the ""hard-core gamers"" and ""real fans"" of the fps genre. On the other hand, you had COD, which in 2007 became a media juggernaut, and 2009 (MW2) successfully dethroned Halo as the most-played FPS franchise. I mean you had ABC, CNN, the BBC, Fox News all talking about Call of Duty. Outside of the aforementioned Halo, the other video game juggernaut of GTA, and some Nintendo properties like Mario, mainstream media does not talk about video games. At least not back in the 2000s and early 2010s. As a child of the early 2000s, it's a bit hard for me to look at the golden years of COD with objectivity. One thing I can say for BF is that its golden years were longer. Sorry BC2 was my first so I can't speak to any prior entries but I'd say its golden years were from 2010 to 2017 (the release and content cycle of BF1). And BF games were always technically impressive, from the destruction of BC2 to the beauty of BF4 and BF1. When I saw BF4 on a PS4 and eventually on a top-of-the-line gaming pc I swore up and down that it was the best-looking game I've seen in my life. And for graphics to be that good on maps of that scale with destruction, vehicle combat, and levelution just blew my mind. Especially coming from playing BF3 on the Xbox 360 which was player caped to 16v16. And BF1 to this day is probably the best-looking multi-player fps game. I think they used that photogrametry stuff that they also used in the modern battlefront games, they must have as it is the only way to explain how they got a game to look that good in 2016 on the piece of shit Xbox One that was already underpowered on release back in 2013. If I'm trying to be objective I'd probably say Battlefield was a better game at its peak, but if I'm following my heart, it's cod, cod all the way.",2025-05-06T08:15:57Z,0,EverGreatestxX,gaming,2025-05-26T06:46:21.230899Z
mquoxye,1kfym7n,reddit,"Multiplayer would go to Battlefield for me. 4 & 1 were my favorites.

Campaign would go to Call of Duty personally. Infinite Warfare & the OG Modern Warfare 2.

Titanfall 2 beats them all though.",2025-05-06T08:26:56Z,0,JusaPikachu,gaming,2025-05-26T06:46:21.230905Z
mqupeli,1kfym7n,reddit,"Ahh, this brings me back to high school... 
I was 100% battlefield fanboy, but I fell for MW3. Still, I cherish my best gaming memories on both. 


CoD and BF are realy different. One has immersive long battles, the other is more of an intensive arcade game.


However, replaying BF after years (even BFBC2 on private servers) really doesn't gets old for me. 


The MP experience is really good. One second you're alone on the battlefield, the other you're holding a position with 3 mates from nowhere, and a minute layers, you are brothers in arm, no chat required. 


The graphics still looks great. The gameplay feels consistent. Also, IMO, the balistic system is what differenciate a FPS from a point and click. 


Nonetheless, CoD is still a bunch of fun to play with a friend and some beers. It's more accessible and brings you directly into the action. MP experience pleased me for the grind of golden/diamond skin, zombie and compare wee wee size with friends, but the online community, ugh... 


As a whole, I'd say this: if you replaced other players with bots, would you notice it? In battlefield, playing with bots would be totally noticed, contrary to CoD. And that's why I consider BF as a better MP game. 


Future of the franchises: I don't think they can make more than what they have done, the genre is saturated and competitive shooter are the way since years. CoD should've came out victorious but it got overtaken by CS, R6, OW etc... ",2025-05-06T08:32:03Z,0,Laandreex,gaming,2025-05-26T06:46:21.230911Z
mquqxot,1kfym7n,reddit,"CoD peaked in the early 2000's  
they had a great team deathmatch small map game experiences, they set the mark for fast paced fun.  
  
BF definitely took over and gave us some crazy full scale warefare objective based maps with vehicles and player roles.

Nowadays BF's technical launch issues continue to plague the games but they eventually are great fun, whereas CoD has just become the ADHD adderall addicted offspring that can't figure out what it wants to be and is a shell of it's former self with its changes and a shift of focus.",2025-05-06T08:48:54Z,0,djr7,gaming,2025-05-26T06:46:21.230918Z
mquyctc,1kfym7n,reddit,Call of Duty had more players at its peak by millions. Nowadays they're both cringe shit.,2025-05-06T10:06:53Z,0,PeneshTheTurkey,gaming,2025-05-26T06:46:21.230925Z
mquz2mh,1kfym7n,reddit,"BF took over the crown after BFBC2/BF3 era. 

BF1 is IMHO the peak multiplayer shooter overall, not just in the series.",2025-05-06T10:13:44Z,0,Zhac88,gaming,2025-05-26T06:46:21.230931Z
mqv1ch8,1kfym7n,reddit,"COD franchise used to be a grounded military shooter with realism and silky smooth controls. In the last 5 years, they really fell off a cliff but understandable since they’re forced to make a new game every year for the past 21 years.",2025-05-06T10:34:40Z,0,Quick-Cauliflower223,gaming,2025-05-26T06:46:21.230938Z
mqvapjs,1kfym7n,reddit,"BF will always win this when it comes to multiplayer, but the single player campaign of COD4:MW remains one of the best gaming experiences I've ever had. It was the first time I had ever played a game that actually felt like you were playing through a big budget action movie.",2025-05-06T11:48:35Z,0,iced1777,gaming,2025-05-26T06:46:21.230944Z
mqswetf,1kfr32p,reddit,I’m playing it for the first time right now and am savoring every second of it,2025-05-06T00:20:39Z,13,Benjynn,gaming,2025-05-26T06:46:22.434889Z
mqsyuyo,1kfr32p,reddit,I’ve tried several times and just can’t get into it what am I missing?,2025-05-06T00:34:45Z,3,MaybeUNeedAPoo,gaming,2025-05-26T06:46:22.434893Z
mqt0iqy,1kfr32p,reddit,"I picked up Dark Souls 1 so I could get an understanding of the cultural context, style, and mechanics of Elden Ring. It's taken me years, but im almost done.",2025-05-06T00:44:13Z,2,Ser_Friend_zone,gaming,2025-05-26T06:46:22.434895Z
mqwhv08,1kfr32p,reddit,in my first ER playthrough i checked the map inch to inch. worst mistake i made in gaming. cuz of this there was nothing new to explore in my 2nd playthrough.,2025-05-06T15:45:29Z,2,MEEMREBAH,gaming,2025-05-26T06:46:22.434897Z
mqsv4id,1kfr32p,reddit,"I got Covid the day after this game released. It was a miracle. Called in and said ""nope can't come in for a week sorry I have Covid"" (those were the only days I got off during the pandemic). I played it 16 hours a day until the disease really kicked in and I tried my best to play during the worst of it.

All to say yeah I agree with you.",2025-05-06T00:13:19Z,5,Adeviatlos,gaming,2025-05-26T06:46:22.434900Z
mqt1sn9,1kfr32p,reddit,"I have the opposite opinion. I played it for 100 hours and wish I could take back 80 of them. The layers to the world are cool, but the exploration felt unrewarding. I didn't like that the reward for exploration was a junk item 99.5% of the time, and the recycled bosses became tiresome for me. 


The open world looked great but it feels pretty dull to have almost nothing to do in such a large world, except kill enemies. I think the large scale really hurts FromSoft's style of storytelling. For me, they perfected their formula with Bloodborne so ER was a big disappointment.",2025-05-06T00:51:28Z,4,mellifluousmark,gaming,2025-05-26T06:46:22.434902Z
mqsv5l3,1kfr32p,reddit,"I am playing it for the first time now. Started about 3 weeks ago. It's an intense experience. I held off because DS1 was too frustrating to me, I am not a very patient gamer. 

I hung in, over leveled the character quite a bit and am exploring the world, just having made it to the mountain of the giants or whatever. 

BoTW was amazing and still one of my favorite games, but the scale of Elden Ring is just insane. I don't know how they put so much game into it, without doing offline research, you don't even know that you don't know something haha. 

I am loving it, but do find myself having to put the controller down a lot just because there are some bosses, some regular mobs etc that are just setup so frustrating, I find myself wanting to throw the controller way too often.",2025-05-06T00:13:29Z,2,smftexas86,gaming,2025-05-26T06:46:22.434904Z
mqsuy2s,1kfr32p,reddit,"Elden Ring is a true masterpiece but if you constantly grind it, it gets a little boring",2025-05-06T00:12:17Z,1,Responsible_Dot_1124,gaming,2025-05-26T06:46:22.434906Z
mqswnvg,1kfr32p,reddit,Really? What's it about? What's the story?,2025-05-06T00:22:06Z,1,sjccb,gaming,2025-05-26T06:46:22.434908Z
mqsxibf,1kfr32p,reddit,"My wife has a habit of buying games she might like then abandoning them, one was elden ring, I’m a tight ass man who wants to get my money back so will try to complete them, I’ve never played a souls game before and elden ring pushed me beyond a point I could ever get for a game, from WHY IS EVERYTHING TRYING TO FUCKING KILL ME, to actually becoming the elder lord, fuck me I’ve took a shit Ton of drugs but that’s definitely up there

That shits on my CV",2025-05-06T00:27:01Z,1,N/A,gaming,2025-05-26T06:46:22.434910Z
mqt2670,1kfr32p,reddit,"Me too. ER was ruined for me by my best friend, who jumped in when I started playing and decided it'd be a great idea to give me all the deep mechanics and lore as soon as I plopped out of the tutorial dungeon, confusing me af, and not allowing to discover everything on my own. So I wish I could play it for the first time too - alone this time. I want to love it so much, but I hate it now.",2025-05-06T00:53:38Z,1,kevintheradioguy,gaming,2025-05-26T06:46:22.434912Z
mqt4bl4,1kfr32p,reddit,Opening them big doors at the start 👌,2025-05-06T01:06:07Z,1,J0rkank0,gaming,2025-05-26T06:46:22.434914Z
mqtajs3,1kfr32p,reddit,I'll get to it one day. A buddy at work tells me it's an amazing game.,2025-05-06T01:41:58Z,1,Usual-Disaster7285,gaming,2025-05-26T06:46:22.434916Z
mqtc5f6,1kfr32p,reddit,I haven’t played it yet.   One day.,2025-05-06T01:51:11Z,1,VanillaMuch2759,gaming,2025-05-26T06:46:22.434918Z
mqtfos1,1kfr32p,reddit,"May I recommend using a Randomizer if you are on PC

I've just completed my first random run and boy if it was not a fresh take. I started by fighting Maliketh at the entrance of Stormveil and finished the game against a Shade of Godfrey + Fire Giant fight

I highly recommend it, it makes traveling dangerous again and items highly valuable (I would also recommend to disable stat requirements for weapons, if your randomizer has a setting for that)",2025-05-06T02:11:29Z,1,Guilty_Isopod23,gaming,2025-05-26T06:46:22.434920Z
mqttsin,1kfr32p,reddit,I never played the elden ring before. I'm thinking of playing.,2025-05-06T03:42:45Z,1,FISH_DINO,gaming,2025-05-26T06:46:22.434923Z
mquzhrx,1kfr32p,reddit,I myself never played it. Been working alot. But will play it eventually. I heard the first boss is hard as hell!,2025-05-06T10:17:42Z,1,FabesTechReviews,gaming,2025-05-26T06:46:22.434925Z
mqvpdml,1kfr32p,reddit,I bought it for the steamdeck. But i've got no idea what i'm doing. I cant fight anything and it feels like i'm skipping everything because everything I look at kills me.,2025-05-06T13:22:10Z,1,herroebauss,gaming,2025-05-26T06:46:22.434927Z
mqsws3y,1kfr32p,reddit,"Elden Ring and BOTW did open world right. The map were not pre-flooded with a bunch of different ubisoft tasks, a compulsive to-do list. Instead, you actually explored and stuff you organically discovered were added in the map. 


Hell is Us, an upcoming September game by ex Deus ex developers I think, is supposed to be like that. Focused on exploration. Keep it in your radar.



I assume you played the elden ring DLC, but if you haven't then you should know it's phenomenal. And it personally gave me the fresh feeling I felt when playing elden ring the first time.",2025-05-06T00:22:46Z,1,Illustrious-Lime-863,gaming,2025-05-26T06:46:22.434929Z
mqsyv2h,1kfr32p,reddit,"I wish it had the ability to turn the difficulty down so that I could justify spending money on it. I have about 1 hour to play games a day. 2 if I'm lucky. 

Spending weeks trying to build muscle memory is a waste of my limited time. I'm only getting to enjoy expedition 33 because I can make it fun by turning it down.",2025-05-06T00:34:46Z,1,starcraftre,gaming,2025-05-26T06:46:22.434931Z
mqt01io,1kfr32p,reddit,"It’s a really good game but tbh I find that it runs into the exact same issue that a lot of other big open-world games do - which is that it’s just way too long and starts to drag after a while.

The first 2/3rds of the game is fantastic and it would honestly be close to a 10/10 for me if the game ended after Royal Capital Leyndell. But I find that it kinda goes downhill after that with some underwhelming areas, and a ton of repetitive dungeons, enemies and minibosses.",2025-05-06T00:41:32Z,1,Additional-Try-6178,gaming,2025-05-26T06:46:22.434933Z
mqsvk5f,1kfr32p,reddit,"You've got a chance, just get a bat and have a buddy concuss you.",2025-05-06T00:15:46Z,0,CcandGg,gaming,2025-05-26T06:46:22.434935Z
mqsw27d,1kfr32p,reddit,Ugh.  I died to the first boss 10x and refunded it.  That game was not fun.,2025-05-06T00:18:37Z,-8,Ratlarbig,gaming,2025-05-26T06:46:22.434937Z
mqmhiwb,1key2ck,reddit,"spyro?

cant be though unless you were emulating. A lot of games have gems though",2025-05-05T00:01:27Z,20,NikkyD1,gaming,2025-05-26T06:46:23.476047Z
mqn0y58,1key2ck,reddit,Fucking hell. I expected some Game from the 70s and not from 2010 WTF!,2025-05-05T01:58:59Z,20,PreviousMpetric10,gaming,2025-05-26T06:46:23.476061Z
mqmhkjs,1key2ck,reddit,"Maybe one of the early levels of crash bandicoot on ps1?
https://youtu.be/z8FznC0mRLY?si=Z_EteptjrWTSWcxh",2025-05-05T00:01:43Z,6,Monfang,gaming,2025-05-26T06:46:23.476070Z
mqmh5k7,1key2ck,reddit,"Maybe this? Crystal maze
 https://youtu.be/LtZFRyACP3E?si=Mm4mqV9bZqgNzKFZ",2025-05-04T23:59:17Z,7,ChilledCo,gaming,2025-05-26T06:46:23.476077Z
mqmhqkm,1key2ck,reddit,"My guesses are Zumas Revenge, Spore or Tork",2025-05-05T00:02:43Z,4,sanyarajan,gaming,2025-05-26T06:46:23.476085Z
mqmh8kq,1key2ck,reddit,"Well temple run starts pretty slow, you mom might have just sucked at the game and never made it to the quick part 😂",2025-05-04T23:59:46Z,2,Hockman,gaming,2025-05-26T06:46:23.476093Z
mqmhcum,1key2ck,reddit,The sub you're looking for is r/tipofmytongue,2025-05-05T00:00:27Z,0,huntersood,gaming,2025-05-26T06:46:23.476100Z
mqmhbn4,1key2ck,reddit,Kingdom? 2015,2025-05-05T00:00:16Z,1,zeus1911,gaming,2025-05-26T06:46:23.476108Z
mqmkxde,1key2ck,reddit,Definitely sounds like temple run. The only thing that is throwing me off is the green gems.,2025-05-05T00:22:00Z,1,Weary_Control_411,gaming,2025-05-26T06:46:23.476115Z
mqnlbg2,1key2ck,reddit,Zelda?,2025-05-05T04:16:44Z,1,Booshlang,gaming,2025-05-26T06:46:23.476123Z
mqrb6ze,1key2ck,reddit,"Danger Dash, come pre installed on Old phones 
it has most of the components you're talking about",2025-05-05T19:19:46Z,1,N/A,gaming,2025-05-26T06:46:23.476131Z
mqmwh0e,1key2ck,reddit,"She's probably just thinking of Temple Run, but sometimes is very easy to not remember the pacing of some games.

That or spyro/crash bandicoot since those are the only ones I can remember with gem collecting things and brick roads",2025-05-05T01:32:16Z,1,RufoxTV,gaming,2025-05-26T06:46:23.476138Z
mquw7bo,1kevihb,reddit,beautiful,2025-05-06T09:45:34Z,2,Puzzled-Winner5759,gaming,2025-05-26T06:46:24.500495Z
mqlxuy4,1kevihb,reddit,"that looks so cool wow  
What did you use to draw that?",2025-05-04T22:07:03Z,2,Cupboardfuneral,gaming,2025-05-26T06:46:24.500506Z
mqm1b79,1kevihb,reddit,Was gonna ask. Anyone watching this show?,2025-05-04T22:26:59Z,2,Ewallye,gaming,2025-05-26T06:46:24.500514Z
mqm4pcr,1kevihb,reddit,[deleted],2025-05-04T22:46:52Z,1,N/A,gaming,2025-05-26T06:46:24.500520Z
mqm07g2,1kevihb,reddit,Looks very good ! Unlike the TV series,2025-05-04T22:20:30Z,0,Zealousideal_Cap_650,gaming,2025-05-26T06:46:24.500527Z
mqlw544,1kevihb,reddit,of only joel didnt have his face cutout,2025-05-04T21:57:17Z,0,APGaming_reddit,gaming,2025-05-26T06:46:24.500534Z
mqm02ds,1kevihb,reddit,"Not particularly a fan of the games, but they look dope as hell.",2025-05-04T22:19:40Z,1,The_Advocate07,gaming,2025-05-26T06:46:24.500541Z
mqnajnb,1kevihb,reddit,Why are people downvoting this lol I'm so sorry OP this looks great!,2025-05-05T03:00:17Z,1,NonPolynomialTim,gaming,2025-05-26T06:46:24.500549Z
mqm8l99,1kevihb,reddit,Ouch... well atleast its not the potato version🤣,2025-05-04T23:09:40Z,-1,LightSpeed8082,gaming,2025-05-26T06:46:24.500555Z
mqgzhcr,1ke91cd,reddit,"While it does have co-op, Warframe is a very solid single player experience.

Most ARPG's would also probably fall into this as well, stuff like PoE2, Last Epoch or Diablo 4. In these games co-op only enhances the experience more so than is the only way to play.",2025-05-04T02:08:27Z,6,phillz91,gaming,2025-05-26T06:46:25.419058Z
mqgzkzj,1ke91cd,reddit,No mans sky has received regular updates and content drops. (All free as well.),2025-05-04T02:09:07Z,6,Desolatediablo,gaming,2025-05-26T06:46:25.419072Z
mqh0gqv,1ke91cd,reddit,"Afaik most gachas are single-player live service games.  I know they can be fairly difficult to get into unless you're a hardcore weeb, but just throwing it out there because it fits what you asked.",2025-05-04T02:15:03Z,5,Traditional_Fly_3082,gaming,2025-05-26T06:46:25.419082Z
mqgzabq,1ke91cd,reddit,Technically? Stellaris.,2025-05-04T02:07:11Z,3,Felix_Von_Doom,gaming,2025-05-26T06:46:25.419091Z
mqh1i8f,1ke91cd,reddit,"There are games like Genshin Impact. It does have some MMORPG elements to it, but you can play it completely single player if you want. It's a gacha game, but you don't have to actually spend any money on anything.",2025-05-04T02:22:07Z,4,FreddyForshadowing,gaming,2025-05-26T06:46:25.419099Z
mqh0t82,1ke91cd,reddit,"Most of the big gacha games are single player. Some have a co-op element, like genshin, but it's definitely not meant to be the main focus of the experience.

Assassin's creed, unfortunately, is very live service-y too. Ubi even gives them roadmaps since they get so many updates.",2025-05-04T02:17:25Z,2,Iggy_Slayer,gaming,2025-05-26T06:46:25.419108Z
mqiif4g,1ke91cd,reddit,"Considering all the hoyoverse titles are SP games, live service single player games work perfectly fine if they're executed well. Honkai Star rail alone brought in more than 100 million dollars during the last month.",2025-05-04T10:16:03Z,2,R3dscarf,gaming,2025-05-26T06:46:25.419116Z
mqia7vy,1ke91cd,reddit,Gunfire Reborn is largely a single-player game (it does support coop) that gets frequent content updates and has seasons. You can even unlock stuff from previous seasons. Very enjoyable game if you like looter shooters.,2025-05-04T08:50:23Z,1,mrmivo,gaming,2025-05-26T06:46:25.419124Z
mq8ilmd,1kd73fh,reddit,"If the GameCube layout were standard, I think A would mostly be your main action like jump in platformers or primary attack in action games. The big A kind of invites you to press it more, so designers would likely build around that. Layouts definitely shape design more than we think.",2025-05-02T17:57:07Z,2,WeatherMan47,gaming,2025-05-26T06:46:26.339179Z
mq8hf5i,1kd73fh,reddit,"I would say attack in platformers and such

Edit: or jump",2025-05-02T17:51:32Z,1,faroukq,gaming,2025-05-26T06:46:26.339192Z
mq8hsln,1kd73fh,reddit,"The GameCube was laid out so that A was primary action and B was secondary action. So that depends on what the game is; if it’s a platformer, that’s probably “jump”. If it’s Bomberman, it’s placing bombs.

Most games these days tend to make X (Xbox) / Square (PS) / Y (Switch) the main button instead.",2025-05-02T17:53:19Z,1,DOOManiac,gaming,2025-05-26T06:46:26.339201Z
mq8l97r,1kd73fh,reddit,I liked that layout.  I *really* liked the analog triggers and was sad to see them go.  Racing games were sublime.,2025-05-02T18:09:40Z,1,CrucialFusion,gaming,2025-05-26T06:46:26.339209Z
mq5agze,1kcslgx,reddit,"Yeah man, I ain't trying to be in a party with my friends, even my actual, real life friends, if we're not playing a game together. If I'm playing a game by myself, I wanna focus on what I'm doing and not hear about random, completely irrelevant bullshit. So, unless you want to continue to hear random whatever-the-fuck your friend is narrating about, I suggest you maybe don't party up, **or** you step up and (politely) say something to him.",2025-05-02T04:54:19Z,12,FckRedditPussies,gaming,2025-05-26T06:46:27.257313Z
mq59dri,1kcslgx,reddit,"People are different.  I guess just show compassion and be glad you arent like them in that regard, but you probably annoy the shit out of someone in another way.",2025-05-02T04:45:30Z,8,EuphoricData2793,gaming,2025-05-26T06:46:27.257324Z
mq59vlu,1kcslgx,reddit,Suggest he starts streaming and then instead of hanging out in a discord call or whatever you can choose to tune in or not to his self narration. If he's even mildly entertaining with it he could get fans.,2025-05-02T04:49:29Z,3,RiseUpMerc,gaming,2025-05-26T06:46:27.257332Z
mq5b6x8,1kcslgx,reddit,"Sounds annoying, but maybe he just wants to talk about anything at all",2025-05-02T05:00:15Z,3,kynthrus,gaming,2025-05-26T06:46:27.257339Z
mq5dg7t,1kcslgx,reddit,I assume it's because they watch a lot of let's plays and those people make money by filling the silence with bs,2025-05-02T05:19:25Z,3,LinkCloudGoku,gaming,2025-05-26T06:46:27.257346Z
mq5a5jz,1kcslgx,reddit,Mute him,2025-05-02T04:51:42Z,4,internetlad,gaming,2025-05-26T06:46:27.257353Z
mq5bj3c,1kcslgx,reddit,"I feel like i've done this sometimes when im really into a game, but mostly when I was younger and definitely not all the time.  I think it was usually like ""haha! you fool! I'd knew you'd do that!"" or ""now he's gonna do this attack so I can *shwoop* over here and hit em.""

Funny enough, I think I do this more often now when I'm either playing a scary game (which isnt often) or I'm mad.  ""yeah yeah, you're gonna do that stupid move that I can't react to, so I just gotta take the hit."" for when its BS I hate.  If it's a scary game, I'm not necessarily scared but for whatever reason, my reaction is to make more comments and jokes about whats happening.  Maybe it is a fear response to try and make the situation more lighthearted but hard to say.",2025-05-02T05:03:03Z,2,Bladebrent,gaming,2025-05-26T06:46:27.257360Z
mq5kn0o,1kcslgx,reddit,Maybe he's just lonely. Habit of self-narrating is often starts cause you talks just to hear somebody voice. Even your own.,2025-05-02T06:26:03Z,1,non0,gaming,2025-05-26T06:46:27.257367Z
mq59l15,1kcslgx,reddit,"I don’t know much of a factual basis to back this, but I believe that’s more common with sports and competitive online multiplayer games, specifically shooters.

I mean, if you’ve been a member of a team (whether it’s football, baseball, basketball, etc) you’ll find that it’s natural for some to gloat and talk trash to their opponent to weaken their morale and hype their teammates. There’s a bleeding effect into the shooter genre, because I believe that’s the next most common gaming genre amongst guys who play competitive sports IRL.

As for myself, I don’t typically narrate myself in parties, especially if I’m playing an RPG or shooter. My caveat is when I’m playing against a random on Madden or CFB25; I’ll narrate gameplay to taunt them. Even then, that’s only on occasion.

If it bothers you, tell him to shut up. Or mute him.",2025-05-02T04:47:07Z,1,moonfishthegreat,gaming,2025-05-26T06:46:27.257374Z
mq5p5yn,1kcslgx,reddit,I have a friend just like that who comments anything he does in games. Its so annoying. Probably watched too much lets plays.,2025-05-02T07:10:48Z,1,Secure-Map-7538,gaming,2025-05-26T06:46:27.257381Z
mq5pgut,1kcslgx,reddit,"I started playing ESO with some friends. They'd tell me to log-in at a particular time so we could get started by X time. I'd log-in. They'd putter around for an hour and then branch off once we got to the place we were originally going to crawl. And there'd be two guys constantly providing commentary it was like listening to 2 eight year olds just stream of consciousness forever. 

I'm very introverted and there's a certain amount of verbal input my brain can take in a day before it says 'we need to leave...' And it wasn't commentary like 'hey we're going over here because there's X piece of armor' it was like they were MST3King it up but poorly. Felt like waiting around for 2 hours for 30 minutes of play but overall it felt like 9 hours of taking customer service calls.",2025-05-02T07:13:53Z,1,Ok-Bus1716,gaming,2025-05-26T06:46:27.257388Z
mq5cv8a,1kcslgx,reddit,Just tell him to STFU or mute him.,2025-05-02T05:14:24Z,-2,NoLegeIsPower,gaming,2025-05-26T06:46:27.257396Z
mq5kr6v,1kcslgx,reddit,"I am neurodivergent and I too like to talk out what I'm doing out loud.  I'm guessing he's probably a little on the spectrum.  If it bothers you, just politely say something, or lower his volume.",2025-05-02T06:27:11Z,-1,seriouslywtfX2,gaming,2025-05-26T06:46:27.257403Z
mq4i386,1kcpbb9,reddit,The people want Shadow of the Empire remastered,2025-05-02T01:42:29Z,6,TropicalPossum954,gaming,2025-05-26T06:46:28.159985Z
mq4itdc,1kcpbb9,reddit,"It's not Disney, so they want it buried.",2025-05-02T01:46:48Z,3,diuturnal,gaming,2025-05-26T06:46:28.159997Z
mq55cwm,1kcpbb9,reddit,"I would love an opportunity to play this again. The only memories I have of it are being too little to really do anything, and also my brother playing it. But those are the strongest types of memories I feel like, because in my mind, this is the coolest game ever 😂 

Eventually if it doesn't get the remake it deserves I will emulate it",2025-05-02T04:13:58Z,3,Astral-0bserver,gaming,2025-05-26T06:46:28.160005Z
mq4ina8,1kcpbb9,reddit,That is my favorite game of all time. I get so excited when anyone mentions it. It deserves a remaster/remake. But I doubt we will get anything since they cancelled the 3rd game.,2025-05-02T01:45:48Z,2,AliasThe1st,gaming,2025-05-26T06:46:28.160013Z
mq4nhvi,1kcpbb9,reddit,I'd definitely play the force unleashed games again,2025-05-02T02:14:41Z,2,NecroticOverlord,gaming,2025-05-26T06:46:28.160021Z
mq4ktlx,1kcpbb9,reddit,"I want a remake or remaster of the Jedi Knight games. 

Like, their gameplay still holds up, I'd love to see them re-emerge.",2025-05-02T01:58:43Z,1,BlazingShadowAU,gaming,2025-05-26T06:46:28.160028Z
mq6ljrf,1kcpbb9,reddit,Check the price of bundles on GOG.,2025-05-02T12:08:12Z,1,Pa11Ma,gaming,2025-05-26T06:46:28.160036Z
mq8ncbm,1kcpbb9,reddit,"For Star Wars day, i just want the Jedi 3  (sequel to Fallen Order and Survivor) teaser or gameplay lol. But a remake/remaster of an old game could be nice.",2025-05-02T18:19:43Z,1,Valekith,gaming,2025-05-26T06:46:28.160044Z
mpvsfr1,1kbnb1l,reddit,"Almost any Milsim game like:
Squad, 
Hell Let Loose, 
Ready or Not, 
Arma Reforger, 
Isonzo, 
Ground Branch. 
There are many more, just google Milsim games. 

Then there are games that have it as an option. The major ones I can think of are Ghost Recon Wildlands and Ghost Recon Breakpoint. Both have an option to discard magazines after reloading, even if bullets are still in. They also offer various tweaks to the difficulty to make it more realistic.",2025-04-30T18:20:39Z,12,zmbslyr,gaming,2025-05-26T06:46:29.412211Z
mpvrlzh,1kbnb1l,reddit,Ready Or Not,2025-04-30T18:16:38Z,9,GolfCoyote,gaming,2025-05-26T06:46:29.412215Z
mpvsuxx,1kbnb1l,reddit,Ready or Not and DayZ are two that I know of,2025-04-30T18:22:41Z,6,Seyenogard7,gaming,2025-05-26T06:46:29.412217Z
mpvrd94,1kbnb1l,reddit,probably any milsim game like Tarkov or something similar,2025-04-30T18:15:28Z,8,RDGtheGreat,gaming,2025-05-26T06:46:29.412220Z
mpvrfxz,1kbnb1l,reddit,"I haven’t seen many games that treat reloading and weapon handling this way, but it makes the gameplay so much more engaging when every action feels purposeful. Definitely adds to the intensity of the game.",2025-04-30T18:15:49Z,6,Afraid_Effect211,gaming,2025-05-26T06:46:29.412222Z
mpvr8f6,1kbnb1l,reddit,Dark tide does this. But it still has the unrealistic system that reloading a partially full magazine doesn’t cause you to loose the bullets still in the magazine.,2025-04-30T18:14:49Z,2,Dustin_rpg,gaming,2025-05-26T06:46:29.412224Z
mpvtkh2,1kbnb1l,reddit,Tarkov. You can't get more realistic than this.,2025-04-30T18:26:08Z,2,NewfoundDG,gaming,2025-05-26T06:46:29.412226Z
mpvxokq,1kbnb1l,reddit,"Insurgency. 

You can quick reload which drops the mag, and you don’t get it back. 

Or you can do a slower reload that keeps the same number of bullets in that mag-they won’t transfer to another mag",2025-04-30T18:46:16Z,2,F6Collections,gaming,2025-05-26T06:46:29.412228Z
mpvrin0,1kbnb1l,reddit,"I don’t have an answer, I’m just humoured that you are interested in realism and realistic gun play…..

And cite helldivers 2 as an example.",2025-04-30T18:16:11Z,3,BloodBaneBoneBreaker,gaming,2025-05-26T06:46:29.412230Z
mpvs6db,1kbnb1l,reddit,SOCOM has a reload system similar but they haven’t made one in years,2025-04-30T18:19:24Z,1,DubstepDruid,gaming,2025-05-26T06:46:29.412232Z
mpvtdot,1kbnb1l,reddit,I always thought that was an annoying bug getting my reload canceled,2025-04-30T18:25:13Z,1,ThrowAwayEmobro85,gaming,2025-05-26T06:46:29.412234Z
mpvtnx4,1kbnb1l,reddit,Battlefield Vietnam,2025-04-30T18:26:37Z,1,Willis2014,gaming,2025-05-26T06:46:29.412236Z
mpvtrxs,1kbnb1l,reddit,"I remember playing a game demo a while back where, when you reload, you have the option to save or throw away the magazine. If there was still ammo in the mag, throwing away the mag made you lose the ammo forever. Saving the mag, put the partial mag back into the reload rotation.

I can't remember the name of the game, but it was the first one I played that dealt with that kind of ammo system. It was long before I played the first Helldivers.",2025-04-30T18:27:10Z,1,brian11e3,gaming,2025-05-26T06:46:29.412238Z
mpvubg3,1kbnb1l,reddit,"Correct me if I'm wrong but I believe most battlefields has this including cod mw2
Escape from tarkov too I think
Dayz
Ready or not
Most mil sim has that tbf",2025-04-30T18:29:47Z,1,L0cKs2005,gaming,2025-05-26T06:46:29.412240Z
mpvuul6,1kbnb1l,reddit,"Helldivers 1 lol

That game still kicks ass, too.",2025-04-30T18:32:25Z,1,Jesus_Hong,gaming,2025-05-26T06:46:29.412242Z
mpvuxhc,1kbnb1l,reddit,"Synthetik.  Hitting reload drops the entire magazine.  There isn’t an animation iirc, but you do have a sweet spot on the gauge where it will shorten the time when done right.

The exception is with fusion weapons/ammo(emerald sword for example).  They operate on a different system where they will regenerate  ammo as long as you haven’t depleted the “magazine”.  Having to reload one of those is dangerous because they will drop your damage shield",2025-04-30T18:32:49Z,1,Agi7890,gaming,2025-05-26T06:46:29.412245Z
mpvvk8q,1kbnb1l,reddit,"In terms of the way ammo is treated… Ghost Recon Advanced Warfighter 1 & 2. Older games for sure, but they hold up well on PC",2025-04-30T18:35:54Z,1,SendoaM,gaming,2025-05-26T06:46:29.412247Z
mpvvq4e,1kbnb1l,reddit,"The older Battlefield games had the ""reloading early means you lose ammo"" thing, but I can't speak for any of the more recent releases.

I don't know of any others outside of VR that capture the other sim aspects like the reload interruptions.",2025-04-30T18:36:43Z,1,BGFalcon85,gaming,2025-05-26T06:46:29.412249Z
mpvwwt9,1kbnb1l,reddit,Red Orchestra,2025-04-30T18:42:28Z,1,CavulusDeCavulei,gaming,2025-05-26T06:46:29.412251Z
mpvze3g,1kbnb1l,reddit,"Zero hour, pubg n in ground branch game ur character arms get tired for holdin weapon up n it affects ur ADS so u have 2 change how u hold a weapon position cause it affects also how ur guy runs with it there's a position system it's realistic as it gets checked them out",2025-04-30T18:54:36Z,1,Electronic_Law3298,gaming,2025-05-26T06:46:29.412253Z
mpw056q,1kbnb1l,reddit,Beyond Citadel.,2025-04-30T18:58:18Z,1,Sarigan-EFS,gaming,2025-05-26T06:46:29.412255Z
mpw0vft,1kbnb1l,reddit,Apex have partial reload animations. Receiver is completely about realistic representation of gun. Hunt Showdown too. Arma games. There is a lot of that stuff.,2025-04-30T19:02:02Z,1,non0,gaming,2025-05-26T06:46:29.412257Z
mpw109z,1kbnb1l,reddit,"Red Dead online does a good job of this imo. One of the things i actually loved about the game. I wasnt considering helldiver's before, mostly because I lack the tech to play it, but knowing thats how reloading works, I'm definitely putting it on my maybe list.",2025-04-30T19:02:44Z,1,Firegem0342,gaming,2025-05-26T06:46:29.412259Z
mpw1mgd,1kbnb1l,reddit,"Battlefield does that on hardcore servers, at least older ones did",2025-04-30T19:05:48Z,1,TheLegendD4RK,gaming,2025-05-26T06:46:29.412262Z
mpw2u9j,1kbnb1l,reddit,"Like literally any milsim or tactical shooter game. Arma, squad, insurgency sandstorm, ready or not and so on. Theres waay more than i can list",2025-04-30T19:11:51Z,1,onlyplayasEliteagent,gaming,2025-05-26T06:46:29.412264Z
mpw48qg,1kbnb1l,reddit,"Don't think the game is around anymore but America's Army was pretty good about reloads.  You had six magazines and they all maintained their ammo counts if you reloaded partway through (example, if you had 15 rounds left in the magazine when you cycled all of your magazines you'd eventually reload the 15-round magazine) and a bullet would remain in the chamber if you didn't depelte the magazine entirely.  Also American guns would periodically jam and need to be cleared, usually at the worst time (most non-American guns were of the AK variant which don't really ever jam).",2025-04-30T19:18:51Z,1,ZorkNemesis,gaming,2025-05-26T06:46:29.412266Z
mpw8qg7,1kbnb1l,reddit,"Alien Swarm

Folks, just name a game no one asked for a pedantic lecture on video game gun physics.",2025-04-30T19:40:46Z,1,Room234,gaming,2025-05-26T06:46:29.412268Z
mpxla7p,1kbnb1l,reddit,"Mafia 1 has you drop magazines on the floor when reloading, including mid magazine. SWAT 4 is realistic in another way in that you retain partially used magazines in your vest and can swap back to them after using all your fresh ones.",2025-04-30T23:53:52Z,1,PachiraSanctis,gaming,2025-05-26T06:46:29.412270Z
mpvsjd5,1kbnb1l,reddit,"Honestly ballistics wise no game has treated guns properly, not once not ever..
Never had a game actually stuck to facts of ballistics making smaller calibers some how stronger damage then others...or rating guns of the same caliber have night & day damage differences..like how are we having this conversation it seems .ore like if you work in gaming industry you are not allowed to know about ballistics",2025-04-30T18:21:08Z,-6,-Random-Hajile-,gaming,2025-05-26T06:46:29.412272Z
mpvlkkw,1kbmjha,reddit,"Comment va ma patate préférée ?
🇫🇷",2025-04-30T17:47:54Z,3,Bulincette,gaming,2025-05-26T06:46:30.331005Z
mpvnsu5,1kbmjha,reddit,"""Guimauve qui parle"" (""Talking marshmallow"" I'd assume) stuck with me as well. Esquie does look vaguely marshmallow-shape when lying down.",2025-04-30T17:58:19Z,2,Open-Swimmer-1755,gaming,2025-05-26T06:46:30.331011Z
mqi42ov,1kbmjha,reddit,"What even is a ""patate""?(I presume it's a french word).",2025-05-04T07:46:40Z,1,GlitchOmega914,gaming,2025-05-26T06:46:30.331015Z
mpvjav6,1kbma6j,reddit,Currently playing AC Valhalla which has line by line skipping. Million times better than losing the whole cutscene,2025-04-30T17:37:12Z,9,Rough-Army-6424,gaming,2025-05-26T06:46:31.356300Z
mpvjfvc,1kbma6j,reddit,"I guess it’s not that easy to implement, considering the way cutscenes are made nowadays with real time performance capture etc. I don’t have that kind of probleme though. I never skip cutscenes and enjoy the storytelling as intended by the studio, especially in JRPGs. But yeah I guess it could be useful for other players like you",2025-04-30T17:37:52Z,6,ANKgame,gaming,2025-05-26T06:46:31.356304Z
mpvoe8i,1kbma6j,reddit,"Seeking during actual staged cutscenes is a much trickier problem than skipping line-by-line in talking head sequences. As you point out, it's not impossible, but it is certainly not straightforward.",2025-04-30T18:01:07Z,2,wejunkin,gaming,2025-05-26T06:46:31.356306Z
mpvkqd0,1kbma6j,reddit,"I think ff7 rebirth have done this, it's not skipping line though,just fast forward",2025-04-30T17:43:58Z,1,leo412,gaming,2025-05-26T06:46:31.356308Z
mpvv0kx,1kbma6j,reddit,"It’s not that difficult to implement but a royal pain in the ass to do at scale. It adds a ton of work and simple but annoying complexity to manage. Huge resource sink on writers, dialogue team and audio team.  

People want their games made by small 30 person teams full of passion but then start to whine when their AAA QoL features don’t come with it lol.",2025-04-30T18:33:14Z,1,Hour_Raisin_4547,gaming,2025-05-26T06:46:31.356311Z
mpvmqrm,1kbma6j,reddit,"Cyberpunk needed whole conversation skip though. Should be press to line skip, hold to scene skip.

God damn cyberpunk had far more talk than gameplay.",2025-04-30T17:53:24Z,1,Embarrassed-Ideal-18,gaming,2025-05-26T06:46:31.356313Z
mpvsskq,1kbma6j,reddit,"Nah I agree with you, ignore the hate. I loved Xenoblade X, but I've literally gone from X to 1 to 2 and X is the only game where you can't fast forward the speaking dialogue (other than pre recorded cutscenes, but that's obvious. You shouldn't be skipping dialogue in those anyways). It definitely started to get annoying because there's a lot of filler dialogue in that game and I read way faster than they speak, so I would've liked the option. And I've heard other people with this complaint before too, so we're not alone in this",2025-04-30T18:22:22Z,1,Astral-0bserver,gaming,2025-05-26T06:46:31.356315Z
mpvj3gf,1kbma6j,reddit,"Play shorter casual games, or shorter sessions if you don't have the patience for all the dialogue in a larger game.",2025-04-30T17:36:13Z,-6,Winter_Collection375,gaming,2025-05-26T06:46:31.356317Z
mpvkl9t,1kbma6j,reddit,"I don't see how line by line skips would help, you're still gonna miss pieces from the story. Just skip the whole scene if you can't focus and want to move to the next combat scene, and come back to look at it later when you're less adrenaline pumped. However it's weird to play a RPG game and ignore the story/cutscenes, you may as well play something else that gives u the same adrenaline pump.

For me, sometimes I just want to progress the story and get tired of the combat or moving around on a map or in a dungeon to reach the next scene, so I just end up playing visual novels instead sometimes. Pure story, no combat, no movement. And for when I do want to have comabt and dungeons, I'll play a RPG.",2025-04-30T17:43:18Z,-2,Mlkxiu,gaming,2025-05-26T06:46:31.356319Z
mpvjbhi,1kbma6j,reddit,There's cutscenes of the game uploaded in YouTube already if you missed any cutscenes or want to view them again.,2025-04-30T17:37:17Z,-2,luffy_mib,gaming,2025-05-26T06:46:31.356321Z
mpoyb65,1katah6,reddit,"His daughter Zelda is not named after F. Scott Fitzgerald’s wife, but the princess",2025-04-29T17:23:43Z,7,manticore16,gaming,2025-05-26T06:46:32.379342Z
mpoxtrp,1katah6,reddit,"Supposedly, he was the one who came up with the idea of calling it ""Sid Meier's"" Civilization, although that wouldn't explain why they'd done it with Pirates! years earlier.",2025-04-29T17:21:30Z,3,SidewaysGiraffe,gaming,2025-05-26T06:46:32.379348Z
mpp6bpg,1katah6,reddit,I know he played as a sniper in BF2 back in the day. Sometimes I picture 14 year old me trading shots with him.,2025-04-29T18:00:45Z,3,nise8446,gaming,2025-05-26T06:46:32.379352Z
mpowjbq,1katah6,reddit,Rip legend,2025-04-29T17:15:28Z,4,GrndControlTV,gaming,2025-05-26T06:46:32.379356Z
mpoy7b4,1katah6,reddit,"He was a real one, RIP",2025-04-29T17:23:13Z,2,_Wexxican_,gaming,2025-05-26T06:46:32.379360Z
mpoyscv,1katah6,reddit,"He was my fan casting for KG / Rauru. Using his more animated persona for the owl and then being more quiet and reserved for Rauru, but still alluding to them being one and the same.",2025-04-29T17:25:54Z,2,Crispy385,gaming,2025-05-26T06:46:32.379364Z
mpqht6d,1katah6,reddit,He was also a big fan of cycling. It’s funny how it seems strange when we find out celebrities have hobbies.,2025-04-29T21:50:52Z,1,streetpatrolMC,gaming,2025-05-26T06:46:32.379368Z
mpew10x,1k9jtoy,reddit,I just want a Star Fox game that is strictly in the Arwing. But interesting ideas though.,2025-04-28T01:36:57Z,11,thaneros2,gaming,2025-05-26T06:46:33.403841Z
mpeuse8,1k9jtoy,reddit,"Haven't played most of these, but I friggin LOVE the Guardians of the Galaxy game, and some of the gameplay elements from it would DEFINITELY work well in a StarFox game!

""Somebody cooked here..""  
\- Walter White",2025-04-28T01:29:17Z,4,coldsoulja1,gaming,2025-05-26T06:46:33.403845Z
mpf7nfp,1k9jtoy,reddit,"Funny. I want none of that. All I want is Star Fox. Quippy banters, fun missions and flying. Shoot things, kill things, meet baddies that mouth off, kill big bad villain to save the galaxy.


I've seen too much thing turn to shit. Open world? Why? Land on a planet? Why? All you'll get is a bloated game with 5% of actual fun and 95% of time waste.


Wanting every game to be big and gigantic and open is what my younger mind thought it wanted. I was wrong. This franchise indeed does not need the open world treatment -> no game does, because its not a treatment, its a sickness.",2025-04-28T02:50:50Z,3,Aleon989,gaming,2025-05-26T06:46:33.403847Z
mpf3fdv,1k9jtoy,reddit,"If it isn't Mario, Zelda, Pokémon, or Animal Crossing...then Nintendo has forgotten it.",2025-04-28T02:23:08Z,2,Neoxite23,gaming,2025-05-26T06:46:33.403851Z
mpfg1cf,1k9jtoy,reddit,Every Game Ever: The Game.,2025-04-28T03:49:53Z,2,Ebolatastic,gaming,2025-05-26T06:46:33.403853Z
mpevew8,1k9jtoy,reddit,"I’ve considered this for a long time. I think it needs to be closer to a mix of Ace Combat and Armored Core in its core gameplay. It would be cool to roam a fun world but like you said, the Lylat system isn’t super fleshed out, which I guess they could change. Anyways, as long as they keep in a splitscreen versus mode I’m in no matter what",2025-04-28T01:33:09Z,1,SkrankNJop,gaming,2025-05-26T06:46:33.403855Z
mpewnq3,1k9jtoy,reddit,"So... like Empyrion: Galactic Survival, but with foxes?",2025-04-28T01:40:49Z,1,SidewaysGiraffe,gaming,2025-05-26T06:46:33.403857Z
mpey3dq,1k9jtoy,reddit,"Now it's too late, but in 2004 they should of done mass effect with animals",2025-04-28T01:49:39Z,1,bertster21,gaming,2025-05-26T06:46:33.403859Z
mpezch1,1k9jtoy,reddit,"Considering the ""open"" worldish nature Nintendo is moving towards with their major franchises (Zelda, Kart, Bowsers Fury which is likely a blueprint for the next 3D Mario...) an open-space(?) Star Fox maybe could happen on Switch 2. 

They'd have to add some depth to the vehicle combat and movement to make sure it's got some teeth compared to past titles. Of course, have plenty of on-rail sections on the map, like Shrines in BotW, to appease the old heads.  
  
Franchise feels like the well is dry for ideas in its traditional gameplay so an open world concept with different ships, the Great Fox as a home base, taking missions and doing some exploring sounds fun. Would love to see them have more lore and story. Series has always been campy and soap operay in a good way.",2025-04-28T01:57:20Z,1,LosingCharley,gaming,2025-05-26T06:46:33.403861Z
mpf6lrc,1k9jtoy,reddit,"I do like the idea of something like GOTG but I feel we're rich with space sims recently and exploration has never been much of an aspect in the StarFox games. So how about something similar to a Mechwarrior game? Travel to planets, check the economy for upgrades, take missions, experiment with builds, gain reputation, level you squad mates and make bank. Give some additional proceduraly generated missions along with the main story missions.",2025-04-28T02:43:55Z,1,natelight7,gaming,2025-05-26T06:46:33.403863Z
mpfp8hs,1k9jtoy,reddit,Another great idea would be to not make it a reboot of Star Fox 64,2025-04-28T05:03:35Z,1,No-Support4394,gaming,2025-05-26T06:46:33.403865Z
mpfttld,1k9jtoy,reddit,"Naw, all they need to do is take battlefield. Reskin with animals and make it a little more simple, charming, and smaller scale.",2025-04-28T05:44:17Z,1,DarkVenusaur,gaming,2025-05-26T06:46:33.403867Z
mph85b4,1k9jtoy,reddit,"Just leave the damned animals in the damned plane.

Make a new game, put it on rails like it used to be, and charge $40 for it.",2025-04-28T13:17:36Z,1,9_to_5_till_i_die,gaming,2025-05-26T06:46:33.403869Z
mphn2hm,1k9jtoy,reddit,"I like to pretend Starlink: Battle for Atlas was a Star Fox game. If you get the Switch version that doesn’t require the damn toys then it’s an alright game; not great, but not horrible either. Fox and the crew are all there so it’s like a Star Fox game to me.",2025-04-28T14:39:42Z,1,Blind-Ram,gaming,2025-05-26T06:46:33.403871Z
mpduxxz,1k9fae3,reddit,Metroid.,2025-04-27T21:58:49Z,5,Galle_,gaming,2025-05-26T06:46:34.535346Z
mpds40s,1k9fae3,reddit,They’re about as different as they get. What kind of game do you want to play?,2025-04-27T21:43:25Z,8,TheTalley,gaming,2025-05-26T06:46:34.535359Z
mpdx824,1k9fae3,reddit, Metroid Prime is more fun but you should definitely play both once you can.,2025-04-27T22:11:30Z,3,DJ_K-K,gaming,2025-05-26T06:46:34.535368Z
mpdrq3g,1k9fae3,reddit,Oblivion,2025-04-27T21:41:16Z,5,GohanFromDBZ,gaming,2025-05-26T06:46:34.535377Z
mpdrxcb,1k9fae3,reddit,both,2025-04-27T21:42:22Z,2,demar_derozan_,gaming,2025-05-26T06:46:34.535386Z
mpdrw74,1k9fae3,reddit,Oblivion,2025-04-27T21:42:11Z,4,SystemDeveloper,gaming,2025-05-26T06:46:34.535395Z
mpds11a,1k9fae3,reddit,"Metroid Prime isn’t very long, So I’d honestly say play it first. Then take your time with oblivion which has a ton of content to offer.",2025-04-27T21:42:57Z,3,ThebuMungmeiser,gaming,2025-05-26T06:46:34.535403Z
mpdth68,1k9fae3,reddit,quality vs quantity. Oblivion is really great and will give you more to play but imo Metroid prime remastered is a better experience with its story and mechanics and world to explore,2025-04-27T21:50:45Z,3,The-Fairy-God-Mother,gaming,2025-05-26T06:46:34.535412Z
mpdsdzl,1k9fae3,reddit,Oblivion would be on ps5,2025-04-27T21:44:56Z,2,Mindstormer98,gaming,2025-05-26T06:46:34.535421Z
mpdsdwo,1k9fae3,reddit,"Metroid Prime you will beat in ~20 hours if you’re taking your time. For value go Oblivion, but you should definitely play both.",2025-04-27T21:44:56Z,1,BinksMagnus,gaming,2025-05-26T06:46:34.535429Z
mpdtod5,1k9fae3,reddit,"Depends what you’re in the mood for. Metroid prime for me was more of a chill on the couch arcade style Nintendo switch game. Not super long but fun and easy to pick up and put down.

Oblivion is one of my favorite Bethesda games all time. Yeah it’s janky in true Bethesda style. But the atmosphere is awesome. If you like Skyrim you’ll like Oblivion simple as that. But way different than Metroid. Oblivion to me is a console/ PC game that you’re ready to sit down and engage in a full RPG experience for long hours at a time",2025-04-27T21:51:50Z,1,Pcollins10,gaming,2025-05-26T06:46:34.535437Z
mpdufqh,1k9fae3,reddit,"Oblivion has more content and more replayability. So you get more bang for your buck. 

Metroid is a tight adventure that is thrilling and every bit of it is incredibly well done. It’s shorter but a very memorable experience. ",2025-04-27T21:55:59Z,1,Funandgeeky,gaming,2025-05-26T06:46:34.535446Z
mpe8dqw,1k9fae3,reddit,"Metroid Prime is management to beat in a reasonable amount of time. Save Oblivion last because if you really get into the game, you gonna sink a lot of hours into it. Plus, longer you wait, the more patches and/or mods for the Oblivion will be out by the time you start.",2025-04-27T23:13:43Z,1,Fair-Lab-4334,gaming,2025-05-26T06:46:34.535454Z
mpebgb1,1k9fae3,reddit,"Let me give you the lowdown because they're both fantastic franchises but very different:

# Metroid Prime Remastered:

An early FPS game, you spend most of the franchise exploring the ruins of advanced civilizations in alien planets, calmly exploring in solitude, solving a LOT of puzzles with different cool abilities and methodically going from room to room as you fight enemies and bosses. There is absolutely zero dialogue, and you're completely on your own in isolation, but its a leisurely stroll, mostly, and fairly easy to beat.

Pros: 

\- Varied and flavorful environments with rich lore, lots of cool powers and abilities, lots of ways to learn about your environment from the mundane to the significant, thanks to your ability to scan objects in your environment. You also do a lot of backtracking to previous locations in order to progress through the game. A generally relaxing experience.

Cons:

\- The Prime series, like most Nintendo franchises at the time, is formulaic and gimmicky, often recycling stories and re-hashing lots of assets with a different coat of paint. Same issue, different planet. Only Prime 3 was noticeably different and was a serious attempt by Retro to break the mold.

Prime 1 still holds a special place in my heart and was way ahead of its time when it first debuted in the gamecube, so it will be a pleasant surprise to see just how much this game holds up since 2002.

# Oblivion Remastered 

A staple in The Elder Scrolls franchise, this game thrusts you into a massive open world medieval fantasy realm full of world-sprawling lore and hundreds of hours of gameplay. This game has both breadth *and* depth and is guaranteed to keep you hooked on the lore and all the craziness that comes with it.

Pros:

\- Huge world, tons of things to do, endless exploration. 

Cons:

\- The OG Oblivion was criticized for two things: Repetitive dungeon design and the unfair leveling system that weakens you over time. The latter seems to have been fixed this time around (supposedly!) while the former still remains. But hey, at least it looks better now, right? Also, there is no ***official*** mod support for the Remastered version on PC. But I'm sure the modding community will come up with an alternative in the future.

Oblivion is still a classic and there's a reason why Bethesda remastered it, with all its [flaws!](https://www.youtube.com/watch?v=UBKdS33WMe4) (Except the leveling system).

So there you have it. If you like systematic exploration of alien worlds, go with Metroid Prime Remastered. If you like to endlessly explore the world, then go with Oblivion Remastered. Have fun!",2025-04-27T23:31:33Z,1,swagonflyyyy,gaming,2025-05-26T06:46:34.535463Z
mpefvbe,1k9fae3,reddit,Oblivion will last you longer,2025-04-27T23:57:33Z,1,PhoenixTineldyer,gaming,2025-05-26T06:46:34.535471Z
mpeimfd,1k9fae3,reddit,"Both look to be extremely high quality remasters of widely loved and well regarded games.

But Metroid Prime and Oblivion are completely different games. 

Do you want a guided but open ended fps/platformer about finding new powers that let you continue to explore a hostile planet, where the story isn't directly given to you and you learn about the world through scans and logs, wrapped into a tight but shorter experience, or a fully open world RPG with tons of lore and dialogue, side quests, being able to build your own character that you could sink a significantly more amount of time into?

You can't go wrong, pick what you prefer.",2025-04-28T00:14:20Z,1,gman5852,gaming,2025-05-26T06:46:34.535480Z
mpfvkfu,1k9fae3,reddit,"bruh this is such a hard question  
both are amazing",2025-04-28T06:00:36Z,1,djr7,gaming,2025-05-26T06:46:34.535489Z
mpds8dd,1k9fae3,reddit,If you want a first person shooter Metroidvania get prime if you want an immersive open world RPG that has some of the worst suttering of any recent AAA games get Oblivion first (or wait for a patch),2025-04-27T21:44:05Z,1,bobmlord1,gaming,2025-05-26T06:46:34.535497Z
mpdt0tz,1k9fae3,reddit,Oblivion,2025-04-27T21:48:17Z,1,Shiznit_117,gaming,2025-05-26T06:46:34.535506Z
mpdul61,1k9fae3,reddit,"Metroid Prime is so isolated feeling, Oblivion is full of life.. hmm",2025-04-27T21:56:50Z,1,Kam_tech,gaming,2025-05-26T06:46:34.535514Z
mpdrvix,1k9fae3,reddit,"Metroid 

Oblivion needs a year of patches to be halfway enjoyable

Edit. Haha",2025-04-27T21:42:05Z,-6,Marcysdad,gaming,2025-05-26T06:46:34.535523Z
mpdvg68,1k9fae3,reddit,"Oblivion is an empty, lifeless dull husk. It's a purely nolstagia driven experience. It's such a lonely game to play now.",2025-04-27T22:01:40Z,0,GenoshaONE7FIVE,gaming,2025-05-26T06:46:34.535532Z
mpfphsw,1k9fae3,reddit,"Look man, it’s been hard keeping the flame of Metroid alive this long. You’ve gotta play it for the culture. Whereas Bethesda’s gonna Bethesda & release like 10 more versions of Oblivion, wait for the remastered anniversary special ultimate edition.",2025-04-28T05:05:49Z,0,DarkOx55,gaming,2025-05-26T06:46:34.535540Z
mp68iwz,1k8hh9q,reddit,"I am very critical of it but i did finish it. I did have some fun despite its many shortcomings. That said bethesda style RPGs i tend to get sucked in and play for thousands of hours, so for me to only play fully once is practically a scalding critique. 

The ship building is cool, the fact it not only affects the stats but the interior structure of the ship makes the ship feel very real.   
The weapons are interesting enough with some having some very fun gimmicks.   
I enjoyed the combat. 

Honestly so long as you mostly ignore the empty procedural worlds and focus on the human made content it is fun enough so long as you treat it more like an adventure game than an RPG. This is not an rpg really.",2025-04-26T16:58:09Z,30,sirhobbles,gaming,2025-05-26T06:46:35.976535Z
mp6ax54,1k8hh9q,reddit,"Some of the side questlines/ faction storylines were genuinely enjoyable.

Crimson Fleet/Vanguard/Rangers etc.

They still suffered from the overarching flaws of the game, but I feel that so much more effort was put into them than the main story.",2025-04-26T17:10:21Z,7,Solafuge,gaming,2025-05-26T06:46:35.976539Z
mp68008,1k8hh9q,reddit,I think the campaign started really slow but after ~3h i got hooked and had a lot of fun with it. Didn‘t play any other content after though,2025-04-26T16:55:27Z,14,Sinniee,gaming,2025-05-26T06:46:35.976541Z
mp6a5lb,1k8hh9q,reddit,"Rule number 1 of the current and present times... If you want to try a game out, just do it. If it's a theme that you like or you're interested in, just try it.
If you need to see reviews, then watch as many as possible that are concise and direct, and not the clickbait ones.
Now, from someone who has 500h on it (amateur numbers compared to many, I know):

The story is good but the game itself takes a while to pick up the pace, the first 20h can be a bit of a grind and not too engaging.
Beth's Creation Engine is showing it's limitations, there are many times when the game just looks amazing, others where it takes you to a few uncanny valleys (especially with characters).
Ship building is addictive, Base building is complex and engaging but again, without the proper perks you'll be very limited on what you can do.
There are a ton of mods that add a lot to the game but I would go vanilla for at least the first playthrough and consider mods after having access to NG+. And there are at least 9 or 10 NG+ universe variations.
The patches and new content helped the game a lot and if you decide to go for it, don't forget the DLC, the game is incomplete without it really...
Hope I helped.",2025-04-26T17:06:25Z,3,JamesBolho,gaming,2025-05-26T06:46:35.976543Z
mp6d97f,1k8hh9q,reddit,There’s not really a bunch of legit AAA space adventure games and it does capture a pretty good feeling of getting in your ship and just flying wherever and exploring but done with a big budget. The story is also interesting enough that you want to keep playing and see what’s going on. There’s also some interesting loot to collect and from a design point it looks pretty good. That’s about all the good points. Absolutely worth a play if you can get it cheap. Takes around 30-40 hours before the average person gets bored of the mostly lifeless world and exploration loop.,2025-04-26T17:22:05Z,3,STA_Alexfree,gaming,2025-05-26T06:46:35.976545Z
mp6u9zd,1k8hh9q,reddit,"It got boring real quick. 

It you like Bethesda games or the genre it's worth a playthrough but I personally found it a task about midway through. 

It just lacks that wonder and spark. 

Basically just made me miss old games and start replaying. 

Booted up the outer worlds

FO4 
 
And eventually sucked into New Vegas again.",2025-04-26T18:48:51Z,3,hooligann8,gaming,2025-05-26T06:46:35.976547Z
mp6bc7n,1k8hh9q,reddit,"I didn't dislike the game but it did get old real Quick. The repetitive worlds and tbh was lacking in mechanics. 

So if you played it already you probably played the best part already. I wouldn't recommend.

Now if you never played. Those things will be fresh and interesting so in that case I could recommend trying it",2025-04-26T17:12:27Z,5,CyanConatus,gaming,2025-05-26T06:46:35.976549Z
mp6bl79,1k8hh9q,reddit,"Its a much less likeable fallout in space with space ship leggo minigame that is pretty fun, but thats about the only fun you'll likely have.",2025-04-26T17:13:42Z,4,N/A,gaming,2025-05-26T06:46:35.976551Z
mp6n37y,1k8hh9q,reddit,"There will never be a sequel 

Building your ship is fun

Faction missions were the highlight of my exp

Weapons felt great",2025-04-26T18:11:49Z,4,stamps1646,gaming,2025-05-26T06:46:35.976553Z
mp67v6k,1k8hh9q,reddit,[removed],2025-04-26T16:54:45Z,6,N/A,gaming,2025-05-26T06:46:35.976555Z
mp6b22f,1k8hh9q,reddit,It’s worth it for the main faction quests and the main story. But the side content isn’t worth exploring,2025-04-26T17:11:01Z,2,Travesty1982,gaming,2025-05-26T06:46:35.976557Z
mp6bewy,1k8hh9q,reddit,"I played through it because I wanted to give it a chance, but the negativity around it certainly colored my view. Ultimately I give it like a 4/10, but you didn't ask about the negatives.

To answer your question:

UC Vanguard questline is pretty neat.  
Akila City has a pretty cool vibe that I fuck with.  
Neon has a cool vibe.  
I mostly like the companions, they're pretty neat.  
End-of-game spoiler: >!The variant universes are kind of a neat twist on NG+ :)!<",2025-04-26T17:12:50Z,2,SenorDangerwank,gaming,2025-05-26T06:46:35.976559Z
mp6od80,1k8hh9q,reddit,I actually enjoyed the story the most of any aspect of the game. The human made locations are great too,2025-04-26T18:18:24Z,2,TheManyFacetsOfRoger,gaming,2025-05-26T06:46:35.976561Z
mp6ri25,1k8hh9q,reddit,It’s a pretty decent game in itself. It’s just not Skyrim.,2025-04-26T18:34:21Z,2,bigedthebad,gaming,2025-05-26T06:46:35.976563Z
mp6sjh2,1k8hh9q,reddit,"The loading screens are pretty good, there are so many! The mid 2000s is my favorite era and this game is stuck right in the middle of it.",2025-04-26T18:39:43Z,2,1nsane_,gaming,2025-05-26T06:46:35.976564Z
mp6twiw,1k8hh9q,reddit,I enjoyed the whole experience I think people get caught up in their own expectations,2025-04-26T18:46:51Z,2,CryptographerBusy105,gaming,2025-05-26T06:46:35.976566Z
mp6ueaj,1k8hh9q,reddit,"Ship building/combat, gunplay, some stellar quests/questlines and the ending hook (you'll know what I mean if you get there) are probably the best parts about the game - there was a combat sequence where I was popping enemy heads with a revolver while jetpacking in a low-grav environment. Not many games let you do all that.

Character customization and roleplaying are better than Fallout 4's but it's not like the RP elements of Fallout 4 are lauded.

Exploration is at its worst to be honest and the DLC was hot garbage.",2025-04-26T18:49:29Z,2,UltimateGamingTechie,gaming,2025-05-26T06:46:35.976568Z
mp6vgd1,1k8hh9q,reddit,"The ""main"" content is pretty good, the main quest and the three main side questlines. 

It has my favorite ""New Game+"" mechanic of any game.",2025-04-26T18:55:06Z,2,napleonblwnaprt,gaming,2025-05-26T06:46:35.976570Z
mp6xsb4,1k8hh9q,reddit,It has some neat ideas. And the gameplay is honestly pretty decent by Bethesdas standards. And it is without a doubt the most technically sound release from them. Ever. By a country mile. I also liked the perk tree and its unlock conditions. I like how it requires you to actively use skills in specific ways instead of the old style elder scrolls system that didn’t really care how you used them. Whether it was effective or not.,2025-04-26T19:07:47Z,2,Draconuus95,gaming,2025-05-26T06:46:35.976572Z
mp73723,1k8hh9q,reddit,"I loved it. My expectations were met. I wanted something with the same engine that Fallout 4 and Skyrim share with a few upgrades. I wanted gameplay and questing like other Bethesda games. I wanted to feel like I was travelling out in space and exploring planets with untamed wilderness or barren rocks and occasionally find pockets of civilization.

It did all those things.

So... if you look at the major complaints, I generally either just disagreed or didn't care about them and so they weren't a bother to me (you might care deeply about them... that is a personal call):

\- Repetitive and shallow exploration: I found this relaxing and interesting. (I did think the temples were a missed opportunity but whatever)

\- Unengaging Story and Characters: I think it was standard Bethesda fair. Some of the story lines were my favorites in some of their games... but there was plenty of radiant style quests that were state of Skyrim but aren't exciting. They are fine. I liked pretty all the main story and main faction quests were all great. The companions are probably the best in Bethesda games... but that isn't saying a lot. This isn't BioWare.

\- Cumbersome User Interface and Menus: It's standard Bethesda design. I think it worked just fine. If you don't like the UI in their other games, you won't like this one either.

\- Excessive loading screens and limited seamless travel: People HATE this about the game... I found it the same as all the other Bethesda games and didn't really care. The seamless travel especially. I think they could have done a better job hiding some of it, but not a big deal.

\- Underwhelming combat and gameplay mechanics: I just don't agree with this one. I thought it made gunplay better than in Fallout 4 (though not by huge amounts) and I like Fallout 4's combat just fine. Again... it is very much a Bethesda game.

\- Technical issues and bugs: Remind me what Bethesda games are famous for again? This is one of those things. I actually found way, way less in Starfield than other Bethesda titles on release. Heck, BG3 came out close to the same time I had way more tech issues and bugs with it and it is still an amazing game.

\- Disappointing DLC: It was fine. Not nearly the potential of what I would have liked to have seen. There is so much low hanging fruit of systems they could flesh out more and it was a missed opportunity... but was more of a game I already liked, so not worried. (I wonder at who the people are who liked the main game but hated the DLC, or if it just people that somehow thought the DLC would fix the parts they don't like that are core to the game).

Anyway, hopefully that gives you enough that you can make up your own mind of how likely you are to like the game. If you want more Bethesda with improved graphics but basically the same systems under the hood... IN SPACE... then this game is for you. If those are just things you can live with, but not a draw, then I wouldn't bother.",2025-04-26T19:37:48Z,2,ACorania,gaming,2025-05-26T06:46:35.976574Z
mp7b1mt,1k8hh9q,reddit,"Playing two open world games (starfield and cyberpunk) might be draining, depending on your situation of course. If you want to play both, start with Starfield first since Cyberpunk will raise the bar too high. Probably overselling it, but Cyberpunk at times felt more like an experience than a game on how fleshed out the world is.

If you love FO4, then you most likely enjoy Starfield since at its core its the same game. Loot system is the same (RNG for legendary modification loot). Same building system for outpost but I rarely found any real use of them. Ship building is probably the best thing going for it. Weapon designs can be a bit ugly but guns do have some weight too it so it can be fun.

Questline is pretty solid, also really enjoyed the side quests. Enough to keep your interest to keep moving forward. It does take its time with the story, but it really picks up once the mysteries start unfolding. Downside is there is a lot of loading screens like an Elder Scrolls game, but thats to be expected.

Modding community is pretty strong. Many aspects of the game can be altered to your liking if you search hard enough. For me, I just got mods that lessen the grind, weapon/NPC redesigns, and made combat a bit more heavy hitting.

My only strong suggestion I have when playing the game: Keep doing the main quest line until you unlock a particularly big feature in the game before wandering off.  Its in the early portion of the game, so you dont have to stick with the main questline for long. I recall there were players who were too quick on doing side quests and ended up missing out on this particular feature for a large portion of the game. Its not the end of the world if you miss out on it, but I feel like you are missing a key aspect of the game if you don't",2025-04-26T20:20:52Z,2,Fair-Lab-4334,gaming,2025-05-26T06:46:35.976576Z
mp7mm9u,1k8hh9q,reddit,"Not everything is the Elder Scrolls or Fallout.  I got my moneys' worth, with the various quests and roaming around.  Stumbling onto various side stuff.  Enjoyed the shooting and a bit of modding and might go back someday and in fact Starfield will be in my BGS rotation.

I can't advise you specifically - but just waiting for a sale might be the best advice.  Congrats on your new box.

[edit: lol - just checked - spent nearly 800 hours playing it]",2025-04-26T21:23:35Z,2,tacitus59,gaming,2025-05-26T06:46:35.976577Z
mp93c0g,1k8hh9q,reddit,"The big difference I think in starfield compared to other Bethesda games is that in starfield you can just wander around and it’s very easy for players to just never happen upon non-radiant quests outside of major settlements and other non-rng areas. 

Like in Skyrim if you just go into enough random map points eventually you’ll run into something directly related to a major questline that kicks off.

Starfield you can just go land on zero atmosphere moons and run around barren empty space rocks doing rng POI’s for 100 hours before finding a hand made questline. 

The game has TONS of stuff to, hundreds of bespoke side quests with exceptional writing, and many have multiple possible endings or outcomes based on your choices. You just have to actually go and look for them in major settlements mostly.",2025-04-27T02:43:51Z,2,AwesomeX121189,gaming,2025-05-26T06:46:35.976579Z
mpbuovk,1k8hh9q,reddit,I think the starship building was real fun!,2025-04-27T15:46:45Z,2,nofallingupward,gaming,2025-05-26T06:46:35.976581Z
mp68e00,1k8hh9q,reddit,"If you already dislike Starfield, there is no point of winning you over.


But still: 


The world is amazing
The story is fucking deep
The Great Serpent. 
Gunplay is fun. 
RP stuff is top notch",2025-04-26T16:57:27Z,5,Strange_Compote_4592,gaming,2025-05-26T06:46:35.976583Z
mp683yn,1k8hh9q,reddit,"All non story locations are copy pasted, so you don't have to experience the trouble of exploring new places!",2025-04-26T16:56:01Z,4,Crafty_Travel_7048,gaming,2025-05-26T06:46:35.976585Z
mp6bj57,1k8hh9q,reddit,"Honestly, the game is 10/10 for me, and I have played a lot of them. Starfield could be my favorite Bethesda game, right after Morrowind.",2025-04-26T17:13:25Z,4,PontusFrykter,gaming,2025-05-26T06:46:35.976587Z
mp69d4c,1k8hh9q,reddit,"I got to the first elevator loading screen and uninstalled.

 A vibrating camera and sound effects would have sold the illusion of seamless transistion between areas.  Its that lack of effort I have found consistent in the game through watching videos online.  If you're not feeling it already then give it a pass.  Basically just go download the Talidor Staff mod for skyrim that gives you a house inside it.  For exact same gameplay loop.",2025-04-26T17:02:25Z,6,RedshiftWarp,gaming,2025-05-26T06:46:35.976588Z
mp6bcww,1k8hh9q,reddit,"RPG elements, and gameplay are pretty solid. Then you also have 2 other games on top of that. There's a adventuring ""no man's sky"" type planet exploration. Then you have the spaceship battles. Neither are good enough to warrant their own releases, but much better than you'd expect from a add-on feature.

Overall I think it's worth a playthrough, but keep in mind the world feels very generic, and bland. The game has the personality of a NASA operations manual, and I think that's where a lot of the negativity comes from.",2025-04-26T17:12:33Z,2,jrhawk42,gaming,2025-05-26T06:46:35.976590Z
mp6hg7j,1k8hh9q,reddit,"I have about 6,000 hours in the game.",2025-04-26T17:43:08Z,2,The_Advocate07,gaming,2025-05-26T06:46:35.976592Z
mp68gm2,1k8hh9q,reddit,The plasticity,2025-04-26T16:57:49Z,1,InfiniteAd7948,gaming,2025-05-26T06:46:35.976594Z
mp6alto,1k8hh9q,reddit,Space and spacecombat. Thst was the most funny part until i got swRmed by lv 30 fleets at lv 5,2025-04-26T17:08:44Z,1,beardobreado,gaming,2025-05-26T06:46:35.976596Z
mp6dt02,1k8hh9q,reddit,"Starfield was fun for over 50 hours for me. If you really dial back exploring every planet you land, the cracks will stay hidden for a bit longer!

There's a solid hit of Bethesda open world to be had, admittedly one of their most 'mid' experience but it's undoubtedly a Bethesda game.

Ship building was pretty great too",2025-04-26T17:24:52Z,1,69CockGobbler69,gaming,2025-05-26T06:46:35.976598Z
mp6eafk,1k8hh9q,reddit,"It wasn't the absolute worst trash as many people claim it to be, but it wasn't exactly super memorable.

However it did have some super cool systems, mostly I'm refering to one. The ship building. This system alone lifted the entire game for me, I enjoyed it so much and it made me hopeful that Bethesda make a similar system in ES6 but obviously with normal wooden ships. I know it's a stretch but one can hope.

I also enjoyed the pirate aspects of the game, even though they were a bit lackluster and meh. They were still decent enough that I had *some* fun. 

I also likes the variety in planets. This was actually a big critique of the game for many, that the planets were too barren and similar. And while I somewhat agree I still thought it was pretty cool exploring the different planets and waiting for ships to land so I could steal them lol

The problem really is that most of what I enjoyed in the game (except the ship building maybe) can be found in other games of the genre but done much better.",2025-04-26T17:27:20Z,1,Shiznit_117,gaming,2025-05-26T06:46:35.976600Z
mp6iw4p,1k8hh9q,reddit,"I did like the shipbuilding and the space combat is kind of fun and there's a few interesting zero g setpieces. 

I honestly found the twist to be pretty cool but the execution of what they did post game is crap.

That's about it unfortunately. There was a lot of potential here but it falls flat is so many ways. Bethesda definitely bit off more than they could chew.",2025-04-26T17:50:24Z,1,Safeguard13,gaming,2025-05-26T06:46:35.976602Z
mp6zs4y,1k8hh9q,reddit,Main Quests are okay. I'd say play as much you like then put it down  for later. Guns are a bit fun then it gets boring.,2025-04-26T19:18:45Z,1,N/A,gaming,2025-05-26T06:46:35.976604Z
mp74j9o,1k8hh9q,reddit,"For all its flaws I still enjoyed most of my time with it. The gunplay was fun and the basic exploration and upgrade loop was enjoyable for a while. 

I quite liked the aesthetic of the game and the overall lore they built. It wasn’t executed perfectly but I’d be happy if there were future games in the Starfield universe, like I think a different studio could probably build a very compelling narrative in that world.",2025-04-26T19:45:08Z,1,Nyaos,gaming,2025-05-26T06:46:35.976606Z
mp7agmu,1k8hh9q,reddit,It didn't bankrupt Bethesda,2025-04-26T20:17:43Z,1,mage_irl,gaming,2025-05-26T06:46:35.976608Z
mp7boky,1k8hh9q,reddit,I played every Bethesda game since daggerfall for 100-1000+ hours each. Starfield I got 70 hours and did not even finish the main story. It's just too bland and empty with lore that is not interesting. Combat really needs some VATS or something.,2025-04-26T20:24:17Z,1,Raven_of_Blades,gaming,2025-05-26T06:46:35.976610Z
mp7kifi,1k8hh9q,reddit,"Turning it off.

Jokes aside: it's still turning it off.",2025-04-26T21:11:41Z,1,Ok-Physics816,gaming,2025-05-26T06:46:35.976612Z
mp7mwub,1k8hh9q,reddit,"I think the ship building is great and the corp quest lines are pretty good. I felt pretty let down by the major factions though. You can be the head pirate and no one acknowledges it, or for any faction i think?",2025-04-26T21:25:15Z,1,BubbliiBoi,gaming,2025-05-26T06:46:35.976614Z
mp8gks6,1k8hh9q,reddit,"Ship building, combat, itemization, the hand crafted areas, mods, companions, and its new game+. Starfield is a fine game as long as you don't burn yourself out its loops by exploring the procedurally generated planets.",2025-04-27T00:17:28Z,1,Godlike013,gaming,2025-05-26T06:46:35.976616Z
mp690eu,1k8hh9q,reddit,"if you already bought it, the #1 problem with the game is already outside discussion (its incredibly high price tag for its quality). 

Good points?  Ship building is pretty fun, and playing through the story and all though the unity once (unity is the end of the game where you start over from day 1 with your leveled character) has merits.  You don't feel the lack of content until you are on new game #2 or 3.  The repeating points of interest on planets doesn't get old until around that time either.  Basically all the worst negatives other than game breaking bugs are hidden behind a couple of weeks of play time where its actually not so bad.  

There are a small # of game breaking bugs, and a number of very nasty recoverable bugs, but the game breakers are rare and the nasty ones have no lasting impact (eg your ship that you spent 2 million credits on resets to factory build, or your house reverts and all your stuff poofs away, or one of your ships becomes unflyable and crashes if you try to leave planet so you have to use a different one, ...)

Anyway, if you already bought it, may as well get what you can from it.  If you didn't, I advise avoidance until it falls to like $20USA.",2025-04-26T17:00:37Z,1,Independent_Art_6676,gaming,2025-05-26T06:46:35.976618Z
mp6nz3b,1k8hh9q,reddit,It's the best sleep aid I ever found. It could put Ambien out of business.,2025-04-26T18:16:23Z,0,deceitfulninja,gaming,2025-05-26T06:46:35.976620Z
mp6a9ac,1k8hh9q,reddit,There are none. The game is total trash,2025-04-26T17:06:57Z,-2,shakamaboom,gaming,2025-05-26T06:46:35.976622Z
mu84gcn,1kv9035,reddit,What the fuck does this mean,2025-05-25T19:50:50Z,3,LetsGoChamp19,gaming,2025-05-26T06:46:36.886779Z
mu7lnl0,1kv9035,reddit,Alura Une - Castlevania series,2025-05-25T18:11:51Z,4,DamonOfTheSpire,gaming,2025-05-26T06:46:36.886790Z
mu7zhfw,1kv9035,reddit,Beigns? That's French for donuts. There's probably a few cute donuts in Donut County.,2025-05-25T19:24:21Z,2,Zealousideal_Cup416,gaming,2025-05-26T06:46:36.886798Z
mu7qz3d,1kv9035,reddit,[deleted],2025-05-25T18:39:44Z,-4,N/A,gaming,2025-05-26T06:46:36.886805Z
mu6ckaf,1kv3hqa,reddit,Eh?,2025-05-25T14:24:52Z,6,MickeyMoore,gaming,2025-05-26T06:46:37.807519Z
mu5p99b,1kv0rxp,reddit,Other genres are more profitable.,2025-05-25T11:58:21Z,23,Enders-game,gaming,2025-05-26T06:46:38.891970Z
mu5pkd0,1kv0rxp,reddit,"More overhead to produce and maintain. If you're ever asking why a large company doesn't do X, it's because money. It's always because money.",2025-05-25T12:00:44Z,17,Obvious_Feedback_894,gaming,2025-05-26T06:46:38.891975Z
mu5pe7p,1kv0rxp,reddit,theyre probably unsure how to ask for 80€ and microtransactions to nickle and dime the playerbase in that specific genre.,2025-05-25T11:59:25Z,13,AlexRaEU,gaming,2025-05-26T06:46:38.891978Z
mu5p66o,1kv0rxp,reddit,Would Dune Awakening count? Supposedly cost 20 - 40 million to make this.,2025-05-25T11:57:42Z,7,Aidan-Coyle,gaming,2025-05-26T06:46:38.891982Z
mu5sprn,1kv0rxp,reddit,Green Hell?,2025-05-25T12:23:58Z,2,Sterben27,gaming,2025-05-26T06:46:38.891985Z
mu5pkjr,1kv0rxp,reddit,"Blizzard Entertainment was working on one (*codenamed **[Project ODYSSEY](https://news.blizzard.com/en-us/article/23768911/create-a-new-universe-with-us)***), but it was pretty much trapped in development hell.

When Microsoft acquired ABK, they saw that Blizzard had already spent 6 years working on the game yet were apparently nowhere near done so they cancelled it.",2025-05-25T12:00:46Z,1,N/A,gaming,2025-05-26T06:46:38.891988Z
mu5qnga,1kv0rxp,reddit,"Less ROI (Return on Investment) than most models. Public AAA studios are only allowed to make video games predicated by data driven design tuned for profit. The closest high return IP in the market would be something like the Sims, which is less survival more simulator.

Indies are making games they want to make.

There are some AAA studios that have gotten to make some and they are genuinely phenomenal.

Grounded is one good example.

From Microsoft through Obsidian, and genuinely has the best QOL I've ever seen in a Survival Crafting game. You just wouldn't expect it because its made for kids. 

Craft from the storage and hot deposit before it was popular. Free cam building. Newest update added a Mario maker style encounter builder.",2025-05-25T12:08:59Z,1,Rom_ulus0,gaming,2025-05-26T06:46:38.891991Z
mu5rmu6,1kv0rxp,reddit,"Fallout 76 is the closest that comes to my mind.


Best you'll see is more ""refined"" takes like Vintage Story atm. Microsoft had Minecraft Bedrock so there's no incentive, and most SurvivalCraft players are more interested in the gameplay than the graphics.


The overhead would also he insane, tbh. Look at how much had to be invested in Fallout 4's settlements which are pretty small. Add in the huge risk any company would take trying to tap such a saturated market and it's not a positive gamble.",2025-05-25T12:16:15Z,1,Atiklyar,gaming,2025-05-26T06:46:38.891995Z
mu5s9kn,1kv0rxp,reddit,Cause State of Decay 3 is taking its time.,2025-05-25T12:20:49Z,1,Lz537,gaming,2025-05-26T06:46:38.891998Z
mu5tbfj,1kv0rxp,reddit,"Why do you need AAA studios to make a game if indie studios are making great ones already?

It's pretty clear at this point that big budgets don't make great games. Talented developers and a good work environment do.",2025-05-25T12:28:18Z,1,SHIZA-GOTDANGMONELLI,gaming,2025-05-26T06:46:38.892001Z
mu66dt0,1kv0rxp,reddit,DayZ bro....,2025-05-25T13:51:03Z,1,Ok_Dare6400,gaming,2025-05-26T06:46:38.892004Z
mu68ovm,1kv0rxp,reddit,"Survival games are very systems driven, and AAA games target audiences that aren't very receptive to systems focused gameplay.

Strengths of AAA are graphics and accessibility, neither of which are important to a survival game.",2025-05-25T14:03:58Z,1,Aperiodic_Tileset,gaming,2025-05-26T06:46:38.892008Z
mu7ni4a,1kv0rxp,reddit,"Survival games are too niche to be worth making on a AAA budget. But there are some AAA games with a survival mode added on, like Skyrim and Fallout 4.",2025-05-25T18:21:26Z,1,ZaDu25,gaming,2025-05-26T06:46:38.892011Z
mu8pcl3,1kv0rxp,reddit,far too expensive and takes way too long to make for tha tkind of quality.,2025-05-25T21:43:47Z,1,djr7,gaming,2025-05-26T06:46:38.892015Z
mua6u8u,1kv0rxp,reddit,It’s WAY TOO HARD to make open world games alone,2025-05-26T03:17:06Z,1,riligan,gaming,2025-05-26T06:46:38.892018Z
muaevnj,1kv0rxp,reddit,"Survival games are niche, they were popular and still are in some extent, but most players dont enjoy that genre.",2025-05-26T04:15:29Z,1,Ok_Mouse_2203,gaming,2025-05-26T06:46:38.892021Z
mu5q5dp,1kv0rxp,reddit,"Because pve survival open world games can't be sold at $80. It can maybe be cheaper if they put in P2W pvp and cash shop sales.

>The Long Dark, The Forest, Don't Starve Together and Terraria

Take all these games. Are you willing to pay $80 full price for just an extra ""realistic graphics"" and ""AAA gameplay""?",2025-05-25T12:05:10Z,1,tlst9999,gaming,2025-05-26T06:46:38.892024Z
mu5qct5,1kv0rxp,reddit,Fallout 4 has survival mode which made it like a survival game,2025-05-25T12:06:45Z,1,Southern_Ad_3126,gaming,2025-05-26T06:46:38.892028Z
mu5q3f3,1kv0rxp,reddit,"Try Green Hell. 

It's got mixed reviews and is tough, but i really enjoyed it.",2025-05-25T12:04:46Z,1,kro85,gaming,2025-05-26T06:46:38.892031Z
mu5q15i,1kv0rxp,reddit,It’s a niche genre,2025-05-25T12:04:17Z,0,shutyourbutt69,gaming,2025-05-26T06:46:38.892034Z
mu5pdnm,1kv0rxp,reddit,[deleted],2025-05-25T11:59:18Z,-3,N/A,gaming,2025-05-26T06:46:38.892038Z
mu5qe3k,1kv0rxp,reddit,"I thought about it and i can't think of anything other then Days Gone and Dying Light being slightly what you seek. But still kind of misses the actual 'Survival' element. 

I think i could also be that baculause there are many smaller developers picking up on this genre that the triple A market does'nt want to join in",2025-05-25T12:07:01Z,0,LevelQx,gaming,2025-05-26T06:46:38.892044Z
mu5z0tf,1kv0rxp,reddit,Dead island dying light,2025-05-25T13:06:33Z,0,ComprehensiveArt7725,gaming,2025-05-26T06:46:38.892051Z
mu26lgu,1kuk388,reddit,"I think you need a lot more time in the workshop.  A game where all you do is not jump over a bunch of pits?  Wow, sounds exciting...lol",2025-05-24T19:54:42Z,6,tito13kfm,gaming,2025-05-26T06:46:39.857327Z
mu27jba,1kuk388,reddit,"Sort of reminds me of this recurring dream I have; where I'm running through a park, and I jump and as I'm in the air I get this thought ""all you have to do is forget to fall."" Then I think to myself 'oh yeah, that's right.' Next thing you know I'm flying just a few feet above the ground",2025-05-24T20:00:11Z,3,Prestigious_Beat6310,gaming,2025-05-26T06:46:39.857339Z
mu281zm,1kuk388,reddit,Maybe it could work if done correctly,2025-05-24T20:03:09Z,3,Dear-Potato1092,gaming,2025-05-26T06:46:39.857347Z
mu29z9i,1kuk388,reddit,"Maybe if there are certain pits you DO have to jump over, but others, you must not.

I've seen a Mario kaizo mod where the graphical assets were color-coded, and one color would kill you on contact, another color was real, another color was fake, etc., which meant you had to focus on the colors instead of what you knew those things were ""supposed"" to do in Mario (like a coin you feel the instinct to collect, but it's a color that will kill you). So the idea works in principle.

To be closer to your idea, maybe there could be some sort of audio or visual cue that gets across the idea, ""the rules are changing right now, so switch your thinking!""",2025-05-24T20:14:19Z,2,Orange_Storage,gaming,2025-05-26T06:46:39.857355Z
mu2fxdj,1kuk388,reddit,"Don’t let others put you down before the proto. Try a test build and see if any other inspirations come. Some amazing games start with a gimmick that at first isn’t necessarily fun, but grow and change into masterpieces as development went on",2025-05-24T20:47:49Z,2,Disaterman,gaming,2025-05-26T06:46:39.857362Z
mu27tat,1kuk388,reddit,"Have a look at ""Deliver At All Costs""",2025-05-24T20:01:46Z,1,der_grinch_69,gaming,2025-05-26T06:46:39.857369Z
mu29i3y,1kuk388,reddit,"Good idea, needs a bit more expansion",2025-05-24T20:11:34Z,1,NebulaNeedsHelp,gaming,2025-05-26T06:46:39.857377Z
mtuclu0,1ktl15n,reddit,I find it really annoying when I'm trying to solve a puzzle and the character narrates everything I'm doing then tells me how to solve it after like 30 seconds. Puzzles in action adventure games have really declined and I feel like this is in a lot of major releases now'a'days (the Horizon games being particular offenders).,2025-05-23T14:39:28Z,16,indigoiscooler,gaming,2025-05-26T06:46:41.302538Z
mtubi5r,1ktl15n,reddit,"Oh mighty hero! Are you here to save us? Fantastic! Canst thou assist me? Please gather 5 acorns, 3 daffodils and fill that bucket of water.",2025-05-23T14:34:10Z,18,Ok-Bus1716,gaming,2025-05-26T06:46:41.302546Z
mtucdo2,1ktl15n,reddit,"Accessing easily reachable areas on screen only after pushing slow crate or obtaining obtuse ability in order to delay progression. 

For instance, a visible ladder but somehow out of reach where an offscreen crate is needed to be dragged slowly to a very specific location in order to enable the climbing ladder condition. ",2025-05-23T14:38:22Z,8,CaptainBayouBilly,gaming,2025-05-26T06:46:41.302552Z
mtubzns,1ktl15n,reddit,Escort missions. Although most devs seem to have caught on that those suck ass,2025-05-23T14:36:31Z,7,Broely92,gaming,2025-05-26T06:46:41.302557Z
mtudpqt,1ktl15n,reddit,Stop making big empty maps for ffs. A small to medium size map with density is always better.,2025-05-23T14:44:47Z,6,Skyrimmedbygiants,gaming,2025-05-26T06:46:41.302562Z
mtuec2f,1ktl15n,reddit,Games that aren't games until 10 hours in.,2025-05-23T14:47:45Z,6,tugboatnavy,gaming,2025-05-26T06:46:41.302567Z
mtubjvr,1ktl15n,reddit,"Vision modes. Like, press Y to put this beautiful game into grayscale and trivialize puzzels. There was a time when lots of games were doing them but Assassins Creed is the worst offender.",2025-05-23T14:34:24Z,13,Cherry_Bird_,gaming,2025-05-26T06:46:41.302572Z
mtubuw7,1ktl15n,reddit,Are you sure you want to exit? Any unsaved progress will be lost,2025-05-23T14:35:53Z,6,rxan,gaming,2025-05-26T06:46:41.302577Z
mtue956,1ktl15n,reddit,"I despise the destructible weapons in Breath of the Wild. Made the game feel like I was in menus more than doing actual exploration. At least give me a damn repair mechanic like Oblivion, so I don't have to keep shuffling everything. Also killed any excitement of finding a good weapon, because I knew it was fleeting. Even the Master Sword breaks? Really?",2025-05-23T14:47:22Z,5,Nebulous-Hammer,gaming,2025-05-26T06:46:41.302582Z
mtug3ym,1ktl15n,reddit,"Weapon durability. I know it’s for the sake of realism and immersion, but man is it annoying to have to either go to a blacksmith every hour to fix my weapons/armor, or just have it break outright",2025-05-23T14:56:08Z,6,NoFortune1320,gaming,2025-05-26T06:46:41.302587Z
mtue1h5,1ktl15n,reddit,"Fucking crafting. I know it's a useful mechanic in plenty of contexts but I hate that it's been forced into every single game. So many potentially great games I just quit after five hours because I get so bored of having to stop and do busywork instead of actually playing the game.

In general I would love to just *play* a game. I don't want to craft. I don't want to customize my weapons. I don't want to navigate a skill tree. I don't want to make dialogue choices. I don't want to do side quests. I don't want to wander around an open world that exists just so you can say it's an open world game. I want to be immersed into a game and just *play* it.",2025-05-23T14:46:21Z,4,Suspicious-Yam-8746,gaming,2025-05-26T06:46:41.302592Z
mtugj7v,1ktl15n,reddit,"Personally:

Mazes. 

Unskippable cutscenes. 

Having long sections between the last save point and the boss enemy. So you have to fight your way through it again and again every time the boss kills you. 

Games where you learn through death. E.g. walk through door, burnt alive. Apply fire potion, walk thru door, fall in pit. Apply fire potion, walk thru door and jump etc..

Fake boss deaths / fake fights - where no matter how well you fight, the battle just leads to a cutscene and the boss comes back to life or runs away to attack you later. So what was the point of the battle??",2025-05-23T14:58:08Z,3,whooo_me,gaming,2025-05-26T06:46:41.302597Z
mtugr3b,1ktl15n,reddit,"Not sure if it counts but I HATE big celebrities in video games. Not only does it take me out of the story, ie that's just Keanu Reeves, I don't see Johnny Silverhand. Not to mention that the budget for getting these people could be spent on making the game better. I understand in a way though, those big names draw people in. Doesn't mean I have to like it.",2025-05-23T14:59:10Z,3,SoaringDoves,gaming,2025-05-26T06:46:41.302602Z
mtugz49,1ktl15n,reddit,"Journalist guide. I wanna solve puzzles and figure out which direction to go without someone pointing out the solution 3 seconds after getting there, or pointing to the platforms with yellow paint on them.",2025-05-23T15:00:13Z,3,Beanztar,gaming,2025-05-26T06:46:41.302607Z
mtubzqb,1ktl15n,reddit,For the love of god let me SAVE whenever I WANT !!,2025-05-23T14:36:32Z,7,mletourn,gaming,2025-05-26T06:46:41.302612Z
mtufk85,1ktl15n,reddit,"Minimaps that give way too much information with too many kinds of icons. Or worse, icons that are too detailed and illegible on smaller screens.",2025-05-23T14:53:34Z,2,Dry-Dragonfruit-4382,gaming,2025-05-26T06:46:41.302617Z
mtun2bs,1ktl15n,reddit,"""You've been playing all this time to get all the powerful skills and OP weapons, but I will have to strip you (literally) of all this for this segment. Don't worry, your stuff is somewhere in this area and you'll get your powers back after the segment.""

No.",2025-05-23T15:28:55Z,2,CgCthrowaway21,gaming,2025-05-26T06:46:41.302621Z
mtupkk0,1ktl15n,reddit,"Crafting, turret sections and escort missions",2025-05-23T15:40:36Z,2,bideodames,gaming,2025-05-26T06:46:41.302626Z
mtuvqgg,1ktl15n,reddit,"Things that slow the player down. I’m fine with things like roots and stuns, but physically slowing the movement speed down I have hated forever",2025-05-23T16:09:25Z,2,Semour9,gaming,2025-05-26T06:46:41.302631Z
mtudwog,1ktl15n,reddit,"Timers. I fucking hate being timed to finish an objective with a passion. It makes doing anything un-fun and stressful for no reason

Even in a game like Majora’s Mask where the timer is super forgiving it still just irritates me because I love doing things on my own time",2025-05-23T14:45:42Z,3,BoozerBean,gaming,2025-05-26T06:46:41.302635Z
mtubya3,1ktl15n,reddit,Who is this being posted every ten minutes for the last 2 days?,2025-05-23T14:36:20Z,2,RoundErther,gaming,2025-05-26T06:46:41.302640Z
mtuc6w3,1ktl15n,reddit,"Having to stealth your way through a situation that shouldn't require stealth. I prefer combat over stealth, always.",2025-05-23T14:37:28Z,2,Apprehensive-Ease-40,gaming,2025-05-26T06:46:41.302645Z
mtubn1t,1ktl15n,reddit,"Crafting. I despise gathering materials to craft items that are either obsolete or just another one among a sea of random, disposable gear.

In old RPGs, opening a chest would net you cool items, unique equipment and such. Nowadays it is common to receive a number of random junk and that sucks.",2025-05-23T14:34:49Z,2,Benhurso,gaming,2025-05-26T06:46:41.302650Z
mtucqso,1ktl15n,reddit,Forced wait timers!,2025-05-23T14:40:07Z,1,bad10th,gaming,2025-05-26T06:46:41.302654Z
mtuf0z9,1ktl15n,reddit,Auto pathing/auto play in (phone)games,2025-05-23T14:51:01Z,1,ReturnGreen3262,gaming,2025-05-26T06:46:41.302659Z
mtuz34f,1ktl15n,reddit,Weapon durability is never a good mechanic outside of hardcore survival games. Nothing feels like more of a waste of time than having to constantly repair your weapons.,2025-05-23T16:25:27Z,1,ZaDu25,gaming,2025-05-26T06:46:41.302664Z
mtucnz0,1ktl15n,reddit,Escort missions where they are faster than your walk and slower than your run,2025-05-23T14:39:45Z,1,Historical_Proof1109,gaming,2025-05-26T06:46:41.302669Z
mtuevb7,1ktl15n,reddit,"Procedurally generated, roguelike and/or run based single player campaigns. I've passed on TOO MANY games that would have personally been a perfect fit for me because of this.


Inability to PAUSE a game. 

QTEs


QTEs again just for good measure 

Weapon durability. 


Survival meters


Weapon durability again. 


REQUIRED or heavy dependence on parry/dodge mechanics ala Expedition 33 and Metroid Dread


Souls like combat - stamina? Enemy attacks that take up the whole arena? C'mon. 


Uninspired bosses that rely on minions (adds) for challenge.


Tilt shift that can't be turned offohhhh my gawwwwwd stahhhhp. It's a VIDEO game. I want to SEE. The VIDEO. Not blurred out edges of the screen diorama style. You worked hard on that art, why smudge it up?


Lighting effects that when you're entering an interior area make it look like you're going blind, and when entering an exterior area, you're walking INTO THE SUN. 


Along those lines, screen effects that attempt to emulate a camera lens (flare, rain drops on the screen, etc). They are less than useful when they obscure the view and make a hit on performance.


Lack of quest markers/directions. Ability to turn them off, sure, but man... 


Lack of bots for multiplayer games - you'd be surprised how many gamers DON'T have ""squads"" or friends in their group that play games to start with, and that DON'T want to play with randos. ",2025-05-23T14:50:17Z,1,bikeking8,gaming,2025-05-26T06:46:41.302674Z
mtuln94,1ktl15n,reddit,"Making easy still hard, im in my 40s work full time and have extremely limited game time, i want the easiest mode possible making me OP, now if i really like it + want a challenge ill up said difficulty but just stop making games so hard as not everyone is good at gaming nor has the luxury of spare time to get good!",2025-05-23T15:22:15Z,1,KMQFMSAH,gaming,2025-05-26T06:46:41.302678Z
mtuo3i4,1ktl15n,reddit,"Forced tutorials, 

If I want to find something out, I'll find something out. 

IF I want to. 

You ruin game flow when every step it's a stop start moment of "" PRESS X FOR THIS"", ""PRESS Y FOR THAT"".

I KNOW! 

I only have a certain number of buttons on the bloody pad, eventually I can figure out what does what, a ""wrong"" button input won't blow up the moon all of a sudden!",2025-05-23T15:33:44Z,1,Nanganoid3000,gaming,2025-05-26T06:46:41.302683Z
mtubrkq,1ktl15n,reddit,"Having an extra button to sprint, for example in elden ring you need to press an extra button just to be able to sprint. Why? Just make it incremental, the harder you move the joystick the faster you move!",2025-05-23T14:35:26Z,-1,Previous_Moment6463,gaming,2025-05-26T06:46:41.302688Z
mtudn3d,1ktl15n,reddit,GRINDING. objectively the worst idea ever - monotonous superficial nothings for basic rewards that you HAVE to do in order to do anything fun.,2025-05-23T14:44:26Z,0,throwaway6950986151,gaming,2025-05-26T06:46:41.302693Z
mtmktq8,1ksmggu,reddit,"This was posted yesterday:

>Battlefront II hits 100k+ concurrent players after May 4th — still holding at 80–90k. Millions playing weekly. No updates in 5 years.",2025-05-22T09:33:30Z,9,smellyourdick,gaming,2025-05-26T06:46:42.317162Z
mtmkt5o,1ksmggu,reddit,its definitely worth playing with the recent surge of players but i don't think it has crossplay.,2025-05-22T09:33:20Z,7,nate_b95,gaming,2025-05-26T06:46:42.317175Z
mtmlgvq,1ksmggu,reddit,Wait isn’t this game like 20 years old? I swear I played it in high school,2025-05-22T09:39:57Z,3,thatswhyshe,gaming,2025-05-26T06:46:42.317183Z
mtmkuma,1ksmggu,reddit,"You get a lot of full lobbies on supremacy, and could find a good amount on hero vs villains. There’s alot of people playing currently but will probably go down eventually.",2025-05-22T09:33:44Z,2,Booger92010,gaming,2025-05-26T06:46:42.317191Z
mtml1w6,1ksmggu,reddit,"Definitely no crossplay, but it's worth playing right now even for the 'average' Star Wars fan 👍",2025-05-22T09:35:45Z,1,razvancalin,gaming,2025-05-26T06:46:42.317198Z
mtmlg84,1ksmggu,reddit,I thought about playing it once I get my new pc.,2025-05-22T09:39:46Z,1,McDullBoy,gaming,2025-05-26T06:46:42.317206Z
mtmm31h,1ksmggu,reddit,"no crossplay and currently boost in players probably due to Andor

this has happened before when it gets a sudden boost of players but it's hard to say how long it will actually last.",2025-05-22T09:46:01Z,1,baddazoner,gaming,2025-05-26T06:46:42.317214Z
mtmm3eo,1ksmggu,reddit,i keep it installed just to play the 4 player coop every once in a while. it's not hard to find players at all even in the big lobbies but it is hard to boot up without that stupid error 721 or crash at some point in the session,2025-05-22T09:46:07Z,1,augustdaysong,gaming,2025-05-26T06:46:42.317221Z
mtmmzxv,1ksmggu,reddit,apparently it has a massive uptick of players recently.,2025-05-22T09:54:43Z,1,count023,gaming,2025-05-26T06:46:42.317229Z
mtmni16,1ksmggu,reddit,The game must be dirt cheap to buy at this point.,2025-05-22T09:59:30Z,1,mstermind,gaming,2025-05-26T06:46:42.317237Z
mtnfxkp,1ksmggu,reddit,"Still pretty alive, especially in Galactic Assault. Been hopping in now and then and always find matches. No crossplay though, which sucks.",2025-05-22T13:20:41Z,1,Low_Opportunity6926,gaming,2025-05-26T06:46:42.317244Z
mtnsm3r,1ksmggu,reddit,Which one?,2025-05-22T14:27:13Z,1,Galle_,gaming,2025-05-26T06:46:42.317251Z
mtpev8q,1ksmggu,reddit,No crossplay and although I think it would be nice to have it between the console versions but I would not want it with PC due to hackers and server exploits etc.,2025-05-22T19:06:47Z,1,PrinceDizzy,gaming,2025-05-26T06:46:42.317259Z
mtuvddx,1ksmggu,reddit,Chewbacca is not there! So is dead for me.,2025-05-23T16:07:41Z,1,indiedev_fredrick,gaming,2025-05-26T06:46:42.317266Z
mthmnmc,1ks0smj,reddit,"there's an N64 Mission Impossible game that was pretty ahead of its time and quite good. 

Lots of different gameplay elements involved, I remember a lot of it going over my head as a kid but as an adult looking back and reading in to it I realized how good the game actually was.",2025-05-21T15:33:48Z,31,TPDC545,gaming,2025-05-26T06:46:43.758028Z
mthmvwq,1ks0smj,reddit,"A lot of blockbuster tie in games don’t work. The ones that have tried failed miserably. See fast and furious, Bourne, etc.",2025-05-21T15:34:54Z,12,t_l_quinner,gaming,2025-05-26T06:46:43.758040Z
mthn068,1ks0smj,reddit,"The era of movie tie-ins games is over, majority of those were flops and quick cash grabs.",2025-05-21T15:35:29Z,7,michael199310,gaming,2025-05-26T06:46:43.758049Z
mthn2mr,1ks0smj,reddit,"Because the franchise exists as a Tom Cruise vanity project at this point, and he won’t get to run and ride bikes in a video game.",2025-05-21T15:35:49Z,7,aradraugfea,gaming,2025-05-26T06:46:43.758056Z
mthn0tz,1ks0smj,reddit,I'm out of touch. Are there any modern john wick and James bond games? I'd love to play them,2025-05-21T15:35:34Z,3,Fair_Lake_5651,gaming,2025-05-26T06:46:43.758064Z
mthoyy0,1ks0smj,reddit,I remember the 8-bit Nintendo Mission: Impossible,2025-05-21T15:44:52Z,3,Miserable_Farm4964,gaming,2025-05-26T06:46:43.758071Z
mthps1u,1ks0smj,reddit,I actually liked Mission Impossible: Operation Surma more than Splinter Cell: Pandora Tomorrow.,2025-05-21T15:48:39Z,3,Global-Wallaby8484,gaming,2025-05-26T06:46:43.758079Z
mthmup4,1ks0smj,reddit,[https://www.youtube.com/watch?v=OGLkknd\_PhM](https://www.youtube.com/watch?v=OGLkknd_PhM),2025-05-21T15:34:45Z,2,cr0m33,gaming,2025-05-26T06:46:43.758086Z
mthnlnt,1ks0smj,reddit,"I played Mission Impossible on the N64, but it was not as memorable as Golden Eye. 

Impossible Mission on C64 was also a spy vs villain game, but afaik never officially ackowledged a connection to the 1966 TV series.",2025-05-21T15:38:20Z,2,elementfortyseven,gaming,2025-05-26T06:46:43.758094Z
mthozo7,1ks0smj,reddit,I’d say Uncharted is probably the closest thing,2025-05-21T15:44:58Z,2,N/A,gaming,2025-05-26T06:46:43.758101Z
mthnxeg,1ks0smj,reddit,"Sounds like you're suggesting an impossible mission, man.",2025-05-21T15:39:54Z,1,Only-Employment-4611,gaming,2025-05-26T06:46:43.758109Z
mthnz6q,1ks0smj,reddit,I could have sworn I had a M:I game on GBA but never got very far because I was stupid kid who didn't want to read the mission briefings lol.,2025-05-21T15:40:08Z,1,ncfears,gaming,2025-05-26T06:46:43.758117Z
mthoiv7,1ks0smj,reddit,The n64 game is one of my favorites on that console. It was incredibly immersive when it was new.,2025-05-21T15:42:46Z,1,Fluid_Cup8329,gaming,2025-05-26T06:46:43.758124Z
mthpcbu,1ks0smj,reddit,Nobody under 25 even knows what this game was. Just not a market for it at the moment.,2025-05-21T15:46:37Z,1,Ok-Island9893,gaming,2025-05-26T06:46:43.758131Z
mthpf6m,1ks0smj,reddit,Because Tom Cruise does all of his own stunts.,2025-05-21T15:46:59Z,1,VQ3point5,gaming,2025-05-26T06:46:43.758138Z
mthpma7,1ks0smj,reddit,Movie tie in games were by and large low quality schlock moved by the strength of the IP but the rising cost of development means the margins are smaller and they can’t afford to have middling sales figures.,2025-05-21T15:47:54Z,1,Any-Question-3759,gaming,2025-05-26T06:46:43.758145Z
mthqj25,1ks0smj,reddit,Because they'd want to have tom cruise in it and that makes it financially non-viable,2025-05-21T15:52:10Z,1,bloodectomy,gaming,2025-05-26T06:46:43.758152Z
mthqwcl,1ks0smj,reddit,"Tom Cruise has a really strict deal when it comes to using his likeness in video games. That's why the ""recent"" Mummy game stars random marines instead.",2025-05-21T15:53:55Z,1,Hot_Ethanol,gaming,2025-05-26T06:46:43.758159Z
mthrajb,1ks0smj,reddit,I played the NES game back in the day. It was fun.,2025-05-21T15:55:48Z,1,EvilRo66,gaming,2025-05-26T06:46:43.758167Z
mths7oo,1ks0smj,reddit,Studios do not put enough love into these tie-in games. They just want a quick cash grab.,2025-05-21T16:00:10Z,1,CoffeeNAnxiety,gaming,2025-05-26T06:46:43.758174Z
mthtkqw,1ks0smj,reddit,"There is a game set between MI 2 and MI 3 called MI: Operation Surma. It's on PS2, GameCube, Xbox and GBA.",2025-05-21T16:06:47Z,1,Glittering_Wing_277,gaming,2025-05-26T06:46:43.758181Z
mthvjhd,1ks0smj,reddit,"I mean, we did, most of them were shit

[The PlayStation/N64 title wasn't bad, though](https://www.lightthefusepodcast.com/99-the-long-history-of-mission-impossibles-mostly-terrible-video-games)

It's like people complaining about there being no 'super hero games' or 'no film tie-in games' anymore

We got them - like a ***fuckton*** of them - with the rare exception, most of them were rushed out - buggy - innovationless plop 

The Arkham series was special *because it was the rare* ***good*** *super hero tie-in game* and just an all around good game in general

People are confused by The Avengers and the Suicide Squad and Gotham Knights feeling like rushed-out innovationless plop attempting to capitalize on an IP 

You don't *get it*, folks, That's *usually* what publishers churn out when contracting an IP with a time frame to release - just look up something like Batman Dark Tomorrow or Superman: The Man of Steel or that god awful Green Lantern tie in game 

Things haven't really ***changed*** - they've just gotten bigger - and, thanks to the Interwebs and Social Media, it's harder for the studios that own the IP to hide when a game publisher fucks up

See the House of Mouse stomping on EA's ass when the Battlefront II disaster happened 

Mickey wasn't ***really*** mad - he was just upset users had noticed the scam they and EA were trying to slip past people's noses",2025-05-21T16:16:20Z,1,2Scribble,gaming,2025-05-26T06:46:43.758188Z
mthy73q,1ks0smj,reddit,"He does it so he can kiss women half his age and do crazy stunts.  You’re suggesting he MoCap every single bit of that.  Every action, every crazy stunt, that they find a MoCap studio big enough and advanced enough for him to ride a motorcycle at speed?

Look, at that point, there’s a much cheaper option.  Make another Mission Impossible Movie.",2025-05-21T16:29:14Z,1,aradraugfea,gaming,2025-05-26T06:46:43.758196Z
mti7e75,1ks0smj,reddit,"There just...really isn't a reason to? not much of what makes the movies entertaining would translate to engaging gameplay. And if someone could come up with that, just make an original IP that wouldn't be strung up by pre existing characters, settings and lore.

Movie tie in games have always been cash grabs and never an attempt to actually bring innovation to gaming.  

Just because something works well as one type of media, doesn't mean it will work well as another.",2025-05-21T17:12:50Z,1,Prior-Resolution-902,gaming,2025-05-26T06:46:43.758203Z
mti9i2y,1ks0smj,reddit,"When you take a movie and make an interactive game with it, you inherently begin to change the story, the IP, the chronology, settings, etc. 

I get mad as a gamer when you dont stay true to the source material. I ALSO get mad when the game is boring and doesn't supply enough compelling content. By nature of being able to go into this story world and manipulate it, I'm already changing the overall ""flow"" or how the story plays out. 

Like, no shit its a good movie. It was carefully put together to flow into specific scenes and dialogs to properly develop and tell the story. If you want to run around in a certain building from the movie for 2 hours collecting items or killing enemies, then the story plays out wonky. But we need to give you enough stuff to do in that building or the game will feel empty. 

I think this actually restricts studios more than gives them source material. 

TL;DR: Not all entertainment formats are interchangeable. Not without altering parts of the adaptation.",2025-05-21T17:22:35Z,1,Iminurcomputer,gaming,2025-05-26T06:46:43.758210Z
mtkhoih,1ks0smj,reddit,Splinter Cell and Hitman have entered the chat.,2025-05-22T00:03:48Z,1,The_Advocate07,gaming,2025-05-26T06:46:43.758217Z
mtldj6z,1ks0smj,reddit,Interesting... I can't say... But a first person MI game(with PvP as endgame content)seems AWESOME to me...,2025-05-22T03:11:04Z,1,oooPDXooo,gaming,2025-05-26T06:46:43.758224Z
mtm60j3,1ks0smj,reddit,"C64, PSX, N64, I've played a few, these days it'd make a nice backdrop for a Metal Gear knockoffs.",2025-05-22T07:01:22Z,1,ody81,gaming,2025-05-26T06:46:43.758232Z
mtma7w6,1ks0smj,reddit,"FPS games were EVERYWHERE during the MI period,  
heavily saturated genre, and it just got completely overshadowed by 007",2025-05-22T07:43:44Z,1,djr7,gaming,2025-05-26T06:46:43.758239Z
mu6gntq,1ks0smj,reddit,Cuz it would be impossible to finish (haha ik im not funne),2025-05-25T14:46:48Z,1,Charming-Dot-1739,gaming,2025-05-26T06:46:43.758247Z
mthmz9r,1ks0smj,reddit,Impossible to make.,2025-05-21T15:35:22Z,1,Valuable_Squirrel756,gaming,2025-05-26T06:46:43.758254Z
mtbul91,1kralc4,reddit,Retrospective? The game is barely 2 years old wtf lol,2025-05-20T17:23:41Z,7,BumLeeJon420,gaming,2025-05-26T06:46:45.589318Z
mtb6s7i,1kr7e7u,reddit,"As far as I'm aware it's Sony's Dual Analog Controller for the PS1 which was the short-lived predecessor to the proper Dualshock launched later the same year (April and November 1997 respectively).

Maaaybe there's something more obscure that came before though? It's just it kind of has to be a first-party controller for clicky sticks to make sense as the console and game still need to actually assign a function to it, nobody wants to remap a face button to a stick click.",2025-05-20T15:28:07Z,29,Less_Party,gaming,2025-05-26T06:46:46.770850Z
mtb9klq,1kr7e7u,reddit,Wasn't Ape Escape for the PS1 literally press the left stick in to crouch?,2025-05-20T15:41:42Z,8,sputnikconspirator,gaming,2025-05-26T06:46:46.770862Z
mtb7w92,1kr7e7u,reddit,"Also, what did you put into Google? I just looked and it says the PS1 dualshock had it...",2025-05-20T15:33:33Z,3,Hope-to-be-Helpful,gaming,2025-05-26T06:46:46.770870Z
mtb7dr8,1kr7e7u,reddit,"The thumbsticks were always pressable on Sony's controllers since they've inctroduced them, the first one being the Sony Dual Analog Controller, which was the short-lived predecessor of the Dualshock.",2025-05-20T15:31:04Z,6,gorzius,gaming,2025-05-26T06:46:46.770878Z
mtbqdxg,1kr7e7u,reddit,"All I had to do was hit the 'dive deeper in AI mode' button on Google and got the answer in 5 seconds btw


>The Sony Dual Analog Controller, released in Japan in April 1997, was the first controller to feature clickable thumbsticks. 

>Further details about the Sony Dual Analog Controller:

>This controller, also known as the SCPH-1150, was the predecessor to the more famous DualShock controller.

>The Dual Analog controller introduced the two-clickable-thumbstick layout, which would become a standard feature in later PlayStation controllers.

>The Dual Analog controller was initially only released in Japan and was eventually replaced by the DualShock controller.",2025-05-20T17:03:41Z,2,Low_Coconut_7642,gaming,2025-05-26T06:46:46.770885Z
mtdnvv5,1kr7e7u,reddit,"Wikipedia actually has [a list of game controllers and their features](https://en.wikipedia.org/wiki/List_of_game_controllers). As others have said, the Dual Analog Controller, released on April 25th, 1997, is the first entry to feature clickable thumb/analog sticks.",2025-05-20T22:52:26Z,2,Hanzo_The_Ninja,gaming,2025-05-26T06:46:46.770893Z
mtb7elr,1kr7e7u,reddit,"The PS1 Dual Analog controller was the first one that had ""L3"" and ""R3"" buttons.",2025-05-20T15:31:11Z,2,TheRealSkip,gaming,2025-05-26T06:46:46.770900Z
mtb4sbg,1kr7e7u,reddit,If I remember correctly both the original Xbox and PS had clickable thumbsticks.,2025-05-20T15:18:22Z,1,POTATOMASOCHIST,gaming,2025-05-26T06:46:46.770908Z
mtb70un,1kr7e7u,reddit,I should note that on the Nintendo side of things the first controllers with this feature were those of the Wii U.,2025-05-20T15:29:18Z,1,Spiteful_Guru,gaming,2025-05-26T06:46:46.770915Z
mtb4twa,1kr7e7u,reddit,PS3 is the first time I remember that. Dualshock2 for Sony I believe.,2025-05-20T15:18:34Z,-1,Leptonshavenocolor,gaming,2025-05-26T06:46:46.770922Z
mtb70m5,1kr7e7u,reddit,"As an actual button? Would have to be either PS2 or XBOX for the mainstream


Can't remember if Dreamcast did but I highly doubt it.


Unless there's some obscure shit like the CDI controller actually having this, it's likely PS2",2025-05-20T15:29:16Z,0,Hope-to-be-Helpful,gaming,2025-05-26T06:46:46.770930Z
mtb7ec7,1kr7e7u,reddit,"I remember having a PS1 controller with clickable thumbsticks, though i'm not sure if that was released before or after the PS2 dualshock 2 controller",2025-05-20T15:31:09Z,0,ficskala,gaming,2025-05-26T06:46:46.770938Z
mtbamuf,1kr7e7u,reddit,Any stick is clickable if you stomp it hard enough. Just ask my dead GC controller from years ago after a particularly embarrassing smash melee defeat.,2025-05-20T15:46:53Z,-2,Laserous,gaming,2025-05-26T06:46:46.770946Z
mtb7ngz,1kr7e7u,reddit,La manette Xbox original,2025-05-20T15:32:22Z,-1,ArthurHorizon54,gaming,2025-05-26T06:46:46.770954Z
mtb6gf2,1kr7e7u,reddit,Edit: I'm an idiot :) yup idk gaming.,2025-05-20T15:26:32Z,-5,ryan8954,gaming,2025-05-26T06:46:46.770962Z
mtb7bcd,1kr7e7u,reddit,it was definitely the Sony DualShock 2,2025-05-20T15:30:44Z,-3,GhostLegacyDotCom,gaming,2025-05-26T06:46:46.770969Z
mtb4urt,1kr7e7u,reddit,[deleted],2025-05-20T15:18:42Z,-7,N/A,gaming,2025-05-26T06:46:46.770976Z
mt3n60g,1kq8fku,reddit,"You say 20-40 minutes, but then your example is 4 hours, so I'm guessing you actually just mean very short games?

In which case I'd say Portal is probably the greatest short game of all time and only takes 3-4 hours.

I'll also throw add Inside, Little Nightmares and Cocoon as fantastic games you can beat in about 4ish hours.",2025-05-19T10:49:56Z,22,whereballoonsgo,gaming,2025-05-26T06:46:47.854673Z
mt3m4ja,1kq8fku,reddit,"A Short Hike is a very tiny little game.

For the price of a couple bucks, you have a game that you can beat in an hour and 100% in two. It's delightful from beginning to end.",2025-05-19T10:40:58Z,7,Thopterthallid,gaming,2025-05-26T06:46:47.854681Z
mt3lvu5,1kq8fku,reddit,Turnip Boy commits Tax Evasion was a very fun and chill afternoon. Surprisingly good,2025-05-19T10:38:50Z,6,Pacu99,gaming,2025-05-26T06:46:47.854685Z
mt3m3w0,1kq8fku,reddit,"Broforce.
So silly so fun",2025-05-19T10:40:48Z,2,Joey_OConnell,gaming,2025-05-26T06:46:47.854690Z
mt3n200,1kq8fku,reddit,SIFU,2025-05-19T10:48:59Z,2,Spiritual-Biscotti26,gaming,2025-05-26T06:46:47.854695Z
mt3ofbj,1kq8fku,reddit,Beat saber,2025-05-19T11:00:24Z,2,Level_Pen6088,gaming,2025-05-26T06:46:47.854699Z
mt3rhar,1kq8fku,reddit,Journey,2025-05-19T11:24:56Z,2,CptFancyPants7,gaming,2025-05-26T06:46:47.854703Z
mt44bvk,1kq8fku,reddit,Solitaire,2025-05-19T12:54:07Z,2,The_Advocate07,gaming,2025-05-26T06:46:47.854707Z
mt3lylh,1kq8fku,reddit,"Very few games can be properly understood, much less enjoyed in 20 minutes, but probably a mobile game with simple mechanics..",2025-05-19T10:39:31Z,3,The_Cost_Of_Lies,gaming,2025-05-26T06:46:47.854711Z
mt3m1b4,1kq8fku,reddit,limbo,2025-05-19T10:40:10Z,1,Korra228,gaming,2025-05-26T06:46:47.854715Z
mt3mg27,1kq8fku,reddit,Helltaker was very enjoyable for multiple reasons.,2025-05-19T10:43:44Z,1,ZacMedivh,gaming,2025-05-26T06:46:47.854728Z
mt3mj1w,1kq8fku,reddit,"I would say limbo and inside 
weird vibes, you don't understand anything in the game, but somehow, you still enjoy it",2025-05-19T10:44:27Z,1,Sir_unknown1,gaming,2025-05-26T06:46:47.854732Z
mt3mvny,1kq8fku,reddit,Ynglet,2025-05-19T10:47:28Z,1,Linkzaki,gaming,2025-05-26T06:46:47.854737Z
mt3omef,1kq8fku,reddit,Anthem! Perfect for that quick post-work game being a supercharged iron man before household tasks start,2025-05-19T11:02:01Z,1,SpawnSnow,gaming,2025-05-26T06:46:47.854741Z
mt3pdmo,1kq8fku,reddit,Tyrian 2000,2025-05-19T11:08:16Z,1,propdynamic,gaming,2025-05-26T06:46:47.854746Z
mt3phyi,1kq8fku,reddit,"Taking the post literally, probably hill climb racing on mobile. 

Journey is by far the best time I've had in a short game though. I think its around 2 hours.",2025-05-19T11:09:14Z,1,Cheezdealer,gaming,2025-05-26T06:46:47.854750Z
mt3pjik,1kq8fku,reddit,Titanfall 2 story,2025-05-19T11:09:35Z,1,Pimparoooo,gaming,2025-05-26T06:46:47.854754Z
mt3qkjg,1kq8fku,reddit,goat simulator,2025-05-19T11:17:49Z,1,Gore4lyf,gaming,2025-05-26T06:46:47.854759Z
mt3r7uy,1kq8fku,reddit,Refunct. Finished in 40 minutes and that little parkour game left a big impression in me,2025-05-19T11:22:52Z,1,Soar_Y7,gaming,2025-05-26T06:46:47.854763Z
mt3rb5a,1kq8fku,reddit,Portal 2 Cooperative,2025-05-19T11:23:36Z,1,Free-Witness-6233,gaming,2025-05-26T06:46:47.854767Z
mt3rn14,1kq8fku,reddit,"Rocket League. Unfortunately, it can also be the worst 20-40 minutes.",2025-05-19T11:26:09Z,1,keefkeef,gaming,2025-05-26T06:46:47.854772Z
mt3ttpj,1kq8fku,reddit,"Your title is flawed, but based on your description, my answer is Untitled Goose Game.",2025-05-19T11:42:48Z,1,yick04,gaming,2025-05-26T06:46:47.854776Z
mt3vtdk,1kq8fku,reddit,"Dark and darker.   Me and a buddy decided to try it out one night and had a great time playing for a few hours

We haven't felt compelled to go back in since then, but it was a fun romp",2025-05-19T11:57:12Z,1,stoicsports,gaming,2025-05-26T06:46:47.854780Z
mt3wrq2,1kq8fku,reddit,"That game where you play as the little blob guys and do crazy obstacle courses with like 40 other people. Can’t remember the name, but I had a blast with it for about an hour.",2025-05-19T12:04:05Z,1,DistanceRelevant3899,gaming,2025-05-26T06:46:47.854785Z
mt3xk3d,1kq8fku,reddit,"Before your eyes”, I played it on my phone on a short trip to another city and it made me cry.",2025-05-19T12:09:38Z,1,BonkyChoi,gaming,2025-05-26T06:46:47.854789Z
mt3z0tm,1kq8fku,reddit,"Give your own example is 4 hours, I'm gonna go with Journey.",2025-05-19T12:19:47Z,1,ShopCartRicky,gaming,2025-05-26T06:46:47.854794Z
mt3z74y,1kq8fku,reddit,"Thank goodness you’re here! Played it in an evening with my two nieces - very funny, even if a lot of it went over their heads",2025-05-19T12:20:56Z,1,Bustin_Rustin_cohle,gaming,2025-05-26T06:46:47.854798Z
mt416du,1kq8fku,reddit,Slay the princess,2025-05-19T12:34:09Z,1,Gul_Dukat__,gaming,2025-05-26T06:46:47.854803Z
mt467ro,1kq8fku,reddit,"Dead by Daylight

Played it one afternoon with 3 friends. Had a lot of fun but no particular desire to play it again

Probably spent around 3 hours playing, had a blast pulling people off hooks and hiding in lockers, managed to win some rounds but even losing was fun

Obviously playing with friends was important. I think I loaded the game up and played exactly 1 round solo and just had no desire to do it again

Fond memories tho",2025-05-19T13:05:49Z,1,CarvaciousBlue,gaming,2025-05-26T06:46:47.854808Z
mt48p2j,1kq8fku,reddit,High on life. It's made by the same producers as Rick and Morty and it was just a silly but easy first- person shooter.,2025-05-19T13:20:47Z,1,Upstairs-Scarcity552,gaming,2025-05-26T06:46:47.854812Z
mt4aq1r,1kq8fku,reddit,"Carrion, maybe, took me 6 hours, but really enjoyed it.",2025-05-19T13:32:49Z,1,JoeZanes,gaming,2025-05-26T06:46:47.854817Z
mt4rsss,1kq8fku,reddit,"Forgot what it’s called but it’s a game where you’re a cloud and rain on people/things to make things happen

I’m too lazy to look it up tbh lol but I think it’s called Rain on Your Parade",2025-05-19T15:03:04Z,1,CallMeNurseMaybe,gaming,2025-05-26T06:46:47.854822Z
mt4w8rq,1kq8fku,reddit,Sayonara Wild Hearts,2025-05-19T15:25:26Z,1,HUNplaymore,gaming,2025-05-26T06:46:47.854826Z
mt682tb,1kq8fku,reddit,"Nier Automata. Loved the opening sequence, hated the boring open world with fetch quests.",2025-05-19T19:19:28Z,1,Prior-Resolution-902,gaming,2025-05-26T06:46:47.854831Z
mt6f3nh,1kq8fku,reddit,"For me, it’s Fantasy Strike. I spent like 20-30 minutes on it, and it was such a blast. Super simple controls so you can jump right in and have fun without needing to learn complex combos.",2025-05-19T19:54:45Z,1,Commercial_Branch665,gaming,2025-05-26T06:46:47.854835Z
mt6nftb,1kq8fku,reddit,Exit 8. At first I had no idea what I got into and didn't know why it was categorized as horror. But I got a great kick out of the game and it was a thrilling for the hour I played and beat it,2025-05-19T20:36:15Z,1,DrVegapunkt,gaming,2025-05-26T06:46:47.854840Z
mtf6tbf,1kq8fku,reddit,To The Moon,2025-05-21T04:34:45Z,1,dachea,gaming,2025-05-26T06:46:47.854845Z
mt3mm85,1kq8fku,reddit,Breath Of The Wild.,2025-05-19T10:45:13Z,1,GrayGalahadReturns,gaming,2025-05-26T06:46:47.854849Z
mt31saj,1kq58af,reddit,"Not surprising. Sony is not capable or willing to do one thing that is necessary to have in live service space. Patience or be patient.

The need their games to be immediate hit both in terms of quality and commercial performance. Which is great mindset in SP story-driven games. But it's not right mindset in regards to live service games.

Because many live service games will launch underwhelming, but through patience and iteration, you can make something long lasting. Sea of Thieves is great example. Hell, even Fallout 76. They are also incapable to accept market conditions. For example, everybody told them that charging 40$ for Concord is lunacy, because their main competitors (Overwatch 2 and later Marvel Rivals) are free-to-play. But they refused to listen. Because they wanted their cake (frontloaded sales) and to eat it too (MTXs).

Not to mention sheer insanity of giving studio that makes best remakes/remasters in industry job to make God of War live service game lol. Whoever signed off that project should be fired into the sun.

But I expect Sony will keep trying. There is too much money in live service space to not keep trying.

Most hilarious thing in all this is fact that only live service success they had (Helldivers 2) they almost squandered through their idiocy (PSN fiasco on PC) and then they let Arrowhead make their next game multiplatform lol.",2025-05-19T07:11:25Z,7,markusfenix75,gaming,2025-05-26T06:46:48.978229Z
mt4xdq8,1kq58af,reddit,I don't think people minded Sony having a live service game at all. It was just the gigantic push to having so many all at once. And most of them have literally been canceled. Absolutely buffoonery from the top.,2025-05-19T15:31:13Z,2,Waste-Reception5297,gaming,2025-05-26T06:46:48.978245Z
mt37eq9,1kq58af,reddit,Reminder that Hermen Hulst pushed for Japan Studios to be shutdown while trying to push more Horizon spin off games that really aren't needed,2025-05-19T08:10:30Z,7,Perfect_Persimmon717,gaming,2025-05-26T06:46:48.978253Z
mt338a5,1kq58af,reddit,"He'll be fine, with all his hundreds of millions of dollars, that's ""talent"" at the top /s",2025-05-19T07:26:19Z,4,crxsso_dssreer,gaming,2025-05-26T06:46:48.978260Z
mt3601p,1kq58af,reddit,Who?,2025-05-19T07:55:35Z,3,T10_Luckdraw,gaming,2025-05-26T06:46:48.978268Z
mt37lit,1kq58af,reddit,"Games get cancelled and don't work out all the time. However the most upsetting thing is that it's not the execs or C suite like Jim that pay for this failed initiative. It's the employees and those who probably stuck 40 hours(even more in video game world) a week into their bosses foiled vision. 


Even worst and IRC Jim went on a tour of studios last year, shook hands with people then laid off or outright closed the studios a week or so later",2025-05-19T08:12:31Z,2,waltz_with_potatoes,gaming,2025-05-26T06:46:48.978275Z
mt39ee6,1kq58af,reddit,You'll buy another remaster of Last of Us anyway. It will be fine,2025-05-19T08:32:10Z,1,BeginningFew8188,gaming,2025-05-26T06:46:48.978283Z
mt32zi8,1kq58af,reddit,"Probably somwhat worse than what they expected, but let's be real, they knew this going in. That the majority of these would not stick. Also pinning it on 1 person seems a bit odd, especially when this probably came from above him during a time when everyone was cheering on Microsoft's 'opening its war chest' to make those games exclusive.

Some minor points as well, Insomniac's game never made it further than a PowerPoint pitch, so really not much, if anything, was lost as pitches constantly happen at studios. You forgot the Horizon multiplayer game that's in development, and technically, Dark Outlaw is Deviation Games.

Thankfully, this initiative doesn't seem to have impacted the singleplayer pipeline outside of Bend Studio and Bluepoint, although rumour says the Bluepoint singleplayer project (remake or original is unsure) is still going.",2025-05-19T07:23:47Z,2,King_A_Acumen,gaming,2025-05-26T06:46:48.978290Z
mt8mbl0,1kq58af,reddit,They should have made a motorstorm live service game and bought code masters. Make it free to play. And they should make a free to play everybodys golf.,2025-05-20T03:38:47Z,1,ausgirl86,gaming,2025-05-26T06:46:48.978298Z
mt34edw,1kq58af,reddit,OP got too much time in his hand,2025-05-19T07:38:45Z,2,wouldanidioitdothat,gaming,2025-05-26T06:46:48.978305Z
mt3c911,1kq58af,reddit,"Still chasing that Fortnite cash cow.

All they need is that one big hit and it'll wipe out any debt from all those failures. That's how execs see it.",2025-05-19T09:02:31Z,0,ThisOneTimeAtLolCamp,gaming,2025-05-26T06:46:48.978313Z
mt4vxjw,1kq58af,reddit,"How do I feel?

I feel that this trend needs to go away for all but a handful of games. But everything’s about money now so it won’t ever go away unless someone releases a different type of game that does extremely well

Then everyone else will just move on to copying that lol",2025-05-19T15:23:50Z,0,CallMeNurseMaybe,gaming,2025-05-26T06:46:48.978320Z
mt32m5w,1kq58af,reddit,"Destiny fans will remember the same ""morale's never been lower because people keep posting hate"" stuff in response to Destiny 2's first year. Then Forsaken came out and slayed, and everything was gangsta until management told the studio they gave too much content for one purchase and need to spread it out over more transactions.

Bungie has, up to this point, done pretty good when fighting for it's life. Marathon looks rocky but it's failure will ultimately be on the highest offices not giving what's necessary to gain traction.",2025-05-19T07:19:57Z,-1,FullMotionVideo,gaming,2025-05-26T06:46:48.978328Z
msz3al7,1kpnh1k,reddit,"I liked both a lot, but I think E33 has more of that special sauce. Of the two, E33 is the one I’ll remember years from now.

Don’t get me wrong, I enjoyed my time with Metaphor a lot. But for the most part it did just feel like “fantasy Persona”, and it had me feeling the same kind of burnout I feel around halfway through any Persona game. It refines the formula but doesn’t really do anything to evolve the formula, if that makes sense.

Though one thing to consider: if you can only afford one and you want something that can keep you entertained for dozens and dozens of hours, Metaphor is a significantly longer game than E33.",2025-05-18T16:14:20Z,23,BigTimeBobbyB,gaming,2025-05-26T06:46:50.210275Z
msz2882,1kpnh1k,reddit,Out of the two I enjoyed Clair Obscur way more however Metaphor is still good,2025-05-18T16:08:36Z,21,chaotikz7,gaming,2025-05-26T06:46:50.210287Z
msz6x91,1kpnh1k,reddit,"Played both, 

Even as someone that enjoys Atlas games a lot, Expedition 33 blows Metaphor out of the water in everything but length.",2025-05-18T16:33:45Z,10,No_Object_404,gaming,2025-05-26T06:46:50.210295Z
mt2wdsm,1kpnh1k,reddit,"Expedition 33 is one of the best rpgs I've ever played. I've tried a number of atlas games, person 3, 4, refantazio.  And they are all good (especially sometimes the music), but man I always just get bored and stop playing maybe 1/3-1/2 the way in their games.  Something about the gameplay loop doesn't do it for me.",2025-05-19T06:17:28Z,3,DasKinoFilm,gaming,2025-05-26T06:46:50.210312Z
msz3wzc,1kpnh1k,reddit,"I really enjoyed metaphor, it felt like a combination of the different smt games and persona. Expedition 33 is probably game of the year though, just incredible.",2025-05-18T16:17:39Z,7,RagnarokCross,gaming,2025-05-26T06:46:50.210319Z
msz4kme,1kpnh1k,reddit,"I really like both, and they're very different. To me, expedition 33 is the better overall game, but metaphor is longer and offers more to grind for if you enjoy that part of an RPG.",2025-05-18T16:21:09Z,6,JustRegularType,gaming,2025-05-26T06:46:50.210327Z
msz4rts,1kpnh1k,reddit,I love persona but I enjoyed my time more with expedition 33 than with metaphor. But if u are not good with parry/ dodge mechanics expedition might not be for u.,2025-05-18T16:22:12Z,2,CutProfessional6609,gaming,2025-05-26T06:46:50.210334Z
mszbsgh,1kpnh1k,reddit,"both are good, different kind of good. But if I can only choose 1, I would go for E33 because fuck denuvo.",2025-05-18T16:59:27Z,2,iplayhs,gaming,2025-05-26T06:46:50.210341Z
mt2bqsm,1kpnh1k,reddit,"33.

Metaphor is alright, but it comes across as derivative and you're more likely to bounce off of it than 33. Also, it makes some aesthetic choices with the UI and presentation (especially the floating ""magla particles"" EVERYWHERE in the game) that got a lot of praise, but that I honestly found ugly as hell and distracting. Maybe I'm the only one, but the game is *hard to look at* for long periods of time.

33 has some graphics issues of its own with a lot of shit-ass UE5 post-processing, but there's ways to kill that shit on PC. I don't know what it is with UE5, but every game on it is just filters on top of filters on top of sharpening on top of upscaling on top of more filters.",2025-05-19T03:21:13Z,2,BicFleetwood,gaming,2025-05-26T06:46:50.210348Z
mt4qb47,1kpnh1k,reddit,"Exp33 is one of the best game ever made, a must play",2025-05-19T14:55:38Z,2,Villad_rock,gaming,2025-05-26T06:46:50.210355Z
mt71jtx,1kpnh1k,reddit,E33 has the most fun combat system I've ever played in an RPG and I'm 40 years old so I've played almost every popular RPG,2025-05-19T21:48:19Z,2,Puckitup27,gaming,2025-05-26T06:46:50.210362Z
msz4nz9,1kpnh1k,reddit,Clair 100%,2025-05-18T16:21:38Z,2,BumLeeJon420,gaming,2025-05-26T06:46:50.210369Z
msz723r,1kpnh1k,reddit,"I'm a big persona fan and I have been doing a running joke with my friend group by saying for years persona 5 is the greatest jrpg of all time religiously out of the blue. I glazed metaphor so hard since it came out. 

That being said...im actually enjoying Expedition 33 more because of the graphics, the character personalities, the abilities, the world and the mysteries. I very much dislike the platforming but that's an optional and minor gripe.the music is also phenomenal. I also like that this Frenchiness is something new for me, and it'd not just japanese takes that I'm used to seeing.",2025-05-18T16:34:30Z,3,ImGonnaCum,gaming,2025-05-26T06:46:50.210376Z
mszj6ym,1kpnh1k,reddit,"I feel like this is a question that is better asked a year or so from now after E33 has had time for its dust to settle, it's been a huge release and most people are going to be biased towards it as they likely played it more recently than metaphor",2025-05-18T17:37:11Z,3,skellafella,gaming,2025-05-26T06:46:50.210383Z
msz4l8i,1kpnh1k,reddit,Both are fantastic but Ex33 is an absolute masterpiece. So play both but play ex33 first.,2025-05-18T16:21:14Z,3,Erthan-1,gaming,2025-05-26T06:46:50.210391Z
msz2eo2,1kpnh1k,reddit,"Expedition 33 is one of the best RPGs I've ever played.

I couldn't even get through the demo for Metaphor.",2025-05-18T16:09:33Z,5,PhoenixTineldyer,gaming,2025-05-26T06:46:50.210398Z
msz3bra,1kpnh1k,reddit,Metaphor,2025-05-18T16:14:30Z,2,Rvsoldier,gaming,2025-05-26T06:46:50.210405Z
msz3kfa,1kpnh1k,reddit,"Personally for me, I preferred Metaphors characters and world more. I loved the first 2/3 of E33 story but then it falls apart (to me). They are quite different games though, a lot more exploring in E33, more character stories in Metaphor. Metaphor is like Persona, but much harder",2025-05-18T16:15:47Z,6,Harford0,gaming,2025-05-26T06:46:50.210412Z
msz3ybe,1kpnh1k,reddit,33 easily,2025-05-18T16:17:50Z,3,_ObsidianOne_,gaming,2025-05-26T06:46:50.210418Z
msz5gla,1kpnh1k,reddit,"If you have PC or Xbox you can pick up Expedition for a month for less than half the price using game pass. I beat it in a week, but can't recommend the game enough.",2025-05-18T16:25:50Z,1,AgentFunk,gaming,2025-05-26T06:46:50.210426Z
msz6clf,1kpnh1k,reddit,"I'd start with 33 cause it puts some cool spins on turn based combat, while Metaphor is just fantasy Persona (still a great game, I've played both). 33 is also a much shorter game, while with Metaphor you're looking at 80-100 hours.",2025-05-18T16:30:39Z,1,CJDistasio,gaming,2025-05-26T06:46:50.210433Z
msz9efk,1kpnh1k,reddit,"Well one is shorter and on gamepass.

The other is 3x as long and more expensive. So just depends on what kind of experience you feel like having.

If you love persona then Refantaszio might be for you. If you want something different, then Expedition 33.",2025-05-18T16:46:54Z,1,AguyNamedKyle,gaming,2025-05-26T06:46:50.210440Z
mszb7fe,1kpnh1k,reddit,"If you want turn-based, metaphor is more of a turn-based game than E33. The parry/dodge systems are fun for those who like that sort of thing, but it makes combat feel completely different from persona.

Metaphor has a demo, so maybe try that before buying either",2025-05-18T16:56:23Z,1,_Spectre0_,gaming,2025-05-26T06:46:50.210447Z
mszk5g4,1kpnh1k,reddit,"If you want a traditional turn based game, go with Metaphor. It basically has a job system and traditional items and equipment. Story and music as well.

If you have no issues with dodging and parrying attacks (this is mostly mandatory until you grind so much that you can oneturn the opponents) E33 is the better option of the 2.
The music blows Metaphor out of the water even though Atlus did a great job on the OST. Story always depends, but E33 did a great job with twists and turns and the world overall.",2025-05-18T17:42:01Z,1,Sakuja,gaming,2025-05-26T06:46:50.210454Z
mt0oxba,1kpnh1k,reddit,Ok seems I’ll be getting 33 first,2025-05-18T21:18:50Z,1,Thegoatpwell,gaming,2025-05-26T06:46:50.210461Z
mt100t0,1kpnh1k,reddit,Metaphor. I haven't played Clair obscur but to me it looks too souls-ish. Metaphor has that Persona charm.,2025-05-18T22:21:10Z,1,LelixA,gaming,2025-05-26T06:46:50.210479Z
mt3ndpa,1kpnh1k,reddit,I'm not very deep into E33 (I just found Maelle at the Manor) but so far I think I enjoyed Metaphor by this point.,2025-05-19T10:51:45Z,1,Spynner987,gaming,2025-05-26T06:46:50.210488Z
msz3k6v,1kpnh1k,reddit,"100% Clair Obscur.

Metaphor was excellent, but Clair Obscur is by far the best game I've ever played.",2025-05-18T16:15:45Z,1,SSXAnubis,gaming,2025-05-26T06:46:50.210495Z
msz7b7n,1kpnh1k,reddit,"Metaphor is a more consistent experience and if you prefer the anime and Atlus' style it is the obvious choice.

33 starts falling apart about halfway through to me. Not saying it isnt a good game because it is especially at $50. The soundtrack is very good.",2025-05-18T16:35:52Z,1,Slylok,gaming,2025-05-26T06:46:50.210502Z
msz75y5,1kpnh1k,reddit,"Metaphor, I love both but Metaphor just feels better to play.",2025-05-18T16:35:05Z,1,PoetBenjii,gaming,2025-05-26T06:46:50.210513Z
msz47zd,1kpnh1k,reddit,I thought both were amazing but Clair Obscur a little more amazing.,2025-05-18T16:19:17Z,1,Forsaken-Dog4902,gaming,2025-05-26T06:46:50.210521Z
mszgorz,1kpnh1k,reddit,Expedition 33 is better.,2025-05-18T17:24:30Z,1,SoySupreme899,gaming,2025-05-26T06:46:50.210528Z
msz3t7y,1kpnh1k,reddit,Metaphor because atlus never fails,2025-05-18T16:17:05Z,-1,KerbolExplorer,gaming,2025-05-26T06:46:50.210535Z
msz6gw3,1kpnh1k,reddit,E33 for sure.,2025-05-18T16:31:17Z,0,CP_Company,gaming,2025-05-26T06:46:50.210542Z
msza3sd,1kpnh1k,reddit,"I haven't played either of them,but I fully expect some sort of gold or royal version of fantasio so I'm holding off on it. 5 was my first persona and I got burned by it not knowing.",2025-05-18T16:50:37Z,0,Chozo_Lord,gaming,2025-05-26T06:46:50.210549Z
mszbms7,1kpnh1k,reddit,"I played expedition 33 and then decided to play metaphor after from needing something to fill the void it left. 

Expedition 33 is a lot better imo. The new spice on the turned based combat as well as the crazy story telling and the graphics are insane. 

Metaphor is basically persona but slightly different. If you like persona you’ll like metaphor but it’s nothing crazy. Still a fun game though.",2025-05-18T16:58:38Z,0,IHiatus,gaming,2025-05-26T06:46:50.210555Z
mszhjp1,1kpnh1k,reddit,"Metaphor played too safe for a new IP while Expedition 33 boldly took a big step forward in trying to innovate on turn-based games.  

Both still have flaws here and there and aren't perfect but playing Expedition 33 from start to end has been a blast and something truly unique. Metaphor was fun but it definitely felt like I know most of what it offers due to exposure to so many other Atlus titles before.",2025-05-18T17:28:48Z,0,chimaerafeng,gaming,2025-05-26T06:46:50.210564Z
mt1appp,1kpnh1k,reddit,[removed],2025-05-18T23:25:40Z,0,N/A,gaming,2025-05-26T06:46:50.210571Z
msz505u,1kpnh1k,reddit,"The integration of the parry mechanic, story/characters, and OST gives 33 the edge. Which is hard to say bc Metaphor is great. Can’t go wrong either way but I’d go with 33 first, and you can finish it faster too and then jump into Metaphor down the road",2025-05-18T16:23:25Z,-1,SilentSasquatch2,gaming,2025-05-26T06:46:50.210577Z
msz54h6,1kpnh1k,reddit,"I've played and beaten both. Both great games, but Ex33 by a miiiile. That game was astounding. One of the best video games I've ever played and I've been gaming for 30 years",2025-05-18T16:24:04Z,-1,SirPalmBrinks,gaming,2025-05-26T06:46:50.210583Z
msz55c8,1kpnh1k,reddit,They’re both fantastic but E33 has that certain freshness that really stands out. I highly recommend both though,2025-05-18T16:24:11Z,-1,Nayko214,gaming,2025-05-26T06:46:50.210588Z
msz2nar,1kpnh1k,reddit,"Might be an unpopular opinion but Expedition 33 felt like the focus was mostly on the story and the gameplay was just the for the sake of being there, don’t get me wrong the gameplay is still unique and fun, but once you get the timing on dodges and/or parries it becomes piss easy.",2025-05-18T16:10:51Z,-18,HECKington098,gaming,2025-05-26T06:46:50.210594Z
msz536x,1kpnh1k,reddit,"You love persona, good, good. But do you also love sekiro? Because Expedition 33 has that reaction-based part to its combat system that totally defeats the point of it being turn based.",2025-05-18T16:23:52Z,-2,Hanako_Seishin,gaming,2025-05-26T06:46:50.210599Z
msz6u7p,1kpnh1k,reddit,Metaphor is a very good turn based game. E33 is just.... special. It makes you feel things. That would be my vote.,2025-05-18T16:33:18Z,-2,stead10,gaming,2025-05-26T06:46:50.210605Z
msgjlxv,1kn9gpn,reddit,[removed],2025-05-15T14:59:11Z,2,N/A,gaming,2025-05-26T06:46:51.168320Z
mshsfif,1kn9gpn,reddit,D4 is not a fun ARPG,2025-05-15T18:36:51Z,4,AquaticBagpipe,gaming,2025-05-26T06:46:51.168333Z
msgy0l7,1kn9gpn,reddit,Can you play it in a modern resolution or is it still 720x720 max?,2025-05-15T16:09:35Z,1,Gordatwork,gaming,2025-05-26T06:46:51.168341Z
msib2bq,1kn9gpn,reddit,How is it compared to MedianXL? Never played PD2 but I've sunk countless hours into Median.,2025-05-15T20:09:07Z,1,peebutt_paulie,gaming,2025-05-26T06:46:51.168349Z
msgcz39,1kn9gpn,reddit,">For me its better than any triple a game coming out lately that's unfinished and money focused.

you could have just said ""hey guys we are running modded Diablo 2 servers"" and people already come.

but hey, you feel much better saying this, hero?

edit: this sub truly should just rename itself to ""HERE WE HATE AAA UNDER ALL UNRELATED TOPICS""

cheers, you bunch of weirdos.",2025-05-15T14:26:21Z,-38,clothanger,gaming,2025-05-26T06:46:51.168356Z
msggvdq,1kn9gpn,reddit,This sounds great. Diablo 3 was disappointing and 4 is literally unplayable.,2025-05-15T14:45:52Z,-16,Nabrok_Necropants,gaming,2025-05-26T06:46:51.168363Z
msf3hfs,1kn3a9d,reddit,"The paintress is not seeking to destroy anything, and she's not looking to inflict pain, she's grieving and the gommage is the result of Renoir's attempts to snap her out of her grief. 


You're casting the paintress in a way too negative light.


Painted Renoir is not how Aline wanted Renoir to be, it's how she saw him because of her grief, it's the representation of the wedge that grief has put on their relationship.


Maelle doesn't ""die"", she merges with Alicia, she remembers both lifes at the same time and actually prefers to keep being maelle rather than Alicia, she's not trying to defeat the paintress, she's trying to save her mother.


Alicia is not naive, she knows exactly that her mother is attracted by the painting and can't let it go, but so is she! She can't go either and that's the whole point of the final fight and choice you make against verso. 




Verso calls her bullshit when she says she wants to stay ""only a little longer"", she wants to stay there forever because she's lost in her grief and she doesn't see any life for herself out of the painting.


Moving in Lumiere doesn't make her mortal or immortal, it's all about her inability to move on and process her grief, that's why Maelle's ending for me is really sad, she gets everything she wanted, which is what we worked for all game, and we as the player realize she's stuck in a prison of her own making




This is my interpretation, happy to hear if I missed out, or misunderstood something from other people!

edit: fixed minor grammar mistakes",2025-05-15T09:07:39Z,7,Don_Alosi,gaming,2025-05-26T06:46:52.353610Z
msf30sw,1kn3a9d,reddit,"I think you missed something as my idea of the Paintress and your first point are different. She's not trying to inflict pain on the people of Lumiere, she's trying to protect them from the real Renoire's erasing of the portrait, but the longer she spends inside the painting, the weaker she becomes. She cannot continue to protect them. By removing her, she could not protect the town of Lumiere any longer and that's why it was wiped out in the epilogue, until Maelle/Alicia regained her memories.",2025-05-15T09:02:40Z,7,RapturesOwn,gaming,2025-05-26T06:46:52.353624Z
msf32f5,1kn3a9d,reddit,"MAJOR SPOILERS FOR THE GAME BELOW

1. You are wrong about Aline. She does not want  to inflict pain on people of Lumiere. She loves the world, the painting and people, as they are her son's creations. So she entered the canvas to just be there, near the last piece of her son's soul and among his creations. 

Renoir, her husband, thought (rightfully so) that this is not healthy for her, or their family. So he entered the painting to get her out. She refused. They started fighting. As they are both basically gods inside the painting, their fighting broke the world. 

Renoir's idea to get Aline out of canvas, was to destroy the canvas itself. And Aline was protecting it. She managed to entrap Renoir inside (under?) the monolith, but her power to contain him was declining. And every year her containment became weaker, which allowed him to influence the world more - and his influence was to destroy it. Which resulted in Gommage

This is what Gommage is - Renoir destroying the oldest creations (people) in the painting, the ones who are least protected by Aline. And the number on the monolith which was presumed to be the reason for Gommage is just a warning - the only thing Aline could give to the people of Lumiere. And the number was going down as Aline's power was declining

2. Regarding Alicia moving into the painting. It's the same thing as with Aline. Painters don't fully ""move"" into the painting, only part of them does. You can see that in the false ""epilogue"" after chapter 2 - bodies of Renoir and Aline are still there, outside of canvas. And they are slowly dying. Which is the main reason why it was so important for Renoir to destroy the Canvas to get Aline out - because she was killing herself by staying there for so long.

The same thing would happen with Maelle/Alicia. By staying inside the painting, she would be slowly killing herself. And she has no desire to ever leave, which is what Verso saw there in the end.

  
I'm not sure enough to break down masked girl/painted Alicia's motivations",2025-05-15T09:03:09Z,6,MrAviack,gaming,2025-05-26T06:46:52.353632Z
msf1sf4,1kn3a9d,reddit,"The Masked Girl's passivity reflects Aline's idealized Alicia, trapped in her mother's narrative. Alicia staying in Lumere would indeed restart the cycle, as Renoir would intervene. Clea might represent the 'authors' of these layered realities.",2025-05-15T08:49:32Z,5,marilyn_007,gaming,2025-05-26T06:46:52.353640Z
msf3xzj,1kn3a9d,reddit,"Your interpretation of the paintress is all wrong. Renoir is trying to slowly erase and paint over parts of the canvas to get Aline to leave the painting. If he wasn't doing this, the gommage wouldn't even be happening. 

Aline (the paintress) is able to protect a certain number of people from the gommage but her power wanes each year, which is why the number on the monolith goes down. As her power levels drop, so too the number of the people of Lumiere she can protect and for some reason, she protects people based on their age. 

Basically, Renoir assumes if the fantasy world in the canvas is emptied and/or ruined, Aline won't bother to remain in the painting and finally come back to the real world and deal with her grief over her son's death. If both Aline and Alicia return, he can then destroy the canvas entirely and prevent either of them from repainting it, basically removing their avenue for any escapism. He believes that this canvas is particularly sentimental to his wife and child because it contains a piece of Verso's soul, so presumably they wouldn't just retreat into another canvas once they've come out.",2025-05-15T09:12:35Z,4,scarybyte,gaming,2025-05-26T06:46:52.353647Z
msf2l64,1kn3a9d,reddit,"From what I understood, Aline was actually protecting the painting as the paintress. Renoir’s objective was to force Aline out and destroy the painting, and he was the one responsible for the gommage. Aline tried to protect the people of Lumière but since the chroma is getting trapped by Clea’s nevrons she gets less powerful and is unable to save more people (the reason for the age limit if I understood thing’s correctly)",2025-05-15T08:58:02Z,2,Volkator,gaming,2025-05-26T06:46:52.353655Z
msf3aes,1kn3a9d,reddit,"You are close, but missed some points (atleast, as far as I interpret it)

The Canvas was created by a young (child) Verso and featured the Gestrals, the moustsche race people (around Monoco station), Monoco and Esquie.

That was the original Canvas.

When Verso died, his mother retreated in the Canvas her son created as a way of escaping her grief. Due to the family being Painters (with the exception of Verso, who liked music more, hence he only created this painting as a child) part of Verso’s soul was “alive” in the Canvas (the young boy you meet during your adventures).

Aline recreates Verso-paint in this world, aswell as the rest of her family, and uses it to escape her pain in real life. She also creates Lumiere (the painted version of rl Paris). She wants this world to be perfect.

Renoir follows her in the Canvas, to get his wife back in the real world, knowing prolonged stays take a toll on the painters (it will eventually consume them).

Clea, the oldest sister and strongest Paintress, helps her father get the upperhand by creating the Nevrons. Ultimately though, she is disappointed in both her parents, as she feels abandoned and focusses on her war of revenge against “The Writers” in the real world, whom killed real Verso and wounded real Alicia.

With Clea’s help, Renoir gets the upperhand and is slowly gathering all the Chroma in the Canvas, because he wants to erase it.

Aline does not want this to happen: her numbers are warnings to Lumiere and its people that she is slowly losing the war; the Gommage is explicitely Renoirs doing, not Aline’s! Aline does what she can do hold it back, but is slowly being overpowered.

Hence, when she gets evicted from the Canvas, the real Renoir triggers the big Gommage erasing everyone.

In the end, due to the meddling of Aline, Renoir and Clea, the memory of Verso and his world becomes tainted.

Alicia’s Painting ending basically means she is actively contributing to this, by bringing back Verso and forcing him to live an unwanted live.
She, just like her mother, creates a made-belief world, further “polluting” the original canvas and therefor, Verso’s legacy.

Alicia, unable to let go, also escapes in this alternate reality which will ultimately kill her as her rl body will dwindle away.

The people of Lumiere will soon discover that they too, are now trapped: there will be no more gommages…but there will be no more deaths either, as Alicia cannot get over her grief of letting go, so it is implied she will recreate everyone to puppets.

Not saying the other ending is happy (its brutal for Alicia), but sometimes, life is simply cruel, and there are no good options to choose from

Just my 2 cents",2025-05-15T09:05:32Z,2,Nachtgedachte,gaming,2025-05-26T06:46:52.353662Z
msmufbw,1kn3a9d,reddit,"> I don't trust ChatGPT or Grok because they seem way too agreeing to me...idk if they will even correct my mistakes

They're not actual people first of all...",2025-05-16T14:50:31Z,2,FryJPhilip,gaming,2025-05-26T06:46:52.353670Z
ms59i3x,1klv1c5,reddit,>!Adam Smasher!< from Cyberpunk 2077,2025-05-13T19:36:33Z,9,SirQrlBrl,gaming,2025-05-26T06:46:53.272626Z
ms59f2c,1klv1c5,reddit,"It could be argued that a lot of Helldivers 2 first year looked like this - many weapon and strategem changes were implemented in the name of balance that ultimately made the weapons significantly less effective while at the same time, enemy AI and spawn rates were continually tweaked upwards.  It made the game punishingly difficult even at lower difficulty level missions and lead to significant attrition in the playerbase.",2025-05-13T19:36:08Z,5,SpecialistSix,gaming,2025-05-26T06:46:53.272639Z
ms5i3vp,1klv1c5,reddit,"Binding of Isaac, some of the regular end game bosses got a little boss armor added in repentance plus. For those who don't know what ""boss armor"" is it's basically an in game value that resists the incoming damage based on how much you're doing. In previous patches they basically had none so you could roll up to them and basically stomp them into the ground if you have a lot of damage",2025-05-13T20:17:56Z,2,Extremely-basic22,gaming,2025-05-26T06:46:53.272647Z
ms5kheu,1klv1c5,reddit,"Rick the Door Technician. He was already impossible before it, now it’s a nightmare",2025-05-13T20:29:07Z,2,Bare-baked-beans,gaming,2025-05-26T06:46:53.272655Z
ms5kwgq,1klv1c5,reddit,Traitor lord from hollow knight perfectly describes this.,2025-05-13T20:31:06Z,1,ConstantReader1,gaming,2025-05-26T06:46:53.272662Z
ms5qbw5,1klv1c5,reddit,As of recently.  Diablo 4 upper 'endgame' bosses cause the Devs didn't like you one-shot one-phasing their uber bosses. Even though you don't wanna put up with BS one-shot-kill mechanics.,2025-05-13T20:57:23Z,1,H0ly_Cowboy,gaming,2025-05-26T06:46:53.272669Z
ms5u7j1,1klv1c5,reddit,Simon in clair obscur after they just nerfed the main way people were killing him. Still possible but not as easy,2025-05-13T21:16:55Z,1,TwoMe,gaming,2025-05-26T06:46:53.272677Z
ms5m1ny,1klv1c5,reddit,"Technically, Starscourge Radahn in Elden Ring. He was patched to be made easier, then they later went back and made him harder again. I'm not sure if he's as hard as he was on launch, harder, or still weaker now, but they did buff him",2025-05-13T20:36:36Z,0,Sausage_Boss_,gaming,2025-05-26T06:46:53.272684Z
ms591bg,1klv1c5,reddit,[deleted],2025-05-13T19:34:13Z,-31,N/A,gaming,2025-05-26T06:46:53.272691Z
mrxmqdl,1kkwa24,reddit,I loved Elden ring but for the life of me I can't get hyped for this game. Anyone else?,2025-05-12T16:07:47Z,23,vivid-naz,gaming,2025-05-26T06:46:54.253544Z
mrxmqas,1kkwa24,reddit,[deleted],2025-05-12T16:07:46Z,14,N/A,gaming,2025-05-26T06:46:54.253557Z
mrxob31,1kkwa24,reddit,The usual fromsoft unique approach? Dodge it and hide anything interesting in god damn item descriptions to save money on cutscenes and voicelines?,2025-05-12T16:15:37Z,4,Embarrassed-Ideal-18,gaming,2025-05-26T06:46:54.253565Z
ms0ua65,1kkwa24,reddit,I don't think any of the souls games focused on story telling ,2025-05-13T02:14:55Z,1,baladreams,gaming,2025-05-26T06:46:54.253573Z
mrxr5xu,1kkwa24,reddit,Selling this as a separate game just feels so wrong,2025-05-12T16:29:41Z,0,Ratax3s,gaming,2025-05-26T06:46:54.253580Z
mrx4hpi,1kkfme1,reddit,"Knowing the gaming community, the hype that they've consistently built up in their minds, stupidly, 

This game will NEVER live up to their expectations.",2025-05-12T14:37:48Z,8,Nanganoid3000,gaming,2025-05-26T06:46:55.269525Z
mrx83x0,1kkfme1,reddit,[removed],2025-05-12T14:55:54Z,5,N/A,gaming,2025-05-26T06:46:55.269537Z
mrx4svc,1kkfme1,reddit,"HL3 hype died around COVID, as of right now it's in a ''just release it and call it the day'' state",2025-05-12T14:39:20Z,5,Yovel123,gaming,2025-05-26T06:46:55.269545Z
mryid6f,1kkfme1,reddit,"the only thing big about GTA6 is that it will sell a lot  
that's kinda it

At least a half life 3 would continue an actual story",2025-05-12T18:41:45Z,3,djr7,gaming,2025-05-26T06:46:55.269552Z
ms0bnzu,1kkfme1,reddit,"Among the hardcore PC crowd, nothing could possibly be bigger than Half-Life 3. It's become almost mythical for the people who care about it, but the people who care about it are *not* a massive market anymore. We're vocal, we're fervent, but there aren't a ton of us comparatively.

Among general audiences, nothing can match GTAVI's popularity. Not Fortnite or COD or FIFA. Maybe a phone game because I don't really know or understand that stuff. But anyways, GTA is dominating the conversation in every age group, from 3rd graders who don't really understand it at all, to teenagers, college kids, all the way up to adults who have been gaming since Atari. Even I'll probably be pressured into getting it by a couple of my friends and I don't really like Rockstar's games anymore.",2025-05-13T00:26:38Z,2,Cranharold,gaming,2025-05-26T06:46:55.269559Z
mrx37nq,1kkfme1,reddit,"Half-Life 3 is the most anticipated game in history. If they announced it, I think 90% of people won’t care about GTA 6 anymore.",2025-05-12T14:31:14Z,-5,OneEpicUserName,gaming,2025-05-26T06:46:55.269566Z
mrjfar7,1kj1ptw,reddit,"I think you need a different account, or risk an account ban.",2025-05-10T04:34:02Z,4,N/A,gaming,2025-05-26T06:46:56.141710Z
mrjityf,1kj1ptw,reddit,"Likely region locked, if you buy a game in Thailand it will not work on a UK playstation for example",2025-05-10T05:02:24Z,3,Simple-Initiative950,gaming,2025-05-26T06:46:56.141738Z
mrji4e3,1kj1ptw,reddit,I would contact Ubisoft for the correct answer. They might be able to change the region but you would have to contact them regardless.,2025-05-10T04:56:39Z,0,yodoc,gaming,2025-05-26T06:46:56.141747Z
mrbxv1u,1ki3j54,reddit,"Still only 10 goals per level. The only reason for the timer to be extended is because the THPS 4 levels are so big. Sad situation over all. Still going to play, but I'd be a lot happier if I can at least get more THPS 4 goals in NG+

I wish we could have had THPS 3 as DLC for 1+2, with a faithful THPS 4 remake all on its own.",2025-05-08T23:17:08Z,4,This-Astronaut246,gaming,2025-05-26T06:46:57.056413Z
mrbtkeg,1ki3j54,reddit,It basically becomes THUG without the narrative story. Would be annoying to see that people actually care enough to complain about something as trivial as a change that doesn’t remove the original way of playing the levels,2025-05-08T22:51:50Z,4,blackdog2077,gaming,2025-05-26T06:46:57.056426Z
mrburjq,1ki3j54,reddit,"If it's still always online, I'm passing anyway. What a shame.",2025-05-08T22:58:53Z,1,Hybr1dth,gaming,2025-05-26T06:46:57.056435Z
mrfkim2,1ki3j54,reddit,"Weird that people are crying foul about a toggable option. You can just not use it.

Also, i might misremember, but wasn't thps4 like big levels where there were points that you interacted with to start a timed mission?",2025-05-09T15:17:08Z,1,Siukslinis_acc,gaming,2025-05-26T06:46:57.056442Z
mr9jzgu,1kht5i2,reddit,"A mobile survival game no one has ever heard of turning to shit is the most predictable outcome

It would be more discussion worthy if it stayed good",2025-05-08T16:00:45Z,7,Hyooz,gaming,2025-05-26T06:46:58.083461Z
mr9hksj,1kht5i2,reddit,A mobile game? Who cares lol,2025-05-08T15:49:11Z,10,centhwevir1979,gaming,2025-05-26T06:46:58.083473Z
mr3e85h,1kh201t,reddit,Probably makes more sense to post these to an art-based subreddit. Making this many similar posts will annoy people. Or just put them all in the same post at least.,2025-05-07T16:52:31Z,5,Tuschi,gaming,2025-05-26T06:46:58.986741Z
mr3v8qa,1kh201t,reddit,Nice! I say post it on Dark Souls 2 subreddit!,2025-05-07T18:12:33Z,2,RUNPROGRAMSENTIONAUT,gaming,2025-05-26T06:46:58.986754Z
mr3ce5x,1kh201t,reddit,[deleted],2025-05-07T16:43:50Z,2,N/A,gaming,2025-05-26T06:46:58.986762Z
