comment_id,content_id,platform,content,created_at,score,author,source_name,crawl_time
mrtgeko,1kkcjbd,reddit,"Beef patty grilled and seasoned both sides with Meat Church Holy Gospel. Buns lightly toasted. The bottom bun gets a pickled jalapeño aioli which is Duke’s mayo, finely diced sweet & hot pickled jaalpenos, and some of their syrup from the jar. The patty is topped with jalapeño pimento cheese while it’s still on the grill so it gets all melty. The patty is topped with crispy fried jalapeños.",2025-05-11T21:59:52Z,5,INGWR,food,2025-05-21T12:33:21.411782Z
mrtl1at,1kkcjbd,reddit,Fuck yea. ,2025-05-11T22:27:24Z,2,flipflapslap,food,2025-05-21T12:33:21.411792Z
mroj0ok,1kjpcv6,reddit,"I scroll through reddit, occasionally stopping to think:  yum!

But Japanese food always makes me stop longer and admire the food until I’m drooling.

Damn, I need some of that!",2025-05-11T01:31:36Z,5,readerf52,food,2025-05-21T12:33:22.410634Z
mros1s8,1kjpcv6,reddit,I would eat the hell out of that.,2025-05-11T02:31:23Z,1,N/A,food,2025-05-21T12:33:22.410648Z
mrpawzv,1kjpcv6,reddit,Something about the surface tension of the soup made me think this was some fake display Japanese food. Glad it’s real and delicious too!,2025-05-11T04:52:09Z,1,AlmostLucy,food,2025-05-21T12:33:22.410657Z
mpdpq8m,1k9f0ev,reddit,Brisket is my favorite after burnt ends,2025-04-27T21:30:25Z,1,Theweekendatbernies,food,2025-05-21T12:33:23.439508Z
mochpq5,1k4sdsc,reddit,"Woah, Black Betty, ham of lamb",2025-04-22T00:03:48Z,16,TotallyHumanPerson,food,2025-05-21T12:33:24.526952Z
mocjn17,1k4sdsc,reddit,"I have never heard of lamb ham before, but now all I want is to shove it into my mouth.",2025-04-22T00:14:57Z,12,The_Truthkeeper,food,2025-05-21T12:33:24.526964Z
mocfn5z,1k4sdsc,reddit,"That looks wonderful, how did you cook the Lamb?",2025-04-21T23:51:54Z,7,Content_Savings577,food,2025-05-21T12:33:24.526972Z
mocwam6,1k4sdsc,reddit,Lamby Hammy Sammy,2025-04-22T01:28:24Z,3,antheus1,food,2025-05-21T12:33:24.526981Z
mod0e13,1k4sdsc,reddit,9.9/10,2025-04-22T01:52:08Z,3,paulerxx,food,2025-05-21T12:33:24.526989Z
mod81yy,1k4sdsc,reddit,"This looks delicious! Can you describe your creation? What’s included, what bread is this?",2025-04-22T02:36:13Z,3,hellyesxxx,food,2025-05-21T12:33:24.526996Z
modhvs2,1k4sdsc,reddit,Yum!!! 😃,2025-04-22T03:40:31Z,3,The_PACCAR_Kid,food,2025-05-21T12:33:24.527004Z
modqe9w,1k4sdsc,reddit,Having a Princess Bride moment,2025-04-22T04:42:21Z,2,rondpompon,food,2025-05-21T12:33:24.527012Z
mocmtc3,1k4sdsc,reddit,Looks divine,2025-04-22T00:33:25Z,2,mvillegas9,food,2025-05-21T12:33:24.527020Z
mq23vzw,1kcdx36,reddit,Git in my belly,2025-05-01T18:04:14Z,2,Nearby_Impact_8911,food,2025-05-21T12:33:25.524049Z
mq29g9p,1kcdx36,reddit,"Mmm, braised oxtail

![gif](giphy|12N4jTCSVRyKje)",2025-05-01T18:31:42Z,1,doc_birdman,food,2025-05-21T12:33:25.524062Z
mq3dnfa,1kcdx36,reddit,Yum,2025-05-01T21:49:24Z,1,SlammingMomma,food,2025-05-21T12:33:25.524070Z
mq514ju,1kcdx36,reddit,"Oxtail is just so flavorful and delicious when cooked well, makes me sad it's gone up so high in price. This looks fantastic Op.",2025-05-02T03:43:19Z,1,Usual_Phase5466,food,2025-05-21T12:33:25.524078Z
mq550qr,1kcdx36,reddit,Oxtail is the real for those who know,2025-05-02T04:11:24Z,1,diablitos,food,2025-05-21T12:33:25.524086Z
mq5g02a,1kcdx36,reddit,I have those same plates.,2025-05-02T05:42:19Z,1,stuffthingscats,food,2025-05-21T12:33:25.524094Z
mpu7k2l,1kbgrbd,reddit,This literally looks like the perfect plate!,2025-04-30T13:42:42Z,4,justsa_rah,food,2025-05-21T12:33:26.526555Z
mpvy7zb,1kbgrbd,reddit,Meatball recipe please 🙏🏼,2025-04-30T18:48:52Z,2,realdonbrown,food,2025-05-21T12:33:26.526582Z
mok30r5,1k5qk37,reddit,Looks good,2025-04-23T04:36:36Z,3,Secret-Marsupial8962,food,2025-05-21T12:33:27.533100Z
moknf9e,1k5qk37,reddit,[removed],2025-04-23T07:49:57Z,2,N/A,food,2025-05-21T12:33:27.533112Z
mokssw6,1k5qk37,reddit,Good job!,2025-04-23T08:48:20Z,2,Sweet-Consequence773,food,2025-05-21T12:33:27.533122Z
mol4vp7,1k5qk37,reddit,It looks great!!! 😁,2025-04-23T10:48:43Z,2,The_PACCAR_Kid,food,2025-05-21T12:33:27.533130Z
mol5gn8,1k5qk37,reddit,[removed],2025-04-23T10:53:33Z,2,N/A,food,2025-05-21T12:33:27.533137Z
moo6v64,1k5qk37,reddit,Yum!,2025-04-23T20:31:03Z,2,SlammingMomma,food,2025-05-21T12:33:27.533145Z
mowftpx,1k5qk37,reddit,Go into the process a bit?,2025-04-25T02:10:22Z,2,Adventurous-Leg8721,food,2025-05-21T12:33:27.533153Z
mspfu2o,1ko6sul,reddit,Dang that looks delicious!,2025-05-16T22:55:50Z,1,manbuzz85,food,2025-05-21T12:33:28.522517Z
mspwmz1,1ko6sul,reddit,"Damn, that looks so good!  Is the brisket from leftovers or purpose made for sandwiches?",2025-05-17T00:40:44Z,1,zm02581346,food,2025-05-21T12:33:28.522530Z
moi19db,1k5gmdh,reddit,"ohhhhh, yum! Is that sweet potato on top of the Asparagus? or carrots?",2025-04-22T21:17:44Z,2,Visible-Economics296,food,2025-05-21T12:33:29.480883Z
mok01t0,1k5gmdh,reddit,That’s perfect! The plate has everything I like.,2025-04-23T04:14:06Z,2,markbroncco,food,2025-05-21T12:33:29.480896Z
mohs5ls,1k5gmdh,reddit,"Load up that plate mate, looks damn good.",2025-04-22T20:32:11Z,2,Lost-Temperature7728,food,2025-05-21T12:33:29.480904Z
mslkwkh,1knrpep,reddit,I can feel my lips stinging from those jalapeños. Looks absolutely delicious!,2025-05-16T09:57:40Z,3,Gritty_Grits,food,2025-05-21T12:33:30.570151Z
msld8ej,1knrpep,reddit,That looks great. Give me 2 beers and I'll house that whole thing 😭,2025-05-16T08:39:17Z,2,InterestingGlass1733,food,2025-05-21T12:33:30.570163Z
msmt22p,1knrpep,reddit,"I'd need 40 Tums afterwards, but I'd love every minute.",2025-05-16T14:43:44Z,1,exjentric,food,2025-05-21T12:33:30.570171Z
msnbfc0,1knrpep,reddit,Looks great. I still need an antacid just looking at the pic though.,2025-05-16T16:12:56Z,1,crashmedic33,food,2025-05-21T12:33:30.570178Z
msnh659,1knrpep,reddit,Goated,2025-05-16T16:41:02Z,1,GoldenGouf,food,2025-05-21T12:33:30.570186Z
mspkeej,1knrpep,reddit,Holy moly,2025-05-16T23:24:31Z,1,Gammymajams,food,2025-05-21T12:33:30.570193Z
mrkufty,1kj9386,reddit,Those look amazing! What’s the recipe?,2025-05-10T12:28:39Z,2,CallSign_Axel,food,2025-05-21T12:33:31.607679Z
mrnqk50,1kj9386,reddit,Recipe please 🥨,2025-05-10T22:27:57Z,2,eric_b0x,food,2025-05-21T12:33:31.607691Z
mrnxeg6,1kj9386,reddit,"Nice stretch on the dough - mine always retracts and shrinks, so I’m impressed.

I end up making pretzel bites because I can make long rolls and just chop ‘em up.",2025-05-10T23:11:43Z,1,LeNomReal,food,2025-05-21T12:33:31.607698Z
mro1fy6,1kj9386,reddit,Yum 😋,2025-05-10T23:36:52Z,1,Pmagdalene_06,food,2025-05-21T12:33:31.607706Z
msj6m4l,1knjmkp,reddit,"Damn, I need this in my life. Looks so good!",2025-05-15T22:53:26Z,2,Cuban1P,food,2025-05-21T12:33:32.719347Z
msjbl2x,1knjmkp,reddit,Need the recipe pleasseee,2025-05-15T23:22:27Z,2,MagnumBlood,food,2025-05-21T12:33:32.719360Z
msjab04,1knjmkp,reddit,What cheese pairs well with rice?,2025-05-15T23:15:04Z,1,OrochiKarnov,food,2025-05-21T12:33:32.719369Z
mprnq9z,1kb3hhp,reddit,I love butter chicken and I love mac and cheese.. but combining the two sounds awful. How was it?,2025-04-30T01:44:26Z,20,inotocracy,food,2025-05-21T12:33:33.777527Z
mps2xex,1kb3hhp,reddit,Nice combination there. I never would have thought to combine butter chicken and mac and cheese. How was it?,2025-04-30T03:15:21Z,2,markbroncco,food,2025-05-21T12:33:33.777541Z
mps7lom,1kb3hhp,reddit,Butter chicken? Can you share the recipe you used.,2025-04-30T03:46:54Z,0,atemypasta,food,2025-05-21T12:33:33.777549Z
mprldl9,1kb3hhp,reddit,"im a food notzy, but I'd absolutely would crush this on a stoned night",2025-04-30T01:31:07Z,-7,DixieNorrmis,food,2025-05-21T12:33:33.777558Z
mprb19e,1kb3hhp,reddit,Food porn,2025-04-30T00:32:36Z,-4,Imaginary-Reserve558,food,2025-05-21T12:33:33.777567Z
mpsk9z4,1kb3hhp,reddit,Delicious!!! 😀,2025-04-30T05:24:16Z,-3,The_PACCAR_Kid,food,2025-05-21T12:33:33.777584Z
msxsw7t,1ko5nxg,reddit,looks good. love me some chicken,2025-05-18T11:30:07Z,1,Mammoth-Ad-107,food,2025-05-21T12:33:34.814770Z
mri80k7,1kityxa,reddit,"Extra spicy, a connoisseur I see",2025-05-09T23:42:09Z,2,F0lks_,food,2025-05-21T12:33:35.860099Z
mrifsb0,1kityxa,reddit,"Just curious, is there a lot of cheddar in your cheese mix?",2025-05-10T00:30:08Z,2,N/A,food,2025-05-21T12:33:35.860116Z
mryvgf5,1kityxa,reddit,Yumm,2025-05-12T19:47:22Z,1,Civil-Source-9790,food,2025-05-21T12:33:35.860128Z
mri2y1j,1kityxa,reddit,Trying adding cashews too. Seriously. It rules.,2025-05-09T23:11:55Z,1,KelVelBurgerGoon,food,2025-05-21T12:33:35.860139Z
mrho798,1kityxa,reddit,😋🤤😋,2025-05-09T21:45:22Z,0,RonLondonUK,food,2025-05-21T12:33:35.860151Z
mplgxgi,1kacv3i,reddit,One of my favourites - it looks fantastic 🙂,2025-04-29T02:52:01Z,2,The_PACCAR_Kid,food,2025-05-21T12:33:36.892764Z
mpmcl62,1kacv3i,reddit,Oh man! That crumbs looks really flakey and crispy! How much was it?,2025-04-29T07:00:11Z,1,markbroncco,food,2025-05-21T12:33:36.892776Z
mpbbo3z,1k94mel,reddit,Beautifully cooked eggs. I love making them with cheese like that also.,2025-04-27T14:05:08Z,7,EitherCoyote660,food,2025-05-21T12:33:37.935333Z
mpbucq0,1k94mel,reddit,Looks so nice and fluffy...and with cheese...yummy.,2025-04-27T15:45:02Z,2,My_Hotwife_Journey,food,2025-05-21T12:33:37.935346Z
mpebag2,1k94mel,reddit,My favourite 😁,2025-04-27T23:30:37Z,1,The_PACCAR_Kid,food,2025-05-21T12:33:37.935356Z
mouz1wm,1k70ovh,reddit,Looks so good!,2025-04-24T21:17:13Z,1,LordNica,food,2025-05-21T12:33:38.979071Z
moxbn0n,1k70ovh,reddit,what're those white balls with sauce on top ?,2025-04-25T05:53:23Z,1,bezalil,food,2025-05-21T12:33:38.979084Z
mrg2h70,1kin253,reddit,Is that a biscuit as the cake??,2025-05-09T16:48:24Z,7,Lightbringer_I_R,food,2025-05-21T12:33:39.976870Z
mrzcdqj,1kin253,reddit,Now that’s what I’m talking about,2025-05-12T21:12:21Z,1,Civil-Source-9790,food,2025-05-21T12:33:39.976882Z
mrguhzd,1kin253,reddit,Thank you for actual shortcake instead of all the layer cakes I’ve been seeing.,2025-05-09T19:09:34Z,1,Debunia,food,2025-05-21T12:33:39.976891Z
mph6h43,1k9nqq1,reddit,When the normal white person taco just isn’t white enough: bake it. Lolz,2025-04-28T13:07:27Z,72,carnieman5k,food,2025-05-21T12:33:41.065044Z
mpgugw6,1k9nqq1,reddit,Isn’t this basically a quesadilla?,2025-04-28T11:47:09Z,26,Mattynicklin,food,2025-05-21T12:33:41.065056Z
mpfsw6j,1k9nqq1,reddit,Looks amazing but I can’t unsee the face in that middle taco lol,2025-04-28T05:35:40Z,26,tuscanhoney123,food,2025-05-21T12:33:41.065065Z
mpgttru,1k9nqq1,reddit,[removed],2025-04-28T11:42:22Z,8,N/A,food,2025-05-21T12:33:41.065073Z
mpi556p,1k9nqq1,reddit,I’m pretty sure this is a hello fresh recipe,2025-04-28T16:10:20Z,2,Mcmilldog996,food,2025-05-21T12:33:41.065080Z
mphuqpz,1k9nqq1,reddit,Quesitacos,2025-04-28T15:18:49Z,2,Novemberai,food,2025-05-21T12:33:41.065088Z
mpjmxn8,1k9nqq1,reddit,Nice placement.  A bit dry.,2025-04-28T20:36:16Z,1,ChicGangsta,food,2025-05-21T12:33:41.065096Z
mpfz038,1k9nqq1,reddit,"Looks like a nice healthier version of a taco dorado.

I would crush these in an air fryer for that extra crunch.",2025-04-28T06:34:34Z,1,Buddha_Panda,food,2025-05-21T12:33:41.065105Z
mpfrc5o,1k9nqq1,reddit,What all is in them? They look yummy!,2025-04-28T05:21:40Z,-1,AnAppleBee,food,2025-05-21T12:33:41.065113Z
mozqk1e,1k7os06,reddit,Fuck yeah!,2025-04-25T16:14:04Z,3,the1ice9,food,2025-05-21T12:33:42.132075Z
mozuvlk,1k7os06,reddit,Omg that looks so fucking good,2025-04-25T16:35:14Z,3,anonymoushrek,food,2025-05-21T12:33:42.132088Z
mp0446w,1k7os06,reddit,Hell yes. I’d eat that all day long,2025-04-25T17:19:14Z,3,Major_Replacement905,food,2025-05-21T12:33:42.132096Z
mozvyhx,1k7os06,reddit,Finished in the oven or reverse sear?,2025-04-25T16:40:28Z,2,hedbngr,food,2025-05-21T12:33:42.132104Z
mp0g9v1,1k7os06,reddit,Perfect,2025-04-25T18:17:17Z,2,gdfingperfect,food,2025-05-21T12:33:42.132111Z
mozwd2d,1k7os06,reddit,**What is the doneness of this steak?**,2025-04-25T16:42:25Z,1,RobertLJenkins,food,2025-05-21T12:33:42.132119Z
mob0sit,1k4h2j5,reddit,Mmmm,2025-04-21T19:23:46Z,3,shaky_sharks5587,food,2025-05-21T12:33:43.200622Z
modue0c,1k4h2j5,reddit,A homemade cold cut sandwich just hits differently. Nice!,2025-04-22T05:15:06Z,2,SkrappleDapple,food,2025-05-21T12:33:43.200635Z
mof0vid,1k4h2j5,reddit,Perfect except thickness of cold cuts.  Razor thin is the way!  But that's just my opinion... Also what kind of knife cut that a razor blade?  The slice is flawless!  lol,2025-04-22T12:02:48Z,2,jfarver76,food,2025-05-21T12:33:43.200643Z
mo9wsyj,1k4h2j5,reddit,"This looks amazing — nothing beats a homemade cold cut! Was it hard to make or do you have a secret technique? Either way, I’m hungry just looking at it!",2025-04-21T16:07:47Z,0,Zealousideal-Half352,food,2025-05-21T12:33:43.200651Z
moalq83,1k4h2j5,reddit,This sandwich is so pleasing to look at!! The colors. Wow,2025-04-21T18:09:35Z,1,Total_Maximum2399,food,2025-05-21T12:33:43.200658Z
msj4qeo,1knlge0,reddit,The brisket looks incredible.,2025-05-15T22:42:12Z,5,brokenshells,food,2025-05-21T12:33:45.139943Z
msk68rq,1knlge0,reddit,https://preview.redd.it/6doww6kf221f1.jpeg?width=1179&format=pjpg&auto=webp&s=eee27c44241100fa8a8ad7d4355e5857b2c87df2,2025-05-16T02:31:41Z,3,doc_birdman,food,2025-05-21T12:33:45.139957Z
msmpebm,1knlge0,reddit,I think this pic is making me wet,2025-05-16T14:25:28Z,2,justsa_rah,food,2025-05-21T12:33:45.139967Z
ms6tkph,1km14qn,reddit,Jesus! 🙏 Take me now!,2025-05-14T00:35:15Z,4,aendic02,food,2025-05-21T12:33:46.107119Z
moox3fm,1k6bvr8,reddit,"I made a similar thing with capers and olives added to that. The recipe was called snapper Veracruz. There are many recipes online by that name, and I don't remember which one I used. It was delicious.",2025-04-23T22:47:13Z,4,the-year-is-2038,food,2025-05-21T12:33:47.183451Z
moprq77,1k6bvr8,reddit,Looks yummy and thanks for sharing! Please share the steps...,2025-04-24T01:41:56Z,3,Ivor_the_1st,food,2025-05-21T12:33:47.183466Z
moosjfz,1k6bvr8,reddit,We call it Chillo here. Damn it is lovely deep fried whole. With beer obviously.,2025-04-23T22:21:46Z,2,Stimmers,food,2025-05-21T12:33:47.183475Z
moot5ha,1k6bvr8,reddit,this looks so delish,2025-04-23T22:25:10Z,2,hhempstead,food,2025-05-21T12:33:47.183483Z
moovkm5,1k6bvr8,reddit,Looks good and that’s a pretty cute plate!,2025-04-23T22:38:44Z,2,N/A,food,2025-05-21T12:33:47.183491Z
mohgtp3,1k5f8zv,reddit,How do you do the decorating mine is always way to fluid?,2025-04-22T19:36:43Z,3,Advanced_Chest743,food,2025-05-21T12:33:48.262402Z
moi82n2,1k5f8zv,reddit,it looks yum!,2025-04-22T21:53:12Z,1,ashkantalentpop,food,2025-05-21T12:33:48.262416Z
mpy84vf,1kbwvf6,reddit,"My absolute favorite, looks fantastic OP great job!",2025-05-01T02:05:57Z,4,szerdarino,food,2025-05-21T12:33:49.337917Z
mpy27z6,1kbwvf6,reddit,First time ? No way 😂. Looks yummy,2025-05-01T01:31:43Z,2,WillyValentine,food,2025-05-21T12:33:49.337929Z
mpyns2e,1kbwvf6,reddit,Looks delicious. Well done.,2025-05-01T03:45:17Z,2,SkrappleDapple,food,2025-05-21T12:33:49.337937Z
mpyockz,1kbwvf6,reddit,Looks really delicious!,2025-05-01T03:49:24Z,2,MoJaviGordon,food,2025-05-21T12:33:49.337945Z
mpytrx4,1kbwvf6,reddit,So proper...well done,2025-05-01T04:29:12Z,2,DingoOverall7770,food,2025-05-21T12:33:49.337953Z
mq0cu6p,1kbwvf6,reddit,Did you use sour orange or a regular one during your reduction ? Also pork butt or shoulder? I throw in some garlic during the reduction process.,2025-05-01T12:44:39Z,2,tryingsomthingnew,food,2025-05-21T12:33:49.337961Z
mq52z1e,1kbwvf6,reddit,Yum,2025-05-02T03:56:20Z,1,SlammingMomma,food,2025-05-21T12:33:49.337969Z
mpyn3q1,1kbwvf6,reddit,"That looks too good, I need a bite now.",2025-05-01T03:40:31Z,1,barbour1985,food,2025-05-21T12:33:49.337977Z
mpnwlf1,1kaormd,reddit,So agree.,2025-04-29T14:20:49Z,1,My_Hotwife_Journey,food,2025-05-21T12:33:50.408960Z
mpnvbsd,1kaormd,reddit,😋,2025-04-29T14:14:25Z,0,alexsaddam,food,2025-05-21T12:33:50.408973Z
mp34vu7,1k837oa,reddit,That’s an incredible looking plate.  Tell me more about the gremolata?,2025-04-26T03:11:55Z,3,Single_Helix,food,2025-05-21T12:33:51.439631Z
mpfc0am,1k9i1gy,reddit,"I love pistachios and sea bass, but I've never had them together like your picture. How'd it taste?",2025-04-28T03:20:35Z,3,SkrappleDapple,food,2025-05-21T12:33:52.485446Z
mp97vku,1k8swfl,reddit,Happy for you,2025-04-27T03:15:02Z,1,oriell,food,2025-05-21T12:33:53.569197Z
mp99m9e,1k8swfl,reddit,No dip?,2025-04-27T03:27:10Z,1,slowerlearner1212,food,2025-05-21T12:33:53.569209Z
mp9gwig,1k8swfl,reddit,love ORs. are those panko breaded? did you do a buttermilk soak or a flour egg crumb station? ive always had difficulty with crumbed onion rings. battered are easier for me.,2025-04-27T04:21:25Z,1,jaxon12345,food,2025-05-21T12:33:53.569217Z
mp9knka,1k8swfl,reddit,👍🏼,2025-04-27T04:51:46Z,1,autalley,food,2025-05-21T12:33:53.569225Z
mp9exf7,1k8swfl,reddit,Looks good. Would tear them up,2025-04-27T04:06:06Z,1,beastwithin379,food,2025-05-21T12:33:53.569233Z
mp90rtr,1k8swfl,reddit,Uhh ok.,2025-04-27T02:27:00Z,-5,withagrainofsalt1,food,2025-05-21T12:33:53.569241Z
msf0pvz,1kn33zq,reddit,Was it cheese and hot dog? Or just cheese? I’ve always wanted to try a Korean corn dog.,2025-05-15T08:38:10Z,3,awkwardpuns,food,2025-05-21T12:33:54.690805Z
msf1223,1kn33zq,reddit,I like,2025-05-15T08:41:45Z,1,emartinezzea,food,2025-05-21T12:33:54.690818Z
msf4k4i,1kn33zq,reddit,They also have one with potato pieces stuck in the batter I think. We went back for another one.,2025-05-15T09:19:09Z,1,khanjhar,food,2025-05-21T12:33:54.690826Z
mrpf6wl,1kjr2dc,reddit,Oohh where's the kawali sauce??,2025-05-11T05:30:00Z,1,ButterSlickness,food,2025-05-21T12:33:55.728686Z
mr18gv0,1kgfsz1,reddit,Droool,2025-05-07T08:45:15Z,2,shaky_sharks5587,food,2025-05-21T12:33:56.714320Z
mqcwqzd,1kdjzdm,reddit,I can’t say I’ve ever seen dill on pasta I need to try that. Looks yummy.,2025-05-03T12:05:44Z,2,ifjake,food,2025-05-21T12:33:58.068464Z
mpw274c,1kbgyfg,reddit,"OK, but what happens if you say that name 2 more times?",2025-04-30T19:08:39Z,3,charface1,food,2025-05-21T12:33:59.130243Z
mpu96oq,1kbgyfg,reddit,Beautiful,2025-04-30T13:51:26Z,1,JambonAlpha,food,2025-05-21T12:33:59.130256Z
mpvl5hy,1kbgyfg,reddit,"They look great, good job !",2025-04-30T17:45:56Z,1,Grichnak,food,2025-05-21T12:33:59.130264Z
mpwjfuq,1kbgyfg,reddit,Beautiful😍,2025-04-30T20:32:33Z,1,No_University_3480,food,2025-05-21T12:33:59.130273Z
mt3xw53,1kq9v75,reddit,what kind of meat did you used? beef or pork?,2025-05-19T12:11:59Z,2,TrainingVapid7507,food,2025-05-21T12:34:00.678444Z
mt5bowp,1kq9v75,reddit,"Oohh, I'm loving the colors!",2025-05-19T16:42:20Z,2,ButterSlickness,food,2025-05-21T12:34:00.678463Z
mpqwq2f,1kb1lk6,reddit,I can taste it. I know its good.,2025-04-29T23:12:33Z,3,imf4rds,food,2025-05-21T12:34:01.723305Z
mpqwpfb,1kb1lk6,reddit,I was unfamiliar with the dish so I looked it up. It looks and sounds delicious!,2025-04-29T23:12:27Z,2,keyser_durden,food,2025-05-21T12:34:01.723317Z
mpu9ubk,1kb1lk6,reddit,"yum, I could eat this every week",2025-04-30T13:54:55Z,2,jim_deneke,food,2025-05-21T12:34:01.723326Z
mq310zk,1kb1lk6,reddit,Yep that’s a tasty pic,2025-05-01T20:45:16Z,1,sophiamaronia1,food,2025-05-21T12:34:01.723334Z
mop1yps,1k6cmmu,reddit,"You mean Deep Fried Ragout balls, can contain meat.",2025-04-23T23:14:03Z,18,Freeflux,food,2025-05-21T12:34:02.805789Z
moowcm1,1k6cmmu,reddit,And what's the dipping sauce consist of? It all looks wonderful!,2025-04-23T22:43:05Z,6,startedoveragain,food,2025-05-21T12:34:02.805807Z
mopmz88,1k6cmmu,reddit,"Before my grandfather passed, he made these for all our family reunions. So delicious.",2025-04-24T01:14:05Z,4,mrfluffypenguin,food,2025-05-21T12:34:02.805821Z
mor4bmk,1k6cmmu,reddit,"Not really meatballs in the sense of minced meat rolled into balls.

It’s ragout with small cubes of beef, deep fried with a batter crust",2025-04-24T07:52:28Z,2,__Emer__,food,2025-05-21T12:34:02.805836Z
mordeje,1k6cmmu,reddit,Look wonderful and tasty until you bite into them and get 3rd degree burns in your mouth.,2025-04-24T09:28:36Z,2,thefroglover,food,2025-05-21T12:34:02.805844Z
moxkxnc,1k6cmmu,reddit,"Bitterballen are simply the best bar snack, hands down",2025-04-25T07:23:38Z,2,euzie,food,2025-05-21T12:34:02.805851Z
moq1dy0,1k6cmmu,reddit,"NGL, when scrolling by, I thought it was galub jamun, an indian dessert and it took me a few seconds to accept they're meatballs.",2025-04-24T02:38:36Z,0,Wishilikedhugs,food,2025-05-21T12:34:02.805859Z
mob9cx0,1k4m4me,reddit,"I think your title meant to say, Chicken Fingers and a waffle.",2025-04-21T20:06:18Z,17,L00kAdistraction,food,2025-05-21T12:34:04.352081Z
mobbo6d,1k4m4me,reddit,"Either Tiny chicken, or a huge Waffle!",2025-04-21T20:17:55Z,2,CornPuddinPops,food,2025-05-21T12:34:04.352094Z
modsenb,1k4m4me,reddit,technically true i suppose.,2025-04-22T04:58:44Z,2,ult_frisbee_chad,food,2025-05-21T12:34:04.352102Z
moe743p,1k4m4me,reddit,I prefer waffles with fruits but sounds interesting,2025-04-22T07:19:08Z,2,Advanced_Chest743,food,2025-05-21T12:34:04.352110Z
mocjovl,1k4m4me,reddit,"Tried it once at home and it was a mediocre combo. A waffle is on the dry side, so fruit and/or ice cream goes better with it. ",2025-04-22T00:15:14Z,1,ImperialPC,food,2025-05-21T12:34:04.352118Z
mo84358,1k47kpu,reddit,ITS NOT THE CLAMS!!!,2025-04-21T08:21:41Z,1,mtheory007,food,2025-05-21T12:34:05.362814Z
mo9brp7,1k47kpu,reddit,Yes please!,2025-04-21T14:07:53Z,1,TheFlyingTortellini,food,2025-05-21T12:34:05.362828Z
mt26o3x,1kq0g7c,reddit,Looks restaurant quality to me,2025-05-19T02:45:22Z,4,CuriousSteaks,food,2025-05-21T12:34:06.364265Z
mt2iwop,1kq0g7c,reddit,Sage *Persimmon* butter??! I am intrigued. Must try. This looks amazing.,2025-05-19T04:16:37Z,3,taliesinsmuse,food,2025-05-21T12:34:06.364278Z
mt20olm,1kq0g7c,reddit,Looks amazing!,2025-05-19T02:06:55Z,2,IronUncle,food,2025-05-21T12:34:06.364286Z
mt2qs7r,1kq0g7c,reddit,Looks delicious! That is some thicc asparagus,2025-05-19T05:24:37Z,2,HelloKatie888,food,2025-05-21T12:34:06.364294Z
mrq1ez0,1kjwimm,reddit,"Looks fantastic, nicely done.",2025-05-11T09:15:27Z,2,SonofAsti,food,2025-05-21T12:34:07.452951Z
mrtn45r,1kjwimm,reddit,"Definitely my kind of burger. A good balance between meat, veggies, and bread.",2025-05-11T22:40:24Z,2,americanmuscle1988,food,2025-05-21T12:34:07.452964Z
mrc7p05,1khba7z,reddit,Drool,2025-05-09T00:16:47Z,1,0ceanshore,food,2025-05-21T12:34:08.520047Z
mrcp3p6,1khba7z,reddit,"I like sandwiches. I wish more restaurants would offer sandwiches on their menu. Easy and simple, yes I can make them home, I don't care, at the pub, drinking a beer for lunch and open the menu? Nope, not even a single simple sandwich in there. Always with the sea insects or tartars or other random standard bs like burgers and pasta or complicated stuff. Me? Just want a sandwich. Simple man, simple sandwich.

Thank you stranger. I like your sandwiches and wraps.",2025-05-09T02:04:36Z,1,Bees_to_the_wall,food,2025-05-21T12:34:08.520060Z
mrebo4r,1khba7z,reddit,"Those sandwiches look worth dying for, absolutely perfect ratios.",2025-05-09T10:40:56Z,1,Scottywin,food,2025-05-21T12:34:08.520068Z
mt2j2tn,1kpvzr2,reddit,[removed],2025-05-19T04:18:00Z,1,N/A,food,2025-05-21T12:34:09.679302Z
mt5q7qw,1kpvzr2,reddit,Looks like a Torta bro,2025-05-19T17:51:51Z,0,spamshannon,food,2025-05-21T12:34:09.679316Z
msbtd5v,1kmon2c,reddit,Trout will always make me think of Parent Trap.,2025-05-14T19:53:45Z,6,hamster_savant,food,2025-05-21T12:34:10.730962Z
msbtdo3,1kmon2c,reddit,So you did! And I bet it was delicious,2025-05-14T19:53:49Z,4,Majorjim_ksp,food,2025-05-21T12:34:10.730975Z
msbu6li,1kmon2c,reddit,look yummy,2025-05-14T19:57:42Z,3,Still_Tell_2707,food,2025-05-21T12:34:10.730984Z
mqk9fnn,1kenida,reddit,I don’t know what Done whip is but it looks amazing.,2025-05-04T16:53:33Z,26,BingoxBronson,food,2025-05-21T12:34:11.833461Z
mqmfnyy,1kenida,reddit,"If I had that, it'd be done like dinner",2025-05-04T23:50:29Z,1,Chyvalri,food,2025-05-21T12:34:11.833472Z
mqnc2as,1kenida,reddit,Guess I'll be going to Bo's tomorrow 😮‍💨,2025-05-05T03:10:01Z,1,Ok_Bit_5953,food,2025-05-21T12:34:11.833481Z
mqlfgkn,1kenida,reddit,Geeyawd i love me some dole whilp,2025-05-04T20:28:56Z,1,howelltight,food,2025-05-21T12:34:11.833490Z
mql6itx,1kenida,reddit,Looks tasty. Is that the orange one from Florida?,2025-05-04T19:42:17Z,1,ButterSlickness,food,2025-05-21T12:34:11.833498Z
mqkafw7,1kenida,reddit,Yeah i could easily eat that,2025-05-04T16:58:32Z,-6,yesboss13,food,2025-05-21T12:34:11.833506Z
movmcqd,1k760s0,reddit,Bark looks bomb :) but meat looks dry :(,2025-04-24T23:23:58Z,45,forgotwhatiremember,food,2025-05-21T12:34:12.941881Z
mowaddt,1k760s0,reddit,"When you fuck up this bad drying it out, the trick is to to simmer 2-3 finely diced yellow or orange bells with some garlic. Drown with some veg stock to deglaze and marry, then simmer in whatever seasonings you need to make it come together and overpower the acrid taste. A little oregano and msg goes a long way. Leave it soupy and mix in for the pull.",2025-04-25T01:39:43Z,14,reversehypocrit,food,2025-05-21T12:34:12.941894Z
movmoxt,1k760s0,reddit,Looks like a burnt octopus head,2025-04-24T23:25:52Z,10,postmanpat2323,food,2025-05-21T12:34:12.941903Z
moyuouh,1k760s0,reddit,"I saw the picture and thought, poor guy must have forgot it on the smoker, but I don't want to post negative comment. But I see everybody already did. So, yea, that's ruined. 

  
But I bet the next time you do one it will be fantastic!",2025-04-25T13:35:40Z,3,General_Disaray_1974,food,2025-05-21T12:34:12.941910Z
movko75,1k760s0,reddit,Great bark,2025-04-24T23:14:40Z,1,bigwiz,food,2025-05-21T12:34:12.941921Z
mow6c9o,1k760s0,reddit,Can i have some,2025-04-25T01:16:55Z,-1,Shoe-factory101,food,2025-05-21T12:34:12.941929Z
mow9tsd,1k760s0,reddit,Lovely! Hope it was as yummy as it looks!,2025-04-25T01:36:44Z,-3,Amadeus_1978,food,2025-05-21T12:34:12.941937Z
mq5bj7b,1kckacf,reddit,White rice in a bean and cheese burrito? Hmm...,2025-05-02T05:03:04Z,4,jjason82,food,2025-05-21T12:34:15.841625Z
mq3c9yp,1kckacf,reddit,Put some cilantro in that rice!,2025-05-01T21:42:08Z,2,Eastiegirl333,food,2025-05-21T12:34:15.841635Z
ms1sykw,1kldhdt,reddit,"Golly, that's gorgeous. Makes me crave mango.",2025-05-13T06:35:16Z,2,ButterSlickness,food,2025-05-21T12:34:17.202986Z
ms2rqc5,1kldhdt,reddit,Yummy 😋,2025-05-13T11:57:56Z,2,Pmagdalene_06,food,2025-05-21T12:34:17.202998Z
ms5zshl,1kldhdt,reddit,Wow it looks great and I'm sure it tastes amazing,2025-05-13T21:46:24Z,1,Master-Bullfrog9233,food,2025-05-21T12:34:17.203006Z
moyvlkc,1k7ktnp,reddit,Thought the Mac was spilling onto the sheets at first,2025-04-25T13:40:38Z,11,hambie,food,2025-05-21T12:34:18.744428Z
moz21o2,1k7ktnp,reddit,Those beans look incredible. They would surely give me hot farts for a week because I’d eat a quart a day until they’re gone.,2025-04-25T14:14:32Z,3,Ok-Arachnid-1246,food,2025-05-21T12:34:18.744440Z
moz3nxz,1k7ktnp,reddit,If you fed me that I’d let you do whatever you want to me,2025-04-25T14:22:40Z,4,legendarygap,food,2025-05-21T12:34:18.744448Z
mp65vy6,1k7ktnp,reddit,Mac & cheese recipe?? 👀👀,2025-04-26T16:44:34Z,3,dogwitheyebrows,food,2025-05-21T12:34:18.744456Z
moyu1ft,1k7ktnp,reddit,Recipe?,2025-04-25T13:32:02Z,3,mvillegas9,food,2025-05-21T12:34:18.744464Z
mp1u7co,1k7ktnp,reddit,"Beans with ground beef, you mean chili?",2025-04-25T22:35:47Z,3,stevencastle,food,2025-05-21T12:34:18.744471Z
mo7nc21,1k44c5o,reddit,Looks good! How was it?,2025-04-21T05:27:28Z,2,SkrappleDapple,food,2025-05-21T12:34:19.704748Z
mt1mieb,1kpyvqi,reddit,Looks tasty!!,2025-05-19T00:38:28Z,5,Rude-Comedian5759,food,2025-05-21T12:34:21.141393Z
mt2hzlu,1kpyvqi,reddit,Nommmm. Good job.,2025-05-19T04:09:09Z,2,Missylaine,food,2025-05-21T12:34:21.141406Z
mt5udo2,1kpyvqi,reddit,"This looks so good!!

Thanks for posting the steps, I will try it out for sure!",2025-05-19T18:11:53Z,2,nippletwisterrr,food,2025-05-21T12:34:21.141414Z
mpqfm69,1kawd2f,reddit,That looks great. Would definitely eat. Love the hot sauces.,2025-04-29T21:39:29Z,2,SkrappleDapple,food,2025-05-21T12:34:23.342208Z
mpr2wvc,1kawd2f,reddit,"It's gorgeous, it looks great, it invites you to eat it, it must be really good",2025-04-29T23:46:51Z,2,Timely_Aide_2711,food,2025-05-21T12:34:23.342220Z
mptd3k7,1kawd2f,reddit,As always looks delicious! Love your food choices,2025-04-30T10:14:44Z,1,manbuzz85,food,2025-05-21T12:34:23.342228Z
mo92chq,1k4cphk,reddit,Love a sauce vierge!,2025-04-21T13:13:12Z,2,unplugged89,food,2025-05-21T12:34:24.931510Z
mo9fmi2,1k4cphk,reddit,"My wife makes this with arctic char (I don't really care for salmon).  It is excellent, but looks a bit different than yours.  What do you put in your sauce?  Are those kalamata olives in there?  Thanks in advance!",2025-04-21T14:28:14Z,2,regnak1,food,2025-05-21T12:34:24.931522Z
mobrlou,1k4cphk,reddit,Looks delicious! 😋,2025-04-21T21:37:47Z,1,Anthony-Andriolo,food,2025-05-21T12:34:24.931531Z
mp02ru5,1k4cphk,reddit,Excellent. Very well done. Looks great!,2025-04-25T17:12:51Z,1,Alive-Potato9184,food,2025-05-21T12:34:24.931538Z
mrkl23w,1kj7ead,reddit,Chikky nuggies wit SAUS,2025-05-10T11:15:57Z,59,Sonotmethen,food,2025-05-21T12:34:25.988993Z
mrl1tgk,1kj7ead,reddit,"You know, fair play to make them vaguely resemble wings",2025-05-10T13:17:33Z,7,DRJT,food,2025-05-21T12:34:25.989007Z
mrks4ml,1kj7ead,reddit,Those are chicken nuggets,2025-05-10T12:12:03Z,0,Bondaddyjr,food,2025-05-21T12:34:25.989015Z
mrkrf8f,1kj7ead,reddit,"I have a stomach bug rn, and looking at this makes me soo hungry. 🥲",2025-05-10T12:06:49Z,1,RedditBot28,food,2025-05-21T12:34:25.989026Z
mrl8od3,1kj7ead,reddit,Yummyy! 🥹,2025-05-10T13:59:47Z,0,VegetableLopsided85,food,2025-05-21T12:34:25.989034Z
mrlexcs,1kj7ead,reddit,"Those are fritters, but good sauce choice 👌",2025-05-10T14:35:47Z,-12,TurboPikachu,food,2025-05-21T12:34:25.989041Z
mr2m2gw,1kgo06r,reddit,How do people actually watch that guy?,2025-05-07T14:36:03Z,9,tallonfive,food,2025-05-21T12:34:27.009826Z
mr0i58q,1kgo06r,reddit,[removed],2025-05-07T04:33:32Z,6,N/A,food,2025-05-21T12:34:27.009839Z
mr131ft,1kgo06r,reddit,That looks better than anything I've eaten today.,2025-05-07T07:47:18Z,4,barbour1985,food,2025-05-21T12:34:27.009847Z
mr1tmoo,1kgo06r,reddit,Did you make the cheese sauce from scratch?,2025-05-07T11:53:16Z,2,ruinyourjokes,food,2025-05-21T12:34:27.009855Z
mr0u706,1kgo06r,reddit,"This food looks amazing, I want to try it.",2025-05-07T06:18:25Z,1,Tetra546,food,2025-05-21T12:34:27.009863Z
mr1hzbz,1kgo06r,reddit,Oh yes,2025-05-07T10:22:19Z,1,masterhoots,food,2025-05-21T12:34:27.009871Z
mr94ccr,1kgo06r,reddit,Food looks great! Your choice in content is braindead nonsense.,2025-05-08T14:44:47Z,0,Ok_View_5526,food,2025-05-21T12:34:27.009879Z
mr0x0sg,1kgo06r,reddit,Asmongold approved,2025-05-07T06:45:58Z,-35,lordjmann,food,2025-05-21T12:34:27.009886Z
mr10642,1kgo06r,reddit,I see the bald one and I upvote,2025-05-07T07:17:20Z,-31,Orkhand,food,2025-05-21T12:34:27.009894Z
mq7xxxp,1kd27t2,reddit,Share the recipe? I can't seem to find a lot of agreement on what's actually in peri peri. I've been alternating a few recipes and making tweaks but am curious what you're using.,2025-05-02T16:19:55Z,1,book_book,food,2025-05-21T12:34:28.300173Z
mq2rfvz,1kcchad,reddit,"Whoa, nice. I’ve never had a homemade one. looks amazing and way better than any I have had.",2025-05-01T19:59:15Z,3,ghoulishgirl,food,2025-05-21T12:34:29.685834Z
mq1gu7h,1kcchad,reddit,Never heard of this but I would eat it so fast,2025-05-01T16:13:17Z,2,DarthD0nut,food,2025-05-21T12:34:29.685846Z
mq6m4t4,1kcchad,reddit,"Looks yummy, but that's not a croque Madame to me. Here they add tomato slices to make it a Madame, no egg...",2025-05-02T12:12:05Z,1,wanrow,food,2025-05-21T12:34:29.685855Z
mpnkwbg,1kaneex,reddit,Absolute masterpiece.,2025-04-29T13:18:14Z,0,recongal42,food,2025-05-21T12:34:30.690556Z
mpik37v,1ka06pw,reddit,Looks yummy!,2025-04-28T17:23:28Z,2,Flying-Citrus356,food,2025-05-21T12:34:31.650038Z
mpil3c4,1ka06pw,reddit,With some bia,2025-04-28T17:28:14Z,2,Jonsnoosnooze,food,2025-05-21T12:34:31.650050Z
mojf4oy,1k5nmtd,reddit,YUMMY! i want some!!!,2025-04-23T01:58:23Z,2,lostforwordstbh,food,2025-05-21T12:34:32.690447Z
mokgkcz,1k5nmtd,reddit,I love bearnaise sauce! Perfect to eat with the roast chicken and potatoes.,2025-04-23T06:38:42Z,2,markbroncco,food,2025-05-21T12:34:32.690460Z
mr5qxck,1khauxv,reddit,"Hey we made a similar dish last night

https://preview.redd.it/f21n21jl7gze1.jpeg?width=4284&format=pjpg&auto=webp&s=0bfa0770aef4f818ac31b884b74039a5764491a6",2025-05-07T23:57:21Z,37,ASUS_USUS_WEALLSUS,food,2025-05-21T12:34:33.989487Z
mr6aogb,1khauxv,reddit,You can peel the biscuits into halves or even thirds and cover the entire surface,2025-05-08T01:51:31Z,10,rpadilla388,food,2025-05-21T12:34:33.989500Z
mr5inon,1khauxv,reddit,This is like reversed chicken vol-au-vents,2025-05-07T23:10:49Z,8,Irr3l3ph4nt,food,2025-05-21T12:34:33.989509Z
mr62qf7,1khauxv,reddit,Egg wash the biscuits with the yolks next time. You'll thank me later.,2025-05-08T01:06:53Z,6,rorschach2,food,2025-05-21T12:34:33.989516Z
mr5oxc6,1khauxv,reddit,Honestly a crispy biscuit is so good!,2025-05-07T23:45:51Z,5,Samtoast,food,2025-05-21T12:34:33.989524Z
mr5pgh2,1khauxv,reddit,"Oh you should have flipped them over, then put it back in the over for a few minutes let the juice soak up into the toast and hide the same. And no one would have noticed/ cared",2025-05-07T23:48:54Z,8,Lifesamitch957,food,2025-05-21T12:34:33.989532Z
mr6fo87,1khauxv,reddit,Try it with Red Lobster cheddar biscuits next time.,2025-05-08T02:20:49Z,3,voldemort092,food,2025-05-21T12:34:33.989540Z
mr5kwat,1khauxv,reddit,Yummy,2025-05-07T23:23:20Z,2,Real_Dimension4765,food,2025-05-21T12:34:33.989548Z
mr65pmc,1khauxv,reddit,Toasty,2025-05-08T01:23:58Z,2,username1753827,food,2025-05-21T12:34:33.989556Z
mr6i3gm,1khauxv,reddit,That looks delicious. I love biscuits too.,2025-05-08T02:35:46Z,2,HollowedOutMan,food,2025-05-21T12:34:33.989564Z
mr5fa3x,1khauxv,reddit,look yum i need it i my table,2025-05-07T22:51:26Z,2,VermicelliCreepy2374,food,2025-05-21T12:34:33.989580Z
mr64h2k,1khauxv,reddit,I'm gonna show this to people who say the Midwest has no culture,2025-05-08T01:16:53Z,3,TheFirstHumanChild,food,2025-05-21T12:34:33.989588Z
mr7zq8o,1khauxv,reddit,How can you say homemade when the top half you cheated on. Also I’d say pass to this. Homemade crust isn’t beatable,2025-05-08T10:33:49Z,-5,AshenHunter42,food,2025-05-21T12:34:33.989596Z
mqx6h5f,1kg9tpl,reddit,"Those look droolingly amazing. The name is deeply off putting to me, tho.",2025-05-06T17:42:11Z,5,Gogogrl,food,2025-05-21T12:34:35.303999Z
mqx89mi,1kg9tpl,reddit,Loving it…,2025-05-06T17:50:35Z,1,Major_Replacement905,food,2025-05-21T12:34:35.304013Z
mr07evf,1kg9tpl,reddit,"these are becoming oddly popular all the sudden, is there any advantage to prepping the drumstick this way? Cooks more evenly, stays jucier, easier to eat? or just looks",2025-05-07T03:17:39Z,1,plmbob,food,2025-05-21T12:34:35.304022Z
mp61c3e,1k8fp0b,reddit,Nice! Where it is?,2025-04-26T16:20:31Z,2,kama3ob33,food,2025-05-21T12:34:36.837016Z
mp6fy6k,1k8fp0b,reddit,Do they put the jelly inside?,2025-04-26T17:35:41Z,2,Lots_Of_Bar,food,2025-05-21T12:34:36.837028Z
mr5zw7o,1khdebq,reddit,"If anyone would like my recipe for the shells, just let me know and I will post it here :) I've been meticulously perfecting it for a while now and feel I've got it pretty much where I'd like it to be",2025-05-08T00:50:17Z,8,PuddingSad2487,food,2025-05-21T12:34:37.876859Z
mratdg4,1khdebq,reddit,![gif](giphy|3o7bu4ZLGQTSBRJIBi|downsized),2025-05-08T19:41:43Z,2,Short_Restaurant_268,food,2025-05-21T12:34:37.876878Z
msajtit,1kmizid,reddit,Looks good!,2025-05-14T16:15:28Z,1,sweetbabypaw,food,2025-05-21T12:34:40.295149Z
mschmh6,1kmizid,reddit,"Looks great. What sauce, please?",2025-05-14T21:56:48Z,1,agroundhere,food,2025-05-21T12:34:40.295162Z
msakotu,1kmizid,reddit,You're a really good cook. The plate is just a masterpiece and looks delicious 🤤,2025-05-14T16:19:41Z,1,Master-Bullfrog9233,food,2025-05-21T12:34:40.295170Z
msal85x,1kmizid,reddit,Wow this plate is just a masterpiece . It looks delicious 🤤,2025-05-14T16:22:17Z,1,Master-Bullfrog9233,food,2025-05-21T12:34:40.295178Z
mqpub63,1kfd7z4,reddit,"hi - new to pizza making but trying to understand your recipe in the description. what is 24 RT and KBAF mean? looks awesome, thank you for sharing!",2025-05-05T15:01:50Z,4,boombopzippityzoom,food,2025-05-21T12:34:41.690216Z
mqpyqhg,1kfd7z4,reddit,"Pimento cheese on a pizza sounds bangin', I need to keep this in mind.",2025-05-05T15:23:51Z,6,mmmspaghettios,food,2025-05-21T12:34:41.690230Z
mqsmcyb,1kfd7z4,reddit,"Goddamn. Well then, guess we’re trying pimento cheese in pizza too.",2025-05-05T23:24:09Z,3,iazztheory,food,2025-05-21T12:34:41.690238Z
mqpuztd,1kfd7z4,reddit,I need this recipe in my life did you add your own twist to it,2025-05-05T15:05:15Z,5,Twannoo,food,2025-05-21T12:34:41.690246Z
mqprcog,1kfd7z4,reddit,Looks delicious.,2025-05-05T14:47:08Z,2,DominicRo,food,2025-05-21T12:34:41.690254Z
mqqd5ia,1kfd7z4,reddit,This is walking a fine line between straight to jail or give me a slice right now for me 🤣,2025-05-05T16:35:02Z,2,rkmurph,food,2025-05-21T12:34:41.690262Z
mqqpdyt,1kfd7z4,reddit,Looks delicious!,2025-05-05T17:33:38Z,2,Lifeofabeard5,food,2025-05-21T12:34:41.690269Z
mqqwnko,1kfd7z4,reddit,OP you absolutely CRUSHED it on the texture of that dough and toppings too. Sheeeeesh!! Open a pizzeria,2025-05-05T18:08:14Z,2,Wannabebuffet17,food,2025-05-21T12:34:41.690277Z
mqrj2wz,1kfd7z4,reddit,That crust is insane 👨🏻‍🍳👌🏼,2025-05-05T19:58:40Z,2,TheKramer89,food,2025-05-21T12:34:41.690285Z
mqq5633,1kfd7z4,reddit,Fuck you that looks delicious,2025-05-05T15:55:26Z,2,relativlysmart,food,2025-05-21T12:34:41.690293Z
mqqem4d,1kfd7z4,reddit,Nope.,2025-05-05T16:42:13Z,2,DoubleLL13,food,2025-05-21T12:34:41.690300Z
mqq4xlj,1kfd7z4,reddit,do you make your own pimento? Love a recipe if you do.,2025-05-05T15:54:17Z,1,xMediumRarex,food,2025-05-21T12:34:41.690308Z
mqqf5jb,1kfd7z4,reddit,Pimento cheese looks way too much like Mac and cheese,2025-05-05T16:44:50Z,1,TheDarkClaw,food,2025-05-21T12:34:41.690316Z
mqrnu89,1kfd7z4,reddit,"Scrambled eggs and pimento cheese with plain Detroit style pizza for the bread is my favorite brekky sandwich 🫢  this is like the evening version,  i’m so hungry now",2025-05-05T20:21:39Z,1,iamnotroalddahl,food,2025-05-21T12:34:41.690323Z
mqpwg5k,1kfd7z4,reddit,Stuff I dream about when on a diet,2025-05-05T15:12:31Z,1,Successful_Cow_8713,food,2025-05-21T12:34:41.690331Z
mqq04ex,1kfd7z4,reddit,Ummm yes? Please?,2025-05-05T15:30:42Z,1,drough08,food,2025-05-21T12:34:41.690339Z
mqq84oa,1kfd7z4,reddit,"You live in Georgia?  

Just trying to figure out what region  would think to use pimento cheese like this, and Georgia treats it like Tex mex Queso, so that’s my guess.

Edit:  forgot to mention how incredible this looks. Great work!",2025-05-05T16:10:13Z,1,subhavoc42,food,2025-05-21T12:34:41.690346Z
mor05of,1k6m0gz,reddit,Definitely failing a drug test,2025-04-24T07:09:07Z,105,Imhungorny,food,2025-05-21T12:34:44.158388Z
morvnds,1k6m0gz,reddit,"Beautiful. We'd make a similar pie for Christmas back when I was a kid, but with a layer of quark filling above the poppy seed filling.

Poppy seed, quark, walnuts and plum jam are simply the quintessential Central/Eastern Europe dessert flavors.",2025-04-24T11:59:22Z,20,gwasi,food,2025-05-21T12:34:44.158400Z
morfljb,1k6m0gz,reddit,"People criticizing this have clearly never been to Eastern Europe, we love our poppy seeds and these types of pies tend to be very sweet and not dry. I bet it tasted great, love the streusel",2025-04-24T09:50:33Z,87,dowagercomtesse,food,2025-05-21T12:34:44.158409Z
mosw8l8,1k6m0gz,reddit,"Hopefully, you don't have a drug test coming up soon.  I bet this was super tasty.

When I was 17, I had to do a drug test at a local clinic, prior to starting a job.  As I was filling out the paperwork, I noticed a question about false-positives.  The form asked if I had consumed poppy seeds in the last 48 hours.

That morning, I was very hungry, and in a hurry.  As a 17-year-old athlete, I ate a ridiculous amount of food in a day.  My mom had bought a poppy-seed coffee-cake, I ate the whole thing.

As I was explaining this to the nurse, I could see she was having a hard time believing me.",2025-04-24T15:17:51Z,20,bodhiseppuku,food,2025-05-21T12:34:44.158417Z
mos11dt,1k6m0gz,reddit,I really want to try this! I love other nut-based pies so idk why I never thought of trying one full of seeds. Now I just need to find out where to buy all these seeds...,2025-04-24T12:33:57Z,4,Mitoria,food,2025-05-21T12:34:44.158424Z
motkrrv,1k6m0gz,reddit,Do you have a recipe? My family is from Czech Republic and I looooove poppy seeds!,2025-04-24T17:13:37Z,3,madlenka1,food,2025-05-21T12:34:44.158432Z
morx8do,1k6m0gz,reddit,Looks fantastic! I love a good poppyseed cake. Thankfully german bakeries are usually stacking at least one variant.,2025-04-24T12:09:47Z,2,Dipper_Pines,food,2025-05-21T12:34:44.158441Z
motmyub,1k6m0gz,reddit,Recipe or it didn’t happen !,2025-04-24T17:23:50Z,1,AlaskanTroll,food,2025-05-21T12:34:44.158448Z
motzwtl,1k6m0gz,reddit,Looks yummy. Haven't eaten some for quite a while but this picture makes me want to eat some. I'll never to visit a bakery soon.,2025-04-24T18:24:05Z,1,ohmyzomfg,food,2025-05-21T12:34:44.158456Z
mp3bktc,1k6m0gz,reddit,Looks so good. And I love the texture sm.,2025-04-26T03:57:38Z,1,Milkywaycherrypie,food,2025-05-21T12:34:44.158464Z
mosf76o,1k6m0gz,reddit,Damn people are ignorant as fuck,2025-04-24T13:54:06Z,2,Consistent_Bee348,food,2025-05-21T12:34:44.158471Z
mos9f1n,1k6m0gz,reddit,I need it.,2025-04-24T13:22:51Z,1,new_cake_day,food,2025-05-21T12:34:44.158479Z
moskjae,1k6m0gz,reddit,Would fail a drug test.,2025-04-24T14:21:00Z,-1,Legendary_Zaku,food,2025-05-21T12:34:44.158487Z
mos4nwr,1k6m0gz,reddit,![gif](giphy|ukGm72ZLZvYfS),2025-04-24T12:55:36Z,-21,Shirowoh,food,2025-05-21T12:34:44.158495Z
mor9h23,1k6m0gz,reddit,"Christ, can only imagine this to be like eating drywall.",2025-04-24T08:47:28Z,-50,Davison89,food,2025-05-21T12:34:44.158502Z
morbwcd,1k6m0gz,reddit,"Why?

Also among the many alkaloids in and around the seed are morphine, codeine and thebaine. Just in case you had a drug test coming up.

Lord Jeezus, woke up to a lot of activity in this comment.",2025-04-24T09:13:01Z,-59,lysergic_818,food,2025-05-21T12:34:44.158510Z
mpjkd66,1k9u1zu,reddit,One of my favs!,2025-04-28T20:23:37Z,3,lasantxez,food,2025-05-21T12:34:45.172333Z
mpnac7q,1k9u1zu,reddit,That looks so good.,2025-04-29T12:14:00Z,2,shadow0wolf0,food,2025-05-21T12:34:45.172344Z
motf2mv,1k6scrs,reddit,Looks delicious!,2025-04-24T16:47:02Z,2,Lifeofabeard5,food,2025-05-21T12:34:46.204438Z
moucpav,1k6scrs,reddit,Spot on! Nice crown!!,2025-04-24T19:26:32Z,2,spirit_of_a_goat,food,2025-05-21T12:34:46.204451Z
motwh9j,1k6scrs,reddit,How thick is the crust on that? I tried to make one and I don't know thick I should be aiming for with the dough.,2025-04-24T18:07:39Z,1,JJMcGee83,food,2025-05-21T12:34:46.204459Z
mov06eg,1k6scrs,reddit,That looks pristine!,2025-04-24T21:23:03Z,1,tmac416,food,2025-05-21T12:34:46.204467Z
movxgrn,1k6scrs,reddit,It looks great. Nice job!,2025-04-25T00:26:20Z,1,SkrappleDapple,food,2025-05-21T12:34:46.204475Z
mowyde1,1k6scrs,reddit,looks gucci.,2025-04-25T04:05:53Z,1,sprinkles5000,food,2025-05-21T12:34:46.204483Z
mo9kxjl,1k4fefv,reddit,gyatt dayum bro what camera do you use,2025-04-21T14:55:14Z,2,dancing-squid,food,2025-05-21T12:34:47.244554Z
moc21o3,1k4fefv,reddit,Looking good big dogg!,2025-04-21T22:35:28Z,1,djcashbandit,food,2025-05-21T12:34:47.244577Z
mq9wmk8,1kdazpy,reddit,Ooooh how did you make the dough?,2025-05-02T22:08:07Z,4,Jj12346,food,2025-05-21T12:34:48.293278Z
mqa3p3g,1kdazpy,reddit,Looks so good!,2025-05-02T22:48:49Z,3,BOYF-,food,2025-05-21T12:34:48.293292Z
mqa6pqi,1kdazpy,reddit,Love the toppings. Good looking pizza.,2025-05-02T23:06:01Z,3,SkrappleDapple,food,2025-05-21T12:34:48.293301Z
mq9oiva,1kdazpy,reddit,I kinda don’t like olives but that looks really amazing 👏🏿👏🏿👏🏿,2025-05-02T21:24:21Z,2,45richie,food,2025-05-21T12:34:48.293310Z
mqbzbim,1kdazpy,reddit,Awesome combo :D,2025-05-03T06:41:58Z,2,Klutersmyg,food,2025-05-21T12:34:48.293318Z
mp05adr,1k7qiyv,reddit,"This was my first time making chicken tinga, and it came out so good! Combined with cilantro lime rice, pickled jalapeños, black beans, lettuce, sautéed orange peppers, red onion, and jalapeño, avocado, tomato, and topped with sour cream and hot sauce.",2025-04-25T17:24:44Z,3,TXwildthing99,food,2025-05-21T12:34:49.331694Z
mp0ca5p,1k7qiyv,reddit,I'm tinga about makin this later,2025-04-25T17:57:51Z,3,R-Dragon_Thunderzord,food,2025-05-21T12:34:49.331708Z
mp0cuu5,1k7qiyv,reddit,Omg had something similar last night….yours looks better,2025-04-25T18:00:33Z,3,manbuzz85,food,2025-05-21T12:34:49.331717Z
ms9mvpq,1kmf85r,reddit,Looks delicious 🤤,2025-05-14T13:31:56Z,3,Jolly-Tailor-4309,food,2025-05-21T12:34:50.323407Z
msbs939,1kmf85r,reddit,yum,2025-05-14T19:48:22Z,1,buckyy22,food,2025-05-21T12:34:50.323419Z
msbudfj,1km9e7a,reddit,What about the eggs or egg yolks?,2025-05-14T19:58:34Z,5,Playful_Drama_3649,food,2025-05-21T12:34:51.332862Z
ms8lo29,1km9e7a,reddit,Now I'm hungry,2025-05-14T08:46:38Z,0,Wherever_anywherE,food,2025-05-21T12:34:51.332876Z
mr9ndfi,1khqr2r,reddit,[removed],2025-05-08T16:17:30Z,3,N/A,food,2025-05-21T12:34:52.450833Z
mr9oqh1,1khqr2r,reddit,"Can we get a breakdown?, Is there a brine involved? these all look like thighs...low and slow method?",2025-05-08T16:24:11Z,3,beenblacklisted,food,2025-05-21T12:34:52.450848Z
mr904k4,1khqr2r,reddit,[removed],2025-05-08T14:23:52Z,1,N/A,food,2025-05-21T12:34:52.450856Z
mpm1dap,1ka3uxq,reddit,Can't see the mac so I can't really comment.,2025-04-29T05:16:24Z,2,jjason82,food,2025-05-21T12:34:53.410074Z
mt863ns,1kqt6ec,reddit,"Looks exactly, happy anniversary!",2025-05-20T01:49:23Z,4,DetroitsGoingToWin,food,2025-05-21T12:34:54.422632Z
mt87a9u,1kqt6ec,reddit,Wow! That looks amazing!!!,2025-05-20T01:56:40Z,2,Well_Bread414,food,2025-05-21T12:34:54.422643Z
mt885qn,1kqt6ec,reddit,Looks tasty,2025-05-20T02:02:12Z,2,99anan99,food,2025-05-21T12:34:54.422652Z
mt8wsf9,1kqt6ec,reddit,"This looks so rich and hearty
Excellent work, OP 👍🏻",2025-05-20T05:01:55Z,1,Successful_Cow_8713,food,2025-05-21T12:34:54.422659Z
mta3m99,1kqt6ec,reddit,Wowww....,2025-05-20T11:47:59Z,1,Lost_Bambi79,food,2025-05-21T12:34:54.422667Z
mtgkxmk,1kqt6ec,reddit,Did you use a recipe? I have to put this on my list!,2025-05-21T12:12:32Z,1,creativepup,food,2025-05-21T12:34:54.422675Z
mt8fljk,1kqt6ec,reddit,"This looks really appetizing but serious question!
I’ve only had risotto once and the texture felt very akin to like baby food or porridge like, it was pretty off putting but I’m not sure if it was just the specific way it was cooked that made me taste it like that.",2025-05-20T02:50:40Z,1,Terrible-at-Hiding,food,2025-05-21T12:34:54.422682Z
mp8rsf9,1k8rmsf,reddit,"Looks good!

What happened to the side? Did it melt away?",2025-04-27T01:28:44Z,8,partumvir,food,2025-05-21T12:34:55.526650Z
mp8m1eb,1k8rmsf,reddit,Such fun flavors in Jamaican food! Curry goat is strong in the best way,2025-04-27T00:51:49Z,5,shadhead1981,food,2025-05-21T12:34:55.526663Z
mp8l05d,1k8rmsf,reddit,Hell yea,2025-04-27T00:45:26Z,3,DidYouSetItTo-Wumbo,food,2025-05-21T12:34:55.526672Z
mp8r2aw,1k8rmsf,reddit,Top notch,2025-04-27T01:24:00Z,1,N/A,food,2025-05-21T12:34:55.526680Z
mp92znf,1k8rmsf,reddit,I love plantains,2025-04-27T02:41:34Z,1,N/A,food,2025-05-21T12:34:55.526687Z
mp93y8o,1k8rmsf,reddit,"😳 Good lord, that sounds good…",2025-04-27T02:48:01Z,1,CuriousThenSatisfied,food,2025-05-21T12:34:55.526695Z
msly98x,1knvz1i,reddit,"If you know where to look, beef Pho is actually pretty common",2025-05-16T11:46:19Z,40,Lycr4,food,2025-05-21T12:34:56.718359Z
msltb55,1knvz1i,reddit,How rare,2025-05-16T11:09:59Z,4,MrPlatypus42,food,2025-05-21T12:34:56.718373Z
msmb99p,1knvz1i,reddit,Naw you gotta eat the meat real rare and have it on the side.,2025-05-16T13:09:16Z,4,Gx470mark,food,2025-05-21T12:34:56.718381Z
msm0bgw,1knvz1i,reddit,Yum!,2025-05-16T12:00:38Z,3,afrothunder666,food,2025-05-21T12:34:56.718389Z
msnaldt,1knvz1i,reddit,"Delicious bowl! 

I love Pho, I guess you placed the beef in the bowl already. “Rare beef Pho” aka Pho Tai, the slices of rare beef is usually served & presented outside of the Pho bowl with some onions on top  & black pepper.",2025-05-16T16:08:53Z,5,kuposempai,food,2025-05-21T12:34:56.718397Z
msvp3hv,1knvz1i,reddit,"Try asking the the rare beef on the side.  Squirt the lime over all of it to marinate just a bit, and drop it in your hot soup for a medium rare finish.  

Without it separated, the hot broth overcooks the beef.",2025-05-18T00:30:41Z,2,Epsilon604,food,2025-05-21T12:34:56.718405Z
msldvs5,1knvz1i,reddit,is that much onion?,2025-05-16T08:46:00Z,5,RosaryCrown1,food,2025-05-21T12:34:56.718413Z
msninla,1knvz1i,reddit,My favorite!!,2025-05-16T16:48:08Z,1,Mmmelissamarie,food,2025-05-21T12:34:56.718421Z
mt0hn37,1knvz1i,reddit,"What's so rare about this?
This looks quite cooked.",2025-05-18T20:40:19Z,1,nuJabesCity,food,2025-05-21T12:34:56.718429Z
mt2hjz1,1knvz1i,reddit,This bowl looks very flavorful and the soup base is very nice,2025-05-19T04:05:41Z,1,lanochetristedh,food,2025-05-21T12:34:56.718437Z
mslnq78,1knvz1i,reddit,That looks like terrible Pho,2025-05-16T10:23:59Z,-25,Missingthefinals,food,2025-05-21T12:34:56.718445Z
msmw8li,1knvz1i,reddit,"Black pepper on your pho? What up with that?
🌶️ oil",2025-05-16T14:59:26Z,-3,Silver-Cancel5751,food,2025-05-21T12:34:56.718452Z
mslhhew,1knvz1i,reddit,"Is it supposed to look like an uncleand aquarium?  Then yes, it looks perfect!",2025-05-16T09:23:42Z,-24,Shadowmaster1201,food,2025-05-21T12:34:56.718460Z
msmxe1z,1knvz1i,reddit,"\-tos

  
... Sorry I had to",2025-05-16T15:05:02Z,-1,glitchgamerX,food,2025-05-21T12:34:56.718468Z
mrj1xck,1kiznoo,reddit,Nice! Could you share the recipe with everyone?,2025-05-10T02:54:13Z,5,darin617,food,2025-05-21T12:34:59.651203Z
msy2pz9,1kpgj1i,reddit,"As a wise man once said, I'ma ask kindly that you ""Give me Piece 🤏""",2025-05-18T12:45:50Z,3,Reallyneedhelp01,food,2025-05-21T12:35:00.700053Z
mqm01i6,1kevyyx,reddit,"One of the best meals imaginable, as far as I’m concerned.",2025-05-04T22:19:32Z,5,Cleascave,food,2025-05-21T12:35:01.757965Z
mqmkpdk,1kevyyx,reddit,Looks delicious!,2025-05-05T00:20:37Z,2,sandfleazzz,food,2025-05-21T12:35:01.757978Z
mqmq4cj,1kevyyx,reddit,"A good breakfast when camping as well! It wasn't as pretty as that, but this brings back memories of hiking and fishing with my dad when I was a kid. So thank you!",2025-05-05T00:53:28Z,2,wade-mcdaniel,food,2025-05-21T12:35:01.757988Z
mq83vda,1kd5gc7,reddit,Nice cook on that steak!,2025-05-02T16:48:10Z,2,Edgelord__23,food,2025-05-21T12:35:02.800594Z
mq8vx1y,1kd5gc7,reddit,"Ok, Denethor",2025-05-02T19:01:58Z,1,SbMSU,food,2025-05-21T12:35:02.800607Z
mq8wwm0,1kd5gc7,reddit,I love roasted tomato vines like that omg,2025-05-02T19:06:52Z,1,West_Flounder2840,food,2025-05-21T12:35:02.800615Z
mp5vrdw,1k7uk1d,reddit,*That*  is some very fine looking banana pancakes.,2025-04-26T15:51:13Z,1,MikaAdhonorem,food,2025-05-21T12:35:04.012881Z
msv70ea,1koysfs,reddit,The egg bar is coveted as fuck,2025-05-17T22:38:26Z,8,metacupcake,food,2025-05-21T12:35:05.372055Z
msu0fp9,1koysfs,reddit,My sister would go feral for those deviled eggs.. we have to hide them from her at parties or she’ll eat them all,2025-05-17T18:36:06Z,9,tabruss,food,2025-05-21T12:35:05.372067Z
msuwatg,1koysfs,reddit,The little dishes they're served in is so cute!! Def wouldn't be safe around me or my bf cuz we're devils for deviled eggs,2025-05-17T21:34:11Z,3,traumatized_vulture,food,2025-05-21T12:35:05.372075Z
mswfb36,1koysfs,reddit,What was was type of egg? They look like different styles of deviled eggs.,2025-05-18T03:33:53Z,2,UserSleepy,food,2025-05-21T12:35:05.372083Z
mqr3r37,1kfjc5l,reddit,"Today we made currywurst with French fries as dinner. Together with döner the currywurst is the most popular snack in Germany. It was invented after the second world war in Berlin and is at least since 50 years popular in all parts of Germany. For that reason I would classify it as a tradional meal. It's basically a sausage covered in warm and spicy ketchup and sprinkled with some curry powder. It's usually accompanied by French fries with mayonnaise and eventually a second type of normal ketchup for the fries. What type of sausage is used depends on the region. There at least three different preferences. In my part of northern Germany a special type of parboiled sausage is used. For the ketchup also different preferences exist.

What many people don't know is that one of the biggest producers of currywurst is the car manufacturer Volkswagen. Volkswagen has currently over 100,000 employees just in Germany. In their canteens one of meals that can be ordered every day is the currywurst. Since many years they sell they sell their currywurst and special ketchup also to local grocery stores. Both the currywurst and the ketchup have official VW part numbers like the automotive parts. In theory every VW dealer in the whole world can order them as long as they can ensure that the cold chain is maintained. According to wikipedia Volkswagen produces about 8 million currywurst per year.

Volkswagen currywurst and ketchup have a kind of legendary reputation in my region. I think that's a little overhype, but it's still a solid product. I buy it from time to time when it's on sale.

[https://en.wikipedia.org/wiki/Currywurst](https://en.wikipedia.org/wiki/Currywurst)

[https://en.wikipedia.org/wiki/Volkswagen\_currywurst](https://en.wikipedia.org/wiki/Volkswagen_currywurst)

The recipe is easy: In a skillet fry the currywurst. Warm the ketchup. Fry the French fries. Put everything on a plate and cover the currywurst with the warm ketchup. Sprinkle some curry powder on the ketchup. Add mayonnaise and eventually more ketchup for the fries.",2025-05-05T18:43:00Z,15,gdir,food,2025-05-21T12:35:06.558657Z
mqraqpu,1kfjc5l,reddit,As a German I'm a bit offended by the presentation of this meal as German cuisine :-D,2025-05-05T19:17:31Z,23,coltzero,food,2025-05-21T12:35:06.558670Z
mqt4zi8,1kfjc5l,reddit,"To people surprised that VW makes sausages and ketchup, they also make bus-shaped pasta!",2025-05-06T01:09:57Z,3,nellorePeddareddy,food,2025-05-21T12:35:06.558679Z
mqt2vye,1kfjc5l,reddit,I visited Germany last summer summer and have been thinking about currywurst ever since. I wish I could find it in the states.,2025-05-06T00:57:48Z,2,herroh7,food,2025-05-21T12:35:06.558687Z
mqt4uao,1kfjc5l,reddit,It’s really good with Jetta Cheese on too,2025-05-06T01:09:08Z,2,BatOpen5453,food,2025-05-21T12:35:06.558695Z
mqshyek,1kfjc5l,reddit,And that would be the only thing that really sells at Volkswagen.,2025-05-05T22:59:31Z,0,xAgrathor,food,2025-05-21T12:35:06.558703Z
mrb0jp4,1keni1c,reddit,Looks really good!  If you can for next time add really vanilla bean to the frosting and dough.  It's expensive but it tastes so much better!,2025-05-08T20:17:02Z,1,superpunch1,food,2025-05-21T12:35:07.565718Z
movp6re,1k75b5i,reddit,I want that for dinner...tonight!!!,2025-04-24T23:39:49Z,3,My_Hotwife_Journey,food,2025-05-21T12:35:08.535244Z
movpex5,1k75b5i,reddit,I’m baked as ziti at home too,2025-04-24T23:41:03Z,2,Croppin_steady,food,2025-05-21T12:35:08.535258Z
mow9noi,1k75b5i,reddit,I want go eat that,2025-04-25T01:35:49Z,1,99anan99,food,2025-05-21T12:35:08.535265Z
mowd0o7,1k75b5i,reddit,Yummy Pasta,2025-04-25T01:54:38Z,1,lovesliam,food,2025-05-21T12:35:08.535272Z
mteoc8o,1krktt7,reddit,that looks phenomenal!,2025-05-21T02:26:50Z,5,Exact_Bid_2887,food,2025-05-21T12:35:09.653724Z
mte90jl,1krktt7,reddit,May I have the recipe please,2025-05-21T00:55:36Z,8,Edolin89,food,2025-05-21T12:35:09.653737Z
mtfia7a,1krktt7,reddit,"Omg, I want sum :(",2025-05-21T06:14:38Z,1,babygirlmunchkin,food,2025-05-21T12:35:09.653745Z
mtfnlm2,1krktt7,reddit,This looks delicious!,2025-05-21T07:06:40Z,1,Canteeni,food,2025-05-21T12:35:09.653753Z
msd1ncu,1kmtdso,reddit,I’ve never had scrapple and that upsets me,2025-05-14T23:50:14Z,12,TooManyJabberwocks,food,2025-05-21T12:35:11.041645Z
msd11em,1kmtdso,reddit,That's an interesting way to serve scrapple.,2025-05-14T23:46:47Z,21,Wishilikedhugs,food,2025-05-21T12:35:11.041656Z
msd8m96,1kmtdso,reddit,">Got 'em in the Amish town    

Stoltzfus gave it away.",2025-05-15T00:30:20Z,7,justabill71,food,2025-05-21T12:35:11.041664Z
msdeeoh,1kmtdso,reddit,I had to look up “scrapple”… I learned something today,2025-05-15T01:03:38Z,3,JelloWise2789,food,2025-05-21T12:35:11.041671Z
mse14qo,1kmtdso,reddit,Can someone explain what it actually tastes like? I’ve seen scrapple in different forms on here but it’s not a thing in the rural wilds of Illinois.,2025-05-15T03:22:19Z,2,sinnrocka,food,2025-05-21T12:35:11.041680Z
msi7k0c,1kmtdso,reddit,Never seen scrapple fries....Need to try this...,2025-05-15T19:51:54Z,2,rdeker,food,2025-05-21T12:35:11.041687Z
mscvs7f,1kmtdso,reddit,Upvoted cause I love Amish country.,2025-05-14T23:16:09Z,3,nyyanksfan81,food,2025-05-21T12:35:11.041694Z
msfczxw,1kmtdso,reddit,"I've never heard of scrapple, i thought scrapple was the name of the place you got the chicken and sandwich from 😆",2025-05-15T10:39:47Z,1,VeryDisturbed82,food,2025-05-21T12:35:11.041701Z
msdho7q,1kmtdso,reddit,I need maple syrup on my scrapple,2025-05-15T01:22:26Z,0,Debunia,food,2025-05-21T12:35:11.041708Z
mqxmh3g,1kg9wrl,reddit,Hell yeah ,2025-05-06T18:58:31Z,3,EScforlyfe,food,2025-05-21T12:35:11.993040Z
mqz9g3o,1kg9wrl,reddit,That looks so gas 100/10,2025-05-06T23:56:31Z,2,raea-,food,2025-05-21T12:35:11.993052Z
mqx2tn3,1kg9wrl,reddit,Wow,2025-05-06T17:24:57Z,2,Successful_Cow_8713,food,2025-05-21T12:35:11.993060Z
mpj09js,1ka2rbx,reddit,"Blorg has never used copper, what are the differences compared to steel or nonstick, sclotherd? This looks srossitively chlorgtastic 👍",2025-04-28T18:42:29Z,11,Blorg01,food,2025-05-21T12:35:13.712291Z
mrrvqoc,1kk3vja,reddit,Those plates remind me of depression and the scent of stale piss aka Wetherspoons,2025-05-11T16:50:46Z,26,HerbertWigglesworth,food,2025-05-21T12:35:14.691148Z
mrsnhpx,1kk3vja,reddit,Looking good. Perfect scrambled egg there mate,2025-05-11T19:19:25Z,1,MisogynisticBumsplat,food,2025-05-21T12:35:14.691160Z
mrrwwq3,1kk3vja,reddit,I like your shoe,2025-05-11T16:56:59Z,-2,VinkaGripen1,food,2025-05-21T12:35:14.691168Z
mqewa1n,1kdy5vj,reddit,"I'd like to wrap that up in a humongous tortilla, maybe with some guacamole, and utterly devour it.",2025-05-03T18:40:14Z,3,skewh1989,food,2025-05-21T12:35:19.199302Z
mpq3dvp,1kay665,reddit,looks like a propper dish 😋,2025-04-29T20:39:21Z,5,Iron-Vault,food,2025-05-21T12:35:20.247274Z
mpqfczw,1kay665,reddit,"Gosh, this looks sooo completely intensional.  I would order this in a restaurant.   Extremely well done.  Thanks so much.",2025-04-29T21:38:11Z,5,MikaAdhonorem,food,2025-05-21T12:35:20.247286Z
mpqr6tt,1kay665,reddit,"You made koshari


https://www.themediterraneandish.com/egyptian-koshari-recipe/",2025-04-29T22:42:03Z,5,dr_strange-love,food,2025-05-21T12:35:20.247294Z
mprjr7a,1kay665,reddit,It's fun playing Chopped at home,2025-04-30T01:21:52Z,2,MetronomeArthritis,food,2025-05-21T12:35:20.247306Z
mpzi3il,1kay665,reddit,This looks unreal how do you do crispy onions what's the easiest way ?,2025-05-01T08:18:14Z,2,Previous_War_5923,food,2025-05-21T12:35:20.247314Z
mpqueb9,1kay665,reddit,Question: What is garlic yogurt?,2025-04-29T22:59:40Z,1,Internetboy5434,food,2025-05-21T12:35:20.247322Z
msfo9qf,1kn612b,reddit,"Looks good, 2 questions. 1) what’s the brown stuff under the eggs? 2) where do you buy sausages that long!",2025-05-15T12:04:19Z,7,leyland_gaunt,food,2025-05-21T12:35:21.240739Z
msi1fzi,1kn612b,reddit,Food shouldn’t have a time association 😎,2025-05-15T19:21:44Z,3,Voidfang_Investments,food,2025-05-21T12:35:21.240751Z
msiy410,1kn612b,reddit,That was the first breakfast. But what about the second breakfast?,2025-05-15T22:04:08Z,2,Bolter-Saw,food,2025-05-21T12:35:21.240759Z
msfl70l,1kn612b,reddit,"Looking good! I’m from UK and love a full english, unfortunately though, I can’t eat runny egg yolk, it turns my stomach into a mess, so I have to turn to scrambled eggs now instead. Either way, it’s one of the best dishes the world has seen!!",2025-05-15T11:43:04Z,3,Ambitious-Book-7200,food,2025-05-21T12:35:21.240766Z
mrnvrmo,1kjm9r9,reddit,"Brush some olive oil with some Italian seasonings on that crust. It will help give it more color, other than that looks great",2025-05-10T23:01:20Z,16,Pondskum56,food,2025-05-21T12:35:22.291439Z
mrps0w5,1kjm9r9,reddit,The fact that the separation between peperoni and mushrooms and onions isn't straight is infuriating. Looks good other wise !,2025-05-11T07:36:03Z,3,Grichnak,food,2025-05-21T12:35:22.291452Z
mrnsjvj,1kjm9r9,reddit,"Looks amazing,.

I tried to make pizza a few times myself and hate how finnicky it was, and i could never understand the proper ratios of toppings meaning it either flooded over or basically had nothing, so its super nice to see the picture before its been in the oven.

I guess i need to try basically full peperoni coverage",2025-05-10T22:40:42Z,3,ZoulsGaming,food,2025-05-21T12:35:22.291460Z
mrnxn38,1kjm9r9,reddit,Sourdough pizza… Chef LeNom delivers again! Looks great,2025-05-10T23:13:12Z,1,DoubleFamous5751,food,2025-05-21T12:35:22.291468Z
mrnwkrg,1kjm9r9,reddit,[deleted],2025-05-10T23:06:29Z,-13,N/A,food,2025-05-21T12:35:22.291476Z
mr5i5fu,1khb11c,reddit,Looks yummy. Have you tried it as a sandwich?,2025-05-07T23:07:54Z,2,alittlebrownsmurph,food,2025-05-21T12:35:23.266484Z
mr5ga45,1khb11c,reddit,"Recipe notes:
- Basic recipe: yeast, sugar, water, mix, wait, first flour, mix, wait, more flour, olive oil, salt, mix, wait, utility flour, massage, wait, utility flour, massage, pan with parchment paper and a bit of olive oil, wait, bake.
- Used durum flour for the bulk of the mix, all purpose for utility and massage. It's nice stuff!
- To avoid hard crust, i put a baking sheet in the oven under the bread pans for half the cook, and buttered the tops after they came out. I let the loaves rest 10min before unseating them from their pans, and set them in a tray lined in cornmeal, with a loose cover. Cornmeal stops them from sogging out in the bottom as the bread sweats, and the cover regulates the humidity.",2025-05-07T22:57:06Z,2,crimsontape,food,2025-05-21T12:35:23.266496Z
mqhowmb,1ke94iu,reddit,That plating is a whole mood,2025-05-04T05:20:23Z,4,Twannoo,food,2025-05-21T12:35:24.243019Z
moauw06,1k4lc7i,reddit,Yum,2025-04-21T18:54:35Z,1,Mundane_Dealer_9794,food,2025-05-21T12:35:25.403989Z
mt94rv3,1kqvht3,reddit,Yum,2025-05-20T06:13:57Z,1,FewButterscotch2165,food,2025-05-21T12:35:26.370432Z
mslppjl,1knvfy2,reddit,"Korean fast food is awesome. And free refills too, like God intended",2025-05-16T10:41:20Z,1,The_Whipping_Post,food,2025-05-21T12:35:27.390355Z
mslbh34,1knvfy2,reddit,Cute logo,2025-05-16T08:20:30Z,0,bignutonthebus,food,2025-05-21T12:35:27.390373Z
mslavz8,1knvfy2,reddit,[deleted],2025-05-16T08:14:16Z,-1,N/A,food,2025-05-21T12:35:27.390385Z
mrg7s9p,1kintph,reddit,"Looks great, can u send me some🥴",2025-05-09T17:15:08Z,3,Various_Rub7007,food,2025-05-21T12:35:28.355387Z
mrch8l1,1ki6auq,reddit,Looks delicious,2025-05-09T01:15:56Z,2,Jolly-Tailor-4309,food,2025-05-21T12:35:29.317646Z
mrd2ird,1ki6auq,reddit,Always a good call,2025-05-09T03:34:20Z,2,Jstrott,food,2025-05-21T12:35:29.317658Z
mrdbauk,1ki6auq,reddit,Looking phenomenal.,2025-05-09T04:42:47Z,2,My_Hotwife_Journey,food,2025-05-21T12:35:29.317666Z
mre871l,1ki6auq,reddit,Delicious 😀,2025-05-09T10:08:56Z,2,The_PACCAR_Kid,food,2025-05-21T12:35:29.317674Z
mpimwqi,1k9niub,reddit,"No icing…. WTF IS YOUR ISSUE!?!!!? 


They look good other than there is no god damn icing on them.",2025-04-28T17:36:58Z,1,chooch138,food,2025-05-21T12:35:31.310937Z
mojd57r,1k5nh7o,reddit,is that... gravy?,2025-04-23T01:46:52Z,6,dewmzdeigh,food,2025-05-21T12:35:32.677008Z
mok5gqj,1k5nh7o,reddit,Did you just place it on a table?,2025-04-23T04:56:03Z,2,the_amatuer_,food,2025-05-21T12:35:32.677020Z
mrnvzkd,1kjl0n7,reddit,You HAVE to drop a recipe for this !!,2025-05-10T23:02:45Z,4,Focosa88,food,2025-05-21T12:35:33.768332Z
mroo2p7,1kjl0n7,reddit,"Yes, a recipe please!",2025-05-11T02:04:25Z,2,This-Friend-902,food,2025-05-21T12:35:33.768344Z
mslc0p4,1knvg5q,reddit,So... Eggs Royale?,2025-05-16T08:26:20Z,6,thinkfloyd_,food,2025-05-21T12:35:34.921770Z
mslfxut,1knvg5q,reddit,What perfectly rotund eggs!,2025-05-16T09:07:32Z,3,HelloKatie888,food,2025-05-21T12:35:34.921784Z
mslb036,1knvg5q,reddit,Really looks so yummy and delicious![img](emote|t5_2qh55|1792),2025-05-16T08:15:29Z,2,eb0373284,food,2025-05-21T12:35:34.921793Z
mslc0m8,1knvg5q,reddit,I thought it was salmón caviar at first!! I had to reread it!,2025-05-16T08:26:18Z,1,Cerda_Sunyer,food,2025-05-21T12:35:34.921802Z
mqb6dwr,1kdiezd,reddit,Sheeeesh,2025-05-03T02:44:13Z,2,MookieEats,food,2025-05-21T12:35:36.192290Z
mqbunzw,1kdiezd,reddit,There is more than lobster going on there 🤤,2025-05-03T05:56:32Z,1,conandk,food,2025-05-21T12:35:36.192304Z
mqcfhsf,1kdiezd,reddit,And what did the others eat?,2025-05-03T09:30:34Z,1,thefroglover,food,2025-05-21T12:35:36.192313Z
mpz8c06,1kc27l3,reddit,about 12 whole tomatoes were cooked down for this sauce over about 1.5 hours. i added fresh and salt and pepper to taste. this was naturally sweet and had beautiful colour.,2025-05-01T06:35:50Z,4,m0useg1rl,food,2025-05-21T12:35:37.955915Z
mpzga6d,1kc27l3,reddit,Oh man! That color is so beautiful. I am sure it taste so good! What kind of tomatoes did you use?,2025-05-01T07:58:30Z,3,markbroncco,food,2025-05-21T12:35:37.955928Z
mpzj5mp,1kc27l3,reddit,Looks so delicious I’m sure the sauce alone would be amazing with a piece of fresh sourdough too 😋,2025-05-01T08:30:00Z,3,la_mano_la_guitarra,food,2025-05-21T12:35:37.955937Z
mq0awz5,1kc27l3,reddit,looks delicious,2025-05-01T12:32:14Z,1,sprinkles5000,food,2025-05-21T12:35:37.955946Z
mq1brxa,1kc27l3,reddit,"This looks like a real Italian tomato pasta. I always try to make something similar, but so far I’ve had the best in Italy 😄",2025-05-01T15:48:07Z,1,cutie_perryyy,food,2025-05-21T12:35:37.955954Z
mq3ll4a,1kc27l3,reddit,Yum,2025-05-01T22:33:14Z,1,SlammingMomma,food,2025-05-21T12:35:37.955963Z
mq556qp,1kc27l3,reddit,"Thing of beauty right there, I bet it was fantastic.",2025-05-02T04:12:39Z,1,Usual_Phase5466,food,2025-05-21T12:35:37.955971Z
mqworrn,1kg6ovd,reddit,"Where da rabbit and duck at?  And this is why I hate on the French food Establishment.  The dish pictured looks scrumptoius and i would call it cassoulet, but the French might say otherwise because it has tomatoes and no duck or rabbit",2025-05-06T16:18:56Z,1,howelltight,food,2025-05-21T12:35:38.968963Z
mqwbbj2,1kg6ovd,reddit,That looks bomb,2025-05-06T15:13:59Z,1,dredgehayt,food,2025-05-21T12:35:38.968977Z
mqwgy22,1kg6ovd,reddit,"Hu. Never had a cassoulet with tomatoes. I'm sure it helps cut through all that fat and salt, though. Looks delicious.",2025-05-06T15:41:04Z,1,Irr3l3ph4nt,food,2025-05-21T12:35:38.968986Z
mqx7bat,1kg6ovd,reddit,"Looks amazing, what is that white crumb,green stuff? Herbs??",2025-05-06T17:46:05Z,1,sweetconformity,food,2025-05-21T12:35:38.968994Z
mqwfj42,1kg6ovd,reddit,I would hit that.,2025-05-06T15:34:11Z,0,Plan0nIt,food,2025-05-21T12:35:38.969002Z
mons73o,1k67662,reddit,"Wow, lots of food🥰",2025-04-23T19:20:09Z,1,My_Hotwife_Journey,food,2025-05-21T12:35:39.941399Z
monvvnu,1k67662,reddit,I’d take either plate,2025-04-23T19:38:03Z,1,Major_Replacement905,food,2025-05-21T12:35:39.941412Z
mooaf2q,1k67662,reddit,[removed],2025-04-23T20:48:10Z,-2,N/A,food,2025-05-21T12:35:39.941420Z
ms2p5o0,1kl8xar,reddit,Heavy breathing* looks great!,2025-05-13T11:40:05Z,2,free-bus1,food,2025-05-21T12:35:40.981148Z
ms0fflh,1kl8xar,reddit,For 2? Is there another plate not pictured or something?,2025-05-13T00:48:38Z,-2,hyperRevue,food,2025-05-21T12:35:40.981161Z
ms3a23k,1kl8xar,reddit,"Looks amazing! To nitpick: Rule of thumb with garnish is dont put anything on the plate that you can’t eat…but it’s nice to see what you’ve used. 

Some watercress would mop those juices up nicely and contrast colour well. Bet that tastes superb though well done",2025-05-13T13:48:18Z,1,ells101,food,2025-05-21T12:35:40.981169Z
ms30n63,1kl8xar,reddit,This reminds me of someone.,2025-05-13T12:54:48Z,0,Shadowmaster1201,food,2025-05-21T12:35:40.981176Z
ms30sv9,1kl8xar,reddit,The second picture reminds me of someone.,2025-05-13T12:55:44Z,0,Shadowmaster1201,food,2025-05-21T12:35:40.981183Z
ms13n94,1kl8xar,reddit,"I bet it was amazing but Jesus, a great steak doesn’t ever need to be swimming in sauce like that.",2025-05-13T03:13:02Z,-14,PeeFarts,food,2025-05-21T12:35:40.981191Z
mr5gexc,1kh586u,reddit,I guess that tasted as excellent as it looks!,2025-05-07T22:57:51Z,2,gdir,food,2025-05-21T12:35:42.482840Z
mswthrg,1kpbdgk,reddit,Damn Shaggy,2025-05-18T05:33:29Z,16,Negroni808,food,2025-05-21T12:35:43.493003Z
mswltv0,1kpbdgk,reddit,Let me unhinge my jaw real quick… looks delicious!!,2025-05-18T04:25:54Z,14,0ceanshore,food,2025-05-21T12:35:43.493016Z
msx07jl,1kpbdgk,reddit,I can only hope you made this by shuffling all the meat and bread together like a deck of cards.,2025-05-18T06:39:28Z,12,WalletFullOfSausage,food,2025-05-21T12:35:43.493024Z
msx10s6,1kpbdgk,reddit,Where is scooby when you need him.,2025-05-18T06:47:39Z,10,The-SadShaman,food,2025-05-21T12:35:43.493032Z
mswp9n0,1kpbdgk,reddit,Excellent.,2025-05-18T04:55:11Z,3,dancingwolpertings,food,2025-05-21T12:35:43.493040Z
msy7zqw,1kpbdgk,reddit,"Dagwood, is that you?",2025-05-18T13:20:43Z,2,smstrick88,food,2025-05-21T12:35:43.493048Z
msxrmya,1kpbdgk,reddit,scooby doo ah sandwich,2025-05-18T11:19:11Z,2,Hauntatlas,food,2025-05-21T12:35:43.493055Z
mr8ddai,1khojk9,reddit,Looks cracking,2025-05-08T12:14:56Z,3,RatedArgForPiratesFU,food,2025-05-21T12:35:44.643332Z
mraah7n,1khojk9,reddit,"Looks great, what’s egg mayo though? Is it scrambled eggs (I know you said you loosely followed Gordon’s recipe) mixed with mayo? Or just mayo on the bagel with eggs on top?",2025-05-08T18:08:44Z,1,America810,food,2025-05-21T12:35:44.643345Z
mqao6ns,1kdfdv4,reddit,Are the tortillas cooked?,2025-05-03T00:49:21Z,5,jadaddy3,food,2025-05-21T12:35:45.690611Z
mqanwpo,1kdfdv4,reddit,Wow that looks incredibly tasty,2025-05-03T00:47:41Z,3,greg5255,food,2025-05-21T12:35:45.690624Z
mqb3ark,1kdfdv4,reddit,Omg. Yum!,2025-05-03T02:23:41Z,1,coolcootermcgee,food,2025-05-21T12:35:45.690632Z
mp4ib43,1k89re6,reddit,that is so pretty 😍🔥,2025-04-26T10:34:58Z,3,nighteeeeey,food,2025-05-21T12:35:47.002915Z
mp4vt1w,1k89re6,reddit,Looks good! What's on the toast?,2025-04-26T12:24:05Z,3,questvr3,food,2025-05-21T12:35:47.002926Z
mp4jj3r,1k89re6,reddit,That looks incredible.,2025-04-26T10:46:41Z,1,SonofAsti,food,2025-05-21T12:35:47.002934Z
monlo76,1k66vjq,reddit,😍,2025-04-23T18:48:14Z,1,GrumpyVegetable,food,2025-05-21T12:35:48.036677Z
motjbzf,1k66vjq,reddit,It looks very delicious !,2025-04-24T17:06:52Z,1,DavidHanson718,food,2025-05-21T12:35:48.036689Z
ms20vxi,1kldq0i,reddit,"Wooow, I would love if there's mashed potato on the side😋😋",2025-05-13T07:54:39Z,3,SexyNyx,food,2025-05-21T12:35:49.763030Z
ms5mo20,1kldq0i,reddit,Wow it really looks delicious everything goes together well enjoy it ❤️,2025-05-13T20:39:37Z,2,Master-Bullfrog9233,food,2025-05-21T12:35:49.763044Z
ms1jja2,1kldq0i,reddit,"Steak looks decent, fries are ok, on big ass piece of broccoli is a choice but I appreciate the confidence of serving that as is if nothing else lol",2025-05-13T05:10:03Z,-6,metalguy91,food,2025-05-21T12:35:49.763052Z
mpl3ew6,1kabkc8,reddit,"They look like they would be fun, hope you enjoyed them!",2025-04-29T01:32:00Z,2,Ecstatic-Math8907,food,2025-05-21T12:35:52.043057Z
mpl5bm0,1kabkc8,reddit,Looks delicious! Did it have mochi?,2025-04-29T01:43:06Z,1,Rhazodorn,food,2025-05-21T12:35:52.043069Z
mqqdvt6,1kfflfe,reddit,Those look delicious!,2025-05-05T16:38:38Z,2,Key-War8291,food,2025-05-21T12:35:54.571934Z
mqq9nau,1kfflfe,reddit,"Ironically, it doesn't look like you winged it. Nicely done.",2025-05-05T16:17:44Z,2,RatedArgForPiratesFU,food,2025-05-21T12:35:54.571949Z
mprugnn,1kb53cx,reddit,"Mmmm, I want to go to there!",2025-04-30T02:23:14Z,5,wade-mcdaniel,food,2025-05-21T12:35:55.580991Z
mprypcn,1kb53cx,reddit,What's the restaurant?,2025-04-30T02:48:48Z,3,Ivor_the_1st,food,2025-05-21T12:35:55.581004Z
mpb1wqj,1k92q8d,reddit,[removed],2025-04-27T13:05:09Z,1,N/A,food,2025-05-21T12:35:56.732485Z
mspqdi1,1kodgub,reddit,"Doesn't look a lot like a burger, does look like it tastes good.

Slightly concerned about a single very thick pickle slice, but as long as you enjoyed it, go nuts.",2025-05-17T00:01:18Z,26,Banes_Addiction,food,2025-05-21T12:35:57.862578Z
mspqgse,1kodgub,reddit,"Bun guy's first day on the job, I guess.",2025-05-17T00:01:52Z,26,bandito143,food,2025-05-21T12:35:57.862593Z
msqf8pq,1kodgub,reddit,it looks like a delicious burger that tragically fell 4 stories onto a plate and still tasted amazing.,2025-05-17T02:40:14Z,11,CARCRASHXIII,food,2025-05-21T12:35:57.862601Z
mspy9ud,1kodgub,reddit,"That is not a bun

![gif](giphy|OUwKs4rpcsQm0zd0FN|downsized)",2025-05-17T00:51:06Z,13,ChefWithASword,food,2025-05-21T12:35:57.862609Z
mspcvz4,1kodgub,reddit,That looks like quite a chore to pick up… lol,2025-05-16T22:28:32Z,7,Mr_Evil_Dr_Porkchop,food,2025-05-21T12:35:57.862617Z
mspkec9,1kodgub,reddit,In a pita?,2025-05-16T23:24:30Z,3,magcargoman,food,2025-05-21T12:35:57.862624Z
mspit9f,1kodgub,reddit,Is this a wrap or something?,2025-05-16T23:14:44Z,2,partumvir,food,2025-05-21T12:35:57.862632Z
mspy0rr,1kodgub,reddit,"It looks delicious, but not like a burger.",2025-05-17T00:49:31Z,2,FD4L,food,2025-05-21T12:35:57.862640Z
msqz1tb,1kodgub,reddit,Death on a bun.,2025-05-17T05:14:53Z,2,nyITguy,food,2025-05-21T12:35:57.862647Z
msr00xl,1kodgub,reddit,You eat your burgers bun first too?!?,2025-05-17T05:23:40Z,1,k-flawless,food,2025-05-21T12:35:57.862655Z
msufdrs,1kodgub,reddit,And then threw it back up before taking the photo?,2025-05-17T20:00:01Z,1,jtb_90,food,2025-05-21T12:35:57.862663Z
mspltkm,1kodgub,reddit,"It is like, low carb or something?",2025-05-16T23:33:14Z,1,ailish,food,2025-05-21T12:35:57.862671Z
msq0hnz,1kodgub,reddit,It’s in there somewhere,2025-05-17T01:05:10Z,-5,foozebox,food,2025-05-21T12:35:57.862678Z
mspq43w,1kodgub,reddit,Drool,2025-05-16T23:59:41Z,-1,0ceanshore,food,2025-05-21T12:35:57.862686Z
mrlyao6,1kjdq8f,reddit,Asparagus looks amazing,2025-05-10T16:21:51Z,4,Much_Amoeba_8098,food,2025-05-21T12:36:00.758957Z
mroezsy,1kjdq8f,reddit,Prawn stars!,2025-05-11T01:05:01Z,2,Hopeful_Meringue8061,food,2025-05-21T12:36:00.758971Z
mrvyyh0,1kjdq8f,reddit,This looks amazing,2025-05-12T09:52:55Z,2,Civil-Source-9790,food,2025-05-21T12:36:00.758980Z
mrlw2x3,1kjdq8f,reddit,Looks so tasty!,2025-05-10T16:09:39Z,1,My_Hotwife_Journey,food,2025-05-21T12:36:00.758989Z
mrlwteq,1kjdq8f,reddit,Looks yummy,2025-05-10T16:13:42Z,2,WillyValentine,food,2025-05-21T12:36:00.758998Z
mrmcr4m,1kjdq8f,reddit,Nice shrimp!,2025-05-10T17:40:15Z,1,Few_Barber4618,food,2025-05-21T12:36:00.759007Z
mq3mrcb,1kckk22,reddit,"It took me a bit to realize your plate was indeed a plate, and not some crazy tortilla…",2025-05-01T22:39:55Z,17,TheKramer89,food,2025-05-21T12:36:02.833725Z
mq3f1im,1kckk22,reddit,Yay!,2025-05-01T21:56:49Z,3,SlammingMomma,food,2025-05-21T12:36:02.833738Z
mq3llui,1kckk22,reddit,"Denver Omelets, it's what's for dinner. Looks great.",2025-05-01T22:33:20Z,3,SkrappleDapple,food,2025-05-21T12:36:02.833746Z
mq4con3,1kckk22,reddit,The best omelette in the world!,2025-05-02T01:10:23Z,2,AvacadoVibes,food,2025-05-21T12:36:02.833754Z
mopa9by,1k6cp90,reddit,"Golden looking fish and crispy fries. Delicious!

Question - what kind of fish?",2025-04-24T00:00:36Z,2,Major_Replacement905,food,2025-05-21T12:36:03.940626Z
mopir2v,1k6cp90,reddit,Did you make the tarter sauce too?,2025-04-24T00:49:35Z,2,breannalovesbananas,food,2025-05-21T12:36:03.940638Z
moqrmw1,1k6cp90,reddit,"Yum yum! They look super good! Now, I have to tell my partner to make some for us haha!",2025-04-24T05:47:51Z,2,OwynnKO,food,2025-05-21T12:36:03.940647Z
mqpmvcp,1kfa822,reddit,Grandmas are the best.,2025-05-05T14:24:32Z,4,Lovemybee,food,2025-05-21T12:36:05.281147Z
mqps4cs,1kfa822,reddit,Grandma knows how to cook!,2025-05-05T14:50:56Z,2,briareus08,food,2025-05-21T12:36:05.281162Z
mqqa323,1kfa822,reddit,"The steak looks perfect
I haven't seen one that good since a trip to Argentina.",2025-05-05T16:19:55Z,2,soulless_ape,food,2025-05-21T12:36:05.281171Z
mqp9h2v,1kfa822,reddit,Looks like she's a great cook! YUM,2025-05-05T13:10:38Z,2,Cold_Marionberry_932,food,2025-05-21T12:36:05.281179Z
mqph719,1kfa822,reddit,Share the recipe of vegetables ! Steak look good but vegetable made me hungry...,2025-05-05T13:54:28Z,1,Little-Guarantee-636,food,2025-05-21T12:36:05.281188Z
mrw1dvd,1kkoowy,reddit,Looks delicious!,2025-05-12T10:16:54Z,3,Odd-Yesterday1894,food,2025-05-21T12:36:06.848978Z
mrvzyf4,1kkoowy,reddit,Looks so good!,2025-05-12T10:02:56Z,2,derryle,food,2025-05-21T12:36:06.848991Z
mrwa5rq,1kkoowy,reddit,Good awesome you did a great job,2025-05-12T11:31:15Z,1,free-bus1,food,2025-05-21T12:36:06.848999Z
mru5kal,1kkdugx,reddit,"nom nom nom

![gif](giphy|1wmtmO7JsAPytaogcL|downsized)",2025-05-12T00:36:57Z,3,dashthegoat,food,2025-05-21T12:36:07.931351Z
mrm0723,1kjdxbn,reddit,But from which ‘bertos?,2025-05-10T16:32:23Z,5,DukeSpaghetti,food,2025-05-21T12:36:08.958507Z
mqg62kx,1ke2349,reddit,You know it's authentic when salsa comes in little sandwich bags,2025-05-03T23:00:08Z,3,stimber,food,2025-05-21T12:36:09.996708Z
mqglmgy,1ke2349,reddit,can you share this tikotok guy? curious as to whats in my state,2025-05-04T00:37:50Z,1,EinPaladin,food,2025-05-21T12:36:09.996721Z
mqfj3yj,1ke1uc5,reddit,That looks sad tbh,2025-05-03T20:45:22Z,262,cacecil1,food,2025-05-21T12:36:11.205897Z
mqfy9ym,1ke1uc5,reddit,A little heavy on the Po,2025-05-03T22:11:57Z,66,FD4L,food,2025-05-21T12:36:11.205909Z
mqgngwn,1ke1uc5,reddit,"NGL, that doesn't look worth bragging about. Looks like a $3 sandwich you probably paid $17 for.",2025-05-04T00:49:47Z,39,Supper_Champion,food,2025-05-21T12:36:11.205917Z
mqg3v5h,1ke1uc5,reddit,"If you’re still in New Orleans and want one away from the Fairgrounds and Jazz Fest, highly I recommend Domilise’s or Guy’s Poboys uptown.",2025-05-03T22:46:30Z,19,Dont_Tell_Me_Now,food,2025-05-21T12:36:11.205924Z
mqfsu42,1ke1uc5,reddit,Why would you post this sad excuse for a po boy?,2025-05-03T21:39:38Z,44,thisismerr,food,2025-05-21T12:36:11.205931Z
mqfmyse,1ke1uc5,reddit,That looks pathetic,2025-05-03T21:06:21Z,30,mostdope28,food,2025-05-21T12:36:11.205938Z
mqfr8f1,1ke1uc5,reddit,Im sad looking at this how much was this op?,2025-05-03T21:30:25Z,16,The_real_triple_P,food,2025-05-21T12:36:11.205945Z
mqg79mb,1ke1uc5,reddit,The saddest Po’boy,2025-05-03T23:07:37Z,7,islandslm,food,2025-05-21T12:36:11.205952Z
mqfyunq,1ke1uc5,reddit,"Uhh, that's a poor ass Po Boy",2025-05-03T22:15:26Z,18,feed_me_haribo,food,2025-05-21T12:36:11.205959Z
mqg2uu6,1ke1uc5,reddit,That's gotta be dry as hell,2025-05-03T22:40:14Z,11,angryshib,food,2025-05-21T12:36:11.205966Z
mqgthpb,1ke1uc5,reddit,"Man, yall are getting fleeced at Jazz Fest this year, haha. That's part of the reason most locals (actual locals, not transplants) stopped going a long time ago.",2025-05-04T01:29:18Z,5,vand3l,food,2025-05-21T12:36:11.205973Z
mqghzpi,1ke1uc5,reddit,If that's a poboy then I am Ryan Reynolds,2025-05-04T00:14:15Z,3,graften,food,2025-05-21T12:36:11.205979Z
mqgz349,1ke1uc5,reddit,"I ate that poboy yesterday, it was not very good and definitely not worth the $15 it cost",2025-05-04T02:05:53Z,3,loltittysprinkles,food,2025-05-21T12:36:11.205986Z
mqh2t0i,1ke1uc5,reddit,This is the saddest po boy I’ve ever seen.,2025-05-04T02:30:57Z,3,Religion_Is_A_Cancer,food,2025-05-21T12:36:11.205993Z
mqfsgwc,1ke1uc5,reddit,Bro,2025-05-03T21:37:31Z,4,DubiousDude28,food,2025-05-21T12:36:11.206000Z
mqgfbzl,1ke1uc5,reddit,Jazz fest?,2025-05-03T23:57:22Z,2,MysteriousMermaid92,food,2025-05-21T12:36:11.206007Z
mqgwbtd,1ke1uc5,reddit,Should head down to the French Quarter and get the shrimp po boy at Killer Po boys.,2025-05-04T01:47:52Z,2,pivorock,food,2025-05-21T12:36:11.206020Z
mqgxb8x,1ke1uc5,reddit,Jazz fest? Food is better outside of there,2025-05-04T01:54:19Z,2,TheOneHunterr,food,2025-05-21T12:36:11.206027Z
mqfqv3j,1ke1uc5,reddit,That iceberg lettuce is making me sad.,2025-05-03T21:28:18Z,5,carmii-,food,2025-05-21T12:36:11.206034Z
mqfsbov,1ke1uc5,reddit,"Yeesh, that's roug",2025-05-03T21:36:42Z,2,DukeoftheGingers,food,2025-05-21T12:36:11.206041Z
mqgatck,1ke1uc5,reddit,Please tell me you put some remoulade on that. Or at least some mayo. Dear god.,2025-05-03T23:29:25Z,2,johnnyribcage,food,2025-05-21T12:36:11.206048Z
mqg6r97,1ke1uc5,reddit,How much did that cost?,2025-05-03T23:04:24Z,1,Gary_Pinise,food,2025-05-21T12:36:11.206055Z
mqg7dt4,1ke1uc5,reddit,"You still didnt

Go to  Cast Nets and get a real one",2025-05-03T23:08:22Z,1,akaynaveed,food,2025-05-21T12:36:11.206062Z
mqg8n12,1ke1uc5,reddit,The po-est boy,2025-05-03T23:16:06Z,1,StaggerLee509,food,2025-05-21T12:36:11.206069Z
mqg8vnf,1ke1uc5,reddit,I bet it tastes great but needs some sas,2025-05-03T23:17:35Z,1,Bleachsmoker,food,2025-05-21T12:36:11.206076Z
mqgjumb,1ke1uc5,reddit,"That’s shrimp lettuce, & hot sauce oh and a pickle",2025-05-04T00:26:17Z,1,TheGirlwThePinkHair,food,2025-05-21T12:36:11.206083Z
mqgu9f7,1ke1uc5,reddit,Yikes.,2025-05-04T01:34:19Z,1,Interesting_Blood250,food,2025-05-21T12:36:11.206090Z
mqguv8g,1ke1uc5,reddit,Looks expensive and bad lol,2025-05-04T01:38:19Z,1,Aint_EZ_bein_AZ,food,2025-05-21T12:36:11.206097Z
mqgzm63,1ke1uc5,reddit,"$2.45 of ingredients…. Sold to you for $14

Gonna need a $5 water for that dry sandwich",2025-05-04T02:09:20Z,1,Bomantheman,food,2025-05-21T12:36:11.206105Z
mqhw4ck,1ke1uc5,reddit,"Likely not local shrimp either, unless something has changed in recent years…",2025-05-04T06:27:23Z,1,blackpotmagic,food,2025-05-21T12:36:11.206112Z
mqhyjan,1ke1uc5,reddit,Everyone has been posting some version of a poboy lately. All of them on a plan bun. Toast that thing up. Some mayo or butter and a griddle sear would take the flavor of that sandwich up a notch or two.,2025-05-04T06:50:56Z,1,coconuthorse,food,2025-05-21T12:36:11.206119Z
mqfzmrg,1ke1uc5,reddit,The batter looks a bit underdone.  Im sure it was like $20+?,2025-05-03T22:20:13Z,1,Thinkin_Alexander,food,2025-05-21T12:36:11.206126Z
mqfxpzg,1ke1uc5,reddit,Looks kinda depressing but I bet it tasted pretty good,2025-05-03T22:08:36Z,0,gumpythegreat,food,2025-05-21T12:36:11.206134Z
mqg47ep,1ke1uc5,reddit,"It’s not visually appealing. At all. This is why using that checkered food paper is so important.

It would make this sad looking dish look better. 

Without it, our eyes are drawn to the details of the dish itself. Which in this case is lacking.",2025-05-03T22:48:38Z,0,ChefWithASword,food,2025-05-21T12:36:11.206141Z
mqggf2x,1ke1uc5,reddit,[ Removed by Reddit ],2025-05-04T00:04:13Z,0,Necessary-King8437,food,2025-05-21T12:36:11.206148Z
mqfcg0p,1ke1uc5,reddit,"if you wanna try doing it yourself check out this recipe

[https://www.youtube.com/watch?v=WFaBGx0Xgk4](https://www.youtube.com/watch?v=WFaBGx0Xgk4)",2025-05-03T20:09:11Z,-5,nighteeeeey,food,2025-05-21T12:36:11.206155Z
mp7owew,1k8npn2,reddit,Haw many prawn eggs did it take to make that?,2025-04-26T21:36:22Z,3,Dr_DoVeryLittle,food,2025-05-21T12:36:12.719980Z
mp7tu2d,1k8npn2,reddit,"I love fish with egg Benedict and I love prawns.

But what, 4 prawns, that's a bit underwhelming.

Still would ram it up my shitter though.",2025-04-26T22:04:10Z,2,Davison89,food,2025-05-21T12:36:12.719993Z
mp7rinz,1k8npn2,reddit,"Looks yummy, i could definitely go for that right now. 🤤",2025-04-26T21:51:01Z,1,Kai-Alistair-Star,food,2025-05-21T12:36:12.720003Z
mrxbmfp,1kkuyah,reddit,Looks delicious.  Fries are outstanding.,2025-05-12T15:13:30Z,2,Reasonable_Pay6151,food,2025-05-21T12:36:13.745474Z
momhtxv,1k61mbm,reddit,Lamb was half price too. £15 for 2.4kg,2025-04-23T15:37:06Z,3,BrewisCooper,food,2025-05-21T12:36:14.747453Z
momhwup,1k61mbm,reddit,"Two of my favourite foods covered in gravy, absolutely divine 😋😋😋😋😋😋",2025-04-23T15:37:30Z,3,RonLondonUK,food,2025-05-21T12:36:14.747465Z
momj9cd,1k61mbm,reddit,"Looks like the perfect plate of food, if you like lamb and potato and gravy. I do.",2025-04-23T15:43:58Z,3,DumbestBoy,food,2025-05-21T12:36:14.747473Z
momm0k0,1k61mbm,reddit,Nice!  I made lamb and potatoes for passover.  One of my favorites.,2025-04-23T15:57:13Z,2,freedoomed,food,2025-05-21T12:36:14.747481Z
momhtme,1k61mbm,reddit,Lord have mercy 🤤🤤🤤 that looks AMAZING how was it?,2025-04-23T15:37:03Z,1,BOOSHMEHN,food,2025-05-21T12:36:14.747488Z
momsueu,1k61mbm,reddit,Those potatoes 😫 the lamb looks amaaazing too!,2025-04-23T16:30:43Z,1,HelloKatie888,food,2025-05-21T12:36:14.747496Z
msyi6hb,1kpkzxu,reddit,I'm equally fascinated by the dog and roller blades.,2025-05-18T14:21:13Z,-1,ThrowawayCop51,food,2025-05-21T12:36:15.775784Z
mseo42b,1kn0ck9,reddit,now that's a campfire upgrade.,2025-05-15T06:28:31Z,3,SmileVibess,food,2025-05-21T12:36:17.102780Z
msf5a75,1kn0ck9,reddit,This belongs on a survival show called Fine Dining in the Wild.,2025-05-15T09:26:50Z,2,alexbxyz,food,2025-05-21T12:36:17.102794Z
msju67h,1kn0ck9,reddit,Okay can’t believe I’ve never thought of this combination.,2025-05-16T01:16:48Z,2,karmagirl314,food,2025-05-21T12:36:17.102803Z
msw6eub,1kn0ck9,reddit,Looks so good! Wish I could actually try it.lol,2025-05-18T02:28:55Z,2,Pretend-Apricot8761,food,2025-05-21T12:36:17.102811Z
mseo0ju,1kn0ck9,reddit,Where's yours? This looks like it only feeds one,2025-05-15T06:27:35Z,1,MagnaCamLaude,food,2025-05-21T12:36:17.102820Z
msj2e2j,1kfeboe,reddit,My Hero!! Michelin ⭐️⭐️⭐️,2025-05-15T22:28:21Z,2,EasternFox8957,food,2025-05-21T12:36:18.658168Z
mqqar1o,1kfeboe,reddit,"That looks delicious. Where did you eat that, or did you make it all?",2025-05-05T16:23:14Z,1,tmntguy01,food,2025-05-21T12:36:18.658184Z
mqqg61g,1kfeboe,reddit,What’s on the potatoes? They look baked then sliced and grilled?,2025-05-05T16:49:45Z,1,thefroglover,food,2025-05-21T12:36:18.658192Z
mqr8mh1,1kfeboe,reddit,I want this!,2025-05-05T19:06:58Z,1,witchyanne,food,2025-05-21T12:36:18.658200Z
mq3nufa,1kcktz2,reddit,Looks like brocollini and asparagus.,2025-05-01T22:46:03Z,12,Jarl_Xar,food,2025-05-21T12:36:19.700293Z
mq3fa9j,1kcktz2,reddit,How do you guys like your Lamb cooked?,2025-05-01T21:58:07Z,1,Theweekendatbernies,food,2025-05-21T12:36:19.700305Z
mq46728,1kcktz2,reddit,St Elmos?,2025-05-02T00:31:31Z,0,Omgaspider,food,2025-05-21T12:36:19.700314Z
mq46bx3,1kcktz2,reddit,"I'm guessing the chops were shown a picture of a burning candle, then put on the plate.  Not sure how common it is to serve them like this, very rare indeed.",2025-05-02T00:32:21Z,-15,mrdoodles,food,2025-05-21T12:36:19.700322Z
mq4ynuu,1kcktz2,reddit,[deleted],2025-05-02T03:26:05Z,-6,N/A,food,2025-05-21T12:36:19.700330Z
mowtd1l,1k78xbk,reddit,That looks incredible!,2025-04-25T03:31:38Z,1,flitcroft,food,2025-05-21T12:36:20.673414Z
mox1u5z,1k78xbk,reddit,Amazing!!! 🤩,2025-04-25T04:31:15Z,1,The_PACCAR_Kid,food,2025-05-21T12:36:20.673425Z
mozeweu,1k78xbk,reddit,Looks great,2025-04-25T15:17:30Z,1,IAmOfficial,food,2025-05-21T12:36:20.673433Z
mq50rq3,1kcrcy4,reddit,"So pretty! Did it taste light, or was it a little heavy?",2025-05-02T03:40:46Z,1,So-Cl,food,2025-05-21T12:36:22.683436Z
moq68i0,1k6i41p,reddit,"Looks really good, my fork is ready to go",2025-04-24T03:09:29Z,3,sordidcandles,food,2025-05-21T12:36:24.423821Z
mtc1ap6,1kr8nx1,reddit,"Might have followed you for other reasons (respectfully), but stayed for the delicious high protein meals. You’re an amazing cook",2025-05-20T17:55:15Z,2,GoatNice7526,food,2025-05-21T12:36:25.607401Z
mtcn7ur,1kr8nx1,reddit,Is that lime crema? Looks tasty!,2025-05-20T19:42:22Z,1,Silvanus350,food,2025-05-21T12:36:25.607414Z
msouu33,1ko6jrf,reddit,The colors are pretty and it looks very *healthy*...,2025-05-16T20:49:47Z,2,UncleToot82,food,2025-05-21T12:36:26.583174Z
mspqy6w,1ko6jrf,reddit,"looks healthy and yummy, I want 2 haha",2025-05-17T00:04:57Z,1,seaseaboat,food,2025-05-21T12:36:26.583187Z
msqk5db,1ko6jrf,reddit,"Tell
Me
The
Chick
Pea
Secrets",2025-05-17T03:14:31Z,1,detsagrebbalf,food,2025-05-21T12:36:26.583196Z
mrw9afw,1kkpu2r,reddit,Looks awesome. You did a great job!,2025-05-12T11:24:28Z,1,free-bus1,food,2025-05-21T12:36:27.661192Z
ms96qvx,1kkpu2r,reddit,"Very nice! I’ve made a few, following the Dessert Person recipe and they’ve looked very similar… I love me a good citrus dessert!",2025-05-14T11:52:56Z,1,plymer968,food,2025-05-21T12:36:27.661207Z
mrki2ys,1kj77vi,reddit,This looks yummy,2025-05-10T10:49:36Z,2,Grichnak,food,2025-05-21T12:36:28.702722Z
mqlmzsc,1kenrer,reddit,Those are some solid looking pancakes,2025-05-04T21:08:10Z,1,frenchtoastwizard,food,2025-05-21T12:36:30.210537Z
mqlvokh,1kenrer,reddit,Picture perfect yum 😋,2025-05-04T21:54:42Z,1,SeekNconquer,food,2025-05-21T12:36:30.210551Z
mqnpbiy,1kenrer,reddit,Recipe? I'm looking for a great pancake recipe.,2025-05-05T04:49:41Z,1,truthtakest1me,food,2025-05-21T12:36:30.210560Z
mrkw7c7,1kj8ygw,reddit,Wow they look so tasty,2025-05-10T12:40:58Z,1,ChevalierJulienSorel,food,2025-05-21T12:36:33.469905Z
mryej17,1kj8ygw,reddit,These look good,2025-05-12T18:22:51Z,1,Civil-Source-9790,food,2025-05-21T12:36:33.469917Z
mrky13c,1kj8ygw,reddit,I love these. I won a ribbon in 4H for mine. Just throw away the one the cat licks.,2025-05-10T12:53:07Z,1,TRIGMILLION,food,2025-05-21T12:36:33.469926Z
mqmep1p,1keun4m,reddit,"If you want to take these to the next level, spread some garlic butter on the buns and lightly toast them under the broiler. Garlic bread chicken parm burger",2025-05-04T23:44:52Z,3,alexmullen4180,food,2025-05-21T12:36:34.521597Z
mqlp0zy,1keun4m,reddit,Damn those look good,2025-05-04T21:18:56Z,2,SeaRoll2818,food,2025-05-21T12:36:34.521609Z
mqm6dmw,1keun4m,reddit,"Looks tasty

Tell us more",2025-05-04T22:56:42Z,1,Latter-Journalist,food,2025-05-21T12:36:34.521618Z
mqnvo1e,1keun4m,reddit,Mouth watering,2025-05-05T05:46:54Z,1,Successful_Cow_8713,food,2025-05-21T12:36:34.521626Z
mqhqkjo,1kebrwg,reddit,That looks so beautiful and delicious! I would be digging into that with a red bell pepper 😋,2025-05-04T05:35:21Z,1,nousename807,food,2025-05-21T12:36:37.411357Z
mqjttil,1kebrwg,reddit,"That looks really good, properly made. 10/10",2025-05-04T15:33:10Z,1,d_lev,food,2025-05-21T12:36:37.411369Z
mpl0ac6,1ka77e3,reddit,Good job! Looks amazing 😍,2025-04-29T01:13:22Z,1,MissyCharlie,food,2025-05-21T12:36:39.880017Z
mp8lttl,1k8qiph,reddit,"Meat, potatoes, and eggs. Love it.",2025-04-27T00:50:31Z,8,SkrappleDapple,food,2025-05-21T12:36:40.920133Z
mp8jbz9,1k8qiph,reddit,Oooo yummy,2025-04-27T00:34:59Z,4,Crymsm,food,2025-05-21T12:36:40.920148Z
mp8u7cz,1k8qiph,reddit,"Thank you for the idea , I want to make a baked potato and top it with cheddar cheese and homemade onion gravy . I am vegetarian and don't care much for eggs so I 'll leave those out .",2025-04-27T01:44:12Z,2,Ecstatic-Math8907,food,2025-05-21T12:36:40.920157Z
mrzm4v8,1kl4pph,reddit,Looks beautiful! What did you wash it down with?,2025-05-12T22:03:28Z,3,WarmingSwirl,food,2025-05-21T12:36:41.970611Z
mrzoqtt,1kl4pph,reddit,"Well done. Love those little dried apricots - my wife and I always put those and the dried orange slices from Trader Joes on our boards, too.",2025-05-12T22:17:54Z,3,WeBornToHula,food,2025-05-21T12:36:41.970623Z
ms07ewp,1kl4pph,reddit,"Obligatory, where is the ramp?",2025-05-13T00:02:14Z,1,MonsterUltra,food,2025-05-21T12:36:41.970632Z
ms1qo33,1kl4pph,reddit,Get me a glass of wine 🙂‍↔️,2025-05-13T06:13:24Z,1,Shawarma4255,food,2025-05-21T12:36:41.970641Z
mq9rtwf,1kdcftp,reddit,That looks immense. Share please 🥺,2025-05-02T21:41:55Z,4,Jj12346,food,2025-05-21T12:36:42.929326Z
mq9sfn8,1kdcftp,reddit,"Honestly, nothing hits the spot like Döner Kebab after a long day flavorful, filling, and just messy enough to feel like an accomplishment.",2025-05-02T21:45:11Z,4,WaternooseWink,food,2025-05-21T12:36:42.929339Z
mo86qyi,1k48ti1,reddit,https://www.greatbritishchefs.com/recipes/marcus-wareing-custard-tart-recipe,2025-04-21T08:49:52Z,3,Reverend_Butler,food,2025-05-21T12:36:43.969305Z
mo8xjra,1k48ti1,reddit,"This looks great. I love egg custard tarts and although my go to when I craving one is a pastel de nata, every so often a nutmeg-y British style one just hits the spot. This looks like a really good recipe.",2025-04-21T12:42:37Z,1,CobaltOkk,food,2025-05-21T12:36:43.969318Z
msycufq,1kpi3rh,reddit,Geniet jou ete!,2025-05-18T13:50:46Z,3,b4ttleduck,food,2025-05-21T12:36:45.053276Z
msxxa00,1kpi3rh,reddit,Nice! What's the marinade?,2025-05-18T12:05:39Z,1,yesboss13,food,2025-05-21T12:36:45.053288Z
msyqe9i,1kpi3rh,reddit," 
Balke toe ou choppa",2025-05-18T15:05:24Z,1,Sum_Oke,food,2025-05-21T12:36:45.053296Z
msyusmf,1kpi3rh,reddit,I wish I still had some of the braai seasoning my friend gave me before moving from SA to Scotland.,2025-05-18T15:29:02Z,1,hvacigar,food,2025-05-21T12:36:45.053304Z
mt14u3j,1kpi3rh,reddit,Sommer lekker.,2025-05-18T22:49:56Z,1,roffelmao,food,2025-05-21T12:36:45.053311Z
msdbk9x,1kmvcfl,reddit,Recipe from [Hot Thai Kitchen](https://hot-thai-kitchen.com/pad-see-ew-new/),2025-05-15T00:47:13Z,5,climbingthro,food,2025-05-21T12:36:47.148111Z
msdiw82,1kmvcfl,reddit,This is a staple in my house. I'm super lucky to have a market nearby that sells 2lb packs of fresh noodles.,2025-05-15T01:29:26Z,3,StinkyEttin,food,2025-05-21T12:36:47.148123Z
mqtttcr,1kfuly3,reddit,ok can I come over?,2025-05-06T03:42:55Z,1,d_lev,food,2025-05-21T12:36:48.217063Z
mqtu6ls,1kfuly3,reddit,"That's clearly a frozen microwave dinner :)


Looks amazing",2025-05-06T03:45:35Z,1,MassCasualty,food,2025-05-21T12:36:48.217075Z
mpmnxtm,1kaisbs,reddit,Fried chicken + momos? This is the culinary crossover we didn't know we needed! 🍗🥟,2025-04-29T09:01:00Z,4,Sophiassa,food,2025-05-21T12:36:49.286214Z
mpdk16g,1k9d7o4,reddit,Looks delicious!,2025-04-27T21:00:18Z,2,APK2682,food,2025-05-21T12:36:50.361563Z
mp2a9az,1k7y37r,reddit,Looks very well-cooked and delicious!,2025-04-26T00:07:00Z,2,HelloKatie888,food,2025-05-21T12:36:51.422464Z
mp1z7qt,1k7y37r,reddit,That looks so good! And I love the fillet looks bigger than the bun!,2025-04-25T23:04:37Z,2,Major_Replacement905,food,2025-05-21T12:36:51.422477Z
mp2mvw4,1k7y37r,reddit,Nice!!! 😀,2025-04-26T01:22:11Z,1,The_PACCAR_Kid,food,2025-05-21T12:36:51.422486Z
ms6zoj7,1km2qva,reddit,Nice,2025-05-14T01:11:36Z,4,2lit_,food,2025-05-21T12:36:52.524163Z
ms9afmu,1km2qva,reddit,Great!,2025-05-14T12:17:35Z,2,b4ttleduck,food,2025-05-21T12:36:52.524174Z
msapyww,1km2qva,reddit,Looks pretty great. ,2025-05-14T16:45:06Z,2,angelHOE,food,2025-05-21T12:36:52.524182Z
ms7msha,1km2qva,reddit,Cool,2025-05-14T03:33:48Z,1,goddesmoo,food,2025-05-21T12:36:52.524190Z
ms7tfzf,1km2qva,reddit,Perfect 😍,2025-05-14T04:20:29Z,1,Master-Bullfrog9233,food,2025-05-21T12:36:52.524197Z
mqyt6ny,1kg50vd,reddit,Tendon is my fave in pho,2025-05-06T22:26:28Z,4,bubblegamy,food,2025-05-21T12:36:53.665755Z
mqvwmr5,1kg50vd,reddit,"Brisket and tendons are such a rich combo, perfect for a hearty meal.",2025-05-06T14:01:22Z,3,CleatCrown,food,2025-05-21T12:36:53.665769Z
mqujdvr,1kfyj58,reddit,So *you’re* the one they’re talking about in Boombox - The Lonely Island feat. Julian Casablancas.,2025-05-06T07:26:37Z,5,ontopic,food,2025-05-21T12:36:54.720162Z
mqulhgh,1kfyj58,reddit,Wow,2025-05-06T07:49:21Z,1,Junaiia,food,2025-05-21T12:36:54.720173Z
mqven8v,1kfyj58,reddit,They’re eating the geese!,2025-05-06T12:15:39Z,1,bmagnien,food,2025-05-21T12:36:54.720181Z
mr6i7mo,1kfyj58,reddit,"Hope you saved the goose grease, I hear that gets expensive ",2025-05-08T02:36:27Z,1,ImmaculateWeiss,food,2025-05-21T12:36:54.720188Z
msb08lz,1kmkdae,reddit,Looks phenomenal OP!!!! Was it as good as it looks?? Gonna leave us in suspense!!!!! lol!!!,2025-05-14T17:33:25Z,2,Purple_haze9,food,2025-05-21T12:36:55.699536Z
mr443yx,1kh5b91,reddit,That looks like it would go down swimmingly.,2025-05-07T18:55:11Z,5,RatedArgForPiratesFU,food,2025-05-21T12:36:56.752719Z
mr4p1by,1kh5b91,reddit,That salsa looks so freakin good!,2025-05-07T20:35:59Z,2,jgarciajr1330,food,2025-05-21T12:36:56.752731Z
mqm7hzs,1kewzht,reddit,"This is the way my family has always made it, with the chicken cut into smaller pieces

* Cut up some chicken thighs and sprinkle the pieces in ground ginger.  
* Cook the chicken in a pot with a tablespoon of cooking oil until the chicken is browned. 
* Add 1-2 tablespoons of chopped garlic. 
* Pour a 1/4 cup of vinegar, 1/3 cup of chicken broth, and 1/3 cup of soy sauce in the pot, and set it to boil.  
* Then add some black peppercorn and bay leaves. Set the stove to low, then let it simmer with a lid on for 30 minutes.  
* When it’s done, the chicken should be soft enough that you don’t need a knife.  
* Serve on rice.",2025-05-04T23:03:15Z,9,Spiral-Force,food,2025-05-21T12:36:57.844560Z
mqm7ji4,1kewzht,reddit,"Next time, I want to try it with pork belly",2025-05-04T23:03:31Z,3,Spiral-Force,food,2025-05-21T12:36:57.844585Z
mqo3ywq,1kewzht,reddit,"Isn’t it too salty with that chicken broth and soy sauce?? I cook my adobo with 1/4soy sauce, 1/3 vinegar and 1 cup water and it’s salty for me already that why im asking..",2025-05-05T07:10:38Z,1,evrthngisgnnabfine,food,2025-05-21T12:36:57.844594Z
mqfuak6,1ke1uy6,reddit,![gif](giphy|bBEtZwqvQogeY),2025-05-03T21:48:14Z,3,Mr-Macphisto,food,2025-05-21T12:36:58.865114Z
mqfg05v,1ke1uy6,reddit,What! There’s no Vietnamese coffee? :) cafe du monde,2025-05-03T20:28:41Z,3,Objective_Rice1237,food,2025-05-21T12:36:58.865127Z
mqjl30x,1ke1uy6,reddit,"I went to New Orleans to Cafe Du Monde and after being served, as a NYC kid said Oh Zeppo's. (zeppole) I still remember the look she gave me.",2025-05-04T14:47:26Z,1,Ray186,food,2025-05-21T12:36:58.865136Z
mqflwow,1ke1uy6,reddit,"Background makes it look like you found a snow dusted piece of debris or dookie on the road to eat

Just sayin",2025-05-03T21:00:34Z,1,CuzRacecar,food,2025-05-21T12:36:58.865145Z
mqectp8,1kdwgi7,reddit,Carbonara's police here asking for the recipe XD,2025-05-03T17:01:30Z,12,warsago,food,2025-05-21T12:36:59.970651Z
mqudw16,1kdwgi7,reddit,There is no “authentic” recipe though.,2025-05-06T06:29:42Z,1,ProtectionPrevious71,food,2025-05-21T12:36:59.970663Z
mqe50a7,1kdwgi7,reddit,Looks delicious. I learned a lot about cooking pasta the first time I made carbonara. Who knew starchy pasta water would reduce to a creamy sauce??,2025-05-03T16:21:00Z,-1,scipper77,food,2025-05-21T12:36:59.970671Z
mp3yeiy,1k86uyg,reddit,would you like some eggplant with that parm,2025-04-26T07:13:31Z,3,Cyanide-in-My-Spirit,food,2025-05-21T12:37:01.056454Z
mp3wiyl,1k86uyg,reddit,Eggplant parmarvellous,2025-04-26T06:55:34Z,2,gilbygreen777,food,2025-05-21T12:37:01.056466Z
mp48xy0,1k86uyg,reddit,Looks quite good,2025-04-26T08:59:02Z,2,Lots_Of_Bar,food,2025-05-21T12:37:01.056475Z
mp85br1,1k86uyg,reddit,https://preview.redd.it/5z1qkaf4h9xe1.jpeg?width=640&format=pjpg&auto=webp&s=ed4a8d6b3f8aec9b8e49fc6689024d90d5117038,2025-04-26T23:09:57Z,1,Luutamo,food,2025-05-21T12:37:01.056482Z
mp45h54,1k86uyg,reddit,It just dawned on me that American “chicken parm” dish comes from parmigiana 🤦‍♂️,2025-04-26T08:23:52Z,1,DRJT,food,2025-05-21T12:37:01.056490Z
mp4bl6u,1k86uyg,reddit,Not a fan of eggplant but that looks good,2025-04-26T09:26:15Z,0,baeokada,food,2025-05-21T12:37:01.056498Z
mp4vyb1,1k86uyg,reddit,"melanzane alla parmigiana


Perfecto!",2025-04-26T12:25:07Z,0,TheOneWhoSitsInLake,food,2025-05-21T12:37:01.056506Z
mtcrapx,1kreldk,reddit,I’m suddenly hungry,2025-05-20T20:02:43Z,3,Swimming-Kiwi-9798,food,2025-05-21T12:37:02.091175Z
mte147t,1kreldk,reddit,"Before I went to the second picture, I was hoping the rosemary was the salad.",2025-05-21T00:08:39Z,3,Pls9887,food,2025-05-21T12:37:02.091187Z
mtdl06g,1kreldk,reddit,That looks delicious,2025-05-20T22:36:11Z,2,Upgrayyedd43,food,2025-05-21T12:37:02.091196Z
mtc3v7s,1kr9nqx,reddit,The chicken looks perfect!,2025-05-20T18:07:34Z,1,softrotten,food,2025-05-21T12:37:03.231478Z
mtd48s3,1kr9nqx,reddit,Where is the Snakes pistol MK22 aka Hush puppy?!,2025-05-20T21:06:36Z,1,Vsipuli,food,2025-05-21T12:37:03.231490Z
mtcrol4,1kr9nqx,reddit,"Looks tasty 👍🏼

Have you the recipe?",2025-05-20T20:04:41Z,0,LongShotts,food,2025-05-21T12:37:03.231498Z
msw63js,1kp95qt,reddit,Those are fried perfectly.,2025-05-18T02:26:43Z,6,gdubh,food,2025-05-21T12:37:04.200015Z
msw44az,1kp95qt,reddit,Sunny side up eggs are the best way to eat a fried egg IMO. Just need some toast or a biscuit and you're good to go.,2025-05-18T02:12:50Z,4,GOLDEN_WIZARD_MAN,food,2025-05-21T12:37:04.200028Z
mrqxdzm,1kjzqcu,reddit,Looks like you succeeded. ,2025-05-11T13:43:07Z,8,DisfavoredFlavored,food,2025-05-21T12:37:05.556777Z
mrqlmmf,1kjzqcu,reddit,[removed],2025-05-11T12:23:21Z,6,N/A,food,2025-05-21T12:37:05.556789Z
mrqudl0,1kjzqcu,reddit,Looks good. I'd eat it.,2025-05-11T13:23:57Z,2,CARCRASHXIII,food,2025-05-21T12:37:05.556797Z
mrrdzb5,1kjzqcu,reddit,Looks cool. What is the white stuff that is drizzled on top?,2025-05-11T15:16:09Z,1,N/A,food,2025-05-21T12:37:05.556804Z
mqgkws5,1ke7c1o,reddit,Oh my 😍,2025-05-04T00:33:18Z,3,experiencinglifelo,food,2025-05-21T12:37:06.653747Z
mqi9ts2,1ke7c1o,reddit,Looks bomb af,2025-05-04T08:46:21Z,2,d8ms,food,2025-05-21T12:37:06.653760Z
mqgmgza,1ke7c1o,reddit,Nice work!!,2025-05-04T00:43:17Z,1,ButterbeanSummercorn,food,2025-05-21T12:37:06.653769Z
mt84z24,1kqsrgp,reddit,That looks horrible. I think I need to go over and save you from it. Just trying to be friendly and all. ;),2025-05-20T01:42:26Z,5,FullBoat29,food,2025-05-21T12:37:07.657953Z
mtb1b4t,1kqsrgp,reddit,Oh yeaaa,2025-05-20T15:01:24Z,3,CanIHazSumCheeseCake,food,2025-05-21T12:37:07.657964Z
mr8sbd9,1khp05w,reddit,"It looks really good and I'm glad it came out great, but why would you eat it like that you animal haha",2025-05-08T13:43:32Z,10,Evermar314159,food,2025-05-21T12:37:08.615535Z
mr8oqjf,1khp05w,reddit,OP you dessert fairy godparent,2025-05-08T13:23:47Z,2,Successful_Cow_8713,food,2025-05-21T12:37:08.615547Z
mpp1eez,1kajy2z,reddit,"What was the recipe for the volcano sauce? I remember it being so good.

Had a good friend make a few attempts at replicating it but it never quite landed.",2025-04-29T17:37:59Z,5,CelticBlueManGroup,food,2025-05-21T12:37:09.847130Z
mpmtmoj,1kajy2z,reddit,So is a Mexican pizza just a quesadilla with stuff on top? I never really thought about it,2025-04-29T10:00:52Z,1,ladydanger2020,food,2025-05-21T12:37:09.847144Z
mpmtneb,1kajy2z,reddit,So is a Mexican pizza just a quesadilla with stuff on top? I never really thought about it,2025-04-29T10:01:04Z,0,ladydanger2020,food,2025-05-21T12:37:09.847153Z
mtajc75,1kr4s8w,reddit,is that fried chicken?,2025-05-20T13:28:13Z,1,bubori2007,food,2025-05-21T12:37:11.249787Z
msh3fzf,1kn7ry7,reddit,Too pretty to eat. But I'd do it anyhow.,2025-05-15T16:36:30Z,4,nearlysentient,food,2025-05-21T12:37:12.810392Z
mshwfq5,1kn7ry7,reddit,"No me refería a eso cuando dije ""póngase la flor de calabaza dentro de la tortilla"".",2025-05-15T18:56:50Z,4,brewbase,food,2025-05-21T12:37:12.810404Z
msg9xxu,1kn7ry7,reddit,Those look absolutely amazing!,2025-05-15T14:10:57Z,3,N/A,food,2025-05-21T12:37:12.810413Z
mshe30s,1kn7ry7,reddit,"Looks like a couple leaves got in your tacos there, friend",2025-05-15T17:27:27Z,1,CaptainLookylou,food,2025-05-21T12:37:12.810421Z
mqaqpox,1kdfz6c,reddit,"Chicken and rice, any recipe really, is like an all time favorite. Simple goodness.",2025-05-03T01:04:40Z,5,954kevin,food,2025-05-21T12:37:13.788347Z
mqaoaq5,1kdfz6c,reddit,Drop the recipe!,2025-05-03T00:50:02Z,3,beans95,food,2025-05-21T12:37:13.788361Z
mqbpqwe,1kdfz6c,reddit,Is that Rice-a-roni? 10/10,2025-05-03T05:11:19Z,1,Dod93_,food,2025-05-21T12:37:13.788370Z
mq5h8z9,1kcsdnq,reddit,Hot damn that looks amazing.,2025-05-02T05:53:41Z,4,ButterSlickness,food,2025-05-21T12:37:14.857556Z
mo9c25l,1k4dpss,reddit,"Sausage, onion and peppers on a pizza is my favorite",2025-04-21T14:09:28Z,3,paulerxx,food,2025-05-21T12:37:15.863595Z
mo98vdx,1k4dpss,reddit,If you don’t mind me asking if you measured it out how much cheese per pie do you use? This looks great and I want to replicate!,2025-04-21T13:51:50Z,1,bananapally,food,2025-05-21T12:37:15.863607Z
mt53fxh,1kqfa7r,reddit,Man you got them skills... looking like straight out of a 5 star restaurant... hell yeah i want sum ![gif](emote|free_emotes_pack|upvote)![gif](emote|free_emotes_pack|upvote)![gif](emote|free_emotes_pack|upvote),2025-05-19T16:01:11Z,3,xPisdeZx,food,2025-05-21T12:37:20.281017Z
mt5l1tl,1kqfa7r,reddit,Totally making me hungry—wish I had a plate right now,2025-05-19T17:27:22Z,2,JumpSquatBelle,food,2025-05-21T12:37:20.281028Z
mrdq66r,1khxoqe,reddit,Higher heat my friend . Gg,2025-05-09T06:58:47Z,1,Aint_EZ_bein_AZ,food,2025-05-21T12:37:21.369786Z
mras7o1,1khxoqe,reddit,Looks good. My favorite cut of meat.,2025-05-08T19:35:56Z,1,Bleachsmoker,food,2025-05-21T12:37:21.369799Z
mraljk0,1khxoqe,reddit,I want to eat it!!!!!!!!!!,2025-05-08T19:02:48Z,1,Straight_Show_5119,food,2025-05-21T12:37:21.369807Z
mq76ush,1kd1ruv,reddit,Id say they are good at anytime of day. These look delicious!,2025-05-02T14:10:39Z,3,Lifeofabeard5,food,2025-05-21T12:37:22.449002Z
mq78drt,1kd1ruv,reddit,Ugghhh. Now I am getting out of bed and making waffles.,2025-05-02T14:18:14Z,2,6inarowmakesitgo,food,2025-05-21T12:37:22.449015Z
mq8i0gc,1kd1ruv,reddit,This looks SO good and the presentation is stellar!,2025-05-02T17:54:21Z,2,smilowl,food,2025-05-21T12:37:22.449024Z
mpdjd3i,1k9e54y,reddit,Looks amazing. I love putting shredded coconut and a sprinkle of brown sugar on top of banana bread.,2025-04-27T20:56:58Z,4,wordy-toaster,food,2025-05-21T12:37:23.455003Z
mpeer3m,1k9e54y,reddit,Looks delicious 😋,2025-04-27T23:50:58Z,2,beautifulj96,food,2025-05-21T12:37:23.455017Z
mpdo19h,1k9e54y,reddit,"Nah I didn't like it . It seems very healthy to me, but it's a good recipe.",2025-04-27T21:21:13Z,0,Magdeus,food,2025-05-21T12:37:23.455026Z
moltipm,1k5vi74,reddit,"are these difficult to make? i really like moroccan bread, but i can't always get them.",2025-04-23T13:34:06Z,2,daddyd,food,2025-05-21T12:37:24.465085Z
mol3iru,1k5vi74,reddit,Along with ?,2025-04-23T10:36:55Z,0,New-Water-2674,food,2025-05-21T12:37:24.465099Z
mt7ff37,1kqoenc,reddit,You mean to tell me a shrimp fried this rice?,2025-05-19T23:07:52Z,1,0ceanshore,food,2025-05-21T12:37:25.434916Z
mt1npxe,1kpyokv,reddit,Why have I never thought of this? Brilliant!,2025-05-19T00:46:03Z,4,Punk2Pampers,food,2025-05-21T12:37:26.434557Z
mt1m3cl,1kpyokv,reddit,hellz yes,2025-05-19T00:35:50Z,2,sprinkles5000,food,2025-05-21T12:37:26.434586Z
mqtn7es,1kfs1ce,reddit,I didn't know this was a thing. Sounds amazing,2025-05-06T02:57:27Z,10,d_lev,food,2025-05-21T12:37:27.638504Z
mqt6sx0,1kfs1ce,reddit,I want these.,2025-05-06T01:20:36Z,4,Significant_Luck2941,food,2025-05-21T12:37:27.638510Z
mqu4gjd,1kfs1ce,reddit,"Flavoured pistachios, my favourite finger food to snack on with a beer",2025-05-06T05:03:23Z,3,goodfellas01,food,2025-05-21T12:37:27.638514Z
mqujp5m,1kfs1ce,reddit,Wow where did you get these,2025-05-06T07:29:59Z,2,Successful_Cow_8713,food,2025-05-21T12:37:27.638518Z
mqy8goi,1kfs1ce,reddit,Seems like all the flavors would be wasted on the shell...,2025-05-06T20:43:19Z,1,fattmann,food,2025-05-21T12:37:27.638521Z
mqtav34,1kfs1ce,reddit,I would fuck these up right now.,2025-05-06T01:43:47Z,0,DidYouSetItTo-Wumbo,food,2025-05-21T12:37:27.638525Z
mp5jz80,1k8duq5,reddit,What’s the orange carrot? Is it steamed,2025-04-26T14:49:28Z,5,JelloWise2789,food,2025-05-21T12:37:29.194697Z
mp6lgok,1k8duq5,reddit,Exquisite is doing some heavy lifting here.,2025-04-26T18:03:24Z,8,you_aint_seen_me-,food,2025-05-21T12:37:29.194707Z
mp5xtey,1k8duq5,reddit,Eggs-quisite,2025-04-26T16:02:00Z,3,CommieOfLove,food,2025-05-21T12:37:29.194713Z
mp5dshh,1k8duq5,reddit,Niiiice,2025-04-26T14:15:51Z,1,Lots_Of_Bar,food,2025-05-21T12:37:29.194719Z
mp5jjdy,1k8duq5,reddit,Yasss!  The weekends are my fried egg toast days.  Tomato Avocado Gouda with Garlic Aioli,2025-04-26T14:47:06Z,1,DucCat900,food,2025-05-21T12:37:29.194725Z
mp5drsb,1k8duq5,reddit,Looks delicious OP,2025-04-26T14:15:44Z,0,jellybelly0212,food,2025-05-21T12:37:29.194731Z
mp5lcrd,1k8duq5,reddit,"looks quite simple but healthy, and that's not less important. I eat such toasts almost every morning, i just adore them",2025-04-26T14:56:43Z,0,HorrorGradeCandy,food,2025-05-21T12:37:29.194737Z
mp74pn4,1k8duq5,reddit,My guess you are not from the US.  That’s too much eggs to use in a sandwich here 😁.,2025-04-26T19:46:07Z,-5,segma98,food,2025-05-21T12:37:29.194742Z
moxi1lw,1k7ben2,reddit,What would a non egg omelette look like?,2025-04-25T06:54:26Z,16,Samtoast,food,2025-05-21T12:37:30.238954Z
moxbrig,1k7ben2,reddit,"looks good, ggs op",2025-04-25T05:54:32Z,2,bezalil,food,2025-05-21T12:37:30.238960Z
moxxd5h,1k7ben2,reddit,Love a good omlette and this looks good 👌,2025-04-25T09:33:56Z,2,InternetTourrer,food,2025-05-21T12:37:30.238964Z
moxzn3w,1k7ben2,reddit,Egg omelette as opposed to?,2025-04-25T09:56:34Z,2,eveningr,food,2025-05-21T12:37:30.238968Z
moyi9zr,1k7ben2,reddit,🤤,2025-04-25T12:22:34Z,2,theredpiccolo,food,2025-05-21T12:37:30.238971Z
moxavwx,1k7ben2,reddit,omelette du fromage?,2025-04-25T05:46:39Z,2,M_R_Big,food,2025-05-21T12:37:30.238975Z
mox402m,1k7ben2,reddit,"Looks delicious.  Makes me wanna add 2 strips of bacon, toast, and o.j. lol. Good work, my friend.",2025-04-25T04:48:01Z,1,CollectionPerfect321,food,2025-05-21T12:37:30.238978Z
mojf2j9,1k5hzuw,reddit,"If our own local market (NZ) is anything to go by, the crop production levels have grown massively in the last few years, to the point where they are less limited than they were even two seasons past.

They are delicious though, I just had one with my lunch.",2025-04-23T01:58:01Z,5,gudnuusevry1,food,2025-05-21T12:37:31.395681Z
moi62mg,1k5hzuw,reddit,How do they taste?,2025-04-22T21:42:38Z,2,hisnherfun,food,2025-05-21T12:37:31.395693Z
moi7byr,1k5hzuw,reddit,🤤 I need to try some,2025-04-22T21:49:16Z,2,theredpiccolo,food,2025-05-21T12:37:31.395700Z
moi7mkx,1k5hzuw,reddit,Looks so good! Hopefully some stores in my area get them. We haven’t even had the regular ones lately. Wonder if something happened with the supply.,2025-04-22T21:50:50Z,2,BiancoFuji599XX,food,2025-05-21T12:37:31.395707Z
moj4oyu,1k5hzuw,reddit,I love the golden kiwi's.  I'll have to try these,2025-04-23T00:56:41Z,2,Huebacca,food,2025-05-21T12:37:31.395713Z
mok8hom,1k5hzuw,reddit,"Never seen these, but as soon as I find some, DEFINITELY making a pavlova to garnish with them! Gorgeous colors!",2025-04-23T05:22:10Z,2,OrigamiStormtrooper,food,2025-05-21T12:37:31.395720Z
mt0q211,1k5hzuw,reddit,"Got some, and have no regrets! Really good, personally I think I like them better than the golden (especially since I've been eating them far faster). Gonna miss them when they go out of season.",2025-05-18T21:25:06Z,2,RainbowPatooie,food,2025-05-21T12:37:31.395727Z
moi7554,1k5hzuw,reddit,how are they diff from the usual kiwi?,2025-04-22T21:48:15Z,1,ashkantalentpop,food,2025-05-21T12:37:31.395734Z
ms7n4ub,1klqu3q,reddit,My favorite food,2025-05-14T03:36:10Z,2,goddesmoo,food,2025-05-21T12:37:33.319723Z
mpme4yz,1kacmjo,reddit,"take out the blueberry and i’m in

lol",2025-04-29T07:15:53Z,5,0v0,food,2025-05-21T12:37:34.360303Z
mpl7niw,1kacmjo,reddit,Those look amazing!!,2025-04-29T01:56:43Z,1,scott14k,food,2025-05-21T12:37:34.360313Z
mplnf70,1kacmjo,reddit,"Oh, man, that looks delicious! Blue cheese is definitely my favorite for bacon burgers. To be fair, I've tried quite a number of cheeses on them, like cheddar, swiss, and even pepper jack, but nothing can compare. It just adds a certain something special to give a nice kick.",2025-04-29T03:32:49Z,0,markbroncco,food,2025-05-21T12:37:34.360319Z
mplfuba,1kacmjo,reddit,Eating good at the firehouse today. Blue cheese and bacon just take a burger to the next level. Looks great.,2025-04-29T02:45:23Z,0,SkrappleDapple,food,2025-05-21T12:37:34.360326Z
mo9shvm,1k4f2rv,reddit,Oh man I just made a dinty Moore style beef stew yesterday,2025-04-21T15:33:11Z,1,dhoepp,food,2025-05-21T12:37:35.325553Z
mob8osr,1k4f2rv,reddit,"I searched for ""venison"" online and found that it is the meat of a deer. Cool, I didn't know that",2025-04-21T20:02:55Z,1,jeffvale1624,food,2025-05-21T12:37:35.325580Z
mrsvhwf,1kk680w,reddit,Why are there always dogs in these food photos? ;p,2025-05-11T20:03:56Z,4,ButDidYouCry,food,2025-05-21T12:37:37.257694Z
mru6mox,1kk680w,reddit,"That looks really great! I don't know, I travel a lot for living. And I'm a surprised that your eggs Benedict looks better than 99% of the ones I've tried in restaurants.",2025-05-12T00:43:53Z,2,BossJackson222,food,2025-05-21T12:37:37.257708Z
mrs3bna,1kk680w,reddit,Love the picture and the dog,2025-05-11T17:30:21Z,4,mghkk,food,2025-05-21T12:37:37.257717Z
mrskinn,1kk680w,reddit,Doggo is negotiating hard with those eyes 🥺😂,2025-05-11T19:02:48Z,1,eric_b0x,food,2025-05-21T12:37:37.257725Z
mrt1ini,1kk680w,reddit,And fed it to the dog?,2025-05-11T20:36:46Z,-1,runningoutofwords,food,2025-05-21T12:37:37.257733Z
mqzyhg2,1kgm5ic,reddit,"They look yummy, but the dicing of that onion is also giving me a chuckle. Was the salsa avocado and tomatillo?",2025-05-07T02:21:57Z,6,TheThunderFlop,food,2025-05-21T12:37:38.208057Z
mr0ryrh,1kgm5ic,reddit,Higher heat on the next steak! Let me get a couple of these.,2025-05-07T05:57:29Z,1,iiTzSTeVO,food,2025-05-21T12:37:38.208069Z
mqjmkng,1kejrl6,reddit,double top bun!!!!!!,2025-05-04T14:55:12Z,9,Interesting-Goose82,food,2025-05-21T12:37:39.369544Z
mqjbp6t,1kejrl6,reddit,That's a crazy amount of cherry tomatoes but looks like it works and is amazing haha,2025-05-04T13:56:10Z,8,nahlgae,food,2025-05-21T12:37:39.369556Z
mrbzcrc,1kejrl6,reddit,I want to eat this. Yum!,2025-05-08T23:26:04Z,2,overachievingovaries,food,2025-05-21T12:37:39.369564Z
mqjg917,1kejrl6,reddit,I don’t see any burger though?,2025-05-04T14:21:33Z,9,tacocollector2,food,2025-05-21T12:37:39.369584Z
mqj6yna,1kejrl6,reddit,This looks so yummy,2025-05-04T13:28:18Z,0,Impressive_Will2182,food,2025-05-21T12:37:39.369591Z
mou4jz7,1k6z9mz,reddit,"I, too, go to Ikea often.....",2025-04-24T18:46:38Z,15,chrispdx,food,2025-05-21T12:37:40.379236Z
mou2dnx,1k6z9mz,reddit,Hmm... What are the odds you have family from Gothenburg?,2025-04-24T18:36:04Z,1,barontaint,food,2025-05-21T12:37:40.379250Z
mou2rrp,1k6z9mz,reddit,"I make my sauce with cream, beef stock, dill, white pepper, dark soy sauce and I sometimes put a bit of lingonberry or cranberry jam in it.",2025-04-24T18:38:00Z,1,NeonFaced,food,2025-05-21T12:37:40.379259Z
movyvih,1k6z9mz,reddit,Is calling them Swedish meatballs taboo?,2025-04-25T00:34:22Z,1,ProfessorKeaton,food,2025-05-21T12:37:40.379267Z
mow6egq,1k6z9mz,reddit,"Mmmm, pile o jam, my fave",2025-04-25T01:17:15Z,1,OrochiKarnov,food,2025-05-21T12:37:40.379276Z
mouaxmv,1k6z9mz,reddit,This is a reminder to cook meatballs in my freezer,2025-04-24T19:17:43Z,1,Goochenhaumeister,food,2025-05-21T12:37:40.379284Z
mowziug,1k6z9mz,reddit,It looks really good 🙂,2025-04-25T04:14:18Z,0,The_PACCAR_Kid,food,2025-05-21T12:37:40.379293Z
mrp1dim,1kjrqxf,reddit,Yum! Well done,2025-05-11T03:37:22Z,2,SantoriniSun1,food,2025-05-21T12:37:41.339580Z
mrpv797,1kjrqxf,reddit,amazing!! recipe?,2025-05-11T08:08:46Z,1,haylin971,food,2025-05-21T12:37:41.339594Z
ms0p22t,1kl9a1p,reddit,"I will ignore what I wish, and as far as what's appropriate, that's in the eye of the beholder. Subjective it is, and your tacos look scrumptious!",2025-05-13T01:45:22Z,1,Jolee5,food,2025-05-21T12:37:42.299215Z
mre7sr0,1ki6sk8,reddit,Looks yummy!,2025-05-09T10:05:05Z,1,LEMENAGERVatter,food,2025-05-21T12:37:43.248093Z
mod9rkn,1k4ur5e,reddit,I can’t be the only one who thought that third picture was some weird looking bread canoe.,2025-04-22T02:46:43Z,6,noronto,food,2025-05-21T12:37:44.394452Z
modji4d,1k4ur5e,reddit,That looks really tasty!,2025-04-22T03:51:27Z,5,ButterSlickness,food,2025-05-21T12:37:44.394464Z
modti6c,1k4ur5e,reddit,Looks so good,2025-04-22T05:07:45Z,3,mkthehotti,food,2025-05-21T12:37:44.394472Z
moekd2d,1k4ur5e,reddit,"Looks delicious! Question, did you combine indirect and direct fire or were you only giving them extra roastiness on the second picture?",2025-04-22T09:43:24Z,2,Crocodoro,food,2025-05-21T12:37:44.394480Z
mov0zj9,1k4ur5e,reddit,Do you shop at Costco,2025-04-24T21:27:15Z,2,Standard_Meat_7438,food,2025-05-21T12:37:44.394487Z
msw4hf8,1kp7uzw,reddit,"That looks great, how'd you season and cook the fish?",2025-05-18T02:15:22Z,2,Tabmow,food,2025-05-21T12:37:45.368887Z
mt8wkll,1kp7uzw,reddit,Killer!!,2025-05-20T05:00:03Z,1,TlingitGolfer24,food,2025-05-21T12:37:45.368900Z
mov57y1,1k740xe,reddit,"I used this shortcake recipe  
[https://sallysbakingaddiction.com/easy-homemade-strawberry-shortcake/](https://sallysbakingaddiction.com/easy-homemade-strawberry-shortcake/)",2025-04-24T21:49:28Z,1,kukukraut,food,2025-05-21T12:37:48.211871Z
mowxwjl,1k740xe,reddit,Delicious!!! 🤩,2025-04-25T04:02:31Z,1,The_PACCAR_Kid,food,2025-05-21T12:37:48.211883Z
mov4wzo,1k740xe,reddit,Can you provide the recipe?,2025-04-24T21:47:51Z,0,Major_Replacement905,food,2025-05-21T12:37:48.211892Z
moc3qz0,1k4p7g0,reddit,Very nice... and great knife too,2025-04-21T22:45:09Z,5,AmateurPhotog57,food,2025-05-21T12:37:49.333014Z
modlnl2,1k4p7g0,reddit,"Impressive, next time try frying your own tortilla chips. Sauce like that deserves it.",2025-04-22T04:06:53Z,3,Pistolero921,food,2025-05-21T12:37:49.333026Z
mobzmvs,1k4p7g0,reddit,"Looks incredible, well done",2025-04-21T22:21:45Z,2,father_jered,food,2025-05-21T12:37:49.333035Z
modu8os,1k4p7g0,reddit,My guy is out there raw dogging a white onion.,2025-04-22T05:13:51Z,2,SentorialH1,food,2025-05-21T12:37:49.333042Z
mrmu97l,1kjhtdl,reddit,What’s with the quotes around buffalo?,2025-05-10T19:18:02Z,2,pandatasss,food,2025-05-21T12:37:50.359310Z
mrn1m4p,1kjhtdl,reddit,"Looks amazing, and I would demolish it, but I can't help but think a piece of fried chicken  would work better with all that acid. 


Regardless, look pro.",2025-05-10T20:00:48Z,1,Pie_am_Error,food,2025-05-21T12:37:50.359322Z
mr234cv,1kgwbof,reddit,That's a gourmet breakfast,2025-05-07T12:54:02Z,2,Sima228,food,2025-05-21T12:37:51.386095Z
mr29hmk,1kgwbof,reddit,Looks fantastic ,2025-05-07T13:30:27Z,2,Dodger252,food,2025-05-21T12:37:51.386109Z
mr21hd3,1kgwbof,reddit,"Not even a breakfast person and still making gourmet level hash browns? Meanwhile, I had stale cereal and vibes. This looks amazing.",2025-05-07T12:44:16Z,1,MythicAura1,food,2025-05-21T12:37:51.386117Z
mr2j9et,1kgwbof,reddit,This looks and sounds delicious. I would eat it for dinner.,2025-05-07T14:22:06Z,1,chericher,food,2025-05-21T12:37:51.386125Z
mr3vy9l,1kgwbof,reddit,BARREL AGED FETA!? I would die. Did you make your toum? This sounds amazing. I’m a chef and I would happily eat the heck out of this.,2025-05-07T18:15:55Z,1,chychy94,food,2025-05-21T12:37:51.386133Z
mpo2vp5,1kao2uq,reddit,I love how this looks!,2025-04-29T14:51:59Z,1,justsa_rah,food,2025-05-21T12:37:52.389778Z
mpqgsic,1kao2uq,reddit,Birdman?,2025-04-29T21:45:33Z,1,phredbull,food,2025-05-21T12:37:52.389796Z
mpdelje,1k9bhas,reddit,Isn't wagyu supposed to be cooked further to allow the fat to actually partially render?,2025-04-27T20:32:36Z,50,Atharaphelun,food,2025-05-21T12:37:53.566565Z
mpejjkn,1k9bhas,reddit,White fat. Why didn't you eat it while it was hot,2025-04-28T00:19:59Z,17,uncleshiesty,food,2025-05-21T12:37:53.566598Z
mpfsxi8,1k9bhas,reddit,"The fat isn’t rendered enough, it’s still white. You can cook it slower and still keep it medium rare and actually render the fat down a lot further. Eat it however you want, but it’s way more juicy that way.",2025-04-28T05:36:01Z,4,JacobRAllen,food,2025-05-21T12:37:53.566611Z
mpezmdh,1k9bhas,reddit,"Looks off, like maybe old discounted wagyu, I'm not an expert by any means though.",2025-04-28T01:59:02Z,6,HulkBrogan42,food,2025-05-21T12:37:53.566620Z
mpesvcu,1k9bhas,reddit,"Never once seen a post on this sub where people weren’t ripping the OP for how he/she cooked a piece of meat. If what OP said about making it the night before is true, this steak looks perfectly done. Steak just looks like that when you pop it in the fridge after cooking it. You people are actually insufferable.",2025-04-28T01:17:27Z,-12,SaltyMeatBoy,food,2025-05-21T12:37:53.566628Z
mpeg0ll,1k9bhas,reddit,It's a perfect medium rare these other dudes need to be locked in a room lol,2025-04-27T23:58:25Z,-22,poopsmog,food,2025-05-21T12:37:53.566636Z
mpaqy18,1k9165g,reddit,Looks divine 😍,2025-04-27T11:45:38Z,3,RonLondonUK,food,2025-05-21T12:37:54.722043Z
mpcrl72,1k9165g,reddit,hmmm looks so good.,2025-04-27T18:33:26Z,2,hhempstead,food,2025-05-21T12:37:54.722055Z
moiaf2f,1k53yl8,reddit,"This is my favorite (phở tái nạm)! I have them bring the rare (raw) beef on the side, then I marinate it with a bit of lime juice while I put in my basil and seasonings (one ""circle"" of sriracha, a stripe of hoisin/oyster sauce, and a good few dashes of fish sauce. The place I go makes a very savory broth instead of sweet, so that hoisin isn't too much), and culantro if they have it (they don't always have it, sometimes they do!), then stuff the slightly marinated beef under the noodles when I'm done. Ends up being a bit more rare and tender than when they just put it in before bringing it out, since it ends up sitting in the searing hot broth for alot longer than what I like.",2025-04-22T22:05:49Z,2,raelik777,food,2025-05-21T12:37:55.799820Z
mokgb7v,1k53yl8,reddit,Pho Victoria?? That’s my favourite restaurant!!,2025-04-23T06:36:10Z,2,cherrytortoni,food,2025-05-21T12:37:55.799833Z
moi2gwa,1k53yl8,reddit,Need culantro/cilantro and other the other fixins,2025-04-22T21:23:59Z,1,redditaccount300000,food,2025-05-21T12:37:55.799841Z
mofjbjh,1k53yl8,reddit,TIL Australians and New Zealanders call it Dim Sim.,2025-04-22T13:55:18Z,1,reddy_kil0watt,food,2025-05-21T12:37:55.799850Z
mofhene,1k53yl8,reddit,The bar is very low,2025-04-22T13:44:54Z,-5,Music2251993,food,2025-05-21T12:37:55.799857Z
mrjgppf,1kj0ev3,reddit,There's a stunning lack of stab wounds for this to be called a Caesar wrap...,2025-05-10T04:45:28Z,6,Snowf1ake222,food,2025-05-21T12:37:56.750988Z
mryjv7v,1kj0ev3,reddit,These look so good,2025-05-12T18:49:06Z,1,Civil-Source-9790,food,2025-05-21T12:37:56.751000Z
mrvygkz,1kjj1e0,reddit,Yum,2025-05-12T09:47:47Z,1,Civil-Source-9790,food,2025-05-21T12:37:58.704529Z
mromsbf,1kjj1e0,reddit,I'll take 7.,2025-05-11T01:55:51Z,1,-shevek-,food,2025-05-21T12:37:58.704541Z
mrp7g1p,1kjj1e0,reddit,Would,2025-05-11T04:23:19Z,1,Agent_Lemon_Z,food,2025-05-21T12:37:58.704549Z
mr9m8es,1khtie3,reddit,🔥🔥🔥,2025-05-08T16:11:48Z,2,Curiousssly,food,2025-05-21T12:37:59.769886Z
mr9mzcu,1khtie3,reddit,The things I’d do for this meal,2025-05-08T16:15:30Z,2,senpaikill,food,2025-05-21T12:37:59.769899Z
mr9ncp2,1khtie3,reddit,My trip to Lisbon was worth it after this meal,2025-05-08T16:17:24Z,3,Shawarma4255,food,2025-05-21T12:37:59.769907Z
mrerfho,1khtie3,reddit,God I love grilled octopus so much but it's so hard to find on a menu around me.,2025-05-09T12:36:37Z,1,chrisjfinlay,food,2025-05-21T12:37:59.769915Z
mrwe8oz,1kkoovk,reddit,Thats a nacho casserole.,2025-05-12T12:01:27Z,41,FD4L,food,2025-05-21T12:38:01.894803Z
mrw838f,1kkoovk,reddit,![gif](giphy|Lf5ijIR8zjzri),2025-05-12T11:14:58Z,10,JayDee999,food,2025-05-21T12:38:01.894813Z
mrxme5t,1kkoovk,reddit,Is this the before or after picture?,2025-05-12T16:06:06Z,3,harbinger_of_tacos,food,2025-05-21T12:38:01.894820Z
mrwomru,1kkoovk,reddit,R.I.P. Colon,2025-05-12T13:09:47Z,5,anglosassin,food,2025-05-21T12:38:01.894828Z
mrwujkv,1kkoovk,reddit,"Clever ad, I guess.",2025-05-12T13:44:26Z,5,uhohnotafarteither,food,2025-05-21T12:38:01.894834Z
mrwrdso,1kkoovk,reddit,Looks good,2025-05-12T13:26:01Z,2,scjn-97__,food,2025-05-21T12:38:01.894841Z
mrwa8x1,1kkoovk,reddit,They look yummy!,2025-05-12T11:31:55Z,2,free-bus1,food,2025-05-21T12:38:01.894849Z
mrya6f4,1kkoovk,reddit,"Recipe, please?",2025-05-12T18:01:33Z,1,itsallstagecraft,food,2025-05-21T12:38:01.894856Z
ms0o8rp,1kkoovk,reddit,Is there a layer of pepto in there?,2025-05-13T01:40:36Z,1,MattyS71,food,2025-05-21T12:38:01.894863Z
mrwqp5z,1kkoovk,reddit,My stomach’s bubblin,2025-05-12T13:22:00Z,1,DrJakeE5,food,2025-05-21T12:38:01.894870Z
mry8xrk,1kkoovk,reddit,Plain black beans sprinkled on top? Is that a prank?,2025-05-12T17:55:39Z,1,rmttw,food,2025-05-21T12:38:01.894877Z
mrwfxdq,1kkoovk,reddit,[removed],2025-05-12T12:13:27Z,-1,N/A,food,2025-05-21T12:38:01.894884Z
mpu8hv0,1kbdrw6,reddit,Looks good to me!,2025-04-30T13:47:46Z,1,justsa_rah,food,2025-05-21T12:38:02.997455Z
mptvtde,1kbdrw6,reddit,looks kinda dry OP. what's the recipe?,2025-04-30T12:35:30Z,-5,sprinkles5000,food,2025-05-21T12:38:02.997472Z
mpg36pm,1k9ftex,reddit,"Hell yeah, to everything in the picture. Love the roasted peppers and onions. Chef's kiss to the freshly baked buns.",2025-04-28T07:17:49Z,2,SkrappleDapple,food,2025-05-21T12:38:04.063943Z
mod8efz,1k4vp8h,reddit,"Looks absolutely yummy! 

Did you try the garlic vodka on its own? 👀",2025-04-22T02:38:16Z,6,0ceanshore,food,2025-05-21T12:38:05.390035Z
mofbdyc,1k4vp8h,reddit,"I have heartburn just thinking about this,, great looking pasta though ! Well coated",2025-04-22T13:10:16Z,1,Working_Asparagus_59,food,2025-05-21T12:38:05.390048Z
moxupqr,1k4vp8h,reddit,"Looks scroztastic, could Blorg get your recipe and a link to the vodka sclotherd? 👍",2025-04-25T09:06:16Z,1,Blorg01,food,2025-05-21T12:38:05.390056Z
msb5mzt,1kmhyvu,reddit,"I'm sure this tasted pretty good but I'd like to see a lot better distribution of filling between the bread. If they're gonna cut it into corners, every one should have the same stuff and also it should be filled edge to edge. Pretty significant bread overhang, and one corner seems like it's got almost no meat at all.",2025-05-14T17:58:27Z,18,theragu40,food,2025-05-21T12:38:06.427297Z
msbribs,1kmhyvu,reddit,That tomato core is bumming me out.,2025-05-14T19:44:46Z,3,dancingwolpertings,food,2025-05-21T12:38:06.427312Z
mscp17u,1kmhyvu,reddit,How do you feel about frilly toothpicks?,2025-05-14T22:38:01Z,3,ButterSkates,food,2025-05-21T12:38:06.427321Z
msck4fs,1kmhyvu,reddit,Spread the word on mayonnaise nation wide.,2025-05-14T22:10:26Z,2,Whiteshovel66,food,2025-05-21T12:38:06.427329Z
msbmbie,1kmhyvu,reddit,…Clubhouse?,2025-05-14T19:19:10Z,2,I-Have-Mono,food,2025-05-21T12:38:06.427338Z
msch7cf,1kmhyvu,reddit,Delicious,2025-05-14T21:54:34Z,1,penaut_butterfly,food,2025-05-21T12:38:06.427346Z
msedygl,1kmhyvu,reddit,"I love the Clubhouse Sandwich item from my favorite dining establishment, New Jersey Michael’s",2025-05-15T04:57:22Z,1,TheButtcrackerSweet,food,2025-05-21T12:38:06.427354Z
msa9p12,1kmhyvu,reddit,So basic yet soooo yummy,2025-05-14T15:27:09Z,1,VinkaGripen1,food,2025-05-21T12:38:06.427363Z
msb5uva,1kmhyvu,reddit,Love a club!,2025-05-14T17:59:28Z,1,0ceanshore,food,2025-05-21T12:38:06.427371Z
msblesw,1kmhyvu,reddit,"I see you're a potato CHIP person, not a potato SALAD person.  Let me ask you a question: How do you feel about frilly toothpicks?",2025-05-14T19:14:42Z,0,skinnyminnesota,food,2025-05-21T12:38:06.427380Z
mrdx128,1kid22f,reddit,"""Them"" referring to the ground beef(s)?",2025-05-09T08:11:18Z,3,Gastrocat,food,2025-05-21T12:38:07.499984Z
mrebd75,1kid22f,reddit,Looks terrific!,2025-05-09T10:38:19Z,3,zundish,food,2025-05-21T12:38:07.499997Z
mrdw0p6,1kid22f,reddit,"Cooked spaghetti aldante 
I had some leftovers ground beef i cooked it with spices and some ghee added fresh tomato juice and a spoon of tomato paste.. then i aded some cream to them and the spaghetti.. that's it 💝",2025-05-09T08:00:28Z,1,ART__007,food,2025-05-21T12:38:07.500006Z
mqe562v,1kdvyy6,reddit,Not exactly an attractive looking food is it,2025-05-03T16:21:52Z,3,JarvanIVPrez,food,2025-05-21T12:38:09.598560Z
mqe6jx1,1kdvyy6,reddit,Oh that looks great wish I had one right now,2025-05-03T16:29:09Z,2,Zalveris,food,2025-05-21T12:38:09.598596Z
mq2i6rp,1kcgium,reddit,Well done!! 👌🏽,2025-05-01T19:14:41Z,1,Theweekendatbernies,food,2025-05-21T12:38:10.656721Z
mq4aiqq,1kcgium,reddit,I wanna fuck it,2025-05-02T00:57:18Z,0,kingcrazy_,food,2025-05-21T12:38:10.656734Z
msxcce2,1kpdq5h,reddit,I am totally eating all of that in one sitting,2025-05-18T08:45:24Z,3,Paper-Dramatic,food,2025-05-21T12:38:12.198930Z
mppravf,1kav5li,reddit,Looks great and healthy. I'd definitely devour that.,2025-04-29T19:42:14Z,2,SkrappleDapple,food,2025-05-21T12:38:13.940601Z
mpqc22z,1kav5li,reddit,What kind of salmon?,2025-04-29T21:21:21Z,2,AlaskanTroll,food,2025-05-21T12:38:13.940612Z
mps9g6o,1kav5li,reddit,You could've bought two houses by now if you weren't busy spending all of your money on avocado toast! /s,2025-04-30T03:59:58Z,2,Twat_Pocket,food,2025-05-21T12:38:13.940620Z
mppxwf4,1kav5li,reddit,"Looks like the *perfect*   Sunday brunch.
Brilliantly done.   Thank you for posting your meal creation for us all.",2025-04-29T20:13:26Z,-2,MikaAdhonorem,food,2025-05-21T12:38:13.940627Z
mrxffpv,1kkrv7n,reddit,Looks like lasagna on top of shepards pie on top of pizza crust. I’m in,2025-05-12T15:32:12Z,11,Plank_Owner,food,2025-05-21T12:38:15.418055Z
mrwpz8x,1kkrv7n,reddit,r/shittyfoodporn,2025-05-12T13:17:45Z,10,theliability10,food,2025-05-21T12:38:15.418068Z
mrykwvn,1kkrv7n,reddit,The amount of people in this sub that have clearly never had deep dish is crazy to me. Looks good op!,2025-05-12T18:54:14Z,2,DrunkenBartender17,food,2025-05-21T12:38:15.418077Z
mrye0g7,1kkrv7n,reddit,The new Pope approves,2025-05-12T18:20:19Z,1,topscreen,food,2025-05-21T12:38:15.418085Z
mrye6u5,1kkrv7n,reddit,"Oh man, my back just grew 5 inches! I need that in my life",2025-05-12T18:21:11Z,1,Przkrazymindz,food,2025-05-21T12:38:15.418093Z
mry0j4w,1kkrv7n,reddit,Looks ugly but I would...,2025-05-12T17:15:30Z,1,TimmyTheTumor,food,2025-05-21T12:38:15.418101Z
mrxkn6m,1kkrv7n,reddit,This is a pizza? Looks like a lasagna that’s falling apart,2025-05-12T15:57:25Z,-8,unordinarycake15,food,2025-05-21T12:38:15.418109Z
mrxr82z,1kkrv7n,reddit,*casserole,2025-05-12T16:29:59Z,-10,tgwilli,food,2025-05-21T12:38:15.418117Z
mrxufzw,1kkrv7n,reddit,I’ll never understand meat lover’s pizza,2025-05-12T16:45:54Z,-11,Hopeful_Remote468,food,2025-05-21T12:38:15.418125Z
mrqiioz,1kjz958,reddit,"It’s super easy to make:

12 grams agar agar (the brand matters. I recommend Telephone)

400 grams water (cool)

675 grams sugar 

Sprinkle of citric acid (optional. For sourness)

Few drops of flavour or citrus extract 

Few drops of liquid food colouring 

1. Sprinkle agar into water and stir. Wait five minutes 

2. Heat the mixture to a simmer for 5 minutes until all the agar powder has dissolved 

3. Add sugar slowly and stir. Heat to boil

4. Remove from heat. Add citric acid. Add flavour. 

5. Drop in one drop of food colouring at a time. Gently swirl with a toothpick. There’s lots you can do with the colour so have fun with it. Or don’t. I’m not the fun police. 

6. Pour into a lightly greased glass dish. 

7. Refrigerate for 2-3 hours. 

8. Remove and cut into any shapes you want. For crystal shapes - angles are your friend. 

9. Place on parchment and let cure for AT LEAST 3 days. I’d say 5-6 to make ‘em extra crunchy. 

10. Enjoy!",2025-05-11T11:59:41Z,3,FritzsCannabisCo,food,2025-05-21T12:38:16.423782Z
mrqje4i,1kjz958,reddit,"Yummy. Just remember when i was a kid, i like eat Yupi",2025-05-11T12:06:28Z,2,_irenefab,food,2025-05-21T12:38:16.423795Z
mrs6ev0,1kjz958,reddit,oooo nice!! i love kohakutou,2025-05-11T17:46:24Z,1,walking-with-spiders,food,2025-05-21T12:38:16.423805Z
mp49c79,1k8267l,reddit,Niice,2025-04-26T09:02:59Z,3,Lots_Of_Bar,food,2025-05-21T12:38:18.534730Z
mp2zieg,1k8267l,reddit,Did the duck fat contribute anything?,2025-04-26T02:38:14Z,1,unrealun,food,2025-05-21T12:38:18.534742Z
mt7b4ag,1kqnmxz,reddit,"that penne needs a toss in that sauce before plating. otherwise, looks delicious.",2025-05-19T22:42:54Z,9,sprinkles5000,food,2025-05-21T12:38:19.652555Z
mt8oef0,1kqnmxz,reddit,Sheesh ok 🔥,2025-05-20T03:54:24Z,-1,Clifforddaloc,food,2025-05-21T12:38:19.652580Z
mt0wy5u,1kplnnc,reddit,Recipe pleasw,2025-05-18T22:03:29Z,2,detsagrebbalf,food,2025-05-21T12:38:20.728506Z
msynocv,1kplnnc,reddit,Looks great! Would you be willing to drop the recipe?,2025-05-18T14:50:44Z,1,Dali_Laa_Laa,food,2025-05-21T12:38:20.728520Z
msxcom0,1kpfen3,reddit,Do you deliver! I’m just about to make a cuppa and this would be perfect 👌🏼,2025-05-18T08:49:00Z,3,gtvone,food,2025-05-21T12:38:21.943713Z
msxkamr,1kpfen3,reddit,Is this the first time you’ve made a cake?! It looks delicious!,2025-05-18T10:09:05Z,2,Lishyjune,food,2025-05-21T12:38:21.943725Z
mse7emr,1kmse9f,reddit,I saw your first post and made the same thing for dinner. It was good.,2025-05-15T04:07:03Z,1,commiPANDA,food,2025-05-21T12:38:22.960282Z
ms0mzn9,1kl4rwc,reddit,Looks very tasty,2025-05-13T01:33:26Z,3,justsa_rah,food,2025-05-21T12:38:24.529899Z
mrk552s,1kizvol,reddit,So it's plain rice and spring rolls?,2025-05-10T08:38:31Z,8,No_Mercy_4_Potatoes,food,2025-05-21T12:38:25.651941Z
mq4h5em,1kcmf3n,reddit,"That looks great, and I was just looking at recipes for ciabatta. Can you share yours or the one you used?",2025-05-02T01:36:58Z,2,Used_TP_Tester,food,2025-05-21T12:38:26.824061Z
mq4t8xq,1kcmf3n,reddit,definitely want this. nice work!,2025-05-02T02:49:50Z,2,sprinkles5000,food,2025-05-21T12:38:26.824074Z
mp2z1rl,1k824o4,reddit,The morels were floured and fried?  I love morels!,2025-04-26T02:35:19Z,4,ThisGirlIsFine,food,2025-05-21T12:38:27.826093Z
mp49br0,1k824o4,reddit,Recipe?,2025-04-26T09:02:52Z,2,Lots_Of_Bar,food,2025-05-21T12:38:27.826107Z
mp4gqns,1k824o4,reddit,"Imagine if the mushrooms were poisonous, what  would it be called![gif](emote|free_emotes_pack|thinking_face_hmm)",2025-04-26T10:19:24Z,-8,randomRedditor547,food,2025-05-21T12:38:27.826115Z
mrzsh32,1kl0gbm,reddit,I have a friend who way back in the day worked in her aunt's Italian restaurant in Chicago.  The aunt and her parents were Italian immigrants.  She makes lasagna that is very similar to this.,2025-05-12T22:39:01Z,3,monkeymanatwork,food,2025-05-21T12:38:30.774554Z
mrysdz2,1kl0gbm,reddit,Recipe or it didn’t happen !,2025-05-12T19:31:53Z,6,AlaskanTroll,food,2025-05-21T12:38:30.774566Z
mrz04zo,1kl0gbm,reddit,"We have the exact same dish in Greece!

Some times we make it with penne, some times we make it with Bucatini, but the ingredients are bechamel, minced meat and pasta!",2025-05-12T20:10:46Z,6,ax0r7ag0z,food,2025-05-21T12:38:30.774588Z
ms1ir2k,1kl0gbm,reddit,"Woah, I literally just yesterday got the ingredients to try this for the first time",2025-05-13T05:03:38Z,2,Silent_Wulf,food,2025-05-21T12:38:30.774597Z
ms2mj94,1kl0gbm,reddit,TIL that I've always made Egyptian Macaroni without even knowing. It's almost the same recipe I follow,2025-05-13T11:20:42Z,2,apistograma,food,2025-05-21T12:38:30.774604Z
mrylxvk,1kl0gbm,reddit,Never heard of this dish but I think I dig it. It's like a classy Hamburger Helper.,2025-05-12T18:59:22Z,1,aalexAtlanta,food,2025-05-21T12:38:30.774612Z
mqzey6w,1kgjr02,reddit,"batter looks non-existent, but i'm sure it's delicious.",2025-05-07T00:28:46Z,2,sprinkles5000,food,2025-05-21T12:38:31.758219Z
mpjzntk,1ka4cf4,reddit,Hell ya! Send recipe for sub breads 🤙🏼🤙🏼,2025-04-28T21:42:16Z,3,cultured_milk,food,2025-05-21T12:38:32.809796Z
mt9ml1h,1kr045x,reddit,"Yeah, alright, there’s no need to show off…
(I am riddled with jealousy- looks delicious!)",2025-05-20T09:19:04Z,4,EmeliaGN,food,2025-05-21T12:38:33.846535Z
mt9mdw1,1kr045x,reddit,"I make these all the time! So many different names: one eyed jack, hole in one etc…",2025-05-20T09:16:55Z,3,logansvensson,food,2025-05-21T12:38:33.846547Z
msf6tfa,1kmwkuh,reddit,"That sear says ‘chef,’ but that center says ‘I speak fluent steak.’",2025-05-15T09:42:37Z,5,alexbxyz,food,2025-05-21T12:38:36.673386Z
msdtutm,1kmwkuh,reddit,"Everything about this is just a 10/10 visually, I imagine it must have been amazing.",2025-05-15T02:34:48Z,2,Gordatwork,food,2025-05-21T12:38:36.673399Z
mqempxw,1kdygkd,reddit,You got a recipe for those bad boys?,2025-05-03T17:51:00Z,2,myke_hunt14,food,2025-05-21T12:38:38.729227Z
mp6u5l8,1k8if2w,reddit,Gotta love making pizza in a Big Green Egg!,2025-04-26T18:48:11Z,2,Coinflipper_21,food,2025-05-21T12:38:39.877259Z
mp6fq07,1k8if2w,reddit,"A courgette pizza…

![gif](giphy|O1oJ840fg6uOVCqdzJ|downsized)",2025-04-26T17:34:33Z,1,NennisDedry,food,2025-05-21T12:38:39.877272Z
mp8pzko,1k8if2w,reddit,"Ha I had a pizza stone in my pellet smoker for a while.  It did alright, the top never started browning though before the bottom would start getting too dark.",2025-04-27T01:17:04Z,1,ArrogantSquirrelz,food,2025-05-21T12:38:39.877280Z
mp6ohrz,1k8if2w,reddit,Idyllic,2025-04-26T18:19:03Z,0,HeWhoChasesChickens,food,2025-05-21T12:38:39.877288Z
mok9ggv,1k5qif6,reddit,Looks delicious.,2025-04-23T05:31:01Z,1,Spirited-Water1368,food,2025-05-21T12:38:41.222654Z
mok25mm,1k5qif6,reddit,Smart. Making these,2025-04-23T04:29:57Z,1,breannalovesbananas,food,2025-05-21T12:38:41.222666Z
mok1ieg,1k5qif6,reddit,good boy,2025-04-23T04:25:04Z,-2,God-of-Meadow-Rain,food,2025-05-21T12:38:41.222675Z
ms6cxxs,1klzomr,reddit,"Love me an açaí bowl. Here’s one I had in Costa Rica a few weeks ago.

https://preview.redd.it/naozz90oqm0f1.jpeg?width=3024&format=pjpg&auto=webp&s=188892b6e3571d4e49a6c30e7a82b75e569bf1d4",2025-05-13T22:59:06Z,2,JetKeel,food,2025-05-21T12:38:43.765302Z
ms6lpuo,1klzomr,reddit,What are those seeds? My wife had a bowl with them and we were trying to figure it out.,2025-05-13T23:48:59Z,1,jayhasbigvballs,food,2025-05-21T12:38:43.765314Z
ms7n1x1,1klzomr,reddit,Cool,2025-05-14T03:35:37Z,1,goddesmoo,food,2025-05-21T12:38:43.765322Z
msa5gmx,1kkd4pa,reddit,Sensational sunny meal of the day!,2025-05-14T15:06:48Z,2,FantasyFitter01941,food,2025-05-21T12:38:44.754393Z
mr6p3my,1khe5al,reddit,"Fresh herbs, yeah? Looks yummy.",2025-05-08T03:21:44Z,3,Fauxfurfriend,food,2025-05-21T12:38:45.970386Z
mr6rf7u,1khe5al,reddit,Love me some butter noodles. This looks amazing.,2025-05-08T03:37:44Z,3,ShadowElite86,food,2025-05-21T12:38:45.970400Z
mr67o9h,1khe5al,reddit,Looks like Noodles and Company,2025-05-08T01:34:23Z,-4,Barnhay,food,2025-05-21T12:38:45.970409Z
mqk445d,1keisbq,reddit,"Looks good, is there a recipe?",2025-05-04T16:26:24Z,4,Bomanghani,food,2025-05-21T12:38:46.969818Z
mqkrwqk,1keisbq,reddit,Nice color!,2025-05-04T18:25:39Z,1,STS_God,food,2025-05-21T12:38:46.969831Z
mqolwke,1keisbq,reddit,tabasco?,2025-05-05T10:17:48Z,1,Borosin0710,food,2025-05-21T12:38:46.969839Z
mqefata,1kdxro4,reddit,"That looks good, but a praline it is not.",2025-05-03T17:13:55Z,6,AdditionalMustard,food,2025-05-21T12:38:48.556236Z
mqefcix,1kdxro4,reddit,I’m from Louisiana and that doesn’t look like the pralines we have,2025-05-03T17:14:09Z,6,Anon-567890,food,2025-05-21T12:38:48.556249Z
mp27ivm,1k7yzqy,reddit,That looks delicious! Do you deliver?,2025-04-25T23:51:25Z,1,SkrappleDapple,food,2025-05-21T12:38:49.529092Z
mp23g1y,1k7yzqy,reddit,Looks amazing. Calabrian chilies take za to the next level,2025-04-25T23:28:34Z,1,AllareOne1113,food,2025-05-21T12:38:49.529102Z
mssaizn,1koqp6q,reddit,This is the type of breakfast I would purposely miss the morning half of school for,2025-05-17T12:47:01Z,2,OxygenGases,food,2025-05-21T12:38:50.559047Z
mstq9dk,1koqp6q,reddit,Full American breakfast ,2025-05-17T17:40:40Z,1,dr_strange-love,food,2025-05-21T12:38:50.559059Z
mss97l6,1koqp6q,reddit,Yes but loads of sugar,2025-05-17T12:37:50Z,1,abcdefghabca,food,2025-05-21T12:38:50.559067Z
mslvjvw,1knyb9u,reddit,Totally nailed that egg. Now I think it’s a ramen for breakfast kinda day.,2025-05-16T11:26:56Z,3,No_Balls_01,food,2025-05-21T12:38:52.959038Z
msm0hu5,1knyb9u,reddit,omg that egg is perfection!!!! so gooey mmm,2025-05-16T12:01:51Z,2,lilbabyjunebug,food,2025-05-21T12:38:52.959052Z
msm1de9,1knyb9u,reddit,[removed],2025-05-16T12:07:51Z,2,N/A,food,2025-05-21T12:38:52.959061Z
msm3c7q,1knyb9u,reddit,Love those eggs,2025-05-16T12:20:48Z,2,therainmakah,food,2025-05-21T12:38:52.959070Z
mslxl0d,1knyb9u,reddit,👀,2025-05-16T11:41:35Z,1,Interesting-Goose82,food,2025-05-21T12:38:52.959078Z
msm9710,1knyb9u,reddit,Love these positive vibes 🙂,2025-05-16T12:57:07Z,1,Haveyoubeenwell,food,2025-05-21T12:38:52.959088Z
msmbiu6,1knyb9u,reddit,I know what you mean,2025-05-16T13:10:47Z,1,N/A,food,2025-05-21T12:38:52.959097Z
msnve93,1knyb9u,reddit,"Pro-tip: soak the egg in a shoyu-mentsuyu mixture overnight+ for a beautiful, tasty egg. If you make chashu, you can recycle the cooking liquid for this purpose. 

Looks great.",2025-05-16T17:49:56Z,1,Jazzhands808,food,2025-05-21T12:38:52.959106Z
mspwggo,1knyb9u,reddit,[removed],2025-05-17T00:39:37Z,1,N/A,food,2025-05-21T12:38:52.959114Z
mry0e39,1kkvs8e,reddit,but how did it compare? any specific recipe / technique you followed?,2025-05-12T17:14:50Z,4,boombopzippityzoom,food,2025-05-21T12:38:53.998673Z
mrxpczi,1kkvs8e,reddit,Looks so tasty.,2025-05-12T16:20:50Z,2,My_Hotwife_Journey,food,2025-05-21T12:38:53.998685Z
mryf7jo,1kkvs8e,reddit,Damn I watch to shove one in my face and inhale.,2025-05-12T18:26:08Z,2,karmagirl314,food,2025-05-21T12:38:53.998692Z
mryelbr,1kkvs8e,reddit,Where sandwich,2025-05-12T18:23:09Z,1,kakoichan,food,2025-05-21T12:38:53.998699Z
mr132hm,1kgroax,reddit,That looks perfect,2025-05-07T07:47:36Z,2,Organic_Toe_2180,food,2025-05-21T12:38:55.114528Z
mpwjq0y,1kbqcau,reddit,Love the toast of that bread!,2025-04-30T20:33:54Z,1,Major_Replacement905,food,2025-05-21T12:38:57.118610Z
modxf2a,1k4r3th,reddit,Lovely! 😍,2025-04-22T05:42:17Z,2,GrumpyVegetable,food,2025-05-21T12:38:58.159766Z
moc5jmq,1k4r3th,reddit,Looks delish! Did she share the recipe?,2025-04-21T22:55:18Z,1,katonreddit,food,2025-05-21T12:38:58.159779Z
moc7bfj,1k4r3th,reddit,This looks HEAVENLY!,2025-04-21T23:05:13Z,1,ActiveAd2405,food,2025-05-21T12:38:58.159788Z
msslh7p,1kotcps,reddit,Move quick! Your egg is running!,2025-05-17T13:58:24Z,3,Skittles_the_Unicorn,food,2025-05-21T12:38:59.203599Z
mssqwcs,1kotcps,reddit,Ween breakfast,2025-05-17T14:30:04Z,4,MannyHec,food,2025-05-21T12:38:59.203615Z
mssldib,1kotcps,reddit,Pork roll…,2025-05-17T13:57:47Z,10,seamus_mc,food,2025-05-21T12:38:59.203623Z
mstshge,1kotcps,reddit,I’ve always been so curious how this tastes! I just need to place an order online already as my local stores don’t carry,2025-05-17T17:52:19Z,2,jc8450,food,2025-05-21T12:38:59.203633Z
mstjjrf,1kotcps,reddit,SPK?,2025-05-17T17:05:28Z,1,dr_strange-love,food,2025-05-21T12:38:59.203642Z
mstrj7y,1kotcps,reddit,"So momma, if you please, pass me the pork roll egg and cheese

If you please, on a kaiser bun",2025-05-17T17:47:17Z,0,mkstot,food,2025-05-21T12:38:59.203650Z
msteyp4,1kotcps,reddit,"Aye, yo, gabagool",2025-05-17T16:41:00Z,0,TheGoodApolloIV,food,2025-05-21T12:38:59.203659Z
mstnh3o,1kotcps,reddit,Ever notice that Taylor ham isn't hot anymore,2025-05-17T17:26:18Z,-1,NewUzer4,food,2025-05-21T12:38:59.203667Z
msd2cz7,1kmrmoa,reddit,"Looks really good! What cut of lamb did you use, and how did you prepare it?",2025-05-14T23:54:08Z,2,idkwhatevenhelp,food,2025-05-21T12:39:00.767948Z
mrk1f7l,1kj13hv,reddit,Four naan? That's insane!,2025-05-10T07:59:56Z,3,OwledBarnacle,food,2025-05-21T12:39:02.847541Z
mrjwq1y,1kj13hv,reddit,"Thought this was a huarache at first.

Man I bet those were fire… 😮‍💨",2025-05-10T07:12:23Z,2,ruiiz_alexx,food,2025-05-21T12:39:02.847553Z
mrjuihw,1kj13hv,reddit,"I've actually made naan pizzas in the past, and they are absolutely incredible. Underrated gem....garlic naan is the true goat.  

I bet this was delicious!",2025-05-10T06:50:40Z,2,Xx_Gambit_xX,food,2025-05-21T12:39:02.847561Z
mrjfk9y,1kj13hv,reddit,Fun fusion! I bet this slaps.,2025-05-10T04:36:13Z,2,raybandit32,food,2025-05-21T12:39:02.847581Z
mrjra8i,1kj13hv,reddit,What in the concoction.... I fuck with it. Maybe a lil garlic naan next time,2025-05-10T06:19:34Z,1,mateww,food,2025-05-21T12:39:02.847589Z
mrknvn9,1kj13hv,reddit,"Wow, instant mouth water. They look amazing",2025-05-10T11:39:20Z,0,Wild-Department-8241,food,2025-05-21T12:39:02.847596Z
mrjaids,1kj13hv,reddit,[removed],2025-05-10T03:56:30Z,-26,N/A,food,2025-05-21T12:39:02.847603Z
mr4y40g,1kh3iio,reddit,I know it isn’t but the lighting makes this look like AI. Would still eat.,2025-05-07T21:18:57Z,4,tallonfive,food,2025-05-21T12:39:04.001145Z
mr5rtej,1kh3iio,reddit,"Instead of drawing a cross, you draw a P when you pray.",2025-05-08T00:02:35Z,2,NNovis,food,2025-05-21T12:39:04.001157Z
mr4ikld,1kh3iio,reddit,That looks toooo goood,2025-05-07T20:05:25Z,1,Ok-Frosting9738,food,2025-05-21T12:39:04.001166Z
mr4xq7t,1kh3iio,reddit,All in favour of pizza being the new pope? Say aye,2025-05-07T21:17:02Z,1,mersa223,food,2025-05-21T12:39:04.001174Z
mqvr395,1kg4jgy,reddit,"Recipe by Melissa Clark

If you’re down with goat cheese, you need to make this for your next board game night. Puff pastry with goat cheese, garlic, lemon zest, & crème fraiche base, and roasted asparagus, red pepper flakes, and prosciutto on top!🤌

This was almost a touch too funky for my taste, but I came back and ate the entire sheet. It’s also a great foundation to add chopped dates, or maybe pistachios? It’s also not complicated.",2025-05-06T13:31:59Z,2,TokyoMilkman,food,2025-05-21T12:39:05.039601Z
mqnrxyt,1kf3mem,reddit,May the Force be with you.,2025-05-05T05:12:37Z,3,californicating,food,2025-05-21T12:39:06.570388Z
mqwd4ul,1kf3mem,reddit,Great!,2025-05-06T15:22:40Z,1,gdir,food,2025-05-21T12:39:06.570401Z
moeqdsx,1k52ork,reddit,Looks yummy,2025-04-22T10:41:28Z,4,mariemar1,food,2025-05-21T12:39:11.372284Z
moenuqk,1k52ork,reddit,Just looking makes my mouth water already.,2025-04-22T10:18:18Z,3,wrenski1600,food,2025-05-21T12:39:11.372296Z
mogxxe1,1k52ork,reddit,Looks phenomenal. What all ya throw in here,2025-04-22T18:03:04Z,1,PoorlyTimedKanye,food,2025-05-21T12:39:11.372304Z
moew8g7,1k52ork,reddit,[deleted],2025-04-22T11:29:06Z,-1,N/A,food,2025-05-21T12:39:11.372312Z
moepm4e,1k51zkk,reddit,Sadly that looks like premade cevapi from the freezer bags.,2025-04-22T10:34:35Z,27,DotRevolutionary6610,food,2025-05-21T12:39:12.476678Z
moes7tk,1k51zkk,reddit,Not to be mistaken for Kebapi!,2025-04-22T10:57:12Z,9,Wesngwj,food,2025-05-21T12:39:12.476692Z
mofjg6y,1k51zkk,reddit,Can’t go wrong with an authentic Balkangrill… I still don’t understand why these have become so rare.,2025-04-22T13:56:00Z,1,Lord_Stahlregen,food,2025-05-21T12:39:12.476700Z
mofsggd,1k51zkk,reddit,Four naan Jeremy? That’s insane!,2025-04-22T14:42:46Z,1,eggard_stark,food,2025-05-21T12:39:12.476708Z
moet3rw,1k51zkk,reddit,in germany we say Ćevapčići ;),2025-04-22T11:04:30Z,-5,nighteeeeey,food,2025-05-21T12:39:12.476717Z
mt9i2yl,1kqy2in,reddit,That egg is sunnier than my outlook on Mondays. Absolute beauty.,2025-05-20T08:30:38Z,2,alexbxyz,food,2025-05-21T12:39:17.820928Z
mtaa484,1kqy2in,reddit,With a beer? Perfect!,2025-05-20T12:32:13Z,2,GleamingGlint,food,2025-05-21T12:39:17.820940Z
mt9gisd,1kqy2in,reddit,Beautiful plating.,2025-05-20T08:13:41Z,1,Intelligent_Bar_5630,food,2025-05-21T12:39:17.820948Z
mq8bvrq,1kd69ok,reddit,Looks delicious but the words “Cajun” and “prawn” are rarely seen together !,2025-05-02T17:25:35Z,2,yesitsyourmom,food,2025-05-21T12:39:19.857686Z
mq8d6dt,1kd69ok,reddit,"Need more info on the flavor. 
a recipe.  so my brain can taste it.",2025-05-02T17:31:35Z,1,No-Jicama3012,food,2025-05-21T12:39:19.857699Z
mqdl8vf,1kd69ok,reddit,Hmm... I'm skipping breakfast right now and that looks so good.,2025-05-03T14:37:18Z,1,Octoswish,food,2025-05-21T12:39:19.857707Z
mq0o2ug,1kc8gp4,reddit,I need to experience this before I die!,2025-05-01T13:49:36Z,6,justsa_rah,food,2025-05-21T12:39:20.873170Z
mq1c950,1kc8gp4,reddit,Thank you for not calling it Hibachi,2025-05-01T15:50:27Z,3,Dirtknuckle87,food,2025-05-21T12:39:20.873184Z
mq1hs92,1kc8gp4,reddit,"You're living the good life, OP!",2025-05-01T16:17:59Z,2,Techhead7890,food,2025-05-21T12:39:20.873192Z
mq3mmf2,1kc8gp4,reddit,Yum,2025-05-01T22:39:08Z,2,SlammingMomma,food,2025-05-21T12:39:20.873200Z
mpaw1w5,1k92od4,reddit,That looks like chocolate babka,2025-04-27T12:24:58Z,26,White_Lightning_22,food,2025-05-21T12:39:21.876103Z
mpb0f19,1k92od4,reddit,🤤,2025-04-27T12:55:16Z,2,mariemar1,food,2025-05-21T12:39:21.876115Z
mpb0h6b,1k92od4,reddit,If it tastes as good as it looks…,2025-04-27T12:55:39Z,2,mariemar1,food,2025-05-21T12:39:21.876123Z
mpb7ixc,1k92od4,reddit,Looks like the one from Zabaars! God I could go for a couple million slices rn.,2025-04-27T13:40:33Z,2,LeNomReal,food,2025-05-21T12:39:21.876130Z
mpbus6s,1k92od4,reddit,My goodness...has my mouth watering.,2025-04-27T15:47:13Z,1,My_Hotwife_Journey,food,2025-05-21T12:39:21.876138Z
mpb43x7,1k92od4,reddit,Never heard of a chcolote. Some ancient bread recipe?,2025-04-27T13:19:23Z,1,murderball89,food,2025-05-21T12:39:21.876145Z
mp6yi0f,1k8gir4,reddit,Just needs a bit sour cream. They look delicious,2025-04-26T19:11:43Z,4,sansaset,food,2025-05-21T12:39:22.885421Z
mp84ccn,1k8gir4,reddit,Ukrainian varenyky [https://www.google.com/search?client=firefox-b-d&q=ukrainian+varenyky](https://www.google.com/search?client=firefox-b-d&q=ukrainian+varenyky),2025-04-26T23:04:15Z,4,foreverliveart,food,2025-05-21T12:39:22.885438Z
mp4ao8p,1k83tm4,reddit,It is nice.,2025-04-26T09:16:44Z,3,Lots_Of_Bar,food,2025-05-21T12:39:23.897027Z
mp4b3cs,1k83tm4,reddit,Chicken?,2025-04-26T09:21:01Z,2,Atharaphelun,food,2025-05-21T12:39:23.897040Z
moouq3i,1k6bxir,reddit,yummy! care to share a recipe? :),2025-04-23T22:34:00Z,2,nighteeeeey,food,2025-05-21T12:39:24.937403Z
mt61y94,1kqfspq,reddit,Queen/King of the Kitchen 👑,2025-05-19T18:49:00Z,1,Successful_Cow_8713,food,2025-05-21T12:39:25.890290Z
mt4e31b,1kqargs,reddit,"So cute
How did you make the heart?",2025-05-19T13:51:41Z,2,Successful_Cow_8713,food,2025-05-21T12:39:26.844020Z
msvu2ls,1kp5ph1,reddit,"Do you offer shipping?

Seriously, that looks amazing.",2025-05-18T01:04:08Z,6,Rock_Creek_Snark,food,2025-05-21T12:39:27.956642Z
mswllm3,1kp5ph1,reddit,Omg looks sooo good!!,2025-05-18T04:24:01Z,3,0ceanshore,food,2025-05-21T12:39:27.956655Z
msyd2ts,1kp5ph1,reddit,A true connoisseur in the art of chicken. My hat goes off to you chef :-),2025-05-18T13:52:11Z,2,Dapper91Dabster,food,2025-05-21T12:39:27.956664Z
msw4625,1kp5ph1,reddit,"9/10, looks great",2025-05-18T02:13:10Z,1,paulerxx,food,2025-05-21T12:39:27.956672Z
mruqno7,1kkgzpb,reddit,One of my favorite things in the world. I judge Mexican restaurants by their Chile Rellenos.,2025-05-12T02:55:32Z,4,Pelicanfan07,food,2025-05-21T12:39:29.281197Z
mruh9ci,1kkgzpb,reddit,"
🤤🤤🤤",2025-05-12T01:52:28Z,2,Blondyyyyyy,food,2025-05-21T12:39:29.281222Z
ms22njc,1kkgzpb,reddit,Looks great! Can you please share your recipe?,2025-05-13T08:12:52Z,2,Altruistic-Hour-8865,food,2025-05-21T12:39:29.281235Z
mrfbzx4,1kijyau,reddit,Looks great. You did a good job!,2025-05-09T14:33:40Z,2,free-bus1,food,2025-05-21T12:39:31.321675Z
mr8wi9h,1khdnhv,reddit,Breakfast (Dinner) of champions .,2025-05-08T14:05:37Z,2,Katsooduro,food,2025-05-21T12:39:32.416192Z
mr639jn,1khdnhv,reddit,Love the pink,2025-05-08T01:09:58Z,1,Theweekendatbernies,food,2025-05-21T12:39:32.416205Z
mpj6d1e,1ka3njk,reddit,"Damn that looks good and with the broccoli too, c'est la vie",2025-04-28T19:12:56Z,3,Sea_Field_8209,food,2025-05-21T12:39:33.520059Z
mpjy9q9,1ka3njk,reddit,Hell yeah,2025-04-28T21:34:50Z,1,Jolly_Mixture7891,food,2025-05-21T12:39:33.520071Z
mot5qxq,1k6vijy,reddit,Looks good!! What kind of fish did you use?,2025-04-24T16:02:48Z,1,Theweekendatbernies,food,2025-05-21T12:39:34.785170Z
mt9hxq6,1kqy5gy,reddit,"The shrimp said ‘classy,’ the steak said ‘hearty,’ and my stomach said ‘when?",2025-05-20T08:29:03Z,2,alexbxyz,food,2025-05-21T12:39:36.843925Z
mtamewf,1kqy5gy,reddit,Looks great,2025-05-20T13:45:35Z,1,Early_Gold,food,2025-05-21T12:39:36.843937Z
mt9acpg,1kqy5gy,reddit,Surf 🦐..and..🥩 turf..😋🇬🇧,2025-05-20T07:08:37Z,1,Both-Friend-4202,food,2025-05-21T12:39:36.843945Z
msysval,1kpkmay,reddit,Looks so delicious!!,2025-05-18T15:18:43Z,2,0ceanshore,food,2025-05-21T12:39:37.808321Z
msvpqga,1kp6u96,reddit,Idc how rich I get.  This is the best breakfast ever.,2025-05-18T00:34:58Z,5,Saucy_Totchie,food,2025-05-21T12:39:38.841182Z
msvlty6,1kp6u96,reddit,One of my guilty pleasures. Love it!,2025-05-18T00:09:00Z,2,qonkytonky,food,2025-05-21T12:39:38.841195Z
msvmh7c,1kp6u96,reddit,A fine meal there.,2025-05-18T00:13:13Z,2,Lost-Breath364,food,2025-05-21T12:39:38.841204Z
mrpba5l,1kjs6zz,reddit,That looks SO delicious and I bet all the extra love makes it really special.,2025-05-11T04:55:16Z,2,ButterSlickness,food,2025-05-21T12:39:40.785416Z
mqi256g,1ke88x7,reddit,No cross section should be considered an act of treason,2025-05-04T07:27:01Z,3,MyJimboPersona,food,2025-05-21T12:39:41.806487Z
mqhp7ed,1ke88x7,reddit,I need a bite or five,2025-05-04T05:23:01Z,1,Twannoo,food,2025-05-21T12:39:41.806501Z
mqid90c,1ke88x7,reddit,Such a satiating dinner! Looks amazing! The size of the cap on that ribeye looks huge! My favorite part lol,2025-05-04T09:22:13Z,1,LoudSilence16,food,2025-05-21T12:39:41.806510Z
mr7nfgw,1ke88x7,reddit,Those are the best nights.,2025-05-08T08:29:39Z,1,Frikoulas,food,2025-05-21T12:39:41.806519Z
mqgvn1f,1ke88x7,reddit,Nice. Say more about it. What cut? How did you cook it? How much did it weigh? Are those potatoes? How did you cook them?,2025-05-04T01:43:22Z,1,KamtzaBarKamtza,food,2025-05-21T12:39:41.806528Z
mqgt1ru,1ke88x7,reddit,Well done?,2025-05-04T01:26:23Z,-5,MangoChutneyLover,food,2025-05-21T12:39:41.806536Z
mt6bhp6,1kqgqot,reddit,That is the whitest sausage gravy i have ever seen,2025-05-19T19:36:39Z,3,howelltight,food,2025-05-21T12:39:43.797646Z
mt609d0,1kqgqot,reddit,Gravy looks fake. I'd still happily eat it.,2025-05-19T18:40:44Z,2,tantrumtrieshard,food,2025-05-21T12:39:43.797659Z
mt6ncv5,1kqgqot,reddit,"I was told a ""hack"" by a waitress a few years ago. Get the gravy on the side in a bowl. That way the chicken fried steak never gets soggy.",2025-05-19T20:35:51Z,2,SubzeroAK,food,2025-05-21T12:39:43.797667Z
mt5qppp,1kqgqot,reddit,"Absolutely scroztastic, Blorg would annihilate that plate in seconds, no crumb left 👍",2025-05-19T17:54:13Z,2,Blorg01,food,2025-05-21T12:39:43.797674Z
mt7qig1,1kqgqot,reddit,Did it look better after you ate it?,2025-05-20T00:13:00Z,0,aktive8,food,2025-05-21T12:39:43.797682Z
msj109z,1knkxys,reddit,Nothing beats a homemade lasagna. Looks like a plate of pure comfort,2025-05-15T22:20:25Z,3,BlazingBlisss,food,2025-05-21T12:39:44.867005Z
msj1984,1knkxys,reddit,A nice piece of the lasagna here.,2025-05-15T22:21:50Z,2,xc2215x,food,2025-05-21T12:39:44.867018Z
msj00re,1knkxys,reddit,"Made from:
Sofritto of onion, celery, carrots and pancetta. Slowly cooked in olive oil+butter 'till soft.

Add ground beef/pork, mae syre not to brown meat, let summer untill the liquid is evaporating.

Add whole milk, reduce, add white wine, reduce, add chicken stock + tomato concentrate, reduce, add water, reduce... so forth for 3 hours.

And then yea super basic, bechamel, and layer a lasagna!",2025-05-15T22:14:52Z,1,DRIESASTER,food,2025-05-21T12:39:44.867027Z
mr7uw9d,1khfdko,reddit,That's some scrumptious sauteed scampi!,2025-05-08T09:48:22Z,2,Silver_The_Surfer,food,2025-05-21T12:39:46.820487Z
mqt9i0q,1kfs4a4,reddit,"Wash your hands double good before you do anything else! Wings looks great, made my mouth water.",2025-05-06T01:35:59Z,2,berdhouse,food,2025-05-21T12:39:47.851050Z
mqtmj4j,1kfs4a4,reddit,Looks great. And a win too :) GLG,2025-05-06T02:53:05Z,2,arongoss,food,2025-05-21T12:39:47.851065Z
mqudy2n,1kfs4a4,reddit,Looks awesome!,2025-05-06T06:30:16Z,2,frogger58,food,2025-05-21T12:39:47.851074Z
mrc13y1,1kfs4a4,reddit,I wonder how they compare to Habanero wings they have the same scoville rating apparently,2025-05-08T23:36:40Z,2,WallyWithReddit,food,2025-05-21T12:39:47.851083Z
mpywtbt,1kbz2b9,reddit,You have my approval!,2025-05-01T04:52:18Z,3,Tame_Gregala,food,2025-05-21T12:39:49.893207Z
mo801xu,1k46wrr,reddit,The rice cooked in this way looks very appetizing.![img](emote|t5_2qh55|1792),2025-04-21T07:38:55Z,3,Aggressive-Fan9066,food,2025-05-21T12:39:50.985393Z
mo80hrw,1k46wrr,reddit,"That looks really tasty, I would love some of that.",2025-04-21T07:43:37Z,2,Gicts198812,food,2025-05-21T12:39:50.985410Z
mo8vqiy,1k46wrr,reddit,paella is seafood paella,2025-04-21T12:30:28Z,0,Legitimate-Soft-9131,food,2025-05-21T12:39:50.985423Z
mr9esn2,1khspgz,reddit,Looks tempting!,2025-05-08T15:35:49Z,2,LiteratureNegative72,food,2025-05-21T12:39:53.041201Z
mr3pz9o,1kh3lu9,reddit,"breading: homemade bread (toasted and crumbed). i added confit garlic, rosemary and thyme, salt and pepper, and dried parsley to the the crumbs. then went on to pan fry in the garlic confit oil. (dipped in egg and flour and then bread crumbs)

tomato basil sauce: whole tomatoes, rosemary and thyme, salt and pepper, confit garlic. simmer until desired thickness. add basil in the end.

topped with mozzarella cheese and broiled. garnished with chives.",2025-05-07T17:47:53Z,1,m0useg1rl,food,2025-05-21T12:39:54.093753Z
mr4mi8v,1kh3lu9,reddit,Looks amazing!!,2025-05-07T20:24:29Z,1,indallastx,food,2025-05-21T12:39:54.093766Z
mr4o1ue,1kh3lu9,reddit,🤌🤌,2025-05-07T20:31:32Z,1,Working_Asparagus_59,food,2025-05-21T12:39:54.093775Z
mr4y9au,1kh3lu9,reddit,I’m most impressed by the color and depth of your sauce. It looks so sweet and vibrant.,2025-05-07T21:19:40Z,1,Pickle_Dillss,food,2025-05-21T12:39:54.093783Z
mpxcc54,1kbtcyk,reddit,Oh my goodness! Tell us more!,2025-04-30T23:03:44Z,1,aendic02,food,2025-05-21T12:39:57.332206Z
mpxcgey,1kbtcyk,reddit,Nice! Not dry?,2025-04-30T23:04:23Z,1,yesboss13,food,2025-05-21T12:39:57.332219Z
mp3awiq,1k82q5k,reddit,Nom nom NOM 😆 looks tasty,2025-04-26T03:52:52Z,2,Crymsm,food,2025-05-21T12:39:58.298377Z
mp5c017,1k82q5k,reddit,That looks amazing.,2025-04-26T14:05:44Z,1,DotOneFive,food,2025-05-21T12:39:58.298391Z
mp5n9to,1k82q5k,reddit,Niiiiiice! Looks delicious 😋,2025-04-26T15:06:49Z,1,CollectionPerfect321,food,2025-05-21T12:39:58.298400Z
mobm25l,1k4mu7w,reddit,"I quickly wrote down a recipe as well. I hope some of you end up trying it!

**Ingredients**

* 200 g ground beef
* 1 small white onion, diced
* 3 garlic cloves, minced
* 2–3 peppers (red/yellow/green), chopped
* 2 medium potatoes (≈300 g), peeled & cubed
* 200 g diced tomatoes 
* 2 Tbsp oil + 1 Tbsp butter
* 2 eggs
* Salt, pepper, 1 tsp paprika, ½ tsp cumin

**How I do it**

1. Heat 2 Tbsp oil in a skillet over medium‑high. When it shimmers, add beef in one layer.
2. Let it brown untouched 1–2 min, sprinkle salt/pepper/paprika/cumin, stir 30 sec, then scoop into a bowl.
3. In the same pan, melt 1 Tbsp butter. Add potatoes, onion, garlic, peppers, season lightly, and cook 5–7 min until potatoes get golden bits.
4. Stir beef back in with 200 g diced tomatoes. Bring to a boil, lower to medium‑low, cover, and cook 12–15 min until potatoes are fork‑tender.
5. Crack 2 eggs on top, cover, turn off the heat, and let sit 5 min so the eggs steam‑cook. Season the eggs with smoked salt, pepper and smoked paprika once cooked.",2025-04-21T21:08:59Z,3,mrcookswell,food,2025-05-21T12:39:59.340661Z
msq5w3x,1kog7ie,reddit,Looks awesome! Recipe?,2025-05-17T01:40:02Z,2,bolloret,food,2025-05-21T12:40:00.378021Z
msvjn0t,1kog7ie,reddit,"For those not in the know, here’s a wikipedia entry defining damper [https://en.m.wikipedia.org/wiki/Damper_(food)](https://en.m.wikipedia.org/wiki/Damper_(food))",2025-05-17T23:54:43Z,2,scuffins,food,2025-05-21T12:40:00.378035Z
msh7lfc,1knc1q4,reddit,Looks good 😻,2025-05-15T16:56:27Z,2,therainmakah,food,2025-05-21T12:40:01.537906Z
mrup010,1kkgmzr,reddit,Looks good,2025-05-12T02:43:48Z,2,scjn-97__,food,2025-05-21T12:40:02.547197Z
mqeugga,1kdznlt,reddit,"Store bought cheesy focaccia lightly toasted

One side provolone one side caramelized onion white cheddar

Kewpie mayo

Genoa salami

Pepperoni 

Black Forest Ham

Shredded cabbage massaged with salt and Italian seasoning, then tossed in creamy Italian dressing",2025-05-03T18:30:29Z,2,BynX1,food,2025-05-21T12:40:04.596952Z
mqg0wyw,1kdznlt,reddit,Aren't you supposed to blur out porn?,2025-05-03T22:28:10Z,0,Psychofrench,food,2025-05-21T12:40:04.596965Z
mpesvd0,1k9jgpa,reddit,Looks really nice! You've got that velvety sheen that means you know it'll be good.,2025-04-28T01:17:27Z,1,bvknight,food,2025-05-21T12:40:06.670377Z
moxsv8b,1k7dg21,reddit,[removed],2025-04-25T08:46:59Z,2,N/A,food,2025-05-21T12:40:07.777032Z
moxaeum,1k7dg21,reddit,Amazing,2025-04-25T05:42:27Z,2,kat_doge_,food,2025-05-21T12:40:07.777047Z
mox9zk3,1k7dg21,reddit,Yesss I also add shitake mushrooms.  A daikon radish is also good.,2025-04-25T05:38:42Z,1,foreverwetsocks,food,2025-05-21T12:40:07.777058Z
msok27a,1koa1br,reddit,"Proof that happiness can be stacked, syruped, and topped with a strawberry.",2025-05-16T19:55:11Z,2,MastermindNotes,food,2025-05-21T12:40:08.810665Z
msol5b8,1koa1br,reddit,Would,2025-05-16T20:00:44Z,2,Doschupacabras,food,2025-05-21T12:40:08.810679Z
mqumpyu,1kfyuz9,reddit,Looks delicious! What’s that green pepper on the side?,2025-05-06T08:02:41Z,3,Specialist-Vanilla-3,food,2025-05-21T12:40:09.809657Z
mqjx039,1kemvrd,reddit,What the hell are croissants doing on this plate lol,2025-05-04T15:49:31Z,34,Beth_L_29,food,2025-05-21T12:40:11.796836Z
mqkbia9,1kemvrd,reddit,It looks good.  Kind of a weird combo of stuff that doesn’t go well together tho.,2025-05-04T17:03:47Z,8,withagrainofsalt1,food,2025-05-21T12:40:11.796849Z
mqk1fsp,1kemvrd,reddit,more croissant than rib,2025-05-04T16:12:34Z,8,ulikedagsm8,food,2025-05-21T12:40:11.796857Z
mqjyiuh,1kemvrd,reddit,No.,2025-05-04T15:57:23Z,7,Darkmind57,food,2025-05-21T12:40:11.796865Z
mqo74af,1kemvrd,reddit,"I want to jump into that dish, it looks that good!",2025-05-05T07:44:14Z,1,Spungel,food,2025-05-21T12:40:11.796873Z
mrcclqt,1kemvrd,reddit,They were a bit stingy on the ribs ,2025-05-09T00:47:24Z,1,Several-Arachnid-962,food,2025-05-21T12:40:11.796881Z
mpyuodw,1kc07sf,reddit,"The salmon is seasoned with Salt, Black and White Pepper, Paprika, and Chili Crisp then roasted.  The pasta is store-bought fresh pasta tossed in a red-pepper based pesto with sautéed green bell peppers and arugula mixed in.",2025-05-01T04:36:04Z,3,EdgyZigzagoon,food,2025-05-21T12:40:12.844176Z
mpzkj6h,1kc07sf,reddit,Beautiful plate as well 🥹,2025-05-01T08:45:14Z,2,45richie,food,2025-05-21T12:40:12.844189Z
mrloer1,1kc07sf,reddit,omg,2025-05-10T15:28:06Z,1,crispy_club,food,2025-05-21T12:40:12.844197Z
mphsxn0,1k9wa5t,reddit,Looks tasty 🤤,2025-04-28T15:09:37Z,1,theredpiccolo,food,2025-05-21T12:40:13.811888Z
mpagsss,1k8zito,reddit,"Barbequed chicken wings are already the best chicken wings, but those...

![gif](giphy|1ktwfTjwaQzde)",2025-04-27T10:12:56Z,3,Erchamion_1,food,2025-05-21T12:40:14.799346Z
mpb0h1r,1k8zito,reddit,Wow🤩,2025-04-27T12:55:38Z,3,bohhob-2h,food,2025-05-21T12:40:14.799360Z
mpbusg4,1k8zito,reddit,Cannot go wrong with this,2025-04-27T15:47:16Z,1,w4ffl3,food,2025-05-21T12:40:14.799369Z
mpa9nby,1k8zito,reddit,"No smoked brisket? What are you, a barbarian????

Just kidding (not really kidding - BBQ workout brisket? C'mon man). 8/10, looks really nice.",2025-04-27T08:56:36Z,-2,v1rulent,food,2025-05-21T12:40:14.799377Z
mp91iub,1k8pqty,reddit,What do you poach your eggs in to get that bun-like shape?,2025-04-27T02:31:53Z,7,Kapow1969,food,2025-05-21T12:40:15.812961Z
mp8afnn,1k8pqty,reddit,"I’d have only, how did it taste?",2025-04-26T23:39:32Z,2,ipso-factor,food,2025-05-21T12:40:15.812974Z
mp8u2zw,1k8pqty,reddit,[deleted],2025-04-27T01:43:26Z,0,N/A,food,2025-05-21T12:40:15.812983Z
mp679xd,1k8dceo,reddit,Gimme that bread !!,2025-04-26T16:51:42Z,4,badula-yama-yama,food,2025-05-21T12:40:16.821963Z
moib74n,1k5etpi,reddit,I support these PB&B pancakes,2025-04-22T22:10:04Z,2,breannalovesbananas,food,2025-05-21T12:40:17.771264Z
mtf2j0x,1kre1hk,reddit,Recipe?,2025-05-21T04:01:26Z,1,Phillipe1988,food,2025-05-21T12:40:18.734846Z
ms49w7z,1klp12n,reddit,"My husband is from El Salvador. His sister makes pasteles and they are really good. That would be another dish you can try. If you Google pasteles/pastelitos salvadoreños, you'll find some recipes.",2025-05-13T16:45:38Z,3,bvfree,food,2025-05-21T12:40:19.722553Z
ms57o75,1klp12n,reddit,I just got a box of these from Costco and they are amazing; I can only imagine how good a home made version would be.,2025-05-13T19:27:21Z,2,Kruxf,food,2025-05-21T12:40:19.722564Z
ms408kf,1klp12n,reddit,Sour cream with papusas?  Boo!,2025-05-13T15:58:17Z,2,Merkinfuqer,food,2025-05-21T12:40:19.722580Z
mr1nly1,1kgtuxt,reddit,Looks wonderful 😊 and really delicious 🌟,2025-05-07T11:09:25Z,-1,Bubbly57,food,2025-05-21T12:40:20.680974Z
mqnlnec,1kf014n,reddit,Nice 👍🏼 looks good,2025-05-05T04:19:22Z,2,Vivid-Ad1490,food,2025-05-21T12:40:21.625869Z
mqg2uoc,1kdxi7l,reddit,that looks really good,2025-05-03T22:40:12Z,1,ghoulishgirl,food,2025-05-21T12:40:22.611453Z
mqhqek8,1kdxi7l,reddit,That sauce is doing all the right things,2025-05-04T05:33:50Z,1,pickletugboat,food,2025-05-21T12:40:22.611467Z
mq0prmn,1kc4zjf,reddit,This looks unreal!,2025-05-01T13:58:38Z,3,justsa_rah,food,2025-05-21T12:40:23.582491Z
mq2lnet,1kc4zjf,reddit,paella is God’s gift to mouths.,2025-05-01T19:31:41Z,2,ghoulishgirl,food,2025-05-21T12:40:23.582503Z
mq00tjs,1kc4zjf,reddit,Is the rice here with us?,2025-05-01T11:21:23Z,1,LTKerr,food,2025-05-21T12:40:23.582511Z
mpae4lq,1k90635,reddit,"Looks like yellow squash instead of brocolli, maybe you got mixed up ? Either way looks really good",2025-04-27T09:44:55Z,0,Focosa88,food,2025-05-21T12:40:25.536556Z
mtaortm,1kr5dsr,reddit,Got damn!,2025-05-20T13:58:25Z,4,futreweriop,food,2025-05-21T12:40:26.487147Z
mtbofm5,1kr5dsr,reddit,Looks great!  How did you season it?,2025-05-20T16:54:24Z,3,BernieInvitedMe,food,2025-05-21T12:40:26.487160Z
mte21u2,1kr5dsr,reddit,![gif](giphy|z3HFoEzXCMykr4L0TB|downsized),2025-05-21T00:14:17Z,2,newbeginnings187,food,2025-05-21T12:40:26.487168Z
msm9oq3,1ko081b,reddit,I never knew this excited!! I need this!! lol,2025-05-16T13:00:03Z,2,Theweekendatbernies,food,2025-05-21T12:40:27.465789Z
mrowaia,1kjqx20,reddit,Holy moly,2025-05-11T03:00:51Z,3,ryno514,food,2025-05-21T12:40:28.460316Z
mrpj76x,1kjqx20,reddit,In Las Vegas? Amazing. They have three locations if you have a car,2025-05-11T06:07:11Z,2,Pkmnkat,food,2025-05-21T12:40:28.460329Z
mq3lev4,1kcjvjp,reddit,A nice slice of cake.,2025-05-01T22:32:14Z,3,xc2215x,food,2025-05-21T12:40:29.410211Z
mq3cynz,1kcjvjp,reddit,That looks delicious! I have so many lemons in the freezer right now taking up too much space and saw this. Exactly what I want! Care to share your recipe?,2025-05-01T21:45:46Z,2,NoIndividual5987,food,2025-05-21T12:40:29.410222Z
mq3g5c9,1kcjvjp,reddit,Yum,2025-05-01T22:02:49Z,2,SlammingMomma,food,2025-05-21T12:40:29.410229Z
mod7wvr,1k4vjdl,reddit,Looks delicious! Chicken piccata is one of my favorites! 🥰,2025-04-22T02:35:22Z,2,0ceanshore,food,2025-05-21T12:40:30.375746Z
mt84kn9,1kqt1gg,reddit,Who dfq made this? such a beautiful and delicious food! 11/10 🥹,2025-05-20T01:39:58Z,3,BasilicaEcho1,food,2025-05-21T12:40:31.303947Z
mt3s2va,1kq92yv,reddit,[removed],2025-05-19T11:29:33Z,2,N/A,food,2025-05-21T12:40:32.263003Z
ms01teo,1kl6y5y,reddit,Looks fantastic,2025-05-12T23:31:39Z,2,nubmcstuffins,food,2025-05-21T12:40:33.246452Z
ms0e4il,1kl6y5y,reddit,This looks amazing.  Great job!,2025-05-13T00:41:00Z,2,free-bus1,food,2025-05-21T12:40:33.246465Z
ms0yaa1,1kl6y5y,reddit,"I had to Google ramps. They are a wild, often foraged, plant like an onion or garlic.",2025-05-13T02:38:41Z,1,brewbase,food,2025-05-21T12:40:33.246473Z
mrkwyxy,1kj9dre,reddit,Gorgeous. Those toppings as well!  Dammn,2025-05-10T12:46:10Z,1,mrdoodles,food,2025-05-21T12:40:34.236468Z
mqoljhj,1kf7bkr,reddit,Those are pretty 🥹,2025-05-05T10:14:24Z,3,45richie,food,2025-05-21T12:40:35.201963Z
mqpqr3q,1kf7bkr,reddit,"A) they look beautiful
B) what are they",2025-05-05T14:44:09Z,2,Successful_Cow_8713,food,2025-05-21T12:40:35.201977Z
mr76moh,1kf7bkr,reddit,OH! OH YESSSSS! Very well done.,2025-05-08T05:40:25Z,2,NNovis,food,2025-05-21T12:40:35.201986Z
mqow8i1,1kf7bkr,reddit,Di4b3tes,2025-05-05T11:42:23Z,-6,im_intj,food,2025-05-21T12:40:35.201994Z
mqhqk1o,1kebijw,reddit,I’m jealous of everyone who gets to eat your food,2025-05-04T05:35:14Z,2,pickletugboat,food,2025-05-21T12:40:36.164078Z
mqhkmn4,1kebijw,reddit,[removed],2025-05-04T04:43:30Z,2,N/A,food,2025-05-21T12:40:36.164092Z
mqj1zhx,1kebijw,reddit,"I can see my younger cousins, swarming, consuming the chicken. How delightful! 🙂🩷🍗",2025-05-04T12:56:34Z,1,UncircumcisedFly,food,2025-05-21T12:40:36.164101Z
mqhnf3c,1kebijw,reddit,Please share a recipe,2025-05-04T05:07:12Z,1,Dangerous_Ad_7042,food,2025-05-21T12:40:36.164116Z
mpjdark,1ka4c2w,reddit,they sure do look juicy,2025-04-28T19:48:18Z,0,sprinkles5000,food,2025-05-21T12:40:38.496630Z
moio3tk,1k5jq9z,reddit,That looks really good!  Did you keep the skin on the pineapple so it wouldn’t lose much moisture?,2025-04-22T23:22:22Z,3,ThisGirlIsFine,food,2025-05-21T12:40:39.606414Z
moigkt0,1k5jq9z,reddit,Good,2025-04-22T22:40:12Z,2,Rich_Cap_3676,food,2025-05-21T12:40:39.606426Z
mojuvfa,1k5jq9z,reddit,Powerful,2025-04-23T03:37:00Z,2,Mortiviere,food,2025-05-21T12:40:39.606434Z
moca5kd,1k4le4f,reddit,Recipe?,2025-04-21T23:21:02Z,3,N/A,food,2025-05-21T12:40:40.646006Z
mob6wwn,1k4le4f,reddit,"Hell yea.  Also, get in on that Scallion Pancake life.",2025-04-21T19:54:06Z,2,Y__U__MAD,food,2025-05-21T12:40:40.646019Z
mr3y3wy,1kh3vnm,reddit,How did it taste,2025-05-07T18:26:19Z,1,Successful_Cow_8713,food,2025-05-21T12:40:42.621093Z
mqejpj3,1kdtk0b,reddit,The noodles are white. Where the hell is the soy sauce?,2025-05-03T17:35:55Z,3,HowsYourSexLifeMarc,food,2025-05-21T12:40:44.048619Z
mqdt8h0,1kdtk0b,reddit,Looks so tasty give me a bite!,2025-05-03T15:19:41Z,2,Due_Sun9,food,2025-05-21T12:40:44.048632Z
mprdlpw,1kb2oay,reddit,I wanna try so bad.  I ordered stuff to make it.  Just need to find the octopus which I think one grocery store in my town sells.,2025-04-30T00:47:02Z,4,Crymsm,food,2025-05-21T12:40:45.767949Z
mprgfxw,1kb2oay,reddit,Looks good!,2025-04-30T01:02:45Z,2,rGRWA,food,2025-05-21T12:40:45.767962Z
mpupcsy,1kb2oay,reddit,Tako is my spirit animal 🤤,2025-04-30T15:12:29Z,1,SilentButtsDeadly,food,2025-05-21T12:40:45.767970Z
mpl40us,1kacain,reddit,Looks really good.,2025-04-29T01:35:37Z,3,N/A,food,2025-05-21T12:40:46.742089Z
mplxo56,1kacain,reddit,"Your plate is looking back at you. - my first chef,  Patrice surer.",2025-04-29T04:47:24Z,3,Jarl_Xar,food,2025-05-21T12:40:46.742104Z
mpl51xc,1kacain,reddit,A little out of my league but I enjoy it...thanks for the kind words!!,2025-04-29T01:41:33Z,2,DingoOverall7770,food,2025-05-21T12:40:46.742113Z
mpl87db,1kacain,reddit,*Everything reminds me of her...*,2025-04-29T01:59:56Z,-2,ef02,food,2025-05-21T12:40:46.742121Z
mp0z0ua,1k7tjfo,reddit,"For the noodles, I used [this recipe](https://woonheng.com/homemade-flat-rice-noodles/).

Since the steamer was already setup I did the veg next.

I always velvet my beef, marinaded in Xiaoxing cooking wine, baking soda, MSG, white pepper and cornstarch. Boiled since the water was going, then stir-fried. Some egg, a little garlic, dark and light soy sauces, MSG, sugar, and heat.",2025-04-25T19:51:20Z,4,Trump_Sucks_666,food,2025-05-21T12:40:47.753393Z
mp1ncy9,1k7tjfo,reddit,Looks great. I haven’t made Pad See Ew in quite a while.,2025-04-25T21:57:04Z,3,-simply-complicated,food,2025-05-21T12:40:47.753406Z
mp0ycp5,1k7tjfo,reddit,Yum,2025-04-25T19:47:54Z,2,Mundane_Dealer_9794,food,2025-05-21T12:40:47.753414Z
mp1ifjp,1k7tjfo,reddit,Mmmm,2025-04-25T21:30:38Z,1,shaky_sharks5587,food,2025-05-21T12:40:47.753423Z
mteqnjr,1kr90j1,reddit,"Is that with an immersion blender?  It looks nice, but the texture often ends up kind of gummy/slimy for me.  How was it for you?",2025-05-21T02:40:48Z,1,pwmg,food,2025-05-21T12:40:50.876076Z
mte385d,1kr90j1,reddit,"Yum, nice presentation as well 👏👏",2025-05-21T00:21:17Z,0,mannyfreshman,food,2025-05-21T12:40:50.876097Z
mt0cksd,1kpsmlc,reddit,The long one in the first pic looks perfect 🤩,2025-05-18T20:13:38Z,3,OnlyIce538,food,2025-05-21T12:40:52.555148Z
mt1i2wn,1kpsmlc,reddit,Gorgeous!,2025-05-19T00:10:40Z,2,zeppelinbm,food,2025-05-21T12:40:52.555160Z
mskauuy,1knoe7j,reddit,That pasta isn’t just cooked—it's romanced. 🍝💋,2025-05-16T03:01:21Z,1,Sophiassa,food,2025-05-21T12:40:54.593505Z
mslszoi,1knoe7j,reddit,"Looks like a good sauce, is there actually vodka in there? If so what does it add to the flavour?",2025-05-16T11:07:30Z,0,UncookedBroccoli,food,2025-05-21T12:40:54.593517Z
ms7neah,1klime0,reddit,Delicious breakfast,2025-05-14T03:37:59Z,1,goddesmoo,food,2025-05-21T12:40:55.867319Z
ms1yt6e,1klbzor,reddit,That crust looks perfectly golden—can’t believe it’s your first time! Grandma-level skills unlocked on day one,2025-05-13T07:33:17Z,2,Sophiassa,food,2025-05-21T12:40:57.358842Z
ms2i7nc,1klbzor,reddit,👏🏾👏🏾👏🏾👏🏾👏🏾👏🏾,2025-05-13T10:46:52Z,1,Curiousssly,food,2025-05-21T12:40:57.358854Z
mrco5iu,1ki39fr,reddit,what is with those diacritics,2025-05-09T01:58:39Z,1,pqpqppqppperk,food,2025-05-21T12:40:58.364046Z
mqjvpxw,1kekb2n,reddit,The plating is gorgeous,2025-05-04T15:42:53Z,1,Successful_Cow_8713,food,2025-05-21T12:40:59.321376Z
mqdnhxt,1kdsg4s,reddit,Good,2025-05-03T14:49:19Z,1,United_Relief_5738,food,2025-05-21T12:41:00.888158Z
mqdt1bn,1kdsg4s,reddit,Mmmm looks so delicious,2025-05-03T15:18:37Z,1,Due_Sun9,food,2025-05-21T12:41:00.888171Z
mq86su5,1kd1c2o,reddit,Looks delicious!,2025-05-02T17:01:46Z,2,tacocollector2,food,2025-05-21T12:41:01.896612Z
mq8sazm,1kd1c2o,reddit,"Meats and cheeses, always pleases!",2025-05-02T18:44:07Z,2,stodgey-engineering,food,2025-05-21T12:41:01.896624Z
mt9t9o5,1kr0l1x,reddit,Folded 🆙 😋..,2025-05-20T10:25:30Z,1,Both-Friend-4202,food,2025-05-21T12:41:05.418497Z
mseqlde,1kmxave,reddit,Looks so good!,2025-05-15T06:52:34Z,1,ElectronicWeek3868,food,2025-05-21T12:41:06.493978Z
ms7ux80,1km5oim,reddit,This looks fire! How was it?!?!,2025-05-14T04:31:36Z,6,BiverRanks,food,2025-05-21T12:41:07.475230Z
ms7wugr,1km5oim,reddit,Looks really good you're a master chef every thing goes together well❤️,2025-05-14T04:46:37Z,3,Master-Bullfrog9233,food,2025-05-21T12:41:07.475243Z
ms83kgk,1km5oim,reddit,I'd be super happy to get this placed in front of me also. Looks great!,2025-05-14T05:44:06Z,3,Snoopaloop212,food,2025-05-21T12:41:07.475255Z
ms7pu5a,1km5oim,reddit,Yum what kind of fish?,2025-05-14T03:55:09Z,2,Tjones141,food,2025-05-21T12:41:07.475263Z
mrna2hl,1kjjwke,reddit,"That's a filthy looking sandwich. Like you'll need a shot of penicillin after, just in case.",2025-05-10T20:48:43Z,15,monkeybawz,food,2025-05-21T12:41:08.693455Z
mrnfa6r,1kjjwke,reddit,I don’t understand what I’m looking at. But I need this sandwich like I need oxygen,2025-05-10T21:19:03Z,12,SbMSU,food,2025-05-21T12:41:08.693468Z
mrp45p4,1kjjwke,reddit,I’ve never seen turkey so wet.,2025-05-11T03:57:30Z,3,lavenderewe,food,2025-05-21T12:41:08.693477Z
mrnhq2o,1kjjwke,reddit,Wow.  I guess I’m hungry now.,2025-05-10T21:33:43Z,2,v4xN0s,food,2025-05-21T12:41:08.693486Z
mrotsaq,1kjjwke,reddit,You mean slop?,2025-05-11T02:43:11Z,0,unordinarycake15,food,2025-05-21T12:41:08.693494Z
mroelng,1kjjwke,reddit,That bread looks awful,2025-05-11T01:02:29Z,-1,SitMeDownShutMeUp,food,2025-05-21T12:41:08.693503Z
mro8goi,1kjjwke,reddit,![gif](giphy|yTHAOj17J0iN9lBxAl|downsized),2025-05-11T00:22:01Z,-1,CrustyT-shirt,food,2025-05-21T12:41:08.693511Z
mqbny08,1kdkxi1,reddit,"Oh, plus a little bit of seeded mustard",2025-05-03T04:55:38Z,2,BitterSweety0862,food,2025-05-21T12:41:09.934150Z
mqbo18h,1kdkxi1,reddit,good looking sandwich,2025-05-03T04:56:25Z,2,kukukraut,food,2025-05-21T12:41:09.934163Z
mqdw3gm,1kdkxi1,reddit,"Hope it is for one. otherwise, the person getting second from the left slice, doesn't get any salmon...",2025-05-03T15:34:35Z,2,Senior-Area8392,food,2025-05-21T12:41:09.934170Z
msy7yvf,1kpgwz7,reddit,How did you sauteed the apples?🧐,2025-05-18T13:20:33Z,1,frytech,food,2025-05-21T12:41:10.961138Z
msqg5c7,1kogmsk,reddit,"My friend, that’s a sandwich that eats you. 😳",2025-05-17T02:46:16Z,2,GiantCopperMonkey,food,2025-05-21T12:41:12.251903Z
msqejdk,1kogmsk,reddit,"That looks delicious, some pickle is better than no pickle, but that ratio is insulting.",2025-05-17T02:35:40Z,2,ShotBlocker805,food,2025-05-21T12:41:12.251914Z
msq2zjb,1kogmsk,reddit,That looks delicious!,2025-05-17T01:21:19Z,1,solidgun1,food,2025-05-21T12:41:12.251921Z
msq8l00,1kogmsk,reddit,Looks delicious,2025-05-17T01:57:23Z,1,Jolly-Tailor-4309,food,2025-05-21T12:41:12.251928Z
msscxy9,1kogmsk,reddit,Cute pickle,2025-05-17T13:03:34Z,0,OnceUpon_A_Dime_2007,food,2025-05-21T12:41:12.251935Z
mrjdra1,1kj0a4d,reddit,Looks great. Ruined it with shitty chopped parsley tbh,2025-05-10T04:21:42Z,1,Aint_EZ_bein_AZ,food,2025-05-21T12:41:14.292191Z
mrc33xj,1ki3wcy,reddit,looks beautiful!,2025-05-08T23:48:36Z,3,spidersinthesoup,food,2025-05-21T12:41:16.446152Z
mrd7ifc,1ki3wcy,reddit,Looks heavenly…,2025-05-09T04:12:08Z,2,justletlanadoit,food,2025-05-21T12:41:16.446165Z
mqp31og,1kf6ao4,reddit,"Tecnically, ""arrabbiata"" sauce is only: olive oil, garlic, tomato sauce, basil and obviusly a lot of hot pepper (arrabbiata mean angry). But if you like your version, good for you.",2025-05-05T12:29:52Z,4,Akaattila,food,2025-05-21T12:41:17.465411Z
mqnn3g0,1keyqgu,reddit,This is like the inverse of pizza colored frog that's been circulating.,2025-05-05T04:31:08Z,1,OrochiKarnov,food,2025-05-21T12:41:18.488210Z
mqgobqs,1ke7ryt,reddit,I love a whole clove of roasted garlic! 😍,2025-05-04T00:55:24Z,2,experiencinglifelo,food,2025-05-21T12:41:19.584450Z
mocm6mt,1k4ryy5,reddit,What are shositos?,2025-04-22T00:29:43Z,6,SimpleKnowledge4840,food,2025-05-21T12:41:20.707493Z
moccog4,1k4ryy5,reddit,[deleted],2025-04-21T23:35:11Z,4,N/A,food,2025-05-21T12:41:20.707506Z
mofqjjx,1k4ryy5,reddit,What did you braise the short rib in?,2025-04-22T14:33:08Z,2,catdogfox,food,2025-05-21T12:41:20.707515Z
mocfpfb,1k4ryy5,reddit,"People cook food, plate it up, then wander around the house looking for the dog to have in the background.",2025-04-21T23:52:15Z,-2,the_amatuer_,food,2025-05-21T12:41:20.707524Z
msgka01,1kna1vx,reddit,"Sweet, savory, and fancy all in one bite",2025-05-15T15:02:26Z,3,JumpSquatBelle,food,2025-05-21T12:41:24.282791Z
msa954k,1kmhy2c,reddit,"Ingredients:

* 3/4 cup (170g) mashed banana (from about 1 1/2 large, very ripe bananas)
* 2/3 cup (134g) granulated sugar
* 1/4 cup (54g) light brown sugar or dark brown sugar, packed
* 6 tablespoons (85g) unsalted butter or refined coconut oil
* 1 large egg yolk
* 2 teaspoons King Arthur Pure Vanilla Extract
*  3/4 teaspoon table salt 
* 1/2 teaspoon baking powder
*  1 1/4 cups (150g) King Arthur Unbleached All-Purpose Flour 
* 1/4 cup (28g) chopped walnuts or pecans, toasted; optional 
* 1/4 cup (43g) semisweet chocolate chips or mini chocolate chips
*  flaky sea salt, for sprinkling; optional
* Preheat the oven to 350°F with a rack in the center. Lightly grease an 8"" square pan, then line it with a parchment sling.

In a large saucepan, mash the banana with the sugars until well combined. Bring the mixture to a boil over medium heat, then cook, stirring frequently with a flexible spatula, until shiny, syrupy, and caramelized. The mixture should be thick enough so that when it’s removed from the heat and the spatula is dragged across the bottom of the pan, the line fills in after about 1 second. This will take about 4 to 8 minutes of cooking, depending on the ripeness of the bananas.

Remove the pot from the heat, let cool for about 5 minutes, then add the butter, yolk, and vanilla. Stir until the mixture is creamy and emulsified.

Whisk in the salt and baking powder, then stir in the flour with a flexible spatula until only a few dry streaks remain. Let the batter cool for about 5 minutes, then work quickly to stir in the nuts and chocolate (the chocolate will melt slightly). Transfer the thick, soft batter to the prepared pan and spread into an even layer (if the batter feels too thick to spread, use damp hands or a lightly greased offset spatula). Sprinkle with flaky salt if desired.

\-recipe from King Arthur baking",2025-05-14T15:24:32Z,4,ExpertRaccoon,food,2025-05-21T12:41:25.440941Z
mrcll2a,1kho0iv,reddit,Looks delish~,2025-05-09T01:42:48Z,2,tauqr_ahmd,food,2025-05-21T12:41:26.492105Z
mr0yktu,1kgmfpk,reddit,Love this dish! I visited Thailand in 2023 and can't get enough of this prat kaprow. Are you in Thailand OP?,2025-05-07T07:01:16Z,1,markbroncco,food,2025-05-21T12:41:27.532822Z
mq6zmqi,1kcxl2e,reddit,Why so wet?,2025-05-02T13:33:07Z,8,Suck_Boy_Tony,food,2025-05-21T12:41:28.968081Z
mq6flye,1kcxl2e,reddit,If you know..you know.,2025-05-02T11:26:46Z,1,sl0wroll,food,2025-05-21T12:41:28.968092Z
mpfapc3,1k9jsj1,reddit,"I looked it up, and ""mojarra"" is commonly called tilapia or 'two-banded sea bream' in English.",2025-04-28T03:11:24Z,2,Ivor_the_1st,food,2025-05-21T12:41:30.010112Z
mpfpsum,1k9jsj1,reddit,So a “throw everything in the deep fryer” dinner.  Bet it was delicious,2025-04-28T05:08:29Z,2,Xx_GetSniped_xX,food,2025-05-21T12:41:30.010123Z
mpeu4ey,1k9jsj1,reddit,Damn,2025-04-28T01:25:10Z,1,Trev_Casey2020,food,2025-05-21T12:41:30.010131Z
mopksm4,1k6aerq,reddit,That looks gorgeous!,2025-04-24T01:01:13Z,1,modtekpc,food,2025-05-21T12:41:31.764377Z
moo3y9j,1k66t2s,reddit,Had an ice cream shop like this open up in town. Only lasted a year though. A tad gimmicky. It doesn't beat basic churned ice cream.,2025-04-23T20:17:02Z,4,Slickity,food,2025-05-21T12:41:32.815332Z
monrvic,1k66t2s,reddit,Yummy!,2025-04-23T19:18:34Z,1,My_Hotwife_Journey,food,2025-05-21T12:41:32.815343Z
mrtudj2,1kk6oxo,reddit,"Now this, this is a fuckin' meal",2025-05-11T23:25:32Z,3,oupheking,food,2025-05-21T12:41:34.922045Z
mrj3w26,1kiwm13,reddit,That’s looks like a lot of bread,2025-05-10T03:07:57Z,2,AlanTheMediocre,food,2025-05-21T12:41:35.996387Z
mriza92,1kiwm13,reddit,On a Kaiser?,2025-05-10T02:36:28Z,1,howelltight,food,2025-05-21T12:41:35.996400Z
mrj8prl,1kiwm13,reddit,that sausage is a crime,2025-05-10T03:43:04Z,1,blaine64,food,2025-05-21T12:41:35.996408Z
mpvpahs,1kbmqwy,reddit,"Looks amazing, reminds me of Xian Famous Food cumin lamb that's one of my go-to takeout meals.",2025-04-30T18:05:26Z,2,StretchGoesOnReddit,food,2025-05-21T12:41:37.764780Z
mpwngy5,1kbmqwy,reddit,I just ate and now I'm hungry again... looks great!,2025-04-30T20:51:54Z,2,bio4m,food,2025-05-21T12:41:37.764791Z
mpwpj2i,1kbmqwy,reddit,Wowwww 😍 recipe please? 🙏🏽,2025-04-30T21:01:43Z,2,TouristLow7950,food,2025-05-21T12:41:37.764798Z
mpiz2l2,1ka2bps,reddit,Note to self: make this ,2025-04-28T18:36:32Z,3,ironykarl,food,2025-05-21T12:41:38.834113Z
mpjnljw,1ka2bps,reddit,Looks cute. I would suggest to flatten the bread way more and turn it into a pita. Then you can put your fork in and rotate it to make a roll. That's why u want thin and many layers O/w the oil content is proper 👌👌,2025-04-28T20:39:33Z,1,boluluhasanusta,food,2025-05-21T12:41:38.834124Z
mocuz2i,1k4u2h6,reddit,"Looks awesome with the pasta, thanks for the recipe definitely gonna try this",2025-04-22T01:20:39Z,5,Dumbclown05,food,2025-05-21T12:41:40.002065Z
mod1opq,1k4u2h6,reddit,I always forget to put garlic in my pasta salad.,2025-04-22T01:59:34Z,3,karmagirl314,food,2025-05-21T12:41:40.002077Z
modjez3,1k4u2h6,reddit,😍😍,2025-04-22T03:50:51Z,3,gainz-traveler,food,2025-05-21T12:41:40.002084Z
moebbd6,1k4u2h6,reddit,looks delicious,2025-04-22T08:04:28Z,3,Advanced_Chest743,food,2025-05-21T12:41:40.002091Z
mobs5zs,1k4n8er,reddit,Nice! Would you be so kind to tell me the brand of that plate please?,2025-04-21T21:40:44Z,2,Anthony-Andriolo,food,2025-05-21T12:41:41.724800Z
mt005b9,1kprmor,reddit,That’s an energy bomb😮‍💨,2025-05-18T19:06:21Z,6,Jon_vance,food,2025-05-21T12:41:42.705500Z
mt3d5cj,1kpme6r,reddit,Show us a pic of a slice? 😀,2025-05-19T09:12:11Z,2,RonLondonUK,food,2025-05-21T12:41:43.723540Z
mrgp9oj,1kih841,reddit,Good work - collar is so underrated.,2025-05-09T18:42:51Z,2,godstar67,food,2025-05-21T12:41:47.109552Z
mpu89pu,1kbg0ay,reddit,What do I need to do to get some?,2025-04-30T13:46:33Z,2,justsa_rah,food,2025-05-21T12:41:48.092093Z
mpx7wku,1kbg0ay,reddit,How is a frittata without eggs made? Egg frittata is like saying bread sandwich or rice sushi.,2025-04-30T22:38:45Z,2,Khronos91,food,2025-05-21T12:41:48.092105Z
mpu4c8i,1kbg0ay,reddit,That looks divine!!,2025-04-30T13:24:58Z,1,ginaginapumpkineater,food,2025-05-21T12:41:48.092114Z
mpp0hxy,1kao5ok,reddit,This is a Glamp-kitchen in my book.,2025-04-29T17:33:49Z,4,SailToTheSun,food,2025-05-21T12:41:49.804252Z
mpq778i,1kao5ok,reddit,Looks great! Which hotel are you camping in?,2025-04-29T20:57:26Z,4,shadorow,food,2025-05-21T12:41:49.804265Z
mpo0794,1kao5ok,reddit,That’s a fully functional kitchen. Camp cooking maybe has another meaning here.,2025-04-29T14:38:50Z,3,thefroglover,food,2025-05-21T12:41:49.804275Z
mo9d08v,1k4e37v,reddit,Looks solid to me,2025-04-21T14:14:33Z,1,paulerxx,food,2025-05-21T12:41:50.811244Z
mtf1fgo,1kri10d,reddit,GOUDA!! Among the most savory and rich of cheeses!,2025-05-21T03:53:12Z,1,GoombaBro,food,2025-05-21T12:41:51.890157Z
mtfbj0j,1kri10d,reddit,I need 2 sides.. One of just those onions and one with those onions and that cheese,2025-05-21T05:13:46Z,1,DrunkenKahawai,food,2025-05-21T12:41:51.890170Z
mtffymr,1kri10d,reddit,Thought that onion was a tiny bun for about ten seconds,2025-05-21T05:52:53Z,1,iainturfather,food,2025-05-21T12:41:51.890178Z
mt7uket,1kqqqj4,reddit,Are we allowed to ask for the recipe? This dish has eluded me for decades. There’s no restaurant that makes this dish well either despite living in SGV.,2025-05-20T00:37:56Z,2,Any_West_926,food,2025-05-21T12:41:52.928318Z
mt8ul8e,1kqqqj4,reddit,Thanks OP for the recipe!,2025-05-20T04:43:36Z,2,Odd-Trade-4693,food,2025-05-21T12:41:52.928331Z
mtbd46w,1kqqqj4,reddit,Making this asap! Looks amazing and convenient :),2025-05-20T15:58:59Z,1,turtleislife,food,2025-05-21T12:41:52.928339Z
mt2ucf7,1kq4awr,reddit,"Looks delicious! Could be cut/ plated better but all in all very edible, haha. What is the green sauce? Salsa verde?",2025-05-19T05:57:45Z,1,whipnutbouy,food,2025-05-21T12:41:54.378675Z
ms7mpje,1km3ruf,reddit,Fabulous,2025-05-14T03:33:14Z,2,goddesmoo,food,2025-05-21T12:41:55.343286Z
ms7udkh,1km3ruf,reddit,Definitely looks delicious going to make it for myself,2025-05-14T04:27:25Z,2,Master-Bullfrog9233,food,2025-05-21T12:41:55.343298Z
ms7vgre,1km3ruf,reddit,Yummy,2025-05-14T04:35:48Z,1,iknowitsfine3621,food,2025-05-21T12:41:55.343306Z
ms54mon,1klrjm2,reddit,Yummy meal love it,2025-05-13T19:12:31Z,2,Master-Bullfrog9233,food,2025-05-21T12:41:56.333610Z
ms5a1fp,1klrjm2,reddit,You know it looks like an Arab meal called Oazi made of rice cooked with carrots and peas,2025-05-13T19:39:12Z,1,Master-Bullfrog9233,food,2025-05-21T12:41:56.333622Z
ms7n937,1klrjm2,reddit,Simple delicious,2025-05-14T03:36:59Z,1,goddesmoo,food,2025-05-21T12:41:56.333631Z
mrx4btu,1kkpjis,reddit,the fresher the fish the better!! looks crispy and wonderful!!,2025-05-12T14:36:58Z,1,knowsaboutit,food,2025-05-21T12:41:57.329357Z
mrxpiha,1kkpjis,reddit,A bottle of hot sauce and I'm all the way in!,2025-05-12T16:21:36Z,1,TheFlyingTortellini,food,2025-05-21T12:41:57.329369Z
mrbvng5,1khz291,reddit,This looks pretty,2025-05-08T23:04:07Z,2,Theweekendatbernies,food,2025-05-21T12:41:59.018970Z
mqhr9k4,1kdyqs2,reddit,[removed],2025-05-04T05:41:38Z,2,N/A,food,2025-05-21T12:42:00.876665Z
mpysgmv,1kbzyef,reddit,That looks sooo good! What is the green sauce though? ,2025-05-01T04:19:18Z,2,Reasonable_Power_198,food,2025-05-21T12:42:01.896937Z
mpwzy82,1kbroqf,reddit,Hey yes! Beef ribs for life,2025-04-30T21:55:02Z,2,jasonr35,food,2025-05-21T12:42:02.938868Z
mpxhbfy,1kbroqf,reddit,Looks very delicious,2025-04-30T23:31:39Z,2,bogli69,food,2025-05-21T12:42:02.938881Z
mpwub8j,1kbroqf,reddit,Noice,2025-04-30T21:25:48Z,1,mataksvejedno,food,2025-05-21T12:42:02.938890Z
mp6ocmg,1k8iwzx,reddit,Sounds nice,2025-04-26T18:18:19Z,3,Lots_Of_Bar,food,2025-05-21T12:42:05.174524Z
mp1lb8u,1k7vzhg,reddit,That looks amazing 🥹,2025-04-25T21:46:04Z,1,45richie,food,2025-05-21T12:42:06.687354Z
mpcr1kc,1k7vzhg,reddit,Nice plantains,2025-04-27T18:30:34Z,1,breannalovesbananas,food,2025-05-21T12:42:06.687368Z
mosph9x,1k6t6nv,reddit,Sauce recipe? ❤️,2025-04-24T14:45:19Z,1,VulpineNine,food,2025-05-21T12:42:07.701285Z
modo0ta,1k4szax,reddit,omg what’s your white sauce recipe? looks amazing!!!,2025-04-22T04:24:35Z,3,katbobo,food,2025-05-21T12:42:08.760366Z
modeqow,1k4szax,reddit,"This is the #1 meal I miss after living in nyc for years. $4.50 you get like a lb of chicken n rice and a coke. I have a halal guys near me, but not as good.",2025-04-22T03:18:51Z,4,Kdigglerz,food,2025-05-21T12:42:08.760376Z
mod20fk,1k4szax,reddit,Looks delicious!,2025-04-22T02:01:26Z,2,Upstairs_Many_232,food,2025-05-21T12:42:08.760383Z
mszelfs,1kpova4,reddit,Do you render some of the fat out of the belly before grilling? Or what magic technique do you have to avoid excessive flare-ups?,2025-05-18T17:13:51Z,1,Extra_Sugar_1361,food,2025-05-21T12:42:09.723665Z
msbhnsv,1km9dyv,reddit,Look good. What is the rest on your plate?,2025-05-14T18:56:23Z,1,Oysterheat,food,2025-05-21T12:42:10.763822Z
mrm6w2a,1kjesml,reddit,How do you fry the tortillas?,2025-05-10T17:08:50Z,3,Morticia_Devine,food,2025-05-21T12:42:11.795830Z
mrmmxdg,1kjesml,reddit,Que rico!,2025-05-10T18:36:03Z,3,-shevek-,food,2025-05-21T12:42:11.795843Z
mrn6e4z,1kjesml,reddit,Yummy!,2025-05-10T20:27:57Z,3,Anon-567890,food,2025-05-21T12:42:11.795851Z
mroudxx,1kjesml,reddit,"Damn that looks good, what's the recipe?",2025-05-11T02:47:18Z,2,ohsnaplemonpepperwet,food,2025-05-21T12:42:11.795859Z
mrbj2q4,1khvt7n,reddit,"The 80s called, they want their plates back.",2025-05-08T21:51:30Z,2,Mynock33,food,2025-05-21T12:42:12.933004Z
mra9p7z,1khvt7n,reddit,These are cute lol,2025-05-08T18:05:00Z,1,Theweekendatbernies,food,2025-05-21T12:42:12.933018Z
mraqc1r,1khvt7n,reddit,Look delicious!,2025-05-08T19:26:36Z,1,My_Hotwife_Journey,food,2025-05-21T12:42:12.933026Z
mrc03oe,1khvt7n,reddit,So cute!!!,2025-05-08T23:30:36Z,1,0ceanshore,food,2025-05-21T12:42:12.933035Z
mqtckyv,1kft336,reddit,"[Duck recipe](https://www.recipetineats.com/duck-confit/)

[Lentils recipe](https://www.recipetineats.com/lentil-ragout-french-puy-lentils-side-dish/)",2025-05-06T01:53:29Z,3,satanhasabigdick,food,2025-05-21T12:42:14.295629Z
mqurqlk,1kft336,reddit,Looks like a restaurant ! Wow,2025-05-06T08:57:31Z,1,Successful_Cow_8713,food,2025-05-21T12:42:14.295641Z
mqua4yg,1kft336,reddit,Why it gotta be French?,2025-05-06T05:53:39Z,0,Lexail,food,2025-05-21T12:42:14.295654Z
mqqz5ta,1kfgzuy,reddit,What else did you eat? Seeing Romanian food for the first time and it looks delicious,2025-05-05T18:20:25Z,3,Successful_Cow_8713,food,2025-05-21T12:42:15.326411Z
mqqwx6b,1kfgzuy,reddit,Wow!!!,2025-05-05T18:09:31Z,2,Successful_Cow_8713,food,2025-05-21T12:42:15.326423Z
mpq4bfu,1kaxwf4,reddit,"Ohh, you need to get fresh broccoli and roast it.. you’ll realize how much better it is.  Also add chili flakes and fresh minced garlic",2025-04-29T20:43:43Z,50,operationfood,food,2025-05-21T12:42:18.225961Z
mpr3pwc,1kaxwf4,reddit,presentation is everything,2025-04-29T23:51:15Z,10,sprinkles5000,food,2025-05-21T12:42:18.225974Z
mpqlt5e,1kaxwf4,reddit,"I'm impressed you got that much color on frozen broccoli. Ignore the peanut gallery this is a healthy side/snack that's pretty easy and can be stored in the freezer/pantry indefinitely. Looks pretty good too. Pretty sure at your age I could make popcorn, Ramen or hotpockets if mom wasn't home lol. 

(And yes obviously fresh broccoli turns out better we all know that)",2025-04-29T22:12:25Z,8,_Diggus_Bickus_,food,2025-05-21T12:42:18.225982Z
mpq0gm1,1kaxwf4,reddit,Sure hope it tastes better than it looks!,2025-04-29T20:25:33Z,13,starhoppers,food,2025-05-21T12:42:18.225990Z
mpqf880,1kaxwf4,reddit,doesnt look great,2025-04-29T21:37:30Z,7,Aint_EZ_bein_AZ,food,2025-05-21T12:42:18.225998Z
mprbsmk,1kaxwf4,reddit,"I love broccoli, I’ll make some today as well, thanks for the reminder!!",2025-04-30T00:36:55Z,2,assa1091,food,2025-05-21T12:42:18.226005Z
mptb24d,1kaxwf4,reddit,I wanna eat this with a white rices.,2025-04-30T09:54:50Z,2,kazukiyuuta,food,2025-05-21T12:42:18.226013Z
mpwfqh8,1kaxwf4,reddit,"Wow that looks super tasty! Perfect mix of fat, sour and salts- best way to eat some veggies imo. I have braces currently, so I’m deffo going to make this with frozen so it’s easier ^^ thanks for the dinner inspo! 🙏",2025-04-30T20:14:49Z,1,PurpleJadzia,food,2025-05-21T12:42:18.226020Z
mpszj30,1kaxwf4,reddit,[removed],2025-04-30T07:51:33Z,1,N/A,food,2025-05-21T12:42:18.226027Z
mpsz6bx,1kaxwf4,reddit,[removed],2025-04-30T07:47:46Z,0,N/A,food,2025-05-21T12:42:18.226034Z
mprs30t,1kaxwf4,reddit,Looks great 👍 thanks for sharing.  Going to give this a try.,2025-04-30T02:09:18Z,0,BeerAgent,food,2025-05-21T12:42:18.226042Z
mpr2jkx,1kaxwf4,reddit,[removed],2025-04-29T23:44:49Z,-11,N/A,food,2025-05-21T12:42:18.226049Z
mpqwh7h,1kaxwf4,reddit,[removed],2025-04-29T23:11:11Z,-12,N/A,food,2025-05-21T12:42:18.226056Z
mtapvow,1kr5mgw,reddit,"Recipe by Yossy Arefi

Spring in a pastry! If strawberries are your jam (heh), you need to check out this recipe. Fruity, sweet, and juicy. What I love about this pastry is that there’s no artificial sweetener, just strawberries!

This is a turnover, so I get it, but my only wish is that it was more of a handpie, like a pop tart. I ate mine right out of the oven, so there wasn’t a ton of rigidity. It was a fork and knife pastry.

Next I’d like to make this with cherries and almond extract. Or, maybe some lemon zest in the frosting. I’d also like to try with a locally made jam.",2025-05-20T14:04:19Z,2,TokyoMilkman,food,2025-05-21T12:42:19.364885Z
mrwe430,1kkcthx,reddit,That looks incredible.  You did a amazing job!,2025-05-12T12:00:31Z,2,free-bus1,food,2025-05-21T12:42:21.456288Z
mrsglf5,1kk7rdg,reddit,Can you share your recipe?  They look delicious!,2025-05-11T18:41:17Z,2,Weightcycycle11,food,2025-05-21T12:42:22.495773Z
mrvyjsi,1kk7rdg,reddit,...and the boots with the furs.,2025-05-12T09:48:43Z,2,AdditionalMustard,food,2025-05-21T12:42:22.495785Z
mrhayvu,1kirmza,reddit,How did you prepare the veggies?,2025-05-09T20:34:29Z,1,MadderoftheFew,food,2025-05-21T12:42:23.536154Z
mrim3hq,1kirmza,reddit,That egg is perfection.,2025-05-10T01:10:25Z,1,Ryparian,food,2025-05-21T12:42:23.536167Z
mr2moa8,1kgyo70,reddit,Nice 👌🏽,2025-05-07T14:39:07Z,2,Theweekendatbernies,food,2025-05-21T12:42:25.971644Z
mr2rsw7,1kgyo70,reddit,People who can ravioli at home must be blessed with some superpowers,2025-05-07T15:04:16Z,2,Successful_Cow_8713,food,2025-05-21T12:42:25.971657Z
mr2qyh3,1kgyo70,reddit,Do you live in a crypt?,2025-05-07T15:00:06Z,-1,ssjjss,food,2025-05-21T12:42:25.971665Z
mqyliom,1kggo3m,reddit,Looks like the perfect snack or vessel for some dipping 😋,2025-05-06T21:46:31Z,1,Matter_Baby90,food,2025-05-21T12:42:27.581732Z
mquiy9y,1kfxzua,reddit,Wow that's amazing great job,2025-05-06T07:21:55Z,1,Junaiia,food,2025-05-21T12:42:28.646105Z
mqt0xrp,1kfqmns,reddit,What kind of burrito?,2025-05-06T00:46:35Z,6,beastwithin379,food,2025-05-21T12:42:29.731812Z
mqthqre,1kfqmns,reddit,![gif](giphy|XF7YLkym09P9Wz2F3j),2025-05-06T02:23:39Z,8,kinkadec,food,2025-05-21T12:42:29.731823Z
mqvd0cq,1kfqmns,reddit,Looks like an enchilada to me.,2025-05-06T12:04:34Z,2,AdrianW3,food,2025-05-21T12:42:29.731830Z
mqssa8h,1kfqmns,reddit,Yum! How was it?,2025-05-05T23:57:13Z,2,Jolly-Tailor-4309,food,2025-05-21T12:42:29.731837Z
mqtz4pm,1kfqmns,reddit,I dont understand why they cover it in sauce and cheese,2025-05-06T04:22:14Z,1,TechnicianBanana,food,2025-05-21T12:42:29.731844Z
mqt420y,1kfqmns,reddit,[removed],2025-05-06T01:04:35Z,0,N/A,food,2025-05-21T12:42:29.731851Z
mqth92w,1kfqmns,reddit,Did you eat it whole off the rip ?,2025-05-06T02:20:39Z,-1,RipTorn1978,food,2025-05-21T12:42:29.731858Z
mr09cde,1kfjbvw,reddit,"Yeah, that’s technically food",2025-05-07T03:30:31Z,1,TerminallyBill,food,2025-05-21T12:42:30.975905Z
mpcs808,1k7n06a,reddit,I feel like bananas would be a good addition here,2025-04-27T18:36:42Z,2,breannalovesbananas,food,2025-05-21T12:42:31.988763Z
mozesn9,1k7n06a,reddit,"i've never tried this combination, but looks delicious",2025-04-25T15:17:00Z,1,Good_Mango7379,food,2025-05-21T12:42:31.988777Z
mszcurl,1kpn01z,reddit,that's lovely,2025-05-18T17:04:56Z,1,goldenbet_uruguay,food,2025-05-21T12:42:34.675257Z
mszhcbb,1kpn01z,reddit,Sprinkle some chopped whiskey soaked dates and you’ve got 🤌🔥,2025-05-18T17:27:47Z,1,Pickle_Dillss,food,2025-05-21T12:42:34.675270Z
mt2ct47,1kpfs7d,reddit,"Nice! No holding back, I see 😀",2025-05-19T03:29:03Z,1,Novemberai,food,2025-05-21T12:42:35.708585Z
mswte4t,1kpaqty,reddit,"God, look at that eel 🥹",2025-05-18T05:32:35Z,3,ButterSlickness,food,2025-05-21T12:42:36.787549Z
ms0v4sq,1kkrvzn,reddit,"Some people would call this chili. BetterThanBullion makes a smoky chipotle base, turns this into savory dish",2025-05-13T02:19:45Z,3,ptahbaphomet,food,2025-05-21T12:42:38.090180Z
mrwmyjl,1kkrvzn,reddit,"**Ingredients**

4 oz. bacon, chopped into 1/2"" pieces

1 large yellow onion, finely chopped

4 cloves garlic, finely chopped

1/2 cup chopped jarred roasted red bell peppers

1/4 cup chopped pickled jalapeños

1 lb. lean ground beef

2 tsp. taco seasoning

Kosher salt

2 (14-oz.) cans pinto beans, drained, rinsed

1 (14-oz.) can black beans, drained, rinsed

1 (14-oz.) can small red beans or dark red kidney beans, drained, rinsed

1 1/2 cups low-sodium beef broth or water

1 cup store-bought or homemade BBQ sauce

1/2 cup ketchup

1/4 cup apple cider vinegar

2 Tbsp. Dijon or spicy brown mustard

2 Tbsp. molasses

1 Tbsp. hot sauce

**Directions**

In a cold large Dutch oven or heavy pot, cook bacon over medium heat, stirring occasionally, until crisp, 9 to 11 minutes. Add onion and cook, stirring occasionally, until translucent, about 5 minutes. Add garlic, roasted peppers, and jalapeños and cook, stirring, until garlic is fragrant, 2 to 3 minutes.

Push onion mixture to one side of pot. To the other side of the pot, add ground beef and taco seasoning; season with salt. Break up beef with a wooden spoon and cook, stirring occasionally, until no longer pink, 5 to 6 minutes. Stir to combine with onion mixture.

Add pinto beans, black beans, red beans, broth, BBQ sauce, ketchup, vinegar, mustard, molasses, and hot sauce. Stir to combine, cover, and cook 15 minutes. Uncover and continue to cook, stirring occasionally, until flavors have melded and sauce is thickened, about 15 minutes more; season with more taco seasoning and salt, if needed.",2025-05-12T12:59:32Z,4,loki2002,food,2025-05-21T12:42:38.090193Z
mre21jo,1khz3ii,reddit,Holy flavor Batman!,2025-05-09T09:05:27Z,1,Wurth_,food,2025-05-21T12:42:42.028966Z
mr2li67,1kgv5y8,reddit,Without the anchovies this looks a bit like [Naporitan Pasta](https://en.wikipedia.org/wiki/Naporitan) \- which is also surprisingly good!,2025-05-07T14:33:15Z,3,Youareafunt,food,2025-05-21T12:42:43.097478Z
mr3s5ez,1kgv5y8,reddit,Bizarrely... Tsk,2025-05-07T17:57:52Z,3,gordonpamsey,food,2025-05-21T12:42:43.097495Z
mr3vlvw,1kgv5y8,reddit,I shall make this,2025-05-07T18:14:16Z,1,TheDesertMonk26,food,2025-05-21T12:42:43.097508Z
mq1v1or,1kcbft4,reddit,Mmmmm!!!! Now I want some!,2025-05-01T17:22:15Z,2,sushirollsyummy,food,2025-05-21T12:42:44.368662Z
mq1mtr2,1kcbft4,reddit,That looks really good!,2025-05-01T16:42:50Z,1,ToulouseDM,food,2025-05-21T12:42:44.368676Z
mpqo5d0,1kb0qx7,reddit,"7/10 - I dont like the way the sauce is spread on the plate, would eat",2025-04-29T22:25:15Z,5,limboshark,food,2025-05-21T12:42:45.387468Z
mp9wjab,1k8xj4d,reddit,What does it consist of?,2025-04-27T06:42:13Z,6,kitkatloren2009,food,2025-05-21T12:42:47.414335Z
mp49859,1k82hea,reddit,"This looks majestic, well done.",2025-04-26T09:01:51Z,3,Lots_Of_Bar,food,2025-05-21T12:42:48.382145Z
mp609rb,1k82hea,reddit,Looks so homemade and delicious; hope it was as good as it looks.,2025-04-26T16:14:54Z,2,My_Hotwife_Journey,food,2025-05-21T12:42:48.382158Z
mp3a9s8,1k7mhqo,reddit,Now THOSE are fries. The best kind.,2025-04-26T03:48:29Z,2,Milkywaycherrypie,food,2025-05-21T12:42:49.337520Z
monp9tc,1k66vk2,reddit,Looks delicious!,2025-04-23T19:05:47Z,1,CheerCampMusic,food,2025-05-21T12:42:50.393372Z
monro4y,1k66vk2,reddit,Ooooooo,2025-04-23T19:17:34Z,1,DickHopschteckler,food,2025-05-21T12:42:50.393386Z
moi4ok7,1k5frej,reddit,That looks more like a potato-free cottage pie than a lasagne,2025-04-22T21:35:29Z,23,redsterXVI,food,2025-05-21T12:42:51.456597Z
moir9ef,1k5frej,reddit,"Fewest layer lasagna I’ve seen. My man really went:

Pasta + Cheese

————————

Meat + Sauce",2025-04-22T23:40:02Z,9,Physicist_Gamer,food,2025-05-21T12:42:51.456609Z
moj6aor,1k5frej,reddit,"Yes, nothing cuts the richness of lasagna like fries.",2025-04-23T01:06:18Z,9,Optimal-Hunt-3269,food,2025-05-21T12:42:51.456617Z
moij08h,1k5frej,reddit,This is not lasagna,2025-04-22T22:53:49Z,10,theworldisending69,food,2025-05-21T12:42:51.456625Z
moj91nw,1k5frej,reddit,https://preview.redd.it/1itb2aw4lhwe1.jpeg?width=1280&format=pjpg&auto=webp&s=f8d205c859247596fbf0cdd159f8a290e9041b95,2025-04-23T01:22:35Z,5,pofwiwice,food,2025-05-21T12:42:51.456633Z
moila0s,1k5frej,reddit,"Ive never had chips with lasagna before, but then again, I'm American so there is that. Usually do it with green salad, Italian dressing and either cheese or plain garlic bread.",2025-04-22T23:06:39Z,3,Acceptable_Bat_533,food,2025-05-21T12:42:51.456641Z
moiau88,1k5frej,reddit,This is a verified childhood classic dinner 🤌🏻,2025-04-22T22:08:06Z,1,FuckedTheEmpress,food,2025-05-21T12:42:51.456648Z
moid9my,1k5frej,reddit,Looks delicious but the way it’s spilling out of the pan is driving me crazy,2025-04-22T22:21:35Z,4,coolest_capybara,food,2025-05-21T12:42:51.456656Z
mohm8c6,1k5frej,reddit,Nice!,2025-04-22T20:03:21Z,2,qwertygolf,food,2025-05-21T12:42:51.456664Z
mooi8p7,1k5frej,reddit,"Carbs on the side of carbs - don't get me wrong, I love all these carbs, but I've always had a salad with lasagna",2025-04-23T21:26:54Z,1,Black_Magic_M-66,food,2025-05-21T12:42:51.456671Z
moi1h8c,1k5frej,reddit,The combination of kings.,2025-04-22T21:18:52Z,0,ayeright,food,2025-05-21T12:42:51.456679Z
moijokj,1k5frej,reddit,"I used to get spaghetti and chips, so I bet this is even better.",2025-04-22T22:57:37Z,1,DumbestBoy,food,2025-05-21T12:42:51.456686Z
moiwa7g,1k5frej,reddit,"That’s too much starch gonna put me 
to sleep, but if I can make a recommendation, you put a little extra sauce over the lasagna then you can use the sauce for the fries to dip in.",2025-04-23T00:08:03Z,1,sparks2cm,food,2025-05-21T12:42:51.456694Z
moenfpx,1k52apy,reddit,"I'm sure I'd eat it, but is the base tomato or something else?",2025-04-22T10:14:17Z,3,fairground,food,2025-05-21T12:42:52.441443Z
moesqc1,1k52apy,reddit,Nup,2025-04-22T11:01:26Z,2,No_Move8238,food,2025-05-21T12:42:52.441457Z
msws73b,1kp9q20,reddit,Looks so tasty!,2025-05-18T05:21:34Z,1,hyahyahyahya,food,2025-05-21T12:42:53.963379Z
msrehct,1kok9jw,reddit,👏👏,2025-05-17T07:46:08Z,1,Successful_Cow_8713,food,2025-05-21T12:42:55.346045Z
msrxsn9,1kok9jw,reddit,thought those were brusselsprouts for a sec,2025-05-17T11:07:27Z,0,swirlybuns,food,2025-05-21T12:42:55.346057Z
mrxbque,1kkt5fc,reddit,That looks pretty good.,2025-05-12T15:14:05Z,3,Chaotic-Entropy,food,2025-05-21T12:42:56.396136Z
mrxaes4,1kkt5fc,reddit,Kimchi….pancake….going to need some details on that potential abomination/goldmine.,2025-05-12T15:07:26Z,1,mildly_anonymous,food,2025-05-21T12:42:56.396151Z
mqymh5r,1kgf56f,reddit,😍,2025-05-06T21:51:13Z,2,Theweekendatbernies,food,2025-05-21T12:42:57.426397Z
mq2uyin,1kchl3d,reddit,"Even though celery is bitter as hell to me, 9/10, would try!

Assuming that’s celery of course.

Edit - google tells me that would be cucumber! 10/10, give me a bowl.",2025-05-01T20:16:12Z,2,ModestKingRat,food,2025-05-21T12:42:59.808618Z
mq3reby,1kchl3d,reddit,"Recipe?

![gif](giphy|rDUjFhC3FYJmaJpTEn|downsized)",2025-05-01T23:06:15Z,0,realdonbrown,food,2025-05-21T12:42:59.808631Z
mq0p8gt,1kc5yhb,reddit,Never tried this but I would like! How does it taste?,2025-05-01T13:55:48Z,2,justsa_rah,food,2025-05-21T12:43:01.626081Z
mq0utzd,1kc5yhb,reddit,🤤🤤 What i wouldn't do for a couple of those,2025-05-01T14:24:40Z,2,prairiefarmer,food,2025-05-21T12:43:01.626093Z
mq0147y,1kc5yhb,reddit,"Same as pastel de nata, no?",2025-05-01T11:23:39Z,5,bigkahuna1uk,food,2025-05-21T12:43:01.626101Z
mq0594j,1kc5yhb,reddit,I love natas. I live in an area with a lot of Portuguese people.,2025-05-01T11:53:54Z,4,ProfessionalNet7328,food,2025-05-21T12:43:01.626109Z
mpo2ayw,1kaplrj,reddit,These look amazing!,2025-04-29T14:49:10Z,3,justsa_rah,food,2025-05-21T12:43:03.660382Z
