comment_id,content_id,platform,content,created_at,score,author,source_name,crawl_time
mq651cz,1kcx2s9,reddit,[removed],2025-05-02T09:56:58Z,89,N/A,technology,2025-05-26T04:13:48.397727Z
mq6710b,1kcx2s9,reddit,I like to write my work laptop passwords on the laptop so i dont forget them!,2025-05-02T10:16:01Z,30,FormalHeron2798,technology,2025-05-26T04:13:48.397732Z
mq6a2f9,1kcx2s9,reddit,"It doesn't help our password rules are antiquated and dismissed by the original engineer who came up with them. 

A series of three random words is much easier to remember, doesn't encourage you to write it down or recycle it, and is just as strong as a random string of numbers and letters when it comes to brute force attacks. 

The problem is most places won't actually let you, and instead insists on X number of special characters, casing and numbers. This just encourages people to recycle something easy to remember that fits the rules, or do something stupid, like write it down or use something simple to recall. 

Password managers are not the absolute solution, as some people don't like relying on them, and it puts your entire internet security behind a single login, that usually doesn't have 2fa.",2025-05-02T10:43:13Z,76,ArrBeeEmm,technology,2025-05-26T04:13:48.397734Z
mq6g0xe,1kcx2s9,reddit,"Blaming the user is common but frequently businesses could do a lot better to protect login forms. You really shouldn't be able to do infinite guesses, it shouldn't be possible to guess usernames, there should be warnings if logins happen from different countries, password fields should check for haystack size not character set. Its all just lousy security and then blaming the users.",2025-05-02T11:29:51Z,14,Ok_Elk_638,technology,2025-05-26T04:13:48.397737Z
mq67tqw,1kcx2s9,reddit,correct horse battery staple,2025-05-02T10:23:20Z,24,mmatessa,technology,2025-05-26T04:13:48.397739Z
mq68uks,1kcx2s9,reddit,Everything should be 2-factor at this point.,2025-05-02T10:32:36Z,11,ZanzerFineSuits,technology,2025-05-26T04:13:48.397741Z
mq6b9nu,1kcx2s9,reddit,"This is why I use my unique password ""Password69LOL"" for *everything*",2025-05-02T10:53:02Z,9,Doctor_Amazo,technology,2025-05-26T04:13:48.397744Z
mq740rh,1kcx2s9,reddit,"Too many things require passwords.  What needs to be taken into account is not just the requirements of a given system for security, but the requirements for end users to maintain security across hundreds of different touch points throughout their daily life.",2025-05-02T13:56:20Z,7,CMG30,technology,2025-05-26T04:13:48.397746Z
mq6bxkr,1kcx2s9,reddit,I would argue that's because 90% of those passwords are for stuff that people hardly care if you even did guess the password. I won't be all that broken up of somebody manages to hack into my Club Penguin account,2025-05-02T10:58:22Z,7,Captain_Aizen,technology,2025-05-26T04:13:48.397748Z
mq6gofq,1kcx2s9,reddit,Does it really even matter when most of the hacking being done lately is at the database level? Pretty sure my social security number has been hacked a dozen times and not one of those has been with a password. ,2025-05-02T11:34:36Z,4,GoodBananaSoda,technology,2025-05-26T04:13:48.397750Z
mq6izlx,1kcx2s9,reddit,Basically the same article that has been posted for the past 20 years.,2025-05-02T11:50:47Z,4,itastesok,technology,2025-05-26T04:13:48.397752Z
mq6e6wj,1kcx2s9,reddit,[deleted],2025-05-02T11:16:04Z,3,N/A,technology,2025-05-26T04:13:48.397768Z
mq6gmbi,1kcx2s9,reddit,A major US telecom I worked for had an admin tool locked behind username “guest” and password “guest1”. The guest account had power user privileges,2025-05-02T11:34:10Z,3,IllllIIIllllIl,technology,2025-05-26T04:13:48.397770Z
mq6s0qi,1kcx2s9,reddit,If I use the same password as thousands of other people...there's virtually no chance an attacker will pick *me* out of all those thousands....it's simple math!,2025-05-02T12:49:16Z,3,nadmaximus,technology,2025-05-26T04:13:48.397772Z
mq6eq9a,1kcx2s9,reddit,The real question is how secure is 1a2d3m4i5n6?,2025-05-02T11:20:07Z,2,codeccasaur,technology,2025-05-26T04:13:48.397775Z
mq6ywax,1kcx2s9,reddit,"I wonder if the fact the report is based only on leaked passwords has implications for the findings.  Obviously they can't do the analysis on passwords that haven't been leaked, but there may be an association between passwords that are leaked and insecure passwords.  I like to think my bank password is less likely to be leaked than a random internet shop, and I'm also much more likely to use a secure password for it.",2025-05-02T13:29:03Z,2,mikedufty,technology,2025-05-26T04:13:48.397777Z
mq6zboe,1kcx2s9,reddit,"If a website forces me to login to read articles or something without any actual information attached to it, I'll throw it on a throwaway mail address with a generic password. I'm probably not the only one. Stuff like that is not even worth throwing into a password manager. And then my actual passwords are 30 characters that only Keepass can work with.",2025-05-02T13:31:25Z,2,JonPX,technology,2025-05-26T04:13:48.397779Z
mqahaxd,1kcx2s9,reddit,Meanwhile my bank doesn't allow more than 12 characters or special characters,2025-05-03T00:07:29Z,2,MoreThanWYSIWYG,technology,2025-05-26T04:13:48.397781Z
mq652ri,1kcx2s9,reddit,Password manager is a thing.,2025-05-02T09:57:20Z,3,Stunning-Skill-2742,technology,2025-05-26T04:13:48.397783Z
mq6phbn,1kcx2s9,reddit,"Shouldn’t FIDO solve this?

https://fidoalliance.org/",2025-05-02T12:33:36Z,1,Black_RL,technology,2025-05-26T04:13:48.397786Z
mq6ptfc,1kcx2s9,reddit,"My health insurance web app *doesn't allow* anything besides letters and numbers. 😱

Or longer than 10 charecters. So ""admin1234"" it is.",2025-05-02T12:35:43Z,1,Obvious_Serve1741,technology,2025-05-26T04:13:48.397788Z
mq79oto,1kcx2s9,reddit,"I usually come up with a pretty decent password.  But when you require me to change it every three months, after a decade I just dont fucking care anymore.",2025-05-02T14:24:41Z,1,TheFlyingBoxcar,technology,2025-05-26T04:13:48.397790Z
mq7c0sv,1kcx2s9,reddit,quick survery of user password strength.  please input your password here:,2025-05-02T14:35:59Z,1,latswipe,technology,2025-05-26T04:13:48.397792Z
mq7g0hc,1kcx2s9,reddit,Don’t forget the code for the nuclear weapons was 1234,2025-05-02T14:55:06Z,1,cbelt3,technology,2025-05-26T04:13:48.397794Z
mq7u0qq,1kcx2s9,reddit,"https://youtu.be/a6iW-8xPw3k?si=JDopTIu7qnurBIIQ


The kind of thing an idiot would have on their luggage....",2025-05-02T16:01:14Z,1,codexcdm,technology,2025-05-26T04:13:48.397797Z
mq7yuz6,1kcx2s9,reddit,"Maybe it would help if websites/companies stopped telling ideas that ""Password1$"" is a strong password because it contains a capitalised word, number, and special character, but ""fucjddyjfvjjfcdychhdhjfjcjdsfjhkuxygafkv"" isn't, even though the letter is basically impossible to guess or brute-force.",2025-05-02T16:24:18Z,1,TaxOwlbear,technology,2025-05-26T04:13:48.397799Z
mq7z1sn,1kcx2s9,reddit,What's the best cybersecurity hack an individual can do so the businesses don't lose my information quarterly with no repercussions?,2025-05-02T16:25:14Z,1,angrycanuck,technology,2025-05-26T04:13:48.397801Z
mq80q44,1kcx2s9,reddit,"Fine, I'll start using ""1234admin"" and ""admin1234""! Happy now!? 

^(/s)",2025-05-02T16:33:15Z,1,FreddyForshadowing,technology,2025-05-26T04:13:48.397803Z
mq87qis,1kcx2s9,reddit,Sounds like this was more of a study of human idiocy.,2025-05-02T17:06:13Z,1,youshouldn-ofdunthat,technology,2025-05-26T04:13:48.397805Z
mq90k49,1kcx2s9,reddit,passwordistaco,2025-05-02T19:24:58Z,1,whitemiketyson,technology,2025-05-26T04:13:48.397807Z
mq9psoe,1kcx2s9,reddit,I'm wondering how they got the passwords to study. Every system I know stores it encrypted.,2025-05-02T21:31:02Z,1,friendly-sam,technology,2025-05-26T04:13:48.397809Z
mq9urqc,1kcx2s9,reddit,ScreamingP3N1Sm0nst3r,2025-05-02T21:57:47Z,1,ohmegated,technology,2025-05-26T04:13:48.397812Z
mqa89wr,1kcx2s9,reddit,"5 Random words and some letters

guitar-pudding-expropriate-salmon-hearsay26763",2025-05-02T23:14:53Z,1,suna-fingeriassen,technology,2025-05-26T04:13:48.397814Z
mqad3y1,1kcx2s9,reddit,What else is new?,2025-05-02T23:42:38Z,1,CatProgrammer,technology,2025-05-26T04:13:48.397816Z
mqak9d9,1kcx2s9,reddit,I feel good. Nobody seems to pick 00000000000,2025-05-03T00:25:38Z,1,I-Am-Really-Bananas,technology,2025-05-26T04:13:48.397818Z
mqbb4l2,1kcx2s9,reddit,"I rely primarily on biometrics for logging in to various things along with two fac. Or an auth. App.

 I hope its secure enough. You never know these days.",2025-05-03T03:16:44Z,1,Infamous-Moose-5145,technology,2025-05-26T04:13:48.397820Z
mqblogo,1kcx2s9,reddit,I just reset my password every time when I try to login,2025-05-03T04:36:26Z,1,res0jyyt1,technology,2025-05-26T04:13:48.397822Z
mqckb9j,1kcx2s9,reddit,I don’t know a single password of mine. Most at 16 random characters. I use 1Password to manage them and use passkeys when the site gives me the option. It’s so easy making new passwords for new logins and never having to remember them is a huge plus.,2025-05-03T10:20:21Z,1,ioncloud9,technology,2025-05-26T04:13:48.397824Z
mqe7usu,1kcx2s9,reddit,"When Im forced to create an account on a shitty site that I will never use again, I pick the easiest possible password and I do not care. Those sites tend to get leaked the most so Im not surprised.",2025-05-03T16:36:03Z,1,Rapo1717,technology,2025-05-26T04:13:48.397827Z
mqgsvny,1kcx2s9,reddit,Maybe people should focus on the thieves.,2025-05-04T01:25:15Z,1,Intelligent-Exit-634,technology,2025-05-26T04:13:48.397829Z
mqih9oq,1kcx2s9,reddit,I'm wondering what company is out there sharing peoples passwords for this company to study them.,2025-05-04T10:04:21Z,1,3r14nd,technology,2025-05-26T04:13:48.397831Z
mqj9ygl,1kcx2s9,reddit,Graduated with degree “Masters in Passwords”… mate,2025-05-04T13:46:04Z,1,paladdin1,technology,2025-05-26T04:13:48.397833Z
mq77gfb,1kcx2s9,reddit,But how do they *know* all these passwords??,2025-05-02T14:13:39Z,1,N/A,technology,2025-05-26T04:13:48.397835Z
mq7f7iw,1kcx2s9,reddit,"People are stupid.

The problem is sites allowing simple passwords. No amount of user education will fix the stupid",2025-05-02T14:51:17Z,0,First_Code_404,technology,2025-05-26T04:13:48.397837Z
mq6ojvg,1kcx2s9,reddit,I generate my own truly random passwords by digitizing my farts.,2025-05-02T12:27:46Z,-2,WatchStoredInAss,technology,2025-05-26T04:13:48.397839Z
mt5tl5y,1kqgjbz,reddit,"> A TSA spokesperson has addressed these concerns, telling Huffpost in a statement that “a real-time picture simply means that an image is taken at the kiosk and that ‘live’ photograph is matched against the image on the identification credential.”

Why do they need to take my picture to compare a picture against another picture? If I’m standing right there, my face is immediately in front of them to look at and compare to the picture from the ID.",2025-05-19T18:08:03Z,211,Twelve2375,technology,2025-05-26T04:13:49.835440Z
mt639wv,1kqgjbz,reddit,"Just traveled internationally and had a layover. Used the passport and that is almost brand new, so I see zero need to get a real ID until my license expires in a few years.",2025-05-19T18:55:27Z,34,scotishstriker,technology,2025-05-26T04:13:49.835447Z
mt6b8nj,1kqgjbz,reddit,The US is already a police state. It's already lost.,2025-05-19T19:35:23Z,55,bluenoser613,technology,2025-05-26T04:13:49.835451Z
mt8n2sz,1kqgjbz,reddit,"TSA explicitly states that this technology is not used for surveillance and that it does not store data for any travelers.


Hahahah I needed a good laugh tonight and I got it.",2025-05-20T03:44:27Z,12,Festering-Fecal,technology,2025-05-26T04:13:49.835455Z
mt8uu0l,1kqgjbz,reddit,"If you think that all the government issued ID and Passport photos are NOT already scanned into a government database, then you are fooling yourself.",2025-05-20T04:45:36Z,4,Go_Gators_4Ever,technology,2025-05-26T04:13:49.835459Z
mt61283,1kqgjbz,reddit,I've tried 4 times to get a Real ID. I make an appointment then then it gets canceled the day before. 4 times so far! It is NOT easy to get a Real ID!!!,2025-05-19T18:44:40Z,17,bleaucheaunx,technology,2025-05-26T04:13:49.835464Z
mt96b8k,1kqgjbz,reddit,I have 3 photo ID’s all the time plus my passport. Why would they need another photo when I am right there? This is just an excuse to collect more facial photos for future tracking of citizens. Decline every time.,2025-05-20T06:28:39Z,2,MotheroftheworldII,technology,2025-05-26T04:13:49.835468Z
mta66i4,1kqgjbz,reddit,What nowwwwwww,2025-05-20T12:05:52Z,2,Son_Of_Toucan_Sam,technology,2025-05-26T04:13:49.835472Z
mt9bzym,1kqgjbz,reddit,I'm old enough to remember when the Executive Branch gave a bunch of 20 something hackers without background checks full access to these databases.,2025-05-20T07:25:35Z,3,Independent_Tie_4984,technology,2025-05-26T04:13:49.835476Z
mtnwgiz,1kqgjbz,reddit,"Some of you people are morons. Cameras are everywhere. Right, wrong, or indifferent it’s just a fact of modern life. If TSA or any other Government agency wanted your picture for a nefarious purpose, they could get it without you even knowing. Some people are so paranoid, I don’t see how they leave the house without having a panic attack. Not everything is conspiracy - in fact, most things are not. If taking a picture of my mug at a checkpoint makes security more effective and efficient, then I’m all for it.",2025-05-22T14:46:11Z,1,LabMediocre9839,technology,2025-05-26T04:13:49.835481Z
mt5iced,1kqgjbz,reddit,"Former TSO for a decade here. Make sure you have a REALID folks. Takes almost no extra effort to get and will save you a headache with these bums.

Edit: I realize now that it was easy for me. My apologies to the fine denizens of the internet.",2025-05-19T17:14:30Z,-4,Kuzkuladaemon,technology,2025-05-26T04:13:49.835485Z
mt6vg7u,1kqgjbz,reddit,Real IDs and passports are already a thing. GTFOH with this bullshit.,2025-05-19T21:15:59Z,1,BL0w1ToutY0A55,technology,2025-05-26T04:13:49.835489Z
mt6enju,1kqgjbz,reddit,so this has been deferred how many times and you had how many years advanced warning?,2025-05-19T19:52:29Z,-4,notahaterorblnair,technology,2025-05-26T04:13:49.835493Z
mt7uudi,1kqgjbz,reddit,"Yeah, it really confuses TSA when you walk up and put your hand over your face and say you don't want the photo. Luckily I don't fly too much, but did that the last time when the tech was in the airports I was in and out of.",2025-05-20T00:39:38Z,0,twbassist,technology,2025-05-26T04:13:49.835498Z
mt5dtrh,1kqgjbz,reddit,"Ah yes, the puppy killer isn’t collecting your data.",2025-05-19T16:52:47Z,-7,The_Wrecking_Ball,technology,2025-05-26T04:13:49.835502Z
mqkj6q8,1kepmlu,reddit,"WARNING! The link in question may require you to disable ad-blockers to see content.  Though not required, please consider submitting an alternative source for this story.

WARNING! Disabling your ad blocker may open you up to malware infections, malicious cookies and can expose you to unwanted tracker networks.  PROCEED WITH CAUTION.

Do not open any files which are automatically downloaded, and do not enter personal information on any page you do not trust. 
If you are concerned about tracking, consider opening the page in an incognito window, and verify that your browser is sending ""do not track"" requests.  

IF YOU ENCOUNTER ANY MALWARE, MALICIOUS TRACKERS, CLICKJACKING, OR REDIRECT LOOPS PLEASE MESSAGE THE /r/technology MODERATORS IMMEDIATELY.  


*I am a bot, and this action was performed automatically. Please [contact the moderators of this subreddit](/message/compose/?to=/r/technology) if you have any questions or concerns.*",2025-05-04T17:41:43Z,1,AutoModerator,technology,2025-05-26T04:13:50.952730Z
mqmnclq,1kepmlu,reddit,"The Ukraine/Russian conflict will be marked as a tipping point, a moment similar to WWI where advancement in science &  technology opened a  new age of modern warfare and death. The Great War was not named thusly because it was “great”. We are fukked.",2025-05-05T00:36:37Z,31,Cognitive_Offload,technology,2025-05-26T04:13:50.952734Z
mqko93v,1kepmlu,reddit,[deleted],2025-05-04T18:07:06Z,-10,N/A,technology,2025-05-26T04:13:50.952736Z
mql48kc,1kepmlu,reddit,"Oh no, the largest employer the government unanimously votes to give massive budget to each year is losing jobs.",2025-05-04T19:30:07Z,-41,trinaryouroboros,technology,2025-05-26T04:13:50.952738Z
mu6zyb1,1kv47l5,reddit,"""no groups should be excluded from funding""

This means that NO ONE will get funding. Trump and the GOP will make sure of that.",2025-05-25T16:25:15Z,41,Runkleford,technology,2025-05-26T04:13:51.977190Z
mu6jdo7,1kv47l5,reddit,">Though Trump called it racist, the words “race” or “racial” appear just twice in the law’s text: once, alongside “color, religion, national origin, sex, gender identity, sexual orientation, age, or disability,” in a passage stating that no groups should be excluded from funding, and later, in a list of covered populations, along with older adults, veterans, people with disabilities, English learners, people with low literacy levels and rural Americans.

>“Digital Equity passed with overwhelming bipartisan support,” said Democratic Sen. Patty Murray of Washington, the act’s chief proponent, in a statement. “And that’s because my Republican colleagues have heard the same stories as I have — like kids in rural communities forced to drive to McDonalds parking lots for Wi-Fi to do their homework.

>“It is insane — absolutely nuts — that Trump is blocking resources to help make sure kids in rural school districts can get hot spots or laptops, all because he doesn’t like the word equity!” 

Like he Isn't the pot calling the kettle black?

What next, he's going to accuse people of *rape*? Or *lying‽* what a *fucking hypocrite* this fucking guy is.",2025-05-25T15:00:51Z,56,SpleenBender,technology,2025-05-26T04:13:51.977202Z
mu7innp,1kv47l5,reddit,The message that I think people should take from this is that people living in rural areas count as DEI to this administration. ,2025-05-25T17:56:42Z,13,ChaoticAgenda,technology,2025-05-26T04:13:51.977210Z
mu81f1k,1kv47l5,reddit,"Does he not realize that the word “Equity” in this act. Is referring to infrastructure and not race. No, of course he does not.",2025-05-25T19:34:43Z,4,HelloTaraSue,technology,2025-05-26T04:13:51.977217Z
mu7fo7g,1kv47l5,reddit,At least we all agree racism is bad. Right?,2025-05-25T17:42:03Z,1,Nannyphone7,technology,2025-05-26T04:13:51.977224Z
mq6xp0n,1kd0jix,reddit,"It's the people who happen to be in the vicinity of a Ray-Ban Meta smart glasses wearer, unwittingly being surveiled by Meta, who should be worried.",2025-05-02T13:22:22Z,189,rnilf,technology,2025-05-26T04:13:53.111394Z
mq6w8mi,1kd0jix,reddit,"I can't speak for google but I have been thoroughly unimpressed with the Meta Glasses. I use them to listen to music or make a call sometimes but I almost never use the camera. My phone camera is higher quality so the only reason I would need to use it is if I need to do a hands free video or take a quick response picture.

After every new commercial I try the thing in the commercial and it rarely ever works out well.

They are okay glasses, just nothing revolutionary.",2025-05-02T13:14:05Z,17,ShawnyMcKnight,technology,2025-05-26T04:13:53.111405Z
mtd0zvn,1kd0jix,reddit,"I'm thinking of the translate-
Which languages?
Need internet for translations?
Asking because I will be in Uzbekistan",2025-05-20T20:50:32Z,1,Living_Spend_2613,technology,2025-05-26T04:13:53.111413Z
mq74ds2,1kd0jix,reddit,"I like mine, but I don't use the camera bit.  The wide angle lense is great for big vacation vistas but not for anything useful day to day.  As as a Version 1 of translation, this sounds pretty cool though I doubt I'd ever need it.  I hope they keep working on it for those that could use it.",2025-05-02T13:58:11Z,0,justherefortheboobs,technology,2025-05-26T04:13:53.111420Z
mq7hcoz,1kd0jix,reddit,That's such a weird way to write a headline.,2025-05-02T15:01:30Z,-7,therossian,technology,2025-05-26T04:13:53.111427Z
mu2bk21,1kujtm4,reddit,"Yeah, got one of those the other day. It was pretty obviously an international number - didn’t match the format of any American phone number I’ve seen.

Tried to say they were the TX DMV.",2025-05-24T20:23:22Z,20,shouldbepracticing85,technology,2025-05-26T04:13:54.231145Z
mu2isqn,1kujtm4,reddit,I respond with a laugh and tell them to suck Modi's dick (as it is Indian calling code).,2025-05-24T21:03:59Z,11,angry_lib,technology,2025-05-26T04:13:54.231159Z
mu2lk0u,1kujtm4,reddit,This is why I use a call/text blocker,2025-05-24T21:19:56Z,3,CodeErrorv0,technology,2025-05-26T04:13:54.231168Z
mu3ye00,1kujtm4,reddit,Mine always tells me it’s for a toll booth in New York.  1) never been there 2) didn’t even have a license or car when they were saying I was supposedly ticketed lol,2025-05-25T02:30:34Z,2,Longjumping_Pop_6015,technology,2025-05-26T04:13:54.231178Z
mu6i762,1kujtm4,reddit,"I don’t expect the DMV to proactively do anything for me, let alone send me text messages. If they told everyone that, no one would fall for social engineering scams. ",2025-05-25T14:54:45Z,2,57696c6c,technology,2025-05-26T04:13:54.231186Z
mu3apdk,1kujtm4,reddit,"The one I received looked pretty official. The car, however,  is in my wife’s name, so no reason to text me. Easy to see how people fall for it.",2025-05-24T23:55:10Z,1,PanchoVillaIsMyTio,technology,2025-05-26T04:13:54.231194Z
mu40j3i,1kujtm4,reddit,I got a text on my phone today . I simply reported and deleted it.,2025-05-25T02:45:04Z,1,Wh0snwhatsit,technology,2025-05-26T04:13:54.231202Z
mu50ibb,1kujtm4,reddit,A text message with an international origin is an automatic ignore from me.,2025-05-25T08:01:19Z,1,TehWildMan_,technology,2025-05-26T04:13:54.231210Z
mpwvqq3,1kbru8p,reddit,Gee I wonder who they’ll ask,2025-04-30T21:33:07Z,108,BuddyMose,technology,2025-05-26T04:13:55.672676Z
mpwyd3y,1kbru8p,reddit,The reason given is it's supposed to be cheaper. You probably don't want to know the real reason.,2025-04-30T21:46:47Z,74,I_am_INTJ,technology,2025-05-26T04:13:55.672689Z
mpxk5rn,1kbru8p,reddit,Why are government functions being privatized now? I have no clue,2025-04-30T23:47:33Z,8,xxxxx420xxxxx,technology,2025-05-26T04:13:55.672697Z
mpx76w5,1kbru8p,reddit,"To siphon all of our tax dollars into grubby private hands, as usual. Ultra capitalists believe they should have everything you earn. All your earnings should be theirs, according to them. Sound a little bit like slavery? Yeah, they’re aiming for that same thing with different means.",2025-04-30T22:34:44Z,26,Category63,technology,2025-05-26T04:13:55.672705Z
mpxdm7m,1kbru8p,reddit,"Duh, so maga friends can make more money.",2025-04-30T23:10:53Z,6,BigCliff911,technology,2025-05-26T04:13:55.672713Z
mpxoela,1kbru8p,reddit,"Money, money. Money, money, money.",2025-05-01T00:11:36Z,3,FanDry5374,technology,2025-05-26T04:13:55.672735Z
mpx88rz,1kbru8p,reddit,"They are asking because Elon told them too, more for him",2025-04-30T22:40:40Z,6,PrussianHero,technology,2025-05-26T04:13:55.672743Z
mpx8ahb,1kbru8p,reddit,to give money to their owners. sorry I meant donors.  so they can give money to their donors.,2025-04-30T22:40:56Z,5,DontYuckMyYum,technology,2025-05-26T04:13:55.672751Z
mq0q7ia,1kbru8p,reddit,Because they are always looking for more ways to funnel tax payer dollars to the pockets of the already super rich.,2025-05-01T14:00:57Z,2,theoreticaljerk,technology,2025-05-26T04:13:55.672759Z
mpxxjpw,1kbru8p,reddit,"X rescue to your aid, insert $ here",2025-05-01T01:04:28Z,4,Stup1dMan3000,technology,2025-05-26T04:13:55.672767Z
mpxl9wi,1kbru8p,reddit,Cause corruption. Sad.,2025-04-30T23:53:48Z,2,-Gramsci-,technology,2025-05-26T04:13:55.672775Z
mpxtula,1kbru8p,reddit,"Ask yourself who owns those private companies, and has that donor contributed a large amount of money to the people that are currently in office, what is that person seem to have close and or unusual ties to the people that are currently in office.",2025-05-01T00:43:05Z,2,GreyBeardEng,technology,2025-05-26T04:13:55.672784Z
mpy7e29,1kbru8p,reddit,To enable the grift.,2025-05-01T02:01:40Z,2,sniffstink1,technology,2025-05-26T04:13:55.672792Z
mpy9y9w,1kbru8p,reddit,Funnelling for grift,2025-05-01T02:16:38Z,2,rollercoaster_5,technology,2025-05-26T04:13:55.672800Z
mpyx5im,1kbru8p,reddit,"Government is an expense, it comes from the tax payers and goes to the salaries of the employees.

Hire a private company that you have an interest in now you can charge more for each private employee, pay them less, and take the difference, as well as the contractual fees on top that now go to this private company.

It’s a way for government officials to legally siphon off tax payers money to their private companies.",2025-05-01T04:54:46Z,2,SoloAquiParaHablar,technology,2025-05-26T04:13:55.672808Z
mpxbkzx,1kbru8p,reddit,[deleted],2025-04-30T22:59:30Z,1,N/A,technology,2025-05-26T04:13:55.672816Z
mq0585z,1kbru8p,reddit,"""Rescue""? It's recovery,  the astronauts are not in immediate danger as long as they keep the hatch closed. 

Also the whole show with a fleet of ships,  helicopters and divers is completely over the top.  Just shove a submersible pontoon-ship under the crew cabin, raise the pontoon and kindly ask the astronauts to step out. Volker-Stevin has doing this stuff for ages with huge oil drill platforms so a little crew cabin is not making anyone sweat.",2025-05-01T11:53:42Z,1,Beerwithme,technology,2025-05-26T04:13:55.672824Z
mq0oken,1kbru8p,reddit,US military with what? Do they still have the capability to carry out the rescue mission?,2025-05-01T13:52:14Z,1,Outrageous-Horse-701,technology,2025-05-26T04:13:55.672831Z
mq33dim,1kbru8p,reddit,"Irrespective of all the comments about the current government: isn't privatization what any liberal government would do, to almost any service that is provided by the state? 
And in the US two-party system, the Republicans are economically liberal. My point being that if you vote for the republicans, they're going to make the government smaller by outsourcing services.
On top of that basic principle you have the current people and posse running things, and for some reason they seem obsessed with space.",2025-05-01T20:56:35Z,1,franck_condon,technology,2025-05-26T04:13:55.672839Z
mpym3ue,1kbru8p,reddit,"\- Because Elonia needs new contracts  
\- Because the Military is about to be SUPER busy....  
\- Because Agent Orange read about some ridiculous conspiracy on Truth Social at 3 am while he was taking a shit",2025-05-01T03:33:28Z,1,drumrhyno,technology,2025-05-26T04:13:55.672847Z
mpxhdc9,1kbru8p,reddit,The military will be too busy oppressing protestors and dissidents to be bothered with this.,2025-04-30T23:31:56Z,0,skarekroh,technology,2025-05-26T04:13:55.672855Z
mpyu0q0,1kbru8p,reddit,Uncle Elon snagging up all the lucrative contracts,2025-05-01T04:31:04Z,0,Red_Wing-GrimThug,technology,2025-05-26T04:13:55.672862Z
mpzecgm,1kbru8p,reddit,"There is a cost of using the military, but it also gives the military valuable excuses to execute non-training missions. DOGE will argue about the pricetag (so elon can take over the contracts in one of his companies).",2025-05-01T07:37:48Z,0,Positive_Chip6198,technology,2025-05-26T04:13:55.672871Z
mpn5mmc,1kalb7t,reddit,"""admit"" lol they are the ones that announced it, it was never discovered. 

I mean, it's safe to assume 60% of the comments and profiles you see on reddit are run by bots. I believe there was a study done in 22' or 23'? that proved it as well due to how ad hits get measured between users and bots.",2025-04-29T11:41:30Z,81,Sea_Sympathy_495,technology,2025-05-26T04:13:56.795503Z
mpnfey7,1kalb7t,reddit,"Lmao, like you need to admit it. Not only Reddit is full of bots, but it's actively being used to feed AI. Or do people think that post like ""What's your favorite movie?"" are created by humans? 

The only silver lightning is we also fed the AI with a non-trivial amount of furry porn.",2025-04-29T12:46:09Z,40,ErgoMachina,technology,2025-05-26T04:13:56.795515Z
mpnwghr,1kalb7t,reddit,For Americans boffin means science and other intellectual experts in the UK,2025-04-29T14:20:08Z,10,bigbangbilly,technology,2025-05-26T04:13:56.795523Z
mpnmcnz,1kalb7t,reddit,I just love the word 'boffins',2025-04-29T13:26:27Z,7,bleahdeebleah,technology,2025-05-26T04:13:56.795531Z
mpnkcsb,1kalb7t,reddit,"Supposedly in the name of science, and yet they go for the most divisive and incendiary topics that would arguably cause harm if you changed your view on them.
The problem isn’t the AI, it’s the people behind it as always.

This could have been done on something more trivial, like change my opinion on sandals with socks",2025-04-29T13:15:10Z,8,forgotmyfuckingpas,technology,2025-05-26T04:13:56.795543Z
mpo9ok6,1kalb7t,reddit,"fuck these people running these “experiments”. seriously, stop fucking with people",2025-04-29T15:25:01Z,5,dookiehat,technology,2025-05-26T04:13:56.795550Z
mpnis45,1kalb7t,reddit,Thank goodness that stopped then,2025-04-29T13:06:04Z,2,Colsim,technology,2025-05-26T04:13:56.795558Z
mpo7atk,1kalb7t,reddit,"Very ethical, very cool. Fuckers.",2025-04-29T15:13:31Z,2,brickout,technology,2025-05-26T04:13:56.795565Z
mpndeoi,1kalb7t,reddit,"Bots are the reasons we have the /s it’s too hard for them to detect sarcasm, hyperbole or shit posting.",2025-04-29T12:33:42Z,8,pamar456,technology,2025-05-26T04:13:56.795573Z
mpogmbq,1kalb7t,reddit,"Unethical, immoral, should never be repeated. The results should be tossed in the garbage and the company shuttered in shame.",2025-04-29T15:58:01Z,2,Ging287,technology,2025-05-26T04:13:56.795580Z
mpum85h,1kalb7t,reddit,Can we sue them ?,2025-04-30T14:57:14Z,1,H0BL0BH0NEUS,technology,2025-05-26T04:13:56.795588Z
mpn6ch4,1kalb7t,reddit,When the bots are more entertaining and compelling than the humans... I say let 'em in,2025-04-29T11:46:35Z,-15,EccentricHubris,technology,2025-05-26T04:13:56.795595Z
mp3cd40,1k83xqc,reddit,TIL there’s a Windows Maps app.,2025-04-26T04:03:18Z,342,compgeek07,technology,2025-05-26T04:13:57.923436Z
mp3vqu9,1k83xqc,reddit,"Farewell dear Windows Maps app, we hardly knew ye.",2025-04-26T06:48:12Z,16,karma3000,technology,2025-05-26T04:13:57.923449Z
mp3cdyx,1k83xqc,reddit,There was a Windows Maps app?,2025-04-26T04:03:28Z,38,Often_Giraffe,technology,2025-05-26T04:13:57.923458Z
mp3w3a4,1k83xqc,reddit,"I still miss streets and trips.

None of the major map applications replicate the functionality for road trip planning.",2025-04-26T06:51:24Z,18,FreshSetOfBatteries,technology,2025-05-26T04:13:57.923466Z
mp3b8we,1k83xqc,reddit,"Heck, just use OpenStreetMap.",2025-04-26T03:55:17Z,23,DENelson83,technology,2025-05-26T04:13:57.923473Z
mp3sfrw,1k83xqc,reddit,Kinda surprised they didn't add CoPilot to it ...,2025-04-26T06:17:18Z,8,invalidreddit,technology,2025-05-26T04:13:57.923481Z
mp4e46s,1k83xqc,reddit,Hands up everyone who forgot there even was a Windows Maps.,2025-04-26T09:52:40Z,3,Dedb4dawn,technology,2025-05-26T04:13:57.923488Z
mp3ca8j,1k83xqc,reddit,So Streets & Trips wasn't good enough? 😜,2025-04-26T04:02:44Z,3,ConfidentDuck1,technology,2025-05-26T04:13:57.923495Z
mp3k0ji,1k83xqc,reddit,I remember this being in Windows 8. Wasn't very good when I tried it.,2025-04-26T05:01:36Z,3,Smith6612,technology,2025-05-26T04:13:57.923503Z
mp4zg6o,1k83xqc,reddit,There was a map app?,2025-04-26T12:48:52Z,3,No-Adhesiveness-4251,technology,2025-05-26T04:13:57.923510Z
mp4feoe,1k83xqc,reddit,"Honestly, fair. None of my Windows devices even have a GPS so there's literally no benefit to using it over Google/Bing Maps.",2025-04-26T10:05:50Z,2,FuzzelFox,technology,2025-05-26T04:13:57.923518Z
mp4lr39,1k83xqc,reddit,"I remembered a DOS program called AutoRoute from the '80s, it was amazing. I Iooked it up to discover that Microsoft bought it or one of its derivative products in 1994.",2025-04-26T11:06:42Z,1,Leading-Row-9728,technology,2025-05-26T04:13:57.923525Z
mp5pyy2,1k83xqc,reddit,"Microsoft? They make windows or something, right?",2025-04-26T15:20:59Z,1,SaintEyegor,technology,2025-05-26T04:13:57.923538Z
mp9ckov,1k83xqc,reddit,oh noes you killed the map now the place will die,2025-04-27T03:48:20Z,1,Fit_Humanitarian,technology,2025-05-26T04:13:57.923545Z
mp9z2on,1k83xqc,reddit,Is this the same as Microsoft Streets and Trips?  That was my first GPS software I ever used back in the day with my Dell Axim back in the day with CF reader GPS.,2025-04-27T07:07:29Z,1,VonGeisler,technology,2025-05-26T04:13:57.923553Z
mpbfimj,1k83xqc,reddit,Bring back Clippy and Microsoft BOB!,2025-04-27T14:26:48Z,1,craniumcanyon,technology,2025-05-26T04:13:57.923560Z
mp3uqgw,1k83xqc,reddit,[deleted],2025-04-26T06:38:44Z,1,N/A,technology,2025-05-26T04:13:57.923568Z
mp42bn4,1k83xqc,reddit,"It only made sense on Window Mobile (Phone). 

Otherwise, I search in a browser.",2025-04-26T07:52:12Z,1,Adinnieken,technology,2025-05-26T04:13:57.923575Z
mp43lyj,1k83xqc,reddit,"Ah yes, Microsoft always kills its apps when someone finds out they stole the code from other organisations just as it already happened with Paint3D. Thanks to all those who contribute to open-source apps.",2025-04-26T08:04:54Z,-3,Echelon_0ne,technology,2025-05-26T04:13:57.923583Z
mspw0fl,1kogapq,reddit,Bo Burnham headline.,2025-05-17T00:36:49Z,35,ConsiderationSea1347,technology,2025-05-26T04:13:58.945054Z
mspxaz2,1kogapq,reddit,r/nottheonion,2025-05-17T00:44:58Z,20,colfitsky,technology,2025-05-26T04:13:58.945072Z
mspw8kv,1kogapq,reddit,That outta fix it.,2025-05-17T00:38:14Z,16,AustinSpartan,technology,2025-05-26T04:13:58.945085Z
mspwebp,1kogapq,reddit,It's like the ads on Saturday cartoons that told you to play outside. In the middle of my show really?,2025-05-17T00:39:14Z,17,epidemicsaints,technology,2025-05-26T04:13:58.945098Z
msrejj2,1kogapq,reddit,That is like offering yoga courses after selling them cocaine,2025-05-17T07:46:46Z,3,toolkitxx,technology,2025-05-26T04:13:58.945112Z
mspxgyo,1kogapq,reddit,"Regardless of what kind of damage control they’re attempting here, the platform will still attract the same toxicity. 90% of what is generated on it is pure rot.",2025-05-17T00:46:02Z,14,HorsePecker,technology,2025-05-26T04:13:58.945119Z
msqshha,1kogapq,reddit,"If I woke up to a world where the internet never existed, I don’t think I would be angry.",2025-05-17T04:18:52Z,6,ottoIovechild,technology,2025-05-26T04:13:58.945127Z
msqngx2,1kogapq,reddit,god forbid parents be responsible for parenting their own children,2025-05-17T03:39:18Z,8,Leckloast,technology,2025-05-26T04:13:58.945138Z
mss35yt,1kogapq,reddit,lol that'll fix it /s,2025-05-17T11:52:31Z,2,74389654,technology,2025-05-26T04:13:58.945152Z
msqvxwv,1kogapq,reddit,They should just shut down at 8pm.,2025-05-17T04:47:42Z,2,TheFoxsWeddingTarot,technology,2025-05-26T04:13:58.945166Z
mss4k2a,1kogapq,reddit,"Ah yes, meditate on TikTok, the short form video platform. What, is the meditation gonna happen in 30 second intervals?

Actually reading the article, this could literally be accomplished with parental controls or internet downtime schedules for your household/kid devices. TikTok can’t be trusted to address its own problems because the goal of TikTok is to gain more users, keep users, engage them more. They are not gonna get these kids off the platform before bed lmao.",2025-05-17T12:03:19Z,1,ghastlypxl,technology,2025-05-26T04:13:58.945177Z
mss53gk,1kogapq,reddit,do not rely on tiktok for meditation,2025-05-17T12:07:26Z,1,helvetica01,technology,2025-05-26T04:13:58.945185Z
mssgb99,1kogapq,reddit,They have it backwards. You need a baseline of mental health in order to meditate.,2025-05-17T13:25:50Z,1,N/A,technology,2025-05-26T04:13:58.945192Z
mssl25q,1kogapq,reddit,"Welcome. Take a moment to get comfortable—lying down, seated, whatever works for you. Let your eyes close gently. Let’s start by simply noticing your breath… inspira… espira… andiamo.

Now bring your awareness to the top of your head. Notice any sensations there—the scalp, the forehead. If you’re holding any tension, just let it go. Mamma mia, relax il cervello, fratello.

Let that awareness drift down to your eyes and jaw. Soften the space between your eyebrows. Let your jaw unclench. No more gritting your teeth like you’re about to fight a Carabinieri in a parking lot—calma, bro.

Now move down to your neck and shoulders. Are they tense? Do they feel like cooked spaghetti or overcooked lasagna? Either way, let them drop. Tranquillo, sei in modalità mozzarella now.

Shift your attention to your arms—your biceps, elbows, all the way down to your hands and fingertips. Notice any tingling, warmth, or chill. No need to fix anything. Just be like, ehhh va bene così, and move on.

Bring that awareness to your chest. Feel the breath moving in and out. No need to do anything special. Just vibe. Respira come se stessi aspettando la carbonara.

Now move down to your belly. Maybe it rises and falls with your breath. Maybe it makes a little noise. That’s okay. That’s just your internal nonna reminding you it’s time to digest life. Stai sereno, bro. Zero sbatti.

Let’s travel to your hips and pelvis. Any tightness here? Send it love. Not like amore eterno, but like a respectful ciao bella, keep it cool.

Notice your thighs, knees, calves. So much strength here, even when you’re just chilling. Gambe come tagliatelle ma con onore, capisci?

Bring awareness to your feet—your heels, arches, toes. Maybe they feel heavy, maybe light. Maybe they’re just out here vibing. Let them rest. Riposo totale, come una domenica dopo il pranzo da zia.

And now, take a moment to scan your whole body from head to toe, just vibing like a Roman statue that got left on read. No judgment. Just presence. Situazione zen, tipo: io e il nulla, amici da sempre.

Take one more deep breath—inspira grande, espira con eleganza tipo Vespa a bassa velocità.

When you’re ready, gently wiggle your fingers and toes. Come back to the room. And if anyone asks what you were doing, just say: facevo un po’ di self-care, zio, chillax.",2025-05-17T13:55:51Z,1,Psychological-Arm505,technology,2025-05-26T04:13:58.945205Z
mssn9w4,1kogapq,reddit,"Infinite short form content that's finely tuned to your brain is just not good for developing minds.


(It's not good for developed minds either)",2025-05-17T14:09:10Z,1,Rot-Orkan,technology,2025-05-26T04:13:58.945212Z
msuby39,1kogapq,reddit,So we’re meditating in 10 second clips?,2025-05-17T19:41:05Z,1,N/A,technology,2025-05-26T04:13:58.945219Z
msyvyi7,1kogapq,reddit,"Don't worry about that they may not live long enough due to yet another school shooting, this country is so effed up!",2025-05-18T15:35:14Z,1,Thund3rF000t,technology,2025-05-26T04:13:58.945227Z
mt0obsh,1kogapq,reddit,Yeah sell a “solution” to a problem you’re responsible for creating. ,2025-05-18T21:15:37Z,1,thoughts-akimbo,technology,2025-05-26T04:13:58.945235Z
mt1z5k1,1kogapq,reddit,Nah…..scrolling mindless video clips for hours a day couldn’t possibly affect one’s mental and physical health.,2025-05-19T01:57:39Z,1,Imyoteacher,technology,2025-05-26T04:13:58.945243Z
mssbsiv,1kogapq,reddit,People are still on tik tok?,2025-05-17T12:55:43Z,0,Ok_Hippo4997,technology,2025-05-26T04:13:58.945251Z
mtsluxk,1ktcljm,reddit,"I will never understand how this has not become the standard in the US yet. Why have 2 bodies if they are effectively able to do the same things? The board's main function is control, governance and overall direction, so it should never be possible that both functions intermingle in one person. Checks and balances are out of the window without a split.",2025-05-23T06:55:15Z,62,toolkitxx,technology,2025-05-26T04:13:59.861486Z
mtsjfv1,1ktcljm,reddit,"That's a basic rule of corporate governance, ffs.",2025-05-23T06:32:56Z,28,HighDeltaVee,technology,2025-05-26T04:13:59.861499Z
mtsp4nx,1ktcljm,reddit,Well yeah. The CEO should say they’re spending more time being the Chair but also need to be paid CEO bonuses too,2025-05-23T07:26:44Z,7,imaginary_num6er,technology,2025-05-26T04:13:59.861507Z
mtu2l8e,1ktcljm,reddit,It would have doubled the exploitation of profits,2025-05-23T13:49:34Z,2,bluenoser613,technology,2025-05-26T04:13:59.861515Z
mteespg,1krlrqu,reddit,"We will see if they stick with it, but frankly even just them talking about it and making even a limited start is of value for the right to repair movement.",2025-05-21T01:29:38Z,59,big-red-aus,technology,2025-05-26T04:14:00.792052Z
mthqr9u,1krlrqu,reddit,What they need to do is stop having so many different charging cables. Throw a usb c on everything and call it good.,2025-05-21T15:53:15Z,10,shit-zipper,technology,2025-05-26T04:14:00.792065Z
mtex7gm,1krlrqu,reddit,"Just what we need, bathroom goo in between the layer lines of FDM PLA prints.",2025-05-21T03:23:08Z,6,ValuableJumpy8208,technology,2025-05-26T04:14:00.792073Z
mtgcvxg,1krlrqu,reddit,The last two Philips trimmers I had both suffered from some kind of motor failure - 3D printing isn't going to do much for that.,2025-05-21T11:15:12Z,2,borgenhaust,technology,2025-05-26T04:14:00.792080Z
mtg3pre,1krlrqu,reddit,Yeah but not the blades. It cost like $35 for three replacement blades at Walmart! 3d print that….,2025-05-21T09:55:06Z,-1,Fuzzy_Cell6433,technology,2025-05-26T04:14:00.792088Z
mtf8ynt,1krlrqu,reddit,"Yeah that’s a thing, -Oh nooo! I broke my razor!",2025-05-21T04:52:16Z,-2,Snippodappel,technology,2025-05-26T04:14:00.792095Z
msdrw5q,1kmx3ui,reddit,No we don't!,2025-05-15T02:22:30Z,166,aviationeast,technology,2025-05-26T04:14:02.240372Z
msdrjsa,1kmx3ui,reddit,Then why can’t the AI eliminate the Reddit bot fest?,2025-05-15T02:20:23Z,44,CorvinRobot,technology,2025-05-26T04:14:02.240380Z
msdylls,1kmx3ui,reddit,"That's just making an assumption without fully understanding why they might do that...  it could be hatred, bias, or actually have an opinion on something that's differ from others.

The real danger is assuming that you're right all the time.",2025-05-15T03:05:10Z,32,VincentNacon,technology,2025-05-26T04:14:02.240385Z
mse5qwf,1kmx3ui,reddit,"What if it’s because people only comment with disagreements to add to the conversation? Just commenting “hell yea, that’s right” doesn’t add much to the conversation as “actually…”",2025-05-15T03:54:57Z,10,davidthefat,technology,2025-05-26T04:14:02.240389Z
msdw6x4,1kmx3ui,reddit,">AI-powered troll-spotting algorithm

So, does that mean if we run that algorithm 10 times we'll find 10 different results? Because that's been my experience with AI-powered things.",2025-05-15T02:49:25Z,23,Deranged40,technology,2025-05-26T04:14:02.240394Z
mse5aiw,1kmx3ui,reddit,"I don’t know how deep this really is.

“I concur:” boring, not upvoted.

“You’re wrong and here’s why:” hot take, upvoted.

The algorithm itself rewards this behavior. You want upvotes, if you want to be seen and heard, you do what the algorithm wants.

Incidentally I sometimes post “contrarian” takes and often don’t reply, but it’s not meant to be sinister. 

I figure I’ve said what I meant to say in my comment and if you disagree, that’s fine; yes I could answer but most of the time I’d be rephrasing 90% of my original comment. I even think of it as a bit of professional courtesy- I let my replies have the last word. In that context, it’s not meant to be bad faith or anything.",2025-05-15T03:51:41Z,6,moscowramada,technology,2025-05-26T04:14:02.240398Z
mse4fxr,1kmx3ui,reddit,"If I see an account under a 100 days old make a political comment, I’m already assuming it’s a bot. I have seen so many users try to both sides things and say they aren’t on any side. And then I look at their comments.

“Joe Biden did something bad but both sides are the same.”

“Democrats did something bad but both sides do bad things.”

I’ve seen them make over one hundred political comments and they never once even came close to criticizing Trump. Sometimes barely said his name. But they were the ones always reminding us that Biden is no better or worse than Trump. Please.",2025-05-15T03:45:37Z,9,cmilla646,technology,2025-05-26T04:14:02.240403Z
msf5jjb,1kmx3ui,reddit,I speak my mind and don’t follow the crowd. Wonder if the algorithm can tell the difference between petty trolling and principled disagreement,2025-05-15T09:29:33Z,3,Ill_Mousse_4240,technology,2025-05-26T04:14:02.240410Z
msf8r9h,1kmx3ui,reddit,Of course we do. We're in a public internet forum. That's like concluding book club people love reading.,2025-05-15T10:01:27Z,3,Stilgar314,technology,2025-05-26T04:14:02.240415Z
msds5xa,1kmx3ui,reddit,We needed AI to figure this out?,2025-05-15T02:24:12Z,7,yawara25,technology,2025-05-26T04:14:02.240419Z
msdwgim,1kmx3ui,reddit,A pigeon could have figured this out. So glad we have a resource burning AI to waste our time.,2025-05-15T02:51:07Z,10,Aviditie,technology,2025-05-26T04:14:02.240424Z
msdwncm,1kmx3ui,reddit,"no shit, Sherlock",2025-05-15T02:52:20Z,4,GoodVibrations77,technology,2025-05-26T04:14:02.240428Z
msehfya,1kmx3ui,reddit,"I was skeptical because of the clickbaity title but the article is actually pretty interesting.

> This challenges conventional wisdom about online polarisation. While echo chambers are often blamed for increasing division, our research suggests behavioural patterns can transcend topical boundaries. *Users may be divided more by how they interact than what they discuss.*

The interesting part is that they found behavioral patterns in distinct communities (not necessarily the same people going around and trolling different subreddits)

> We found striking similarities between users discussing soccer (on r/soccer) and e-sports (on r/leagueoflegends)

Which may sound obvious due to the way people engage in those communities, but it’s still interesting to see a measure of those similarities.",2025-05-15T05:26:51Z,2,Bubbassauro,technology,2025-05-26T04:14:02.240433Z
msep5uw,1kmx3ui,reddit,"""Just love to disagree""? I disagree.

People post to add to the discussion. In the majority of cases, points that add to the discussion correlate with disagreement or correction of certain statements of the original post.

Besides personal anecdotes, there are very few cases were agreement adds something of significance to the discussion.

But hey, we know now that corporations ""hate"" negativity, since it damages their advertising profits. So I wouldn't be surprised if ""negativity and disagreement"" becomes banned on online plattforms in the near future.

Already happened with the removal of dislike-buttons and censorship of ""negative trigger words that are against community guidelines"".",2025-05-15T06:38:34Z,2,CorpPhoenix,technology,2025-05-26T04:14:02.240437Z
msefdzh,1kmx3ui,reddit,"
Why would a Wookiee, an eight-foot tall Wookiee, want to live on Endor, with a bunch of two-foot tall Ewoks? That does not make sense! But more important, you have to ask yourself: What does this have to do with this case? Nothing. Ladies and gentlemen, it has nothing to do with this case! It does not make sense! Look at me. I'm a lawyer defending a major record company, and I'm talkin' about Chewbacca! Does that make sense? Ladies and gentlemen, I am not making any sense! None of this makes sense! And so you have to remember, when you're in that jury room deliberatin' and conjugatin' the Emancipation Proclamation, does it make sense? No! Ladies and gentlemen of this supposed jury, it does not make sense! If Chewbacca lives on Endor, you must acquit! The defense rests.[2]",2025-05-15T05:09:16Z,2,ironfistorr,technology,2025-05-26T04:14:02.240442Z
mse47uu,1kmx3ui,reddit,"Actually, we don't love to disagree, we're forced to disagree by the blatant display of ignorance and hypocrisy that we see on on Reddit.",2025-05-15T03:44:00Z,2,iconocrastinaor,technology,2025-05-26T04:14:02.240446Z
msehmia,1kmx3ui,reddit,Are we sure they're other redditors and not various paid interest groups using bots to push misinformation/propaganda/agenda?,2025-05-15T05:28:27Z,2,Dull_Wrongdoer_3017,technology,2025-05-26T04:14:02.240451Z
mse2djo,1kmx3ui,reddit,Some people are contrarians... didn't need AI to find out,2025-05-15T03:31:00Z,1,TheCver,technology,2025-05-26T04:14:02.240455Z
mse4b78,1kmx3ui,reddit,"I reckon many people don't, but there's always at least one pedantic troll lurking for every comment or post, so it feels like more.

Cue the Reddit pedants with a contrary opinion disguised as definitive 'proof'.",2025-05-15T03:44:40Z,1,dav_oid,technology,2025-05-26T04:14:02.240460Z
mse8ywn,1kmx3ui,reddit,"LOL, How long did it take for the AI powered Troll spotting algo to figure that out?? It's human nature to disagree. In fact some people just aren't happy if they aren't disagreeing with someone all the time.",2025-05-15T04:18:32Z,1,OMG__Ponies,technology,2025-05-26T04:14:02.240464Z
mseagl7,1kmx3ui,reddit,Is there any other discussion board without any kind of algorithm. I guess discord is there but it's very hyper focused on certain topics. I just want a general board that just shows stuff I am subscribed to without any algorithm bs. Reddit algorithm just spits out same stuff over and over again. And sometimes straight out of new without any comments or upvotes.,2025-05-15T04:29:50Z,1,ChillySummerMist,technology,2025-05-26T04:14:02.240469Z
msebhsd,1kmx3ui,reddit,"Thats not at all what the spirit of Reddit is, we just have different opossite opiniions on matters that are easy to fact check.",2025-05-15T04:37:53Z,1,GovernmentBig2749,technology,2025-05-26T04:14:02.240473Z
msek73i,1kmx3ui,reddit,Filtering undesired behavior patterns like political activism is the flip side to this tech.,2025-05-15T05:51:40Z,1,MarcusSurealius,technology,2025-05-26T04:14:02.240477Z
msev3zk,1kmx3ui,reddit,Social media is all about disagreement. Like this ,2025-05-15T07:38:31Z,1,mich160,technology,2025-05-26T04:14:02.240482Z
msf0ivp,1kmx3ui,reddit,I was messing around a couple weeks ago and made a web app that lets me enter any reddit username and generate a behavioral profile based on their comments. (Not sure I'm allowed to provide the link). I found it's really helpful when I get those toxic comments to my posts/comments by reminding me it's just a troll.,2025-05-15T08:36:02Z,1,1x2x3x4x5x,technology,2025-05-26T04:14:02.240487Z
msf2ltc,1kmx3ui,reddit,They don’t need an algorithm. I’m the guy. And everyone else can suck it.,2025-05-15T08:58:14Z,1,Unlucky-Meaning-4956,technology,2025-05-26T04:14:02.240491Z
msf8il5,1kmx3ui,reddit,That’s a very generous “some”.,2025-05-15T09:59:09Z,1,MadJohnFinn,technology,2025-05-26T04:14:02.240496Z
msf8jjx,1kmx3ui,reddit,Does'nt take AI to realise not everyone read the article instead of just reacting to the title.,2025-05-15T09:59:25Z,1,ballgameskeith,technology,2025-05-26T04:14:02.240500Z
msfogtr,1kmx3ui,reddit,"No shi, but it's a lot more than **some**...",2025-05-15T12:05:38Z,1,sniffstink1,technology,2025-05-26T04:14:02.240505Z
msgb1wc,1kmx3ui,reddit,This falsely assumes that half or more of posts and comments are agreeable,2025-05-15T14:16:40Z,1,APairOfMarthas,technology,2025-05-26T04:14:02.240509Z
msgjijx,1kmx3ui,reddit,"Great, now use this data so the app shows these people each other comments at the top, and shows the other cohort their own most upvoted.",2025-05-15T14:58:44Z,1,SemperPutidus,technology,2025-05-26T04:14:02.240514Z
mshb3wk,1kmx3ui,reddit,"Is it really newsworthy to make an article about the existence of trolls? Like, who in the modern age didnt know they existed?",2025-05-15T17:13:21Z,1,DadlyPolarbear,technology,2025-05-26T04:14:02.240519Z
msjj5vh,1kmx3ui,reddit,New company idea: AI analysis company that detects wrongthink leanings and flags them as bots/trolls. Wrongthink defined by highest bidder.,2025-05-16T00:07:39Z,1,ReddyBlueBlue,technology,2025-05-26T04:14:02.240523Z
msqweek,1kmx3ui,reddit,"So now, anyone who disagrees with the information they are presented with too often, is labeled a “troll”.",2025-05-17T04:51:37Z,1,ArtificialNetFlavor,technology,2025-05-26T04:14:02.240527Z
msdx0az,1kmx3ui,reddit,Where can i go to check my personal troll score?,2025-05-15T02:54:40Z,1,yesididthat,technology,2025-05-26T04:14:02.240532Z
msdvsps,1kmx3ui,reddit,The hell I do!,2025-05-15T02:46:55Z,0,Finest_Johnson,technology,2025-05-26T04:14:02.240538Z
mse20k2,1kmx3ui,reddit,Sounds like a plan for censorship.,2025-05-15T03:28:28Z,-1,Spirited_Childhood34,technology,2025-05-26T04:14:02.240542Z
msehq8n,1kmx3ui,reddit,"I mean I upvote when I agree with something, I don't post ""yes I agree with you"".",2025-05-15T05:29:23Z,0,szy753951,technology,2025-05-26T04:14:02.240546Z
mseif5o,1kmx3ui,reddit,Soon they’ll read our thoughts just by using AI to analyze us.,2025-05-15T05:35:34Z,0,moon_lurk,technology,2025-05-26T04:14:02.240551Z
mse1dz8,1kmx3ui,reddit,Their conclusion is correct; but I have assumed without reading the article their methods are bullshit.,2025-05-15T03:24:06Z,-3,serial_crusher,technology,2025-05-26T04:14:02.240555Z
mseqdug,1kmx3ui,reddit,Let’s agree to disagree,2025-05-15T06:50:31Z,-1,imaginary_num6er,technology,2025-05-26T04:14:02.240560Z
msey0cj,1kmx3ui,reddit,I agree to disagree.,2025-05-15T08:08:51Z,-1,man_frmthe_wild,technology,2025-05-26T04:14:02.240564Z
mpxdtif,1kbu68l,reddit,"Lucky for me, I don't use any of their shit anymore

EDIT: no, not even WhatsApp, please stop asking.",2025-04-30T23:12:01Z,302,brainfreeze_23,technology,2025-05-26T04:14:03.885662Z
mpxj57k,1kbu68l,reddit,Worse than what? It all already completely sucks ass,2025-04-30T23:41:51Z,113,ThisCaiBot,technology,2025-05-26T04:14:03.885670Z
mpxntwz,1kbu68l,reddit,"Oh no, the poor companies are upset that rules protecting consumers are finally being enforced. If regulation hurts your business, maybe your business was the scam.",2025-05-01T00:08:18Z,41,LazyyCanuck,technology,2025-05-26T04:14:03.885676Z
mpxenbn,1kbu68l,reddit,"Good, get off of it. Twitter too",2025-04-30T23:16:39Z,66,cedarsauce,technology,2025-05-26T04:14:03.885681Z
mpxfvnd,1kbu68l,reddit,"i don´t care, they can suck cock..",2025-04-30T23:23:36Z,22,tomassino,technology,2025-05-26T04:14:03.885686Z
mpxm5en,1kbu68l,reddit,They’re just mad that Europe makes it more difficult to steal all their data and brainwash their citizens.,2025-04-30T23:58:42Z,34,hmr0987,technology,2025-05-26T04:14:03.885691Z
mpxf34g,1kbu68l,reddit,"Meta, in this context, is essentially the very definition of a worse experience.  That they are working hard to make it even worse than that, just goes to prove their commitment to the process.  Kudos.",2025-04-30T23:19:08Z,24,Somhlth,technology,2025-05-26T04:14:03.885696Z
mpxkiul,1kbu68l,reddit,"> Meta warns of ~~'worse'~~ '*deliberately degraded*' experience for European users

Fixed that for 'em.",2025-04-30T23:49:35Z,10,JDGumby,technology,2025-05-26T04:14:03.885700Z
mpxdvau,1kbu68l,reddit,Can it get any “materially worse” than horrendous?,2025-04-30T23:12:18Z,16,Pretty_Boy_Bagel,technology,2025-05-26T04:14:03.885705Z
mpxfjyc,1kbu68l,reddit,"OH NO

anyways",2025-04-30T23:21:46Z,17,Horror-Zebra-3430,technology,2025-05-26T04:14:03.885710Z
mpxlx0p,1kbu68l,reddit,Those pesky protections. Fuck Meta and everything they do.,2025-04-30T23:57:23Z,3,Jabber-Wockie,technology,2025-05-26T04:14:03.885715Z
mpxmf2s,1kbu68l,reddit,"You know what's the best experience?  Deleting all meta apps from your devices.  Next delete X, TikTok, Xiaohongshu (Red Note), etc.
Go meet real people at a cafe, visit a park, and go for a walk.  Major UI upgrade!",2025-05-01T00:00:13Z,12,CriticalTruthSeeker,technology,2025-05-26T04:14:03.885729Z
mpzm43a,1kbu68l,reddit,Meta can go and fuck itself. Zuckertwat recently admitted that social media isn’t social anymore. Luckily I haven’t been using their crap for the last 16 years and I won’t be using WhatsApp any time soon either. Do yourself a favour and delete the apps.,2025-05-01T09:02:17Z,3,Skipper_TheEyechild,technology,2025-05-26T04:14:03.885734Z
mq28dlo,1kbu68l,reddit,lol considering it’s garbage already I’d say maybe just STOP using their SHITTY corrupt platforms. You don’t need them. They need you.,2025-05-01T18:26:20Z,3,sum1sedate-me,technology,2025-05-26T04:14:03.885738Z
mpxiw88,1kbu68l,reddit,They're going to make Facebook even worse? That's just not possible ...,2025-04-30T23:40:26Z,2,castler_666,technology,2025-05-26T04:14:03.885743Z
mpxkac3,1kbu68l,reddit,How their advertising media with social elements can be any more worse,2025-04-30T23:48:16Z,2,Practical-Piglet,technology,2025-05-26T04:14:03.885748Z
mpxkkyp,1kbu68l,reddit,Highly doubtful anybody in Europe still uses that shit,2025-04-30T23:49:54Z,2,drubus_dong,technology,2025-05-26T04:14:03.885752Z
mpxusbx,1kbu68l,reddit,"I've been avoiding it like the plague since I first heard about it. 

What exactly is it? A social media platform or something?",2025-05-01T00:48:28Z,2,HugsandHate,technology,2025-05-26T04:14:03.885757Z
mpydov4,1kbu68l,reddit,How the hell could it get worse??,2025-05-01T02:39:01Z,2,Delicious_Spot_3778,technology,2025-05-26T04:14:03.885762Z
mpye63c,1kbu68l,reddit,Can it get worse?,2025-05-01T02:41:59Z,2,mulberrymine,technology,2025-05-26T04:14:03.885767Z
mpytj29,1kbu68l,reddit,Incredibly shortsighted of them. There's tons of alternatives people could use and it just requires a mass of people to move to an alternative.,2025-05-01T04:27:19Z,2,Optimal_scientists,technology,2025-05-26T04:14:03.885772Z
mpyvck7,1kbu68l,reddit,oh no! ...anyway.,2025-05-01T04:41:11Z,2,ravnhjarta,technology,2025-05-26T04:14:03.885776Z
mpyyzgn,1kbu68l,reddit,You mean it can get worse?,2025-05-01T05:09:12Z,2,Griffie,technology,2025-05-26T04:14:03.885781Z
mpz0y2y,1kbu68l,reddit,"Worse Experience? So, what's that then? A wall full of ads and feeds that don't show any of your actual social connections? Hmmm... sounds familiar.",2025-05-01T05:26:05Z,2,buyongmafanle,technology,2025-05-26T04:14:03.885786Z
mpz5v8h,1kbu68l,reddit,It can get worse?,2025-05-01T06:11:42Z,2,wokyman,technology,2025-05-26T04:14:03.885790Z
mpz7fx0,1kbu68l,reddit,"How can it get worse than it already is? Oh, those pesky EU regulators, are to blame.",2025-05-01T06:27:01Z,2,misimiki,technology,2025-05-26T04:14:03.885798Z
mpzbgbr,1kbu68l,reddit,For what I care they can even close those services in Europe and leave…,2025-05-01T07:07:05Z,2,Bambamtams,technology,2025-05-26T04:14:03.885803Z
mpzbyqi,1kbu68l,reddit,Oh no! Anyway…,2025-05-01T07:12:22Z,2,CharlieCharliii,technology,2025-05-26T04:14:03.885808Z
mpzecek,1kbu68l,reddit,"Disabled targeted ads in Europe and now have to endure a forced ad every couple of seconds. Stopped using FB for anything but looking up birthdays. 

Using FB less has improved my experience.",2025-05-01T07:37:47Z,2,TradeApe,technology,2025-05-26T04:14:03.885812Z
mpzfp64,1kbu68l,reddit,And I bet no one will notice.,2025-05-01T07:52:15Z,2,payne747,technology,2025-05-26T04:14:03.885817Z
mpzmjxg,1kbu68l,reddit,"They've been making it worse for the last, say, 10 years, and *now* they're going to warn us about it?",2025-05-01T09:07:08Z,2,icoder,technology,2025-05-26T04:14:03.885822Z
mpznhsr,1kbu68l,reddit,time to find an European alternative to whatsapp,2025-05-01T09:17:27Z,2,GretaThunbergonewild,technology,2025-05-26T04:14:03.885827Z
mpzqlh6,1kbu68l,reddit,The best experience with meta is to not use facebook or insta at all!,2025-05-01T09:50:12Z,2,IsThereAnythingLeft-,technology,2025-05-26T04:14:03.885832Z
mpzsf45,1kbu68l,reddit,Isn't that what they're already providing?,2025-05-01T10:08:08Z,2,sh1a0m1nb,technology,2025-05-26T04:14:03.885836Z
mq00uhc,1kbu68l,reddit,"Their logic is basically that showing users “targeted” ads is a “better experience” compared to non-targeted ads. 

No it isn’t. It’s still garbage. Nobody picks a service based on the quality of its fucking ad delivery.",2025-05-01T11:21:35Z,2,ZgBlues,technology,2025-05-26T04:14:03.885841Z
mq08rsz,1kbu68l,reddit,"FB harvests data 


I know this because it suggests friends 






Friends / people I know from professional connections in ""real"" world .


People I've met at events 






Most damning is it suggesting friends who I know via forums , explicitly fetlife as one example.  It's a little concerning to have someone's private life exposed that way, someone I've talked to doing a rope scene or they attend masked , yet show up as friends suggestions with their faces / personnel information exposed.






Now, if FB / meta etc aren't harvesting data about the world around me, there's no direct link between me and that person except attending an event / using the same website.


Once is coincidence, twice is happenstance, there times is malicious actors.






It's happened 30+ times , some incan ""explain"" in that we exchanged WhatsApp msgs (EU uses WhatsApp very differently to USA), so ""shared"" environment.  For others, I've only spoken to them at an event, yet they're on recommended friends.




I'm not screaming conspiracy, but something hinky is afoot",2025-05-01T12:18:00Z,2,Moontoya,technology,2025-05-26T04:14:03.885846Z
mq0g891,1kbu68l,reddit,"You experience will be much more worse!! You won’t have microtargeted, ai generated articles that make you angry at your neighbor anymore… oh buhu… please",2025-05-01T13:05:21Z,2,nznordi,technology,2025-05-26T04:14:03.885850Z
mq0tz6r,1kbu68l,reddit,"Apart from Marketplace, which isn't a great experience as is, I can't see the Facebook/Meta experience getting much worse than it already is.",2025-05-01T14:20:22Z,2,Squish_the_android,technology,2025-05-26T04:14:03.885855Z
mq1uyaj,1kbu68l,reddit,"Meta sucks in general, don’t use their BS",2025-05-01T17:21:48Z,2,somesing23,technology,2025-05-26T04:14:03.885860Z
mq3jcr7,1kbu68l,reddit,"How?


How could it possibly be worse?",2025-05-01T22:20:36Z,2,fourleggedostrich,technology,2025-05-26T04:14:03.885865Z
mpybymq,1kbu68l,reddit,Can't Europe just block those shitty Meta platforms???,2025-05-01T02:28:33Z,3,sniffstink1,technology,2025-05-26T04:14:03.885869Z
mpymvjz,1kbu68l,reddit,"I still check my Facebook. 

My feed is 10 targeted ads before I see my friends post from like two weeks ago. 

Not too shabby Facebook.",2025-05-01T03:38:54Z,4,RMRdesign,technology,2025-05-26T04:14:03.885874Z
mpzj76h,1kbu68l,reddit,Even more reason to get out of the brain rot factory,2025-05-01T08:30:29Z,1,snufflesthebigdog,technology,2025-05-26T04:14:03.885879Z
mpzowz1,1kbu68l,reddit,In the immortal words of Gene Wilders Wonka: Stop. Don’t. Come back.,2025-05-01T09:32:48Z,1,rom_ok,technology,2025-05-26T04:14:03.885884Z
mpzp3pr,1kbu68l,reddit,Only boomers using their shit anyways.,2025-05-01T09:34:46Z,1,AdmiralRaspberry,technology,2025-05-26T04:14:03.885888Z
mpzptju,1kbu68l,reddit,"I left the platform months ago as it was toxic and horrible, I doubt it can get any worse.",2025-05-01T09:42:20Z,1,groovy-baby,technology,2025-05-26T04:14:03.885893Z
mpzqowy,1kbu68l,reddit,"""If you do this we will make the EU experience rubbish on purpose to get back at you"".

Is how I am reading this, at least.",2025-05-01T09:51:09Z,1,Piltonbadger,technology,2025-05-26T04:14:03.885898Z
mpzxb2g,1kbu68l,reddit,Couldn’t care less,2025-05-01T10:52:48Z,1,brstra,technology,2025-05-26T04:14:03.885902Z
mq0016a,1kbu68l,reddit,…worse? Lol,2025-05-01T11:15:13Z,1,PokerTuna,technology,2025-05-26T04:14:03.885907Z
mq01xxm,1kbu68l,reddit,Might be the right time to dump Scumberg for all Europeans.,2025-05-01T11:29:55Z,1,typicalbiblical,technology,2025-05-26T04:14:03.885912Z
mq02adi,1kbu68l,reddit,It can get worse?,2025-05-01T11:32:28Z,1,ischickenafruit,technology,2025-05-26T04:14:03.885916Z
mq02ilr,1kbu68l,reddit,"This probably means fewer Europeans on Social media.

Good for Europe!",2025-05-01T11:34:08Z,1,N/A,technology,2025-05-26T04:14:03.885921Z
mq02ux1,1kbu68l,reddit,"I don't know what is a worse experience. Talking to friends, sharing our emotional experiences or seeing personalized ads, getting our emotional data sold to 3rd  party companies.",2025-05-01T11:36:41Z,1,RegularTechGuy,technology,2025-05-26T04:14:03.885926Z
mq03my8,1kbu68l,reddit,"Meta is already such garbage that I don't even bother with it anymore.

Western countries are rapidly heading into a place where Meta is totally inconsequential.",2025-05-01T11:42:25Z,1,Sweet_Concept2211,technology,2025-05-26T04:14:03.885931Z
mq05fyq,1kbu68l,reddit,Oh no! The service will get so bad that users will stop using Facebook! What an awful thing that would be...,2025-05-01T11:55:15Z,1,ObliviousRounding,technology,2025-05-26T04:14:03.885936Z
mq07sls,1kbu68l,reddit,"I see that as a win, i get to choose what you do with my data and i don't need their newest AI bullshit",2025-05-01T12:11:25Z,1,Yonutz33,technology,2025-05-26T04:14:03.885940Z
mq09cb9,1kbu68l,reddit,"I thought Meta was doing a great job all by itself making the experience worse. At this point, I really could not care less if Meta fully exits the EU market.",2025-05-01T12:21:49Z,1,flyblown,technology,2025-05-26T04:14:03.885945Z
mq0b9g6,1kbu68l,reddit,"Why, why people still using it, in such short period it exists people have already seen negative social effects. Drop that garbage. It only benefits advertisers.",2025-05-01T12:34:32Z,1,krose1980,technology,2025-05-26T04:14:03.885950Z
mq0cvla,1kbu68l,reddit,"Nice, the shittier, the better",2025-05-01T12:44:55Z,1,tebeks,technology,2025-05-26T04:14:03.885954Z
mq0efz0,1kbu68l,reddit,"The only meta product I have is the meta quest vr headset. I've blocked all of meta domains from my network with a pi hole. None of the ""features"" work anymore...


... Except for the one I care about which is connecting it to the PC and using it to sim race. 


Fuck you, Facebook.",2025-05-01T12:54:38Z,1,blastoisexy,technology,2025-05-26T04:14:03.885959Z
mq0lbfv,1kbu68l,reddit,How will they know?,2025-05-01T13:34:28Z,1,Fridaybird1985,technology,2025-05-26T04:14:03.885964Z
mq0makd,1kbu68l,reddit,I'm not sure why people keep rewarding meta. They're a shit product under a shit ceo.,2025-05-01T13:39:53Z,1,N/A,technology,2025-05-26T04:14:03.885968Z
mq0nya8,1kbu68l,reddit,"I don't think its possible for their services to get much worse than they are, although MZ will certainly keep trying!",2025-05-01T13:48:55Z,1,WeAreTheMachine368,technology,2025-05-26T04:14:03.885973Z
mq0tlr9,1kbu68l,reddit,"Oh please, as if that shitsack of a website could provide a worse experience.",2025-05-01T14:18:29Z,1,KenUsimi,technology,2025-05-26T04:14:03.885978Z
mq18si7,1kbu68l,reddit,why? will it become mandatory for us to use?,2025-05-01T15:33:31Z,1,liquid_at,technology,2025-05-26T04:14:03.885983Z
mq1a8x5,1kbu68l,reddit,Shit sucks anyway. Maybe we should put our phones away.,2025-05-01T15:40:38Z,1,Fierce1nvalid,technology,2025-05-26T04:14:03.885987Z
mq1e7ts,1kbu68l,reddit,Mm men må mm Men,2025-05-01T16:00:12Z,1,zoobraffe,technology,2025-05-26T04:14:03.885992Z
mq1kjf3,1kbu68l,reddit,"Dont care, wouldnt care if your services got outright banned.",2025-05-01T16:31:37Z,1,MediumMachineGun,technology,2025-05-26T04:14:03.885997Z
mq22gdu,1kbu68l,reddit,You will no longer have ads tailored to your needs,2025-05-01T17:57:19Z,1,hmmm_,technology,2025-05-26T04:14:03.886001Z
mq4p641,1kbu68l,reddit,"Oh well I guess that settles it then, no reason for europeans to even give Meta products the time of day. 

Good.",2025-05-02T02:24:53Z,1,Slfestmaccnt,technology,2025-05-26T04:14:03.886006Z
mq4rx8p,1kbu68l,reddit,"It's funny they say the experience will be worse, when you can pay to decline the ""good"" experience.",2025-05-02T02:41:28Z,1,Dankirk,technology,2025-05-26T04:14:03.886011Z
mqbwqyz,1kbu68l,reddit,Good chance for some alternative!,2025-05-03T06:16:35Z,1,Prestigious_Scene971,technology,2025-05-26T04:14:03.886016Z
mq0cwin,1kbu68l,reddit,"European here, we largely agree that we don't want ANY experience from Meta on our territories as Europeans at all! Same goes for instagram, whatsapp, facebook, X/Twitter and the likes

  
You can easily leave, I mean the door is right there.",2025-05-01T12:45:03Z,1,Limp_Classroom_2645,technology,2025-05-26T04:14:03.886021Z
mpwefo5,1kbpyay,reddit,"Key sections below:

>Independent security researcher Daniel Wade reported the behavior earlier this month to the Microsoft Security Response Center. In the report, he provided step-by-step instructions for reproducing the behavior. He went on to warn that the design defies nearly universal expectations that once a password has been changed, it can no longer give access to any devices or accounts associated with it.
>
>“This Isn’t Just a Bug. It’s a Trust Breakdown,” Wade wrote in his report. “People trust that changing their password will cut off unauthorized access.”
>
>...
>
>In response, Microsoft said the behavior is a “a design decision to ensure that at least one user account always has the ability to log in no matter how long a system has been offline.” As such, Microsoft said the behavior doesn’t meet the definition of a security vulnerability, and company engineers have no plans to change it.
>
>The ability to use a revoked password to log in through RDP occurs when a Windows machine that’s signed in with a Microsoft or Azure account is configured to enable remote desktop access. In that case, users can log in over RDP with a dedicated password that’s validated against a locally stored credential. Alternatively, users can log in using the credentials for the online account that was used to sign in to the machine.
>
>Even after users change their account password, however, it remains valid for RDP logins indefinitely. In some cases, Wade reported, multiple older passwords will work while newer ones won’t. The result: persistent RDP access that bypasses cloud verification, multifactor authentication, and Conditional Access policies.
>
>...
>
>""We have determined that this is an issue that has already been reported to us by another researcher in August 2023, so this case is not eligible for a bounty award,"" company employees told Wade. ""We originally looked at a code change for this issue, but after further review of design documentation, changes to code could break compatibility with functionality used by many applications.""

This is certainly an interesting and unexpected response to this issue by MS. Clearly there's some kind of case to be made for allowing this behavior, but whether it outweighs the security issues that this might be causing is uncertain to say the least.",2025-04-30T20:08:23Z,42,Hrmbee,technology,2025-05-26T04:14:04.872066Z
mpxjvgk,1kbpyay,reddit,"this is known behavior for decades, you can turn off cred caching by using GPO or set reg keys?

various security standards such as CIS recommend to turn it off, and those standards been like that for at least 15 years, another reason to turn it off, is a local admin can dump the cached creds of a domain admin and try to crack them

this is done for usability, turn it off in secure environments",2025-04-30T23:45:57Z,32,Electrical-Lab-9593,technology,2025-05-26T04:14:04.872079Z
mpz1qy3,1kbpyay,reddit,Dumbest article / security complaint ever,2025-05-01T05:33:18Z,7,ElloCommando,technology,2025-05-26T04:14:04.872087Z
mpx5kcu,1kbpyay,reddit,"So, every terminated employee that was granted RDP access will still have access after the password has changed…

Definitely secure!",2025-04-30T22:25:33Z,10,gabber2694,technology,2025-05-26T04:14:04.872095Z
mpwkk77,1kbpyay,reddit,"See, it sounds like they don't know what revoked means.",2025-04-30T20:37:54Z,4,ElGuano,technology,2025-05-26T04:14:04.872102Z
mpy6fo0,1kbpyay,reddit,ransomware deployment protocol strikes again,2025-05-01T01:56:11Z,0,Masztufa,technology,2025-05-26T04:14:04.872110Z
mpyifb1,1kbpyay,reddit,Wait until they realize you don’t get logged out of email when your password expires. At least until you either change it or revoke the token.,2025-05-01T03:08:59Z,-1,thatdude101010,technology,2025-05-26T04:14:04.872118Z
mpxy7eq,1kbpyay,reddit,"Oh no...I use Linux where we don't allow these types of things.

Passwordless cert based login with time based 2fa on all my remote machines",2025-05-01T01:08:18Z,-11,Mr-Daswon-01,technology,2025-05-26T04:14:04.872125Z
mp44pdy,1k878e2,reddit,They do have a one of a kind deepfake porn law so do with that information what you will.,2025-04-26T08:15:57Z,25,9-11GaveMe5G,technology,2025-05-26T04:14:05.828056Z
mp7cs3k,1k878e2,reddit,"So when you match with someone and they used tech to appear more attractive than they are, does that make you a victim of digital sex crime per  SK law? I am legitimately curious as I've been catfished and it sucks but not sure I would view it as a digital sex crime so my perspective may be false.",2025-04-26T20:30:09Z,9,Downtown-Piece3669,technology,2025-05-26T04:14:05.828069Z
mp44ltl,1k878e2,reddit,[Every single country needs to ban deepfakes like Korea did because it's an epidemic worldwide.](https://www.france24.com/en/tv-shows/focus/20240418-a-global-problem-us-teen-fights-deepfake-porn-targeting-schoolgirls) [Especially those targeting minors.](https://www.wired.com/story/deepfake-ai-porn-laws/),2025-04-26T08:14:56Z,18,Expensive_Giraffe398,technology,2025-05-26T04:14:05.828077Z
mp5ck74,1k878e2,reddit,"""There are three types of lies. Lies, damn lies, and statistics""

(I am dubious of this article)",2025-04-26T14:08:55Z,0,boogermike,technology,2025-05-26T04:14:05.828084Z
ms1su3h,1klf1jl,reddit,Isn’t that the point of Canary channel? To find the really bad bugs so they don’t slip into Insider?,2025-05-13T06:34:04Z,163,Exormeter,technology,2025-05-26T04:14:06.897659Z
ms23ouy,1klf1jl,reddit,"Eh, probably is that 30% code generated by AI. Grab some vibe debuggers to debug the vibe coding.",2025-05-13T08:23:49Z,22,SnowySnowIsSnowy,technology,2025-05-26T04:14:06.897673Z
ms2al9k,1klf1jl,reddit,"I honestly can't with these comment sections anymore. Any comment section about windows is just filled to the brim with people who have no idea what they're talking about feeling slick about the snark they post.


This is a canary build. The insider community was begging Microsoft to finally start using that channel that way, because Microsoft has been using that channel as if there was no functional difference to the dev and beta channels.

Plenty to get annoyed about regarding windows but the fact that y'all cannot see that for all intents and purposes windows has increased quality and stability alot, windows 10 is in no way or form a better OS, same with windows 7. The only thing that has objectively gone worse since windows 7 is the search UX. The rest: plainly more performant, stable and easier to use.",2025-05-13T09:36:10Z,17,anonveggy,technology,2025-05-26T04:14:06.897681Z
ms1ss7b,1klf1jl,reddit,What are they doing at Microsoft. Every new update makes the OS buggier and more horrible to use.,2025-05-13T06:33:34Z,8,TheLegendOfMart,technology,2025-05-26T04:14:06.897689Z
ms1v47d,1klf1jl,reddit,Isnt that a feature of windows?,2025-05-13T06:56:08Z,0,Bloved-Madman,technology,2025-05-26T04:14:06.897697Z
ms7ktb4,1klf1jl,reddit,Average windows experience,2025-05-14T03:20:32Z,2,Competitive_Noise521,technology,2025-05-26T04:14:06.897704Z
ms32xt6,1klf1jl,reddit,"Ironically, 'using your PC to do even basic things difficult' is how I would describe the effect every change to Windows since 7 has had.",2025-05-13T13:08:18Z,3,ResponsibleQuiet6611,technology,2025-05-26T04:14:06.897712Z
ms3346m,1klf1jl,reddit,Vista is back?,2025-05-13T13:09:21Z,2,CantFightCrazy,technology,2025-05-26T04:14:06.897731Z
ms56n0h,1klf1jl,reddit,"Hence ""Canary in the Coal Mine""",2025-05-13T19:22:21Z,1,binocular_gems,technology,2025-05-26T04:14:06.897739Z
ms5y372,1klf1jl,reddit,Where were they when devices and printers got harder to get to?,2025-05-13T21:37:36Z,1,ItaJohnson,technology,2025-05-26T04:14:06.897746Z
ms24a8i,1klf1jl,reddit,[deleted],2025-05-13T08:30:11Z,1,N/A,technology,2025-05-26T04:14:06.897754Z
ms20n8b,1klf1jl,reddit,That pretty much sums up the Windows 11 experience.,2025-05-13T07:52:10Z,-3,Caraes_Naur,technology,2025-05-26T04:14:06.897761Z
ms1ybhc,1klf1jl,reddit,They can't keep doing this forever. The technical debt for Windows is already unimaginable. At one point they have to start over from the group up.,2025-05-13T07:28:16Z,-6,ObscuraGaming,technology,2025-05-26T04:14:06.897768Z
ms25lm0,1klf1jl,reddit,And remember: Microsoft claims up to 30% of their code is written by AI when you see shit like this coming down the pipeline. This is the future.,2025-05-13T08:44:10Z,-6,knotatumah,technology,2025-05-26T04:14:06.897776Z
ms21jvh,1klf1jl,reddit,Canary fans? Fans of Canary islands?,2025-05-13T08:01:23Z,-8,Fuzzylojak,technology,2025-05-26T04:14:06.897783Z
ms2n2mb,1klf1jl,reddit,Is it copilot... Bet you it's copilot,2025-05-13T11:24:43Z,-4,ThirdFloorGames,technology,2025-05-26T04:14:06.897791Z
mpzus8q,1kc506g,reddit,A time-tested classic with a new twist!,2025-05-01T10:30:33Z,16,Hot_Local_Boys_PDX,technology,2025-05-26T04:14:07.850751Z
mpzrthb,1kc506g,reddit,"A criminal ring that used deepfake technology to impersonate attractive women and defraud hundreds of people through investment and romance scams has been busted by police.
 
The Ulsan Metropolitan Police Agency said Wednesday that it arrested 10 suspects on charges of organizing and participating in a criminal group and violating the Act on the Aggravated Punishment of Specific Economic Crimes. Another 35 individuals, including staff responsible for operating chat platforms, have been booked without detention.

  
Police said the group targeted more than 100 individuals and made off with an estimated 12 billion won ($8.39 million) in total since March 2024.
 
According to the investigation, the suspects set up an office in Cambodia where they used deepfake technology to create convincing images of beautiful women in their 30s. The faces were artificially generated using photos of ordinary people collected at random. Posing as virtual women, the suspects reached out to men through chat apps and social media platforms.",2025-05-01T10:02:16Z,14,Wagamaga,technology,2025-05-26T04:14:07.850763Z
mpzwgnu,1kc506g,reddit,"Actually dumped my phone number I've had for 20 years because of the weekly ""wrong number texts"" from ""hot Asian women""... 🙄",2025-05-01T10:45:33Z,7,7eregrine,technology,2025-05-26T04:14:07.850772Z
mq0ag10,1kc506g,reddit,8.4M that’s rookie numbers. Way more simps on onlyfans throwing away their yearly income for monthly supply of bath water,2025-05-01T12:29:08Z,8,sirkarmalots,technology,2025-05-26T04:14:07.850779Z
mpzy7p1,1kc506g,reddit,But if they had just sold it as an AI girlfriend service it would have been legal?,2025-05-01T11:00:27Z,7,Intelligent-Feed-201,technology,2025-05-26T04:14:07.850787Z
mq014up,1kc506g,reddit,"Pfft, I would’ve paid way less to be scammed.",2025-05-01T11:23:47Z,1,AustinioForza,technology,2025-05-26T04:14:07.850795Z
mq1ytv0,1kc506g,reddit,Now do the number spoofing crowd,2025-05-01T17:40:09Z,1,countsmarpula,technology,2025-05-26T04:14:07.850802Z
mtp2llv,1ksxg1s,reddit,"Might be related to the fact that social media serves as a news source for many. The more I know about recent events, the more depressed I get.",2025-05-22T18:07:39Z,39,Own-Cupcake7586,technology,2025-05-26T04:14:08.868119Z
mtp43t5,1ksxg1s,reddit,Social media has become a disease that never stops spreading.,2025-05-22T18:14:52Z,23,Significant_You_2735,technology,2025-05-26T04:14:08.868131Z
mtpc9bk,1ksxg1s,reddit,I’m an adult and it’s making me depressed ,2025-05-22T18:54:11Z,12,ProtectionWilling663,technology,2025-05-26T04:14:08.868139Z
mtqwpas,1ksxg1s,reddit,"I left Facebook, Twitter, IG and TikTok 3 years ago and I have never felt more liberated in my life. Those apps just suck the joy out of your life and make you feel like a sack of shit.",2025-05-22T23:47:46Z,4,ColdConstruction2986,technology,2025-05-26T04:14:08.868147Z
mtqxhjb,1ksxg1s,reddit,"I'm 74 years old, and it makes me depressed as hell!",2025-05-22T23:52:19Z,4,CompleteAd4579,technology,2025-05-26T04:14:08.868154Z
mtrycou,1ksxg1s,reddit,Social media should 100% be banned for anybody under 18,2025-05-23T03:39:58Z,3,Spilf_The_Great,technology,2025-05-26T04:14:08.868162Z
mtp8e9q,1ksxg1s,reddit,No it's the current climate of our world.,2025-05-22T18:35:33Z,10,Financial_Penalty887,technology,2025-05-26T04:14:08.868170Z
mtqo30j,1ksxg1s,reddit,It probably has nothing to do with the state of the world.,2025-05-22T22:58:50Z,2,loptr,technology,2025-05-26T04:14:08.868177Z
mtrpgrn,1ksxg1s,reddit,"Ive been slowly cutting my socials and have been feeling better and better, last one I have is reddit",2025-05-23T02:40:50Z,2,chance_carmichael,technology,2025-05-26T04:14:08.868185Z
mts19n9,1ksxg1s,reddit,My kid won’t have social media until she’s 40,2025-05-23T04:01:05Z,2,Hahaguymandude,technology,2025-05-26T04:14:08.868193Z
mtqgvpl,1ksxg1s,reddit,"The eggheads have crunched the numbers and have found that the thing we all had a feeling was true is, in fact, true",2025-05-22T22:18:15Z,2,rot-consumer2,technology,2025-05-26T04:14:08.868200Z
mtpd5gf,1ksxg1s,reddit,***Might?***,2025-05-22T18:58:28Z,2,AshleyAshes1984,technology,2025-05-26T04:14:08.868207Z
mtr37xj,1ksxg1s,reddit,And water is wet.,2025-05-23T00:26:42Z,1,Far_Organization5280,technology,2025-05-26T04:14:08.868215Z
mtqiiew,1ksxg1s,reddit,Social media makes everyone depressed not just kids,2025-05-22T22:27:24Z,1,ogredmenace,technology,2025-05-26T04:14:08.868223Z
mtp4hkk,1ksxg1s,reddit,Not the society? Yeah right.,2025-05-22T18:16:42Z,1,Enchilada0374,technology,2025-05-26T04:14:08.868230Z
mtiawby,1ks2fr8,reddit,what's lumma,2025-05-21T17:29:00Z,54,QuasimodoPredicted,technology,2025-05-26T04:14:10.002482Z
mti9x8o,1ks2fr8,reddit,"Isn't 394,000 basically 0 at this scale?",2025-05-21T17:24:31Z,85,InvalidEntrance,technology,2025-05-26T04:14:10.002494Z
mti0b06,1ks2fr8,reddit,Good thing we don’t still use Windows XP for anything important….. hehehehe right?,2025-05-21T16:39:23Z,30,BreadConqueror5119,technology,2025-05-26T04:14:10.002502Z
mtjtmx4,1ks2fr8,reddit,"That seems low for malware that's been around for 3 years.

I guess the numbers are based on active communication with the central tooling that had been seized.",2025-05-21T21:49:59Z,12,BCProgramming,technology,2025-05-26T04:14:10.002510Z
mtlp3ra,1ks2fr8,reddit,My windows only has that new malware called copilot on it. It keeps installing itself.,2025-05-22T04:32:26Z,25,Mookest,technology,2025-05-26T04:14:10.002517Z
mtivlt3,1ks2fr8,reddit,"Microsoft CEO keep saying AI, use your AI to clean all buddy.",2025-05-21T19:07:51Z,30,0xdef1,technology,2025-05-26T04:14:10.002525Z
mtst8g1,1ks2fr8,reddit,"This is why you use Linux.  Windows is a relic of a bygone age, a historic artefact.",2025-05-23T08:07:45Z,0,512bitinstruction,technology,2025-05-26T04:14:10.002532Z
mtikcm7,1ks2fr8,reddit,if it knows.. why not delete it then?,2025-05-21T18:13:15Z,-16,dontgetittwisted777,technology,2025-05-26T04:14:10.002540Z
mtio2ot,1ks2fr8,reddit,[deleted],2025-05-21T18:31:26Z,-52,N/A,technology,2025-05-26T04:14:10.002547Z
mszh72x,1kposlr,reddit,We're getting closer to the Star Trek Universal Translator,2025-05-18T17:27:03Z,94,Makx,technology,2025-05-26T04:14:11.029500Z
mt0abdl,1kposlr,reddit,"This is the stuff, AI was and is meant for. Not all the other useless bullshit.",2025-05-18T20:01:28Z,30,toolkitxx,technology,2025-05-26T04:14:11.029513Z
mszh44p,1kposlr,reddit,"Now I can not understand because there's too many people talking at once instead of because they're talking different languages. 

But seriously this is s great thing, hopefully will make communication much easier and more fluid.",2025-05-18T17:26:39Z,25,treemanos,technology,2025-05-26T04:14:11.029521Z
mszcn2s,1kposlr,reddit,"« Other translation tech is built on the assumption that only one person is speaking. But in the real world, you can’t have just one robotic voice talking for multiple people in a room. For the first time, we’ve preserved the sound of each person’s voice and the direction it’s coming from. »",2025-05-18T17:03:50Z,18,fchung,technology,2025-05-26T04:14:11.029528Z
mszkubi,1kposlr,reddit,"I guess the AI doesn't run locally, so the data is being sent somewhere to be processed... So what about privacy, is the data being stored?",2025-05-18T17:45:32Z,6,LaserCondiment,technology,2025-05-26T04:14:11.029535Z
mszj39u,1kposlr,reddit,"Won't be long anyone, anywhere, can speak at native level with anyone regardless of language. That will change the world.",2025-05-18T17:36:40Z,7,Rindal_Cerelli,technology,2025-05-26T04:14:11.029542Z
mt0uych,1kposlr,reddit,That’s great! Now you can understand but can’t reply.,2025-05-18T21:52:12Z,2,Suspicious-Yogurt-95,technology,2025-05-26T04:14:11.029549Z
mszcob3,1kposlr,reddit,"Reference: Tuochao Chen, Qirui Wang, Runlin He, and Shyamnath Gollakota. 2025. Spatial Speech Translation: Translating Across Space With Binaural Hearables. In Proceedings of the 2025 CHI Conference on Human Factors in Computing Systems (CHI '25). Association for Computing Machinery, New York, NY, USA, Article 352, 1–19. https://doi.org/10.1145/3706598.3713745",2025-05-18T17:04:01Z,2,fchung,technology,2025-05-26T04:14:11.029556Z
mt41ji2,1kposlr,reddit,"I'd prefer a babel fish, but this is neat!",2025-05-19T12:36:31Z,1,metal_elk,technology,2025-05-26T04:14:11.029563Z
mq9ynfn,1kd9rut,reddit,Funny since the freaking thing has nothing to do with kids safety.,2025-05-02T22:19:36Z,92,cr0ft,technology,2025-05-26T04:14:11.946588Z
mqabgns,1kd9rut,reddit,"Not this fucking thing again, I was so worried about it all of last year I can't do this shit again man. It's not a safety bill, it's just a mass-censorship bill pretending to be about safety.",2025-05-02T23:33:05Z,55,No-Adhesiveness-4251,technology,2025-05-26T04:14:11.946600Z
mq93d86,1kd9rut,reddit,"> Lawmakers are aiming to reintroduce the Kids Online Safety Act, a landmark social media regulation bill, before Memorial Day, Sen. Richard Blumenthal told NOTUS.

But

> Bilirakis told NOTUS that KOSA will be reintroduced in the House as a standalone bill sometime this year

Blumenthal wants it before May 26 but it seems like others are less confident.

Everyone should contact their lawmakers!

www.badinternetbills.com

support the EFF and FFTF.

Link to there sites

www.eff.org

www.fightforthefuture.org",2025-05-02T19:38:57Z,47,vriska1,technology,2025-05-26T04:14:11.946609Z
mqao226,1kd9rut,reddit,How about they reintroduce the tariff one over and over again until it passes like their careers and lives depend on it?,2025-05-03T00:48:35Z,18,katiescasey,technology,2025-05-26T04:14:11.946617Z
mqf2slw,1kd9rut,reddit,"In the 90's, my sociology class talked about the chances of authoritarianism in America. I was laughed at for saying fascism will be covered with concerns for children. Here we are.",2025-05-03T19:15:27Z,9,ProjectGenX,technology,2025-05-26T04:14:11.946628Z
mqbovuu,1kd9rut,reddit,"after all the recent and constant revelations do we really want another layer of government lists of kids online?

since when does any government making lists and asking for papers work out?",2025-05-03T05:03:45Z,6,Sheepdipping,technology,2025-05-26T04:14:11.946636Z
mqbxmrs,1kd9rut,reddit,They just will not let this turd stay flushed. 💩,2025-05-03T06:25:11Z,4,Jamizon1,technology,2025-05-26T04:14:11.946644Z
mqfkb4e,1kd9rut,reddit,Y'all suck pushing articles behind paywalls.,2025-05-03T20:51:54Z,3,This-Requirement6918,technology,2025-05-26T04:14:11.946652Z
mqco135,1kd9rut,reddit,"I don’t know anything about this bill, but I hope it wrecks every social media company that helped elect this corrupt regime. If it ruins online free speech I’ll have some comfort knowing it damages Zuckerberg who helped elect him twice.",2025-05-03T10:54:58Z,6,UniqueSteve,technology,2025-05-26T04:14:11.946659Z
mtx1glo,1ktw9s6,reddit,"Expanding: ok

Easing regulations: w... t... f...",2025-05-23T22:43:29Z,151,ajrdesign,technology,2025-05-26T04:14:13.599972Z
mtwz18l,1ktw9s6,reddit,"Remember how Republicans were so pissed off at Obama when their efforts to stall all his initiatives in Congress failed because he just started issuing executive orders? Now, here they are, using the same strategy as a black man! The horror! /s

But seriously, once Trump is gone, assuming he doesn't try to turn the US into some kind of dictatorship, curbing the power of executive orders seems like it should be added to the list of reforms needed in this country. Along with a full psychological evaluation of anyone wanting to run for POTUS, tightening the requirements for who can hold cabinet level positions, enshrining in law the firewall between the DOJ and White House, maybe even moving the DOJ to be part of the judicial branch, adding teeth to the emoluments clause, having Congress take back tariff power, and a whole host of other cracks in the system Trump has exposed.",2025-05-23T22:29:17Z,43,FreddyForshadowing,technology,2025-05-26T04:14:13.599980Z
mtwyoli,1ktw9s6,reddit,The dipshit who didn't like an aircraft carrier launchers for not using steam wants nuclear power plants to be made with looser regulation for algorithmic inference engine bullshit.,2025-05-23T22:27:14Z,17,flaagan,technology,2025-05-26T04:14:13.599986Z
mtxntjq,1ktw9s6,reddit,Wow. These comments are full of hypocrites or bots. Loosening regulation on nuclear has been desirable for decades. Much of the regulation was lobbied for by the oil and gas people teamed with the anti-nuclear NIMBY's. Nuclear is some of the safest and greenest energies that we possess and because the Orange Man is doing it you lot are acting exactly like those you pretend to be superior to.,2025-05-24T00:59:53Z,17,C_Werner,technology,2025-05-26T04:14:13.599991Z
mtxb0b3,1ktw9s6,reddit,"Just remember. He does none of this for morally good reasons. 

He only does things to either punish someone or if he’s getting money out of it.",2025-05-23T23:39:33Z,6,Varnigma,technology,2025-05-26T04:14:13.599996Z
mtx3nfx,1ktw9s6,reddit,Biden got the ball rolling to triple our nuclear capacity ,2025-05-23T22:56:07Z,4,themontajew,technology,2025-05-26T04:14:13.600002Z
mtx4w6j,1ktw9s6,reddit,"so uh, any specifics on WHAT regulations are being eased here?",2025-05-23T23:03:19Z,5,S7EFEN,technology,2025-05-26T04:14:13.600007Z
mtxkl0s,1ktw9s6,reddit,"He announced this the day after his crypto gala.

Nuclear plants for mining worthless digital currency. ",2025-05-24T00:39:21Z,4,Elegant_Plate6640,technology,2025-05-26T04:14:13.600012Z
mtx2tur,1ktw9s6,reddit,"The irony of his ""Drill baby drill"" campaign and now ""renewable clean energy is hot""",2025-05-23T22:51:24Z,8,NotRapoport,technology,2025-05-26T04:14:13.600017Z
mtx0fw9,1ktw9s6,reddit,We are all going to die but its going to be a fantastic ending baby ~,2025-05-23T22:37:35Z,10,EnigmaticDoom,technology,2025-05-26T04:14:13.600022Z
mty9256,1ktw9s6,reddit,Could this be a broken clock kind of situation? ,2025-05-24T03:17:39Z,3,SuperDBallSam,technology,2025-05-26T04:14:13.600027Z
mtxeq8j,1ktw9s6,reddit,If regulated it wouldn’t be a problem but if it’s the trump administration I would hold my breath . Maximum profit and minimum cost and regulatory make think of another horror from Ukrainians past .,2025-05-24T00:02:20Z,2,NotaRussianbott89,technology,2025-05-26T04:14:13.600032Z
mtxiar7,1ktw9s6,reddit,Let me guess. Single loop nuke systems and waste water discharge out the back? No lead? No problem.,2025-05-24T00:24:47Z,2,wumbologist-2,technology,2025-05-26T04:14:13.600037Z
mtxwu7n,1ktw9s6,reddit,"More nuclear power is good.  Deregulation will lead to Chernobyl.

God damn I hate this man so much. He’s fucking everything up.",2025-05-24T01:57:26Z,2,OddImprovement6490,technology,2025-05-26T04:14:13.600042Z
mtxgws1,1ktw9s6,reddit,He’s just asking for an American Chernobyl disaster,2025-05-24T00:16:04Z,2,MeatPrestigious3597,technology,2025-05-26T04:14:13.600047Z
mtx6p26,1ktw9s6,reddit,Doesn't that contradict his 'oil first' executive order?,2025-05-23T23:13:52Z,1,Soft-Escape8734,technology,2025-05-26T04:14:13.600052Z
mtxbej6,1ktw9s6,reddit,"I, for one, welcome our new irradiated robot overlords. ",2025-05-23T23:41:56Z,1,ChaoticAgenda,technology,2025-05-26T04:14:13.600057Z
mtxm95p,1ktw9s6,reddit,*sweats in Oak Ridge*,2025-05-24T00:49:58Z,1,bunnycupcakes,technology,2025-05-26T04:14:13.600062Z
mtxo8ut,1ktw9s6,reddit,"the only good thing to come out of ""AI"" products demanding more energy is the proliferation of nuclear power",2025-05-24T01:02:36Z,1,bamfalamfa,technology,2025-05-26T04:14:13.600067Z
mtxsty4,1ktw9s6,reddit,Doing the right things the wrong way for the wrong reasons.,2025-05-24T01:32:17Z,1,Gambit3le,technology,2025-05-26T04:14:13.600072Z
mtxw967,1ktw9s6,reddit,"Surprising that he isn't signing for coal instead of nuclear, tbh.

Easing regulations though is... Yeah, prepare to have a local Chernobyl soon. We're going to have gold domes over exploded gold nuclear plants with their gold mutants.",2025-05-24T01:53:48Z,1,Varorson,technology,2025-05-26T04:14:13.600077Z
mtyllun,1ktw9s6,reddit,Is this positive or another blunder from the 🍊 man ?,2025-05-24T04:54:13Z,1,_chip,technology,2025-05-26T04:14:13.600082Z
mtyuf5f,1ktw9s6,reddit,"Normally, I'd think more nuclear is a good thing.  But I know Trump only does bad things.

So how can this be bad?  I know Trump is controlled by Russia.  Why would they want more nuclear in the US?  

So they can blow it up.",2025-05-24T06:14:36Z,1,demoran,technology,2025-05-26T04:14:13.600086Z
mtyvqqy,1ktw9s6,reddit,I hope all the coal miners who helped him get elected are well pleased with the latest middle finger...,2025-05-24T06:27:20Z,1,Quantum_Tangled,technology,2025-05-26T04:14:13.600091Z
mtzmrch,1ktw9s6,reddit,"Maybe if AI needs every bit of power the US can provide, he shouldn't have killed solar power industry.",2025-05-24T10:58:15Z,1,Stilgar314,technology,2025-05-26T04:14:13.600096Z
mtzqgg6,1ktw9s6,reddit,Call me when you have a reactor in production.,2025-05-24T11:29:36Z,1,chefkoch_,technology,2025-05-26T04:14:13.600101Z
mtzqldl,1ktw9s6,reddit,Coal fired servers,2025-05-24T11:30:43Z,1,WilsonKing0fLizards,technology,2025-05-26T04:14:13.600106Z
mu0xcsq,1ktw9s6,reddit,ai and crypto draw WAY too much energy.,2025-05-24T15:48:53Z,1,supernovadebris,technology,2025-05-26T04:14:13.600111Z
mu2g9kb,1ktw9s6,reddit,"In the early to mid 1970's, we were hearing that by now electricity was going to be very cheap thanks to nuclear power.  It was suppose to be so cheap by now that we would only receive a bill yearly, because it would cost more to send out a monthly bill than the cost of the electric you used.  Don't even get me started on the self cooling clothes we should be wearing by now on hot days.",2025-05-24T20:49:44Z,1,Oh_No_Its_Dudder,technology,2025-05-26T04:14:13.600116Z
mu96kse,1ktw9s6,reddit,"China Syndrome,nice",2025-05-25T23:27:17Z,1,spribyl,technology,2025-05-26T04:14:13.600121Z
mtxd8oo,1ktw9s6,reddit,"Also - solar technology is becoming the cheapest and most abundant form of energy generation there is.

Better to sink billions into plants that won’t see a ROI for 30+ years.",2025-05-23T23:53:07Z,1,cothomps,technology,2025-05-26T04:14:13.600125Z
mtxb77q,1ktw9s6,reddit,I’d like to have more nuclear energy. I don’t trust anything Trump does though. Easing regulations is exactly one of the reasons.,2025-05-23T23:40:42Z,1,-UltraAverageJoe-,technology,2025-05-26T04:14:13.600130Z
mtydlcq,1ktw9s6,reddit,"I hate him with a blinding passion but I am 100% in favor of more nuclear reactors vs endless solar farms or coal/gas.

But it being “for AI” is dumb af. Fuck AI.",2025-05-24T03:51:08Z,1,8349932,technology,2025-05-26T04:14:13.600135Z
mtx145y,1ktw9s6,reddit,[deleted],2025-05-23T22:41:29Z,-2,N/A,technology,2025-05-26T04:14:13.600140Z
mtx47z4,1ktw9s6,reddit,Seriously. What’s the catch? All power must be sold to foreign nations? We gotta pay to look at them?,2025-05-23T22:59:24Z,-1,Vo_Mimbre,technology,2025-05-26T04:14:13.600146Z
mpan4m1,1k8xj08,reddit,About time these companies face consequences. Content moderators see the worst of humanity daily with minimal support. The psychological damage is real. Their job is protecting users from horrific content while the companies rake in profits and hide behind contractor relationships to avoid liability. Hope this leads to actual changes in how moderators are treated.,2025-04-27T11:13:10Z,36,alphabased,technology,2025-05-26T04:14:14.550691Z
mpat7vr,1k8xj08,reddit,These moderators are subjected to some of the most gruesome disgusting parts of humanity on a constant daily basis. I hope they find the peace they deserve,2025-04-27T12:03:38Z,7,SuprKidd,technology,2025-05-26T04:14:14.550703Z
mpbxagx,1k8xj08,reddit,Sic semper ianitores,2025-04-27T16:00:04Z,1,LordBecmiThaco,technology,2025-05-26T04:14:14.550711Z
mp9xr38,1k8xj08,reddit,Sounds like they’re Ghana be in trouble,2025-04-27T06:54:21Z,-1,chief_blunt9,technology,2025-05-26T04:14:14.550728Z
mpcddht,1k8xj08,reddit,Keep on suing Meta!  They deserve it and they deserve to be broken apart.,2025-04-27T17:22:24Z,1,Caninetrainer,technology,2025-05-26T04:14:14.550736Z
mq9vhuu,1kd99bp,reddit,I’m sure Elon has a solution,2025-05-02T22:01:46Z,32,lizkbyer,technology,2025-05-26T04:14:16.253471Z
mqabnrw,1kd99bp,reddit,He took the funding from NASA and handed to his BFF musk and took his cut.,2025-05-02T23:34:13Z,10,CAM6913,technology,2025-05-26T04:14:16.253484Z
mqemzd6,1kd99bp,reddit,Good thing they bent a knee to the Administration on the DEI policies. They might have done something like make cuts to their rocket program and lunar space station if they hadn't. /s,2025-05-03T17:52:18Z,3,McMacHack,technology,2025-05-26T04:14:16.253492Z
mqb5pd7,1kd99bp,reddit,"The SLS needs to be defunded, though. Even NASA didn't want that.

That was the result of congress basically using NASA as a cost center for political donations. Politicians give lucrative contracts to contractors to repay them for political donations.

NASA wanted to get out of manned spaceflight and rocket launches altogether. They're the ones that wanted SpaceX to take over launches.",2025-05-03T02:39:41Z,0,Interesting-Ant-6414,technology,2025-05-26T04:14:16.253504Z
mqcqg2m,1kd99bp,reddit,"If they cut the SLS (Boeing) rocket program they will save a tonne….  And let’s face it.  Building single use rockets in the days of spacex (and newer startups) is a waste of money.  

Only question is whether the senators that have the SLS/boeing plants in their districts are gonna agree to that……",2025-05-03T11:16:02Z,0,retep13579,technology,2025-05-26T04:14:16.253512Z
mqctyx6,1kd99bp,reddit,"Bush gave NASA 100 billion dollars, did nothing.
Obama gave them billions did nothing. 
Artemis 1 mission was totally unmanned because the ship wasn't fully outfitted to sustain human needs.
Meanwhile Space X has had over 300 successful launches since 2011. Maybe we're just paying the wrong person to take us to the moon",2025-05-03T11:44:36Z,-6,SpikedPsychoe,technology,2025-05-26T04:14:16.253519Z
mq99tw2,1kd99bp,reddit,Elon doesn't need NASA.,2025-05-02T20:11:02Z,-27,Foreign_Channel6067,technology,2025-05-26T04:14:16.253527Z
mq92uoz,1kd99bp,reddit,This isn’t even under consideration- go read!,2025-05-02T19:36:24Z,-47,Few_Fix_2430,technology,2025-05-26T04:14:16.253535Z
msv6sbq,1kozejj,reddit,"Any power not granted to the federal government belongs to the states.. Sure these days the constitution doesn't matter much to these clowns, if it ever did, but I don't think trying to pass a bandaid 'law' just saying states can't touch one particular subject sounds like it violates the 10th amendment.",2025-05-17T22:37:03Z,14,TherapyDerg,technology,2025-05-26T04:14:17.169283Z
msvieix,1kozejj,reddit,The party of small government and states power ha,2025-05-17T23:46:56Z,5,Bikrdude,technology,2025-05-26T04:14:17.169294Z
mszkl02,1kozejj,reddit,This is how you know they never really believed the states rights line. It's all just to get power.,2025-05-18T17:44:12Z,1,ROGER_CHOCS,technology,2025-05-26T04:14:17.169302Z
mt0swmn,1kozejj,reddit,States rights except when it interferes with making money,2025-05-18T21:40:48Z,1,phdoofus,technology,2025-05-26T04:14:17.169310Z
mrwm6q6,1kkr6kq,reddit,"Thanks for sharing this! Here's a bit from the article:  
  
Every month, a group of Indigenous scientists from around the world gathers on Zoom. They never have an agenda. They meet as colleagues to catch up and commiserate about the challenges of being Indigenous in Western academia.

Their February meeting, however, quickly struck a different tone.

“There was this cascade that started happening,” recalled Max Liboiron, a professor at Memorial University of Newfoundland who hosts the virtual calls. “Everyone in the US was like, ‘Holy shit. My career is over. My students’ funding is screwed.’”

US federal law recognizes many tribal nations as sovereign political entities, not racial or ethnic groups, but that hasn’t stopped Trump from sweeping up Indigenous peoples in his attacks on diversity, equity, and inclusion (DEI). From Alaska to New England, Indigenous researchers — and the communities they serve — are losing access to dollars for critical science that could help them amid the planet’s changing temperatures. They’re worried that the loss, theft, seizure, or privatization of their research — which often includes ancient cultural knowledge — could be next.

Read more from Yessenia Funes: [https://www.theverge.com/features/664282/indigenous-data-sovereignty-native-trump-musk-dei](https://www.theverge.com/features/664282/indigenous-data-sovereignty-native-trump-musk-dei)",2025-05-12T12:54:46Z,4,theverge,technology,2025-05-26T04:14:18.088467Z
mrzj8tg,1kkr6kq,reddit,"A good thing for outlets would be to not use bullshit framing like ""war on DEI"" and just call it racism.",2025-05-12T21:47:59Z,2,Howdyini,technology,2025-05-26T04:14:18.088479Z
mrzwvog,1kkr6kq,reddit,Pay walled for me,2025-05-12T23:04:17Z,1,tazzymun,technology,2025-05-26T04:14:18.088487Z
mstwles,1koxhqp,reddit,"Appears this link expired. [Here is a newer gift link](https://www.wsj.com/tech/ai/mit-says-it-no-longer-stands-behind-students-ai-research-paper-11434092?st=UYRW1z). Excerpt:

> The Massachusetts Institute of Technology said Friday it can no longer stand behind a widely circulated paper on artificial intelligence written by a doctoral student in its economics program.

> The paper said that the introduction of an AI tool in a materials-science lab led to gains in new discoveries, but had more ambiguous effects on the scientists who used it.

> MIT didn’t name the student in its statement Friday, but it did name the paper. That paper, by Aidan Toner-Rodgers, was covered by The Wall Street Journal and other media outlets.

> In a press release, MIT said it “has no confidence in the provenance, reliability or validity of the data and has no confidence in the veracity of the research contained in the paper.”

MIT's [press release](https://economics.mit.edu/news/assuring-accurate-research-record):

> Following the posting of the preprint paper “Artificial Intelligence, Scientific Discovery, and Product Innovation” on arXiv in November 2024, concerns were raised about the integrity of the research. MIT conducted an internal, confidential review and concluded that the paper should be withdrawn from public discourse.",2025-05-17T18:14:37Z,38,nosotros_road_sodium,technology,2025-05-26T04:14:19.012153Z
mstm73p,1koxhqp,reddit,"Not the same writeup as the WSJ version, but covering the same story and not paywalled.

[https://aicommission.org/2025/05/mit-withdraws-backing-for-ai-study-amid-data-integrity-concerns-highlighting-research-rigor-challenges-in-ai/](https://aicommission.org/2025/05/mit-withdraws-backing-for-ai-study-amid-data-integrity-concerns-highlighting-research-rigor-challenges-in-ai/)",2025-05-17T17:19:32Z,41,FreddyForshadowing,technology,2025-05-26T04:14:19.012165Z
mtbkefp,1kr7a4n,reddit,"To be fair, most books are made up by authors.",2025-05-20T16:34:57Z,33,Islanduniverse,technology,2025-05-26T04:14:19.952220Z
mtb5cx7,1kr7a4n,reddit,The article ironically being posted by a bot is the icing on the cake,2025-05-20T15:21:09Z,80,Tasty-Traffic-680,technology,2025-05-26T04:14:19.952232Z
mtbggq3,1kr7a4n,reddit,">Alongside actual books like Call Me By Your Name by André Aciman, a summer reading list features fake titles by real authors. Min Jin Lee is a real, lauded novelist — but “Nightshade Market,” “a riveting tale set in Seoul’s underground economy,” isn’t one of her works. Rebecca Makkai, a Chicago local, is credited for a fake book called “Boiling Point” that the article claims is about a climate scientist whose teenage daughter turns on her.
>
>In a post on Bluesky, the Sun-Times said it was “looking into how this made it into print,” noting that it wasn’t editorial content and wasn’t created or approved by the newsroom. Victor Lim, senior director of audience development, added in an email to The Verge that “it is unacceptable for any content we provide to our readers to be inaccurate,” saying more information will be provided soon. It’s not clear if the content is sponsored — the cover page for the section bears the Sun-Times logo and simply calls it “Your guide to the best of summer.”
>
>The book list appears without a byline, but a writer named Marco Buscaglia is credited for other pieces in the summer guide. Buscaglia’s byline appears on a story about hammock culture in the US that quotes several experts and publications, some of whom do not appear to be real. It references a 2023 Outside magazine article by Brianna Madia, a real author and blogger, that I was unable to find. The piece also cites an “outdoor industry market analysis” by Eagles Nest Outfitters that I was unable to find online. Also quoted is “Dr. Jennifer Campos, professor of leisure studies at the University of Colorado,” who does not appear to exist. Buscaglia did not immediately respond to a request for comment but admitted to 404 Media that he uses AI “for background at times” and always checks the material.
>
>...
>
>News outlets have repeatedly run AI-generated content next to their actual journalism, often blaming the issue on third-party content creators. High-profile incidents of AI-generated content at Gannett and Sports Illustrated raised questions about the editorial process, and in both cases, a third-party marketing firm was behind the AI sludge. Newsrooms’ defense is typically that they had nothing to do with the content — but the appearance of AI-generated work alongside real reporting and writing by human staffers damages trust all the same.

If news organizations and other media outlets want to remain credible and relevant, maybe pushing sketchy sponsored content (generated by AI or not) isn't a particularly good way to go.",2025-05-20T16:15:36Z,18,Hrmbee,technology,2025-05-26T04:14:19.952241Z
mtb8coh,1kr7a4n,reddit,"If you needed an, ""AI"" to help produce *that*, you seriously need to consider a career change.",2025-05-20T15:35:45Z,36,Obelisk_Illuminatus,technology,2025-05-26T04:14:19.952248Z
mtcafga,1kr7a4n,reddit,I feel like the world population is serving as beta testers for something that is clearly not ready for prime time. Really odd how every company is going all in on some half baked idea that's not yet ready for prime time,2025-05-20T18:39:37Z,14,MarkZuckerbergsPerm,technology,2025-05-26T04:14:19.952256Z
mtb8e7e,1kr7a4n,reddit,Vibe writer.,2025-05-20T15:35:57Z,14,VMX,technology,2025-05-26T04:14:19.952264Z
mtcsckt,1kr7a4n,reddit,dang I'd read the last algorithm by andy weir. :(,2025-05-20T20:08:02Z,6,Iseenoghosts,technology,2025-05-26T04:14:19.952272Z
mtf8kt6,1kr7a4n,reddit,"The Chicago Sun-Times is getting the blame, but the actual article was a feature they purchased from Hearst. It isn’t uncommon for local papers to buy pre-packaged features, and the assumption up until now has been that Hearst was dutifully handling both the writing and editing on these (that’s the whole point, frankly, of buying these articles. You just slot them in, ready to go). This is going to reverberate through the industry, since now everyone is going to have to double check everything they get from one of the biggest names in the biz.",2025-05-21T04:49:07Z,5,LAX_to_MDW,technology,2025-05-26T04:14:19.952280Z
mtgvcpa,1kr7a4n,reddit,Was exited that Andy Weir had a new book. :(,2025-05-21T13:16:12Z,1,itastesok,technology,2025-05-26T04:14:19.952288Z
ms3xnab,1klmrpu,reddit,"Channels not blocked.

Users still spammed by them.

YouTube/Google still profits off all of the ads.

Content creators who created the original source content still don't see any cut of that ad revenue. 

Ahem. :(

YouTube, how about you give users the opportunity to block all demonetized sites?",2025-05-13T15:45:49Z,33,Zahgi,technology,2025-05-26T04:14:20.972746Z
ms3e1uz,1klmrpu,reddit,I just block the channels when they come across my feed.,2025-05-13T14:09:14Z,39,Living-Rip-4333,technology,2025-05-26T04:14:20.972759Z
ms3wsbt,1klmrpu,reddit,"As long as it's the ones that try to come off as legitimate. There's honest fake trailer makers that let you know going in. Not a fan of them, but some people are. They deserve content, too.",2025-05-13T15:41:43Z,8,Daetra,technology,2025-05-26T04:14:20.972767Z
ms56srq,1klmrpu,reddit,Good. I absolutely despise them.,2025-05-13T19:23:08Z,4,VisceralMonkey,technology,2025-05-26T04:14:20.972775Z
ms3go3j,1klmrpu,reddit,I agree with this.,2025-05-13T14:22:36Z,8,Johnfocas,technology,2025-05-26T04:14:20.972783Z
ms5ns9d,1klmrpu,reddit,So refreshing when Youtube actually does something that just about everyone agrees is beneficial.,2025-05-13T20:45:04Z,3,PezzoGuy,technology,2025-05-26T04:14:20.972790Z
ms44k39,1klmrpu,reddit,Seams reasonable. Why should they profit off someone else’s IP without paying for it?,2025-05-13T16:19:33Z,5,Submarine_Pirate,technology,2025-05-26T04:14:20.972797Z
ms5wn3s,1klmrpu,reddit,YouTube could have shut these down immediately years ago if they wanted to. They don't want to. I can't believe how long it took for movie studios to sue over this crap...,2025-05-13T21:30:00Z,2,mowotlarx,technology,2025-05-26T04:14:20.972805Z
ms6bzsc,1klmrpu,reddit,Yes please and thank you❗️ 🔥💯🏆🎯🙌👏💪,2025-05-13T22:53:37Z,2,HurasmusBDraggin,technology,2025-05-26T04:14:20.972812Z
ms3rc6m,1klmrpu,reddit,"If AI is what it took for YouTube to crack down on this, then that's one good thing that AI has done.",2025-05-13T15:15:31Z,3,MaskedBandit77,technology,2025-05-26T04:14:20.972819Z
msc6a7q,1klmrpu,reddit,MXR gone but somehow this crap gets to stay....,2025-05-14T20:58:52Z,1,idgarad,technology,2025-05-26T04:14:20.972827Z
msmtko8,1klmrpu,reddit,Can we also crack down on studio trailers that either 1) tell me NOTHING about the movie or 2) show me the entire plotline along w/ spoilers?,2025-05-16T14:46:17Z,1,Varnigma,technology,2025-05-26T04:14:20.972834Z
ms3djg4,1klmrpu,reddit,But those are an institution!!,2025-05-13T14:06:36Z,-15,LB-Bandido,technology,2025-05-26T04:14:20.972841Z
mqlh9d8,1kdd3c6,reddit,As a Colorado resident I love to see our governor have at least some level of awareness about the issues with these types of laws,2025-05-04T20:38:15Z,3,Puzzleheaded-Sky2284,technology,2025-05-26T04:14:21.877615Z
mq2phmo,1kchowa,reddit,I always thought it was dumb that Apple would get a cut on services like that. Most apps I have just have a link that goes to their website to login and pay.,2025-05-01T19:49:54Z,84,ShawnyMcKnight,technology,2025-05-26T04:14:22.813047Z
mq2snap,1kchowa,reddit,"The sweetest revenge after Apple last year forced them to change their business model to suit IAP, which made a $10/month subscription $14.50 if creators wanted to receive the same amount. 

> This is a huge moment for creators and their businesses,” Taylor says. “The iOS app is the number one platform for fan engagement on Patreon, and we believe this ruling allows creators to get paid without giving Apple 30 percent. As a first step, we will submit an app update for review by Apple to enable payments outside of IAP so creators keep more from iOS based fan payments.”",2025-05-01T20:05:04Z,16,FollowingFeisty5321,technology,2025-05-26T04:14:22.813060Z
mq8s8of,1kchowa,reddit,I wonder what Apple will do next. Hosting fees to remain on the app store? It seems like everyone is going to sidestep the current commission system now.,2025-05-02T18:43:49Z,2,Xinlitik,technology,2025-05-26T04:14:22.813068Z
mqrshpa,1kchowa,reddit,It would be great if we could switch back to the legacy billing model.,2025-05-05T20:44:10Z,1,Few-Exam-2853,technology,2025-05-26T04:14:22.813076Z
mtkuv04,1ks68pn,reddit,"I live in Canada.   I’ll bet hackers have targeted government accounts here as well.     Can we ban X?   Please, while our democracy still exists?",2025-05-22T01:20:40Z,7,Musicferret,technology,2025-05-26T04:14:23.823459Z
mtj082i,1ks68pn,reddit,I'm all for blocking X but I fail to see how it will help with this issue,2025-05-21T19:30:21Z,6,gerkletoss,technology,2025-05-26T04:14:23.823471Z
mts9lv5,1ks68pn,reddit,Good for them,2025-05-23T05:06:27Z,1,Forward_Doughnut324,technology,2025-05-26T04:14:23.823480Z
mu8jx5e,1kvcyoh,reddit,"AI discovered that it’s more difficult to recruit a rich person as a slave, thanks ai",2025-05-25T21:13:13Z,26,One-Bad-4395,technology,2025-05-26T04:14:24.754091Z
mu8j5f7,1kvcyoh,reddit,"How interesting that I mentioned earlier today that people like Maxwell and Combs are going down symbolically for the rest who are still doing those crimes. Sad, but not shocked.",2025-05-25T21:08:58Z,6,FrederickClover,technology,2025-05-26T04:14:24.754103Z
mu8qd34,1kvcyoh,reddit,It's going to be a very short time between ai using information to blackmail developers to all criminal enterprises exposed by systematic machine learning.,2025-05-25T21:49:33Z,3,GrowFreeFood,technology,2025-05-26T04:14:24.754112Z
mu8rcwk,1kvcyoh,reddit,Most online job recruiting for high paying low skill jobs is really just finding people to scam or traffic.,2025-05-25T21:55:14Z,4,MattGraverSAIC,technology,2025-05-26T04:14:24.754119Z
mu937bf,1kvcyoh,reddit,"What we need is minimum life in prison with no parole for human, child and sex traffickers after sentencing

Before sentencing , if caught in a Police Operation, mandatory hold in cell till the trial is done. No ankle bracelet, no promises of showing up. You stay till it's resolved.",2025-05-25T23:06:28Z,2,SelflessMirror,technology,2025-05-26T04:14:24.754127Z
mtw4giv,1kts5wf,reddit,Oh good! So nearly every smartphone on the market is going to be more expensive with no reasonable alternative for domestic manufacturing? What a great idea! /s,2025-05-23T19:46:42Z,147,DrManhattan_DDM,technology,2025-05-26T04:14:25.853678Z
mtw5pzn,1kts5wf,reddit,"Congress can stop this any time they want. The power to impose tariffs constitutionally lies with the congress, not the executive.  Some authority has been delegated to the president under limited circumstances.  Trump has gone way beyond his delegated authority.  He needs to be sued into a small box of where and when he can impose tariffs.

[https://www.congress.gov/crs-product/R48435](https://www.congress.gov/crs-product/R48435)",2025-05-23T19:53:03Z,124,technanonymous,technology,2025-05-26T04:14:25.853691Z
mtwhv5k,1kts5wf,reddit,Can we just get to the part where Americans get mad about the economic harm this clown has put them in?,2025-05-23T20:54:32Z,38,SirPoopaLotTheThird,technology,2025-05-26T04:14:25.853699Z
mtwlh3s,1kts5wf,reddit,Remember when republicans used to go on and on about how the government shouldn't be picking winners and losers in the economy - that was the job of the free market?  Now they're cheering as their leader targets individual companies with threats of raising taxes on sales of their goods.,2025-05-23T21:13:25Z,18,HashtagDadWatts,technology,2025-05-26T04:14:25.853707Z
mtwatza,1kts5wf,reddit,"If it does happen, I hope Apple and Samsung have the balls to list how much of the price is because of the orange clown.",2025-05-23T20:18:52Z,16,DonkeyKongDong76,technology,2025-05-26T04:14:25.853715Z
mtwqiy9,1kts5wf,reddit,You think he had to be reminded there are other phones besides iphones?,2025-05-23T21:40:51Z,4,LanLinked,technology,2025-05-26T04:14:25.853730Z
mtwjpuj,1kts5wf,reddit,Governing by Whac-a-Mole,2025-05-23T21:04:09Z,3,MessagingMatters,technology,2025-05-26T04:14:25.853738Z
mtwe0jw,1kts5wf,reddit,"Arrest these fools, time to start the trials.",2025-05-23T20:34:55Z,2,ATDT_No-Carrier,technology,2025-05-26T04:14:25.853749Z
mtwvd7n,1kts5wf,reddit,"The tariffs really just pay for themselves. 

/s",2025-05-23T22:08:05Z,2,masstransience,technology,2025-05-26T04:14:25.853757Z
mtxaijc,1kts5wf,reddit,Then they don't actually do anything but make electronics more expensive for American consumers.,2025-05-23T23:36:34Z,2,Freud-Network,technology,2025-05-26T04:14:25.853764Z
mtxgxfn,1kts5wf,reddit,Tariffing companies now?!? WTF is that???,2025-05-24T00:16:10Z,2,Canuck_75,technology,2025-05-26T04:14:25.853771Z
mtyuics,1kts5wf,reddit,"Cheetoh in Chief has lost it. He wants everything to be made in America, even if the company isn't an American company. Not to mention whatever lack of capabilities to make them in the first place.",2025-05-24T06:15:26Z,2,luv2ctheworld,technology,2025-05-26T04:14:25.853779Z
mtzmmhv,1kts5wf,reddit,new day - new  stupid idea,2025-05-24T10:57:05Z,2,And_Sk1,technology,2025-05-26T04:14:25.853786Z
mu1341x,1kts5wf,reddit,yeah samsung the korean company than makes up 1/5 of the south korean gdp is just salivating to build a factory in the US,2025-05-24T16:19:38Z,2,AffectEconomy6034,technology,2025-05-26T04:14:25.853794Z
mtw9o4q,1kts5wf,reddit,"Smells like lies, where was Samsung at the inauguration or are they buying dumpcoin",2025-05-23T20:13:01Z,2,ptahbaphomet,technology,2025-05-26T04:14:25.853801Z
mtzj2ny,1kts5wf,reddit,I mean wouldn’t this all get reversed by the next president? So maybe wait it out or pay the tariffs for a bit ,2025-05-24T10:23:58Z,0,Livingfreedaily,technology,2025-05-26T04:14:25.853808Z
mtxbp6t,1kts5wf,reddit,I’m starting to think this Donald Trump fellow is actually looking out for the average American….,2025-05-23T23:43:43Z,-9,tallguyclark,technology,2025-05-26T04:14:25.853816Z
mp84cqx,1k8pd27,reddit,"Never again will my zipper be stuck to my balls, it will cut right trought them.",2025-04-26T23:04:19Z,102,EditedRed,technology,2025-05-26T04:14:26.898848Z
mp97nc8,1k8pd27,reddit,"I know they're impractical, just give me my damned power laces.",2025-04-27T03:13:29Z,7,Enderkr,technology,2025-05-26T04:14:26.898861Z
mpb21zw,1k8pd27,reddit,"Alexa, put my zipper halfway down.",2025-04-27T13:06:06Z,6,jefesignups,technology,2025-05-26T04:14:26.898869Z
mp90w5i,1k8pd27,reddit,Sticky fingers,2025-04-27T02:27:47Z,3,imaginary_num6er,technology,2025-05-26T04:14:26.898877Z
mp8nh6o,1k8pd27,reddit,Love that RUSH made a song about those zippers back in the day .. such forward thinkers even back in 1981!,2025-04-27T01:00:52Z,8,ascii122,technology,2025-05-26T04:14:26.898884Z
mp9u5i3,1k8pd27,reddit,This is the best invention since self-sealing stem bolts,2025-04-27T06:18:39Z,2,ReadditMan,technology,2025-05-26T04:14:26.898892Z
mpc47jp,1k8pd27,reddit,"My dad’s paraplegic, so this would be really cool to have on like a jacket, something he could do one handed.",2025-04-27T16:36:10Z,2,flower4000,technology,2025-05-26T04:14:26.898899Z
mp9hrtl,1k8pd27,reddit,It seems like a string and pulley would be just as effective,2025-04-27T04:28:23Z,-2,freethegeek,technology,2025-05-26T04:14:26.898906Z
mp8w200,1k8pd27,reddit,Zippers already break enough,2025-04-27T01:55:57Z,-4,UngaBunga-2,technology,2025-05-26T04:14:26.898913Z
mr84cuo,1khn656,reddit,"And thanks to the re-elected government, that percentage is going to rise significantly once a million home batteries start coming online.",2025-05-08T11:11:24Z,5,Wotmate01,technology,2025-05-26T04:14:27.918551Z
mqa1lim,1kd30g4,reddit,Y’all probably also believe in Santa Clause if you actually believed for a second that they weren’t gonna send data back to China. Delete the app.,2025-05-02T22:36:38Z,22,SillyMikey,technology,2025-05-26T04:14:28.944399Z
mq7hty2,1kd30g4,reddit,A Master Class about good laws and smart public policy.,2025-05-02T15:03:49Z,10,thieh,technology,2025-05-26T04:14:28.944410Z
mqclw2k,1kd30g4,reddit,Which means they still made millions in profit after being fined,2025-05-03T10:35:29Z,1,ottoIovechild,technology,2025-05-26T04:14:28.944418Z
mqgei7s,1kd30g4,reddit,I wonder if the fine would have been less if it was secure data transfers to China.,2025-05-03T23:52:13Z,1,travistravis,technology,2025-05-26T04:14:28.944427Z
mq88cyy,1kd30g4,reddit,I wonder if Hegseth was a company how much he would’ve been fined so far?,2025-05-02T17:09:11Z,0,gravel_spit,technology,2025-05-26T04:14:28.944435Z
mq7qo97,1kd30g4,reddit,[removed],2025-05-02T15:45:33Z,-16,N/A,technology,2025-05-26T04:14:28.944442Z
mtal9s1,1kqeqdh,reddit,"Exactly what needs to be done in the US. Spain leading the way, great job",2025-05-20T13:39:14Z,3,beadzy,technology,2025-05-26T04:14:29.864438Z
mqkt3wr,1kepfz2,reddit,"So, just another day in technology. These sorts of breaches of personal data will continue until the people in charge of the companies are held legally responsible.",2025-05-04T18:31:48Z,51,RebelStrategist,technology,2025-05-26T04:14:30.890839Z
mqlnhmv,1kepfz2,reddit,"In the end every user gets fucked. A 100% score, no other dating app has it…",2025-05-04T21:10:46Z,18,sypie1,technology,2025-05-26T04:14:30.890852Z
mqlu3yp,1kepfz2,reddit,Feature not a bug. The primary function of apps in general is data exfiltration.,2025-05-04T21:46:08Z,6,CarpetDiem78,technology,2025-05-26T04:14:30.890861Z
mqod52i,1kepfz2,reddit,Actually irony,2025-05-05T08:48:46Z,1,WoodenMonkeyGod,technology,2025-05-26T04:14:30.890870Z
mqm7isr,1kepfz2,reddit,Built with vibe coding,2025-05-04T23:03:23Z,1,DontGiveACluck,technology,2025-05-26T04:14:30.890879Z
mqu6em1,1kfvzm0,reddit,"Increasing overall AI literacy is going to have to be a must like it was with understanding social media. These are big data engines that can ""remember"" everything told to them and have access to all your posts on Meta's platforms. 

The note in the article saying that it doesn't even have a ""temporary"" mode like ChatGPT is concerning -- of course, I'm not even sure I trust that from OpenAI personally. If you really want to privately use an AI model run it locally. Of course, not everyone can do that.",2025-05-06T05:20:05Z,33,kytsune,technology,2025-05-26T04:14:31.857850Z
mqu9k79,1kfvzm0,reddit,"Perhaps it's time we start calling the people who make this stuff creepy also. It's fucking creepy to track your customers, who even include your own family and friends.",2025-05-06T05:48:21Z,22,ROGER_CHOCS,technology,2025-05-26T04:14:31.857863Z
mqufs3q,1kfvzm0,reddit,"The creepy part isn’t the AI itself. It’s Meta quietly injecting it into human conversations without consent. People go on social platforms to talk to people, not get ghosted by bots pretending to be human. Transparency matters, and this ain't it.",2025-05-06T06:48:47Z,17,Mathewjohn17,technology,2025-05-26T04:14:31.857871Z
mqudqnk,1kfvzm0,reddit,I think the best way to protect your privacy is to don’t use Meta AI.,2025-05-06T06:28:14Z,11,Efficient_Ad2242,technology,2025-05-26T04:14:31.857879Z
mquat7l,1kfvzm0,reddit,Don’t use it.,2025-05-06T05:59:57Z,10,Chris_HitTheOver,technology,2025-05-26T04:14:31.857887Z
mqu2aqh,1kfvzm0,reddit,Meta AI is shitty about your privacy? <*insert ShockedFuturamaFry.gif*>,2025-05-06T04:45:44Z,12,anoff,technology,2025-05-26T04:14:31.857894Z
mqusecq,1kfvzm0,reddit,Delete Meta from your devices an option?,2025-05-06T09:04:43Z,4,APIeverything,technology,2025-05-26T04:14:31.857902Z
mqudimb,1kfvzm0,reddit,Everything coming from Meta is pretty bad,2025-05-06T06:26:04Z,3,LushCharm91,technology,2025-05-26T04:14:31.857910Z
mqv9vgg,1kfvzm0,reddit,The only way to protect yourself from Meta is to delete your accounts.,2025-05-06T11:42:36Z,3,One-21-Gigawatts,technology,2025-05-26T04:14:31.857917Z
mqv7e43,1kfvzm0,reddit,Any AI is a privacy threat. Ask where the training data came from,2025-05-06T11:24:10Z,1,NormalReflection9024,technology,2025-05-26T04:14:31.857925Z
mqx3j2o,1kfvzm0,reddit,">Here's how to protect your privacy 

And it's a shitty paywall article. Do at least the bare minimum, OP. I guess it's something like ""just don't use Meta AI then""",2025-05-06T17:28:12Z,1,Hamza_stan,technology,2025-05-26T04:14:31.857932Z
mqzzrro,1kgmj2t,reddit,"Mmmmmm, CRISPR bacon.",2025-05-07T02:29:37Z,209,Idk_why_Im_fat,technology,2025-05-26T04:14:33.390245Z
mr09htz,1kgmj2t,reddit,"i wonder how long itll be before we just make biotech farms to produce non sentient flesh farms for food.  
Yes that sounds horrific but might be easier than thousands of pigs on a farm if you can just grow meat in a lab or make edited masses that only exist to grow and be harvested.",2025-05-07T03:31:33Z,56,AUkion1000,technology,2025-05-26T04:14:33.390254Z
mr00rhc,1kgmj2t,reddit,"Or, I didn't know, don't confine the pigs so densely that they have a high risk of spreading diseases!",2025-05-07T02:35:37Z,65,lavabeing,technology,2025-05-26T04:14:33.390259Z
mr06qpi,1kgmj2t,reddit,Genetically modified to feel purpose in becoming food.,2025-05-07T03:13:11Z,13,Bradnon,technology,2025-05-26T04:14:33.390264Z
mr06nax,1kgmj2t,reddit,That is gonna make all those trade agreements easier to negotiate /S,2025-05-07T03:12:33Z,17,Mountain_rage,technology,2025-05-26T04:14:33.390269Z
mr07h9t,1kgmj2t,reddit,This technology is going to change the world. Maybe even for the better.,2025-05-07T03:18:05Z,11,ManyInterests,technology,2025-05-26T04:14:33.390274Z
mr0niqt,1kgmj2t,reddit,"The approval of gene-edited pigs immune to PRRS isn’t a scientific breakthrough—it’s a corporate power grab that threatens to strip us of our most basic rights: the right to control our food and the right to grow it. This is no solution to a virus; it’s the beginning of a nightmare where biotech giants, who already dominate the seed market, will soon control the animals we eat. These pigs may be immune to disease, but the real disease is the idea that food should be controlled by a handful of multinational corporations. Small farmers will be locked out, unable to breed their own animals or afford license fees, forced to buy new stock each season. This is corporate tyranny disguised as science, a future where we lease our food instead of grow it, where our dinner plate is filled with genetically engineered products that aren’t ours to own. Once we let them do this with pigs, they won’t stop—cattle, chickens, and everything else will follow. We can’t let this happen. This is not a victory for science, but a loss for freedom. The future of food must belong to us, not to them.",2025-05-07T05:17:41Z,11,Thunder_Rolling,technology,2025-05-26T04:14:33.390279Z
mr0d9kw,1kgmj2t,reddit,"Chris P. Bacon the pot belly pig has entered the chat.

https://youtu.be/pMA3x-bc8iM?si=BnNqcfV1BCeTgVBK",2025-05-07T03:57:42Z,2,BullshyteFactoryTest,technology,2025-05-26T04:14:33.390284Z
mr2fomm,1kgmj2t,reddit,That should help the existing export issue where other countries won't take our GMO products /s,2025-05-07T14:03:46Z,2,FlyingBike,technology,2025-05-26T04:14:33.390289Z
mr5hpo8,1kgmj2t,reddit,Is this how we get widespread prion diseases?,2025-05-07T23:05:22Z,2,seizurevictim,technology,2025-05-26T04:14:33.390293Z
mr0gt5z,1kgmj2t,reddit,Love me some pig wings.,2025-05-07T04:23:13Z,2,MuthaPlucka,technology,2025-05-26T04:14:33.390298Z
mr1ogtt,1kgmj2t,reddit,Shit like this is why no one wants US meat.,2025-05-07T11:15:56Z,2,Doctor_Amazo,technology,2025-05-26T04:14:33.390303Z
mr0h6m8,1kgmj2t,reddit,Fakin’ bacon!!,2025-05-07T04:26:03Z,1,locustnation,technology,2025-05-26T04:14:33.390307Z
mr0ngdu,1kgmj2t,reddit,fine as long as it doesn't slow the development of the lab grown industry which i'm a bigger fan of,2025-05-07T05:17:08Z,1,gitprizes,technology,2025-05-26T04:14:33.390312Z
mr1psvh,1kgmj2t,reddit,"Wonder how this will contribute to other countries not importing US meats?  Lots of countries have strict rules such as Australia and I suspect this would need years of study to approve. 

Already the US has difficulty with beef proving it’s grass fed and domestic. Millions of cattle are bought from Canada and Mexico a year and not able to be labeled as “American” beef. Adding genetic modification will just add new requirements I suppose?",2025-05-07T11:25:55Z,1,Silicon_Knight,technology,2025-05-26T04:14:33.390317Z
mr1qb0b,1kgmj2t,reddit,Bring on the pigoons,2025-05-07T11:29:37Z,1,mkultra3000,technology,2025-05-26T04:14:33.390322Z
mr1vua5,1kgmj2t,reddit,"CRISPR ? I don't think that's what you meant to write , Charlotte",2025-05-07T12:08:19Z,1,Jkolorz,technology,2025-05-26T04:14:33.390327Z
mr20jqj,1kgmj2t,reddit,My CRISPR is an air fryer and we made BLTs last night.,2025-05-07T12:38:32Z,1,Nonamanadus,technology,2025-05-26T04:14:33.390332Z
mr2hnlx,1kgmj2t,reddit,"Is the crisper bacon, crispier than regular bacon?",2025-05-07T14:13:59Z,1,Bowler_Pristine,technology,2025-05-26T04:14:33.390336Z
mr322p2,1kgmj2t,reddit,I prefer mine chewy,2025-05-07T15:53:37Z,1,KakistocratForLife,technology,2025-05-26T04:14:33.390341Z
mr4rbl3,1kgmj2t,reddit,[Chris P. Bacon](https://m.youtube.com/watch?v=pMA3x-bc8iM&pp=ygUYY2hyaXMgcCBiYWNvbiBmdWxsIHZpZGVv),2025-05-07T20:46:41Z,1,SideStreetHypnosis,technology,2025-05-26T04:14:33.390346Z
mrapk7x,1kgmj2t,reddit,Well that's some weapons-grade subliminal marketing if I've ever seen it. 😂,2025-05-08T19:22:46Z,1,nickkrewson,technology,2025-05-26T04:14:33.390353Z
mr0d7v9,1kgmj2t,reddit,"Can't wait to hear the ""Smth smth gmo bad"" crowd go wild over this",2025-05-07T03:57:21Z,-1,kerodon,technology,2025-05-26T04:14:33.390358Z
mr0w14t,1kgmj2t,reddit,"If it means crisper bacon, I’m all for it",2025-05-07T06:36:15Z,-1,prophetmuhammad,technology,2025-05-26T04:14:33.390363Z
mr19cw5,1kgmj2t,reddit,Transgender pigs!,2025-05-07T08:54:42Z,-2,QorvusQorax,technology,2025-05-26T04:14:33.390367Z
mr0lt8d,1kgmj2t,reddit,Making America Grotesque Again,2025-05-07T05:03:15Z,-6,Soft-Skirt,technology,2025-05-26T04:14:33.390372Z
mr0zktw,1kgmj2t,reddit,Make em fatter,2025-05-07T07:11:22Z,-1,Peep-CEO,technology,2025-05-26T04:14:33.390377Z
mr0jivk,1kgmj2t,reddit,RFK is poisoning us !!,2025-05-07T04:44:25Z,-5,ComprehensiveTill736,technology,2025-05-26T04:14:33.390382Z
mr0mb2x,1kgmj2t,reddit,Making Animals Genetically Abhorrent,2025-05-07T05:07:24Z,-4,Soft-Skirt,technology,2025-05-26T04:14:33.390386Z
mp99j3c,1k8uj50,reddit,I'm so exhausted from every single platform shoving their own slop generators in my face,2025-04-27T03:26:32Z,542,TeuthidTheSquid,technology,2025-05-26T04:14:34.583914Z
mp9a833,1k8uj50,reddit,"What in the fuck do we need an “ai overview” for, when SEARCHING FOR A FUCKING VIDEO TO WATCH?!",2025-04-27T03:31:23Z,176,dizekat,technology,2025-05-26T04:14:34.583925Z
mp9bio1,1k8uj50,reddit,looking forward to installing a browser extension that disables it,2025-04-27T03:40:36Z,63,Fraxxxi,technology,2025-05-26T04:14:34.583933Z
mp9lco2,1k8uj50,reddit,They need to improve their basic search first,2025-04-27T04:57:43Z,36,MPforNarnia,technology,2025-05-26T04:14:34.583940Z
mp99h6u,1k8uj50,reddit,[deleted],2025-04-27T03:26:10Z,60,N/A,technology,2025-05-26T04:14:34.583947Z
mp9xd8t,1k8uj50,reddit,"Dear Youtube:

FUCK OFF.

- me",2025-04-27T06:50:30Z,15,abtei,technology,2025-05-26T04:14:34.583954Z
mp9ts76,1k8uj50,reddit,"How about they do some actually useful things with search, like have a checkbox within the filters to search within caption, or actually pay attention to quotations when you want to search an exact phrase?",2025-04-27T06:15:07Z,7,zoupishness7,technology,2025-05-26T04:14:34.583961Z
mp9x0ew,1k8uj50,reddit,Yeah because Google AI search results were such a hit. We want moooreee!!!,2025-04-27T06:46:55Z,11,IcestormsEd,technology,2025-05-26T04:14:34.583968Z
mpa4ktw,1k8uj50,reddit,"Fuck right off. Bet like Google search you can’t turn it off. Why are the tech firms so brutally forceful about this? Do they know we’d just refuse it?
The YT search is such garbage already…",2025-04-27T08:03:32Z,10,TheGrackler,technology,2025-05-26T04:14:34.583976Z
mpa0c3e,1k8uj50,reddit,I feel like AI is the one tech nobody really wants to be integrated everywhere,2025-04-27T07:20:17Z,13,feketegy,technology,2025-05-26T04:14:34.583983Z
mp9v44s,1k8uj50,reddit,...The equivalent of pay-to-skip in video games. How pointless and irritating.,2025-04-27T06:28:08Z,4,incircles36,technology,2025-05-26T04:14:34.583990Z
mpb81lz,1k8uj50,reddit,Who legitimately wants this AI trash?,2025-04-27T13:43:42Z,3,sonic10158,technology,2025-05-26T04:14:34.583996Z
mpahwvp,1k8uj50,reddit,YouTube is literally the worst these days. We desperately need an alternative.,2025-04-27T10:24:15Z,6,Andruu123,technology,2025-05-26T04:14:34.584003Z
mpb7pcl,1k8uj50,reddit,"Please, don't. Stop this AI nonseneness.",2025-04-27T13:41:38Z,3,Realistic_Account787,technology,2025-05-26T04:14:34.584010Z
mpakv47,1k8uj50,reddit,Maybe instead fix the fact that every video category has the exact same videos,2025-04-27T10:52:45Z,4,getSome010,technology,2025-05-26T04:14:34.584017Z
mpakyfz,1k8uj50,reddit,"> Right now, the feature is being tested with a small number of YouTube Premium users for English search queries  

Punishing the people who are paying you? Great idea.",2025-04-27T10:53:36Z,3,JDGumby,technology,2025-05-26T04:14:34.584024Z
mpa74sv,1k8uj50,reddit,More AItube than **You**tube.,2025-04-27T08:30:07Z,2,IntoTheAbsurd,technology,2025-05-26T04:14:34.584030Z
mpbletw,1k8uj50,reddit,AI can totally screw up summaries sometimes. There should be some fun to be had with this.,2025-04-27T14:58:28Z,1,baldycoot,technology,2025-05-26T04:14:34.584037Z
mpbqdaz,1k8uj50,reddit,thumbs down,2025-04-27T15:24:33Z,1,Specialist_Brain841,technology,2025-05-26T04:14:34.584044Z
mpc24sp,1k8uj50,reddit,"I don't want a summary of humanity, I want my slice imperfections and all.",2025-04-27T16:25:14Z,1,Borinar,technology,2025-05-26T04:14:34.584050Z
mpcnlpt,1k8uj50,reddit,"If you want to search a video, you better know the EXACT title when searching otherwise you'll get one video based off just the first word of your search, only that and the rest of the results will be ""what others have watched"" and more videos based only on one search word.",2025-04-27T18:12:54Z,1,SGTStash,technology,2025-05-26T04:14:34.584057Z
mpd6vo5,1k8uj50,reddit,"The monopolies dead, time for ‘AI Full Throttle’",2025-04-27T19:52:58Z,1,BardosThodol,technology,2025-05-26T04:14:34.584064Z
mpd833v,1k8uj50,reddit,"Considering 1/3 of all the videos I see in my suggested feed is AI generated slop, will this make it 100%?",2025-04-27T19:59:13Z,1,Lord-Velveeta,technology,2025-05-26T04:14:34.584071Z
mpdn63x,1k8uj50,reddit,Fuck this shit,2025-04-27T21:16:34Z,1,TimeForChris,technology,2025-05-26T04:14:34.584078Z
mpgnqbn,1k8uj50,reddit,"Love this. Hope they integrate more AI feature on YouTube, since this platform could be the one which benefits more from new AI features.",2025-04-28T10:52:48Z,1,letmebackagain,technology,2025-05-26T04:14:34.584085Z
mph9n9r,1k8uj50,reddit,First everyone was shoving shorts down our throats and I still don't consume them anywhere. Now it's ai and guess what I'm also not gonna consume,2025-04-28T13:26:31Z,1,sipCoding_smokeMath,technology,2025-05-26T04:14:34.584091Z
mp9tcve,1k8uj50,reddit,"This is one of the better uses of AI. Content quality, clickbaits and misinformation were untrackable before this. Now there’s a way to combat these. I know doomers are skeptical but unlike others this is not for generating new content this just for tracking, categorizing, summarizing already existing content which is much more suitable for AI.",2025-04-27T06:11:01Z,-6,grateful2you,technology,2025-05-26T04:14:34.584098Z
mpdg8r6,1k8uj50,reddit,"oh good, because the youtube search feature wasnt bad enough already",2025-04-27T20:40:54Z,0,timshel42,technology,2025-05-26T04:14:34.584105Z
mpa442r,1k8uj50,reddit,My time is valuable. This is amazing. I would pay a premium for this feature.,2025-04-27T07:58:49Z,-5,Agile-Music-2295,technology,2025-05-26T04:14:34.584112Z
mq8xnq0,1kd4w4f,reddit,"“Already” is such a funny thing here. Company that provides payment gateways provides code snippet for apps to use payment gateways. Like this shit is not complicated, if it works in a webpage you can make it work in an app easy.",2025-05-02T19:10:35Z,37,fullsaildan,technology,2025-05-26T04:14:35.810304Z
mq89tsi,1kd4w4f,reddit,I'm sure Apple will find a way to get around this.  Maybe they just increase fees for developer kits or just charge developers for just listing apps on their app store or something.,2025-05-02T17:16:01Z,12,HombreMan24,technology,2025-05-26T04:14:35.810316Z
mq7xjut,1kd4w4f,reddit,Yay another shitty company taking my money instead of the other shitty company,2025-05-02T16:18:05Z,15,Remote-Combination28,technology,2025-05-26T04:14:35.810327Z
mq8y7xh,1kd4w4f,reddit,Who has a long and well documented history of not paying their customer their money. I trust Apple more in this case. It comes down to pay apple a little more and get paid or try to save a couple of pennies and watch your business get crushed because Stripe decided they don't like you anymore and can hold your money until you lawyer up.,2025-05-02T19:13:20Z,-5,bastardoperator,technology,2025-05-26T04:14:35.810334Z
msfo81n,1kn4lfr,reddit,Wasn't this the kind of shenanigans that earned them that fine? Are they really playing games with the EU?,2025-05-15T12:03:59Z,61,Estronciumanatopei,technology,2025-05-26T04:14:37.248075Z
msfftzy,1kn4lfr,reddit,"I pay for a lot of things outside of Apple's garden. Groceries, mortgage, gas etc.  I think I'll be fine.",2025-05-15T11:02:49Z,72,davexc,technology,2025-05-26T04:14:37.248089Z
msfdwvj,1kn4lfr,reddit,Warning: may result in persistent residual funds within your financial account.,2025-05-15T10:47:25Z,11,Elf-Zwolf,technology,2025-05-26T04:14:37.248097Z
msfjv59,1kn4lfr,reddit," ""⚠️ This app isn't giving us our cut.""",2025-05-15T11:33:27Z,28,SkinnedIt,technology,2025-05-26T04:14:37.248105Z
msfecdl,1kn4lfr,reddit,"Meh. This disclaimer seems it's to protect themselves from any possibility that users will send payments to developers directly and if something goes south with their experience and they try and blame or request refunds from Apple for it, they can say no, they warned the user.",2025-05-15T10:50:54Z,30,beyondbase,technology,2025-05-26T04:14:37.248112Z
msfihhq,1kn4lfr,reddit,"In my city, which is in the EU, iPhones cannot be used for payment with the public transit app, the payment is a once-a-month bank transfer. This means iPhone users have to use a physical transit card to get the discounts to pass users and the automatic payment. Android phones work fine, Google somewhat amazingly stays out the way.",2025-05-15T11:23:10Z,8,DeliciousCut4854,technology,2025-05-26T04:14:37.248120Z
msfbnru,1kn4lfr,reddit,"Ironic. Back in the day Apple's big push to get people to move from MS to their platform was due to the 'freedom' of choice rather than remain in the monopolistic realm of Gatesware. Now, you bite the forbidden fruit and you're locked into the garden. When the world is tending towards open source, Apple's tenaciously clinging to it's own myopic monopoly. Long live FOSS!",2025-05-15T10:28:10Z,10,Soft-Escape8734,technology,2025-05-26T04:14:37.248128Z
msfi0wp,1kn4lfr,reddit,Greed is Apple's second name.,2025-05-15T11:19:41Z,12,ykoech,technology,2025-05-26T04:14:37.248136Z
msh1wrg,1kn4lfr,reddit,Apple tarnishing their image even further lol,2025-05-15T16:28:50Z,2,blueblurz94,technology,2025-05-26T04:14:37.248143Z
msg4amj,1kn4lfr,reddit,"EU regulators just *love* it when companies push the boundaries of consumer rights.


Maybe they can slap Apple with another ""knock off the bullshit"" fine.",2025-05-15T13:40:38Z,1,Majik_Sheff,technology,2025-05-26T04:14:37.248151Z
msflipf,1kn4lfr,reddit,"This is not that weird. It's good that they inform their users. Yes, they imply users may risk more using other ways - but that's also simply true. 

Apple's ecosystem ensures Apple controls the process from start to finish. They can't guarantee the experience outside their own ecosystem.",2025-05-15T11:45:23Z,0,sendmebirds,technology,2025-05-26T04:14:37.248159Z
msfvzno,1kn4lfr,reddit,It’s a fair warning there’s going to be slot more scams going around soon once they have to allow third party app stores,2025-05-15T12:53:09Z,0,MileyPup,technology,2025-05-26T04:14:37.248167Z
mskm652,1kn4lfr,reddit,Apple is just asking to get slapped down even harder by theses action.,2025-05-16T04:22:23Z,1,timelessblur,technology,2025-05-26T04:14:37.248174Z
mskwp1o,1kn4lfr,reddit,This message is disgusting anti-competitive tactic by Apple once again. Sorry but what if we feel we put ourselves at risk by using US based Apple for transaction. Nothing from the US can be trusted these days in particular when it comes to US government backdoors.,2025-05-16T05:52:18Z,1,griffonrl,technology,2025-05-26T04:14:37.248182Z
msfpwo0,1kn4lfr,reddit,Full disclosure is the best.,2025-05-15T12:15:11Z,1,eshemuta,technology,2025-05-26T04:14:37.248190Z
msfg0ij,1kn4lfr,reddit,I hope the EU fines them for this,2025-05-15T11:04:14Z,0,williamhere,technology,2025-05-26T04:14:37.248197Z
msfx54i,1kn4lfr,reddit,Wow. This is REALLY going to piss off the court and Epic.,2025-05-15T12:59:57Z,1,danondorfcampbell,technology,2025-05-26T04:14:37.248205Z
msg8vm0,1kn4lfr,reddit,"But you don't understand ! If you're not using Apple Pay, they have less private data to leak, sell and abuse !",2025-05-15T14:05:15Z,1,Belhgabad,technology,2025-05-26T04:14:37.248212Z
msgfgrd,1kn4lfr,reddit,"It’s a fair warning, mobile app companies are not exactly known for their honesty. Whatever you may think of Apple, they are more dedicated to user privacy than most.",2025-05-15T14:38:54Z,-2,MetaSageSD,technology,2025-05-26T04:14:37.248220Z
msgsj43,1kn4lfr,reddit,"Ballsy when you consider the fines that the EU gives for non compliance. They might very well use it to make an example, just so nobody else follows that path. It's close to what got IBM dunked for anti trust violations back in the day.
""Yeah I would not choose the competitor, I have heard they have issues""",2025-05-15T15:42:49Z,0,grax23,technology,2025-05-26T04:14:37.248228Z
msgz7ay,1kn4lfr,reddit,The only one at risk is Apple because they don’t get a cut of the bacon,2025-05-15T16:15:26Z,0,J0rkank0,technology,2025-05-26T04:14:37.248235Z
msh6nzx,1kn4lfr,reddit,Apple needs the most exemplary EU fine in history ASAP,2025-05-15T16:52:02Z,0,Perplexed-Sloth,technology,2025-05-26T04:14:37.248243Z
msfk6dh,1kn4lfr,reddit,"""Apple suggests that users are putting themselves at risk by using third-party alternatives.""

Yes, they do.   Users also put themselves at risk by using Apple Pay, too...  Anytime you use your card, there is a chance it will misused or stored and later stolen.",2025-05-15T11:35:45Z,-5,nemom,technology,2025-05-26T04:14:37.248251Z
msfku10,1kn4lfr,reddit,"Woah wait then.

What happens when I buy a cup of coffee using my CC in my Apple digital wallet?

Is Apple taking 30% cut of the cost of coffee from Tim Hortons, does MC still get its 3%?  

Or is the wallet different from Apple’s pay system?",2025-05-15T11:40:30Z,-5,PlanetCosmoX,technology,2025-05-26T04:14:37.248258Z
msfwlep,1kn4lfr,reddit,So then does that mean Apple will indemnify all of my losses when using their payments?,2025-05-15T12:56:44Z,-2,ausstieglinks,technology,2025-05-26T04:14:37.248266Z
mu2bu3k,1kuhots,reddit,"Heaven forbid Police officers are trained to do investigations and follow leads to catch criminals... better to just mass surveil our streets and internet instead, the shit you used to have to get warrants for.",2025-05-24T20:24:57Z,53,thereversehoudini,technology,2025-05-26T04:14:38.350372Z
mu2otwy,1kuhots,reddit,"The nanny state strikes again.

Ed: ""viking"", your screed got shadowmodded.",2025-05-24T21:39:18Z,16,I_Race_Pats,technology,2025-05-26T04:14:38.350384Z
mu3fb81,1kuhots,reddit,Time for us to all go MF DOOM.,2025-05-25T00:25:11Z,4,joshspoon,technology,2025-05-26T04:14:38.350393Z
mu39mdr,1kuhots,reddit,I think I’ve seen this movie.,2025-05-24T23:48:21Z,3,Navyders10,technology,2025-05-26T04:14:38.350401Z
mu2h12j,1kuhots,reddit,"I wonder what would happen to me in different countries if I wore something making the cameras useless. I remember seeing someone wore a hat with a infrared diode. Invisible to the eye but a giant white spot on ma you cameras. Or some other tech famous people wear to block paparazzis from taking pictures.

I wonder how long it would take in each country for me to get questioned as suspicious.",2025-05-24T20:53:59Z,5,anothercopy,technology,2025-05-26T04:14:38.350409Z
mu4p72q,1kuhots,reddit,Absolute bullshit. 1 false positive is 1 too many.,2025-05-25T06:09:07Z,2,ClacksInTheSky,technology,2025-05-26T04:14:38.350417Z
mu1lxdt,1kuhots,reddit,"Police believe live facial recognition cameras may become “commonplace” in England and Wales, according to internal documents, with the number of faces scanned having doubled to nearly 5m in the last year.

A joint investigation by the Guardian and Liberty Investigates highlights the speed at which the technology is becoming a staple of British policing.

  
Major funding is being allocated and hardware bought, while the British state is also looking to enable police forces to more easily access the full spread of its image stores, including passport and immigration databases, for retrospective facial recognition searches.

Live facial recognition involves the matching of faces caught on surveillance camera footage against a police watchlist in real time, in what campaigners liken to the continual finger printing of members of the public as they go about their daily lives.

Retrospective facial recognition software is used by the police to match images on databases with those caught on CCTV and other systems.

According to one funding document drawn up by South Wales police as part of a proposal to put the West End of London or Cardiff rail station under live facial recognition cameras and released by the Metropolitan police under the Freedom of Information Act, it is believed “the use of this technology could become commonplace in our city centres and transport hubs around England and Wales”.",2025-05-24T17:58:55Z,3,Wagamaga,technology,2025-05-26T04:14:38.350428Z
mu3jzzj,1kuhots,reddit,Can any british dude explain what's happening and what's the need for this shit?,2025-05-25T00:55:36Z,1,swisstraeng,technology,2025-05-26T04:14:38.350435Z
mu4byvk,1kuhots,reddit,"Not gonna lie, if the state is going to constantly surveil populations in public spaces, part of their policing budgets should just be payments given directly to the citizens. Send them a bill for your public performances.",2025-05-25T04:11:49Z,1,Pooch1431,technology,2025-05-26T04:14:38.350443Z
mu54nnb,1kuhots,reddit,Time to buy stock in face masks,2025-05-25T08:43:45Z,1,rockerscott,technology,2025-05-26T04:14:38.350451Z
mu5fi62,1kuhots,reddit,Isn’t that where Flock is going?,2025-05-25T10:34:23Z,1,SarahArabic2,technology,2025-05-26T04:14:38.350461Z
mu67plz,1kuhots,reddit,"They're gonna be commonplace regardless, they're already ridiculously cheap. Wyze has a model that's under $40 and does pretty much 360 degree motion tracking and object recognition (distinguishes between cars, pets, and people) out of the box, and it can recognize individual people for an extra couple bucks a month. The surveillance state is here and everyone is a part of it.",2025-05-25T13:58:31Z,1,BrothelWaffles,technology,2025-05-26T04:14:38.350468Z
mu6bzxt,1kuhots,reddit,"Time to start salting the inputs 


Uv reflective makeup 


Led glasses outputting UV and IR light


Lots more facemasks 






Refuse, resist ",2025-05-25T14:21:50Z,1,Moontoya,technology,2025-05-26T04:14:38.350476Z
mu8m8hs,1kuhots,reddit,"Welcome to the age of universal surveillance.  Once upon a time this was a fantasy of police states but it is fast becoming reality.

The UK started intensive use of CCTV back in the 1960's and its use has been growing ever since. Back then it was live video feeds watched by police personnel looking for problems and providing fast first responder response.

Now we have AI and cheap storage so the live element goes away. Let's consider some of the implications that will affect more and more as time goes by.

I live in a multi residence complex and when I leave my unit there are security cameras all over the place. Someone may be watching live but the video feed is recorded and available for playback. If I drive somewhere then the system knows my vehicle. If I take public transit then the system knows who I am because my transit pass is of the reloadable type and when I transfer funds to that card I generally use a debit card and my bank certainly knows who I am.

The police can track my daily movements, theoretically for years, if they chose to do so.  Since I'm a law abiding soul I don't much give a damn since no one is actually watching most of the time and when someone does watch they are going to be bored to tears.

But criminals aren't going to be too happy.  The what and when of crimes is fairly obvious even without surveillance. The where (as in the case of a shooting victim refusing to tell police where it happened) can be answered by having AI review security footage backwards in time. Once they have the where police can make up a list of possible witnesses by asking the system who was there at that time. At that point the why should be fairly easy to figure out.

Our expectations of privacy are quickly becoming wishful thinking: my remote control responds to voice commands which means it is listening, as are things like Siri (Siri what's the temp outside?) smart speakers and such, my landline phone's speaker/microphone still react to the vibrations of my voice even though that signal is meant to be ignored when hung up...

Very interesting times.",2025-05-25T21:26:07Z,1,farticustheelder,technology,2025-05-26T04:14:38.350484Z
mu481fd,1kuqzt5,reddit,So basically Real steel,2025-05-25T03:40:49Z,51,Throwaway2600k,technology,2025-05-26T04:14:39.393439Z
mu3zuj2,1kuqzt5,reddit,Seems like a great idea ,2025-05-25T02:40:23Z,13,Stillcant,technology,2025-05-26T04:14:39.393450Z
mu3tf1f,1kuqzt5,reddit,RemindMe! 6 Months,2025-05-25T01:56:59Z,10,Bennnnetttt,technology,2025-05-26T04:14:39.393458Z
mu4i9n7,1kuqzt5,reddit,Rock’em Sock’em Robots.. It won’t be anything like the destruction and chaos of Battle Bots .,2025-05-25T05:05:15Z,9,ChatnNaked,technology,2025-05-26T04:14:39.393465Z
mu48rr2,1kuqzt5,reddit,"Till the lights go out, till my leg give out🎶",2025-05-25T03:46:28Z,3,SatoruMikami7,technology,2025-05-26T04:14:39.393472Z
mu4gmws,1kuqzt5,reddit,I'm gonna say this now. Robot fighting will go mainstream in a few years or even less!,2025-05-25T04:50:55Z,5,deleted-ID,technology,2025-05-26T04:14:39.393479Z
mu4qk2p,1kuqzt5,reddit,"If they use AI, why are they remote controlled?",2025-05-25T06:22:25Z,3,jcunews1,technology,2025-05-26T04:14:39.393485Z
mu4gwd9,1kuqzt5,reddit,RemindMe! 6 months,2025-05-25T04:53:11Z,1,deleted-ID,technology,2025-05-26T04:14:39.393492Z
mu6ko5r,1kuqzt5,reddit,"Pretty cool.

I can't imagine the first tournaments like that being too exciting, but as the tech improves? As better frames, actuators, inverse kinematic software and AIs proliferate? Robot wrestling is going to get wild.",2025-05-25T15:07:33Z,1,ACCount82,technology,2025-05-26T04:14:39.393499Z
mu7kgdg,1kuqzt5,reddit,Now this is a good use of robots lmao,2025-05-25T18:05:42Z,1,peilearceann,technology,2025-05-26T04:14:39.393506Z
mu7zi9y,1kuqzt5,reddit,Rock em sock em robots!,2025-05-25T19:24:29Z,1,TheSchlaf,technology,2025-05-26T04:14:39.393513Z
mu8jrnq,1kuqzt5,reddit,This is so exciting but will be so disappointing based on expectations.,2025-05-25T21:12:23Z,1,AcctAlreadyTaken,technology,2025-05-26T04:14:39.393519Z
mu8k44u,1kuqzt5,reddit,Megalo Box was a warning not a guide,2025-05-25T21:14:18Z,1,scrndude,technology,2025-05-26T04:14:39.393526Z
mu98txi,1kuqzt5,reddit,I wonder in what stock(s) a person might invest to get a piece of this action.,2025-05-25T23:41:05Z,1,JustOlderNoWiser,technology,2025-05-26T04:14:39.393533Z
mu4wop5,1kuqzt5,reddit,"The time has come for: 

Unreal....Real Tournament.",2025-05-25T07:23:02Z,1,nyxthebitch,technology,2025-05-26T04:14:39.393540Z
mu51n1d,1kuqzt5,reddit,"I can't wait until Chinese robocop patrol the streets of Taiwan 🫡 Great development China, one step closer to reunification",2025-05-25T08:12:45Z,-2,fufa_fafu,technology,2025-05-26T04:14:39.393547Z
ms9e1w5,1kmdsqb,reddit,"“Dear users,

We are aware that for some months, Nextcloud file uploads for Android users have not been working as expected: you cannot upload all data to your Nextcloud, only photos and videos. We have seen your complaints in various forums such as the Nextcloud help forum, on GitHub, Reddit, or other forums.

As your experience with the Nextcloud Files app for Android has worsened, we wanted to share the background. Google has revoked a critical permission to sync all files. Despite multiple appeals since mid-2024, Google has refused to reinstate it, forcing us to limit file uploads for millions of users.

The Nextcloud file uploads issue means that some media files, such as pictures and videos, can still be uploaded from Android devices to Nextcloud, but all other files cannot. And that is pretty much beating the purpose.

Google is stating security concerns as a reason for revoking the permission. This is hard to believe for us. Nextcloud has had this feature since its inception in 2016, and we have never heard about any security concerns from Google about it. Moreover, several Big Tech apps as well as Google’s own still have this. What we think: Google owning the platform means they can and are giving themselves preferential treatment.

Despite multiple appeals since mid-2024, Google has refused to reinstate the permission, blocking automated Nextcloud file uploads for millions of users.

To make it crystal clear: All of you as users have a worse Nextcloud Files client because Google wanted that. We understand and share your frustration, but there is nothing we can do.

The more tech-savvy of you are certainly able to use the alternative app store, such as F-Droid. But for our user base of roughly one million users on the app store, this will hardly be an option.

For transparency, we have compiled more background below to help you understand the Nextcloud file upload issue and how Google is abusing its gatekeeper position.

Sincerely, the Nextcloud team”",2025-05-14T12:40:33Z,100,frank_datank_,technology,2025-05-26T04:14:40.519403Z
msa5rx5,1kmdsqb,reddit,"Things like that are pushing me further and further from commercial products.

* You don't own anything (everything becomes a subscription)
* You don't have control over your hardware (you need their cloud service)
* You don't have control over the software (you can't use it indefinitely or modify it)

If things go on like this I'll go down the path of setting up a full Linux phone and if banking doesn't work on it I wont use it on mobile. Microsoft & Apple are shoving their methods down your throght as well.

Good thing I already left Microsofts and googles ecosystems, relying only on the bare minimum. Of the big services I only use YouTube, reddit (which I mostly read) and steam (which is supporting Linux pretty well)",2025-05-14T15:08:18Z,18,hyper9410,technology,2025-05-26T04:14:40.519415Z
ms9bre8,1kmdsqb,reddit,"rather than selling Chrome, I think it'll be more interesting if Google is forced to sell Android instead... shit all around.",2025-05-14T12:26:08Z,52,jamal-almajnun,technology,2025-05-26T04:14:40.519423Z
msb93xj,1kmdsqb,reddit,"I've been heavily considering getting a Pixel to get GrapheneOS going recently.

And every Google news that drops is getting me closer and closer to it. Thanks for the constant reassurance Google, you're doing a great job",2025-05-14T18:15:04Z,6,xarkness,technology,2025-05-26T04:14:40.519432Z
ms9rhom,1kmdsqb,reddit,Can they maker their APK available on their website and have users install it outside of the play store? Would that work?,2025-05-14T13:56:55Z,9,Rabo_McDongleberry,technology,2025-05-26T04:14:40.519439Z
msb4u5v,1kmdsqb,reddit,"Why the fuck Google have to bless what the user want to do with they phone they bought?

This is so fucked up.",2025-05-14T17:54:44Z,4,fellipec,technology,2025-05-26T04:14:40.519447Z
msargxa,1kmdsqb,reddit,[removed],2025-05-14T16:52:16Z,1,N/A,technology,2025-05-26T04:14:40.519454Z
msa88mm,1kmc61e,reddit,This is fine.,2025-05-14T15:20:16Z,8,Ok_Philosopher_5860,technology,2025-05-26T04:14:41.424246Z
msb37zb,1kmc61e,reddit,Companies are way too cavalier with their hiring. My current company has never had layoffs because of how tight they are about hiring.,2025-05-14T17:47:16Z,4,grchelp2018,technology,2025-05-26T04:14:41.424258Z
msc0cu1,1kmc61e,reddit,"Their products barely work. I cant wait for there to be another crowd strike scenario, this time from microsoft itself.

Im sure AI will solve critical issues or fundamental design issues.",2025-05-14T20:28:15Z,2,TerriKozmik,technology,2025-05-26T04:14:41.424265Z
msjxac8,1kmc61e,reddit,"Did you see how they just removed licenses from their Non-Profit Grant program and now MSP's and Non-Profits are trying to figure out how to budget an additional, unannounced, increase in costs?  We're talking about 10 licenses, for nonprofits like small churches, local organizations, etc that usually get security, MFA, apps and more from microsoft for free.  4 million of nonprofits, only 5% use microsoft.  It's like a money grab. $550/yr for 10 licenses, multiplied by 200,000 nonprofits, for a $110mil money grab.",2025-05-16T01:36:12Z,1,GamingWithBilly,technology,2025-05-26T04:14:41.424274Z
mslehyr,1kmc61e,reddit,🥱don’t work at Microsoft then,2025-05-16T08:52:22Z,1,getSome010,technology,2025-05-26T04:14:41.424321Z
msbtbnp,1kmc61e,reddit,AI isn't replacing MSFT workers. Money for DGPUs might be tho,2025-05-14T19:53:33Z,1,landwomble,technology,2025-05-26T04:14:41.424345Z
msc2djt,1kmc61e,reddit,Good news: management probably has a spreadsheet that tells them how many gpu's they can purchase or shares they can buyback when they axe you.,2025-05-14T20:39:15Z,0,mcs5280,technology,2025-05-26T04:14:41.424370Z
mtiluqd,1ks4z5f,reddit,Um 1984 in practice.,2025-05-21T18:20:34Z,13,Conscious_Watcher1,technology,2025-05-26T04:14:42.562086Z
mtjuonr,1ks4z5f,reddit,"“The system's use reportedly violates a 2022 city ordinance restricting police facial recognition to targeted searches in violent crime investigations. The law requires officers to log and review each use. Officers must send images to a state-run fusion center, where trained examiners compare them to a database and confirm matches only if at least two experts agree. However, law enforcement officials frequently bypassed this process, relying instead on Project NOLA's automated alerts. Police departments did not document most of the uses in their reports and excluded them from mandatory disclosures to the city council.”

They’ve been using this tech for over 2 years.",2025-05-21T21:55:20Z,8,BarracudaBig7010,technology,2025-05-26T04:14:42.562098Z
ms9m01p,1kmes1h,reddit,"If and I'm 99% of it not happening, if they move manufacturing to the US, the price will be more than double. Factories don't build themselves.",2025-05-14T13:27:00Z,212,CreativeFraud,technology,2025-05-26T04:14:44.216727Z
ms9jow5,1kmes1h,reddit,"They already increased the price in the UK, Europe, Australia, and New Zealand.

It's not if, its when.",2025-05-14T13:13:56Z,42,wirsteve,technology,2025-05-26T04:14:44.216736Z
ms9n1ex,1kmes1h,reddit,Americans don't realize how cheap they get to buy electronics compared to the rest of the world. And it's looking like this would be a global price raise so they get subsidised even more basically.,2025-05-14T13:32:50Z,37,thekk_,technology,2025-05-26T04:14:44.216740Z
msa2rb8,1kmes1h,reddit,"I don't think sony even makes the majority of the components inside a PS5. The major parts are tsmc/AMD. even if they ""manufactured"" in the US, Sony would be importing all the components anyway, which would still be tariffed. At best, the PS5 would simply be assembled and packaged in the US.",2025-05-14T14:53:39Z,3,da_jumpman,technology,2025-05-26T04:14:44.216744Z
ms9lu2o,1kmes1h,reddit,[deleted],2025-05-14T13:26:04Z,9,N/A,technology,2025-05-26T04:14:44.216747Z
ms9mafm,1kmes1h,reddit,Just wait until changes his mind,2025-05-14T13:28:37Z,6,PrussianHero,technology,2025-05-26T04:14:44.216751Z
msa0ago,1kmes1h,reddit,Why move production to the US? Don’t give in. Let Americans feel that their actions have consequences. If you vote stupid expect stupid.,2025-05-14T14:41:31Z,7,Agitated_Ad6191,technology,2025-05-26T04:14:44.216755Z
ms9mjrb,1kmes1h,reddit,"This is dumb. They don't pay the tariffs, we do. They want to raise the price due to less people buying the console due to the tariffs that are handed down to the consumer.",2025-05-14T13:30:05Z,6,ehandlr,technology,2025-05-26T04:14:44.216758Z
msa01xd,1kmes1h,reddit,"This is the game one plays with a Trump style fascist. 

Sony would never move manufacturing to the US as the price would be astronomical to build those factories, hire labor, transfer the components there, assemble, distribute. 

So instead you float it out there so that the politicians will leave you alone. They just want a PR win.",2025-05-14T14:40:22Z,3,redvelvetcake42,technology,2025-05-26T04:14:44.216762Z
msa22ax,1kmes1h,reddit,I wish companies had the courage to just put a label that says there is a new “Republican tax” on top of the normal price.,2025-05-14T14:50:16Z,2,CorneliusCardew,technology,2025-05-26T04:14:44.216766Z
msa2e1z,1kmes1h,reddit,"Words only, you don’t make long term plans based on short term insanity.",2025-05-14T14:51:51Z,2,gandalfsbastard,technology,2025-05-26T04:14:44.216769Z
msa4pa6,1kmes1h,reddit,One of those things is true.,2025-05-14T15:03:03Z,1,stedun,technology,2025-05-26T04:14:44.216773Z
msb4zg5,1kmes1h,reddit,"LOL, i love how all companies are now saying this hoping it will stop the tariffs. It will be nearly impossible and stupid to build these in the US. 

The supply chain system it's so complex that they get the parts from all over the world, moving the production to the US theorically will make the product way more expensive.",2025-05-14T17:55:25Z,1,denisvma,technology,2025-05-26T04:14:44.216777Z
msbani1,1kmes1h,reddit,Yeah no shit. You think Sony is going to eat the traffic cost from the orange dipshit?,2025-05-14T18:22:35Z,1,Tensyrr,technology,2025-05-26T04:14:44.216780Z
mscg4wc,1kmes1h,reddit,Manufacturing or assembly?,2025-05-14T21:48:58Z,1,Anim8nFool,technology,2025-05-26T04:14:44.216784Z
msiaq5r,1kmes1h,reddit,I’m more surprised they didn’t do it before Microsoft did.,2025-05-15T20:07:28Z,1,ShadykillaWolf,technology,2025-05-26T04:14:44.216787Z
msum1ue,1kmes1h,reddit,Built in the US. By robots,2025-05-17T20:36:34Z,1,GoFastAndBreakStuff,technology,2025-05-26T04:14:44.216791Z
msa2fty,1kmes1h,reddit,Even more PS5 Pros to not be sold then.,2025-05-14T14:52:06Z,1,CrustedTesticle,technology,2025-05-26T04:14:44.216794Z
msa9p9e,1kmes1h,reddit,"But if they reverse the tarrifs, will they return the prices? Fuck no, the pandemic prices are still here.",2025-05-14T15:27:11Z,1,Wild_Satisfaction_45,technology,2025-05-26T04:14:44.216798Z
msabw61,1kmes1h,reddit,It would be cool to see sony make stuff here... I still hold out hope for a new Xperia phone some day,2025-05-14T15:37:43Z,0,nariz_choken,technology,2025-05-26T04:14:44.216801Z
ms9r2m6,1kmes1h,reddit,Don't give him what he wants.  Raise the price to cover tariffs,2025-05-14T13:54:43Z,-2,Ok-Replacement6893,technology,2025-05-26T04:14:44.216805Z
ms9k5ec,1kmes1h,reddit,[deleted],2025-05-14T13:16:34Z,0,N/A,technology,2025-05-26T04:14:44.216808Z
ms9zagr,1kmes1h,reddit,"Smart.

The kids get to see their fav game system being built first hand. By their hands.",2025-05-14T14:36:35Z,-3,SelflessMirror,technology,2025-05-26T04:14:44.216812Z
msa7k6x,1kmes1h,reddit,"As long as it’s USA only. 
Then I don’t care.

Don’t do what Xbox did. Raise prices for canada and USA.  
Say it’s not Tarrifs.",2025-05-14T15:17:00Z,-3,heroism777,technology,2025-05-26T04:14:44.216815Z
ms9x6oy,1kmes1h,reddit,I hope manufacturing moves to the US but I doubt it. The PS5 is already overly cost optimized and of questionable build quality. It’s as cheap as it gets. Personally I would definitely pay more for an US-made version but not sure if the mass market would be willing to.,2025-05-14T14:26:07Z,-11,orbital-state,technology,2025-05-26T04:14:44.216819Z
msm6r48,1kny3nu,reddit,Meanwhile ICE agents are arresting people for asking to see credentials.,2025-05-16T12:42:25Z,26,Tex-Rob,technology,2025-05-26T04:14:45.225399Z
msmzw4s,1kny3nu,reddit,"Deepfaked audio has made plain old telephone calls completely untrustworthy. 
I mean, they be always been *very* untrustworthy, but you can’t even trust recognizing the other person’s voice anymore. 

Can we please, now, implement some actual authentication and security on telephone calls? Maybe force the carriers to actually upgrade and fix some of the issues? Why do we keep allowing phone scams to be a thing, what’s the overriding value on preserving compatibility with older than dirt landlines anymore?",2025-05-16T15:17:06Z,9,Due_Satisfaction2167,technology,2025-05-26T04:14:45.225404Z
msltpt7,1kny3nu,reddit,I'm having a hard time imagining deepfake FBI being worse than current FBI,2025-05-16T11:13:08Z,16,dedjedi,technology,2025-05-26T04:14:45.225406Z
msng14j,1kny3nu,reddit,"We don't need to regulate this AI stuff!

\-- US Republican Party",2025-05-16T16:35:29Z,4,FreddyForshadowing,technology,2025-05-26T04:14:45.225408Z
mslvpab,1kny3nu,reddit,"Wait, Kamala Harris, is that you?  You need me to do what? Get some Google Play cards and visit a Bitcoin ATM so you can get your niece back from kidnappers or they will also steal your Apple ID?  I got you Kamala.",2025-05-16T11:28:03Z,2,ChillAMinute,technology,2025-05-26T04:14:45.225410Z
msmth9u,1kny3nu,reddit,Welcome to “ The Terminator times. The vision comes true. “,2025-05-16T14:45:49Z,1,RebelStrategist,technology,2025-05-26T04:14:45.225413Z
msn8agf,1kny3nu,reddit,Great way to get people to stop picking up the phone,2025-05-16T15:57:34Z,1,AustinSpartan,technology,2025-05-26T04:14:45.225415Z
msofmn1,1kny3nu,reddit,I don't answer the phone unless it's someone I know. No reason to even answer most phone calls.,2025-05-16T19:32:23Z,1,rupiefied,technology,2025-05-26T04:14:45.225417Z
mspy5gt,1kny3nu,reddit,"Darth Vader called me the other day and I sent him $30,000 in target gift cards.  Did I get scammed??!!",2025-05-17T00:50:20Z,1,krum,technology,2025-05-26T04:14:45.225419Z
msq1eln,1kny3nu,reddit,Imagine deepfake radio channels for boomers.,2025-05-17T01:11:04Z,1,GlowstickConsumption,technology,2025-05-26T04:14:45.225421Z
msqsk9h,1kny3nu,reddit,"Cool, between ICE having no identification and deep fakes convincing us that they are official... What the fuck.",2025-05-17T04:19:30Z,1,Sardonislamir,technology,2025-05-26T04:14:45.225423Z
msug52f,1kny3nu,reddit,The Emperor warned us about Silica Animus. ,2025-05-17T20:04:10Z,1,Stabilizer_Jenkins,technology,2025-05-26T04:14:45.225426Z
mrknxbi,1kj3kou,reddit,"Is this the problem where the AI recycles AI content? 

It’s kind of killing Google for me. I don’t know what to trust.",2025-05-10T11:39:43Z,82,porncollecter69,technology,2025-05-26T04:14:46.641502Z
mrkatgd,1kj3kou,reddit,[deleted],2025-05-10T09:37:57Z,50,N/A,technology,2025-05-26T04:14:46.641513Z
mrldrpo,1kj3kou,reddit,"I wanted a list of the first names of all the players in the Leeds United squad that just won the English Championship (for naming a child). Rather than type it myself I asked OpenAI, ChatGPT and Deepseek to do it for me. They all made stuff up, a combination of about 50% correct players, 30% ex players, and 20% players who never played for Leeds. When called out on it, they just made up other players. I was shocked at both how incorrect they were and the alacrity with which they invented stuff. Scary.",2025-05-10T14:29:15Z,18,buckwurst,technology,2025-05-26T04:14:46.641521Z
mrkor21,1kj3kou,reddit,Because language bears little relation to truth,2025-05-10T11:46:17Z,20,CanYouPleaseChill,technology,2025-05-26T04:14:46.641533Z
mrjvkc0,1kj3kou,reddit,How long until it hallucinates some insane new conspiracy theory and is the new QAnon?,2025-05-10T07:00:56Z,19,9-11GaveMe5G,technology,2025-05-26T04:14:46.641541Z
mrkvp6l,1kj3kou,reddit,"AI hallucinations remind me of misinformation spread by MAGA, anti-vaxxers, totalitarian regimes etc. AI suffers from the same issues that plague human population.",2025-05-10T12:37:30Z,26,BeatTheMarket30,technology,2025-05-26T04:14:46.641548Z
mrlb4yw,1kj3kou,reddit,"Okay, way above my paygrade here but, just as a logical matter, I would imagine that AI works beautifully in a ""closed end"" (maybe there's a better word for it) system such as AlphaGo, where the correct answer (the correct move on the Go board) can be clearly defined. Same for Chess. Same for radiology or astronomy (identifying selected objects in a given star field). In all these cases, human beings can train AI with clear yes and no answers. I would imagine that the problem with chatbots (and the like) is that they're open ended (and their mistakes are self-reinforcing). There's no one to step in and correct AIs output. There's simply too much of it; and I don't see how this is going to change. Ultimately, AI is **not** intelligent and never will be. It's just an elegant algorithm with no way to correct itself in the absence of input that (like learning to play a board game) provides clear and consistent right/wrong feedback.",2025-05-10T14:14:16Z,6,Generic_Commenter-X,technology,2025-05-26T04:14:46.641555Z
mrkx8yh,1kj3kou,reddit,"If only AI content was required to attach a digital flag that marked it as AI generated. 


So that both 


1. Future AI could ignore anything with a tag when acquiring new learning material. 


2.  Identification of AI content could be made super easy for all legal purposes should any laws ever be made regarding AI content or its prohibition in certain contexts.


It's not too late for congress to mandate such digital tags if they weren't all ancient tech illiterates that are still trying to figure out how the internet works",2025-05-10T12:47:58Z,6,mrbananas,technology,2025-05-26T04:14:46.641562Z
mrmx66n,1kj3kou,reddit,model collapse,2025-05-10T19:35:01Z,1,Specialist_Brain841,technology,2025-05-26T04:14:46.641570Z
mrokk15,1kj3kou,reddit,"Do yourselves a favour, get a library card.",2025-05-11T01:41:39Z,1,ThatsItImOverThis,technology,2025-05-26T04:14:46.641577Z
mroag4a,1kj3kou,reddit,"They jump to some conclusions here. Hallucination is mainly a factor when the context isn't provided. I view this as a feature, it's the ""imagination"" of the agent. If you are treating LLMs as knowledge recall you are looking at them wrong. They are functions, and the input leads to an output. Don't leave room for imagination in the input and they won't imagine much in the output.

E.g. O3 + Deep Research is going to give you a pretty well cited, factual document after it spends 30 minutes validating every line item and citing everything from external sources. 

It's not really the right way to look at LLMs and expect them to be accurate out of the box, but they can seek accuracy at the application layer if that is how you choose to use them.",2025-05-11T00:35:17Z,1,HaMMeReD,technology,2025-05-26T04:14:46.641584Z
mrkdaki,1kj3kou,reddit,This sub is so heavily biased against AI. I don't get it. You guys must be having a difficult time these days.,2025-05-10T10:03:09Z,-40,TheBlueArsedFly,technology,2025-05-26T04:14:46.641592Z
mrl1oea,1kj3kou,reddit,[deleted],2025-05-10T13:16:41Z,-8,N/A,technology,2025-05-26T04:14:46.641598Z
mrkxwdy,1kj3kou,reddit,This problem will eventually be solved. I think its wishfull thinking to look at this as a fatal flaw in the tech.,2025-05-10T12:52:15Z,-8,LastWave,technology,2025-05-26T04:14:46.641605Z
mr8ey8w,1khorbc,reddit,Seems like a shortsighted business decision to not offer a product that may sell based on what you think they need.,2025-05-08T12:25:06Z,167,Tyrrox,technology,2025-05-26T04:14:47.759366Z
mr8ip8y,1khorbc,reddit,"So, basically telling European companies that if they want the highest-end products, they shouldn't buy Toshiba.",2025-05-08T12:48:34Z,76,JonPX,technology,2025-05-26T04:14:47.759379Z
mr9blay,1khorbc,reddit,Well GTA6 release is next year. So we will need about half that drive for that .,2025-05-08T15:20:19Z,15,DaveCootchie,technology,2025-05-26T04:14:47.759388Z
mr9flmd,1khorbc,reddit,Probably because they shipped all the high end stuff to the USA before the tariffs and some PR guy invented this response,2025-05-08T15:39:42Z,13,Aegan23,technology,2025-05-26T04:14:47.759395Z
mr9dii1,1khorbc,reddit,Exclude region with stronger consumer protection for unclear reason. I wonder what real rreason could be.,2025-05-08T15:29:36Z,25,Kogster,technology,2025-05-26T04:14:47.759403Z
mr8l2w2,1khorbc,reddit,What an incredibly bizarre statement based on literally nothing.,2025-05-08T13:02:45Z,63,Ruddertail,technology,2025-05-26T04:14:47.759410Z
mr9fjw9,1khorbc,reddit,"This from the company that back in the 90s published advertisements that said, ""We have developed this one-and-a-half inch hard drive. What can you do with it?"" And that's when Apple incorporated it into their new product, the iPod.",2025-05-08T15:39:28Z,7,iconocrastinaor,technology,2025-05-26T04:14:47.759418Z
mr9tbf3,1khorbc,reddit,"Very misleading headline and article!

Toshiba apparently won't sell their N300 (pro) NAS hard drives in Europe, while their ""Enterprise"" and ""Cloud Scale"" drives are very much available in Europe in 24TB.

\*Also the N300 variants seems to be more expensive while having shorter warranty so I'm not quite sure why they exist in the first place",2025-05-08T16:46:42Z,5,default_value,technology,2025-05-26T04:14:47.759426Z
mr9m4z4,1khorbc,reddit,"Toshiba didn't say that explicitly. They launched these in late 2024 to Asian and Australia first. 


They've recently started importing and selling them in the UK and the US. Europe hasn't started yet. 


They don't start sales everywhere at once. Presumably because you can't mass produce things on day 1. Starting in smaller markets to monitor error rates and production issues, whilst you ramp up. Makes complete sense. ",2025-05-08T16:11:18Z,4,_Darren,technology,2025-05-26T04:14:47.759433Z
mr8mnq7,1khorbc,reddit,TIL the UK isn't in Europe.,2025-05-08T13:11:59Z,10,SunburnedSherlock,technology,2025-05-26T04:14:47.759441Z
mr93j6y,1khorbc,reddit,"It doesn’t seem that crazy, company decides there is not enough demand (and I guess enough profit) to warrant selling and marketing a product there",2025-05-08T14:40:47Z,2,Important_Material92,technology,2025-05-26T04:14:47.759448Z
mr913sj,1khorbc,reddit,Give it time - the demand in Europe will increase as people put on the eye path and hoist the black flag when searching for American movies/TV.,2025-05-08T14:28:44Z,2,sniffstink1,technology,2025-05-26T04:14:47.759456Z
mr8p7n5,1khorbc,reddit,U.K. is in europe by the way,2025-05-08T13:26:29Z,-4,ms-fanto,technology,2025-05-26T04:14:47.759463Z
mr8u5wx,1khorbc,reddit,"For these high capacity mechanical drives, at some point the drives are too slow for their size anyway. Like when it starts taking 24+ Hours to read from the whole drive etc",2025-05-08T13:53:18Z,-13,purplemagecat,technology,2025-05-26T04:14:47.759470Z
mpl1sxa,1kaa79b,reddit,"This fucking headline, the bill does no such thing.

This is a pretense for the federal government to censor the internet, and we just gave trump the gun.",2025-04-29T01:22:22Z,426,yuusharo,technology,2025-05-26T04:14:49.951536Z
mpkqfzd,1kaa79b,reddit,thats not what this bill is about,2025-04-29T00:15:41Z,338,timshel42,technology,2025-05-26T04:14:49.951543Z
mpkw4pz,1kaa79b,reddit,So bots can flood truth social with deepfake uploads and shut it down?,2025-04-29T00:48:54Z,77,beecraftr,technology,2025-05-26T04:14:49.951547Z
mpl9ojo,1kaa79b,reddit,"Trumps a fan. [Just not for taking down deepfakes.](https://www.techdirt.com/2025/03/06/trump-promises-to-abuse-take-it-down-act-for-censorship-just-as-we-warned/)

>During his address to Congress this week, Donald Trump endorsed the Take It Down Act while openly declaring his plans to abuse it: “And I’m going to use that bill for myself too, if you don’t mind, because nobody gets treated worse than I do online, nobody.”",2025-04-29T02:08:40Z,22,chaosfire235,technology,2025-05-26T04:14:49.951551Z
mpkwmg0,1kaa79b,reddit,So basically when someone posts an AI video of Trump sucking Putin’s toes (already posted) then the government can shutdown Reddit?,2025-04-29T00:51:46Z,44,GadreelsSword,technology,2025-05-26T04:14:49.951555Z
mpkokrg,1kaa79b,reddit,Rep. Eric Burlison (Missouri) & Rep. Thomas Massie (Kentucky) were the only ones to vote no.,2025-04-29T00:04:50Z,27,cmaia1503,technology,2025-05-26T04:14:49.951558Z
mplp4ed,1kaa79b,reddit,Sure that’s the only thing that it bans. Not content that mocks the lamemperor. [example](https://youtube.com/@jeremynewberger?si=xtg6XwsCckOlq4fA),2025-04-29T03:44:29Z,3,braxin23,technology,2025-05-26T04:14:49.951562Z
mplu3t4,1kaa79b,reddit,BULL SHIT that's what it does.,2025-04-29T04:20:17Z,3,rbrgr83,technology,2025-05-26T04:14:49.951566Z
mpm3r6u,1kaa79b,reddit,"So if I’m understanding this correctly.

If I was offended by a Truth social post, I could file a complaint to have the site take down the post? Or if enough people complained, the site could be taken down?",2025-04-29T05:36:43Z,3,RMRdesign,technology,2025-05-26T04:14:49.951569Z
mplypza,1kaa79b,reddit,"Welp, I need to generate some deep fakes while I still can.",2025-04-29T04:55:33Z,2,phxees,technology,2025-05-26T04:14:49.951573Z
mpm0v4t,1kaa79b,reddit,"It’s about to get real hard to have a private digital conversation or post any opinions or images of Trump that aren’t flattering.

Buckle up buckaroos…..  this law is about to be about everything except revenge porn.",2025-04-29T05:12:17Z,2,DjImagin,technology,2025-05-26T04:14:49.951577Z
mpn5jd8,1kaa79b,reddit,I mean that's neat and all but too bad nobody will enforce anything.,2025-04-29T11:40:52Z,2,KyonSuzumiya,technology,2025-05-26T04:14:49.951581Z
mpnl44d,1kaa79b,reddit,"A rare W from Congress?

No, it's like saying loud noises aren't allowed in public settings anymore but really the guy who is in charge of enforcing that doesn't have any rules to follow and would love nothing more than to kick down your door and arrest you for whispering in your home, just because you were whispering something he didn't like.",2025-04-29T13:19:29Z,2,ZogIII3,technology,2025-05-26T04:14:49.951585Z
mpkuca3,1kaa79b,reddit," Some good news is the law won't come into force for another 6 months to a year.

(A) ESTABLISHMENT .—Not later than year after the date of enactment of this Act, covered platform shall establish a process whereby an identifiable individual (or an au- thorized person acting on behalf of such indi- vidual)

https://www.congress.gov/119/bills/s146/BILLS-119s146es.pdf

The FTC also a mess right now.

Everyone should contact their lawmakers!

https://www.badinternetbills.com/

support the EFF and FFTF.

Link to there sites

www.eff.org

www.fightforthefuture.org",2025-04-29T00:38:26Z,6,vriska1,technology,2025-05-26T04:14:49.951588Z
mpl9uep,1kaa79b,reddit,Guess R’s won’t have anything to watch anymore.,2025-04-29T02:09:38Z,2,RebelStrategist,technology,2025-05-26T04:14:49.951592Z
mpm4j4y,1kaa79b,reddit,Please don't take down ScaredKetchup.,2025-04-29T05:43:37Z,1,Too_Beers,technology,2025-05-26T04:14:49.951596Z
mpn3on4,1kaa79b,reddit,"So, the real videos of certain Congressmen can’t be released now.  The bribe money ends!",2025-04-29T11:27:04Z,1,CDavis10717,technology,2025-05-26T04:14:49.951599Z
mpoc1wt,1kaa79b,reddit,I'm going to suggest that the rest of the world needs to build up some services like YouTube and such that isn't within the reach of the US because we're heading towards a future where a British content creator could get fucked over simply using YT and having his account taken down.,2025-04-29T15:36:19Z,1,obliviousofobvious,technology,2025-05-26T04:14:49.951603Z
mpp7erq,1kaa79b,reddit,AOC porn is the best,2025-04-29T18:05:58Z,0,Impossible-Bed9762,technology,2025-05-26T04:14:49.951607Z
mpkshem,1kaa79b,reddit,MTG got mad that no one wanted to see “her” naked,2025-04-29T00:27:36Z,-14,FullGirth,technology,2025-05-26T04:14:49.951610Z
mpkolj1,1kaa79b,reddit,This is good but I wish we could ban all deepfakes like it shouldn’t be a thing.,2025-04-29T00:04:57Z,-45,Individual_Respect90,technology,2025-05-26T04:14:49.951614Z
mpkp72n,1kaa79b,reddit,[deleted],2025-04-29T00:08:27Z,-4,N/A,technology,2025-05-26T04:14:49.951617Z
mpkpw4g,1kaa79b,reddit,[removed],2025-04-29T00:12:27Z,-82,N/A,technology,2025-05-26T04:14:49.951621Z
mqngkra,1kf1k4o,reddit,"How’s this for some half-assed BS?

*If they pass the inspection, the dealer will replace the oil filter, oil cap, and add higher-viscosity 0W-40 oil, according to GM’s internal service bulletin for the recall. Engines that don’t pass inspection will be repaired or replaced.*

The solution is what now? Thicker oil? That’s what you do on your 250k mile beater truck when the gasket leaks start to get gnarly. 

That is a shitload of vehicles, you can get why they don’t want to replace every engine, but those not getting a new engine are getting boned. Gonna be a serious depreciation hit too, because who’s going to trust these motors to go 200k+?

What kind of design defect is solved by a new oil cap?",2025-05-05T03:40:56Z,65,MonsieurReynard,technology,2025-05-26T04:14:51.062929Z
mqngyzf,1kf1k4o,reddit,"""The safety and satisfaction of our customers are the highest priorities for the entire GM team…""

Funny, that’s not at all what I experienced.

After dealing with the same transmission issue on two different Chevy Express vans a few years apart, both developing identical shaking at 40,000 miles during highway speeds and ultimately tearing themselves apart around the 140,000-mile mark, I was met not with solutions, but shrugs.

What I got from GM was more like:
""We looked at it, but sorry, we don't know why it's shaking like that. It's unfortunate. Just keep driving it..? We don't know what to tell you.""

I paid over $3,800—twice—to rebuild two separate transmissions because of the same defect. I later found out I wasn’t alone; plenty of other people experienced the same problem. It's so widespread it even has a name: the “Chevy Shake.”

EDIT: Hey GM, if you’re reading this, I get it, I’m just one person. You care less about me than a dropped bolt on the assembly line floor. But the way you cost me several thousands of dollars and dismissed the issue not once, but twice, guarantees I’ll never buy another GM product. I know, not even peanuts to your billions in annual revenue.

That's okay, though. Since that second debacle, I’ve purchased a fleet of work vehicles and not one of them sports a GM badge...and none ever will.

If you’d just owned up to your manufacturing defect and done the right thing, you’d have kept a loyal customer and made your money back many times over.",2025-05-05T03:43:43Z,40,Giveaway_Guy,technology,2025-05-26T04:14:51.062940Z
mqnqwq9,1kf1k4o,reddit,"If you're still buying GM, you kinda have whatever happens coming ",2025-05-05T05:03:28Z,20,lab-gone-wrong,technology,2025-05-26T04:14:51.062948Z
mqnd5h0,1kf1k4o,reddit,This worries me for sure as I have a 2020 6.2 Silverado. I understand they call out 21-24 but who’s to say they’re not just trying to avoid more damage control.,2025-05-05T03:17:01Z,15,chasehundreds,technology,2025-05-26T04:14:51.062955Z
mqni8bu,1kf1k4o,reddit,Maybe fix the lifter issue that has plagued your engines for the last 18 years…,2025-05-05T03:52:54Z,12,Legionof1,technology,2025-05-26T04:14:51.062962Z
mqnfy0s,1kf1k4o,reddit,That’s gonna be expensive for GM,2025-05-05T03:36:24Z,7,hikeonpast,technology,2025-05-26T04:14:51.062968Z
mqngwan,1kf1k4o,reddit,[deleted],2025-05-05T03:43:11Z,14,N/A,technology,2025-05-26T04:14:51.062975Z
mqo8dpc,1kf1k4o,reddit,6.2 liter lol imagine ridding this in europe. We pay 8 euros per gallon.  So that almost 9 dollars in the US.,2025-05-05T07:57:30Z,8,Garia666,technology,2025-05-26T04:14:51.062982Z
mqntfvs,1kf1k4o,reddit,GM and Boeing are not to be trusted anymore.,2025-05-05T05:26:04Z,9,abdallha-smith,technology,2025-05-26T04:14:51.062988Z
mqotoji,1kf1k4o,reddit,Complete horseshit they don't have to give you a new engine.,2025-05-05T11:23:18Z,3,MonkeeFrog,technology,2025-05-26T04:14:51.062995Z
mqovibg,1kf1k4o,reddit,"Same. Suburban 105,000 miles and was on its third transmission. Driven lightly by soccer mom. Absolute POS vehicle - will never buy there again.",2025-05-05T11:37:05Z,3,SeventyFix,technology,2025-05-26T04:14:51.063001Z
mqobqxu,1kf1k4o,reddit,*Chevy... together let's not drive*,2025-05-05T08:33:51Z,2,Ok-Seaworthiness4488,technology,2025-05-26T04:14:51.063008Z
mqp1url,1kf1k4o,reddit,Nothing like American made.,2025-05-05T12:21:51Z,2,Smrleda,technology,2025-05-26T04:14:51.063014Z
mqp4bmu,1kf1k4o,reddit,And now they don’t have enough skilled technicians to handle the work. I have a 2024 Buick Enclave that has a slipping Transmission Concern. They said 5 weeks before they can diagnose it. I can’t go anywhere else too.,2025-05-05T12:38:18Z,2,mormayo,technology,2025-05-26T04:14:51.063021Z
mqq837e,1kf1k4o,reddit,"My ex had a 2012 Chevy Malibu hybrid that was a clunker. 2 types of powertrain issues to deal with and acres of that cheap GM plastic. Looked like a scaled up off-brand powerwheels and turned like one too. One day, one of the headlights burned out. “No problem” I said, foolishly “this is just a quick trip to autozone plus like 5 minutes to actually install. Easy”. We get back home and look up “change 2012 Malibu headlight” videos. My cavalier attitude sours. I’m seeing youtube thumbnails where shade tree mechanics have entire bumper covers removed. The “easy way” where the front of the car is on **jack stands** so he could more readily access the headlight through the wheel well. Awful, and similar experiences replacing a low voltage battery and an alternator. 

Anyway, fuck GM. If you make a car that requires taking a wheel off to change a headlight, I’m not surprised your engines might grenade themselves",2025-05-05T16:10:01Z,1,DiezDedos,technology,2025-05-26T04:14:51.063027Z
mr1pjex,1kf1k4o,reddit,"Yeah...gave up on American about 2015. My one and only American car (Jeep)

Dumped that PoS...sorry whomever ended up with it. Enjoy the surprise transmission issues and random crap breaking because it's so cheaply made.

Then GMC dropped CarPlay support. Yeah. You know...that's just a blatant and desperate cash grab.

Thanks but...I'll take my ""anything but American"" car...thanks.",2025-05-07T11:23:58Z,1,Awkward-Sun5423,technology,2025-05-26T04:14:51.063034Z
mr2oade,1kf1k4o,reddit,Why anyone buys American cars is a mystery to me.,2025-05-07T14:47:04Z,1,ComfortableSock2044,technology,2025-05-26T04:14:51.063040Z
mry9z0r,1kf1k4o,reddit,This is complete BS.  GM customer service and the dealer stated they have no remedy and no ETA for a remedy.,2025-05-12T18:00:33Z,1,user75811216,technology,2025-05-26T04:14:51.063046Z
mqp68go,1kf1k4o,reddit,I’m glad this engine is in the presidents limo.,2025-05-05T12:50:36Z,1,bonzoboy2000,technology,2025-05-26T04:14:51.063053Z
mtbpijp,1kr9hme,reddit,Nothing I love more than paying more for features that are bad and that I do not want!,2025-05-20T16:59:30Z,108,vomitHatSteve,technology,2025-05-26T04:14:52.377709Z
mtcsehg,1kr9hme,reddit,"As someone who has used Photoshop since v. 1, I can attest that Adobe has really declined as a company. I now use their products for work, and though I have little say in which plan we use, I am constantly being up-sold. And their rush to integrate AI into everything seems silly. Definitely don’t need AI to print a PDF. 

Their decision to charge me for cancelling a software subscription (a business model THEY pushed on users) was the final straw. I’m willing to pay for a quality product when I use it, but if Adobe is going to continue with punitive fee structures, screw them.",2025-05-20T20:08:17Z,30,ubix,technology,2025-05-26T04:14:52.377735Z
mtcnv1j,1kr9hme,reddit,"Big shout out to affinity, lets hope their connection with Canva doesnt mess things up",2025-05-20T19:45:37Z,11,NewTickyTocky,technology,2025-05-26T04:14:52.377748Z
mtbzs4o,1kr9hme,reddit,sounds like a new lawsuit in the making.,2025-05-20T17:48:01Z,26,mca1169,technology,2025-05-26T04:14:52.377761Z
mtckgdh,1kr9hme,reddit,I dont need AI in my PDF editing and printing. Nor do I ever see a use case for it.,2025-05-20T19:28:44Z,6,MontasJinx,technology,2025-05-26T04:14:52.377771Z
mtd17hh,1kr9hme,reddit,"For those it may concern:

[https://github.com/KenneyNL/Adobe-Alternatives](https://github.com/KenneyNL/Adobe-Alternatives)",2025-05-20T20:51:35Z,11,Maunderlust,technology,2025-05-26T04:14:52.377778Z
mtc6kkk,1kr9hme,reddit,Adobe is a pos company to begin with,2025-05-20T18:20:45Z,13,Oleleplop,technology,2025-05-26T04:14:52.377785Z
mtc5bbz,1kr9hme,reddit,Thank god I migrated off from the Adobe stack.,2025-05-20T18:14:33Z,7,Silicon_Knight,technology,2025-05-26T04:14:52.377791Z
mtc6zwm,1kr9hme,reddit,"One of the worst corporations out there. Adobe, Autodesk, they are monopolies and should be investigated.",2025-05-20T18:22:51Z,7,jsuue,technology,2025-05-26T04:14:52.377798Z
mtc17tf,1kr9hme,reddit,Why not switch us automatically to the cheaper plan?  Perhaps a judge needs to answer that for Adobe.,2025-05-20T17:54:52Z,2,GestureArtist,technology,2025-05-26T04:14:52.377805Z
mtcpq72,1kr9hme,reddit,"Let me guess

The generative powered spot healing tool in Lightroom won’t be available on the prior standard plan?",2025-05-20T19:54:55Z,2,Portatort,technology,2025-05-26T04:14:52.377812Z
mtdeygy,1kr9hme,reddit,Man I wish there were better Adobe alternatives out there.,2025-05-20T22:02:32Z,2,Squibbles01,technology,2025-05-26T04:14:52.377819Z
mtdcish,1kr9hme,reddit,"I saw a Black Mirror episode about this.

It has Chris O'Dowd in it.

""HAVE YOU TRIED UNINSTALLING ADOBE?""",2025-05-20T21:49:33Z,1,almost_not_terrible,technology,2025-05-26T04:14:52.377826Z
mteeq2l,1kr9hme,reddit,Fuck subscriptions,2025-05-21T01:29:12Z,1,pissedoffjesus,technology,2025-05-26T04:14:52.377833Z
mtn52nu,1kr9hme,reddit,Looks like there will be more genp (or monkrus) searches on Google.,2025-05-22T12:15:36Z,1,Niva_v_kopirce,technology,2025-05-26T04:14:52.377840Z
mu3y6h2,1kr9hme,reddit,"I'm really getting tired of companies forcing AI on everything.

I wish someone would come up with a good open source equivalent to After Effects. That's my last main holdout from ditching Adobe, nothing so far comes close to what I need that I have found.

But forcing AI on everyone just makes me look harder for alternatives.",2025-05-25T02:29:12Z,1,johnfl68,technology,2025-05-26T04:14:52.377847Z
mtbmj1q,1kr9hme,reddit,"I work for Adobe. Just want to provide a quick overview of the plans.

There are now two offerings for Creative Cloud.

Creative Cloud Pro, which includes everything in Creative Cloud, unlimited standard ai generations (image / vector), and 4000 credits for premium generations (video / audio) a month. Also includes full access to web / mobile apps. Is $69.99 a month (for annual commitment).

Creative Cloud standard, which has limited ai support (25 gen credits a month), and access to the free tier of web / mobile apps. Cost $5 less per month than current CC plan.

CC Standard is available for existing and new users.

More info here:  
[https://www.reddit.com/r/Adobe/comments/1knkgk6/updated\_creative\_cloud\_offerings\_announcement/](https://www.reddit.com/r/Adobe/comments/1knkgk6/updated_creative_cloud_offerings_announcement/)",2025-05-20T16:45:21Z,-46,mikechambers,technology,2025-05-26T04:14:52.377853Z
mpostth,1kasrm4,reddit,"Like others have said this is a well-intentioned, the provisions provided in its takedown system and overly broad language are insufficient to prevent its measures from being abused by bad actors who would use it to remove speech, images, and information they disagree, Congress could of fix this and put strong safeguard that protect everyone but they did not.


The worry is with the bill is there no real safeguard to make sure what being reported is in fact a deep fake and it gives sites only 48 hours to check, and a site would not need to make a appeal system if the wrong thing taken down.


Sadly the bill has passed the House and Senate and will become law soon, but it's likely to be challenge in court and not go into force for another year.


A) ESTABLISHMENT .—Not later than year after the date of enactment of this Act, covered platform shall establish a process whereby an identifiable individual (or an au- thorized person acting on behalf of such indi- vidual)

https://www.congress.gov/119/bills/s146/BILLS-119s146es.pdf 

The FTC also a mess right now.

Everyone should contact their lawmakers!

https://www.badinternetbills.com/

support the EFF and FFTF.

Link to there sites

www.eff.org

www.fightforthefuture.org 


I also understand there is a sense of hopelessness here on this sub and other but I don't agree with people saying we should act like courts don't matter anymore and Trump can do what he wants because this hurts and undermines the fights against bills and laws like this. We need to keep supporting lawyers and groups who are trying to fix this instead of telling them there actions do not matter.",2025-04-29T16:57:53Z,36,vriska1,technology,2025-05-26T04:14:53.397009Z
mppepae,1kasrm4,reddit,MAGA needed a way to take down internet posts.. Enter this thing..,2025-04-29T18:41:11Z,11,RobbyRock75,technology,2025-05-26T04:14:53.397021Z
mpqgrlq,1kasrm4,reddit,"The eventual end-point of the path we're on in regards to 'deepfake porn legislation' most likely ends in universal digital government ID's, and those come with digital currency; I can't see any other path barring some unforeseen black swan type change in the landscape.

It's not even just deepfakes but AI in the general.

Realistically, it's quite likely that the most disruptive AI use cases or adaptations have yet to be seen and involves concepts and situations no one has even thought of yet, because we're still several leaps away.

On top of that there are serious forces n our government who want full control and ubiquitous surveillance, even more than they have now, and they routinely use situation like these to accomplish those goals. This will become a lighting rod for the surveillance and censorship hawks, as it gives them a path forward.

No question this intent behind these use cases is and should be illegal, but there isn't any legislation that satisfy my freedoms-muster as of yet.",2025-04-29T21:45:25Z,7,Intelligent-Feed-201,technology,2025-05-26T04:14:53.397028Z
mpp6len,1kasrm4,reddit,How will this affect Reddit ?,2025-04-29T18:02:02Z,7,nobackup42,technology,2025-05-26T04:14:53.397035Z
mposbur,1kasrm4,reddit,Might want to start with Elon's X platform - the cesspool of porn that it is... Then hit Truth Social... Lots of deep fake lies in there too.,2025-04-29T16:55:33Z,18,MillionBans,technology,2025-05-26T04:14:53.397046Z
mpry7ci,1kasrm4,reddit,Why are people acting like it's some conspiracy that this will be misused when Trump literally said he wanted to use it for censorship already?,2025-04-30T02:45:44Z,3,BolaSquirrel,technology,2025-05-26T04:14:53.397053Z
mpqcxix,1kasrm4,reddit,"Anything that passes, someone will think it went to far and someone else will think it didn't go far enough.

The proof, as always, will be in the pudding of time 👍",2025-04-29T21:25:47Z,-1,nucflashevent,technology,2025-05-26T04:14:53.397060Z
mtv2qph,1kto068,reddit,"[Non-Paywalled version](https://9to5mac.com/2025/05/23/tim-cook-calls-texas-governor-over-age-verification-bill/).

TL;DR: Cook's argument is that the bill would require companies like Apple to collect age information every time someone downloaded an app. I'm sure the GOP version will be something to the effect of calling Cook a groomer.",2025-05-23T16:42:59Z,106,FreddyForshadowing,technology,2025-05-26T04:14:54.545855Z
mtydnzm,1kto068,reddit,Tim Cook is based and Texas is cooked. It should be the opposite. California should be the ones getting all the Draconian dystopian bills. Not our free state of texas. But instead the preachers and the idiots and the hypocrites have gotten into the legislature and now want to f*** with your children and want to f*** with your liberties and f*** with your privacy and f*** with your anonymity. Get the f*** out of our lives government. This is big government.,2025-05-24T03:51:40Z,-9,Ging287,technology,2025-05-26T04:14:54.545874Z
mrkioto,1kj7hbr,reddit,"Yeah, it's a huge issue. These data centers require an insane amount of water to keep cool, and it's definitely not helping areas that are already struggling with drought.",2025-05-10T10:55:10Z,26,UniqueBabeDoll,technology,2025-05-26T04:14:55.507835Z
mrm9ecf,1kj7hbr,reddit,Is that an AI picture in the article about how AI is unsustainable?,2025-05-10T17:22:20Z,2,motherlessbreadfish,technology,2025-05-26T04:14:55.507848Z
mroew1g,1kj7hbr,reddit,People realize these water cooling systems are mainly close loop right? Very view constantly drain from a natural source,2025-05-11T01:04:21Z,2,cGARet,technology,2025-05-26T04:14:55.507856Z
mrkibim,1kj7hbr,reddit,"Tech giants including Amazon, Microsoft, and Google are fuelling water consumption concerns as they build AI data centers in drought-prone regions, new investigations reveal.

A Bloomberg analysis found that more than two-thirds of new data centers built since 2022 are located in water-stressed regions, places where people are already struggling to access clean water. These aren’t isolated sites: approximately 160 new AI-focused data centers have been built in the US over the past three years, a 70% increase from the previous three-year period.

“The problem has only deepened in the years since ChatGPT kicked off an AI frenzy,” Bloomberg reported.

  
These data centers that power AI tools and cloud services rely heavily on evaporative cooling, a process that consumes millions of liters of water daily to prevent servers from overheating. According to the International Energy Agency (IEA), a single 100-megawatt data center can use up to 2 million liters of water per day, roughly equal to the daily water use of 6,500 households.",2025-05-10T10:51:47Z,3,Wagamaga,technology,2025-05-26T04:14:55.507864Z
mrni2zc,1kj7hbr,reddit,Brilliant tech bros who can't hit their asses with both hands.,2025-05-10T21:35:52Z,1,Spirited_Childhood34,technology,2025-05-26T04:14:55.507871Z
mro7inb,1kj7hbr,reddit,does anyone know how much water they use compared to other industries?,2025-05-11T00:15:43Z,1,FernandoMM1220,technology,2025-05-26T04:14:55.507881Z
mqcdnko,1kdmqku,reddit,Make companies responsible for these breaches charge 10k per person effected and the security will be treated seriously.,2025-05-03T09:10:34Z,52,manatwork01,technology,2025-05-26T04:14:56.598379Z
mqc0vmm,1kdmqku,reddit,"This happens way too often. Not to co-ops, but generally. At some point I have to wonder how many often it's accomplished not through security exploits but rather by financially motivating someone within the company to exfiltrate company records.",2025-05-03T06:57:20Z,15,dctucker,technology,2025-05-26T04:14:56.598394Z
mqc9gxm,1kdmqku,reddit,Cyber security is burnt toast,2025-05-03T08:25:56Z,2,kingturk42,technology,2025-05-26T04:14:56.598403Z
mqckq2i,1kdmqku,reddit,Oh well if Co-op are sorry and you mean it that’s fine. We’ll just keep looking over our shoulder to make sure we’re not going to get fucked by scammers because of their negligence.,2025-05-03T10:24:23Z,1,Games_sans_frontiers,technology,2025-05-26T04:14:56.598412Z
mrfj71k,1kik25j,reddit,"I really, really loathe getting obvious AI generated emails from coworkers. 

I don't care they're using AI for development tasks or to pose questions. But getting a ""send my coworker an email asking for X"" and getting a 3 paragraph email to ask the simple question makes me want to go John Conner on Skyner.",2025-05-09T15:10:25Z,56,Whyeth,technology,2025-05-26T04:14:58.173236Z
mrfsmz3,1kik25j,reddit,"I don’t judge people for using AI as a blanket statement, that would be ridiculous. What I judge is lazy, low standards use of AI. For example, “writing” a job description or parts of a customer-facing RFP response with GPT and thinking it’s good enough, even though it sounds like an eighth grade kid’s book report written the night before. The problem isn’t AI specifically, but that some people are so okay with bare minimum mediocrity if it saves them a half hour.

Basically if I can tell some piece of writing was created by an LLM prompt, it’s not good enough to be showing somebody else. I then judge you for being lazy, tolerant of mediocrity, and am insulted that you think I’m dumb enough to not notice what you did. I also then assume that any other products you give me will probably be crap, because I wasn’t worth the time when you were trying to sell me on whatever the thing is. ",2025-05-09T15:58:06Z,20,ludlology,technology,2025-05-26T04:14:58.173240Z
mrfzi5h,1kik25j,reddit,I don’t subscribe to the notion that AI has democratised good writing for all. I still see people post em—dash riddled LinkedIn posts that are clunky and not engaging. Discerning good writing is still needed to shape the output.,2025-05-09T16:33:21Z,17,MooseKick4,technology,2025-05-26T04:14:58.173243Z
mrg9zld,1kik25j,reddit,"It’s interesting to me that this is the case given CEOs (Shopify, Duolingo, Upwork, et. al) publicly state that they *want* their companies using AI more. Maybe this is more of a tech/professional services thing though?”",2025-05-09T17:26:11Z,15,JennyAtBitly,technology,2025-05-26T04:14:58.173245Z
mrg1rkk,1kik25j,reddit,As they should.,2025-05-09T16:44:48Z,9,Pankosmanko,technology,2025-05-26T04:14:58.173247Z
mrhk94m,1kik25j,reddit,"None of my coworkers use LLMs for more than to get some short scripts for data processing, so I don't really get a chance to judge anybody.

Strangers sending job applications written by chatgpt, or any email written by it, yeah I think way less of you. Strangers online saying ""ChatGPT says X about this topic"" go immediately in my dumb people folder.",2025-05-09T21:23:32Z,3,Howdyini,technology,2025-05-26T04:14:58.173249Z
mrfgn4x,1kik25j,reddit,"As it should since it generally shows that you are either too lazy for, or actually unqualified for, your position.",2025-05-09T14:57:28Z,15,JDGumby,technology,2025-05-26T04:14:58.173252Z
mrg2glm,1kik25j,reddit,Good they should be embarrassed and judged,2025-05-09T16:48:19Z,8,rainbowfairywitch25,technology,2025-05-26T04:14:58.173254Z
mrg5beh,1kik25j,reddit,"It is about what you use it for.

If you're using it for professional communication, you don't deserve a job that relies on professional communication. Full stop.",2025-05-09T17:02:38Z,4,thejurdler,technology,2025-05-26T04:14:58.173257Z
mrfdrpy,1kik25j,reddit,This is gonna be one for r/agedlikemilk,2025-05-09T14:42:53Z,2,astew12,technology,2025-05-26T04:14:58.173259Z
mrgmwvw,1kik25j,reddit,"I don't judge people for using AI per se cuz I even use it a lot of times I will ask it for help on how to do something in powershell and its usually wrong lol but so are the answers on stack exchange where it got them from.

I have a friend in HR though that has basically stopped being a person and is even sending me personal text messages that look generated by AI. Her Reddit posts are AI, Everything she fucking does is AI. She aint a fucking person anymore just a front end for Chat GPT or whatever it is she is using. I judge the fuck out of that. Any interaction with her is empty and she just forwards what you say to her to an AI that thinks for her. You see this on Reddit too there are users I see daily now that do not write things or think anymore they just take what you said and put it into AI and post it onto reddit like they wrote it.",2025-05-09T18:30:50Z,1,Mission-Conflict97,technology,2025-05-26T04:14:58.173261Z
mrkmqsq,1kik25j,reddit,"Ai is cool, and fun. No one has ever offended me by using ai. Tbf I work outside.

Office people have it so easy that they gotta find something to complain about.",2025-05-10T11:30:04Z,-2,GrowFreeFood,technology,2025-05-26T04:14:58.173264Z
mrg86lz,1kik25j,reddit,This is really sad. It's like getting extra credit for using a typewriter because people think using spellcheck in Word is cheating.,2025-05-09T17:17:07Z,-5,Efficient-Wish9084,technology,2025-05-26T04:14:58.173267Z
mswo9q1,1kp5t4m,reddit,Self driving trucks on exclusive roads is not something I can object to. Go for it China.,2025-05-18T04:46:32Z,41,jreykdal,technology,2025-05-26T04:14:59.151840Z
mszdmvo,1kp5t4m,reddit,"For all the people out there who believe that Trump is going to bring back jobs, consider that China is still deploying autonomous trucks in the part of the world with some of the lowest wages.  

There won't be any jobs to bring back.",2025-05-18T17:08:56Z,14,CMG30,technology,2025-05-26T04:14:59.151853Z
mt14qhc,1kp5t4m,reddit,China’s leading the world in adoption of new technology,2025-05-18T22:49:20Z,2,True-Being5084,technology,2025-05-26T04:14:59.151861Z
mtlylf3,1kp5t4m,reddit,China is really leading the charge in innovation and auto machinery the usa stands to be left behind instead of us trying to compete in a healthy way we seek to try to stifle the competition instead but its seems like all the usa efforts to prevent china from surpassing us in tech and economics is a lesson in futility. my country the usa is no longer leading the charger anymore we rather sell weapons blowup other countries instead of doing what  China is doing! i'll give china credit they have a plan and a clear vision! they also can plan for long term something that the usa cannot do.,2025-05-22T05:51:34Z,2,Mckenney99,technology,2025-05-26T04:14:59.151870Z
mt28dp7,1kp5t4m,reddit,WHOA!!! That's impre... wait.  That's a 7 lane road with traffic flowing in one direction...,2025-05-19T02:57:08Z,1,InnSanctum,technology,2025-05-26T04:14:59.151878Z
msxq7fp,1kp5t4m,reddit,"I'm not sure this is better than rail cars if you've got the issue. Private roads takes most of the complexity out of it, and a train will be more energy efficient and is already mostly autonomous.",2025-05-18T11:06:26Z,-6,rocinante_circles,technology,2025-05-26T04:14:59.151886Z
msvzh84,1kp5t4m,reddit,"Electric truck with AI self driving and 5G connection, all the latest technology to be able to dig up and burn more dirty coal",2025-05-18T01:40:50Z,-34,Logical_Welder3467,technology,2025-05-26T04:14:59.151894Z
mqfgq3q,1kdw311,reddit,"I would recommend watching this

https://www.youtube.com/watch?v=j2eqanZ2YQ8

Atronomer Dr Becky ""K2-18b: did JWST find LIFE as we know it? Or chemistry we DON'T?"" for a much more detailed explanation of what was found and what wasn't found.",2025-05-03T20:32:35Z,41,Neversetinstone,technology,2025-05-26T04:15:00.278263Z
mqgodta,1kdw311,reddit,I'm sorry but this paper is overblown and borderline fake science. Multiple follow up papers have shown how the authors have cherry picked their analysis to claim something that is likely not even there.,2025-05-04T00:55:46Z,15,OneDelicious,technology,2025-05-26T04:15:00.278267Z
mqee534,1kdw311,reddit,"___Until we have proof___

we must treat the Earth as if it is the ONLY PLACE that can support life as it IS the only place we know of that can support life. 
 
I see the evidence, and I *believe* there is life elsewhere in the universe, BUT - As many scientists claim, ""belief"" isn't enough . . .",2025-05-03T17:08:05Z,31,OMG__Ponies,technology,2025-05-26T04:15:00.278270Z
mqf663h,1kdw311,reddit,Imagine the cumulative “wtf” from religious leaders if we confirmed extraterrestrial life,2025-05-03T19:34:18Z,6,TheModeratorWrangler,technology,2025-05-26T04:15:00.278272Z
mqdzalm,1kdw311,reddit,"« Decades from now, we may look back at this point in time and recognise it was when the living universe came within reach. This could be the tipping point, where suddenly the fundamental question of whether we’re alone in the universe is one we’re capable of answering. »",2025-05-03T15:51:10Z,4,fchung,technology,2025-05-26T04:15:00.278274Z
mqe4lt7,1kdw311,reddit,Very exciting! Hopefully this bears fruit. At the very least it seems like we’ll learn something about bio signatures.,2025-05-03T16:18:53Z,1,ntwiles,technology,2025-05-26T04:15:00.278277Z
mqirumk,1kdw311,reddit,At this point can we call it a win even if they find single celled organisms,2025-05-04T11:42:10Z,1,downtownfreddybrown,technology,2025-05-26T04:15:00.278279Z
mqdzbw1,1kdw311,reddit,Reference: Nikku Madhusudhan et al. ‘New Constraints on DMS and DMDS in the Atmosphere of K2-18b from JWST MIRI.’ The Astrophysical Journal Letters (2025). DOI: 10.3847/2041-8213/adc1c8. https://iopscience.iop.org/article/10.3847/2041-8213/adc1c8,2025-05-03T15:51:21Z,0,fchung,technology,2025-05-26T04:15:00.278282Z
mqhezxh,1kdw311,reddit,And?!?,2025-05-04T03:58:55Z,0,B1GFanOSU,technology,2025-05-26T04:15:00.278284Z
mqf3q9i,1kdw311,reddit,Didn’t the government like admit to having UFOs or was that just a fever dream,2025-05-03T19:20:37Z,-10,Hynder1204,technology,2025-05-26T04:15:00.278286Z
mrjkymz,1kizpqp,reddit,Something really bad is brewing.,2025-05-10T05:20:35Z,13,Automatic-Stomach954,technology,2025-05-26T04:15:01.301160Z
mroubwl,1kizpqp,reddit,Market is pumping .. the greatest of dumps will be coming,2025-05-11T02:46:55Z,3,supercali45,technology,2025-05-26T04:15:01.301172Z
mqypm6v,1kgh4u1,reddit,"Allow third party web browser engines and an editable hosts file and I will junk every Android device that I have.


As long as I'm fantasizing, having Wireguard, NFS, and Docker modules built into the kernels would b awesome.",2025-05-06T22:07:17Z,44,SerialBitBanger,technology,2025-05-26T04:15:02.748494Z
mqz9i4j,1kgh4u1,reddit,"Shit.

I doubt that's what the Tech Oligarchs signed up for when they cozied up to the cult leader.",2025-05-06T23:56:50Z,4,sniffstink1,technology,2025-05-26T04:15:02.748505Z
mr0fcvy,1kgh4u1,reddit,What about the Playstation store or the Nintendo Eshop? Both are also monopolies.,2025-05-07T04:12:38Z,9,Eckkosekiro,technology,2025-05-26T04:15:02.748513Z
mr05o8d,1kgh4u1,reddit,Attempt to enshitty the Apple app universe just like Android,2025-05-07T03:06:20Z,2,Lovecraft3XX,technology,2025-05-26T04:15:02.748520Z
mr1iwpt,1kgh4u1,reddit,In the EU already the case,2025-05-07T10:30:41Z,1,MarinatedPickachu,technology,2025-05-26T04:15:02.748527Z
mr4m99r,1kgh4u1,reddit,Like Cydia?,2025-05-07T20:23:18Z,1,VE3VNA,technology,2025-05-26T04:15:02.748534Z
mr1fxfl,1kgh4u1,reddit,And the next month google and apple will start getting sued by people for refunds of sales from scam third party app stores.,2025-05-07T10:02:55Z,1,whatdoiknow75,technology,2025-05-26T04:15:02.748541Z
mqyrpsu,1kgh4u1,reddit,I would never use any App Store other than Apple’s one. And no sane person should risk some random App Store either. I understand the “noble idea” besides this bill… but it real life it will cause much more problems than it solves.,2025-05-06T22:18:28Z,-26,atchijov,technology,2025-05-26T04:15:02.748548Z
mr1pmbx,1kgh4u1,reddit,"Uh, isn't this communism which R's screech about all the time?  I am not an apple fan boy, but the government dictating what companies do with their product, besides safety or regulatory concerns, is overreach is it not?",2025-05-07T11:24:35Z,-1,jpm0719,technology,2025-05-26T04:15:02.748555Z
mqz2p8e,1kgh4u1,reddit,Dilution of the brand or service won’t help anyone but the scammers and hackers.,2025-05-06T23:18:49Z,-15,FigSpecific6210,technology,2025-05-26T04:15:02.748562Z
mqys8x6,1kgh4u1,reddit,another lobbyists bill that wont pass but a long shot. do they not know what has happened to “the open market act”. enjoy the hype folks,2025-05-06T22:21:21Z,-14,shehatesmabior,technology,2025-05-26T04:15:02.748569Z
mqv4egy,1kfy6zc,reddit,"Ah great, we're taking cues from the US naming schemes such as the ""PATRIOT"" act now. Great.",2025-05-06T11:00:33Z,22,MairusuPawa,technology,2025-05-26T04:15:03.761122Z
mqvdvwn,1kfy6zc,reddit,"Didn't their own courts tell them they can't legally do this?

Are we really gonna have to force it down via lawsuit?",2025-05-06T12:10:30Z,13,No-Adhesiveness-4251,technology,2025-05-26T04:15:03.761136Z
mquh0ks,1kfy6zc,reddit,"These un-elected pricks should just fuck off, when do we introduce ostracism back into our law",2025-05-06T07:01:20Z,24,skwyckl,technology,2025-05-26T04:15:03.761144Z
mqukkv9,1kfy6zc,reddit,if we are still breathing then the eu is still going to try undermining privacy,2025-05-06T07:39:34Z,14,Sky-HighSundae,technology,2025-05-26T04:15:03.761152Z
mqulleq,1kfy6zc,reddit,"Abd if this does come to pass, will you simply stop using the net altogether?",2025-05-06T07:50:32Z,1,Rebatsune,technology,2025-05-26T04:15:03.761160Z
mse3ll7,1kmyeup,reddit,"This administration is about run out an entire generation of [Qian Xuesens](https://en.m.wikipedia.org/wiki/Qian_Xuesen), aren't they?

Context: Acclaimed Chinese-American aeronautics engineer who immigrated to the US, graduated Caltech, help found NASA's Jet Propulsion Laboratory, became a colonel and an MIT professor only to be detained, given a deportation order and put under house arrest during the Red Scare. Proceeded to return to China and kickstarted the Chinese ICBM and space program, becoming the ""Father of Chinese Rocketry"".",2025-05-15T03:39:39Z,75,chaosfire235,technology,2025-05-26T04:15:04.865926Z
msejgjg,1kmyeup,reddit,"Yeah this has been happening for a while now. China’s been offering pretty good salaries and benefits to get researchers to come back. It’s not just about the money though, some people go because they want to be closer to family or they feel like there’s better opportunities for advancement there.",2025-05-15T05:44:54Z,44,UniqueBabeDoll,technology,2025-05-26T04:15:04.865938Z
msevsn1,1kmyeup,reddit,"If neither country has freedom of speech or meaningful due process, why not pick the one that has high speed rail, universal healthcare, and people won’t racially abuse you?",2025-05-15T07:45:46Z,40,Braided_Marxist,technology,2025-05-26T04:15:04.865946Z
msjhknw,1kmyeup,reddit,This thread is peak reddit,2025-05-15T23:57:49Z,3,VC2007,technology,2025-05-26T04:15:04.865954Z
mse3hef,1kmyeup,reddit,[fuck a paywall](https://archive.is/YtsrI),2025-05-15T03:38:49Z,3,HorsePecker,technology,2025-05-26T04:15:04.865960Z
msifiaq,1kmyeup,reddit,Do they know there’s a cap in what they can earn,2025-05-15T20:30:24Z,2,_chip,technology,2025-05-26T04:15:04.865967Z
msf2pfq,1kmyeup,reddit,"It’s the same for natives from South Korea that are in the US. The benefits of staying in the US is for education and high income, but there’s a point where the relative utility diminishes when the home country has same or even higher standard of living (depending on the area), no discrimination, sense of belonging, increased dating pool, etc.",2025-05-15T08:59:19Z,2,VRSanctum,technology,2025-05-26T04:15:04.865974Z
mtjgc2o,1ks668t,reddit,AI linked to explosion of low quality <everything>,2025-05-21T20:46:03Z,58,robotowilliam,technology,2025-05-26T04:15:05.910971Z
mtmt85i,1ks668t,reddit,"The wildest thing about the AI era is realizing that in every level of profession or academia, people cannot write. They suck at writing so much and they dread it so much they are trying to get a machine to do it for them, damn the consequences. 

Getting disbarred for having ai write a brief… worth  the risk!!

Losing my scientific credibility… worth the risk!!

It’s a weird time to be a person who doesn’t mind writing.  This skill I take completely for granted has never been less valuable, and somehow also never been more valuable. I got artisan words here, strung together by a real human brain!  Who cares?",2025-05-22T10:50:24Z,10,pohl,technology,2025-05-26T04:15:05.910982Z
mtji45o,1ks668t,reddit,On the scale of 1 to 10 how much are yall feelin the AGI?,2025-05-21T20:54:22Z,8,Disgruntled-Cacti,technology,2025-05-26T04:15:05.910989Z
mtm0uza,1ks668t,reddit,oh shit can’t wait till the next genius model comes out and some determined soul drops the next ebola,2025-05-22T06:12:22Z,3,Khammen,technology,2025-05-26T04:15:05.910997Z
mu00ccx,1ks668t,reddit,"Nice, another way for AI to kill us all",2025-05-24T12:42:48Z,1,Suspicious-Yogurt-95,technology,2025-05-26T04:15:05.911003Z
mu4otf9,1ks668t,reddit,AI hype would have long lasting effect on society. It generates shit based on existing shit. This is mostly evident in social media. Still powerful tech thought ,2025-05-25T06:05:25Z,1,blank_username_-_,technology,2025-05-26T04:15:05.911010Z
mt2f8b8,1kq24bg,reddit,"Uhh, if they are doing work, then they are replacing human workers.",2025-05-19T03:47:25Z,55,InteractiveSeal,technology,2025-05-26T04:15:07.510249Z
mt2np1r,1kq24bg,reddit,"Not quite there yet.

When this thing breaks down, there are maybe only a few thousand people in the world that can fix it. And that's your problem as an owner because you own it.

A human, you can just hire another if they break down.

Plus, this thing has the Dalek problem. It can probably talk and move lips hooked up to a LLM like a Disney animatronic.  But stairs would kill it and picking up clothes, cleaning, sweeping dog poop. and generally having less mobility than a 90 year old nursing home patient and falling as often as one too is NOT good for anything other than an expensive novelty for people with too much money and closet space.",2025-05-19T04:57:05Z,7,grenz1,technology,2025-05-26T04:15:07.510260Z
mt2gjaf,1kq24bg,reddit,"Humanoid robots make no sense to me.  They’re not designed to do any one task efficiently nor are they cost effective relative to “expert” or “embedded” systems that are designed specifically for the task required. 

Basically I’m not going to buy a $10,000 humanoid robot to do what a $150 Roomba can do.",2025-05-19T03:57:35Z,25,Squeegee,technology,2025-05-26T04:15:07.510268Z
mt2kx3w,1kq24bg,reddit,"Problem solved: Use non-humanoid robots.

The obsession with the humanoid robot is a timewasting distraction.  The human form is not the best model for an efficient and useful robot.",2025-05-19T04:33:21Z,6,Bob_Spud,technology,2025-05-26T04:15:07.510275Z
mt2knro,1kq24bg,reddit,"Lol I doubt you can exploit a robot as much as you can exploit a human being. Robots are not as efficient as human workers where you can throw them a couple of bucks just enough to buy food and shelter and profit off of them for a good 30 -40 years...  
Robots need constant maintenance, when they break down it is expensive to repair.. also who will repair them ?  There are industrial robots which does simple tasks but they are also monitored and fixed by humans...   
But more importantly .. the biggest question.   
IF YOU FIRE  WORKERS WHO IS GOING TO BUY YOUR PRODUCT?",2025-05-19T04:31:10Z,2,who_oo,technology,2025-05-26T04:15:07.510282Z
mt2siz9,1kq24bg,reddit,They've built the Terracotta Clay Soldiers army so they could've easily built humanoid robofs that will replace workers and/or out number people in the future.,2025-05-19T05:40:40Z,2,Cool_Lab_1362,technology,2025-05-26T04:15:07.510289Z
mt2dnq4,1kq24bg,reddit,"Doubt they can do any task for longer than a half hour.

Humanoid robots are useless unless they canout perform actual humans.",2025-05-19T03:35:24Z,3,woliphirl,technology,2025-05-26T04:15:07.510296Z
mt2f9bs,1kq24bg,reddit,Well not this model…,2025-05-19T03:47:38Z,1,FeralPsychopath,technology,2025-05-26T04:15:07.510303Z
mt2foyl,1kq24bg,reddit,So ... army?,2025-05-19T03:50:59Z,1,imaketrollfaces,technology,2025-05-26T04:15:07.510310Z
mt2ftru,1kq24bg,reddit,Was the official a humanoid robot?,2025-05-19T03:52:02Z,1,cybercuzco,technology,2025-05-26T04:15:07.510316Z
mt2ipj2,1kq24bg,reddit,Deep in uncanny valley…,2025-05-19T04:14:58Z,1,jasonsoldout,technology,2025-05-26T04:15:07.510323Z
mt2lrhl,1kq24bg,reddit,"They will instead use them as fuel, consuming the ones that simply cannot run fast enough.",2025-05-19T04:40:30Z,1,jj4379,technology,2025-05-26T04:15:07.510330Z
mt2mwyh,1kq24bg,reddit,Whoa. What does a communist government look like in a country where AI has replaced workers?,2025-05-19T04:50:18Z,1,jmac111286,technology,2025-05-26T04:15:07.510337Z
mt2n9y2,1kq24bg,reddit,"China has a severe projected labour shortage, these robots would at best add efficiency to the biological work force by working in a side by side manner. It'd be a miracle if they replaced a human 1:1 and it'd be down right silly to predict they'd actually replace the entire human work force. 


AI and robotics taking net jobs was a fear if our population kept climbing, but since it's projected to sink we better hope they can come in fill the gaps. I'm incredibly doubtful they will. ",2025-05-19T04:53:25Z,1,Temporary_Inner,technology,2025-05-26T04:15:07.510344Z
mt2qjwl,1kq24bg,reddit,They also like to keep cows happy and stress free when they enter the slaughter house.,2025-05-19T05:22:33Z,1,theundeadwombat,technology,2025-05-26T04:15:07.510351Z
mt3d5f6,1kq24bg,reddit,"Ofc it won't, do you know how much it will cost them to maintain the robots 😳 especially if it had moving parts",2025-05-19T09:12:12Z,1,soprano4150,technology,2025-05-26T04:15:07.510357Z
mtmzyas,1kq24bg,reddit,I must say I’m not excited for the future.,2025-05-22T11:41:09Z,1,Suspicious-Yogurt-95,technology,2025-05-26T04:15:07.510365Z
mt3lkro,1kq24bg,reddit,"I can’t tell you how many times I’ve seen similar patterns.

“Hey, we’ve got something, or are doing something new. Everyone is worried. Don’t worry. It’s not gonna do what you think.”

“Okay, it’s been a few years, turns out it was going what you think. It’s not gonna get worse though”.

“It got worse, but at least it’s quality and you’re not having to pay for it.”

“You have it pay for it”.

“You have to pay for it and it’s not quality”.",2025-05-19T10:36:04Z,0,Dalton387,technology,2025-05-26T04:15:07.510371Z
mt2pu71,1kq24bg,reddit,Yeah the power to run them cost more than what they pay a real person.,2025-05-19T05:16:08Z,-1,A70M1C,technology,2025-05-26T04:15:07.510378Z
mt2rhui,1kq24bg,reddit,"Well, they won’t work, so yeah probably not",2025-05-19T05:31:07Z,-1,factoid_,technology,2025-05-26T04:15:07.510385Z
mrlan7g,1kjaqnn,reddit,"Meanwhile, over at the r/whatisit sub, someone is posting a pic of some junk in a crater from their backyard.

Edit: *hypothetically, eventually, enevitably...*",2025-05-10T14:11:25Z,48,More-Jackfruit3010,technology,2025-05-26T04:15:08.881819Z
mrl71qh,1kjaqnn,reddit,"A Soviet Venus probe launched in 1972 finally fell back to Earth after circling the planet for 53 years because its rocket malfunctioned. It was built so tough to handle Venus’s 867°F surface that pieces could survive re-entry, yet experts say the chance of anyone being hit was almost zero.",2025-05-10T13:49:57Z,32,Happy_Weed,technology,2025-05-26T04:15:08.881823Z
mrlcph5,1kjaqnn,reddit,Nothing in my yard.,2025-05-10T14:23:17Z,16,weirdal1968,technology,2025-05-26T04:15:08.881825Z
mrmpjty,1kjaqnn,reddit,0% chance they didn't track its reentry,2025-05-10T18:50:55Z,13,effortfulcrumload,technology,2025-05-26T04:15:08.881827Z
mrlijov,1kjaqnn,reddit,"That thing has been up there since the 70s, right? I remember reading about it maybe landing in New Zealand or something. Kinda wild how old space junk just randomly drops back down after decades. I wonder if anyone actually found any pieces or if it just burned up on reentry.",2025-05-10T14:55:47Z,3,BunnyBlossomz,technology,2025-05-26T04:15:08.881830Z
mrlz8sj,1kjaqnn,reddit,It's being reported that it hit the water somewhere west of Jakarta,2025-05-10T16:27:06Z,6,Outrageous-Art-2157,technology,2025-05-26T04:15:08.881832Z
mrld9ul,1kjaqnn,reddit,Are we going to get a remake of ‘dead like me’?,2025-05-10T14:26:28Z,4,mostly_kittens,technology,2025-05-26T04:15:08.881834Z
mrlugaw,1kjaqnn,reddit,What the fuck you mean unknown,2025-05-10T16:00:40Z,3,Penguinkeith,technology,2025-05-26T04:15:08.881836Z
mrle0zn,1kjaqnn,reddit,"If this thing hit my property, that'd be a win.",2025-05-10T14:30:41Z,1,N/A,technology,2025-05-26T04:15:08.881837Z
mrle5ag,1kjaqnn,reddit,"> Unknown

“lol”

-CIA/NRO",2025-05-10T14:31:21Z,0,Dude_I_got_a_DWAVE,technology,2025-05-26T04:15:08.881839Z
mrm344c,1kjaqnn,reddit,I thought for sure it was going to fall on me.,2025-05-10T16:48:24Z,0,letsgetregarded,technology,2025-05-26T04:15:08.881841Z
mrlc4ff,1kjaqnn,reddit,An “unknown site” that is not Russia,2025-05-10T14:19:56Z,0,imaginary_num6er,technology,2025-05-26T04:15:08.881843Z
mrldyql,1kjaqnn,reddit,"Can confidently say nothing hit my backyard, so I got that going for me, which is nice",2025-05-10T14:30:21Z,0,Sniper22106,technology,2025-05-26T04:15:08.881845Z
mtrrlwr,1kt8r0z,reddit,"Man I wish I owned a space company, all these disgruntled engineers.  The best in the world, and they aren’t gonna want to work for the US government anymore.",2025-05-23T02:54:20Z,61,dug-ac,technology,2025-05-26T04:15:09.904562Z
mtu87u2,1kt8r0z,reddit,Altadena is almost completely destroyed and their move is to salt the wounds of those who lived there and had to relocate. There is no affordable housing near JPL.  Full stop.,2025-05-23T14:18:12Z,3,mikeregannoise,technology,2025-05-26T04:15:09.904575Z
mrw7o3r,1kkovvw,reddit,"Really depends on what exactly they are trying to do.  Deploy something like Glean which helps them find shit and search and interact?  Sure, probably a good idea.  Deploying some weird new AI tool to actually help in the decision process? Absolutely not.",2025-05-12T11:11:37Z,28,HighOnGoofballs,technology,2025-05-26T04:15:10.929999Z
mrwc69b,1kkovvw,reddit,Anyone want to bet that they’ll pay Musk a stupid amount of money for something that half-works?,2025-05-12T11:46:29Z,15,Halfloaf,technology,2025-05-26T04:15:10.930012Z
mrw7grr,1kkovvw,reddit,"> generative AI a linchpin in its decision-making

We’re all doomed",2025-05-12T11:10:00Z,19,fsactual,technology,2025-05-26T04:15:10.930020Z
mrx3j04,1kkovvw,reddit,"After having worked my whole career in engineering and ending it with the utmost respect for what the FDA does and how they do their jobs, this is the thing that undoes it all for me. 

Be prepare for medical devices to hurt patients again with no viable path to consumer protection. 

Be prepared for trials for be cut and long term drug safety to be out at risk. 

All of this is deliberate because you can’t be a good snake oil sales person if there are agencies designed to test and report on your snake oil.",2025-05-12T14:32:52Z,9,Bruticus_Heavy_T,technology,2025-05-26T04:15:10.930028Z
mrw83ls,1kkovvw,reddit,AI is malware,2025-05-12T11:15:04Z,13,ambledloop,technology,2025-05-26T04:15:10.930035Z
mrws1z7,1kkovvw,reddit,"Yay, we’ve put our future in the hands of a bunch of tech “geniuses” who think losing billions of dollars is no problem. We’re so lucky.",2025-05-12T13:29:58Z,3,Luke_Cocksucker,technology,2025-05-26T04:15:10.930043Z
mrwlr23,1kkovvw,reddit,">""Commissioner Makary has emphasized AI is a tool to support — not replace — human expertise,"" the spokesperson said. ""When used responsibly, AI can enhance regulatory rigor by helping predict toxicities and adverse events for certain conditions.""

I suppose this doesn’t seem too bad on the surface? They apparently had a successful pilot. Anyone know anything about the pilot? Is the data from the pilot available anywhere for review? :)",2025-05-12T12:52:02Z,1,coconutpiecrust,technology,2025-05-26T04:15:10.930050Z
mr9j0x1,1khrh4j,reddit,"Ugh. I hate this article. It's just a description of a better blog post except it's missing the best part of the blog post-- the icons themselves! Worse yet, **the article doesn't even link to the blog post it rips off**. The register should be ashamed. 


Here's [a link to the actual blog post](https://devblogs.microsoft.com/oldnewthing/20250507-00/?p=111157).",2025-05-08T15:56:07Z,555,jessepence,technology,2025-05-26T04:15:12.057823Z
mr9kagj,1khrh4j,reddit,"TLDR: it's `moricons.dll`, a file with icons for various DOS applications, dating back to Windows 3.1.",2025-05-08T16:02:15Z,74,simask234,technology,2025-05-26T04:15:12.057830Z
mr92mpu,1khrh4j,reddit,"Raymond Chen's blog is an obligatory reading if you want to learn about operating system design, as well as the rationale behind some of Microsoft's most terrible decisions (like, unleashing upon the world that Frankenstein's monster that the Windows 9x series of OSes was). But, if you don't want to read it, the TL;DR is backwards compatibility, it's always backwards compatibility. It's the same policy that Linus Torvalds adopts when it comes to kernel development: if there's a bug that a developer relies on, then it's not a bug, it's a feature and you must leave it there (and, if you say it otherwise, [he'll \*tear\* you a new asshole](https://lkml.org/lkml/2012/12/23/75)). 

If only Linux developers had the same approach...",2025-05-08T14:36:20Z,136,mittelwerk,technology,2025-05-26T04:15:12.057834Z
mr9dxxm,1khrh4j,reddit,"You know the one:

https://xkcd.com/2347/",2025-05-08T15:31:41Z,52,R-Dragon_Thunderzord,technology,2025-05-26T04:15:12.057838Z
mr9wy8f,1khrh4j,reddit,"[Here are the icons](https://devblogs.microsoft.com/oldnewthing/20250507-00/?p=111157) and their description. 

Scanning through them I saw the FTP Software one. That brought back memories!

Back in the late 80s, I decided I wanted to connect n MS-DOS 4.01 PC to the corporate network. MS-DOS never had built in networking ability so this wasn’t trivial. Hell, it wasn’t even possible until 1986 so I was a rare bird for even trying.

I worked for one of the large computer companies that was on ARPANET that would eventually be called the “Internet”, so I posted questions on nntp news groups looking for help. Back then we engineers just talked directly with the engineers at other hardware and software companies, so it wasn’t hard to find the person or persons directly responsible for a given card or device or application. 

I was given advice that I would have to obtain the very expensive FTP bundle (it was a company back then not a command) which contained all the components of the network stack as separate files, then contact the developers of a network card to get early beta drivers. I finally got it working with almost no memory left to do anything, but it worked.",2025-05-08T17:04:03Z,19,SpinCharm,technology,2025-05-26T04:15:12.057842Z
mr9rjgo,1khrh4j,reddit,"Procomm Plus...I promised myself I would buy that instead of yo ho ho it...

Then I graduated college, got a job, and I didn't need dialer software any more.

I owe them $.",2025-05-08T16:38:02Z,6,Awkward-Sun5423,technology,2025-05-26T04:15:12.057845Z
mr9e5hu,1khrh4j,reddit,"I remember playing with moricons.dll 
PIF files and such.",2025-05-08T15:32:43Z,4,antisp1n,technology,2025-05-26T04:15:12.057849Z
mr90ym3,1khrh4j,reddit,"It looks like OP posted an AMP link. These should load faster, but AMP is controversial because of [concerns over privacy and the Open Web](https://www.reddit.com/r/AmputatorBot/comments/ehrq3z/why_did_i_build_amputatorbot).

Maybe check out **the canonical page** instead: **[https://www.theregister.com/2025/05/08/moricons_dll_raymond_chen/](https://www.theregister.com/2025/05/08/moricons_dll_raymond_chen/)**

*****

 ^(I'm a bot | )[^(Why & About)](https://www.reddit.com/r/AmputatorBot/comments/ehrq3z/why_did_i_build_amputatorbot)^( | )[^(Summon: u/AmputatorBot)](https://www.reddit.com/r/AmputatorBot/comments/cchly3/you_can_now_summon_amputatorbot/)",2025-05-08T14:28:01Z,8,AmputatorBot,technology,2025-05-26T04:15:12.057853Z
mr92j2r,1khrh4j,reddit,"That's an amazing story. /s

They say they can't maintain Windows to run on older hardware, but they can continue to propagate 35 year old DLLs.",2025-05-08T14:35:50Z,-21,nemom,technology,2025-05-26T04:15:12.057857Z
ms9eedf,1kmddte,reddit,Right. How about not making $150K giant trucks that take literally 2+ tons of batteries?,2025-05-14T12:42:39Z,118,Ricktor_67,technology,2025-05-26T04:15:13.145823Z
ms9ua8j,1kmddte,reddit,The Rivian and Lucid already go 400 miles…,2025-05-14T14:11:30Z,32,UrDraco,technology,2025-05-26T04:15:13.145835Z
msa4tpw,1kmddte,reddit,"BYD's blade cells are now rated for 5000 cycles. BYD is putting a 1.5m km 15 year warranty on them in China. And China just released a car that can charge from 10-80% in 5 minutes. 

That is where you put your R&D. Copy what they are doing. Just like the Chinese used to copy us.",2025-05-14T15:03:40Z,25,Another_Slut_Dragon,technology,2025-05-26T04:15:13.145843Z
ms9wnam,1kmddte,reddit,"I suppose they mean 400 miles of real-world range, and not EPA rated range. The Cadillac Escalade IQ already has a supposed range of 465 miles.",2025-05-14T14:23:26Z,5,johnbyebye,technology,2025-05-26T04:15:13.145851Z
msdj3y5,1kmddte,reddit,Title should’ve highlighted the materials and lower costs instead of a range multiple EVs already have,2025-05-15T01:30:38Z,1,foofyschmoofer8,technology,2025-05-26T04:15:13.145859Z
ms9rjpn,1kmddte,reddit,I feel like these batteries are going to fail. Just a feeling.,2025-05-14T13:57:13Z,-23,theporkwhisperer,technology,2025-05-26T04:15:13.145866Z
mrfksai,1kikwf5,reddit,[deleted],2025-05-09T15:18:30Z,69,N/A,technology,2025-05-26T04:15:14.104200Z
mrg0525,1kikwf5,reddit,"The real bullshit is that a major upgrade for major airports around the nation was 70% of the way done and a decade in when Trump got into office, Elon swooped in, and the entire project was a ed, rolled back to the start, and star link given control to take over and start over again from scratch

One of the key things this upgrade was set to do? Replace all those ancient copper connections with up-to-date for my equipment. The very source the problem Newark is having right now.


Oh right, and all this would’ve been done a decade ago if it wasn’t for Republicans in Congress continually defunding and rolling back provisions that were put in place years ago to do all this work",2025-05-09T16:36:36Z,35,sargonas,technology,2025-05-26T04:15:14.104215Z
mrh8bzd,1kikwf5,reddit,"I can't imagine how this could happen, its almost like some one screwed with the FAA and fired a bunch of people.",2025-05-09T20:21:03Z,6,ventin,technology,2025-05-26T04:15:14.104226Z
mripij3,1kikwf5,reddit,This isn’t at all about tower. This is about TRACON which is in the base of the tower at Philadelphia,2025-05-10T01:32:55Z,2,thspimpolds,technology,2025-05-26T04:15:14.104236Z
mrgqfxl,1kikwf5,reddit,Not exciting to read this as I'm flying to Newark to get home this evening...,2025-05-09T18:48:50Z,2,CynicRaven,technology,2025-05-26T04:15:14.104246Z
mppd85u,1kav82q,reddit,"Exhibit #2,346,765 demonstrating that Meta is neither responsible enough nor managed by leadership serious enough to be wielding platforms of this scale:

>When pushed for credentials, Instagram's user-made AI Studio bots will make up license numbers, practices, and education to try to convince you it's qualified to help with your mental health.

Well worth the read.",2025-04-29T18:34:06Z,43,Hurley002,technology,2025-05-26T04:15:15.126958Z
mppmn28,1kav82q,reddit,"lol ... this is what they are doing with LLMs, when the promise was that it will replace doctors, engineers, scientists, and mathematicians?

They are making chatbot which tells lies!",2025-04-29T19:19:41Z,20,imaketrollfaces,technology,2025-05-26T04:15:15.126971Z
mppcosd,1kav82q,reddit,What kind of asshole would own a company that does that?,2025-04-29T18:31:29Z,7,LeatherChaise,technology,2025-05-26T04:15:15.126979Z
mpqp3kk,1kav82q,reddit,"Lol. Instagrams ""Narcissist Therapist"" AI literally cold messages me",2025-04-29T22:30:31Z,2,GrandKnew,technology,2025-05-26T04:15:15.126986Z
mpqzeq6,1kav82q,reddit,"This is so stupid. I’m anti AI for a variety of reasons , but saying that it lies requires intent which would require some form of self awareness. It’s just generating false sentences. Clickbait BS",2025-04-29T23:27:18Z,-4,Accomplished_Ice3433,technology,2025-05-26T04:15:15.126994Z
mu2zoue,1kujj0z,reddit,"Another *""tiktok steals information""* thread while next week another data breach from some US-based corporation is going to hit the news for the 6th time this year alone.",2025-05-24T22:46:10Z,44,knotatumah,technology,2025-05-26T04:15:16.054236Z
mu4jwqz,1kujj0z,reddit,"Clickbait title tbh, weird to single out tiktok. I'm pretty sure there are still tutorial scam vids out in youtube I've seen in the past not getting their channel banned. Just have to report it and get the video/channel banned like in all other social media.",2025-05-25T05:20:03Z,7,Hikki77,technology,2025-05-26T04:15:16.054252Z
mu3pmj6,1kujj0z,reddit,Holy astroturfed comment section.,2025-05-25T01:32:15Z,-17,Balthazar3000,technology,2025-05-26T04:15:16.054264Z
mu28eu6,1kujj0z,reddit,"so we should have 2 cell phones. or two tablets..

 one for gaming and tictoc without any credit card info...

 and another one that gets used for buying stuff.",2025-05-24T20:05:13Z,-25,waynep712222,technology,2025-05-26T04:15:16.054276Z
mpfpf6r,1k9mdfl,reddit,Now remake a Dino crisis,2025-04-28T05:05:11Z,11,greg85w,technology,2025-05-26T04:15:17.073644Z
mpg10ss,1k9mdfl,reddit,I’m 40 and playing RE for the first time in my life.  It’s the RE 2 remake and I’m really loving it.  If I manage to beat it I want to try this one.   I’m very impatient though so at times it’s been admittedly challenging,2025-04-28T06:55:01Z,10,Michikusa,technology,2025-05-26T04:15:17.073656Z
mpfqblx,1k9mdfl,reddit,What're ya buyin?,2025-04-28T05:12:54Z,6,ThatsTheNameOTheGame,technology,2025-05-26T04:15:17.073664Z
mpfgi4z,1k9mdfl,reddit,Never underestimate the power of a good story,2025-04-28T03:53:23Z,9,Unable-Recording-796,technology,2025-05-26T04:15:17.073671Z
mpfgkjs,1k9mdfl,reddit,Hope to think the Vr aspect helped with those. Amazing experience for the price point,2025-04-28T03:53:54Z,3,MrSteven20618,technology,2025-05-26T04:15:17.073679Z
mpga6hh,1k9mdfl,reddit,Which one? They've done 3 I think,2025-04-28T08:34:06Z,0,Deer_Investigator881,technology,2025-05-26T04:15:17.073686Z
mpfjd6c,1k9mdfl,reddit,People want to buy things they feel like they actually own. The way games used to feel.,2025-04-28T04:15:20Z,-2,Blackstar1886,technology,2025-05-26T04:15:17.073694Z
mpi7qto,1k9mdfl,reddit,And as Capcom always have done… they will start focusing all their resources on RE Gun Survivors,2025-04-28T16:23:23Z,0,sunshinebasket,technology,2025-05-26T04:15:17.073701Z
mpezo1h,1k9ixqr,reddit,"I thought this article would be about fans opinions of the Switch2, not solely about tariffs and pricing. I sold my Switch last June before traveling and plan eventually to buy switch 2 for games like Endless Ocean and Zelda.",2025-04-28T01:59:19Z,28,Travelerdude,technology,2025-05-26T04:15:18.202944Z
mpeocc1,1k9ixqr,reddit,[removed],2025-04-28T00:49:21Z,-367,N/A,technology,2025-05-26T04:15:18.202956Z
mrit559,1kix54m,reddit,There really isn’t a reason that apple couldn’t create a container for all things side loaded.,2025-05-10T01:56:24Z,30,Igotdaruns,technology,2025-05-26T04:15:19.222465Z
mrva4xx,1kix54m,reddit,"I can understand Apple‘s concerns regarding security, but it should ultimately be the choice of the user themselves to decide where they get their apps from. Apple should just replicate what they’ve done in macOS when opening apps for the first time from ‘unidentified developers’.",2025-05-12T05:34:53Z,2,Yaughl,technology,2025-05-26T04:15:19.222477Z
mrlo3m0,1kix54m,reddit,Looks like Brazil just won’t have iPhones.,2025-05-10T15:26:22Z,-1,TeknoPagan,technology,2025-05-26T04:15:19.222486Z
mrkktji,1kix54m,reddit,"Buy AAPL, use Android.",2025-05-10T11:13:55Z,-6,Engineering-Guy-185,technology,2025-05-26T04:15:19.222494Z
mrjup50,1kix54m,reddit,As a shareholder and stake holder I don’t care if app developers etc give money to apple. This whole ecosystem and economy wouldn’t exist without Apple. Epic could make their own phone if it was that big of a deal.,2025-05-10T06:52:27Z,-35,Igotdaruns,technology,2025-05-26T04:15:19.222501Z
mrsn07l,1kix54m,reddit,"I really hope Apple doesn’t comply. The fact that other countries are telling US companies, what to do is ridiculous. I’m still pissed about the whole USB-C integration from Europe. This is complete government overstep.",2025-05-11T19:16:40Z,-10,Ragepower529,technology,2025-05-26T04:15:19.222508Z
mqtnnpq,1kfpjdr,reddit,"Lol php still, magecart deserves that. They are still running the same code base that was exposed several times before not to mention how trash php is. The customers don’t deserve that and hopefully this bleeds into EU laws so they can fine them.",2025-05-06T03:00:24Z,1,Book_bae,technology,2025-05-26T04:15:20.110916Z
mtytypa,1ku3gzs,reddit,"They really are inching their way towards turning SteamOS into a full distro, aren't they?

Honestly, if there's one company that probably could put together a genuinely newbie-friendly daily-driver Linux with ""it just works"" Windows compatibility, it would be Valve.",2025-05-24T06:10:12Z,55,APeacefulWarrior,technology,2025-05-26T04:15:21.174142Z
mtyusgr,1ku3gzs,reddit,Just imaging how many windows installs would go away once steam OS gets better driver support.,2025-05-24T06:18:09Z,15,SarahArabic2,technology,2025-05-26T04:15:21.174146Z
mtyli3p,1ku3gzs,reddit,Open-source for the win! Gaming democracy at its best🥵,2025-05-24T04:53:22Z,17,SnuggleVicee,technology,2025-05-26T04:15:21.174149Z
mu5wqp1,1ku3gzs,reddit,I’m really interested to see if this helps with the UE5 shader compilation and traversal stutter.,2025-05-25T12:51:49Z,1,scrndude,technology,2025-05-26T04:15:21.174151Z
mqwsdle,1kg8g76,reddit,"8GB VRAM seems small, especially with frame generation.",2025-05-06T16:36:16Z,158,Feeding_the_AI,technology,2025-05-26T04:15:22.406973Z
mqwtcjd,1kg8g76,reddit,"$299 MSRP?


So what's the street price? $1299?",2025-05-06T16:40:51Z,85,voiderest,technology,2025-05-26T04:15:22.406987Z
mqwrcdk,1kg8g76,reddit,I can't wait to buy NVidia's $1600 RTX 5060.,2025-05-06T16:31:18Z,90,SuperSecretAgentMan,technology,2025-05-26T04:15:22.406997Z
mqwviol,1kg8g76,reddit,8gb vram again? Doa for 1440p even with dlss and mfg pushing the performance up there. Interested to see if Nvidia is betting on their vram compression algo to make up for these decisions,2025-05-06T16:51:00Z,34,Resolute_Pecan,technology,2025-05-26T04:15:22.407007Z
mqwordj,1kg8g76,reddit,They could release a knock-off Jensen leather jacket and it would have better sales.,2025-05-06T16:18:52Z,8,IcestormsEd,technology,2025-05-26T04:15:22.407017Z
mqww2oe,1kg8g76,reddit,"8GB again, of course.",2025-05-06T16:53:34Z,8,Kingdarkshadow,technology,2025-05-26T04:15:22.407027Z
mqxl3sx,1kg8g76,reddit,I can't keep up with all these lackluster releases and models.,2025-05-06T18:51:58Z,7,StatusFortyFive,technology,2025-05-26T04:15:22.407037Z
mqwvqpa,1kg8g76,reddit,"In related news, scalpers will release their $599 RTX 5060 on the same day!",2025-05-06T16:52:02Z,6,illuminerdi,technology,2025-05-26T04:15:22.407047Z
mqxjn8d,1kg8g76,reddit,So a 1080p card for $300 (plus overcharge making it $400) in 2025... why...,2025-05-06T18:44:54Z,12,penguished,technology,2025-05-26T04:15:22.407057Z
mqwr5b4,1kg8g76,reddit,This looks good but I'm expecting the 5050 to be pretty average.,2025-05-06T16:30:20Z,12,Electrical-Page-6479,technology,2025-05-26T04:15:22.407067Z
mqx1wxw,1kg8g76,reddit,You mean a 450$ 8gb vram card?,2025-05-06T17:20:46Z,4,UniuM,technology,2025-05-26T04:15:22.407073Z
mqyubne,1kg8g76,reddit,Scalpers and trump tarriffs will make sure the card will be known as the rtx $506.00,2025-05-06T22:32:47Z,3,Deadman_Wonderland,technology,2025-05-26T04:15:22.407078Z
mqwnyrz,1kg8g76,reddit,I thought it was going to be more expensive lol,2025-05-06T16:15:01Z,5,Fast_Passenger_2890,technology,2025-05-26T04:15:22.407084Z
mqxdcti,1kg8g76,reddit,"having tons of issues with nvidia’s drivers lately, if they don’t figure things out soon I may have to switch brands",2025-05-06T18:14:37Z,2,robnox,technology,2025-05-26T04:15:22.407089Z
mqzaqew,1kg8g76,reddit,"It probably won’t be scalped above $430 in the USA, since that’s what the 5060 ti 8GB seems to be being sold for at its lowest current price on pcpartpicker.",2025-05-07T00:03:59Z,2,WolfBV,technology,2025-05-26T04:15:22.407095Z
mqwvh9t,1kg8g76,reddit,$299 but will release at $599 cause what's an MSRP......,2025-05-06T16:50:49Z,2,Thund3rF000t,technology,2025-05-26T04:15:22.407101Z
mqwq2t7,1kg8g76,reddit,Both of them?,2025-05-06T16:25:14Z,1,NickConrad,technology,2025-05-26T04:15:22.407106Z
mqx4r99,1kg8g76,reddit,$600 dollars you say?,2025-05-06T17:33:57Z,1,joshthor,technology,2025-05-26T04:15:22.407112Z
mqxkfxw,1kg8g76,reddit,The guy that just bought my second hand 3060 for 225€ is going to regret his bidding. (Ok it had 12GB VRam),2025-05-06T18:48:46Z,1,Kawa46be,technology,2025-05-26T04:15:22.407118Z
mqxmf7e,1kg8g76,reddit,"$299 msrp, so $500 at store?",2025-05-06T18:58:16Z,1,DrB00,technology,2025-05-26T04:15:22.407123Z
mqxon5g,1kg8g76,reddit,"Ignore the card. I need that gunmetal case, it looks really pretty",2025-05-06T19:09:01Z,1,NotSoCoolWaffle,technology,2025-05-26T04:15:22.407129Z
mqxw8l1,1kg8g76,reddit,How does it compare to a B580 now that they are comming back in stock and have more Vram for those trying to run AI models.,2025-05-06T19:45:48Z,1,mjh2901,technology,2025-05-26T04:15:22.407134Z
mqyilpn,1kg8g76,reddit,Retail is gonna be $699+ and availability for under four figures ain't gonna happen.,2025-05-06T21:32:13Z,1,Hyperion1144,technology,2025-05-26T04:15:22.407140Z
mqyri2b,1kg8g76,reddit,Wow. Still unaffordable.,2025-05-06T22:17:19Z,1,lordpoee,technology,2025-05-26T04:15:22.407146Z
mqyu68m,1kg8g76,reddit,"Yeah, it's the 5050",2025-05-06T22:31:57Z,1,unlimitedcode99,technology,2025-05-26T04:15:22.407151Z
mqyygmj,1kg8g76,reddit,what can I do with an 5060?,2025-05-06T22:55:31Z,1,isoAntti,technology,2025-05-26T04:15:22.407157Z
mqz0v60,1kg8g76,reddit,Hardware unboxed benchmarks the 8gb model as being pretty gimped. You’re looking at marginal gains over Intel battle mage. And if their higher quality settings is predictive of where games might be in a couple of years then perhaps even behind the battle mage cards. It’s only with the 16gb model that they could reliably lead against the battle mage card. So it seems that memory size is more important today than computational capability.,2025-05-06T23:08:41Z,1,qualia-assurance,technology,2025-05-26T04:15:22.407162Z
mqzz9gd,1kg8g76,reddit,"It would be nice if they could sell the RTX 5090 they ""released""",2025-05-07T02:26:35Z,1,PMacDiggity,technology,2025-05-26T04:15:22.407168Z
mr0zjdb,1kg8g76,reddit,"Another shit card by nvidia, you get more performance from Intel's newer gfx cards and they are cheaper.",2025-05-07T07:10:56Z,1,flemtone,technology,2025-05-26T04:15:22.407173Z
mr18zcs,1kg8g76,reddit,Nice memevidia. 8gb and it'll be $700 going rate.,2025-05-07T08:50:44Z,1,kerodon,technology,2025-05-26T04:15:22.407179Z
mr1em9d,1kg8g76,reddit,"""suggested $299 retail price"". When in the last 5 years has MSRP been even close to actual pricing?",2025-05-07T09:50:03Z,1,Phalex,technology,2025-05-26T04:15:22.407184Z
mr27jht,1kg8g76,reddit,5050* rebranded as a 5060. The cut down chip bullshit ever since the 1000 series has been insane.,2025-05-07T13:19:29Z,1,Hour-Alternative-625,technology,2025-05-26T04:15:22.407190Z
mr2dxlg,1kg8g76,reddit,Thanks for the information. Now I know when I won't be buying one.,2025-05-07T13:54:33Z,1,Zahgi,technology,2025-05-26T04:15:22.407195Z
mroatlt,1kg8g76,reddit,Who wants an 8GB card? What year is this again?,2025-05-11T00:37:43Z,1,GangStalkingTheory,technology,2025-05-26T04:15:22.407203Z
mqy5ft8,1kg8g76,reddit,Stop lying nliedia! Your $299 GPU will be $599!!!,2025-05-06T20:28:58Z,0,Karmogeddon,technology,2025-05-26T04:15:22.407209Z
mqxpxsl,1kg8g76,reddit,Would this be better than my 3070?,2025-05-06T19:15:17Z,0,javiergame4,technology,2025-05-26T04:15:22.407214Z
mtqp2t7,1kt3a03,reddit,Austin sucks.,2025-05-22T23:04:25Z,50,freakdageek,technology,2025-05-26T04:15:23.524568Z
mtxf977,1kt3a03,reddit,"Texas tried to attract tech with low taxes.


But unreliable power grids, rampant racism, anti trans and women laws, along with an absolutely moronic populace doomed it to fail.",2025-05-24T00:05:40Z,10,Niceromancer,technology,2025-05-26T04:15:23.524572Z
mtr9s5e,1kt3a03,reddit,"As a trans person working in tech, Texas is pretty radioactive. A lot of queer folk probably have similar thoughts.

I could actually see the Canadian cities taking some of the business as the US becomes less friendly to foreigners.",2025-05-23T01:06:01Z,65,MaybeAlice1,technology,2025-05-26T04:15:23.524574Z
mtsjuyy,1kt3a03,reddit,"A state that worships a rapist, votes in disgusting Ted Cruz, has a bunch of misogynistic red hat filth and anti-vaxx garbage isn’t going to be super attractive for tech would it",2025-05-23T06:36:50Z,10,AwayCatch8994,technology,2025-05-26T04:15:23.524576Z
mq0s6zx,1kc8blk,reddit,"This is going to happen to lots of electronic products where lots of parts come from China. It will be no longer profitable to sell at a margin in the U.S, so companies will take this opportunity to raise costs globally to cover that shortfall from U.S sales. Rest of the world pays for the American market loss.",2025-05-01T14:11:19Z,56,brianstormIRL,technology,2025-05-26T04:15:24.964978Z
mq0l5bz,1kc8blk,reddit,"Jesus Christ, $380 for Series S? I bought mine mine used for like $150. Totally would not pay almost $400 for one.",2025-05-01T13:33:32Z,42,Old-Benefit4441,technology,2025-05-26T04:15:24.964989Z
mq0waei,1kc8blk,reddit,It's pretty crazy to me how American tech companies will let the American market define their global brand. wasn't that pretty much the reason why American car manufacturers nearly entirely lost out on the global market?,2025-05-01T14:31:59Z,21,TheAmazingKoki,technology,2025-05-26T04:15:24.964996Z
mq0i0qz,1kc8blk,reddit,And so the greedisgood mentality continues,2025-05-01T13:15:51Z,61,RandomTheTrader,technology,2025-05-26T04:15:24.965003Z
mq0k1x3,1kc8blk,reddit,"And there we go, it was only a matter of time.

Thank goodness I also play PC! These console prices are ridiculous!",2025-05-01T13:27:23Z,16,Silk_the_Absent1,technology,2025-05-26T04:15:24.965014Z
mq1aoch,1kc8blk,reddit,And thus begins to no consuming period where companies will blame their low sales on anyone including the consumers but themselves or government,2025-05-01T15:42:44Z,7,Limp_Classroom_2645,technology,2025-05-26T04:15:24.965021Z
mq1g44h,1kc8blk,reddit,Remember when console prices went down years after release,2025-05-01T16:09:42Z,6,Azzymaster,technology,2025-05-26T04:15:24.965028Z
mq1akb2,1kc8blk,reddit,Would love to understand how digital downloads are affected by tariffs.,2025-05-01T15:42:10Z,4,CanvasFanatic,technology,2025-05-26T04:15:24.965035Z
mq62pzc,1kc8blk,reddit,"Fuck this ass backwards world, console prices go up as they get older.",2025-05-02T09:33:38Z,1,kg2k,technology,2025-05-26T04:15:24.965042Z
mq194l2,1kc8blk,reddit,"Crash, crash, crash, crash.",2025-05-01T15:35:11Z,1,Noid_Void,technology,2025-05-26T04:15:24.965048Z
mq1vmzc,1kc8blk,reddit,"That's not the way I would have tried to increase hardware sales after reporting that they are down, but I guess that is why I am not a finance guy.",2025-05-01T17:25:03Z,1,ajd660,technology,2025-05-26T04:15:24.965056Z
mq1wun4,1kc8blk,reddit,"an atari game in 83 sold for around $30-45 (though sometimes ~$25), translating to $98-$147. reminder to yell about stagnant/proportionate wage growth.",2025-05-01T17:30:45Z,-4,trebuchetdoomsday,technology,2025-05-26T04:15:24.965062Z
mq13at7,1kc8blk,reddit,"Inflation, tariffs, and developers taking 3-10 years to push a game is what makes it expensive. The fact that games cost less than a 100 dollars is lowkey a miracle. In 2004 BigMac Price in the US was $2.40 and games were 50 dollars. Now BigMac is $5.80 and games are 70-80. 
 You can also take into account that development times are like 3-4 times longer and it takes like 10x more people to make a game now, While BigMac still uses the same ingredients and is made by the same pimply teenagers.",2025-05-01T15:06:43Z,-9,Infamous_Land_1220,technology,2025-05-26T04:15:24.965069Z
mta8iyz,1kr29zb,reddit,Cancelled their subscription when they announced that they kill my Photoshop+Lightroom plan. Feels so good to not use their products anymore.,2025-05-20T12:21:38Z,61,phil_gal,technology,2025-05-26T04:15:26.086922Z
mtafxpv,1kr29zb,reddit,"Here's a list of Adobe alternatives for all of their major programs, if anyone wants to jump ship:  
[https://github.com/KenneyNL/Adobe-Alternatives](https://github.com/KenneyNL/Adobe-Alternatives)",2025-05-20T13:08:27Z,60,biesterd1,technology,2025-05-26T04:15:26.086934Z
mta3wj6,1kr29zb,reddit,Adobe are money hungry assholes.,2025-05-20T11:50:02Z,57,flemtone,technology,2025-05-26T04:15:26.086942Z
mtar45o,1kr29zb,reddit,I hope the worst for adobe. Such an annoying company to deal with,2025-05-20T14:10:49Z,18,bookworm0510,technology,2025-05-26T04:15:26.086950Z
mta7czy,1kr29zb,reddit,I dare them to do that to EU citizens.,2025-05-20T12:13:49Z,11,pysk4ty,technology,2025-05-26T04:15:26.086957Z
mtabuq1,1kr29zb,reddit,"Excuse me, but they're also now offering a bundle with no AI for $5 less than the current plan. Isn't that what we wanted?",2025-05-20T12:43:24Z,14,knellotron,technology,2025-05-26T04:15:26.086965Z
mtb559f,1kr29zb,reddit,"FYI: Just contacted them via chat (I checked the option for cancelling my plan, not upgrading/changing my plan). I had the all apps plan ($59/mo). Asked them to downgrade me from the Pro to the Standard plan in the event that I was getting automatically upgraded. They offered me the same plan I currently have at a reduced price of $45/mo for 12 months, and at the end of that 12 months I can go back to the standard plan.",2025-05-20T15:20:06Z,2,joseph_jojo_shabadoo,technology,2025-05-26T04:15:26.086972Z
mtb8xlg,1kr29zb,reddit,Good you can still pirate their stuff tho.,2025-05-20T15:38:35Z,2,Hakunin_Fallout,technology,2025-05-26T04:15:26.086979Z
mtao1wn,1kr29zb,reddit,"Remember, if you threaten suicide over the cancellation fee they will waive it…",2025-05-20T13:54:33Z,3,BooCakie-esk,technology,2025-05-26T04:15:26.086987Z
mtb0fbv,1kr29zb,reddit,Why the fck is anyone still using Adobe? Too many amazing free to use apps out there. Some are even better.,2025-05-20T14:57:07Z,1,fegodev,technology,2025-05-26T04:15:26.086994Z
mtngbcm,1kr29zb,reddit,"Its such a shame theres such a strong adobe monopoly right now. Figma needs to offer a strong photoshop, AE, and premiere solution so we can all jump ship from adobe. The current alternative landscape is terrible at best.",2025-05-22T13:22:50Z,1,monospaceman,technology,2025-05-26T04:15:26.087002Z
mtam45z,1kr29zb,reddit,"If you use Adobe at this point, you deserve whatever comes to them.",2025-05-20T13:43:57Z,-4,jemlinus,technology,2025-05-26T04:15:26.087009Z
mtaehi7,1kr29zb,reddit,There's a good breakdown of the changes here: [https://www.reddit.com/r/Adobe/comments/1knkgk6/updated\_creative\_cloud\_offerings\_announcement/](https://www.reddit.com/r/Adobe/comments/1knkgk6/updated_creative_cloud_offerings_announcement/),2025-05-20T12:59:47Z,-1,howardpinsky,technology,2025-05-26T04:15:26.087017Z
mrw6jh4,1kk5kcs,reddit,"Nope, that's not a myth, no one was saying that.",2025-05-12T11:02:27Z,2,aaclavijo,technology,2025-05-26T04:15:27.006061Z
mruf7fw,1kk5kcs,reddit,"Well, so much of it was released publicly, so creating an MoE model trained partially on outputs isnt a huge breakthrough. What would be huge is if they actually trained it in the hardware they claimed they did… but there is no evidence to support those claims.",2025-05-12T01:39:09Z,1,Emotional_Insect4874,technology,2025-05-26T04:15:27.006074Z
mrrwk7q,1kk5kcs,reddit,[deleted],2025-05-11T16:55:09Z,1,N/A,technology,2025-05-26T04:15:27.006082Z
mrv9o14,1kk5kcs,reddit,"Yes and no.

There are plenty of instances where their own AI has roasted their own companies with brutal truth about their business.

The question we should be asking... is this really a ""myth""?  Because it never was.",2025-05-12T05:30:30Z,-2,VincentNacon,technology,2025-05-26T04:15:27.006090Z
msts045,1koyv06,reddit,"« I think this material is a breakthrough that can hopefully make a big contribution to coral restoration. Biomedical scientists have spent a lot of time developing nanomaterials as drug carriers, and here we were able to apply some of that knowledge to marine restoration. This paper highlights that if you bring together ideas from different scientific fields, you can create innovative solutions to tough problems like restoring coral reefs. »",2025-05-17T17:49:44Z,4,fchung,technology,2025-05-26T04:15:27.924921Z
msts16o,1koyv06,reddit,"Reference: Samapti Kundu et al., Biomimetic chemical microhabitats enhance coral settlement  Author links open overlay panel, Trends in Biotechnology, 2025. https://doi.org/10.1016/j.tibtech.2025.03.019",2025-05-17T17:49:53Z,3,fchung,technology,2025-05-26T04:15:27.924934Z
mstyfut,1koyv06,reddit,"wish, fingers crossed!  i hope they keep doing what they're doing\~",2025-05-17T18:24:52Z,3,DianeL_2025,technology,2025-05-26T04:15:27.924943Z
mpx5trb,1kbsxe3,reddit,"Leon returns to tesler and Mehta’s like, fuck this shit",2025-04-30T22:27:02Z,24,stjohns_jester,technology,2025-05-26T04:15:28.950840Z
mpx3ra0,1kbsxe3,reddit,17 years just walked out.,2025-04-30T22:15:32Z,36,DirtyDirtyHippo,technology,2025-05-26T04:15:28.950853Z
mpxpgrz,1kbsxe3,reddit,Tesla’s brain drain is a SERIOUS deal. Musk is toast. ,2025-05-01T00:17:42Z,13,GabeDef,technology,2025-05-26T04:15:28.950862Z
mpx6oda,1kbsxe3,reddit,Still waiting on any update at all on silicon anodes. Remember battery day? Boy do they not talk about it.,2025-04-30T22:31:48Z,12,Toroid_Taurus,technology,2025-05-26T04:15:28.950870Z
mpxc8ym,1kbsxe3,reddit,"""Huh. Time to go buy Tesla stock."" - Fans who just want to give Elon money",2025-04-30T23:03:14Z,7,TemporaryBanana8870,technology,2025-05-26T04:15:28.950879Z
mpx8jrp,1kbsxe3,reddit,Fanboys going to buy it even harder,2025-04-30T22:42:25Z,1,sirkarmalots,technology,2025-05-26T04:15:28.950887Z
mq0ge45,1kbsxe3,reddit,"That ship is sinking baby! Great time to buy, Elon will sell as much as you want because he’s your buddy & wants everyone winning like him.",2025-05-01T13:06:19Z,-1,Angry3042,technology,2025-05-26T04:15:28.950895Z
msmf4x8,1ko0t2a,reddit,"Looks like they want to be the next Target, that is working out so well for them.",2025-05-16T13:31:13Z,45,yaghareck,technology,2025-05-26T04:15:29.907656Z
msmgzoh,1ko0t2a,reddit,I would leave Verizon now if I hadn't left them years ago because they're expensive and they suck.,2025-05-16T13:41:36Z,31,Shufflin-thru,technology,2025-05-26T04:15:29.907670Z
msn0v17,1ko0t2a,reddit,I’ve come full circle. Time to head back to t-mobile,2025-05-16T15:21:51Z,12,Left-Koala-7918,technology,2025-05-26T04:15:29.907678Z
msnri50,1ko0t2a,reddit,guess what phone plan im moving off of today,2025-05-16T17:31:03Z,7,Iroflmywaffle,technology,2025-05-26T04:15:29.907687Z
mt112ve,1ko0t2a,reddit,Sigh. I’ve been with Verizon for more than twenty years. Anyone know what provider is the most socially conscious? Does that even exist anymore?,2025-05-18T22:27:20Z,2,ThisIsDadLife,technology,2025-05-26T04:15:29.907694Z
msyvkva,1ko0t2a,reddit,Garbage company anyways they care nothing about Net Neutrality nor being truthful to their customers and regularly blow up peoples bills with random charges that take weeks to only be credited to your account and not your bank account!,2025-05-18T15:33:13Z,1,Thund3rF000t,technology,2025-05-26T04:15:29.907702Z
mt4m5fe,1ko0t2a,reddit,"Glad I don’t  have Verizon. Anyway, I don’t agree with this move. I do believe it was done in desperation since Leon’s Starstink is bidding against them in a lucrative government contract. Criminals, all of them.",2025-05-19T14:34:22Z,1,signerster,technology,2025-05-26T04:15:29.907710Z
mtgteq1,1ko0t2a,reddit,"While on the topic of massive mergers. Apparently I missed it in the news, but was informed by an app on my phone. WHEN did Capitol One acquire Discover?",2025-05-21T13:05:02Z,1,DarthLysergis,technology,2025-05-26T04:15:29.907726Z
mqwjef6,1kg7upg,reddit,Seems like we have reached the consolidation phase of delivery apps. As usual we these things prices will likely rise to cover the purchase.,2025-05-06T15:52:50Z,134,Bald_Plonker,technology,2025-05-26T04:15:30.959307Z
mqwnehi,1kg7upg,reddit,This don't makes sense does it? Deliveroo made a profit of £31 million last year. To get their money back at that rate Doordash would need to wait about 100 years. But apparently Doordash can do this because the USA stock market value them 35 times more valuable than the UK stock market value Deliveroo. Do you know how much that is in money? Over $136 billion.  Doordash made a profit of $117 million last year.,2025-05-06T16:12:16Z,46,WyleyBaggie,technology,2025-05-26T04:15:30.959319Z
mqwvqqi,1kg7upg,reddit,Let the enshitification commence,2025-05-06T16:52:03Z,23,Pharazonian,technology,2025-05-26T04:15:30.959328Z
mqxke9p,1kg7upg,reddit,"unfortunate, I bet prices will skyrocket",2025-05-06T18:48:32Z,7,SpazzBro,technology,2025-05-26T04:15:30.959336Z
mqwv8o2,1kg7upg,reddit,"Sigh, now uninstall deliveroo",2025-05-06T16:49:42Z,9,Taste_of_Pleb,technology,2025-05-26T04:15:30.959344Z
mqyordc,1kg7upg,reddit,Deliveroo is sooo bad.,2025-05-06T22:02:47Z,3,Engineering-Guy-185,technology,2025-05-26T04:15:30.959352Z
mqwy5ss,1kg7upg,reddit,Are these services more regulated in the uk?,2025-05-06T17:03:18Z,2,Firstbaser,technology,2025-05-26T04:15:30.959359Z
mqzwav2,1kg7upg,reddit,"RIP, British food suppliers.

These firms are a cancer on your industry, and many of you will not survive it. 

This will result in fewer, shittier options for takeout food, as only the crappiest high-margin food sources will survive it.",2025-05-07T02:09:18Z,2,Electrical-Cat9572,technology,2025-05-26T04:15:30.959367Z
mqxnhnj,1kg7upg,reddit,"I think Deliveroo specifically funds dark kitchens unlike just eat and uber eats so they have more of a value add than the competition.

This is typical for the UK market though, build up the company and sell for a nice price to a foreign buyer.",2025-05-06T19:03:25Z,1,lontrinium,technology,2025-05-26T04:15:30.959374Z
mr05f4p,1kg7upg,reddit,"Huh, I always thought deliveroo was Australian…",2025-05-07T03:04:43Z,1,TheStateOfMatter,technology,2025-05-26T04:15:30.959381Z
mr38e0n,1kg7upg,reddit,"Another orange turdland slop in UK, great.",2025-05-07T16:24:18Z,1,Getherer,technology,2025-05-26T04:15:30.959389Z
mr3i8ir,1kg7upg,reddit,Greed rules.,2025-05-07T17:11:26Z,1,Medium-Pound-1278,technology,2025-05-26T04:15:30.959396Z
mr8qqh7,1kg7upg,reddit,The race to the bottom is almost in the end-phase,2025-05-08T13:34:58Z,1,Intruder313,technology,2025-05-26T04:15:30.959403Z
mqxp1pc,1kg7upg,reddit,"Oh, this is why deliveroo has recently refused to refund most people, even when they received the wrong orders? I guess they were taking every penny they could to inflate their valuation, what a bunch of thieves.

Another app for me to uninstall, I guess it will make me healthier in the long term.",2025-05-06T19:10:58Z,1,Mohammed-Yusef,technology,2025-05-26T04:15:30.959411Z
mqwzt86,1kg7upg,reddit,[removed],2025-05-06T17:11:04Z,-6,N/A,technology,2025-05-26T04:15:30.959418Z
mpwlm5c,1kbqu4p,reddit,"""In the future, AI will apparently be able to do everybody's job—except Marc's."" What a piece of work.",2025-04-30T20:42:56Z,445,CrankyBear,technology,2025-05-26T04:15:32.724224Z
mpwmo7c,1kbqu4p,reddit,"If anything, I would expect AI to be far better suited to VC than almost anything else they try to shoehorn it into these days.",2025-04-30T20:48:02Z,225,FreddyForshadowing,technology,2025-05-26T04:15:32.724232Z
mpwn0as,1kbqu4p,reddit,"Lol, AI would be so much better at venture capitalism than that dumb thumb - better at running numbers, better at gauging consumer and market sentiment online, can process way more data and market signals. AI can do more in about 10 minutes than that dude has done in the last 20 years",2025-04-30T20:49:39Z,66,anoff,technology,2025-05-26T04:15:32.724237Z
mpwoabk,1kbqu4p,reddit,AI can’t self-fellate like the tech broligarchs can.,2025-04-30T20:55:45Z,39,Pretty_Boy_Bagel,technology,2025-05-26T04:15:32.724242Z
mpwmr7k,1kbqu4p,reddit,"I’ve worked in tech for a little over a decade now, mostly in mid-level software development roles, and I’ve been watching this whole AI wave hit the industry like a freight train. Every time a new tool drops, someone in the office half-jokes about being replaced soon. I remember back in 2018 when automation really started creeping into our workflows, and I thought project managers were gonna be safe. But now I see tools doing scheduling, follow-ups, even basic client comms. It’s wild. The only folks I’ve seen consistently untouched are the ones in roles where trust and instinct really matter—like solid, experienced salespeople who just *get* people, or therapists who know how to read silence better than a chatbot ever will. Honestly, I think there's still a kind of human weirdness that tech hasn’t figured out how to replicate.

My cousin's a teacher and we talk a lot about how she's seen AI try to break into education too—automated grading, lesson plans, tutoring apps. But the thing she always says is, ""AI can't look a kid in the eye and know when they're not okay."" And that kinda stuck with me. I don’t think the conversation should be “which jobs are safe,” like it’s a zombie apocalypse or something, but more like what *part* of each job still really needs a human touch. Even in my own role, the code’s getting faster to write, sure, but sitting down with a client to really understand their messed up legacy systems? That’s still something AI can't quite fake. Not yet anyway.",2025-04-30T20:48:27Z,19,Adventurous_Persik,technology,2025-05-26T04:15:32.724247Z
mpwqnxi,1kbqu4p,reddit,So he will champion something he thinks can’t touch his job. It will be able to do his job and he’ll just be an ordinary egg after that.,2025-04-30T21:07:20Z,10,GrapefruitMammoth626,technology,2025-05-26T04:15:32.724251Z
mpwr4yr,1kbqu4p,reddit,Who gives a shit what this conehead thinks about anything,2025-04-30T21:09:40Z,8,becrustledChode,technology,2025-05-26T04:15:32.724256Z
mpwtrwq,1kbqu4p,reddit,"true because it doesn't take any intelligence to do it, lel",2025-04-30T21:23:01Z,6,Aromatic_Brother,technology,2025-05-26T04:15:32.724261Z
mpwu0il,1kbqu4p,reddit,Who’s going to tell him?,2025-04-30T21:24:15Z,4,Ok-Improvement-3670,technology,2025-05-26T04:15:32.724265Z
mpwv6m5,1kbqu4p,reddit,"So, your job is safe if your job is to be independently wealthy.

Got it.",2025-04-30T21:30:15Z,5,nickkrewson,technology,2025-05-26T04:15:32.724270Z
mpxcz9w,1kbqu4p,reddit,"That's gambling, not a job.",2025-04-30T23:07:17Z,4,subcide,technology,2025-05-26T04:15:32.724274Z
mpxelnr,1kbqu4p,reddit,"in Ghost in the Shell the most successful investor is an AI that kept investing after its owner died, becoming a trillionaire",2025-04-30T23:16:24Z,4,bamfalamfa,technology,2025-05-26T04:15:32.724278Z
mpwra8t,1kbqu4p,reddit,His job maybe safe from AI but he wont be safe from masses of unemployed starving people...,2025-04-30T21:10:24Z,3,who_oo,technology,2025-05-26T04:15:32.724283Z
mpxhy0u,1kbqu4p,reddit,What a douche.,2025-04-30T23:35:08Z,3,Luke_Cocksucker,technology,2025-05-26T04:15:32.724287Z
mpxiudk,1kbqu4p,reddit,Marc Andreesen just disappeared up his own arsehole.,2025-04-30T23:40:09Z,3,No-Resolution946,technology,2025-05-26T04:15:32.724292Z
mpxuspz,1kbqu4p,reddit,"So…. if your job is sitting on a pile of money, then you’re safe?",2025-05-01T00:48:32Z,3,EvilLLamacoming4u,technology,2025-05-26T04:15:32.724296Z
mpy5g62,1kbqu4p,reddit,That’s because he needs to convince himself he is irreplaceable lol,2025-05-01T01:50:33Z,3,E_MusksGal,technology,2025-05-26T04:15:32.724301Z
mq011rw,1kbqu4p,reddit,"If AGI is created and working in the interest of humanity, I anticipate it would swiftly mitigate the biggest threats to both itself and humanity: greedy billionaires and venture capitalists.",2025-05-01T11:23:07Z,3,Time-Situation8,technology,2025-05-26T04:15:32.724305Z
mpwpmpc,1kbqu4p,reddit,"This guy is so smart I hope nobody poaches him. It'd be over--easy pickings for a competitor if that happened. He's a useful, experienced hard-boiled voice in the industry.",2025-04-30T21:02:13Z,5,victrola_cola,technology,2025-05-26T04:15:32.724310Z
mpwnyux,1kbqu4p,reddit,"lmao, no. We already automate trading and there's absolutely nothing stopping an ai manipulating any other kind of funds including crypto. It would be like a drive-thru version of venture capitalism; but, do people really care? They want the money, not the person behind it.",2025-04-30T20:54:16Z,2,knotatumah,technology,2025-05-26T04:15:32.724314Z
mpxj2qm,1kbqu4p,reddit,"It may work seeing as they are so rich that they can just bribe the government to enforce regulations and there's possibly no one on top of them to question this idea.  
If it was the other way around though, if people that actually knew about AI were allowed to look into it, I'm preeeeetty sure these guys would already be out of a job.",2025-04-30T23:41:27Z,2,Akegata,technology,2025-05-26T04:15:32.724319Z
mpxwsuk,1kbqu4p,reddit,"good luck, human buttplug",2025-05-01T01:00:06Z,2,balls4xx,technology,2025-05-26T04:15:32.724323Z
mpy11u7,1kbqu4p,reddit,I hate this egg,2025-05-01T01:24:49Z,2,kyutek,technology,2025-05-26T04:15:32.724328Z
mpywcgw,1kbqu4p,reddit,It’s a job that shouldn’t exist,2025-05-01T04:48:50Z,2,MikeCask,technology,2025-05-26T04:15:32.724332Z
mpxzygs,1kbqu4p,reddit,"It bothers me so much that people like this control so much of so many others lives. He’s made the exact same way we are and out of the same stuff, yet we let them lord over 99% of the population.",2025-05-01T01:18:23Z,3,ISuckAtFunny,technology,2025-05-26T04:15:32.724337Z
mpysubm,1kbqu4p,reddit,"Venture capitalists are a profession that if everyone who is one blinked out of existence tomorrow, the world would carry on just fine.  You can't say the same about a lot of jobs.",2025-05-01T04:22:12Z,3,chronomagnus,technology,2025-05-26T04:15:32.724341Z
mpwo9d0,1kbqu4p,reddit,"I mean, even that job's probably not safe forever, but it's got a good run for now.",2025-04-30T20:55:38Z,1,Adventurous_Persik,technology,2025-05-26T04:15:32.724346Z
mpwrfnr,1kbqu4p,reddit,"Judging from the complete ineptitude displayed by every business owner I've worked for, AI could take all of their jobs and do them infinitely better. These nepo babies are trying so hard to convince everyone they're not leeches",2025-04-30T21:11:09Z,1,leddowa,technology,2025-05-26T04:15:32.724350Z
mpx1q6h,1kbqu4p,reddit,"Any job that relies on the synthesis, analysis or referencing of information, in any form, is vulnerable to AI.",2025-04-30T22:04:26Z,1,news_feed_me,technology,2025-05-26T04:15:32.724354Z
mpx7zhs,1kbqu4p,reddit,Oh bullshit...  I guarantee AI can easily become greedy & gluttonous...,2025-04-30T22:39:13Z,1,GringoSwann,technology,2025-05-26T04:15:32.724359Z
mpxb9bp,1kbqu4p,reddit,"It's the whole point of their accelerationism... they believe that the ""finish line"" is in sight, and those who have equity control of the technology when AGI is reached will be cemented into a permanent, immortal oligarchy. As Stross and Doctorow call it ""The Rapture of the Nerds.""",2025-04-30T22:57:41Z,1,withwhichwhat,technology,2025-05-26T04:15:32.724364Z
mpxg8th,1kbqu4p,reddit,I don’t know which will be our response when we build an superintelligence and it proposes an complete overhaul of our socioeconomic status quo.,2025-04-30T23:25:41Z,1,Redararis,technology,2025-05-26T04:15:32.724368Z
mpxj72q,1kbqu4p,reddit,AI executives will be the future. Boards will be utterly foolish not to utilize a superintelligence to extract maximum corporate profits. Like in the third season of West World when the show started to really suck.,2025-04-30T23:42:08Z,1,chaosorbs,technology,2025-05-26T04:15:32.724372Z
mpxrsjw,1kbqu4p,reddit,Hahahahahahaha.,2025-05-01T00:31:16Z,1,RefrigeratorWrong390,technology,2025-05-26T04:15:32.724377Z
mpxsn7r,1kbqu4p,reddit,These guys are clowning around because venture capitalist isn't a real job.,2025-05-01T00:36:11Z,1,krum,technology,2025-05-26T04:15:32.724381Z
mpxucg1,1kbqu4p,reddit,Heh. Hold my beer.,2025-05-01T00:45:58Z,1,leftoverinspiration,technology,2025-05-26T04:15:32.724386Z
mpxuoo8,1kbqu4p,reddit,Oh so his job? Go figure.,2025-05-01T00:47:53Z,1,surroundedbywolves,technology,2025-05-26T04:15:32.724390Z
mpxz1s7,1kbqu4p,reddit,Using past data to inform the likelihood of future success? Optimizing investment portfolios and strategies? Definitely not an AI job,2025-05-01T01:13:08Z,1,Gyarydos,technology,2025-05-26T04:15:32.724395Z
mpxzvxl,1kbqu4p,reddit,oh well thank god for that. just picturing [a world without venture capitalists](https://c.tenor.com/zXlBfjivudkAAAAd/tenor.gif).....\*shudders\*,2025-05-01T01:17:59Z,1,jack_hof,technology,2025-05-26T04:15:32.724399Z
mpy0y12,1kbqu4p,reddit,Not for long.,2025-05-01T01:24:11Z,1,N/A,technology,2025-05-26T04:15:32.724404Z
mpy1ca8,1kbqu4p,reddit,Because an excel spreadsheet can do his job?,2025-05-01T01:26:33Z,1,GeniusEE,technology,2025-05-26T04:15:32.724408Z
mpy7895,1kbqu4p,reddit,"With end game capitalism trying to hold tight before it becomes irreverent, it doesn’t seem like a safe job to me",2025-05-01T02:00:43Z,1,aerost0rm,technology,2025-05-26T04:15:32.724413Z
mpy7ciu,1kbqu4p,reddit,Until the AI steals his identity and puts his egg head in a jar.,2025-05-01T02:01:25Z,1,InspectionNeat5964,technology,2025-05-26T04:15:32.724417Z
mpy8cuh,1kbqu4p,reddit,"So, if AI replaces everybody's jobs, who's going to buy your shit, Marc?",2025-05-01T02:07:15Z,1,evil_burrito,technology,2025-05-26T04:15:32.724422Z
mpye0jy,1kbqu4p,reddit,*Challenge accepted.*,2025-05-01T02:41:01Z,1,auditorydamage,technology,2025-05-26T04:15:32.724426Z
mpye605,1kbqu4p,reddit,dudes a douche bag who thought AI should write jokes,2025-05-01T02:41:58Z,1,AdoboOverRice,technology,2025-05-26T04:15:32.724431Z
mpyg7ky,1kbqu4p,reddit,What businesses is he going to fund if no one but Ai and him have a job. He relies on regular people.,2025-05-01T02:54:41Z,1,Sensitive_Ad_7420,technology,2025-05-26T04:15:32.724435Z
mpyr2o5,1kbqu4p,reddit,"Well, they might as well AI to decide which startup to invest in and calculate ROI. Build a model around past data and let it make decisions . Then it would be interesting because VCs mostly bet ok 2% Startups to become Unicorns.",2025-05-01T04:09:03Z,1,pmv143,technology,2025-05-26T04:15:32.724440Z
mpz373u,1kbqu4p,reddit,I beg to differ. Professional penis model will remain safe as well.,2025-05-01T05:46:37Z,1,chiddychiddybngbng,technology,2025-05-26T04:15:32.724444Z
mpz47x5,1kbqu4p,reddit,"It's not though. As AI swallows more jobs, if it does, then larger businesses will eat the rest of the world. Then there will be no need for venture capital because large monopolies will be able to control everything.",2025-05-01T05:56:08Z,1,Feeding_the_AI,technology,2025-05-26T04:15:32.724449Z
mpz97q1,1kbqu4p,reddit,"The odd thing being... venture capitalism would benefit greatly from AI.

It's all about recognising --before another investor-- what startups, early-stage, and emerging companies have high growth potential. AI can do that, is AI can be trained to crunch numbers, analyse reports, monitor papers...

His job would be the first to go.",2025-05-01T06:44:38Z,1,KotR56,technology,2025-05-26T04:15:32.724453Z
mpz99lu,1kbqu4p,reddit,A piece of shit his entire life.,2025-05-01T06:45:09Z,1,Edexote,technology,2025-05-26T04:15:32.724458Z
mpzbtfh,1kbqu4p,reddit,"We will see a lot more of this. Just look at fields where output is growing fast. Take micro SaaS for example. With LLMs, people can now build simple apps without writing any code. Imagine how many of these tools will flood the market in the next few years. Anyone targeting that kind of audience will get more clients without putting in significant extra effort. And similar cases are happening across many other spaces too.",2025-05-01T07:10:48Z,1,Boring_Commercial437,technology,2025-05-26T04:15:32.724463Z
mpzeifh,1kbqu4p,reddit,"sure, AI can't replicate the combination of luck, timing & path dependency that got marc to where he is but any technical aspect of vc investing AI can do better than his army of junior staff who crunches the numbers currently

but we could all wish for a future where VC money is distributed not based on who you know / are but merit",2025-05-01T07:39:35Z,1,aphex2000,technology,2025-05-26T04:15:32.724467Z
mpzeq5t,1kbqu4p,reddit,"Us normal people have nothing to worry about, then!",2025-05-01T07:41:54Z,1,A_N_T,technology,2025-05-26T04:15:32.724471Z
mpzi7o8,1kbqu4p,reddit,Duh. Capitalism is designed to enrich the capitalist class without having to work,2025-05-01T08:19:30Z,1,LookinForLoot,technology,2025-05-26T04:15:32.724476Z
mpzkes5,1kbqu4p,reddit,"""I am very smart.""",2025-05-01T08:43:56Z,1,jatmous,technology,2025-05-26T04:15:32.724481Z
mpzm5fl,1kbqu4p,reddit,Isn't that something.,2025-05-01T09:02:40Z,1,MarkZuckerbergsPerm,technology,2025-05-26T04:15:32.724486Z
mpzvoce,1kbqu4p,reddit,"Lolol.

What a gasbag that guy is.

His exact job is the only thing safe from AI.

But they are fucking coming for the drywallers!!!",2025-05-01T10:38:38Z,1,ketamarine,technology,2025-05-26T04:15:32.724490Z
mq0hgmt,1kbqu4p,reddit,He thinks Sinners could be made by AI,2025-05-01T13:12:37Z,1,smakson11,technology,2025-05-26T04:15:32.724495Z
mq0suif,1kbqu4p,reddit,Venture capitalists are just gambling when all said and done. AI sure as hell can do that - algorithms perform most Wall Street trades. ,2025-05-01T14:14:38Z,1,sir_racho,technology,2025-05-26T04:15:32.724500Z
mq1sb9e,1kbqu4p,reddit,Of course the VC guys are safe. Why waste money training AI to do nothing?,2025-05-01T17:09:15Z,1,franticBeans,technology,2025-05-26T04:15:32.724504Z
mq1tavi,1kbqu4p,reddit,"Sadly for Marc, asshats will be easily replaceable by AI so he'll have to content himself with cosplaying as a '60s Batman supervillain.",2025-05-01T17:14:01Z,1,SoySauceandMothra,technology,2025-05-26T04:15:32.724509Z
mq5vo2g,1kbqu4p,reddit,"Marc is a C*nt and he would likely not be sitting pretty in the event of an AI takeover. Sorry, not sorry.",2025-05-02T08:18:55Z,1,herecomethebombs,technology,2025-05-26T04:15:32.724514Z
mqd4ljy,1kbqu4p,reddit,This is proof that you don't have to be smart to have a lot of money. This guy is an idiot.,2025-05-03T13:00:13Z,1,DeeSt11,technology,2025-05-26T04:15:32.724522Z
mqolwsu,1kbqu4p,reddit,"People are missing his main point: current social status *should* fully determine success, not ""intelligence"" or any other factor. To achieve that, we *should* replace ""intelligence,"" whatever that means, with computers. He's not predicting the future; he's creating it with his statements.

Marc Andreessen is at the top now. Marc Andreessen wants to preserve that in the best interest of Marc Andreessen. Marc Andreessen is a neo-fedalist. His statements are always primarily socio-conservative and anti-meritocratic. Everything else comes far behind.",2025-05-05T10:17:51Z,1,Special-Bath-9433,technology,2025-05-26T04:15:32.724530Z
mpwy9nl,1kbqu4p,reddit,Eat the rich!,2025-04-30T21:46:16Z,1,oldog40s,technology,2025-05-26T04:15:32.724538Z
mpy50yg,1kbqu4p,reddit,"I've felt since the beginning that AI would be best suited for executive and director type positions. Feed data into them and get analysis and decisions. It's the obvious use case. Add in the fact that these people get disproportionate compensation and it's a no brainer.

The fact that the humans in these roles are the ones deciding how to implement AI is the only thing preventing it or slowing it down. If I start a company I'm absolutely leaning into AI for these functions/responsibilities and looking to use the savings to treat my skilled labor better.",2025-05-01T01:48:08Z,1,cutchins,technology,2025-05-26T04:15:32.724546Z
mq0qyna,1kbqu4p,reddit,"And cheeseburger chefs apparently, looking at Andreessen.",2025-05-01T14:04:56Z,0,312Observer,technology,2025-05-26T04:15:32.724551Z
mq1wo0a,1kbqu4p,reddit,"This is the guy that thought Netscape Communicator was the next big thing.


Look at his head. That definitely a post delivery doctor squeeze. Yikes ",2025-05-01T17:29:53Z,0,shatterdaymorn,technology,2025-05-26T04:15:32.724561Z
mq06wg2,1kbqu4p,reddit,AI is functionally immortal. It does not need to think on short human lifespans. So it is much better suited as a venture capitalist.,2025-05-01T12:05:22Z,-1,rom_ok,technology,2025-05-26T04:15:32.724565Z
mszu0oc,1kpo2k0,reddit,They really added a ChatGPT summary.,2025-05-18T18:33:36Z,16,deleted-ID,technology,2025-05-26T04:15:33.672973Z
mszjte2,1kpo2k0,reddit,"yes, THIS TIME some vague ""groundbreaking quantum breakthrough"" that uses carbon nanotubes, will change everything and ""revolutionize solar energy technology""!

love how they throw in ""The implications of this finding are vast, potentially revolutionizing sectors like solar energy, biological imaging, and more."" it's the answer to everything!

!RemindMe 1 year",2025-05-18T17:40:19Z,59,barrygateaux,technology,2025-05-26T04:15:33.672985Z
mszgmmn,1kpo2k0,reddit,Smells like hokum.,2025-05-18T17:24:11Z,8,Genius4Hire,technology,2025-05-26T04:15:33.672993Z
mt1x377,1kpo2k0,reddit,"> Illustration of carbon nanotubes emitting more energetic light than they absorb. Image generated by AI.

I stopped reading there.",2025-05-19T01:44:41Z,3,thisischemistry,technology,2025-05-26T04:15:33.673000Z
mt1qyv8,1kpo2k0,reddit,I saw nantero.com is available for purchase on GoDaddy. Certainly that means that commercialization is only two more years away this time!,2025-05-19T01:06:05Z,2,Imaginary-Newt3972,technology,2025-05-26T04:15:33.673007Z
mt0v98w,1kpo2k0,reddit,"To infinium and beyond!   So i ask what is the difference between ""energetic light"" and Lazy light?",2025-05-18T21:53:53Z,4,ManagementLeather896,technology,2025-05-26T04:15:33.673014Z
mt1opbh,1kpo2k0,reddit,"Ok, someone tell me why this is bullshit.",2025-05-19T00:52:12Z,1,_Panacea_,technology,2025-05-26T04:15:33.673021Z
mt1p4n3,1kpo2k0,reddit,CARBON NANOTUBES!!!!!1!!!11!,2025-05-19T00:54:51Z,1,Liatin11,technology,2025-05-26T04:15:33.673028Z
mt7na0q,1kpo2k0,reddit,"So the first and second laws of thermodynamics have been broken? 😂🤣

Energy cannot be created or destroyed, only transformed, and entropy can never decrease. This article makes it sound like energy is being spontaneously created and that system entropy is decreasing. 

A system cannot output more energy than is put in. The energy has to come from somewhere.",2025-05-19T23:53:27Z,1,Hyperion1144,technology,2025-05-26T04:15:33.673035Z
mt04twc,1kpo2k0,reddit,Sounds like VC fishing.,2025-05-18T19:31:47Z,0,SlaveOfSignificance,technology,2025-05-26T04:15:33.673042Z
mswsrbu,1kpaysp,reddit,Naver maps is superior when you’re in SK anyway. Google maps doesn’t even structure addresses in the local format correctly so sometimes it struggles to find places.,2025-05-18T05:26:43Z,50,Linwechan,technology,2025-05-26T04:15:34.683496Z
mszfl8m,1kpaysp,reddit,Wayz and kaokao maps work best anyway. You don't wanna use Google to get anywhere over there.,2025-05-18T17:18:52Z,6,foefyre,technology,2025-05-26T04:15:34.683500Z
msy4zwh,1kpaysp,reddit,Screw monopolies,2025-05-18T13:01:16Z,6,poeiradasestrelas,technology,2025-05-26T04:15:34.683503Z
msx1j9c,1kpaysp,reddit,Google? National security? How naive. They don't even bother with users' privacy.,2025-05-18T06:52:48Z,-14,jcunews1,technology,2025-05-26T04:15:34.683505Z
mswlj51,1kpaysp,reddit,Pretty sure it worked normally there for like years now…,2025-05-18T04:23:26Z,-18,Rebatsune,technology,2025-05-26T04:15:34.683507Z
mqrcwi3,1kfjuoe,reddit,I would be surprised if Apple had not been working on this for years; but they won't ship it until they think they have it right and when they think they need to.,2025-05-05T19:28:15Z,100,ahothabeth,technology,2025-05-26T04:15:36.155492Z
mqrt024,1kfjuoe,reddit,Where is my Touch ID?,2025-05-05T20:46:40Z,53,Kamui_Kun,technology,2025-05-26T04:15:36.155500Z
mqu5pwk,1kfjuoe,reddit,"Honestly, the notch and the Dynamic Island are one of my least favorite features of the iPhone because of how annoying it can be.  I personally can’t wait the whole screen to be more uninterrupted.",2025-05-06T05:14:09Z,6,theemptyqueue,technology,2025-05-26T04:15:36.155504Z
mqt8uha,1kfjuoe,reddit,It is about time Apple released something different with their iPhones,2025-05-06T01:32:20Z,8,Dawzy,technology,2025-05-26T04:15:36.155509Z
mqtmism,1kfjuoe,reddit,"I just wish it worked with my sunglasses. FaceID apparently struggles with a lot of RayBans specifically. 

I’d also maybe like them to add another option for security where “FaceID with Mask” and “require attention (off)” can unlock your phone but anything set up with require FaceID or payments etc you could keep locked to requiring the full  FaceID verification.

Turning off requires attention is the fix for RayBans but id rather not do that globally.",2025-05-06T02:53:02Z,7,josh-ig,technology,2025-05-26T04:15:36.155513Z
mqszhbs,1kfjuoe,reddit,What is the benefit of this?,2025-05-06T00:38:18Z,5,BeMancini,technology,2025-05-26T04:15:36.155517Z
mqr8gcc,1kfjuoe,reddit,Please just get rid of dynamic islandZ,2025-05-05T19:06:07Z,-3,fakersofhumanity,technology,2025-05-26T04:15:36.155522Z
mqrehou,1kfjuoe,reddit,"That might be enough of a feature to make me want to upgrade my 15 Pro. I don't give two fucks about the delusions tech CEO cult members have convinced themselves of about AI, give me something useful like a more efficient SoC paired with a higher capacity battery so I can go longer between charges. They could also steal/buy the live tiles idea from the doomed Windows Phone and implement that. Maybe undo the years of fucking stupid form over function UI design by Johnny Ive and go back to a UI where controls aren't just slightly different colored text, but actually look distinct from the rest of things so you know it's some kind of UI control you can interact with.",2025-05-05T19:36:16Z,-6,FreddyForshadowing,technology,2025-05-26T04:15:36.155526Z
mqrlcgu,1kfjuoe,reddit,So it will always be watching you. Then there will be ads that you must maintain eye contact with.,2025-05-05T20:09:40Z,-14,StationFar6396,technology,2025-05-26T04:15:36.155530Z
mqrmg8b,1kfjuoe,reddit,Yet another example of Apple being substantially late to the party. Have had this on my Fold's for at least a couple generations now.,2025-05-05T20:15:02Z,-14,ms285907,technology,2025-05-26T04:15:36.155534Z
mqrhh0u,1kfjuoe,reddit,"So, better facial recognition, is what I'm hearing here.

Maybe it'll stop detecting faces in the dark and spooking the shit outta people then, eh?",2025-05-05T19:50:55Z,-11,No-Adhesiveness-4251,technology,2025-05-26T04:15:36.155538Z
mu9bkrl,1kvfs7s,reddit,Wells Fargo analyst proves they have no idea what they are talking about.,2025-05-25T23:57:47Z,894,Bart_Yellowbeard,technology,2025-05-26T04:15:38.253262Z
mu9agyn,1kvfs7s,reddit,Reddit runs because people use Reddit and comment. Not just because of people searching it,2025-05-25T23:51:08Z,1257,ItsColeOnReddit,technology,2025-05-26T04:15:38.253266Z
mu9f4d1,1kvfs7s,reddit,Does Wells Fargo think Reddit is a search engine? Huh? I understand that a lot of people look to Reddit posts for answers to questions they ask via a search engine. But that's not what Reddit is at its core?,2025-05-26T00:19:41Z,43,carnotbicycle,technology,2025-05-26T04:15:38.253268Z
mu9bqkt,1kvfs7s,reddit,🤣 wells fargo analyst...,2025-05-25T23:58:46Z,92,FelixVulgaris,technology,2025-05-26T04:15:38.253270Z
mu950sq,1kvfs7s,reddit,"Well, they need to make it much better because it's very very bad right now.",2025-05-25T23:17:40Z,104,RickyTrailerLivin,technology,2025-05-26T04:15:38.253272Z
mu9gj5h,1kvfs7s,reddit,"The problem with relying on A.I to solve problems you ask google. Is eventually people will stop asking for and receiving solutions to problems in internet forums, then LLMs will have no new information to resolve new problems.",2025-05-26T00:28:33Z,17,Ketra,technology,2025-05-26T04:15:38.253274Z
mu96e7g,1kvfs7s,reddit,"LLM depend on the quality of their training set, and the people tagging it. All these ""The End is Nigh!"" folks miss the fact that the quality of the AI is deeply depended on the man behind the curtain. Or rather the large corpus of stolen data written by an army of men and women that are hidden under the rug.",2025-05-25T23:26:10Z,55,crashorbit,technology,2025-05-26T04:15:38.253276Z
mu9ad51,1kvfs7s,reddit,"If you swear in your Google search, it will disable the ai answer for you.",2025-05-25T23:50:29Z,20,allursnakes,technology,2025-05-26T04:15:38.253278Z
mu9l59z,1kvfs7s,reddit,"Yeah, I plan on spending my day entering search terms into Google's new iteration of search instead of doom scrolling on Reddit all day.

This analyst, you should do the opposite of what they recommend.",2025-05-26T00:57:31Z,9,Zoophagous,technology,2025-05-26T04:15:38.253280Z
mu9piwa,1kvfs7s,reddit,"The article is soft paywalled, so I’m going to theorize that the analyst read the headlines about Google search users adding “Reddit” to the end of their search queries because they organically figured out that the only way to get verifiable human written content that is helpful in Google search is to go through Reddit. So the analyst assumes that’s a major revenue driver for Reddit, it isn’t, it was an accident of humans figuring out how to better use a tool for what they want. Google is now putting AI search results at the top of pages, but unlike a clickbait site (the things people needed to add “Reddit” in their search box to, to avoid in the first place) that relies entirely on Google search revenue for sustainability, Reddit works *because* it’s (usually) human written. People don’t really want the “statistically most likely best result” for a search, they want to think that they’re searching the breadth of human knowledge on a topic,  not the statistical likelihood or the SEO bullshit targeted response for a topic.",2025-05-26T01:25:01Z,7,binocular_gems,technology,2025-05-26T04:15:38.253282Z
mu9qinc,1kvfs7s,reddit,"Well, Wells Fargo has never been wrong before. ",2025-05-26T01:31:23Z,8,ManufacturedOlympus,technology,2025-05-26T04:15:38.253284Z
mu9qrf3,1kvfs7s,reddit,How ? It doesn’t make any sense,2025-05-26T01:33:00Z,4,Traditional-Joke3707,technology,2025-05-26T04:15:38.253286Z
mu9rkc0,1kvfs7s,reddit,lol no it’s not. It may however be the end of Google,2025-05-26T01:38:16Z,3,SayVandalay,technology,2025-05-26T04:15:38.253288Z
mu9vxjt,1kvfs7s,reddit,Lol I doubt the Google AI search will be an outlet for me to bitch about stuff.,2025-05-26T02:05:57Z,5,welestgw,technology,2025-05-26T04:15:38.253290Z
mu97b0u,1kvfs7s,reddit,"This kind of sounds like sky is falling territory. 

A little sensationalism to sell ad copy. ",2025-05-25T23:31:46Z,7,MuchoNatureRandy,technology,2025-05-26T04:15:38.253292Z
mu9pml2,1kvfs7s,reddit,I have been adding swears to all my Google searches to circumvent their AI overview.,2025-05-26T01:25:40Z,3,RayGunEra,technology,2025-05-26T04:15:38.253293Z
mu9qexz,1kvfs7s,reddit,Wells Fargo sucks. I wouldn’t trust their analysis of anything,2025-05-26T01:30:43Z,3,sbbblaw,technology,2025-05-26T04:15:38.253295Z
mu9sufv,1kvfs7s,reddit,People are in search of a community. And besides where else are we supposed to go to be toxic and read witty comments from random people?,2025-05-26T01:46:27Z,3,Spl00ky,technology,2025-05-26T04:15:38.253297Z
mu9y6wn,1kvfs7s,reddit,"No, it’s just the end of putting “reddit” at the end of a search",2025-05-26T02:20:18Z,3,itsRobbie_,technology,2025-05-26T04:15:38.253299Z
mua4sb8,1kvfs7s,reddit,What the hell is this guy talking about? Lots of people searching for advice specifically add site:Reddit.com to their searches specifically to avoid AI bullshit.,2025-05-26T03:03:01Z,3,sidewinderucf,technology,2025-05-26T04:15:38.253301Z
mu9bj13,1kvfs7s,reddit,*cut to me shitposting ab google AI on Reddit 5 years from now*,2025-05-25T23:57:30Z,2,chaseallister,technology,2025-05-26T04:15:38.253303Z
mua0lei,1kvfs7s,reddit,Ha! No. I’m finding I’m more often needing to add “reddit” at the end of whatever I’m searching on Google thanks to its bullshit AI answers.,2025-05-26T02:35:37Z,2,Empyre47AT,technology,2025-05-26T04:15:38.253305Z
mua0nt2,1kvfs7s,reddit,"LOL the problem with Reddit is so many people refuse to use Google, or even Reddit search, to find answers and instead want other Reddit users to BE Google and answer all their vague questions for them. I see little hope in Google AI somehow taking over.",2025-05-26T02:36:04Z,2,ScaryFast,technology,2025-05-26T04:15:38.253307Z
mua0r03,1kvfs7s,reddit,Written by a Wells Fargo AI,2025-05-26T02:36:38Z,2,ScF0400,technology,2025-05-26T04:15:38.253309Z
mua201f,1kvfs7s,reddit,I come here because I love having 100's of different rules in 100's of subs and the challenge of remembering them all.  It's great having social media that actually challenges you.,2025-05-26T02:44:46Z,2,AlienInOrigin,technology,2025-05-26T04:15:38.253310Z
mua3ltt,1kvfs7s,reddit,"I’ve literally never used Reddit for search.

Wells Fargo likely has a short position they’re underwater on.",2025-05-26T02:55:11Z,2,AdOptimal4241,technology,2025-05-26T04:15:38.253312Z
mua8rft,1kvfs7s,reddit,"I come here for the conservation, not the facts",2025-05-26T03:30:32Z,2,Horror_Response_1991,technology,2025-05-26T04:15:38.253314Z
mua8znk,1kvfs7s,reddit,AI will give acceptable answers for some questions but for others you'll want experienced detail only a person can give.,2025-05-26T03:32:10Z,2,supervegeta101,technology,2025-05-26T04:15:38.253316Z
muaba0h,1kvfs7s,reddit,My searches typically end in site:Reddit.com. I feel like if anything Googles AI search would be the beginning of the end of Google search.,2025-05-26T03:48:38Z,2,theboblit,technology,2025-05-26T04:15:38.253318Z
mu94kgv,1kvfs7s,reddit,Google’s own use of AI to answer questions right in search results could make Reddit’s huge library of user discussions almost obsolete for casual browsers. That means Reddit might lose up to half its site visitors who aren’t logged in—people advertisers pay for—just as Google gets smarter at giving quick answers directly in the search page.,2025-05-25T23:14:53Z,4,Happy_Weed,technology,2025-05-26T04:15:38.253320Z
mu9ey4w,1kvfs7s,reddit,I take it he hasn't seen how many posts could have been answered faster with Google.,2025-05-26T00:18:35Z,2,DFWPunk,technology,2025-05-26T04:15:38.253322Z
mu96kdv,1kvfs7s,reddit,Reddit’s “bottom line”. Nothing to see here. Move along.,2025-05-25T23:27:13Z,1,Luke_Cocksucker,technology,2025-05-26T04:15:38.253324Z
mu9hfiz,1kvfs7s,reddit,"Lol this AI slop-filled page shows just how wrong this ""analysis"" is",2025-05-26T00:34:16Z,1,iconocrastinaor,technology,2025-05-26T04:15:38.253326Z
mu9isb7,1kvfs7s,reddit,"Google benefits from reddit searches, not thebother way around. 


Reddit sucks for internal search, but they can fix that if they need to. It's all about $$. ",2025-05-26T00:42:47Z,1,thatirishguyyyyy,technology,2025-05-26T04:15:38.253328Z
mu9j683,1kvfs7s,reddit,Bet that analyst didn’t see GameStop coming,2025-05-26T00:45:11Z,1,Medical_Sector5967,technology,2025-05-26T04:15:38.253330Z
mu9l0vf,1kvfs7s,reddit,There are people who think Google’s AI search is good?,2025-05-26T00:56:44Z,1,CanvasFanatic,technology,2025-05-26T04:15:38.253332Z
mu9lqc6,1kvfs7s,reddit,Wait! You can search for shit on Reddit? I thought it was just for comments.  I’m so confused.,2025-05-26T01:01:13Z,1,Raven_Photography,technology,2025-05-26T04:15:38.253334Z
mu9mjf5,1kvfs7s,reddit,"Just bring back Google+

That actually could have ended Reddit, I'll never figure out why Google didn't stick with that one they had very good position for a while then just ceased to exist.",2025-05-26T01:06:20Z,1,sceadwian,technology,2025-05-26T04:15:38.253336Z
mu9opzs,1kvfs7s,reddit,these guys are so out of touch lmao,2025-05-26T01:19:55Z,1,projectradar,technology,2025-05-26T04:15:38.253338Z
mu9oq69,1kvfs7s,reddit,Analyst - this means ignore.,2025-05-26T01:19:57Z,1,iamaredditboy,technology,2025-05-26T04:15:38.253340Z
mu9rszm,1kvfs7s,reddit,It will save me hours of wasted time per day!,2025-05-26T01:39:47Z,1,Frigidspinner,technology,2025-05-26T04:15:38.253342Z
mu9tepo,1kvfs7s,reddit,"Google pays Reddit to power it’s AI, this is such a dumb take",2025-05-26T01:50:01Z,1,sumertopp,technology,2025-05-26T04:15:38.253344Z
mu9tjt7,1kvfs7s,reddit,"Googles AI is usually getting its answers from Reddit lmao. If Reddit dies, then it won’t have anywhere to source its answers from anymore",2025-05-26T01:50:55Z,1,klogsman,technology,2025-05-26T04:15:38.253346Z
mu9tx1w,1kvfs7s,reddit,I never search for things on Reddit. I browse,2025-05-26T01:53:15Z,1,darkbake2,technology,2025-05-26T04:15:38.253347Z
mu9u62k,1kvfs7s,reddit,Google AI search sucks. Seems to be the worst of the LLMs.,2025-05-26T01:54:49Z,1,codywithak,technology,2025-05-26T04:15:38.253350Z
mu9un2v,1kvfs7s,reddit,Written by someone who doesnt use reddit,2025-05-26T01:57:49Z,1,account_for_norm,technology,2025-05-26T04:15:38.253351Z
mu9unod,1kvfs7s,reddit,"This analyst is trying to get fired because this take is braindead and completely misunderstands what reddit is about.

Until we achieve ASI where AI can conduct its own research with controlled studies, reddit and the current AI have a perpetually symbiotic relationship.",2025-05-26T01:57:55Z,1,Damerman,technology,2025-05-26T04:15:38.253353Z
mu9wsbr,1kvfs7s,reddit,"Over half the time you google anything, the AI just pulls up the reddit post anyway. So what exactly is it ending?",2025-05-26T02:11:19Z,1,ironwatchdog,technology,2025-05-26T04:15:38.253355Z
mu9yeiv,1kvfs7s,reddit,How incredibly stupid,2025-05-26T02:21:39Z,1,Portatort,technology,2025-05-26T04:15:38.253357Z
mu9ziy7,1kvfs7s,reddit,"what is this moron babbling about? reddit is the foundation for all credible search results, even ai",2025-05-26T02:28:45Z,1,Glittering-Path-2824,technology,2025-05-26T04:15:38.253359Z
mua0gst,1kvfs7s,reddit,Oh ok WF analyst,2025-05-26T02:34:49Z,1,Vesuvias,technology,2025-05-26T04:15:38.253361Z
mua0j8h,1kvfs7s,reddit,"When I search for something over half the time googles ai answers are either a non answer, to vague, or outright wrong.",2025-05-26T02:35:14Z,1,BenchObvious3676,technology,2025-05-26T04:15:38.253363Z
mua0ke9,1kvfs7s,reddit,Googles ai search has lead to me using reddit to get simple answers to problems more than Google.,2025-05-26T02:35:26Z,1,Dlh2079,technology,2025-05-26T04:15:38.253367Z
mua1p88,1kvfs7s,reddit,"Wait, people who know things work for Wells Fargo!? ",2025-05-26T02:42:51Z,1,capnmax,technology,2025-05-26T04:15:38.253369Z
mua1txq,1kvfs7s,reddit,Who uses Reddit as a search engine?,2025-05-26T02:43:41Z,1,weird-oh,technology,2025-05-26T04:15:38.253371Z
mua2ymz,1kvfs7s,reddit,The only good thing to come out of Wells Fargo is Fallout.,2025-05-26T02:51:00Z,1,totalysharky,technology,2025-05-26T04:15:38.253373Z
mua46h5,1kvfs7s,reddit,"Based on the post I see on reddit... People Don't Search anyways. So... if people don't search, how is this going to impact reddit or google?",2025-05-26T02:59:00Z,1,Daneyn,technology,2025-05-26T04:15:38.253375Z
mua4oqw,1kvfs7s,reddit,"The one thing these companies will downplay, distort, deny and outright destroy is the fact that, yes indeed, people enjoy reading answers *FROM REAL PEOPLE.*

I cannot count the amount of times I search something, and the AI response is somewhat right, but it's just regurgitated from sources that JUST want my money and nothing more.

Simply adding ""reddit"" at the end of my question or query allows me to see a slew of real people, with real spelling errors and mistakes and trial and error's about things that often do at least lead me in the right direction about things, to allow me to go, ""huh, wow, that's EXACTLY the problem I'm having and this person solved it and so did I.""

This is not a silver bullet answer of course, but corporations WANT us to lose our humanity to paid subscription services that fork over more and more money to them. That's it. 

Corporations do not and have not looked at technology as something to better humanity, they ONLY value it for how much money it can personally profit them.",2025-05-26T03:02:20Z,1,iEugene72,technology,2025-05-26T04:15:38.253377Z
mua4pq1,1kvfs7s,reddit,Really got his finger on the pulse there. Google isn’t even providing referral information to understand now much traffic AI search is sending. That’s how uncertain they are of their own product,2025-05-26T03:02:31Z,1,Batmankoff,technology,2025-05-26T04:15:38.253379Z
mua5s2j,1kvfs7s,reddit,Analyst has no effing clue what Reddit is apparently.,2025-05-26T03:09:49Z,1,boraam,technology,2025-05-26T04:15:38.253382Z
mua5tgc,1kvfs7s,reddit,"Bro, I've been here since the Digg days. ""Reddit is going to die any day now"" for decades. It'll be here long after Forbes crumbles",2025-05-26T03:10:05Z,1,Dopeaz,technology,2025-05-26T04:15:38.253384Z
mua6lnn,1kvfs7s,reddit,Wells Fargo was one of the main banks that got us into the house crisis back in 2008. They would be the very last corporation I would ever listen to on an opinion on anything at all,2025-05-26T03:15:29Z,1,filmguy36,technology,2025-05-26T04:15:38.253386Z
mua6x9g,1kvfs7s,reddit,Lol because that's what Reddit is for... Idiots,2025-05-26T03:17:41Z,1,DisorganizedSpaghett,technology,2025-05-26T04:15:38.253388Z
mua7tyj,1kvfs7s,reddit,"Huh?  Reddit is links or comments, unless ai is going to comment Reddit goes nowhere, but off it does no one will care or even notice",2025-05-26T03:23:58Z,1,LocationUpstairs771,technology,2025-05-26T04:15:38.253390Z
mua7zr6,1kvfs7s,reddit,"No, it’s going to make google way better at finding the relevant Reddit posts 🤣",2025-05-26T03:25:04Z,1,n7mesis,technology,2025-05-26T04:15:38.253392Z
mua8281,1kvfs7s,reddit,Who exactly is seeing this as a bad thing?,2025-05-26T03:25:34Z,1,QuantumToasterOven,technology,2025-05-26T04:15:38.253394Z
mua82aa,1kvfs7s,reddit,Lmao Wells Fargo,2025-05-26T03:25:35Z,1,3asyBakeOven,technology,2025-05-26T04:15:38.253396Z
mua8h4b,1kvfs7s,reddit,I'll believe it when AI is 100% unbiased and accurate to reality.,2025-05-26T03:28:29Z,1,snds117,technology,2025-05-26T04:15:38.253398Z
mua8h6x,1kvfs7s,reddit,These assholes are probably the reason why rddt stock has tanked so much,2025-05-26T03:28:30Z,1,Erocdotusa,technology,2025-05-26T04:15:38.253400Z
muaap0o,1kvfs7s,reddit,I also don’t like what Google is doing bumping Wikipedia down.  I don’t trust the ai summary one bit.  I want Wikipedia up top.,2025-05-26T03:44:26Z,1,yearofthesponge,technology,2025-05-26T04:15:38.253402Z
muaaznm,1kvfs7s,reddit,Google's AI search is the beginning of the end for Google search,2025-05-26T03:46:33Z,1,largestworry,technology,2025-05-26T04:15:38.253405Z
muad8aw,1kvfs7s,reddit,Said an analyst that has no idea what any of that means...clearly,2025-05-26T04:03:02Z,1,prestocoffee,technology,2025-05-26T04:15:38.253407Z
muadrz6,1kvfs7s,reddit,"Reddit is the one thing keeping google going. Most times i do a “google search” i add reddit to the end. 

The AI garbage out there is making the reddit user created upvote/downvote all the more important.",2025-05-26T04:07:07Z,1,trailhopperbc,technology,2025-05-26T04:15:38.253409Z
muae504,1kvfs7s,reddit,I’m looking to drop chrome after 20 years because you can’t stop the stupid ai suggestions without putting fuck in your search query.,2025-05-26T04:09:53Z,1,FendaIton,technology,2025-05-26T04:15:38.253411Z
muaema0,1kvfs7s,reddit,I use Google purely to search reddit,2025-05-26T04:13:31Z,1,rorymeister,technology,2025-05-26T04:15:38.253413Z
mu974em,1kvfs7s,reddit,"Pure progress/s.

Who needs new input on new concepts when you can redigest old input again and again.  
Just let your futuristic concept be ~~""invented""~~ reordered by AI and, ...  
...heck, who needs input anyway when it can also be operated by AI that can answer itself?",2025-05-25T23:30:38Z,1,Jumping-Gazelle,technology,2025-05-26T04:15:38.253416Z
mu9pqky,1kvfs7s,reddit,"The end started when it went public and became profit oriented.  It’s still okay, but it’s definitely declining.",2025-05-26T01:26:22Z,1,no_more_brain_cells,technology,2025-05-26T04:15:38.253418Z
mu9yky3,1kvfs7s,reddit,Google AI can't even tell me the hours of operation of a business that is available in Google Maps.. So I guess it's a replacement for reading shitposts?,2025-05-26T02:22:48Z,0,Gorvoslov,technology,2025-05-26T04:15:38.253420Z
mu9yx9z,1kvfs7s,reddit,I agree.  Half of reddit posts can be answered with chat gpt more wccurately without having to wait.  The only real asset reddit does have that seperates it from the other social media sites is porn.,2025-05-26T02:25:00Z,0,stilloriginal,technology,2025-05-26T04:15:38.253422Z
mt5843t,1kqfmdj,reddit,Maybe a nice referral to the bar in which they are admitted too would change their tune.,2025-05-19T16:24:31Z,19,RebelStrategist,technology,2025-05-26T04:15:39.178592Z
mt5e1nq,1kqfmdj,reddit,"Companies have been doing this since like... ever. They'll CC one of the staff lawyers on everything so they can claim it's ""privileged"" communications. The problem with this is that 1) you have to actually be asking the lawyer a specific legal question for it to be privileged, and 2) lawyers are ostensibly required to report any illegal activity they may become aware of. 

The problem comes in that most of the time judges don't really challenge companies, like happened here, and most state bar associations only go after lawyers who make them look bad. So, people running scams to renegotiate the terms of a mortgage or something like that, who just take the money and run. These kinds of things really only ever get taken up by the bar if they become a big story, like all the lawyers who were pushing Trump's bullshit conspiracy theories in 2020. So, there's basically very little risk for the lawyers involved, and they keep pushing to see just how far they can take things.",2025-05-19T16:53:49Z,6,FreddyForshadowing,technology,2025-05-26T04:15:39.178603Z
mt6iykb,1kqfmdj,reddit,not surprising since even the current administration is not following laws and court orders so why should they?,2025-05-19T20:14:05Z,6,Thund3rF000t,technology,2025-05-26T04:15:39.178612Z
mt5aisf,1kqfmdj,reddit,"Some top tech lawyers are telling companies like Apple and Google to hide internal documents and bend the law.

This is why so many people hate lawyers.",2025-05-19T16:36:30Z,7,Ok_Seat5245,technology,2025-05-26T04:15:39.178619Z
mt6gg6q,1kqfmdj,reddit,"it's funny they don't mention just how many privileged documents go out by mistake in these cases (most of which are caught after the fact and clawed-back, but some aren't).",2025-05-19T20:01:28Z,2,JGard18,technology,2025-05-26T04:15:39.178627Z
mt5azjc,1kqfmdj,reddit,"When the punishment is worthless why even obey the law.

  
It's like when we were kids. If teacher didn't even bother to check homework or even not bother asking if we completed it, why bother doing it (unless you are S tier kid or teacher's pet).",2025-05-19T16:38:49Z,5,EnvironmentalRun1671,technology,2025-05-26T04:15:39.178634Z
mt9bajv,1kqfmdj,reddit,Kind of done with laws myself.,2025-05-20T07:18:15Z,1,nadmaximus,technology,2025-05-26T04:15:39.178642Z
mtky16u,1kqfmdj,reddit,"Whatever passes through the courts ends up setting precedent for future cases.  
They will regret it when it comes back to bite them.",2025-05-22T01:39:14Z,1,Spirited-Lifeguard55,technology,2025-05-26T04:15:39.178649Z
mt5f2ut,1kqfmdj,reddit,"I can’t believe Apple is listening to actual lawyers instead of 9to5mac. Do they even know how to run a company? Everyone checks 9to5mac first. MBA 101, people.",2025-05-19T16:58:44Z,-8,ponyflip,technology,2025-05-26T04:15:39.178657Z
mqi7sia,1keeshk,reddit,"r/savedyouaclick 

>certain frequencies in the video resonated with its laptops’ hard drives. Unfiltered, the resonance could “disrupt the hard drive’s proper operation long enough for it to result in the operating system crashing.” The issue even got its [own entry in the NIST National Vulnerability Database](https://nvd.nist.gov/vuln/detail/CVE-2022-38392), which says it affected 5,400rpm hard drives for certain machines “in approximately 2005 and later.”",2025-05-04T08:24:58Z,80,GrouperAteMyBaby,technology,2025-05-26T04:15:40.214454Z
mqirmpl,1keeshk,reddit,Sounds like quite the escapade.,2025-05-04T11:40:21Z,25,APeacefulWarrior,technology,2025-05-26T04:15:40.214466Z
mqim2wi,1keeshk,reddit,It is a very good album after all. ,2025-05-04T10:51:47Z,12,chillysaturday,technology,2025-05-26T04:15:40.214474Z
mqklj4n,1keeshk,reddit,There's a great 99% Invisible [episode](https://99percentinvisible.org/episode/mini-stories-volume-15/3/) about this.,2025-05-04T17:53:20Z,3,WinchesterBiggins,technology,2025-05-26T04:15:40.214481Z
mqmbswo,1keeshk,reddit,The untold wardrobe malfunction…..,2025-05-04T23:28:14Z,1,Chainedheat,technology,2025-05-26T04:15:40.214488Z
mqitxxd,1keeshk,reddit,Lol how fucked is windows now they need verge publishing this 20yo distraction piece,2025-05-04T11:58:49Z,-47,XcotillionXof,technology,2025-05-26T04:15:40.214496Z
msxc8al,1kpe4nw,reddit,Very interesting. Taking the fundamental research into practical applications. And for this type of sensors it makes really sense to use it in space.,2025-05-18T08:44:11Z,1,readyflix,technology,2025-05-26T04:15:41.137506Z
