comment_id,content_id,platform,content,created_at,score,author,source_name,crawl_time
mtcpgi3,1kr6v7b,reddit,"""Only"" Kaiser Permanente a $115 billion in annual revenue company is left. If it was a public company that would put it in the Fortune 50. 


Jeep the successor to his auto company is a $44 billion business. The largest ship manufacturer in the world is only about $35 billion. Field communications which bought his broadcast company is $95 million. 


I think his empire turned out just fine.",2025-05-20T19:53:36Z,136,laserfaces,todayilearned,2025-05-25T17:43:37.459894Z
mtbei0e,1kr6v7b,reddit,Kaiser and Nixon also had a few meetings that created the insurance landscape we all know and love today,2025-05-20T16:05:50Z,289,Massive-Pirate-5765,todayilearned,2025-05-25T17:43:37.459900Z
mtbgryd,1kr6v7b,reddit,Just goes to show that there’s very little in this world thats permanente.,2025-05-20T16:17:08Z,373,RobertoPaulson,todayilearned,2025-05-25T17:43:37.459904Z
mtbociw,1kr6v7b,reddit,"During world war II, his shipyard got so efficient in making Liberty ships that they could build one in a week.",2025-05-20T16:54:00Z,194,gturrentini,todayilearned,2025-05-25T17:43:37.459907Z
mtbfgr8,1kr6v7b,reddit,Kaiser motors was one of the original owners of the Jeep brand when they were made for the military.,2025-05-20T16:10:39Z,74,Alwayssunnyinarizona,todayilearned,2025-05-25T17:43:37.459911Z
mtc5glx,1kr6v7b,reddit,"There is also the Kaiser Family Foundation (KFF), which provides grants to fund research and communication on health care issues.",2025-05-20T18:15:17Z,28,SpiceEarl,todayilearned,2025-05-25T17:43:37.459914Z
mtcu0kt,1kr6v7b,reddit,"Kaiser aluminum is also part of his legacy, it was spun off from his chemical company.",2025-05-20T20:16:20Z,9,Cheese_Whiz_Hairgel,todayilearned,2025-05-25T17:43:37.459918Z
mtcczhs,1kr6v7b,reddit,"Kaiser is one of the people who helped win WWII. Liberty Ships, over 100 escort aircraft carriers: his production acumen helped make this possible. The strain of it put Kaiser in an early grave.",2025-05-20T18:52:00Z,9,AbeFromanEast,todayilearned,2025-05-25T17:43:37.459921Z
mtbpu68,1kr6v7b,reddit,"It is an amazing story indeed.  

The Kaiser Liberty ships carrying much needed supplies and their sheer force of numbers are credited with ending the war sooner and changing world history.

The German U-boats couldn't sink them faster than Kaiser was launching them.  It was an unbelievable operation that scaled up with mind blowing speed.

He also built the MASSIVE Kaiser steel plant in Fontana California to supply the raw materials. 

He was an incredible man and his story is a microcosm of American exceptionalism and worth the watch or read.",2025-05-20T17:01:01Z,19,Groove4Him,todayilearned,2025-05-25T17:43:37.459924Z
mtcbeu3,1kr6v7b,reddit,"His son is apparently a pretty well regarded musician. My grandfather helped build the Liberty ships out of the Los Angeles shipyards. 

KP is a massive nonprofit HMO, its service model is basically the same as single payer for a mid sized country, with all the pluses and minuses that come with that.",2025-05-20T18:44:25Z,12,Different-Smoke7717,todayilearned,2025-05-25T17:43:37.459928Z
mtb0eo6,1kr6v7b,reddit,"It is fascinating how little of that person's wealth remains today, only a healthcare company remains under his name. He founded it to take care of his shipyard workers.

At one point he apparently owned the company that made Jeeps.

His Kaiser cars were sold by Sears under the name Allstate, which today is another insurance company.",2025-05-20T14:57:02Z,38,Loki-L,todayilearned,2025-05-25T17:43:37.459931Z
mtco6dn,1kr6v7b,reddit,"He's the forgotten industrialist.

More than 100 companies at its peak. Chemicals, steel, sand and gravel, subscription-based housing developments, automobiles, shipbuilding, cement, dams, aqueducts, highways, bridges tunnels, broadcasting, aircraft manufacturing, aluminum, so much more.

Kaiser Air and Kaiser Aluminum are companies that are still in existence.

Henrys favorite color was pink, and it would have been common on California freeways to see Kaiser's pink construction and related trucks.

Fun Fact: The Lake Tahoe scene in the Godfather Pt II was shot at Kaiser's estate. He dredged out a bay, flattened and filled land and built a complex of residences all within 30 days. Before the locals could figure out what's happening and complain, the construction was completed. Today it's known as Fleur du Lac near Tahoe City.",2025-05-20T19:47:12Z,12,Quesabirria,todayilearned,2025-05-25T17:43:37.459934Z
mtbix3j,1kr6v7b,reddit,The Kaiser Darrin is a very cool car. Fiberglass body. Was supposed to compete with the Corvette.,2025-05-20T16:27:39Z,10,im-buster,todayilearned,2025-05-25T17:43:37.459938Z
mtcogrx,1kr6v7b,reddit,"They also built all of the Casablanca class escort carriers, the most numerous class of aircraft carrier to exist at 50. This single class had more hulls built than the UK has ever completed (and only 5 fewer than the ones that had at least some work done before scrapping)

Granted, this isn’t really a fair comparison as they were very small even by WWII standards, but it’s still no small feat to pump out 50 escort carriers in a little under 2 years. Unfortunately, there are no surviving members of the class - although I heard one was either turned into a museum, or they were considered turning one into a museum, but in either case it was ultimately scrapped.",2025-05-20T19:48:38Z,7,MrTagnan,todayilearned,2025-05-25T17:43:37.459941Z
mtfbbpr,1kr6v7b,reddit,"I can thank the Kaiser empire for employing my family for over 30 years. Kaiser cement in Cupertino Ca and Kaiser sand & gravel in northern Sonoma County Ca. My little girl is alive today because of the doctors at Kaiser Permanente. 

His legacy has been hugely important to me.",2025-05-21T05:12:04Z,3,old_tek,todayilearned,2025-05-25T17:43:37.459945Z
mtc6ot4,1kr6v7b,reddit,"Kaiser is well known in Oregon as he built his liberty ships here, and Kaiser Hospitals are pretty much THE hospitals in Oregon.


he'll definitely live on for another hundred years in our state. hundreds of roads, schools, parks, even the town of Kaiser named after him",2025-05-20T18:21:20Z,7,unfinishedtoast3,todayilearned,2025-05-25T17:43:37.459948Z
mtchtcl,1kr6v7b,reddit,"I remember WKBD, Channel 50 out of Detroit, own by Kaiser Broadcasting.",2025-05-20T19:15:43Z,3,420printer,todayilearned,2025-05-25T17:43:37.459951Z
mtcaffu,1kr6v7b,reddit,Hence the name Permanente ?,2025-05-20T18:39:37Z,2,Coast_watcher,todayilearned,2025-05-25T17:43:37.459955Z
mteteki,1kr6v7b,reddit,His house on Lake Tahoe was famously used in Godfather II.,2025-05-21T02:58:01Z,2,Agreeable_Winter737,todayilearned,2025-05-25T17:43:37.459958Z
mthfvc2,1kr6v7b,reddit,Kaiser Aluminum still exists. It’s just not quite as large as Kaiser Permanente.,2025-05-21T15:01:22Z,2,Physical-Order,todayilearned,2025-05-25T17:43:37.459962Z
mti2fsh,1kr6v7b,reddit,His insurance company sucks ass,2025-05-21T16:49:31Z,2,duncandun,todayilearned,2025-05-25T17:43:37.459965Z
mtnpklz,1kr6v7b,reddit,WKBD channel 50 in Detroit.. KBD stands for Kaiser Broadcasting Division.,2025-05-22T14:12:04Z,2,AuburnSpeedster,todayilearned,2025-05-25T17:43:37.459969Z
mtsbosy,1kr6v7b,reddit,He was really on a roll!,2025-05-23T05:23:53Z,2,stellarjcorvidaemon,todayilearned,2025-05-25T17:43:37.459972Z
mteaqxn,1kr6v7b,reddit,My dad still talks about his Henry J that he had in HS.. The Last Onslaught on Detroit is a good read.,2025-05-21T01:05:45Z,2,yo_mr_peepers,todayilearned,2025-05-25T17:43:37.459975Z
mtccasr,1kr6v7b,reddit,Finally managed to get into something profitable,2025-05-20T18:48:44Z,1,Redfish680,todayilearned,2025-05-25T17:43:37.459979Z
mtct6p6,1kr6v7b,reddit,Turns out KP was pretty permanente.,2025-05-20T20:12:11Z,1,Macqt,todayilearned,2025-05-25T17:43:37.459983Z
mtd75yp,1kr6v7b,reddit,It was the most Permanente part.,2025-05-20T21:21:41Z,1,a3r0d7n4m1k,todayilearned,2025-05-25T17:43:37.459986Z
mtdhn9w,1kr6v7b,reddit,Huh. I was born at a Kaiser hospital.,2025-05-20T22:17:20Z,1,ehs06702,todayilearned,2025-05-25T17:43:37.459989Z
mtfn68d,1kr6v7b,reddit,"In Hawaii, there more Kaiser monuments… Hilton Hawaiian Village, Kaiser Moanalua Hospital, Kaiser High School, Hawaii Kai development, etc.",2025-05-21T07:02:26Z,1,Ornery-Patience9787,todayilearned,2025-05-25T17:43:37.459993Z
mtfyspm,1kr6v7b,reddit,"Well yeah, it’s permanante",2025-05-21T09:04:15Z,1,aljobar,todayilearned,2025-05-25T17:43:37.459996Z
mtiknwn,1kr6v7b,reddit,"Kaiser Resources used to be big in oil, gas and coal. 

His grandson was Henry Kaiser, who ran Kaiser Resources and also owned the Denver Broncos",2025-05-21T18:14:46Z,1,afriendincanada,todayilearned,2025-05-25T17:43:37.460000Z
mtjuim2,1kr6v7b,reddit,"He also dredged the largest fishpond in Hawaii, named a part of Oahu after himself, and permanently altered Oahus environment.",2025-05-21T21:54:28Z,1,mhks,todayilearned,2025-05-25T17:43:37.460003Z
mtkgfc7,1kr6v7b,reddit,[Kaiser Broadcasting ID](https://youtu.be/WwtZ_3s2ots),2025-05-21T23:56:31Z,1,Soxogram,todayilearned,2025-05-25T17:43:37.460006Z
mtkq8ta,1kr6v7b,reddit,"To be honest, there are not really a lot of moral billionaires (If any), and I can see a lot of people in the comment section being angry at these people for doing a lot of shady stuff, but if you compare him to other billionaires at the time, he isn't that bad in comparison. He did a lot for the Allied war effort and honestly did more good than bad. Now that doesn't absolve him of the bad he did, but at least recognize the good he did, instead of being a negative asshole to a guy that has been dead for decades now. If anything, he probably did a lot more good to more people than you've done your entire life trashtalking people in reddit standing in your moral highground.",2025-05-22T00:53:44Z,1,OutsideAtmosphere142,todayilearned,2025-05-25T17:43:37.460010Z
mtmg7hq,1kr6v7b,reddit,Only. If people knew how huge Kaiser is they would know op is downplaying it.,2025-05-22T08:45:56Z,1,Sunaruni,todayilearned,2025-05-25T17:43:37.460014Z
mtnt23i,1kr6v7b,reddit,How many ppl died to make the Hoover Dam? Did Kaiser Permanente cover them?,2025-05-22T14:29:24Z,1,Skotzman1969,todayilearned,2025-05-25T17:43:37.460017Z
mtvswen,1kr6v7b,reddit,A not so permanent empire or kingdom.,2025-05-23T18:48:01Z,1,buddhistbulgyo,todayilearned,2025-05-25T17:43:37.460021Z
mu0y585,1kr6v7b,reddit,He also built the Hilton Hawaiian Village in Honolulu.,2025-05-24T15:53:03Z,1,grayghoster,todayilearned,2025-05-25T17:43:37.460024Z
mtdeu6f,1kr6v7b,reddit,The Dead played some great shows at the Kaiser Convention Center,2025-05-20T22:01:53Z,1,SuspiciousYard2484,todayilearned,2025-05-25T17:43:37.460027Z
mtee6o2,1kr6v7b,reddit,"I worked for the ""non-profit"" Kaiser Permanente for few months in 2016 and *hated* it.",2025-05-21T01:26:02Z,-1,Roughneck16,todayilearned,2025-05-25T17:43:37.460031Z
mtdce6s,1kr6v7b,reddit,"It’s crazy how Americans hold up rich people like some kind of heroes. 

This dude exploited people and laid the groundwork for the shitshow we have today.",2025-05-20T21:48:53Z,-9,kmatyler,todayilearned,2025-05-25T17:43:37.460034Z
mtc2wxu,1kr6v7b,reddit,"""Made Liberty ships""?

You mean war profiteering that happened to benefit the Allies as opposed to Axis?",2025-05-20T18:02:56Z,-27,TheBanishedBard,todayilearned,2025-05-25T17:43:37.460038Z
ms63ejp,1klyrk4,reddit,It usually disappears a few years after birth in case you're all wondering why 100% of adult Asians don't have permanent ass bruises.,2025-05-13T22:05:29Z,769,DistortoiseLP,todayilearned,2025-05-25T17:43:39.201404Z
ms68g7h,1klyrk4,reddit,"From wikipedia: ""In 1883, it was described and named after [Mongolians](https://en.wikipedia.org/wiki/Mongols) by [Erwin Bälz](https://en.wikipedia.org/wiki/Erwin_B%C3%A4lz), a German anthropologist based in Japan, who erroneously believed it to be most prevalent among his Mongolian patients.""",2025-05-13T22:33:35Z,192,Valuable_Pollution96,todayilearned,2025-05-25T17:43:39.201408Z
ms6cvyf,1klyrk4,reddit,I heard this led some Asian American parents to be accused of suspected child abuse in US. It actually looks like a real bruise.,2025-05-13T22:58:46Z,129,Secure-Tradition793,todayilearned,2025-05-25T17:43:39.201411Z
ms6bzjy,1klyrk4,reddit,"We don't call them mongolian spots any more, we call them slate gray patches.  Very common and potential source of misdiagnosed child abuse because of how much they look like bruises.  In the modern era pediatricians are well versed in the their patterns and presentation.",2025-05-13T22:53:35Z,197,Farts_McGee,todayilearned,2025-05-25T17:43:39.201413Z
ms7clyn,1klyrk4,reddit,"Had a classmate in grade school that was an Asian adoptee and said when her adoptive parents first saw her they believed she had been physically abused, until a doctor set them straight.",2025-05-14T02:27:47Z,15,romulusnr,todayilearned,2025-05-25T17:43:39.201415Z
ms6buii,1klyrk4,reddit,"I grew up in a country where there weren't that many Asians. When I took my baby in for the first check, the (inexperienced) nurse called the doctor in because she suspected we were abusing the child due to the blue mark on the buttocks looking like a bruise.",2025-05-13T22:52:47Z,38,attillathehoney,todayilearned,2025-05-25T17:43:39.201418Z
ms6kj3n,1klyrk4,reddit,"I was born with this, am half white American/half Chilean. My son was born with it on his lower back and it was quite obvious. It really did look like a dark blue bruise. I was worried that his childcare providers (we live in the US) would not know what it was and would call CPS. We took photos of it every month to give a historical timestamp that it is ALWAYS there just in case.",2025-05-13T23:42:15Z,24,Nuclrwntr_1978,todayilearned,2025-05-25T17:43:39.201420Z
ms6h7fo,1klyrk4,reddit,"I was born with this! I was born at a teaching hospital, so they showed me off to the medical students 🤣.",2025-05-13T23:23:35Z,9,larka1121,todayilearned,2025-05-25T17:43:39.201423Z
ms6362b,1klyrk4,reddit,Where’s it? I’m among the 90-100%,2025-05-13T22:04:13Z,34,royxsong,todayilearned,2025-05-25T17:43:39.201425Z
ms677fv,1klyrk4,reddit,Every one of my siblings and myself have it. Although for me it turned flesh/pink. My kids have it as well and theirs is starting to change color as well,2025-05-13T22:26:30Z,13,PO-43-,todayilearned,2025-05-25T17:43:39.201427Z
ms6clj6,1klyrk4,reddit,I’m in the 90-100% crowd. MIne and my son’s spots never disappeared.,2025-05-13T22:57:06Z,9,gyeran94,todayilearned,2025-05-25T17:43:39.201430Z
ms81gjf,1klyrk4,reddit,My mother had one when she was born. But we’re Scottish so no idea how that happened,2025-05-14T05:25:09Z,5,PositiveLibrary7032,todayilearned,2025-05-25T17:43:39.201433Z
ms8onbt,1klyrk4,reddit,Not so fun fact: this was one of the ways to be classified non-white in Apartheid South Africa along with the pencil test,2025-05-14T09:18:09Z,3,OrSomeSuch,todayilearned,2025-05-25T17:43:39.201435Z
ms6aybx,1klyrk4,reddit,"Considering genetic similarities based on race, it's strange to see such a strong overlap between Asian and African, that somehow completely missed Caucasians",2025-05-13T22:47:43Z,7,OpenRole,todayilearned,2025-05-25T17:43:39.201437Z
ms6lceh,1klyrk4,reddit,"I don't think I have one, so there is a very good chance I am not Asian or African, there is a 50-50 chance I am Hispanic and a good chance that I am white.",2025-05-13T23:46:52Z,5,USDXBS,todayilearned,2025-05-25T17:43:39.201440Z
ms6e81g,1klyrk4,reddit,I’m part South American indigenous and I have one. Never disappeared. I have to explain to every new medical provider it’s not a bruise and no one is abusing me.,2025-05-13T23:06:37Z,4,Lolasglasses,todayilearned,2025-05-25T17:43:39.201442Z
ms6f7j4,1klyrk4,reddit,Gd Genghis strikes again from beyond the grave. ,2025-05-13T23:12:16Z,5,Intergalacticdespot,todayilearned,2025-05-25T17:43:39.201444Z
msal81r,1klyrk4,reddit,I (mixed black and white) had a bunch on my back when I was kid. CPS was actually called because the daycare I went to thought my mom (white) was beating me. The CPS worker (black) was like “those are mongolian spots you’re fine” and that was that.,2025-05-14T16:22:16Z,2,frobotjames,todayilearned,2025-05-25T17:43:39.201447Z
msb5zsi,1klyrk4,reddit,"Huh...is that what my wife has on her arm?  Little tiny blue spot that looks like a bit like a faded tattoo (the color, that is).",2025-05-14T18:00:08Z,2,Sasselhoff,todayilearned,2025-05-25T17:43:39.201449Z
mse04bv,1klyrk4,reddit,"Can you have a range of 90-100% when talking about frequency? 


How often do you use your blinker to turn? 


Most of the time to every single time. ",2025-05-15T03:15:24Z,2,oversoul00,todayilearned,2025-05-25T17:43:39.201452Z
ms6bpv6,1klyrk4,reddit,My nephews are 1/2 Philippine and each of them have it.,2025-05-13T22:52:02Z,4,felurian182,todayilearned,2025-05-25T17:43:39.201454Z
ms6jjsn,1klyrk4,reddit,"When we adopted our daughter from China, while she was young we carried around a printout explaining Mongolian spots in the diaper bag at all times just in case the question came up, especially when we had her at the church nursery or something like that where a new person might be caring for her.",2025-05-13T23:36:45Z,4,TexasPeteEnthusiast,todayilearned,2025-05-25T17:43:39.201457Z
ms6bpyd,1klyrk4,reddit,I'm going to go with 90-100% is wrong.,2025-05-13T22:52:03Z,2,virtually_noone,todayilearned,2025-05-25T17:43:39.201459Z
ms682yb,1klyrk4,reddit,"Ita funny when reading ""USA medicine"" for lack of a better word, this talk of races as if its a fact and not a subjective box even within subjective boxes.",2025-05-13T22:31:29Z,0,Lazzen,todayilearned,2025-05-25T17:43:39.201462Z
ms7des1,1klyrk4,reddit,what does it mean if yours never went away? I still have mine though it's just dark brown now.,2025-05-14T02:32:38Z,1,Thesexiestcow,todayilearned,2025-05-25T17:43:39.201464Z
ms82k0t,1klyrk4,reddit,"Thanks, Gengis Khan.",2025-05-14T05:34:57Z,1,29NeiboltSt,todayilearned,2025-05-25T17:43:39.201466Z
ms8crjn,1klyrk4,reddit,"While they meant to disappear some don’t. Some may appear like an actual bruise. The ones that don’t disappear make sure you ask your GP/doctor to make a note verifying it’s a birthmark. 

So to not get done for it being misunderstood as a some sort of abuse/neglect bruise from other medic/ child care provider etc.
Because these birthmarks tend to also appear on the bum area too so can be misleading. 

My kid had this since birth and the midwife and the follow up newborn check with the GP all made a note verifying it’s a birthmark.",2025-05-14T07:12:52Z,1,Hilltoptree,todayilearned,2025-05-25T17:43:39.201469Z
ms8fwbu,1klyrk4,reddit,What if you have one that isn't blue?,2025-05-14T07:45:30Z,1,light_death-note,todayilearned,2025-05-25T17:43:39.201472Z
ms8hqt6,1klyrk4,reddit,90-100% of Asians? Almost no one in the middle east has them,2025-05-14T08:04:44Z,1,mustafa_i_am,todayilearned,2025-05-25T17:43:39.201474Z
ms8mw2y,1klyrk4,reddit,My daycare was super skeptical when I mentioned the Mongolian term about my 1/2 Chinese baby.,2025-05-14T08:59:30Z,1,suckmyfish,todayilearned,2025-05-25T17:43:39.201477Z
ms8uswg,1klyrk4,reddit,"My daughter was born with one. I was so confused and my mom was concerned the doctors were a little rough during delivery until they later told me what it was called and I googled it. She still has it now at almost 2 years old, but it is a lot smaller and you can tell it has been fading away.",2025-05-14T10:19:09Z,1,Raggenn,todayilearned,2025-05-25T17:43:39.201480Z
ms96bzh,1klyrk4,reddit,What does Hispanics even means in this context? Given it just means from Spanish speaking countries and can be of any race?,2025-05-14T11:50:08Z,1,alexlourinha,todayilearned,2025-05-25T17:43:39.201482Z
ms9q1k5,1klyrk4,reddit,"My eldest had one, and the doctor asked if we were any part Asian.",2025-05-14T13:49:15Z,1,mommai,todayilearned,2025-05-25T17:43:39.201484Z
msa9o8e,1klyrk4,reddit,"My son is half Filipino, and was born with these on his buttocks and the back of his legs. They faded after about a year. He was about four months old when we started day care, and we carefully documented the presence of these with the all Caucasian management, and made a point of talking about it with his teachers. One of his first teachers was Japanese, and was a bit insulted when I tried to explain to her what the marks were.",2025-05-14T15:27:03Z,1,lanshaw1555,todayilearned,2025-05-25T17:43:39.201487Z
msakjac,1klyrk4,reddit,"I remember a story in the news many years ago where a Japanese parent was arrested in California when a nurse saw this blue mark on the child, and then reported it to the police, assuming it was child abuse.",2025-05-14T16:18:56Z,1,miurabucho,todayilearned,2025-05-25T17:43:39.201489Z
msekerd,1klyrk4,reddit,Guess my son is 1 of 10,2025-05-15T05:53:38Z,1,stoneman9284,todayilearned,2025-05-25T17:43:39.201493Z
msf87l2,1klyrk4,reddit,"I am Middle Eastern. What is my race? Middle East is in Asia, but if I am correct American only count East Asians and Indians as Asians.",2025-05-15T09:56:14Z,1,Haunting_Switch3463,todayilearned,2025-05-25T17:43:39.201495Z
msl6w2d,1klyrk4,reddit,I heard its bc theyre blue bloods,2025-05-16T07:32:25Z,1,playswithsquirrels01,todayilearned,2025-05-25T17:43:39.201498Z
msw8utd,1klyrk4,reddit,"My sister’s was big and dark for most of her life. Now that she’s in her mid twenties, you wouldn’t know you were looking at it unless she points it out.",2025-05-18T02:46:10Z,1,bootycaaaaaake,todayilearned,2025-05-25T17:43:39.201500Z
ms76a1e,1klyrk4,reddit,"How can it be ""90-100%""? Surely it´s either always found, or it falls outside the 100% range.",2025-05-14T01:49:56Z,1,semiomni,todayilearned,2025-05-25T17:43:39.201503Z
ms6ky7z,1klyrk4,reddit,"My daughter had the Mongolian blue butt, as I understood it to be called, and we were always a little worried that doctors would think we spanked her (a baby!) or something.",2025-05-13T23:44:39Z,1,LeonardSmallsJr,todayilearned,2025-05-25T17:43:39.201505Z
ms73tq2,1klyrk4,reddit,My daughter has this! She’s 3.5 and still has it. ,2025-05-14T01:36:05Z,1,sifrult,todayilearned,2025-05-25T17:43:39.201508Z
ms661rz,1klyrk4,reddit,"My kids all have it, it's especially visible in half breeds.",2025-05-13T22:20:06Z,-11,METRlOS,todayilearned,2025-05-25T17:43:39.201510Z
ms6af8s,1klyrk4,reddit,[deleted],2025-05-13T22:44:43Z,0,N/A,todayilearned,2025-05-25T17:43:39.201513Z
ms6clji,1klyrk4,reddit,No wonder I love the Hu,2025-05-13T22:57:06Z,0,DinerEnBlanc,todayilearned,2025-05-25T17:43:39.201515Z
ms6h212,1klyrk4,reddit,"Uh, I have never heard about it. How?",2025-05-13T23:22:44Z,0,LupusDeusMagnus,todayilearned,2025-05-25T17:43:39.201517Z
msexskh,1klyrk4,reddit,TIL that racism still exists. Hispanics? Caucasians? lol,2025-05-15T08:06:34Z,-2,N/A,todayilearned,2025-05-25T17:43:39.201520Z
ms6h4kz,1klyrk4,reddit,I dated an Asian woman and told her about this. This was in the days before cell phones so we had to arrange all sorts of lamps and mirrors for her to see what I could see. ,2025-05-13T23:23:08Z,-3,Volfie,todayilearned,2025-05-25T17:43:39.201523Z
ms7742v,1klyrk4,reddit,"90-100% = 100%.  If you weren't born with the spot, you aren't Asian or African.",2025-05-14T01:54:46Z,-2,mr_ji,todayilearned,2025-05-25T17:43:39.201525Z
ms72snh,1klyrk4,reddit,[deleted],2025-05-14T01:30:08Z,-4,N/A,todayilearned,2025-05-25T17:43:39.201532Z
mpcaugj,1k98hl1,reddit,"That's just my normal retail-trained ""walking with purpose"" speed.",2025-04-27T17:09:52Z,648,NihilisticPollyanna,todayilearned,2025-05-25T17:43:41.143564Z
mpci227,1k98hl1,reddit,"That's likely why ""league"" was a useful unit in old times.

If something was 3 leagues away, that meant it was roughly 3 hours walking distance.

[https://en.wikipedia.org/wiki/League\_(unit)](https://en.wikipedia.org/wiki/League_(unit))",2025-04-27T17:45:10Z,522,MKleister,todayilearned,2025-05-25T17:43:41.143569Z
mpc7l7a,1k98hl1,reddit,Depending on size,2025-04-27T16:53:37Z,421,nOotherlousyoptions,todayilearned,2025-05-25T17:43:41.143571Z
mpd03wb,1k98hl1,reddit,"Gait biomechanics researcher here. This 3.5 mph (~1.6 m/s) figure is a bit higher than what the literature often shows. 

The typically quoted most efficient gait speed is ~1.3 m/s (~2.9 mph).

For those interested in the caviats, here they are:
1. This is all for healthy adults.
2. Young healthy adults walk faster than healthy older adults. 
3. These gait speeds are optimal for walking straight. Changing direction incurs an additional metabolic cost, leading to decreases in gait speed as a function of turning radius.


Really cool paper on metabolic cost of turning while walking: 

https://doi.org/10.1073/pnas.2020327118.",2025-04-27T19:17:35Z,40,PersonOfInterest1969,todayilearned,2025-05-25T17:43:41.143573Z
mpcfoe2,1k98hl1,reddit,"I took a biological physics class once. To calculate your gait speed, you model your femur and shin as a double pendulum and find the resonate frequency. Then you imagine two of them, plot them, and you can figure out the ideal horizontal speed.",2025-04-27T17:33:35Z,83,Lied-,todayilearned,2025-05-25T17:43:41.143575Z
mpc81r1,1k98hl1,reddit,"I suspect this is ""for an average human being"" since stride length is likely to make a significant difference.",2025-04-27T16:55:52Z,204,ViskerRatio,todayilearned,2025-05-25T17:43:41.143577Z
mpc9cg8,1k98hl1,reddit,"Unless you're short, and then it's 3 mph...",2025-04-27T17:02:21Z,17,MellowMallowMom,todayilearned,2025-05-25T17:43:41.143579Z
mpcevuz,1k98hl1,reddit,"That's around 5,6km/h for the absolute majority of the world",2025-04-27T17:29:44Z,98,Anachron101,todayilearned,2025-05-25T17:43:41.143581Z
mpdfm80,1k98hl1,reddit,I’m reading The Long Walk right now by Stephen King and they are walking at 4 mph and honestly that’s kinda fast isn’t? For like a long period of time,2025-04-27T20:37:44Z,6,RocMerc,todayilearned,2025-05-25T17:43:41.143583Z
mpe89ds,1k98hl1,reddit,Most people naturally walk the most efficient speed for your size/weight/age etc....,2025-04-27T23:13:02Z,4,Ghozer,todayilearned,2025-05-25T17:43:41.143585Z
mpc7ekz,1k98hl1,reddit,"Damn that’s so fast lol 

I can barely do 3 mph

My little feets take time",2025-04-27T16:52:42Z,19,downwitbrown,todayilearned,2025-05-25T17:43:41.143587Z
mpcj2ra,1k98hl1,reddit,What about inefficient? Like wouldn’t you want that speed when trying to lose weight?,2025-04-27T17:50:10Z,3,TheSiege82,todayilearned,2025-05-25T17:43:41.143589Z
mpcjwoq,1k98hl1,reddit,"Living in NYC has trained me, 3.6 is my walking speed. Even as a short dude.",2025-04-27T17:54:15Z,4,Pinksheep1337,todayilearned,2025-05-25T17:43:41.143594Z
mpcrw0q,1k98hl1,reddit,Efficient for what?,2025-04-27T18:34:59Z,8,angry_shoebill,todayilearned,2025-05-25T17:43:41.143598Z
mpcb3cw,1k98hl1,reddit,Good to know I’m burning more calories by walking slower lol,2025-04-27T17:11:06Z,5,GloriousPrpose,todayilearned,2025-05-25T17:43:41.143599Z
mpcljgh,1k98hl1,reddit,Walking 5mph 🤝 running at 27mph,2025-04-27T18:02:26Z,2,cuzwithfreshbuzz,todayilearned,2025-05-25T17:43:41.143601Z
mpcsasx,1k98hl1,reddit,It's 5 kmh for the non imperial measures.,2025-04-27T18:37:06Z,2,ffsudjat,todayilearned,2025-05-25T17:43:41.143605Z
mpe3muz,1k98hl1,reddit,In New York that’s considered slow. Get out of my way.,2025-04-27T22:46:29Z,2,ChimpBuns,todayilearned,2025-05-25T17:43:41.143607Z
mpe5w6q,1k98hl1,reddit,I've been told that I walk too fast all my life and I rarely get above 2.8 on the treadmill. I'm 6 feet tall.,2025-04-27T22:59:15Z,2,Ashamed_Feedback3843,todayilearned,2025-05-25T17:43:41.143609Z
mpedn9v,1k98hl1,reddit,TIL my walking speed is efficient! Ive been trying to increase it to 6km/h too (3.7mph),2025-04-27T23:44:29Z,2,zenmaster24,todayilearned,2025-05-25T17:43:41.143612Z
mpfjf0q,1k98hl1,reddit,On average.,2025-04-28T04:15:45Z,2,noctalla,todayilearned,2025-05-25T17:43:41.143614Z
mpcfc7b,1k98hl1,reddit,"This is how traffic engineers set the countdown time for ped crossings. Curb to curb distance divided by 3.5 fps is the countdown,  button to far curb divided by 3 fps is the walk + flashing countdown time, with the minimum walk time usual being 7s.",2025-04-27T17:31:55Z,4,Veritas3333,todayilearned,2025-05-25T17:43:41.143616Z
mpc8fmn,1k98hl1,reddit,When I used to really hike I'd do 3.5 mph on flat ground.  Apparently I could tell that was efficient!,2025-04-27T16:57:48Z,4,toaster404,todayilearned,2025-05-25T17:43:41.143619Z
mpcggbl,1k98hl1,reddit,"Most efficient for energy expenditure, got it. 

But what's the most efficient for cardiovascular benefits while being mentally sustainable and without resulting in CNS fatigue?",2025-04-27T17:37:22Z,4,NuancedThinker,todayilearned,2025-05-25T17:43:41.143621Z
mpc9j0x,1k98hl1,reddit,"Even the site linked uses proper units

You know, the ones used in every country in the world¹ bar one, and used by the majority of reddit users

¹Liberia and Myanmar have both been using metric since the late 2010s",2025-04-27T17:03:16Z,4,snow_michael,todayilearned,2025-05-25T17:43:41.143623Z
mpcrbd7,1k98hl1,reddit,"Cool, now tell all the slow walkers to move.",2025-04-27T18:32:00Z,2,DeathLikeAHammer,todayilearned,2025-05-25T17:43:41.143626Z
mpch2p0,1k98hl1,reddit,Can someone who is an expert tell me the best walking speed for burning fat for body weight,2025-04-27T17:40:23Z,1,NGNevermore,todayilearned,2025-05-25T17:43:41.143628Z
mpcl13t,1k98hl1,reddit,I see so the Long Walk people were not walking the most efficient speed.,2025-04-27T17:59:52Z,1,CakeisaDie,todayilearned,2025-05-25T17:43:41.143630Z
mpct3us,1k98hl1,reddit,Doesn’t it matter how tall you are?,2025-04-27T18:41:18Z,1,N/A,todayilearned,2025-05-25T17:43:41.143632Z
mpcvwio,1k98hl1,reddit,"That's like a 17-minute mile, which is a nice, but not too quick, pace.

I walk a lot and find a 15-minute per mile pace to be very brisk, almost difficult to keep up without it turning into a light jog.  Although I don't have the longest legs.",2025-04-27T18:55:40Z,1,Jump_Like_A_Willys,todayilearned,2025-05-25T17:43:41.143635Z
mpcwt4h,1k98hl1,reddit,I would love to walk that fast and far.,2025-04-27T19:00:20Z,1,m945050,todayilearned,2025-05-25T17:43:41.143637Z
mpcx06s,1k98hl1,reddit,I think my natural walking speed is 3.2mph. I must optimize further for maximum efficiency.,2025-04-27T19:01:20Z,1,bobthunicorn,todayilearned,2025-05-25T17:43:41.143639Z
mpczi5z,1k98hl1,reddit,"How is energy expenditure while running at 20 mph lower than while jogging?

I'd assume that with the same energy expenditure per mile you'd be able to get about the same distance before getting too tired, but this chart contradicts that..

The article also says that efficiency is tapering off at high speeds, but that's not what the chart says.",2025-04-27T19:14:23Z,1,zeddus,todayilearned,2025-05-25T17:43:41.143642Z
mpd2ht7,1k98hl1,reddit,That’s different for different people.,2025-04-27T19:30:11Z,1,Tryingsoveryhard,todayilearned,2025-05-25T17:43:41.143644Z
mpd2ona,1k98hl1,reddit,"Interesting, that's my normal walking speed, and I use it on an incline treadmill to train. I now wonder if I'm training inefficiently as my goal of training is clearly not to use the least energy",2025-04-27T19:31:12Z,1,theeggplant42,todayilearned,2025-05-25T17:43:41.143646Z
mpdem01,1k98hl1,reddit,"How does this compare with the third efficient way people can move (but forget is a thing)? I'm not sure how to actually name what it is, but if you leap forward with one leg than the other. It's like running in a sense, but most of the power for it comes from the springiness of the ankle. It takes much less energy than running but is at a speed somewhere between running and walking.

  
edit: i would have called it 'loping' but apparently that's been used to describe how people walk on the moon (which i would call 'bounding').",2025-04-27T20:32:40Z,1,Manpooper,todayilearned,2025-05-25T17:43:41.143648Z
mpdjibt,1k98hl1,reddit,That’s what they trained us to judge in stopwatch time studies,2025-04-27T20:57:43Z,1,rubberguru,todayilearned,2025-05-25T17:43:41.143650Z
mpdo8r7,1k98hl1,reddit,"With a full pack, I can only do about 2.25 an hour and I'm a pretty tall dude.",2025-04-27T21:22:20Z,1,PancakeParthenon,todayilearned,2025-05-25T17:43:41.143653Z
mpesfi4,1k98hl1,reddit,"For me, 125 steps/minute translates into 4 mph, a brisk pace",2025-04-28T01:14:42Z,1,IfTowedCall311,todayilearned,2025-05-25T17:43:41.143655Z
mpg77ne,1k98hl1,reddit,Skipping ftw!,2025-04-28T08:01:17Z,1,EatonStroker,todayilearned,2025-05-25T17:43:41.143657Z
mpgdn1i,1k98hl1,reddit,"According to my Watch, I do somewhere between 16 minutes and 18 minutes a mile, depending on weather and other foot traffic. I call the former pace ""the sidewalk eater"".",2025-04-28T09:12:19Z,1,shotsallover,todayilearned,2025-05-25T17:43:41.143659Z
mphp8zj,1k98hl1,reddit,"Dang, I need to walk a different speed to lose more weigh.

Edited for autocorrect",2025-04-28T14:50:50Z,1,MaxHobbies,todayilearned,2025-05-25T17:43:41.143662Z
mpizi6o,1k98hl1,reddit,"That is less than ""walking speed"" in traffic law... and much less than my normal speed.",2025-04-28T18:38:43Z,1,D3monVolt,todayilearned,2025-05-25T17:43:41.143664Z
mpv72sl,1k98hl1,reddit,"Yeah, maybe if you drive a Mercedes Benz and work at the arsenal.",2025-04-30T16:38:24Z,1,iamnotevenhereatall,todayilearned,2025-05-25T17:43:41.143666Z
mpded4k,1k98hl1,reddit,"Maybe tomorrow you'll learn non-moronic units, who knows",2025-04-27T20:31:25Z,1,apeaky_blinder,todayilearned,2025-05-25T17:43:41.143668Z
mpjrg1w,1k98hl1,reddit,"As a NYer, those are rookie numbers.",2025-04-28T20:58:49Z,1,YounomsayinMawfk,todayilearned,2025-05-25T17:43:41.143670Z
mpcckiu,1k98hl1,reddit,"So twice the walking speed of a Texan, then?",2025-04-27T17:18:27Z,0,ManWhoIsDrunk,todayilearned,2025-05-25T17:43:41.143672Z
mpcoi0w,1k98hl1,reddit,"3.5 mph is 17:08 per mile, in case anyone is wondering. That is not a quick pace at all. Enough to get the blood flowing, engage the muscles, but not put the heart at risk.",2025-04-27T18:17:30Z,1,Anx1etyD0g,todayilearned,2025-05-25T17:43:41.143676Z
mpcbc98,1k98hl1,reddit,Not true. Gross generalization. Lots of different type people out there.,2025-04-27T17:12:19Z,-4,BradyBunch12,todayilearned,2025-05-25T17:43:41.143678Z
mpcg1no,1k98hl1,reddit,"Americans, walk faster, you need a caloric deficit",2025-04-27T17:35:23Z,-3,tikkamasalachicken,todayilearned,2025-05-25T17:43:41.143680Z
mpcrc8r,1k98hl1,reddit,"Can we please use km/h?
No one except Americans use mph.",2025-04-27T18:32:08Z,-5,HedgehogEnyojer,todayilearned,2025-05-25T17:43:41.143682Z
mpchrd0,1k98hl1,reddit,"3.5mph?!? That's my cool down walking speed! Get out of my way you show poke!!


I'm not sure how they figure 3.5 is the most efficient. 3.5 is at the bottom with calories per mile per 100lbs",2025-04-27T17:43:42Z,-6,tbodillia,todayilearned,2025-05-25T17:43:41.143684Z
mpcccy0,1k98hl1,reddit,Racewalkers disagree!!,2025-04-27T17:17:24Z,-2,gnatdump6,todayilearned,2025-05-25T17:43:41.143686Z
mtypx4k,1ku3l7d,reddit,This is the lucky one. Another guy became bombs away over Hounslow.,2025-05-24T05:32:04Z,281,Merlins_Bread,todayilearned,2025-05-25T17:43:42.366426Z
mtzl2j3,1ku3l7d,reddit,The no documentation is an established tactic because the authorities (French border security equivalent here) cannot send you back to a country without having paperwork that proves you are from the country. It takes a long while (and a ton of paperwork) to get a passport delivered for someone who isnt cooperating.,2025-05-24T10:43:00Z,34,gerundhome,todayilearned,2025-05-25T17:43:42.366438Z
mtyt36i,1ku3l7d,reddit,I always felt sad for the afghanese who helped the Americans and when America left Afghanistan people were trying to grab the landing gear because the taliban was going to kill them for helping Americans.,2025-05-24T06:01:40Z,159,DevryFremont1,todayilearned,2025-05-25T17:43:42.366446Z
mu1p2kz,1ku3l7d,reddit,"The FAA is aware of over 100 attempts by stowaways to hide inside the wheel-wells of aircraft during flights in the past century. They list 76 recorded fatalities and 23 known survivors.

Those that perish during the attempt have an unfortunate tendency of falling out of the aircraft as the landing gear doors open for landing. In 2019 such a frozen corpse fell from the landing gear of a Kenyan Airlines flight inbound to Heathrow. The body fell into a garden in Clapham 3 ft away from a sunbathing resident.

The survivors typically suffer from severe injuries including frost bite and crushing injuries.

It's unclear how stowaways are even able to survive being in freezing temperatures and low oxygen for such extended periods of time, but it's believed that they enter a form of hibernation.

Most survivors claim they passed out during the flights, and have little or no memory of the journey.",2025-05-24T18:15:50Z,13,DarkAlman,todayilearned,2025-05-25T17:43:42.366453Z
mtynot4,1ku3l7d,reddit,"But, the worst part was that he was in France!

I'll show myself out.",2025-05-24T05:12:01Z,54,Canuck647,todayilearned,2025-05-25T17:43:42.366463Z
mu1np9h,1ku3l7d,reddit,Why not just do what Marilyn Hartman does?  Just walk on the plane with a group when boarding is not paying attention.  She’s done it over 20 times.,2025-05-24T18:08:22Z,3,Alternative-Neck-705,todayilearned,2025-05-25T17:43:42.366470Z
mtylv8p,1ku3l7d,reddit,"Al ""Landing"" Geria later founded a school for stowaways in Lille.",2025-05-24T04:56:23Z,9,Arbuh,todayilearned,2025-05-25T17:43:42.366478Z
mu0m1vd,1ku3l7d,reddit,And then he was sent back to Algeria?,2025-05-24T14:49:53Z,2,Ancient-Builder3646,todayilearned,2025-05-25T17:43:42.366485Z
mu11a2e,1ku3l7d,reddit,"Then there was the guy who stowed away in the landing gear compartment and survived the trip to Flohston Paradise unharmed. Although he was detained when he got there. Crazy situation, really, the ship was taken over he force and he ended up taken hostage, but an off duty cab driver managed to rescue him.",2025-05-24T16:09:42Z,2,NatureTrailToHell3D,todayilearned,2025-05-25T17:43:42.366492Z
mu2hut7,1ku3l7d,reddit,"53 years ago,  one guy escaped Cuba via this method.

https://www.rd.com/article/escape-from-cuba-dc-8/

Also, tragedy does occur 


https://www.nzherald.co.nz/world/stowaways-bad-idea-tragic-story-behind-falling-boy-photo-that-shocked-sydney-and-the-world/SDLNOL3DEIXDOOGTLGPVHJQ4PI/",2025-05-24T20:58:38Z,2,ChevExpressMan,todayilearned,2025-05-25T17:43:42.366499Z
mtywwd7,1ku3l7d,reddit,He was trying to live La Vie en Rose,2025-05-24T06:38:35Z,1,TricolorStar,todayilearned,2025-05-25T17:43:42.366506Z
mtz75iq,1ku3l7d,reddit,"Reminds me of that guy from South africa, went from south africa till england hiding in the stowaway of the wheels..",2025-05-24T08:20:48Z,1,Elfeniona,todayilearned,2025-05-25T17:43:42.366513Z
mtyshwi,1ku3l7d,reddit,Bro thought he was Tom Cruise,2025-05-24T05:56:01Z,1,Neene,todayilearned,2025-05-25T17:43:42.366521Z
mtzb8rj,1ku3l7d,reddit,"That's not a passenger, that's a human popsicle with a death wish!",2025-05-24T09:02:53Z,1,LushAndLovelyy,todayilearned,2025-05-25T17:43:42.366551Z
mtzhmvl,1ku3l7d,reddit,"Just a heads-up for people looking to survive flights: There are many better ways to achieve this, top of the list would be buying a ticket.

This man did not ""survive a flight by hiding in the undercarriage"", he survived hiding in the undercarriage by dumb luck.",2025-05-24T10:09:34Z,-11,reisebuegeleisen,todayilearned,2025-05-25T17:43:42.366559Z
mtymzvp,1ku3l7d,reddit,Let this be a lesson: That is where you end up when you ask Britney Spears to stop smoking on a plane.,2025-05-24T05:05:56Z,-10,SaintBrutus,todayilearned,2025-05-25T17:43:42.366565Z
mryzdmo,1kkzd0h,reddit,"Also in Japan train operators speak out loud when they do certain signals. It helps reduce errors.

So it is both a physical motion (like pointing) and saying something out loud - even if nobody else is around you.",2025-05-12T20:06:59Z,98,lolercoptercrash,todayilearned,2025-05-25T17:43:43.490053Z
mrydnzy,1kkzd0h,reddit,"On the London Underground there's usually a green board that the driver has to stop such that they can see it through the side window of the cab. Different lines and stations require different degrees of accuracy, so the width of the zone varies. On the Jubilee line where there are platform doors the trains have to stop within a few cm of the target. I'm not aware that the driver has to point though.",2025-05-12T18:18:39Z,127,L1P0D,todayilearned,2025-05-25T17:43:43.490070Z
mrzszta,1kkzd0h,reddit,Someone did a fun prank on the conductors since they have to point at the board. [YouTube clip](https://youtu.be/YuVKy7T_EEo?si=rWbPBzcRNO4aNnU7&t=0m30s).,2025-05-12T22:41:59Z,13,Mr_Abe_Froman,todayilearned,2025-05-25T17:43:43.490084Z
mryvpwp,1kkzd0h,reddit,"> Streetcar operators are required to confirm track switch alignments by stopping at a switch, pointing to the switch with their index finger, and then proceeding. This is done to focus the operator's attention to ensure that the streetcar does not go to a different route.[14] 

A small portion of TTC streetcar switches are manually actuated (the driver gets out and uses a pry-bar to switch them), most of the streetcar system is mixed with other traffic, and the streetcars are very ill-equipped to reverse in traffic. So it's very impactful if a switch is left in an unexpected direction and goes unnoticed.",2025-05-12T19:48:41Z,9,chaossabre,todayilearned,2025-05-25T17:43:43.490095Z
mryx28u,1kkzd0h,reddit,"How the union bellyached and moaned about having to do that point, when it was implemented!",2025-05-12T19:55:21Z,20,Jackandahalfass,todayilearned,2025-05-25T17:43:43.490107Z
mryeugi,1kkzd0h,reddit,Never realized how much NYC looks like Japan.,2025-05-12T18:24:23Z,9,iDontRememberCorn,todayilearned,2025-05-25T17:43:43.490118Z
mrzx7th,1kkzd0h,reddit,I'm a private pilot and I was trained to point and verify when working through items on the checklist.  It makes things so much safer!,2025-05-12T23:06:16Z,2,DramaticCattleDog,todayilearned,2025-05-25T17:43:43.490130Z
ms0hg3u,1kkzd0h,reddit,The dc metro is somewhat automated but sometimes they have to go manual. Just this year an operator over shot the platform and had to skip that stop. First time in 20 years riding that I've seen it happen. Fortunately it was not my stop.,2025-05-13T01:00:38Z,1,someguy7710,todayilearned,2025-05-25T17:43:43.490141Z
ms7b9uh,1kkzd0h,reddit,"I do this at work too, and I work in IT.

There are commands I can issue to the Database and/or to our Linux servers that will instantly and catastrophically take down our entire operation at work.

Before I issue potentially destructive commands I point at all the parts of the command physically to make sure that I'm issuing them correctly, at the correct level, with the correct permissions and to the intended target.  I have never issued any of these commands incorrectly in seven years while following this rule.  It takes a few extra seconds, but could save me hours/days/weeks of work.",2025-05-14T02:19:39Z,1,Barachan_Isles,todayilearned,2025-05-25T17:43:43.490152Z
msdinyd,1kkzd0h,reddit,Neat!,2025-05-15T01:28:07Z,1,_The_Scary_Door,todayilearned,2025-05-25T17:43:43.490164Z
ms2ljxt,1kkzd0h,reddit,"In Japan they really need to nail any train or metro stop since the exact position of the doors is already marked on the embarking floor in the station so people can already place themselves before the train arrives and make the process faster and easier. If they stopped one meter sooner or later the passengers would notice. 

I think metros are normally this precise in most systems, but trains aren't in my experience. I bet my local trains have an error margin of at least 10 meters.",2025-05-13T11:13:18Z,1,apistograma,todayilearned,2025-05-25T17:43:43.490176Z
ms7vcor,1km6j8i,reddit,"Fun fact- They are not the mighty ducks anymore. Mighty Ducks of Anaheim changed their name to the Anaheim Ducks before the 2006-07 NHL season. This name change occurred after Disney, who owned the team, sold it to the Samueli family.",2025-05-14T04:34:56Z,578,No-Environment6103,todayilearned,2025-05-25T17:43:45.257842Z
ms7w0nf,1km6j8i,reddit,I remember the cartoon series,2025-05-14T04:40:08Z,107,Such-Egg-7584,todayilearned,2025-05-25T17:43:45.257848Z
ms7xcrx,1km6j8i,reddit,[deleted],2025-05-14T04:50:42Z,231,N/A,todayilearned,2025-05-25T17:43:45.257851Z
ms7wy0g,1km6j8i,reddit,Quack quack quack Mr Ducksworth!,2025-05-14T04:47:25Z,29,Klin24,todayilearned,2025-05-25T17:43:45.257854Z
ms96q9y,1km6j8i,reddit,They basically named the Toronto’s basketball team the *Raptors* because of the popularity of Jurassic Park.,2025-05-14T11:52:50Z,19,maxboondoggle,todayilearned,2025-05-25T17:43:45.257856Z
ms7vakp,1km6j8i,reddit,"Fuck, I’m old.",2025-05-14T04:34:29Z,77,MuletownSoul,todayilearned,2025-05-25T17:43:45.257859Z
ms86ykm,1km6j8i,reddit,"“ Gordon, you weren’t even a has been, you were a never was” 

“No point winning if you can’t win big” 

“You need to teach them to fly” 

I am 41 now and still have my Kariya jersey.",2025-05-14T06:15:47Z,13,simcoe19,todayilearned,2025-05-25T17:43:45.257861Z
ms7ywin,1km6j8i,reddit,Someone listens to the Ringer Fantasy Football Show!,2025-05-14T05:03:23Z,25,Bephore_hs,todayilearned,2025-05-25T17:43:45.257864Z
ms8gabh,1km6j8i,reddit,"I tried telling someone this once and they acted like I was stupid because OF COURSE the team came first, they named the movie after the team! 🙄🙄🙄",2025-05-14T07:49:31Z,11,gambit61,todayilearned,2025-05-25T17:43:45.257866Z
ms9arer,1km6j8i,reddit,Thank you ringer fantasy football,2025-05-14T12:19:44Z,9,pbates89,todayilearned,2025-05-25T17:43:45.257868Z
ms8kdd3,1km6j8i,reddit,"They were officially The Mighty Ducks of Anaheim. So in alphabetical listings of teams, such as introducing players at the All-Star Game, they were filed under “M”, not “A”.",2025-05-14T08:32:47Z,13,cluttersky,todayilearned,2025-05-25T17:43:45.257871Z
ms83vkg,1km6j8i,reddit,"I remember there was a contest for naming the team and got some good entries (I was fond of the Orange County Crushers) but a ton of people knew it was a forgone conclusion that a Disney was going to name them the Ducks because of their ownership.

There were as many locals who hated it as they liked it.  The Eisner years are not looked back fondly for reasons such as this.",2025-05-14T05:46:54Z,4,typhoidtimmy,todayilearned,2025-05-25T17:43:45.257873Z
ms9r4aq,1km6j8i,reddit,"Kids that weren't around at the time probably don't understand how huge this was. Nightly news, every sports channel was talking about it, it was in the papers, magazines, radio. Multiple movies and a cartoon about a sports team.",2025-05-14T13:54:58Z,6,Mechanized1,todayilearned,2025-05-25T17:43:45.257876Z
ms9amve,1km6j8i,reddit,The stadium they played in also used to be called The Pond. Which is a lot better than The Honda Center if you ask me.,2025-05-14T12:18:54Z,5,Derp800,todayilearned,2025-05-25T17:43:45.257878Z
ms7xcud,1km6j8i,reddit,I miss the [Cincinnati Mighty Ducks](https://en.m.wikipedia.org/wiki/Cincinnati_Mighty_Ducks),2025-05-14T04:50:43Z,3,Accomplished-Head449,todayilearned,2025-05-25T17:43:45.257881Z
msabi5x,1km6j8i,reddit,"This is actually really interesting, I was born in the early 90’s and thought the team came before the movie, similar to the Little Giants or something like that.",2025-05-14T15:35:51Z,3,trust_me_I_reddit,todayilearned,2025-05-25T17:43:45.257883Z
ms99hmv,1km6j8i,reddit,"I don't watch Hockey, but that logo is sick.

Good job to the artist who designed that one.",2025-05-14T12:11:27Z,2,Barachan_Isles,todayilearned,2025-05-25T17:43:45.257885Z
ms9fcac,1km6j8i,reddit,"Disney sells the Anaheim Angels -> Angels immediately win the World Series

Disney sells the Mighty Ducks -> Ducks immediately win the Stanley Cup

Also, personal anecdote, the Mighty Ducks were a popular team to bandwagon in my home state (Minnesota) because the movie was filmed here and Minnesota had just lost the North Stars (but the Sharks were still the bandwagon team of choice)",2025-05-14T12:48:19Z,2,FirearmofMutiny,todayilearned,2025-05-25T17:43:45.257888Z
ms7v31r,1km6j8i,reddit,"I remember that film, it was enjoyable, the hockey team , not then and not now",2025-05-14T04:32:51Z,5,Saintcanuck,todayilearned,2025-05-25T17:43:45.257891Z
ms85mxm,1km6j8i,reddit,They should follow the trend and call themselves Los Angeles Ducks of Anaheim,2025-05-14T06:03:13Z,2,Lieutenant_Doge,todayilearned,2025-05-25T17:43:45.257893Z
ms9dypy,1km6j8i,reddit,I've only heard of the mighty ducks in that outtake from Parks & Rec where everybody likes a good cumback story.,2025-05-14T12:39:59Z,1,rudolf_waldheim,todayilearned,2025-05-25T17:43:45.257896Z
msanai5,1km6j8i,reddit,"I didn’t mind the reboot first season, it was enjoyable not great but enjoyable. The second season though, we don’t speak of it.",2025-05-14T16:32:14Z,1,Gingersnap5322,todayilearned,2025-05-25T17:43:45.257898Z
msatqv8,1km6j8i,reddit,Doesn’t one of them even reference this in D2? Something like oh you’ve never heard of us? They named a pro team after us!,2025-05-14T17:02:57Z,1,CameronCrazy1984,todayilearned,2025-05-25T17:43:45.257901Z
msawnxv,1km6j8i,reddit,"I'm old enough I watched the first movie in theaters and all this time I thought the Hockey team was an AHL team, not NHL. Anyways, I still reference the triple deke even when it's something not hockey related",2025-05-14T17:16:48Z,1,Cha-Le-Gai,todayilearned,2025-05-25T17:43:45.257904Z
msdlbww,1km6j8i,reddit,I also listen to the ringer fantasy football podcast,2025-05-15T01:43:19Z,1,culasi,todayilearned,2025-05-25T17:43:45.257906Z
msdthce,1km6j8i,reddit,I see someone else was listening to the Ringer NFL,2025-05-15T02:32:24Z,1,Grizzlypaws,todayilearned,2025-05-25T17:43:45.257908Z
mse8ozx,1km6j8i,reddit,Quack,2025-05-15T04:16:32Z,1,T_H_W,todayilearned,2025-05-25T17:43:45.257911Z
msg8vxz,1km6j8i,reddit,As a kid nothing could beat the combo of my Mighty Ducks beanie and Bulls hoodie.,2025-05-15T14:05:18Z,1,UsernameFor2016,todayilearned,2025-05-25T17:43:45.257913Z
mskw89r,1km6j8i,reddit,"The best movie that I was featured in. I played ""cheering fans #s 49 to 67"".",2025-05-16T05:48:00Z,1,BrogerBramjet,todayilearned,2025-05-25T17:43:45.257916Z
ms9dq1d,1km6j8i,reddit,"The title is incorrect. 

Disney founded The Mighty Ducks of Anaheim. The current name Anaheim Ducks was given after they sold the team.",2025-05-14T12:38:30Z,1,The_Magic_Sauce,todayilearned,2025-05-25T17:43:45.257919Z
msa0ypu,1km6j8i,reddit,"The founding of the Mighty Ducks of Anaheim as an NHL team could also be considered a scam, of sorts, by the then owner of the LA Kings hockey team who received tens of millions of dollars as compensation for a new team opening within the Kings’ broadcast area. (Bruce McNall was both the Kings owner and the chairman of the NHL Board of Governors.)",2025-05-14T14:44:51Z,1,grizzlby,todayilearned,2025-05-25T17:43:45.257921Z
ms80ol8,1km6j8i,reddit,"Oh come on now, what is this....  
Such common knowledge, stop that.",2025-05-14T05:18:22Z,-19,jesser9,todayilearned,2025-05-25T17:43:45.257924Z
msd50ec,1km6j8i,reddit,"I am well aware. Hated the movies, still hate the team.",2025-05-15T00:09:19Z,-2,josebolt,todayilearned,2025-05-25T17:43:45.257926Z
mqa7hdz,1kdbygy,reddit,"I live on Vancouver Island, which is quite large, or so I thought. So I googled it, as one does, and discovered it's not really as big as all that; it's only the 11th largest island in Canada. Wow",2025-05-02T23:10:23Z,145,GrumpyOlBastard,todayilearned,2025-05-25T17:43:46.768932Z
mqb283c,1kdbygy,reddit,"The Yukon is almost as big as Spain but only has 47000 people. That’s why I live here. Also no poisonous insects snakes etc, no hurricanes, no tornadoes, only the occasional minor flood, no volcanoes. We do have forest fires and bears. I love living here.",2025-05-03T02:16:41Z,37,yukonnut,todayilearned,2025-05-25T17:43:46.768938Z
mq9ly0f,1kdbygy,reddit,"Granted, these islands are mostly uninhabited and perpetually covered in snow, but interesting nonetheless.",2025-05-02T21:10:57Z,287,JJKingwolf,todayilearned,2025-05-25T17:43:46.768940Z
mqa56ix,1kdbygy,reddit,"I believe you could squeeze around 48 Great Britains into Canada, so the fact that Baffin and a few other islands are big enough to eclipse GB isn't a surprise.",2025-05-02T22:57:19Z,23,Kunning-Druger,todayilearned,2025-05-25T17:43:46.768943Z
mqban5z,1kdbygy,reddit,"The largest (#5 on the list), Baffin Island, contains Iqualuit, the capital of Nunavut, which can be reached by flights from a number of Canadian cities.",2025-05-03T03:13:19Z,6,Tim-oBedlam,todayilearned,2025-05-25T17:43:46.768946Z
mqc8zic,1kdbygy,reddit,By area in km² you could fit Ireland into almost any of the Great Lakes. North America is a colossal landmass.,2025-05-03T08:20:46Z,4,BrooksConrad,todayilearned,2025-05-25T17:43:46.768949Z
mq9uw82,1kdbygy,reddit,Don’t f..king tell Trump,2025-05-02T21:58:27Z,7,SiteLine71,todayilearned,2025-05-25T17:43:46.768951Z
mqao1hm,1kdbygy,reddit,"There's a part of me that's perpetually bothered by the fact that so much of Canada is borderline uninhabitable. You look at the geography of it and you can just imagine that, under better conditions, probably hundreds of millions would be able to live there. Imagine the cultures, landmarks, stories, etc. 

Yet at the same time, it's for the best all that land remains uninhabitable because if, say, the Hudson Bay or Nunavut suddenly had a mediterranean climate, we're probably in *deep shit* elsewhere.",2025-05-03T00:48:30Z,4,Yuli-Ban,todayilearned,2025-05-25T17:43:46.768955Z
mqabeei,1kdbygy,reddit,"And with more moose, too.",2025-05-02T23:32:43Z,2,Blutarg,todayilearned,2025-05-25T17:43:46.768957Z
mqbflrt,1kdbygy,reddit,"I just learned that ""Afro-Eurasia""  is a term for literally half of the freaking planet",2025-05-03T03:48:53Z,1,Underwater_Karma,todayilearned,2025-05-25T17:43:46.768960Z
mq9zc36,1kdbygy,reddit,"Sorry, but this is not an interesting fact. Many countries have islands bigger than Britain. New Zealand, Indonesia and Denmark are examples.",2025-05-02T22:23:31Z,-27,SqareBear,todayilearned,2025-05-25T17:43:46.768963Z
mq9vd9q,1kdbygy,reddit,I wish that this article recognized that the Eurasia and the Americans are islands. It always bothered me that people don't consider them as such when they clearly meet the definition.,2025-05-02T22:01:03Z,-27,MattTheTable,todayilearned,2025-05-25T17:43:46.768965Z
mqc5mrn,1kdbygy,reddit,Is this why Trump wants Canada so he and his cronies can run if it gets to hot?,2025-05-03T07:45:56Z,-2,Head_Wasabi7359,todayilearned,2025-05-25T17:43:46.768968Z
mqisubc,1kehgos,reddit,"Technically he wrote it in English, but using the Greek alphabet:

https://www.australiangeographic.com.au/wp-content/uploads/2020/04/Levick-notebook-007-02052012-Copy-2.jpg

The first line says ""This afternoon I saw a most extraordinary sight"" for example.",2025-05-04T11:50:10Z,304,Kolja420,todayilearned,2025-05-25T17:43:47.964106Z
mqiqbb0,1kehgos,reddit,Penguins are a-holes.,2025-05-04T11:29:22Z,97,bodhidharma132001,todayilearned,2025-05-25T17:43:47.964110Z
mqisofe,1kehgos,reddit,"Oh, good code. No one's ever even heard of Greek before.",2025-05-04T11:48:50Z,141,LeapIntoInaction,todayilearned,2025-05-25T17:43:47.964112Z
mqk8f4u,1kehgos,reddit,You very well can't write about this stuff in plain English on Antarctica. The penguins control the whole continent and they are clearly up to no good.,2025-05-04T16:48:28Z,15,Mister-Psychology,todayilearned,2025-05-25T17:43:47.964114Z
mqisqlw,1kehgos,reddit,Remember March of the Penguins? The religious right in America claimed penguins' monogamy was proof God's plan was for humans to be monogamous. Imagine if they'd then seen this...,2025-05-04T11:49:20Z,92,Impeachcordial,todayilearned,2025-05-25T17:43:47.964116Z
mqj1rav,1kehgos,reddit,"They are on their own down there, the nights are long and they get bored. They've got to have a hobby.",2025-05-04T12:55:05Z,17,Creoda,todayilearned,2025-05-25T17:43:47.964119Z
mqkuo8f,1kehgos,reddit,Good job he never saw what the sea lions do to the penguins!,2025-05-04T18:39:54Z,3,Englandshark1,todayilearned,2025-05-25T17:43:47.964121Z
mqk5uqg,1kehgos,reddit,[deleted],2025-05-04T16:35:24Z,15,N/A,todayilearned,2025-05-25T17:43:47.964123Z
mqkud1x,1kehgos,reddit,Penguins are ducks in disguise.,2025-05-04T18:38:18Z,2,Infinite_Research_52,todayilearned,2025-05-25T17:43:47.964125Z
mql19dc,1kehgos,reddit,Not so Happy Feet,2025-05-04T19:14:12Z,2,HootleMart84,todayilearned,2025-05-25T17:43:47.964127Z
mqmji1d,1kehgos,reddit,"That's why the worse excuse for behavior is ""But it's only natural! Even the animals do it!""",2025-05-05T00:13:17Z,2,ScorpionDog321,todayilearned,2025-05-25T17:43:47.964129Z
mr3kfi0,1kehgos,reddit,And that's why God decided to keep those little cute demons in Antarctica and never let them fly!,2025-05-07T17:21:52Z,1,Gullible-Anywhere-76,todayilearned,2025-05-25T17:43:47.964131Z
mqnkhp4,1kehgos,reddit,"Lol they covered it in a CollegeHumor toon called 'What The F 101'. Definitely worth the watch. 

Nature is messed up.",2025-05-05T04:10:09Z,0,Dashcan_NoPants,todayilearned,2025-05-25T17:43:47.964133Z
mt8p8r9,1kqvjnq,reddit,White whales for element collectors.  The only legit way to get real plutonium. Funeral homes will remove them and send to their country’s nuclear regulatory agency.,2025-05-20T04:00:45Z,642,PeckerNash,todayilearned,2025-05-25T17:43:49.615957Z
mt8slif,1kqvjnq,reddit,"The name of Pink Floyd's 1970 album Atom Heart Mother comes from a newspaper headline ""ATOM HEART MOTHER NAMED"" about a woman with Plutonium powered pacemaker.",2025-05-20T04:27:20Z,259,Time_Possibility4683,todayilearned,2025-05-25T17:43:49.615961Z
mt8p6u4,1kqvjnq,reddit,"""At present (2003), there are between 50 and 100 people in the U.S. who have nuclear powered pacemakers.""

interested to know if any of them survived 22 more years",2025-05-20T04:00:21Z,207,bubscrump,todayilearned,2025-05-25T17:43:49.615965Z
mt8o7tm,1kqvjnq,reddit,That’s some vault-tec shit.,2025-05-20T03:52:59Z,155,bicyclejawa,todayilearned,2025-05-25T17:43:49.615967Z
mta4zxq,1kqvjnq,reddit,Interesting. Apparently 7.5 milrems is what it produces to the person yearly. The average person gets around 300 for context.,2025-05-20T11:57:42Z,12,ZachMartin,todayilearned,2025-05-25T17:43:49.615969Z
mta9fpk,1kqvjnq,reddit,"There is a story that when a person (I am vague about it because I don’t know all the details), needs to get it replaced, when it does, they will have to call in a different kind of specialist, ones who know a thing or two about the handling of plutonium. Was told this by a ICD (implantable cardiac device) technician. Couldn’t tell me more since it would fall in the patient confidentiality. Only reason I know is because I have my own ICD.",2025-05-20T12:27:46Z,10,IamPlantHead,todayilearned,2025-05-25T17:43:49.615971Z
mta5ceu,1kqvjnq,reddit,I was under the impression that's how literally all pacemakers work. How do they work if they're not nuclear powered? Is it kinetically powered?,2025-05-20T12:00:05Z,24,Dominus_Invictus,todayilearned,2025-05-25T17:43:49.615973Z
mta75ik,1kqvjnq,reddit,"If you meet one of these people, just be careful not to set them off.",2025-05-20T12:12:26Z,6,grumblyoldman,todayilearned,2025-05-25T17:43:49.615975Z
mt9opy4,1kqvjnq,reddit,"If there were only 50 to 100 left in 2003 there can’t be many, if any left now",2025-05-20T09:41:33Z,4,lorner96,todayilearned,2025-05-25T17:43:49.615977Z
mt8wbvm,1kqvjnq,reddit,"Is it correct to call these nuclear powered? The article itself says thermo-electric. That is, these are not powered by a fission explosion but by the heat given off by the decaying substance.",2025-05-20T04:58:01Z,27,darkstar541,todayilearned,2025-05-25T17:43:49.615979Z
mt9f0rd,1kqvjnq,reddit,Just like General [Timothy Treister](https://youtu.be/VeImiF0jUVs?si=fQCBAbzC5IR8COy0&utm_source=MTQxZ)!,2025-05-20T07:57:39Z,3,tayroc122,todayilearned,2025-05-25T17:43:49.615981Z
mt8seq2,1kqvjnq,reddit,Sweet! Kinda wish mine was.,2025-05-20T04:25:49Z,5,ReddFro,todayilearned,2025-05-25T17:43:49.615983Z
mt9uihm,1kqvjnq,reddit,So can you use these around microwaves?,2025-05-20T10:36:42Z,2,lazybeekeeper,todayilearned,2025-05-25T17:43:49.615986Z
mt8qgr5,1kqvjnq,reddit,So are they immune to EMP attacks like in Pacific Rim?,2025-05-20T04:10:18Z,3,gamedevjobber,todayilearned,2025-05-25T17:43:49.615988Z
mtwzaqo,1kqvjnq,reddit,Ha ha ah ha... wait... what?!?,2025-05-23T22:30:51Z,1,TwoToesToni,todayilearned,2025-05-25T17:43:49.615990Z
mt98p5a,1kqvjnq,reddit,"I don't know why that site calls it ""nuclear powered"" because it's not. It's powered by the heat given off by the naturally decaying material. But that's not ""nuclear powered"" any more than a charcoal pencil is ""coal powered""

""Nuclear power"" refers to atomic chain reactions, this isn't that.",2025-05-20T06:52:08Z,-20,romulusnr,todayilearned,2025-05-25T17:43:49.615992Z
mqisusj,1kehr14,reddit,"The Daily Mail was (and still is) an easily manipulated newspaper. If you ever had to promote some media with moderately risqué content and only had a limited marketing budget, you’d simply call your local Daily Mail journalist and tell them there is this new item of media that contains absolute *FILTH* and they’d do all your marketing for you free of charge.",2025-05-04T11:50:16Z,755,silverbolt2000,todayilearned,2025-05-25T17:43:51.179321Z
mqjiwqz,1kehr14,reddit,"I started seeing a girl who told me she was a fan of horror movies so I asked her out to see the new Cronenberg film, Crash. Our first date was watching Spader licking a scar and getting turned on by near death experiences. It was super bizarre and uncomfortable for our first date, but she gave me another shot and we've been married for 24 years now with two kids. The lesson learned was to ALWAYS watch a trailer first before taking my wife to see a movie.",2025-05-04T14:35:51Z,136,Anon_user666,todayilearned,2025-05-25T17:43:51.179327Z
mqis4jx,1kehr14,reddit,"true story my friend told me about the movie ‘crank’ and so i decided to watch it and it took 20 minutes for me to realise that the movie with ludacris I was watching was not, in fact, crank. 
(wrong ‘crash’ ofc but yeah)",2025-05-04T11:44:23Z,102,Real_Run_4758,todayilearned,2025-05-25T17:43:51.179330Z
mqirrep,1kehr14,reddit,"For those curious, it's about people who have fetish on car crash with various other fetishes include sadism and cross dressing. It got NC 17 rating in US, and struggled to open in US because distribution right holder Ted Turner got so offended by the film and tried to block it",2025-05-04T11:41:25Z,83,BadenBaden1981,todayilearned,2025-05-25T17:43:51.179335Z
mqiyjxm,1kehr14,reddit,I appreciate the attempt of examining racial relationships in LA through reenacting famous car crashes.,2025-05-04T12:33:11Z,32,NoWingedHussarsToday,todayilearned,2025-05-25T17:43:51.179340Z
mqj49ae,1kehr14,reddit,"It was actually banned here by a few local councils, including Westminster (a fairly small area in central
London but includes the West End). 

So you couldn’t see it in Soho or Leicester Square, but if you got the tube a few stops in any other direction, you could.",2025-05-04T13:11:23Z,11,GosmeisterGeneral,todayilearned,2025-05-25T17:43:51.179347Z
mqj8de3,1kehr14,reddit,They should have tried to ban Crash (2004) instead. Now that is a controversial movie,2025-05-04T13:36:46Z,18,Mogus00,todayilearned,2025-05-25T17:43:51.179352Z
mql96if,1kehr14,reddit,"The BBFC is pretty sound, in my opinion ",2025-05-04T19:56:18Z,4,HeartyBeast,todayilearned,2025-05-25T17:43:51.179357Z
mqlnviz,1kehr14,reddit,Always seems strange when newspapers are pro-censorship. Traditionally they're the organizations that are most pro-free-speech.,2025-05-04T21:12:49Z,4,squigs,todayilearned,2025-05-25T17:43:51.179362Z
mqlmnp1,1kehr14,reddit,Probably better than the other oscar bait crash movie,2025-05-04T21:06:25Z,3,totallynotabot1011,todayilearned,2025-05-25T17:43:51.179367Z
mqn44ze,1kehr14,reddit,It's a lot more palatable than the other Crash movie.,2025-05-05T02:19:12Z,3,EvaSirkowski,todayilearned,2025-05-25T17:43:51.179373Z
mqjbccn,1kehr14,reddit,"*Justification, OP, not ""evidence"". The correct word was right there in the article. All you had to do was copy it.",2025-05-04T13:54:08Z,6,ZylonBane,todayilearned,2025-05-25T17:43:51.179379Z
mqjh939,1kehr14,reddit,[deleted],2025-05-04T14:27:00Z,6,N/A,todayilearned,2025-05-25T17:43:51.179385Z
mqj5z9u,1kehr14,reddit,"Wish people would just not watch films they find distasteful and STFU. Literally nothing stops anyone from not seeing a film they have no interest in. I’ve successfully evaded The Emoji Movie all this time. But at no point did I ever even consider trying to stop anyone else from seeing it.

Also here in America we get blasted a lot for doing it (and rightly so, keep us in check when we need it!), so I’m glad to hear about it happening elsewhere. It’s not just us! (But we may be some of the worst offenders.)",2025-05-04T13:22:11Z,10,CerebralHawks,todayilearned,2025-05-25T17:43:51.179388Z
mqk8c3a,1kehr14,reddit,"Watching this now, like a lot of films that various reactionary media frothed about a quarter of a century ago, it's incredibly tame, at least in terms of what's depicted onscreen. The ideas in the film are still quite vitiate, but in terms of graphicness, there's plenty of stuff on HBO (even Disney+ these days) that's far stronger.

Does the Daily Mail rant about getting House of the Dragon banned these days because of fakey blowjobs? I don't know, I imagine they'd get quite het up if the actresses had just turned 18 since SHE'S ALL GROWN UP NOW.",2025-05-04T16:48:02Z,3,anephric_1,todayilearned,2025-05-25T17:43:51.179391Z
mqjfncl,1kehr14,reddit,"As a teenager, I was so disappointed when I saw the film after all the controversy. I remember it being weird rather than sexy, but I don't remember any of the plot now.",2025-05-04T14:18:16Z,2,getmybehindsatan,todayilearned,2025-05-25T17:43:51.179395Z
mqjvp5j,1kehr14,reddit,"Guess the whole video nasties thing never ended, huh?",2025-05-04T15:42:46Z,2,CanOld2445,todayilearned,2025-05-25T17:43:51.179398Z
mqk7fm7,1kehr14,reddit,"I don't think a movie about people sexually fetishizing car crashes needs to be banned, but I also don't think it's a movie people need to see. 

I didn't find it a good use of my time",2025-05-04T16:43:32Z,1,Underwater_Karma,todayilearned,2025-05-25T17:43:51.179401Z
mqjsn5n,1kehr14,reddit,In the 1980s l lived in one of the large apartment blocks that look over the highway junction where the film is set. In the summer Toronto gets lots of thunder storms. Tow trucks were pre staged to rescue the cars that crash on the ramps when very heavy rain falls on asphalt with warm oil. DVP and 401.,2025-05-04T15:27:03Z,1,badgersruse,todayilearned,2025-05-25T17:43:51.179404Z
mqkgjei,1kehr14,reddit,"TIL there’s such a thing as symphorophilia, a sexual arousal from watching disasters such as car crashes.",2025-05-04T17:28:42Z,1,Miguenzo,todayilearned,2025-05-25T17:43:51.179410Z
mqkq982,1kehr14,reddit,"Man Cronenberg makes some weird films I am still scarred from my mom showing me Dead Ringers in high school (that’s not a film you want to watch at 16 with your mom). I don’t think anyone should be campaigning to ban any of them even though I certainly don’t have any intention of watching
Crash (or rewatching Dead Ringers).",2025-05-04T18:17:16Z,1,Animallover4321,todayilearned,2025-05-25T17:43:51.179415Z
mqnd0g5,1kehr14,reddit,"I thought this movie was a joke until today.

In Peep Show they mention a musical version of ‘that movie where people are turned on by car accidents’ 

I thought it was entirely made up.",2025-05-05T03:16:06Z,1,ScarsTheVampire,todayilearned,2025-05-25T17:43:51.179421Z
mqjivx8,1kehr14,reddit,"I started seeing a girl who told me she was a fan of horror movies so I asked her out to see the new Cronenberg film, Crash. Our first date was watching Spader licking a scar and getting turned on by near death experiences. It was super bizarre and uncomfortable for our first date, but she gave me another shot and we've been married for 24 years now with two kids. The lesson learned was to ALWAYS watch a trailer first before taking my wife to see a movie.",2025-05-04T14:35:43Z,0,Anon_user666,todayilearned,2025-05-25T17:43:51.179428Z
mqivrpw,1kehr14,reddit,If that movie releases today it would become a TikTok challenge,2025-05-04T12:12:45Z,-7,Meldedfire,todayilearned,2025-05-25T17:43:51.179432Z
mqjcttv,1kehr14,reddit,"I haven't seen the film but I was part of online communities when it came out, and it was described as people fucking the wounds received in a car crash


Not something that entices me tbh",2025-05-04T14:02:37Z,-2,OldWolf2,todayilearned,2025-05-25T17:43:51.179435Z
mqjtinj,1kehr14,reddit,"Crash was trash, but not ban worthy. Worst Cronenberg movie imo",2025-05-04T15:31:37Z,-5,Cool_Cartographer_39,todayilearned,2025-05-25T17:43:51.179438Z
ms9fx7h,1kmdpy0,reddit,"""Harry Snyder invented a two-way speaker box in 1948""  

Too bad the audio quality hasn't improved since",2025-05-14T12:51:48Z,452,Nytelock1,todayilearned,2025-05-25T17:43:52.395659Z
ms9bpc4,1kmdpy0,reddit,"Red’s Giant Hamburg, Springfield MO, 1947.

The first in-n-out opened in 1948.",2025-05-14T12:25:46Z,170,Thin-Rip-3686,todayilearned,2025-05-25T17:43:52.395663Z
ms9c7kv,1kmdpy0,reddit,"But what about the other TIL where McDonald's made the first one on a military base so they didn't have to go inside?


Who did it? In n out or McDonald's lol",2025-05-14T12:29:00Z,181,SightlessIrish,todayilearned,2025-05-25T17:43:52.395666Z
ms9ktwr,1kmdpy0,reddit,Is it *actually* a two-way speaker or just a speaker with a microphone next to it?,2025-05-14T13:20:27Z,30,yParticle,todayilearned,2025-05-25T17:43:52.395668Z
msa309f,1kmdpy0,reddit,"In 1921, Kirby's Pig Stand introduced the drive-in restaurant, in which carhops delivered meals. In 1931, a California Pig Stand franchise introduced a drive-through service that bypassed the carhops. The first identified drive-through restaurant was established in 1947 at Red's Giant Hamburg located in Springfield, Missouri. A year later in 1948, Harry and Esther Snyder of the In-N-Out Burger chain built a drive-through restaurant, featuring a two-way speaker system that Harry Snyder invented himself earlier that year. By the 1970s, drive-through service had replaced drive-in restaurants in the United States.

https://en.m.wikipedia.org/wiki/Drive-through",2025-05-14T14:54:51Z,23,AntithesisJesus,todayilearned,2025-05-25T17:43:52.395671Z
ms9tiji,1kmdpy0,reddit,They don’t even use it. Their employees are always outside taking orders.,2025-05-14T14:07:30Z,16,beefycombo,todayilearned,2025-05-25T17:43:52.395673Z
msa9m5m,1kmdpy0,reddit,"And now In-N-Out doesn't even use the speakers 99% of the time. In most cases, they have someone walk down the line to collect the orders.",2025-05-14T15:26:47Z,6,MayIHaveBaconPlease,todayilearned,2025-05-25T17:43:52.395676Z
mscjcp0,1kmdpy0,reddit,The In-N-Out burger on Radford?,2025-05-14T22:06:11Z,3,livingfrankenstein,todayilearned,2025-05-25T17:43:52.395679Z
ms9mhp5,1kmdpy0,reddit,In n out invents device so that people don’t have to come in and go out,2025-05-14T13:29:45Z,7,jrhooo,todayilearned,2025-05-25T17:43:52.395681Z
msa4zba,1kmdpy0,reddit,"Bonus Funfact: Baldwin Park, where the first In and Out is, recently banned any new drive thrus from being built",2025-05-14T15:04:26Z,2,nowhereman136,todayilearned,2025-05-25T17:43:52.395684Z
msccqwo,1kmdpy0,reddit,"Speaking of drive thru speaker boxes, the old Jack In The Box speaker was ‘Jack’.  The clown spokesman, you would place your order thru a clown torso.  Anyone remember?",2025-05-14T21:31:29Z,2,Alternative-Neck-705,todayilearned,2025-05-25T17:43:52.395686Z
mscdobp,1kmdpy0,reddit,Speakerboxxx!,2025-05-14T21:36:14Z,2,EgglandsFinest,todayilearned,2025-05-25T17:43:52.395689Z
mscil2s,1kmdpy0,reddit,That’s not what 2 way speaker means,2025-05-14T22:02:00Z,2,Normal_Pace7374,todayilearned,2025-05-25T17:43:52.395691Z
msau2mm,1kmdpy0,reddit,"Yet they insist on having an employee walk up and take your order, which means the drive through speaker barely gets used.",2025-05-14T17:04:30Z,1,striker69,todayilearned,2025-05-25T17:43:52.395694Z
msf6xo1,1kmdpy0,reddit,What a prick. ,2025-05-15T09:43:48Z,1,Pop-metal,todayilearned,2025-05-25T17:43:52.395696Z
ms9ed6w,1kmdpy0,reddit,I always heard it was McDonald's that invented the drive through.,2025-05-14T12:42:27Z,0,TheLurkingMenace,todayilearned,2025-05-25T17:43:52.395699Z
ms9v2pc,1kmdpy0,reddit,Wait I thought McDonald’s invented the drive thru so military members wouldn’t have to get out of the jeep or something.,2025-05-14T14:15:31Z,0,Sticky_Gravity,todayilearned,2025-05-25T17:43:52.395702Z
ms9bkqz,1kmdpy0,reddit,Too bad he couldn't also invent a burger that doesn't taste like it came from a middle school cafeteria.,2025-05-14T12:24:57Z,-34,joeschmoe86,todayilearned,2025-05-25T17:43:52.395704Z
mt5q6lb,1kqg35a,reddit,"Including the word ""bear.""",2025-05-19T17:51:42Z,724,liebkartoffel,todayilearned,2025-05-25T17:43:54.377354Z
mt5xv4i,1kqg35a,reddit,"Conversely, most bears do not have a word for Europeans.",2025-05-19T18:28:53Z,451,MeatImmediate6549,todayilearned,2025-05-25T17:43:54.377358Z
mt5x6re,1kqg35a,reddit,The word bear derives from germanic beran or indo-european bher which both mean brown … so what would be a language with a word for bear and what would it be and what would it mean?,2025-05-19T18:25:33Z,139,EinSchurzAufReisen,todayilearned,2025-05-25T17:43:54.377361Z
mt6f8ew,1kqg35a,reddit,"""You-Know-Pooh"" 🤫",2025-05-19T19:55:25Z,50,onewhosleepsnot,todayilearned,2025-05-25T17:43:54.377363Z
mt6uwsf,1kqg35a,reddit,Why were we so scared of bears? Just draw a circle in the sand and you're fine,2025-05-19T21:13:13Z,20,Simen671,todayilearned,2025-05-25T17:43:54.377365Z
mt6mjyr,1kqg35a,reddit,Does that mean oranges have some hidden dark past we've forgotten about?,2025-05-19T20:31:51Z,15,bigmac1122,todayilearned,2025-05-25T17:43:54.377367Z
mt5rdn9,1kqg35a,reddit,"Some European languages don't have a euphemism for The Brown One, The Honey Eater and the Destroyer, preferring to use words derived from these euphemisms, such as Bear, Medved, Orso",2025-05-19T17:57:24Z,38,Sad-Razzmatazz-5188,todayilearned,2025-05-25T17:43:54.377369Z
mt5tf40,1kqg35a,reddit,Source really is a very 1998 website,2025-05-19T18:07:14Z,29,gotimas,todayilearned,2025-05-25T17:43:54.377371Z
mt76bgl,1kqg35a,reddit,He who eats honey is adorable,2025-05-19T22:14:52Z,7,Alone_Broccoli7882,todayilearned,2025-05-25T17:43:54.377373Z
mt6haad,1kqg35a,reddit,[deleted],2025-05-19T20:05:46Z,13,N/A,todayilearned,2025-05-25T17:43:54.377375Z
mt6ugyd,1kqg35a,reddit,"Where I live, most people would avoid saying the word elephant and boars in close proximity to jungles lest they come.",2025-05-19T21:10:57Z,7,jacquesrabbit,todayilearned,2025-05-25T17:43:54.377380Z
mt6yymi,1kqg35a,reddit,Meanwhile English speaking hikers will yell “hey bear!” when they see one. Perhaps in an effort to summon a second bear to distract the first,2025-05-19T21:34:23Z,5,Todd-The-Wraith,todayilearned,2025-05-25T17:43:54.377382Z
mt6ztsr,1kqg35a,reddit,So like Joe Hendry then.,2025-05-19T21:39:05Z,4,internet_disappoints,todayilearned,2025-05-25T17:43:54.377384Z
mt7ile3,1kqg35a,reddit,"To be clear, the word might have been derived from a euphemism like that many centuries ago, but today languages have very specific words that explicitly mean bear.

Like in English, the word bear has its roots in an old word meaning brown.",2025-05-19T23:26:11Z,4,Artess,todayilearned,2025-05-25T17:43:54.377386Z
mt6stl4,1kqg35a,reddit,"Relevant XKCD 
https://xkcd.com/2381/",2025-05-19T21:02:33Z,5,alexandicity,todayilearned,2025-05-25T17:43:54.377388Z
mt869s1,1kqg35a,reddit,"*Beowulf*, the eponymous hero of what is pretty much the only surviving Anglo-Saxon epic, would translate to “Bee-Wolf”, which is yet another euphemism for the honey-eating, anxious-ape-terrifying quadruped.",2025-05-20T01:50:26Z,4,Calamity-Gin,todayilearned,2025-05-25T17:43:54.377390Z
mt6gt7e,1kqg35a,reddit,"""Don't call it by its name or it thinks you invited it in. Just call it brown or black"" 😳",2025-05-19T20:03:19Z,8,liquid_at,todayilearned,2025-05-25T17:43:54.377392Z
mt7mcfc,1kqg35a,reddit,That's also why many of the speakers of those languages did not follow Hinduism. Because of rhe Yogis.,2025-05-19T23:47:56Z,5,radar_3d,todayilearned,2025-05-25T17:43:54.377394Z
mt6mpyg,1kqg35a,reddit,Bjørn,2025-05-19T20:32:40Z,3,Cultural_Hegemony,todayilearned,2025-05-25T17:43:54.377397Z
mt6xi5s,1kqg35a,reddit,"Those are all words meaning ""bear"". Or do you believe English doesn't have a word for ""bear"" either, since it too means ""the brown one""?",2025-05-19T21:26:42Z,3,Grzechoooo,todayilearned,2025-05-25T17:43:54.377399Z
mt7ygdw,1kqg35a,reddit,"The belief that someone or something would come if called by the name was common and not limited to bears.

They just didn’t want bear to come specifically because of how utterly terrifying and deadly they are. Before firearms one’s chances against a bear were dubious at best.",2025-05-20T01:01:53Z,3,quick_justice,todayilearned,2025-05-25T17:43:54.377401Z
mt7zdx8,1kqg35a,reddit,The Scottish Play.,2025-05-20T01:07:38Z,3,dav_oid,todayilearned,2025-05-25T17:43:54.377404Z
mt81bsu,1kqg35a,reddit,"I like this. I have a question though, if everyone calls it ""The Brown"" does that not then become its name?🧐",2025-05-20T01:19:44Z,3,ShadyMyLady,todayilearned,2025-05-25T17:43:54.377406Z
mt6zzz4,1kqg35a,reddit,"Beartlejuice, Beartlejuice,  Beartlejuice!",2025-05-19T21:39:59Z,2,edingerc,todayilearned,2025-05-25T17:43:54.377408Z
mt74e1z,1kqg35a,reddit,"""Mr. Brown"" lol",2025-05-19T22:04:00Z,2,danleon950410,todayilearned,2025-05-25T17:43:54.377411Z
mt762ab,1kqg35a,reddit,Don't say Lord Beardermort's name lest you summon him.,2025-05-19T22:13:26Z,2,kloiberin_time,todayilearned,2025-05-25T17:43:54.377413Z
mt7ajez,1kqg35a,reddit,Interesting because it is also a belief in native american tribes. Suggests very ancient origins,2025-05-19T22:39:29Z,2,NECRO_PASTORAL,todayilearned,2025-05-25T17:43:54.377415Z
mt7w22c,1kqg35a,reddit,"The original word for bear traces to something like *arktos*, and is how you can remember which pole the bears are at: polar bears in the Arctic (with bears) and no bears in the Antarctic (no bears).",2025-05-20T00:47:07Z,2,stolenfires,todayilearned,2025-05-25T17:43:54.377418Z
mt8pn7c,1kqg35a,reddit,"This is also common even in today’s parts of Asia. In Malaysia, if we are in the jungle, we would usually use ‘Maybank’ or ‘Pak Belang’ whenever we want to talk about tigers. 

[Maybank](https://en.m.wikipedia.org/wiki/Maybank) is a name of our bank that use tiger head as their logo.  Pak Belang is ‘Mr. Stripes’. If we were to use the word ‘tiger’ in the jungle, we believe that it’s equivalent of inviting them to hunt us. 

Similarly, we also use alternate names for our local ghost. We have Pontianak, which is a female banshee/vampire, but sometimes we just call it as ‘Mrs. Ponti’.",2025-05-20T04:03:51Z,2,ammar96,todayilearned,2025-05-25T17:43:54.377420Z
mt6e5wk,1kqg35a,reddit,"Another cool fact, the Arctic and Antarctic regions are named because of bears. Antarctic literally means ""without bears"" in Latin. Learning Latin can occasionally be hilarious.",2025-05-19T19:50:04Z,7,tanfj,todayilearned,2025-05-25T17:43:54.377422Z
mt69z2r,1kqg35a,reddit,"""He who eats honey"" funny how in my language, the word for bear is a homophone for ""he who have money""",2025-05-19T19:28:57Z,3,Abhi_Jaman_92,todayilearned,2025-05-25T17:43:54.377425Z
mt6viai,1kqg35a,reddit,Like that creature... the Grither.,2025-05-19T21:16:17Z,1,Ak_Lonewolf,todayilearned,2025-05-25T17:43:54.377428Z
mt6wc7z,1kqg35a,reddit,Oh damn is this where the spongebob episode came from,2025-05-19T21:20:37Z,1,GodSpider,todayilearned,2025-05-25T17:43:54.377430Z
mt7772l,1kqg35a,reddit,Arkto,2025-05-19T22:19:56Z,1,MeeloP,todayilearned,2025-05-25T17:43:54.377433Z
mt7e5bk,1kqg35a,reddit,https://youtu.be/lim9ZDTF-LQ?si=wHdoGdUpVzDkl4rm,2025-05-19T23:00:28Z,1,69edgy420,todayilearned,2025-05-25T17:43:54.377435Z
mt7uc50,1kqg35a,reddit,Does Stephen Colbert speak any of these languages?,2025-05-20T00:36:31Z,1,RiseOfTheNorth415,todayilearned,2025-05-25T17:43:54.377437Z
mt8411c,1kqg35a,reddit,I'm a big fan of the Chicago He Who Loves Honeys.,2025-05-20T01:36:36Z,1,LuminaraCoH,todayilearned,2025-05-25T17:43:54.377439Z
mt847xl,1kqg35a,reddit,"How does this differ from any number of animals whose names are just characteristics, such as copperhead, roadrunner, fisher, fly, etc.",2025-05-20T01:37:47Z,1,EphemeralOcean,todayilearned,2025-05-25T17:43:54.377441Z
mt88tu5,1kqg35a,reddit,How do they know they are being called if they have no name? What a paradox,2025-05-20T02:06:24Z,1,Formerly_SgtPepe,todayilearned,2025-05-25T17:43:54.377443Z
mt8copj,1kqg35a,reddit,What if the bear's true name happens to be the euphemism commonly used? Is that bear magically teleported around the country every moment as someone talks about a bear?,2025-05-20T02:31:09Z,1,Esc1221,todayilearned,2025-05-25T17:43:54.377445Z
mt8jwkm,1kqg35a,reddit,They're giant-fluff-fluff-fluffy-ears.,2025-05-20T03:20:55Z,1,Rosebunse,todayilearned,2025-05-25T17:43:54.377447Z
mt8txjt,1kqg35a,reddit,"It’s like the Guns ‘N’ Roses song, but with a bear instead of heroin. “We’ve been dancing, with Mr. BrownAnimal, he just won’t leave us alone!”",2025-05-20T04:38:18Z,1,itsfunhavingfun,todayilearned,2025-05-25T17:43:54.377449Z
mt8zjqc,1kqg35a,reddit,And then there’s the Scandinavian countries…,2025-05-20T05:25:56Z,1,ReptarVSOP,todayilearned,2025-05-25T17:43:54.377451Z
mt9p8ld,1kqg35a,reddit,And yet in Romania a popular beer is called Ursus,2025-05-20T09:46:50Z,1,BrilliantWeb,todayilearned,2025-05-25T17:43:54.377453Z
mtajegg,1kqg35a,reddit,"So, is it that they *did* have a name and didn't use it, so it was lost to history?  ",2025-05-20T13:28:35Z,1,MissionCreeper,todayilearned,2025-05-25T17:43:54.377455Z
mtb6w86,1kqg35a,reddit,"The Finnish word ""karhu"" meaning bear historians and etymologists suggest is actually a euphemism roughly meaning coarse fur. But the original word for bear fell out of use and has been lost to the ages (partially as a consequence of language suppression efforts under Swedish rule)",2025-05-20T15:28:40Z,1,lehtomaeki,todayilearned,2025-05-25T17:43:54.377457Z
mtbml5g,1kqg35a,reddit,Swiss here...we named an entire state after bears :D,2025-05-20T16:45:37Z,1,TradeApe,todayilearned,2025-05-25T17:43:54.377459Z
mtdz4k1,1kqg35a,reddit,Beowulf means bee wolf which means a bear.,2025-05-20T23:56:50Z,1,ViolinistOk1061,todayilearned,2025-05-25T17:43:54.377462Z
mtewnhe,1kqg35a,reddit,">Mr Brown

>a bear would come if it's name was called

Seems to me that a bear's name is more likely to be ""Mr. Brown""  than it is to be whatever the people's word for bear is. To people who aren't on a first name basis with them, anyway. 

Awfully big risk to be taking there.",2025-05-21T03:19:21Z,1,Thoth74,todayilearned,2025-05-25T17:43:54.377464Z
mtf1hq8,1kqg35a,reddit,"The name ""Beowulf"" is also an example of this-- it literally means ""bee-wolf"", which is to say, a bear steals bees' honey the way a wolf steals humans' livestock.",2025-05-21T03:53:40Z,1,newimprovedmoo,todayilearned,2025-05-25T17:43:54.377466Z
mtkcvmp,1kqg35a,reddit,Bears must have been terrifying before there were guns and bear spray (and massive worldwide habitat destruction).,2025-05-21T23:36:16Z,1,TedHoliday,todayilearned,2025-05-25T17:43:54.377469Z
mtno8wu,1kqg35a,reddit,"They haven't studied the word in Romanian.  
Urs = bear;  
Brun = brown;  
Urs brun - Brown Bear.

Fun fact, Urs is similar to the latin word, but I shit you not, they are both related to khars - the Farsi word for bear, and phonetically ""urs"" and ""khars"" are very similar.",2025-05-22T14:05:21Z,1,PateDeFicat,todayilearned,2025-05-25T17:43:54.377471Z
mtsczvg,1kqg35a,reddit,"If they dont have a name for it, how did it came in the first place?",2025-05-23T05:35:08Z,1,ReturningAlien,todayilearned,2025-05-25T17:43:54.377473Z
mtu0sg2,1kqg35a,reddit,As a guy whose nickname is Bear I can tell you it depends on who says it.,2025-05-23T13:40:05Z,1,TrouserDumplings,todayilearned,2025-05-25T17:43:54.377475Z
mtffn2h,1kqg35a,reddit,"The old proto-Germanic word was likely troll, and over time, they just came to mean different things. But, when you think about it, trolls seem to fit the description of bears.

I also believe that dwarves were just Neanderthals. Short, stocky hairy people who weren't human who lived up in the mountains.

Language is very old, and oral traditions can outlast the things the stories are about.",2025-05-21T05:50:01Z,0,Last-Being-2047,todayilearned,2025-05-25T17:43:54.377477Z
mt5wmo9,1kqg35a,reddit,Can you name one European language that does not have a word for bear?,2025-05-19T18:22:49Z,-7,avdepa,todayilearned,2025-05-25T17:43:54.377479Z
mt673ym,1kqg35a,reddit,This is one of the most eastern European things I've read today,2025-05-19T19:14:37Z,-8,pickadamnnameffs,todayilearned,2025-05-25T17:43:54.377481Z
mpxth59,1kbvppb,reddit,"Wild, I knew seaweeds are algae, and so are plants, but I didn't know seaweeds are not classified as plants.",2025-05-01T00:40:59Z,579,UncleChevitz,todayilearned,2025-05-25T17:43:55.930833Z
mpyjffn,1kbvppb,reddit,"Yeah they're 50% sea, 50% weed. SpongeBob told us",2025-05-01T03:15:34Z,132,Reasonable_Air3580,todayilearned,2025-05-25T17:43:55.930841Z
mpy0vqu,1kbvppb,reddit,"There is an interesting difference regarding seaweed in different languages of Wikipedia. While the English Wikipedia classifies seaweed as algae, the German Wikipedia classifies it as a plant (though both versions agree that algae are not plants). The German Wikipedia also shows different pictures for seaweed, so maybe there are different types of it - some plant and some algae.",2025-05-01T01:23:50Z,63,GIC68,todayilearned,2025-05-25T17:43:55.930846Z
mpyco9f,1kbvppb,reddit,"Seaweed is a too wide term for diverse organisms which includes algae, which are also a somekind informal group of photosynthetic eukaryotes which includes the ancestors of land plants. So, no plants, yet.",2025-05-01T02:32:48Z,19,Deletereous,todayilearned,2025-05-25T17:43:55.930851Z
mpzg6bw,1kbvppb,reddit,"The title is a bit misleading. When biologists talk about plants they usually refer to Embryophytes (land plants: basically all plants on land including mosses and ferns), Tracheophytes (vascular plants: land plants excluding mosses) or Spermatophytes (Seed plants: land plants excluding mosses and ferns). In an everyday conversation ""plant"" can refer to anything that does photosynthesis.

There is no taxonomic group called seaweeds. The term refers to a wide collection of multicellular algae most of which are green algae, red algae and brown algae. There are also some aquatic land plants that people could call seaweeds. Red and green algae aren't plants in a taxonomic definition but they're closely related to land plants. Land plants are a subgroup of green algae to be correct. Brown algae (for example kelp) on the other hand are similarly closely related to land plants as we are. 

It's still okay to call kelp a plant in most contexts.",2025-05-01T07:57:20Z,17,Gand00lf,todayilearned,2025-05-25T17:43:55.930856Z
mpxw6nd,1kbvppb,reddit,I thought for sure kelp was a plant that was incorrectly called algae. This is a good TIL.,2025-05-01T00:56:32Z,25,Sdog1981,todayilearned,2025-05-25T17:43:55.930863Z
mpy03wn,1kbvppb,reddit,"It fucked me up too when I learned it, well I learned it as a kid, but when I when back to it as an adult it just cracks open the whole ""realms of life"" thing.",2025-05-01T01:19:17Z,27,das_slash,todayilearned,2025-05-25T17:43:55.930868Z
mpxul3z,1kbvppb,reddit,TIL too,2025-05-01T00:47:20Z,16,A-Plant-Guy,todayilearned,2025-05-25T17:43:55.930873Z
mpzvl3g,1kbvppb,reddit,But do they at least crave electrolytes?,2025-05-01T10:37:51Z,3,Papperskatt,todayilearned,2025-05-25T17:43:55.930879Z
mq2mmkv,1kbvppb,reddit,Next time you can learn the difference between algae and seaweed. The article is talking about algae..,2025-05-01T19:36:24Z,3,McKeviin,todayilearned,2025-05-25T17:43:55.930887Z
mpxx4pv,1kbvppb,reddit,turns out our taxonomy is trash lol,2025-05-01T01:02:03Z,13,chubbybator,todayilearned,2025-05-25T17:43:55.930895Z
mpyshfm,1kbvppb,reddit,"Neither are fungi. Apparently, primary school lied to me.",2025-05-01T04:19:28Z,2,Jazzlike-Sky-6012,todayilearned,2025-05-25T17:43:55.930902Z
mpz3y2m,1kbvppb,reddit,Sea cucumber - plant or fish or algae ?,2025-05-01T05:53:35Z,2,Old_Fant-9074,todayilearned,2025-05-25T17:43:55.930909Z
mq0k771,1kbvppb,reddit,Unrelated but I was wondering the other day did animals and plants have a common ancestor?,2025-05-01T13:28:12Z,2,-_VoidVoyager_-,todayilearned,2025-05-25T17:43:55.930917Z
mq2podv,1kbvppb,reddit,…but seagrass IS a plant. It is a flowering plant that evolved on land and returned to the sea.,2025-05-01T19:50:48Z,2,therealleotrotsky,todayilearned,2025-05-25T17:43:55.930925Z
mpz348m,1kbvppb,reddit,"Sea grasses are plants, so it depends if you allow for seagrass to be part of the wider collective term seaweed.",2025-05-01T05:45:52Z,3,Infinite_Research_52,todayilearned,2025-05-25T17:43:55.930934Z
mpysbx4,1kbvppb,reddit,Mushrooms are also not plants (probably more well-known).,2025-05-01T04:18:20Z,1,N/A,todayilearned,2025-05-25T17:43:55.930940Z
mq1h55g,1kbvppb,reddit,And fish aren't real and neither are vegetables. I'm calling it a plant,2025-05-01T16:14:47Z,1,smr120,todayilearned,2025-05-25T17:43:55.930945Z
mqawjiv,1kbvppb,reddit,add kelp to the list,2025-05-03T01:40:52Z,0,rockleeluffy,todayilearned,2025-05-25T17:43:55.930951Z
mq0qgkg,1kbvppb,reddit,"Yes, they are. I don't care what a bunch of nerds in lab coats say. It's not an animal or a mineral, so it's a plant.",2025-05-01T14:02:16Z,-7,Kindofaniceguy,todayilearned,2025-05-25T17:43:55.930955Z
mqcsre5,1kdqutt,reddit,Wimbledon F.C. for those not clicking the link,2025-05-03T11:35:04Z,714,bestieverhad,todayilearned,2025-05-25T17:43:57.621019Z
mqcxob6,1kdqutt,reddit,"They also thought about having a Celtic vs Rangers friendly match in Belfast, but realised there's no such thing as a friendly Old Firm Derby.

Alastair Campbell talked about it on his podcast, The Rest Is Politics. They even proposed both teams wearing each other's kits!",2025-05-03T12:12:31Z,336,allangod,todayilearned,2025-05-25T17:43:57.621023Z
mqct36u,1kdqutt,reddit,"I stumbled upon this after musing over how well a possible cross community Belfast football team in the English football system would do.


Ulster Rugby gets 14k attendance per game and football is more popular (English Premiership Rugby averages about the same), so I think it could do decently if someone had the money to start it up.",2025-05-03T11:37:39Z,97,TimeToNukeTheWhales,todayilearned,2025-05-25T17:43:57.621026Z
mqd0vvt,1kdqutt,reddit,"If you haven’t seen The Comedy Strip Presents The Hunt For Tony Blair, I suggest you should.",2025-05-03T12:35:19Z,9,spandexvalet,todayilearned,2025-05-25T17:43:57.621028Z
mqds3rj,1kdqutt,reddit,Football hooligans and politically sensitive region， what could go wrong?,2025-05-03T15:13:41Z,8,ModernArtMasterpiece,todayilearned,2025-05-25T17:43:57.621030Z
mqdyr8x,1kdqutt,reddit,Yes because if there's someone who's known to be calm and unifying it's football fans,2025-05-03T15:48:22Z,5,CakeMadeOfHam,todayilearned,2025-05-25T17:43:57.621032Z
mqdyxlt,1kdqutt,reddit,"Football truly brings people together.

A good example is Pelé’s visit to Nigeria in 1969, which helped bring a brief pause to the Nigerian Civil War hostilities so people could watch Santos FC play (which happens to be my hometown team).

Though it wasn’t a proper ceasefire, as some sources exaggerate…",2025-05-03T15:49:17Z,5,batatazuera,todayilearned,2025-05-25T17:43:57.621034Z
mqd0z8j,1kdqutt,reddit,"Im not trying to downplay the troubles and it obviously a very tender topic in Belfast however if you put a premier league club there it would be a lot more popular than expected just because kids and probably quite a lot of adults would want to see the away teams players. Yes, they have their own established league, but lots of people would love the chance to see Liverpool, Utd even 'smaller' sides like Villa etc visiting their hometown.",2025-05-03T12:35:58Z,15,Efficient-Piglet88,todayilearned,2025-05-25T17:43:57.621036Z
mqf0rzk,1kdqutt,reddit,"This is by and large what the Belfast Giants hockey team have established. A team that is now supported across Belfast by both hardcore and casual fans alike, where it doesn't matter what community you are from or your creed or colour, just that you are a fan of the Giants.",2025-05-03T19:04:27Z,3,WantsToNukeFromOrbit,todayilearned,2025-05-25T17:43:57.621039Z
mqg87ch,1kdqutt,reddit,That’s an impressively terrible idea,2025-05-03T23:13:29Z,3,No-Writer-1101,todayilearned,2025-05-25T17:43:57.621041Z
mqcwacj,1kdqutt,reddit,"I was totally unaware of this story, but the idea is strong. The symbolism of football as social cement is underestimated.",2025-05-03T12:02:20Z,20,Odezaa,todayilearned,2025-05-25T17:43:57.621043Z
mqfhrq0,1kdqutt,reddit,Would have improved Man U.,2025-05-03T20:38:14Z,2,JosephFinn,todayilearned,2025-05-25T17:43:57.621045Z
mqfh2wk,1kdqutt,reddit,No wonder he hitched his train to George Bush. Such a stupid man.,2025-05-03T20:34:31Z,3,Apprehensive-Fun4181,todayilearned,2025-05-25T17:43:57.621047Z
mqd2kz1,1kdqutt,reddit,Every Irish person I know either goes for Everton or Liverpool ,2025-05-03T12:47:00Z,2,Comfortable-Leg-703,todayilearned,2025-05-25T17:43:57.621050Z
mqer40c,1kdqutt,reddit,"It's a bold strategy Cotton, let's see if it pays off for 'em",2025-05-03T18:12:59Z,1,hardyflashier,todayilearned,2025-05-25T17:43:57.621052Z
mqfx47q,1kdqutt,reddit,"They can have Spurs.  

/gooner for life.",2025-05-03T22:04:57Z,1,Your_Kindly_Despot,todayilearned,2025-05-25T17:43:57.621054Z
mqgbo12,1kdqutt,reddit,Never ‘appen.,2025-05-03T23:34:44Z,1,miurabucho,todayilearned,2025-05-25T17:43:57.621056Z
mqhwchk,1kdqutt,reddit,"Cause if there’s one thing that’s really good at healing sectarian divides, it’s football…",2025-05-04T06:29:37Z,1,No_Box5338,todayilearned,2025-05-25T17:43:57.621058Z
mqi5f60,1kdqutt,reddit,"Australia is putting a footy team in Papua New Guinea, largely seen as a political maneuver.",2025-05-04T08:00:21Z,1,CugelOfAlmery,todayilearned,2025-05-25T17:43:57.621060Z
mqnuenm,1kdqutt,reddit,Should have taken one of the London teams like the Spurs. ,2025-05-05T05:34:59Z,1,Gortonis,todayilearned,2025-05-25T17:43:57.621062Z
mqcx1mb,1kdqutt,reddit,[deleted],2025-05-03T12:07:55Z,1,N/A,todayilearned,2025-05-25T17:43:57.621065Z
mqdalur,1kdqutt,reddit,Should have relocated Tottenham..,2025-05-03T13:37:38Z,0,PandiBong,todayilearned,2025-05-25T17:43:57.621067Z
mqcxajz,1kdqutt,reddit,Kinda embarrassing if the British PM doesn’t know what the E stands for in EPL,2025-05-03T12:09:44Z,-9,Failed-Time-Traveler,todayilearned,2025-05-25T17:43:57.621069Z
mqdanz6,1kdqutt,reddit,"Should have relocated Tottenham, it would be a win for all...",2025-05-03T13:37:59Z,-2,PandiBong,todayilearned,2025-05-25T17:43:57.621071Z
mqd0jmz,1kdqutt,reddit,TIL there are no EPL teams in Scotland or Northern Ireland.,2025-05-03T12:32:57Z,-8,bargman,todayilearned,2025-05-25T17:43:57.621074Z
mqdaqw0,1kdqutt,reddit,"Should have relocated Tottenham, it would be a win for all...",2025-05-03T13:38:28Z,-3,PandiBong,todayilearned,2025-05-25T17:43:57.621076Z
mqdmmfi,1kdqutt,reddit,"Blair's Government could have helped community relations enormously if they had banned thousands of Protestant fanatics from marching through Catholic neighbourhoods from Day 1. Instead, political lightweight Mo Mowlan caved in to anti-Catholic hardliners in the Northern Ireland Office colonial administration and used the British military and police to force the marches through. That colossal cowardly blunder reinvigorated Loyalist terrorism and Northern Ireland society has been a hostage of Protestant extremism ever since.",2025-05-03T14:44:42Z,-4,Gemini_2261,todayilearned,2025-05-25T17:43:57.621078Z
mqd358b,1kdqutt,reddit,Bro tried to unite Northern Ireland 💀,2025-05-03T12:50:42Z,-2,TubbyLumbkins,todayilearned,2025-05-25T17:43:57.621080Z
mrt7l0z,1kkb84a,reddit,">Section 3 provided that the Matrimonial Causes Act 1857 would be unaffected; adultery with one's wife's sister remained grounds for divorce proceedings, and a man was still forbidden from marrying his divorced wife's sister.",2025-05-11T21:09:51Z,185,LorenzoApophis,todayilearned,2025-05-25T17:43:58.913144Z
mrt75qg,1kkb84a,reddit,"It's pretty common in arranged marriages where one of the partners dies soon after marriage. I met an old couple like that in the Japanese countryside once. I think they were 97 and 92, and had been together since the guy was 12 since his older brother was the original husband but died soon after. It's a bit like a warranty on the contract",2025-05-11T21:07:30Z,247,vote4boat,todayilearned,2025-05-25T17:43:58.913156Z
mrtnkdg,1kkb84a,reddit,"What’s more is that it almost destroyed one of the main UK political parties and became a major source of religious controversy. 

There had been attempts for decades to change the law - even becoming a Gilbert & Sullivan joke in Iolanthe about it being introduced each year. 

Part of the controversy is that it separated English marriage law from that of the Church of England for the first time since Henry VIII created the church. 

It might sound a weird little TIL but it was major controversy at the time.",2025-05-11T22:43:14Z,42,Yet_Another_Limey,todayilearned,2025-05-25T17:43:58.913164Z
mrt6rio,1kkb84a,reddit,"Wild how something so specific needed its own Act. Imagine loving someone for years but the law says sorry, wrong sister.",2025-05-11T21:05:18Z,54,fulltrendypro,todayilearned,2025-05-25T17:43:58.913173Z
mrti4mx,1kkb84a,reddit,"In Massachusetts, [a man](https://malegislature.gov/Laws/GeneralLaws/PartII/TitleIII/Chapter207/Section1) cannot marry his late wife's mother. However, [a woman](https://malegislature.gov/Laws/GeneralLaws/PartII/TitleIII/Chapter207/Section2) can marry her late husband's father.

I wonder if some creepy legislator with a thing for his daughter-in-law wrote that into the law a couple hundred years ago. Or maybe a young legislator who found his mother-in-law looking at him too often!",2025-05-11T22:09:56Z,29,endlesscartwheels,todayilearned,2025-05-25T17:43:58.913181Z
mrte2xs,1kkb84a,reddit,The Kholin family struggled when society condemned them for doing something similar.,2025-05-11T21:46:30Z,10,The-Fotus,todayilearned,2025-05-25T17:43:58.913192Z
mrtn7a2,1kkb84a,reddit,"I just listened to a good podcast episode (from the Constant, great show) which featured this issue. A man’s wife died in childbirth, and he and his sister-in-law, who had been staying with them, fell in love afterward. They couldn’t marry because the law forbade marrying an in-law if you had a child, despite his son only living a few weeks after birth. It’s a whole fucked up story that involves a ghost and vengeful drunk priest, I’d highly recommend the episode, called the Ghost of Cock Lane.",2025-05-11T22:40:57Z,7,Competitive-Emu-7411,todayilearned,2025-05-25T17:43:58.913199Z
mrtggkm,1kkb84a,reddit,"I thought this was fairly standard practice in medieval royalty, where marriages were part of alliance making. But maybe it was more the other way around. The King gets killed in a battle, what happens to his wife the Queen? Does she challenge his brother for the right to rule? If she marries his brother it solves the succession problem and the problem of her having an income/protector.",2025-05-11T22:00:12Z,10,notacanuckskibum,todayilearned,2025-05-25T17:43:58.913207Z
mrvzfsn,1kkb84a,reddit,"Not in the UK but my late grandmother had two stepmothers following her own mother’s death in childbirth. The first stepmother was just an unrelated woman, but when she also died she was “replaced” in the marriage by her single younger sister. 
So my grandmother had two sets of half siblings who were also each other’s cousins. ",2025-05-12T09:57:43Z,2,aima9hat,todayilearned,2025-05-25T17:43:58.913216Z
mrt736r,1kkb84a,reddit,I wonder if the law for civil partnerships is the same?,2025-05-11T21:07:07Z,3,speculatrix,todayilearned,2025-05-25T17:43:58.913224Z
mrtss7s,1kkb84a,reddit,"Something like this happened in The Boy and the Heron, Studio Ghibli's latest.

The protagonist""s dad married his aunt (mother's sister).",2025-05-11T23:15:36Z,1,RoboGuilliman,todayilearned,2025-05-25T17:43:58.913231Z
mrurogt,1kkb84a,reddit,"There's a similar concept in Judaism called yibbum. 

https://en.wikipedia.org/wiki/Yibbum?wprov=sfla1",2025-05-12T03:02:52Z,1,DonutUpset5717,todayilearned,2025-05-25T17:43:58.913238Z
mrydljp,1kkb84a,reddit,"It had been a big issue for years, apparently. Gilbert and Sullivan's comic opera *Iolanthe*, first performed in 1882, mentions it.",2025-05-12T18:18:19Z,1,Farnsworthson,todayilearned,2025-05-25T17:43:58.913246Z
mrtpbtq,1kkb84a,reddit,"""We must protect the blood of the nation!......except the king.....he can marry his sister if he wants.......as can any of the rest of nobility....because reasons.""",2025-05-11T22:54:05Z,1,phdoofus,todayilearned,2025-05-25T17:43:58.913254Z
mpiu515,1ka0nyn,reddit,[deleted],2025-04-28T18:11:59Z,373,N/A,todayilearned,2025-05-25T17:44:00.078663Z
mpjgsm3,1ka0nyn,reddit,"clerical errors, indeed.",2025-04-28T20:05:43Z,141,bjorn_hammerhock,todayilearned,2025-05-25T17:44:00.078678Z
mpjgoft,1ka0nyn,reddit,The next pope should be John XX. Add some nice confusion to the records.,2025-04-28T20:05:08Z,100,ciarogeile,todayilearned,2025-05-25T17:44:00.078686Z
mpjjht7,1ka0nyn,reddit,"So +1 for the antipope, -1 for the pope... So it's true that when the Pope and Antipope collide, they annihilate each other.",2025-04-28T20:19:17Z,38,AtebYngNghymraeg,todayilearned,2025-05-25T17:44:00.078692Z
mpjrx9k,1ka0nyn,reddit,You just know that John XXX is going to kick ass,2025-04-28T21:01:16Z,26,ClownfishSoup,todayilearned,2025-05-25T17:44:00.078699Z
mpiri05,1ka0nyn,reddit,Can't wait for the reign of John the 30th.,2025-04-28T17:58:55Z,39,bjb406,todayilearned,2025-05-25T17:44:00.078705Z
mpjsltf,1ka0nyn,reddit,"Iirc, the numbering for benedicts count an antipope accidently too",2025-04-28T21:04:49Z,14,mudkiptoucher93,todayilearned,2025-05-25T17:44:00.078712Z
mpildfn,1ka0nyn,reddit,This is how Jürgen entered heaven.,2025-04-28T17:29:35Z,5,diakked,todayilearned,2025-05-25T17:44:00.078720Z
mpktq9a,1ka0nyn,reddit,Back by pope-ular demand...,2025-04-29T00:34:53Z,5,Main_Enthusiasm_7534,todayilearned,2025-05-25T17:44:00.078728Z
mpjya2r,1ka0nyn,reddit,John LXIX will proclaim missionary shameful!,2025-04-28T21:34:53Z,4,Specialist-Coast9787,todayilearned,2025-05-25T17:44:00.078734Z
mpnqh6k,1ka0nyn,reddit,Antipope?,2025-04-29T13:49:05Z,5,Lord_Snaps,todayilearned,2025-05-25T17:44:00.078741Z
mplzwot,1ka0nyn,reddit,When the new pope calls himself John XXIIII people will say he is mis-rendering 24 in Roman numerals.  But we all know that he'll actually be saying he's John Twenty-Second the Second.,2025-04-29T05:04:36Z,6,Alaric4,todayilearned,2025-05-25T17:44:00.078748Z
mplh9nh,1ka0nyn,reddit,Just skip ahead and have John 316 .... The stonecold pope!,2025-04-29T02:54:07Z,2,Idontliketalking2u,todayilearned,2025-05-25T17:44:00.078755Z
mpn3knb,1ka0nyn,reddit,"hey, as long as no one calls himself ""johnny 23"", it's fine.",2025-04-29T11:26:15Z,2,wackocoal,todayilearned,2025-05-25T17:44:00.078762Z
mplir9q,1ka0nyn,reddit,Xx John xX,2025-04-29T03:03:20Z,0,GXWT,todayilearned,2025-05-25T17:44:00.078768Z
mq219sd,1ka0nyn,reddit,No wonder they can't tell us the churches net worth...,2025-05-01T17:51:43Z,0,glarbknot,todayilearned,2025-05-25T17:44:00.078775Z
msbh69a,1kmn8vu,reddit,"Finally, a vegan diet compatible with my lifestyle.",2025-05-14T18:54:03Z,452,NKD_WA,todayilearned,2025-05-25T17:44:01.818418Z
msblxjb,1kmn8vu,reddit,"They used to contain lard or animal shortening in the frosting, I remember my mom buying Hydrox cookies instead because of that",2025-05-14T19:17:15Z,141,jockfist5000,todayilearned,2025-05-25T17:44:01.818422Z
msbk2rw,1kmn8vu,reddit,"What are they made of now that I think about it? Just flours oils and sugar huh? I've not eaten them in years. One of those things I ate a good amount growing up, that I just got tried of them. Sunny D is another like that.",2025-05-14T19:08:11Z,59,Earthbound_X,todayilearned,2025-05-25T17:44:01.818425Z
msbh9nv,1kmn8vu,reddit,Might have to try this vegan thing out after all,2025-05-14T18:54:30Z,60,Possible-Tangelo9344,todayilearned,2025-05-25T17:44:01.818427Z
msbknp7,1kmn8vu,reddit,"As someone with a serious dairy allergy, thank God. Candy and snacks are difficult to find.",2025-05-14T19:11:01Z,28,Myre_Spellblade,todayilearned,2025-05-25T17:44:01.818429Z
msbpqba,1kmn8vu,reddit,"While vegan, the ingredients include palm oil, a major reason for  habitat destruction

https://www.worldwildlife.org/stories/endangered-species-threatened-by-unsustainable-palm-oil-production

Indonesia and Malaysia produce more than 85% of the world’s palm oil and are the only remaining home to orangutans. Fewer than 80,000 of these animals survive today, their habitats under constant threat of deforestation.

Even among vegans, there is contention if these should be consumed due to palm oil and impact on habitat.",2025-05-14T19:36:02Z,52,Vegan_Zukunft,todayilearned,2025-05-25T17:44:01.818432Z
msbzvy8,1kmn8vu,reddit,"cream = dairy

créme = vegetable oil ",2025-05-14T20:25:46Z,7,rmttw,todayilearned,2025-05-25T17:44:01.818434Z
msbpb1q,1kmn8vu,reddit,Ritz (and most off brand butter crackers) are also vegan,2025-05-14T19:33:56Z,9,floppyhump,todayilearned,2025-05-25T17:44:01.818436Z
msblqt8,1kmn8vu,reddit,"I'm not totally sure that Oreos actually qualify as food.

But damn if that'll stop me eating them.",2025-05-14T19:16:20Z,8,Ginkachuuuuu,todayilearned,2025-05-25T17:44:01.818439Z
msboeh5,1kmn8vu,reddit,"Oreos are great to bring to work as a group treat because they’re vegan, you can get gluten free ones and at least the original flavor ones are manufactured on dedicated lines with no nut cross contamination. It’s one treat where you can guarantee that the vast majority of people will be able to eat it without problems.",2025-05-14T19:29:24Z,9,SessileRaptor,todayilearned,2025-05-25T17:44:01.818441Z
msbm9be,1kmn8vu,reddit,"They used to be made with lard, which was also why they were not kosher, but Hydrox were.",2025-05-14T19:18:52Z,3,Dudephish,todayilearned,2025-05-25T17:44:01.818443Z
msbv0ib,1kmn8vu,reddit,"This is why they are filled with ""creme""; cream is a dairy product.",2025-05-14T20:01:46Z,5,DYMongoose,todayilearned,2025-05-25T17:44:01.818445Z
msbrmzv,1kmn8vu,reddit,vegan but uses palm oil 🤦🏽‍♀️,2025-05-14T19:45:24Z,5,willcomplainfirst,todayilearned,2025-05-25T17:44:01.818448Z
msbmg0y,1kmn8vu,reddit,At this point I’m sure they don’t even qualify as a food source,2025-05-14T19:19:46Z,6,ADCSrane,todayilearned,2025-05-25T17:44:01.818450Z
msbpz7j,1kmn8vu,reddit,This is why I call them crisc-oreos.  The filling is crisco and sugar.,2025-05-14T19:37:15Z,2,ChronoMonkeyX,todayilearned,2025-05-25T17:44:01.818452Z
msbub9c,1kmn8vu,reddit,I'm guessing they don't contain food products either 🤣,2025-05-14T19:58:16Z,3,SnowballOfFear,todayilearned,2025-05-25T17:44:01.818455Z
msbid98,1kmn8vu,reddit,Pairs well with vodka.,2025-05-14T18:59:50Z,3,greatgildersleeve,todayilearned,2025-05-25T17:44:01.818457Z
msbkm91,1kmn8vu,reddit,What about the 2020 special edition Oreo made of pangolin?,2025-05-14T19:10:49Z,4,lakebistcho,todayilearned,2025-05-25T17:44:01.818459Z
msbv6js,1kmn8vu,reddit,Haha. Wtf kind of thinly veiled ad is this shit? Of course they're vegan. Anyone who read the list of ingredients to see if they wanted to eat them would know that. Just as with any food.,2025-05-14T20:02:36Z,2,Anders_A,todayilearned,2025-05-25T17:44:01.818461Z
mscf9jy,1kmn8vu,reddit,Theyre going to contain milk by the time im done with them,2025-05-14T21:44:26Z,2,Protection-Working,todayilearned,2025-05-25T17:44:01.818464Z
msbqhnq,1kmn8vu,reddit,"This was to get it kosher certified because hydrox had that, right? I think I saw a video about this before, though I could be confusing this with McDonald’s fries lol",2025-05-14T19:39:46Z,1,superyoshiom,todayilearned,2025-05-25T17:44:01.818466Z
mscxu9o,1kmn8vu,reddit,Should I even ask what the cream filling is made of?,2025-05-14T23:27:56Z,1,Volfie,todayilearned,2025-05-25T17:44:01.818468Z
msd0hji,1kmn8vu,reddit,They are great with people with allergies,2025-05-14T23:43:35Z,1,Suspicious-Peace9233,todayilearned,2025-05-25T17:44:01.818471Z
mse2d5x,1kmn8vu,reddit,"Also interesting, the slight variation you find in the relationship between the orientation of the cookie and the frosting is intentional. They could male all of them perfectly identical, but people find that less esthetically pleasing.",2025-05-15T03:30:55Z,1,adelie42,todayilearned,2025-05-25T17:44:01.818473Z
msf8xix,1kmn8vu,reddit,Good ole fashioned Meak.,2025-05-15T10:03:06Z,1,The_River_Is_Still,todayilearned,2025-05-25T17:44:01.818475Z
msfb6ou,1kmn8vu,reddit,"[""Weird Al"" Yankovic - The White Stuff](https://www.youtube.com/watch?v=YbseBW-AWn4)",2025-05-15T10:23:57Z,1,violenthectarez,todayilearned,2025-05-25T17:44:01.818477Z
msfslrq,1kmn8vu,reddit,It’s got that delicious nutritious hydrogenated palm oil instead,2025-05-15T12:32:21Z,1,St0ckMonger,todayilearned,2025-05-25T17:44:01.818480Z
msgfiz7,1kmn8vu,reddit,"I still don't know why people are so amazed by this

Most non-vegan sweets mainly contain milk powder and it's quite easy to replace that. Something like biscuits being vegan is not unusual",2025-05-15T14:39:13Z,1,GroundbreakingBag164,todayilearned,2025-05-25T17:44:01.818482Z
mskzw8f,1kmn8vu,reddit,They also don't contain any food or anything with a pleasant flavor.,2025-05-16T06:22:23Z,1,JonesyOnReddit,todayilearned,2025-05-25T17:44:01.818484Z
msbp1yk,1kmn8vu,reddit,I find they just don't taste that good. They are disguised as a chocolate biscuit and as such are always a disappointment.,2025-05-14T19:32:41Z,2,Frogs4,todayilearned,2025-05-25T17:44:01.818487Z
mscwxeh,1kmn8vu,reddit,"They don't contain milk, yet",2025-05-14T23:22:43Z,1,TooMad,todayilearned,2025-05-25T17:44:01.818489Z
msd3ien,1kmn8vu,reddit,Proof that vegan does not equal healthy.,2025-05-15T00:00:36Z,1,CincyBrandon,todayilearned,2025-05-25T17:44:01.818493Z
msbjzxo,1kmn8vu,reddit,Mmmm all chemicals,2025-05-14T19:07:47Z,-6,JScratch,todayilearned,2025-05-25T17:44:01.818495Z
msbs4op,1kmn8vu,reddit,I miss lard filled Oreos,2025-05-14T19:47:46Z,0,Cool_Cartographer_39,todayilearned,2025-05-25T17:44:01.818497Z
msbs7zr,1kmn8vu,reddit,And this is why I add pepperoni to my Oreos.,2025-05-14T19:48:13Z,-4,davery67,todayilearned,2025-05-25T17:44:01.818500Z
mse9r62,1kmn8vu,reddit,Oreos taste like crap today so I don’t care,2025-05-15T04:24:25Z,0,FelineSocialSkills,todayilearned,2025-05-25T17:44:01.818502Z
msbvgpk,1kmn8vu,reddit,Definitely not the flex you think it is. ,2025-05-14T20:04:00Z,-5,iamleyeti,todayilearned,2025-05-25T17:44:01.818504Z
msbmxpm,1kmn8vu,reddit,"Their slogan is 'Milk's Favorite Cookie.'

Not quite as vegan as they want you to believe.",2025-05-14T19:22:11Z,-8,AudibleNod,todayilearned,2025-05-25T17:44:01.818506Z
msci087,1kmn8vu,reddit,"No milk, just sugar and vegetable hydrogenated fat. Gross",2025-05-14T21:58:52Z,-1,Low-Stay-5562,todayilearned,2025-05-25T17:44:01.818509Z
msbtpi6,1kmn8vu,reddit,Laziest ad I've seen yet,2025-05-14T19:55:24Z,-2,ABob71,todayilearned,2025-05-25T17:44:01.818511Z
mtreoz8,1kt7kta,reddit,"2018-2019: Giannis Antetokounmpo (Greece)

2019-2020: Giannis Antetokounmpo (Greece)

2020-2021: Nikola Jokic (Serbia)

2021-2022: Nikola Jokic (Serbia)

2022-2023: Joel Embiid (Cameroon)

2023-2024: Nikola Jokic (Serbia)

2024-2025: Shai Gilgeous-Alexander (Canada)

A foreign born MVP had only happened 4 times in the previous 63 seasons since the NBA's inception, and only once before 2000:

1993-1994: Hakeem Olajuwon (Nigeria)

2004-2005: Steve Nash (Canada)

2005-2006: Steve Nash (Canada)

2006-2007: Dirk Nowitzki (Germany)",2025-05-23T01:35:36Z,407,jordanleite25,todayilearned,2025-05-25T17:44:03.610551Z
mtrei7n,1kt7kta,reddit,"A testament to growing the game.

Though this year it was a Canadian in a sport created by a Canadian",2025-05-23T01:34:29Z,177,VeterinarianIcy9562,todayilearned,2025-05-25T17:44:03.610560Z
mtrj20w,1kt7kta,reddit,Most Valuable Phoreigner.,2025-05-23T02:01:27Z,47,eleventhrees,todayilearned,2025-05-25T17:44:03.610565Z
mtrellg,1kt7kta,reddit,TBF it's only 4 different people,2025-05-23T01:35:03Z,43,TJtheShizz,todayilearned,2025-05-25T17:44:03.610570Z
mtrndfh,1kt7kta,reddit,"I have heard there are only 100 people in the US over 7 feet tall.  The US is only about 4% of the world's population.  Much larger pool of ""talls"" out there to draw from.",2025-05-23T02:28:00Z,26,KindAwareness3073,todayilearned,2025-05-25T17:44:03.610574Z
mtrg4nd,1kt7kta,reddit,Jokic would have been mvp had it not been for voter fatigue. Although testament still stands,2025-05-23T01:44:13Z,64,Old-butt-new,todayilearned,2025-05-25T17:44:03.610579Z
mtrjlcr,1kt7kta,reddit,"Trying to recall them from memory, I was surprised Luka didn't sneak in there.",2025-05-23T02:04:44Z,9,Knyfe-Wrench,todayilearned,2025-05-25T17:44:03.610583Z
mtrenp8,1kt7kta,reddit,And prior to that I can only think of 5 in total.,2025-05-23T01:35:24Z,6,RareLeeComment,todayilearned,2025-05-25T17:44:03.610588Z
mtrmx3d,1kt7kta,reddit,We need more tariffs smh,2025-05-23T02:25:14Z,5,scrambled_cable,todayilearned,2025-05-25T17:44:03.610592Z
mttcknr,1kt7kta,reddit,America needs to step up their game.,2025-05-23T11:09:46Z,1,PopeSpringsEternal,todayilearned,2025-05-25T17:44:03.610597Z
mtxcy1z,1kt7kta,reddit,Also true of 7 of the last 8 NHL MVPs.,2025-05-23T23:51:19Z,1,ScreenTricky4257,todayilearned,2025-05-25T17:44:03.610602Z
mu1mzdu,1kt7kta,reddit,MVP's what?,2025-05-24T18:04:30Z,1,waxinjax904,todayilearned,2025-05-25T17:44:03.610607Z
mu5xcg0,1kt7kta,reddit,The pay for play American system of finding and nurturing  talent sucks and everyone’s known it for years.  That’s what the above speaks to.   But now the NCAA pay for play system seems like it’s going to undercut the European leagues and their talent pipelines so yay capitalism?,2025-05-25T12:55:47Z,1,Fit-Minimum-5507,todayilearned,2025-05-25T17:44:03.610611Z
mtrr0p2,1kt7kta,reddit,"Whelp, it's been fun, NBA. Once America catches on that the world cares and caught up, they'll create something new to be world champs in.",2025-05-23T02:50:32Z,0,CABJ_Riquelme,todayilearned,2025-05-25T17:44:03.610616Z
mtrx3rc,1kt7kta,reddit,"Fun fact, the last white American NBA MVP was Larry Bird in 1986

Edit: Guys what are the downvotes for im not even white",2025-05-23T03:31:07Z,-2,Clemario,todayilearned,2025-05-25T17:44:03.610621Z
mtrpo3a,1kt7kta,reddit,This still doesn't make you world champions...,2025-05-23T02:42:05Z,-10,Plenty_Area_408,todayilearned,2025-05-25T17:44:03.610625Z
mtrsjb2,1kt7kta,reddit,And neither of them have visible tattoos,2025-05-23T03:00:18Z,-6,blackhole_sonnn,todayilearned,2025-05-25T17:44:03.610630Z
mstv0p6,1koz5na,reddit,And then he wrestled Spider-Man. BOOOOONESAW IS READYYYYYYYYYYYY,2025-05-17T18:05:54Z,486,YinTanTetraCrivvens,todayilearned,2025-05-25T17:44:05.002088Z
mstx8gr,1koz5na,reddit,🦴🪚,2025-05-17T18:18:08Z,97,coxasaurus,todayilearned,2025-05-25T17:44:05.002092Z
msu3qyr,1koz5na,reddit,"According to his brother Lanny Poffo when Randy was cut he took all of his bats out to a big oak tree at their family house and broke all of his bats against the tree and said ""If baseball doesn't want me I don't want baseball either.""",2025-05-17T18:54:49Z,50,thecheat420,todayilearned,2025-05-25T17:44:05.002094Z
mstwxls,1koz5na,reddit,"ohhhhh, yeah!

he's also the brother of Leaping Lanny Poffo, who later morphed into the Genius.",2025-05-17T18:16:27Z,38,itchy_008,todayilearned,2025-05-25T17:44:05.002096Z
mstxvq9,1koz5na,reddit,The Spider? That's the best you got? Well that stinks.,2025-05-17T18:21:43Z,65,OptimusPhillip,todayilearned,2025-05-25T17:44:05.002099Z
msu5iy0,1koz5na,reddit,He was the cream of the crop. And the cream always rises to the top,2025-05-17T19:04:48Z,25,dv666,todayilearned,2025-05-25T17:44:05.002101Z
mstyqp9,1koz5na,reddit,The Human Spider,2025-05-17T18:26:32Z,14,__-_-_--_--_-_---___,todayilearned,2025-05-25T17:44:05.002103Z
mstvni1,1koz5na,reddit,Hard to believe I had to scroll that far to find Miss Elizabeth.,2025-05-17T18:09:21Z,27,simagus,todayilearned,2025-05-25T17:44:05.002105Z
msu4tul,1koz5na,reddit,"After this and the Hogan lie post, is today gonna be a wrestling day for this sub? Because I'm totally on board with that",2025-05-17T19:00:51Z,11,nWo1997,todayilearned,2025-05-25T17:44:05.002107Z
msu50ns,1koz5na,reddit,oOoOOHHhH YYEEEAAAHHHHHHH I did,2025-05-17T19:01:56Z,6,Macho_Mans_Ghost,todayilearned,2025-05-25T17:44:05.002109Z
msu554v,1koz5na,reddit,I GOT YA FOR THREEEEE MINUTES,2025-05-17T19:02:38Z,5,idonttrustsoup,todayilearned,2025-05-25T17:44:05.002111Z
msu5q4h,1koz5na,reddit,"THE CREAM RISES TO TO THE TOP

https://www.youtube.com/watch?v=8C4lK41SX-Q",2025-05-17T19:05:55Z,4,Highpersonic,todayilearned,2025-05-25T17:44:05.002113Z
mstv1t5,1koz5na,reddit,And then wrestled and lost against The Amazing Spider-Man!,2025-05-17T18:06:03Z,15,racer_24_4evr,todayilearned,2025-05-25T17:44:05.002115Z
msu410g,1koz5na,reddit,This guy was amazing,2025-05-17T18:56:22Z,3,Deep_Fried_Oligarchs,todayilearned,2025-05-25T17:44:05.002117Z
msuae2m,1koz5na,reddit,And when the end of the world was predicted Macho Man ascended to stop the apocalypse. ,2025-05-17T19:32:23Z,4,WaltMitty,todayilearned,2025-05-25T17:44:05.002119Z
msv70ax,1koz5na,reddit,TIL my favorite rapper was also a wrestler and baseball player.,2025-05-17T22:38:26Z,3,ARoseConePolio,todayilearned,2025-05-25T17:44:05.002121Z
msu2dii,1koz5na,reddit,And now it all makes sense…,2025-05-17T18:47:01Z,3,Massive-Pirate-5765,todayilearned,2025-05-25T17:44:05.002123Z
msuc0p3,1koz5na,reddit,Oooooh yeaaaa THE Spiiiider yeaaaa,2025-05-17T19:41:29Z,3,blackbeltmessiah,todayilearned,2025-05-25T17:44:05.002125Z
msv42wd,1koz5na,reddit,"I think macho man has become too far removed from current wrestler viewership to be considered a favourite of many. But I always feel he’s your favourite wrestlers favourite wrestler. Anyone who bases their career on him are starting out well. He was an incredible in ring talent, and hilarious on the mic, able to produce some of the most fun, and the most heart warming moments in pro wrestling. 


That moment when miss elizabeth returns to Randy is truly heart warming. Always entertaining, forever fantastic",2025-05-17T22:20:22Z,3,TaffWaffler,todayilearned,2025-05-25T17:44:05.002128Z
msuakzz,1koz5na,reddit,Did you get this from the hogan thread earlier,2025-05-17T19:33:29Z,2,BenVera,todayilearned,2025-05-25T17:44:05.002130Z
msuen7i,1koz5na,reddit,"Here’s his minor league stats. 

https://www.baseball-reference.com/register/player.fcgi?id=poffo-001ran",2025-05-17T19:56:01Z,2,nobodybelievesyou,todayilearned,2025-05-25T17:44:05.002132Z
msudnwm,1koz5na,reddit,Thats hilarious  never new,2025-05-17T19:50:36Z,1,stingertc,todayilearned,2025-05-25T17:44:05.002134Z
msufkrh,1koz5na,reddit,"Wait, there was an actual reason he was in Spider-Man?",2025-05-17T20:01:05Z,1,violentpac,todayilearned,2025-05-25T17:44:05.002136Z
msv4ws3,1koz5na,reddit,Ooooohhhhhhhhhh yeahhhhhhhhhhh!!!!!,2025-05-17T22:25:27Z,1,simagus,todayilearned,2025-05-25T17:44:05.002139Z
mt20nbv,1koz5na,reddit,"This is the craziest part to me-“Savage injured his natural (right) throwing shoulder after a collision at home plate, and he learned to throw with his left arm instead.” Imagine playing professionally and then having to learn how to throw with your off hand. ",2025-05-19T02:06:42Z,1,Plane-Tie6392,todayilearned,2025-05-25T17:44:05.002141Z
mt4sc24,1koz5na,reddit,SNAP INTO A SLIM JIM!,2025-05-19T15:05:45Z,1,SkyfangR,todayilearned,2025-05-25T17:44:05.002143Z
mt5n1au,1koz5na,reddit,He was also a member of the national honor society.,2025-05-19T17:36:50Z,1,keetojm,todayilearned,2025-05-25T17:44:05.002145Z
mqpdmil,1kfbbfn,reddit,"The exhibition also had demonstrations of telegraphs, a prototype fax machine, a revolving lighthouse and vulcanized rubber.",2025-05-05T13:34:46Z,90,AudibleNod,todayilearned,2025-05-25T17:44:06.026302Z
mqpa47c,1kfbbfn,reddit,[https://historicengland.org.uk/images-books/archive/collections/photographs/spending-a-penny/](https://historicengland.org.uk/images-books/archive/collections/photographs/spending-a-penny/),2025-05-05T13:14:28Z,35,Upstairs_Drive_5602,todayilearned,2025-05-25T17:44:06.026307Z
mqpd03n,1kfbbfn,reddit,"Gives ""in for a penny, in for a pound"" a slightly different meaning.",2025-05-05T13:31:13Z,6,lordofthelostsocks,todayilearned,2025-05-25T17:44:06.026309Z
mqphwxf,1kfbbfn,reddit,That must have been quite the game changer for people,2025-05-05T13:58:20Z,7,Can-You-Fly-Bobby,todayilearned,2025-05-25T17:44:06.026311Z
mqpadwh,1kfbbfn,reddit,How did waiting room change to wash closet ? WC?,2025-05-05T13:16:03Z,9,Saintcanuck,todayilearned,2025-05-25T17:44:06.026313Z
mqtznbf,1kfbbfn,reddit,"Spend a penny, lose a pound? I'm not sure I've heard that variation but I like it😄",2025-05-06T04:26:09Z,3,hotavocado2015,todayilearned,2025-05-25T17:44:06.026315Z
mqw88bl,1kfbbfn,reddit,"*Here I sit, brokenhearted;* 

*Paid to shit, but only farted.*",2025-05-06T14:59:12Z,2,Greene_Mr,todayilearned,2025-05-25T17:44:06.026317Z
mqpce3d,1kfbbfn,reddit,"I am a patient boy
I wait, I wait, I wait, I wait
My time, water down a drain",2025-05-05T13:27:42Z,4,haricariandcombines,todayilearned,2025-05-25T17:44:06.026319Z
mqq16cb,1kfbbfn,reddit,Interesting!,2025-05-05T15:35:51Z,1,society-dropout,todayilearned,2025-05-25T17:44:06.026321Z
mqt428b,1kfbbfn,reddit,hell yeah shitting,2025-05-06T01:04:37Z,1,emailforgot,todayilearned,2025-05-25T17:44:06.026323Z
mqrvn80,1kfmo4n,reddit,Your headline misses the most fascinating part: Gibsons father used his Jeopardy winnings to move the family to Australia so his sons wouldn't be drafted for Vietnam.,2025-05-05T20:59:36Z,669,im_on_the_case,todayilearned,2025-05-25T17:44:07.975287Z
mqs107l,1kfmo4n,reddit,"Mel's dad, Hutton Gibson.... whoooo boy.

No wonder Mel turned out that way he did.",2025-05-05T21:26:51Z,79,talon_262,todayilearned,2025-05-25T17:44:07.975293Z
mqrwham,1kfmo4n,reddit,"His mother is Irish, from Longford I think",2025-05-05T21:03:47Z,48,Round_Leopard6143,todayilearned,2025-05-25T17:44:07.975295Z
mqs5gqm,1kfmo4n,reddit,TIL Mel Gibson is widely believed to be from Australia.,2025-05-05T21:50:12Z,339,polskiftw,todayilearned,2025-05-25T17:44:07.975297Z
mqtjps0,1kfmo4n,reddit,"A family I knew lived near them a long time ago in Peekskill, NY. Dad settled a lawsuit I believe and moved everyone to Australia. They were all nuts.",2025-05-06T02:35:33Z,34,southernNJ-123,todayilearned,2025-05-25T17:44:07.975300Z
mqs83em,1kfmo4n,reddit,"Saoirse Ronan, who sounds very Irish, is also American born.",2025-05-05T22:04:18Z,27,turniphat,todayilearned,2025-05-25T17:44:07.975302Z
mqtb15j,1kfmo4n,reddit,"""NAOMI WATTS: Born in Shoreham England, Naomi moved to Australia when she was 14. """,2025-05-06T01:44:45Z,4,dav_oid,todayilearned,2025-05-25T17:44:07.975304Z
mqt7a01,1kfmo4n,reddit,I always associated him with Australia because of mad max. I didn't know he was culturally Australian.,2025-05-06T01:23:18Z,3,blueghost47,todayilearned,2025-05-25T17:44:07.975306Z
mqtbebr,1kfmo4n,reddit,"""LIVIA NEWTON-JOHN: Also born in Cambridge, England, Olivia's family didn't relocate to Australia until she was five years old when her father was offered a job in Melbourne.""",2025-05-06T01:46:56Z,3,dav_oid,todayilearned,2025-05-25T17:44:07.975308Z
mqtbhzw,1kfmo4n,reddit,"""Julia Gillard was born in Wales, but after suffering bronchopneumonia as a child, her parents sought out warmer weather and moved the family to Adelaide.""",2025-05-06T01:47:32Z,3,dav_oid,todayilearned,2025-05-25T17:44:07.975310Z
mqrvcl2,1kfmo4n,reddit,I never thought he was associated with Australia at all tbh. He sounds entirely American.,2025-05-05T20:58:09Z,27,TheHoboRoadshow,todayilearned,2025-05-25T17:44:07.975313Z
mqv0ic5,1kfmo4n,reddit,My uncles used to smoke weed with mel gibsons brothers when they were living around Berowra,2025-05-06T10:27:04Z,2,-inzo-,todayilearned,2025-05-25T17:44:07.975315Z
mqsslxw,1kfmo4n,reddit,Thank fuck - Australians,2025-05-05T23:59:04Z,4,Ok_Bath1089,todayilearned,2025-05-25T17:44:07.975317Z
mqstbde,1kfmo4n,reddit,[removed],2025-05-06T00:03:03Z,3,N/A,todayilearned,2025-05-25T17:44:07.975319Z
mqtbcag,1kfmo4n,reddit,"""GUY PEARCE: Born in Cambridge, England, Guy and his family moved to Geelong when he was three.""",2025-05-06T01:46:36Z,4,dav_oid,todayilearned,2025-05-25T17:44:07.975321Z
mqseucx,1kfmo4n,reddit,"Did you know he was a racist, antisemitic pos?",2025-05-05T22:42:03Z,9,Bakingsquared80,todayilearned,2025-05-25T17:44:07.975323Z
mqtujhd,1kfmo4n,reddit,He’s also the worst.,2025-05-06T03:48:11Z,5,ChicagoAuPair,todayilearned,2025-05-25T17:44:07.975326Z
mqt5asm,1kfmo4n,reddit,wait so he could become President? I hope this comment doesn't bite me in the ass in a few years.,2025-05-06T01:11:47Z,2,YZYSZN1107,todayilearned,2025-05-25T17:44:07.975328Z
mqtauxq,1kfmo4n,reddit,"""Nicole Mary Kidman was born on **20 June 1967** in Honolulu, Hawaii, while her Australian parents were temporarily in the United States on student visas.""",2025-05-06T01:43:46Z,2,dav_oid,todayilearned,2025-05-25T17:44:07.975330Z
mqtba83,1kfmo4n,reddit,"""Sophie Monk was born in London, England to an English father and an Australian mother. In 1982 her parents moved to Australia's Gold Coast in Queensland when she was two years old.""",2025-05-06T01:46:16Z,2,dav_oid,todayilearned,2025-05-25T17:44:07.975332Z
mqtdjdv,1kfmo4n,reddit,"Angus and Malcolm Young: Born in Scotland. Moved to Australia, IIRC, because the Aussie govt. paid people to do that. Sorry Scots, but I’d take that deal.",2025-05-06T01:58:53Z,2,SvenDia,todayilearned,2025-05-25T17:44:07.975334Z
mqs9st3,1kfmo4n,reddit,"Mel Gibson is a racist cunt who told his ex he hoped that she was raped by a pack of n****rs.

Fuck that dude

Yall are fucking cringe dude",2025-05-05T22:13:47Z,2,PendrickLamar78,todayilearned,2025-05-25T17:44:07.975337Z
mqtm06k,1kfmo4n,reddit,"Good, we don’t claim him.",2025-05-06T02:49:41Z,1,little-ghoul,todayilearned,2025-05-25T17:44:07.975339Z
mqsc7nh,1kfmo4n,reddit,I'm pretty sure I read he put on the Australian accent for his Australian movies and never spoke with an Australian accent normally.,2025-05-05T22:27:12Z,1,Baoooba,todayilearned,2025-05-25T17:44:07.975341Z
mqsoa58,1kfmo4n,reddit,"Dude went to elementary school with my mother in Washingtonville, NY.",2025-05-05T23:34:47Z,1,MisterJoshua77,todayilearned,2025-05-25T17:44:07.975343Z
mqtb3im,1kfmo4n,reddit,"""SLA FISHER: Born in Oman to her Scottish parents, Isla didn’t hit Aussie shores until she was six.""",2025-05-06T01:45:08Z,1,dav_oid,todayilearned,2025-05-25T17:44:07.975345Z
mqutt1l,1kfmo4n,reddit,"I knew he wasn’t born here, but I didn’t know he didn’t bother to get citizenship. Apparently he’s a permanent resident instead.",2025-05-06T09:20:06Z,1,Handsprime,todayilearned,2025-05-25T17:44:07.975347Z
mqw5sra,1kfmo4n,reddit,Oh thank god,2025-05-06T14:47:34Z,1,spandexvalet,todayilearned,2025-05-25T17:44:07.975349Z
mqxa0r5,1kfmo4n,reddit,Where was he born in 1952 though?,2025-05-06T17:58:48Z,1,553l8008,todayilearned,2025-05-25T17:44:07.975351Z
mqz8p9d,1kfmo4n,reddit,Not surprising at all.,2025-05-06T23:52:15Z,1,castrateurfate,todayilearned,2025-05-25T17:44:07.975354Z
mqt0hbe,1kfmo4n,reddit,"The 'Merican part is why he's a nutter, and the religious part is why he's a xenophobic piece of shit.",2025-05-06T00:44:00Z,1,Suq_Madiq_Qik,todayilearned,2025-05-25T17:44:07.975356Z
mqu7lf4,1kfmo4n,reddit,"For a not Australia born, he picked up the accent incredibly strongly.",2025-05-06T05:30:28Z,1,edgiepower,todayilearned,2025-05-25T17:44:07.975358Z
mqt7gte,1kfmo4n,reddit,"I didn’t know he was Australian. 

I did know he was very antisemitic and racist.

I guess he still is both?",2025-05-06T01:24:23Z,-1,2WhomAreYouListening,todayilearned,2025-05-25T17:44:07.975360Z
mqrvzaa,1kfmo4n,reddit,Vietnam draft son australia jeopardy money america,2025-05-05T21:01:17Z,-8,IhateTacoTuesdays,todayilearned,2025-05-25T17:44:07.975362Z
mqtzwvd,1kfmo4n,reddit,"Interesting that he was in his mid 40s working for the Railroad in a blue collar job in 1964.  Despite everything else, he was a veritable genius, but was content to chose a workingman's career.  Googling shows his brother was also a career conductor for the Railroad.  While some articles make note that his dad (mels grandad) was a successful businessman, he must have lost the fortune since his kids had to take up regular jobs.",2025-05-06T04:27:49Z,-2,x3nopon,todayilearned,2025-05-25T17:44:07.975364Z
mqv3plv,1kfmo4n,reddit,"His dad was a religious nut, like the extremely hostile kind. ",2025-05-06T10:54:50Z,0,Blacknite45,todayilearned,2025-05-25T17:44:07.975367Z
mqv5wdi,1kfmo4n,reddit,"Mel Gibson, Kyle. 

Mel. 

Gibson.",2025-05-06T11:12:35Z,0,Dark_Foggy_Evenings,todayilearned,2025-05-25T17:44:07.975369Z
mqw3jxg,1kfmo4n,reddit,Fuck Mel Gibson.,2025-05-06T14:36:27Z,0,veksone,todayilearned,2025-05-25T17:44:07.975371Z
mqwldcz,1kfmo4n,reddit,Ok. And? Is this life changing or something?,2025-05-06T16:02:17Z,0,meleecow,todayilearned,2025-05-25T17:44:07.975373Z
mqrxx64,1kfmo4n,reddit,"Draft dodger. 

Which there is nothing wrong with that, just own it.",2025-05-05T21:11:00Z,-17,Eroom2013,todayilearned,2025-05-25T17:44:07.975375Z
mqs2qao,1kfmo4n,reddit,[removed],2025-05-05T21:35:52Z,-3,N/A,todayilearned,2025-05-25T17:44:07.975377Z
mqcwrgc,1kdlz5l,reddit,I can’t hear vocal nodes surgery and not think of Pitch Perfect,2025-05-03T12:05:50Z,150,dumbfuck,todayilearned,2025-05-25T17:44:09.069645Z
mqe2via,1kdlz5l,reddit,I mean it's not the worst i've heard of.  Eric Clapton deliberately chain-smoked to roughen and deepen his voice in the sixties.,2025-05-03T16:09:51Z,62,lawrat68,todayilearned,2025-05-25T17:44:09.069656Z
mqg2dce,1kdlz5l,reddit,"Randomly: i love to play ""Total Eclipse of the Heart"" at my students. I always have at least one kid per year who is gearing up to make some chiropractor very rich someday because s/he is always twisted around in their seat to better gab with a friend across the room right in the middle of a lesson. So I put the song on. The students by now know the opening piano notes and collectively start going quietly nuts and looking around for the culprit. The student in question doesn't notice, of course, they're fucking busy socializing. When the song gets to the ""Turn around..."" lines I put it on blast, not saying anything, just expressionless stare at the kid. The class has been waiting for this moment and starts singing along, and the other student very quickly gets the idea and shuts up and turns around. I dont have to say a thing. From start to end it takes no more than a minute, then back to the lesson. Perfect behavior for the rest of the period. 😂

Now, if I could find a similarly iconic song to play that has (radio-edit) lyrics about taking a seat or staying in their seat....",2025-05-03T22:37:14Z,33,NoOccasion4759,todayilearned,2025-05-25T17:44:09.069663Z
mqcwg73,1kdlz5l,reddit,Sounds like she didn’t let it rest properly? Is there a story behind that?,2025-05-03T12:03:33Z,67,dumbfuck,todayilearned,2025-05-25T17:44:09.069669Z
mqfbxji,1kdlz5l,reddit,"Elton John went from a pianist who could sing to a singer who could play piano for a similar reason. Julie andrews got a bad case from that though, and couldn’t really sing again afterwards.",2025-05-03T20:06:22Z,8,guillermo_04,todayilearned,2025-05-25T17:44:09.069675Z
mqgtio2,1kdlz5l,reddit,"Marianne Faithfull had already recovered from alcoholism, being a junkie, homelessness, and had permanently damaged her vocal cords by frequently performing with chronic laryngitis; but just before she cut the title track of her comeback album  *Broken English*, her producer, musical mentor and former lover Mick Jagger made her chain-smoke most of a pack of cigarettes. Both the track and the album subsequently became hits chiefly due to her unique, growly vocals -  the latter peaking at 82 on the Billboard 200.

She continued to record in her signature gravelly voice until she did a final spoken word album in 2021, giving her performing career a span of 60 years, 1961-2021. She just passed away in January.",2025-05-04T01:29:28Z,5,theartfulcodger,todayilearned,2025-05-25T17:44:09.069682Z
mqfclpp,1kdlz5l,reddit,The only singer to cancel a concert because she *didn't* have a sore throat,2025-05-03T20:10:04Z,4,craigbongos,todayilearned,2025-05-25T17:44:09.069688Z
mqfnxon,1kdlz5l,reddit,TIL she's Welsh and not Scottish. Lifelong misconception corrected.,2025-05-03T21:11:43Z,3,GarysCrispLettuce,todayilearned,2025-05-25T17:44:09.069694Z
mqczeh9,1kdlz5l,reddit,She also used to eat sand.,2025-05-03T12:24:53Z,3,NoLastNameForNow,todayilearned,2025-05-25T17:44:09.069699Z
mqjp4oe,1kdlz5l,reddit,*Lost In France* is my favourite song of hers. And people are always trying to persuade Julie Andrews into singing again after she has been told by doctors it would ruin her voice. I'm glad Bonnie ignored doctors. And glad Julie DIDN'T!,2025-05-04T15:08:39Z,1,RockDoc88mph,todayilearned,2025-05-25T17:44:09.069705Z
mqdkb05,1kdlz5l,reddit,Same thing with Rob Wright from Nomeansno,2025-05-03T14:32:14Z,1,slowtalkingmorris99,todayilearned,2025-05-25T17:44:09.069711Z
mqembq0,1kdlz5l,reddit,Reminds me of Aimer as well.,2025-05-03T17:49:05Z,1,Kdog122025,todayilearned,2025-05-25T17:44:09.069717Z
msqy8xf,1kojiiu,reddit,You can trace the evolution of civilization through the management of its feces,2025-05-17T05:07:44Z,221,GarysCrispLettuce,todayilearned,2025-05-25T17:44:10.055694Z
msrlajd,1kojiiu,reddit,"It's a widespread misconception, and was at the time, that they worked by destroying the methane and ""bad air"" in the flame.

They didn't.

They worked purely by convection to provide ventilation to the sewers. Most of the lifted gas wouldn't go anywhere near the flame but instead simply be vented to the atmosphere.

These lamps were a development of the much older ""stink pipe"" which aimed to do the same thing but could only rely on convection powered by the heat of bacterial decay, which was far less efficient.",2025-05-17T08:58:58Z,118,Hattix,todayilearned,2025-05-25T17:44:10.055697Z
msqnmk0,1kojiiu,reddit,That lamp replacement program is really streets ahead!,2025-05-17T03:40:29Z,86,mstscnotforme,todayilearned,2025-05-25T17:44:10.055699Z
msqonkb,1kojiiu,reddit,"There was a sewer gas explosion reported just today over on r/bristol 

https://www.reddit.com/r/bristol/s/F34ceAwPWW",2025-05-17T03:48:18Z,33,intangible-tangerine,todayilearned,2025-05-25T17:44:10.055702Z
msqo3ut,1kojiiu,reddit,"I want one of these on the vent pipe on my roof. I guess more like a oil refinery flare, but yeah......",2025-05-17T03:44:07Z,13,todd0x1,todayilearned,2025-05-25T17:44:10.055704Z
msrpnhc,1kojiiu,reddit,A tiny flame next to a sewer: I’m helping!,2025-05-17T09:46:38Z,5,__-_-_--_--_-_---___,todayilearned,2025-05-25T17:44:10.055706Z
msrq9jw,1kojiiu,reddit,If you've ever seen the movie blade runner this is what those flares are,2025-05-17T09:53:08Z,4,Illustrious_Donkey61,todayilearned,2025-05-25T17:44:10.055708Z
msr0jvp,1kojiiu,reddit,I guess Sweeney Todd’s opinions of London weren’t completely baseless after all.,2025-05-17T05:28:27Z,3,SaintBrutus,todayilearned,2025-05-25T17:44:10.055710Z
mssksf7,1kojiiu,reddit,"“Well, I could put the trash into a landfill where it's going to stay for millions of years, or I could burn it up and get a nice smoky smell in here and let that smoke go into the sky where it turns into stars.""",2025-05-17T13:54:11Z,3,Ir0n_Panda,todayilearned,2025-05-25T17:44:10.055712Z
msqroa5,1kojiiu,reddit,Now install that on the NYC subway,2025-05-17T04:12:13Z,2,HipHopDropper,todayilearned,2025-05-25T17:44:10.055714Z
mswlayb,1kojiiu,reddit,Sewer Gas Destructor Lamp is my Third Wave Ska band.,2025-05-18T04:21:31Z,1,ChicagoAuPair,todayilearned,2025-05-25T17:44:10.055716Z
msxy00t,1kojiiu,reddit,"Does that mean they could or couldn’t say, “I can’t see shit!”",2025-05-18T12:11:14Z,1,not_ondrugs,todayilearned,2025-05-25T17:44:10.055718Z
mti096s,1kojiiu,reddit,The lamps are still over the UK although most are now decorative,2025-05-21T16:39:08Z,1,ZeldaShrine4,todayilearned,2025-05-25T17:44:10.055720Z
mss3c1p,1kojiiu,reddit,"So the next time you think you're a big deal for lighting a fart, you ain't nothing.",2025-05-17T11:53:50Z,0,ScreenTricky4257,todayilearned,2025-05-25T17:44:10.055722Z
mre2z1r,1kie3nc,reddit,I wonder if they only experience auditory hallucinations,2025-05-09T09:15:33Z,83,Gilded_3utthole,todayilearned,2025-05-25T17:44:11.458824Z
mre34hg,1kie3nc,reddit,Sorry - who had this notion??,2025-05-09T09:17:09Z,86,astew12,todayilearned,2025-05-25T17:44:11.458829Z
mre49tn,1kie3nc,reddit,"The paper agrees with what the literature has been saying though? Statistically, congenital blindness does offer some significant protection from schizophrenia. If people were saying that blind people in general are immune to schizophrenia they were just misrepresenting the data.

The conclusion even says:

>In our research we did not manage to uncover any co-occurrence of congenital/early cortical blindness and schizophrenia.",2025-05-09T09:29:24Z,30,AcanthisittaLeft2336,todayilearned,2025-05-25T17:44:11.458831Z
mrf9b18,1kie3nc,reddit,"Schizophrenia is stereotyped by the positive symptoms(delusions, hallucinations) but negative symptoms(disordered thinking, social withdrawal, avolition) are actually more common. Hallucinations are basically only the most severe symptom.",2025-05-09T14:19:36Z,4,Zealousideal-Army670,todayilearned,2025-05-25T17:44:11.458833Z
mre9ny3,1kie3nc,reddit,"I mean as someone who has schizophrenia, I imagine the hearing and smelling hallucinations were a good indication lol. Not to mention that you also hear voices in your head that don't present as visual hallucinations.",2025-05-09T10:22:54Z,7,whatwoahashley,todayilearned,2025-05-25T17:44:11.458836Z
mrftjc3,1kie3nc,reddit,"Well if course I know him he's me, got any cigs dad?",2025-05-09T16:02:40Z,2,mrfantasticpackage,todayilearned,2025-05-25T17:44:11.458838Z
mrfdla9,1kie3nc,reddit,Some deaf schizophrenics hallucinate diembodied hands signing at them,2025-05-09T14:41:58Z,1,squeakynickles,todayilearned,2025-05-25T17:44:11.458842Z
mrj5k78,1kie3nc,reddit,This is embarrassing. I used this myth as a fun fact recently. ,2025-05-10T03:19:47Z,1,MycologistPutrid7494,todayilearned,2025-05-25T17:44:11.458844Z
mrfwgh8,1kie3nc,reddit,Never once in my life have I heard blind people can't get schizophrenia. Who is hearing this myth?,2025-05-09T16:17:43Z,1,iDontRememberCorn,todayilearned,2025-05-25T17:44:11.458846Z
mrep0ql,1kie3nc,reddit,I thought masturbation was the cause of blindness and schizophrenia,2025-05-09T12:20:51Z,0,Inside_Expression441,todayilearned,2025-05-25T17:44:11.458848Z
mrfj7tt,1kie3nc,reddit,r/Antipsychiatry,2025-05-09T15:10:31Z,-2,unbutter-robot,todayilearned,2025-05-25T17:44:11.458851Z
mreguih,1kie3nc,reddit,"But Einstein said we don't use 90% of our brain, we swallow 7 spiders a year, and if I don't forward this message to 27 people I will have bad luck for 7 years!!


Lol I guess most of you still believe this stuff... Maybe the brain stuff isn't as wrong as I thought",2025-05-09T11:22:42Z,-5,LynxJesus,todayilearned,2025-05-25T17:44:11.458853Z
mr1sbtt,1kgv5qh,reddit,"I don't want to sound cheesy, but I think that's a really sweet gift.",2025-05-07T11:44:12Z,237,alwaysfatigued8787,todayilearned,2025-05-25T17:44:13.170893Z
mr1vebd,1kgv5qh,reddit,"Gee, I can’t imagine why the French people launched that revolution…",2025-05-07T12:05:20Z,181,Y34rZer0,todayilearned,2025-05-25T17:44:13.170897Z
mr2011d,1kgv5qh,reddit,Honestly it was just a fancy dairy.  Pre industrial dairy's used stone slabs and water to keep things cool.  The milk was poured into large bowls and placed on the cool slabs and given time for the cream to separate. I'm sure the king stopped by from time to time to taste stuff and see how the cheese was coming on.  I know I would.,2025-05-07T12:35:19Z,58,lotsanoodles,todayilearned,2025-05-25T17:44:13.170899Z
mr1xky8,1kgv5qh,reddit,And they wondered why the crown went bankrupt.,2025-05-07T12:19:49Z,13,Theonewho_hasspoken,todayilearned,2025-05-25T17:44:13.170901Z
mr2681u,1kgv5qh,reddit,"If you want to fascinate a lady, give her a piece of cheese…",2025-05-07T13:12:03Z,3,exegesis48,todayilearned,2025-05-25T17:44:13.170904Z
mr1ywqu,1kgv5qh,reddit,Let them eat cheesecake,2025-05-07T12:28:18Z,4,funwithdesign,todayilearned,2025-05-25T17:44:13.170906Z
mr1w461,1kgv5qh,reddit,"I expect she wasn’t overly fond, preferring the peace and quiet of the relatively modest Petit Trianon, far from the suspicious and gossipy Court and the hostile public.",2025-05-07T12:10:10Z,8,WhapXI,todayilearned,2025-05-25T17:44:13.170908Z
mr3wci7,1kgv5qh,reddit,"Quite a bit of environmental science went into making a dairy on your farm. 

The room was tiled with unglazed tiles; and had a cross breeze and was located on the north side to aid cooling. The floor would be covered with water, and the evaporation would cool the room further, in fact, it would be up to 15 degC cooler than ambient air.",2025-05-07T18:17:48Z,2,tanfj,todayilearned,2025-05-25T17:44:13.170910Z
mr1zn56,1kgv5qh,reddit,I Imagine the toilets there put in some work,2025-05-07T12:32:55Z,3,MittRominator,todayilearned,2025-05-25T17:44:13.170912Z
mr590fx,1kgv5qh,reddit,Get your lady a cheese temple.  Bitches *love* cheese temples.,2025-05-07T22:16:01Z,2,CMMiller89,todayilearned,2025-05-25T17:44:13.170914Z
mrci8md,1kgv5qh,reddit,Original Dairy Queen.,2025-05-09T01:22:02Z,1,77entropy,todayilearned,2025-05-25T17:44:13.170916Z
mr23lgh,1kgv5qh,reddit,you just know her farts smelled crazy,2025-05-07T12:56:50Z,-1,porican,todayilearned,2025-05-25T17:44:13.170918Z
mr3bnzm,1kgv5qh,reddit,"He had a whole fake village built so that she could role-play as a milk made during the day. Including actors and nobles in peasant. for some reason, she was really into milk and cheese.",2025-05-07T16:40:19Z,-1,Attack_the_sock,todayilearned,2025-05-25T17:44:13.170920Z
mr27kgt,1kgv5qh,reddit,Only cost him a head.,2025-05-07T13:19:38Z,0,TheRealGouki,todayilearned,2025-05-25T17:44:13.170922Z
mr4tn43,1kgv5qh,reddit,What was the outcome of his decadence? Remind you of anyone from today? Golden stroller? Gold everywhere?,2025-05-07T20:57:26Z,0,eru_dite,todayilearned,2025-05-25T17:44:13.170924Z
mr4e6fg,1kgv5qh,reddit,Every time I offer a girl to taste my milk she slaps me in the face... it's rough out here,2025-05-07T19:44:12Z,-1,sourisanon,todayilearned,2025-05-25T17:44:13.170926Z
mr7wj0f,1khlft2,reddit,"The cutting of shark fins are for shark fin soup ingredient. This sort of thing is extremely cruel to the animal and have severely endangered several species of sharks worldwide.

There are some nations that set up a rule where if you want to get shark fins, you have to capture and bring back the entire shark or get arrested for animal cruelty if you only have the fins.

But realistically, Shark Fin soup should be banned forever. A worldwide ban of Sharkfin soup should be implemented and restaurants should end the practice of serving shark fin soup.",2025-05-08T10:04:20Z,497,NIDORAX,todayilearned,2025-05-25T17:44:14.969307Z
mr7rrsq,1khlft2,reddit,[deleted],2025-05-08T09:16:03Z,25,N/A,todayilearned,2025-05-25T17:44:14.969315Z
mr7qkpv,1khlft2,reddit,I thought that was all sharks,2025-05-08T09:03:13Z,14,bmcgowan89,todayilearned,2025-05-25T17:44:14.969320Z
mr7sxtn,1khlft2,reddit,I hate humans,2025-05-08T09:28:22Z,58,kfudnapaa,todayilearned,2025-05-25T17:44:14.969324Z
mr8459q,1khlft2,reddit,"Woah, I thought OP was referring to *the fins.*

Here I was imagining that fins actually *had gills in them and had to keep moving through water to get oxygen or they'll die.*",2025-05-08T11:09:46Z,5,nsvxheIeuc3h2uddh3h1,todayilearned,2025-05-25T17:44:14.969328Z
mrb895l,1khlft2,reddit,"Even if the sharks didn't die due to suffocation, it'd still be horribly cruel to cut off their limbs and just throw them back into the water to die, it's not like they grow their fins back. Imitation shark fin soup is a thing, apparently the fins don't even taste like anything, but it seems that in traditional Chinese medicine, the more cruel you are to the animal, the more magical effects their meat has.",2025-05-08T20:54:42Z,6,Kycrio,todayilearned,2025-05-25T17:44:14.969331Z
mr9a1gh,1khlft2,reddit,Absolutely horrific. How can anyone doing this reconcile this behavior?,2025-05-08T15:12:43Z,9,oakomyr,todayilearned,2025-05-25T17:44:14.969335Z
mr83unp,1khlft2,reddit,"Unless I'm blind, nowhere in the linked article does it mention fin removal. It's just an article about how most sharks can breathe when not moving, but a few species can't.",2025-05-08T11:07:26Z,9,danivus,todayilearned,2025-05-25T17:44:14.969339Z
mr7ufoq,1khlft2,reddit,R.I.P. rob stewart :(,2025-05-08T09:43:44Z,4,CanadasManyMeeses,todayilearned,2025-05-25T17:44:14.969343Z
mr8ayvx,1khlft2,reddit,The bootstrap bill Turner way to go.,2025-05-08T11:58:51Z,2,DangerNoodle1993,todayilearned,2025-05-25T17:44:14.969347Z
mr8s6jw,1khlft2,reddit,"The fins are used in a dish called shark fin soup. 

It's a delicacy traditionally served at weddings and banquets in China, Taiwan and Southeast Asia.",2025-05-08T13:42:49Z,1,scooterboy1961,todayilearned,2025-05-25T17:44:14.969350Z
mr9yul8,1khlft2,reddit,"You just learned that fish that can't swim will suffocate?


What exactly did you think would happen?",2025-05-08T17:13:09Z,-2,asisoid,todayilearned,2025-05-25T17:44:14.969355Z
mra4psg,1khlft2,reddit,[deleted],2025-05-08T17:41:21Z,0,N/A,todayilearned,2025-05-25T17:44:14.969358Z
mran5nd,1khlft2,reddit,[Relevant Jenny Jinya](https://lovingreaper.com/media_gallery/last-ride),2025-05-08T19:10:50Z,0,gearstars,todayilearned,2025-05-25T17:44:14.969362Z
mrctkk2,1khlft2,reddit,So cruel.,2025-05-09T02:32:51Z,0,Initial_Ad_4431,todayilearned,2025-05-25T17:44:14.969366Z
mrdpype,1khlft2,reddit,"I think the detail that's missing is that without fins they can't coordinate their swimming and can't stay upright, so it causes them to eventually drown from lack of oxygen",2025-05-09T06:56:43Z,0,gudanawiri,todayilearned,2025-05-25T17:44:14.969370Z
mrbg45y,1khlft2,reddit,"It’s possibly worse than that.

Without fins, they’ll sink down, and many probably point down due to their body being “fatter” toward the chest and head end.

This means they WOULD get oxygen flowing over their gills… as they sink straight down. Until the pressure eventually crushes them.",2025-05-08T21:35:30Z,-2,UnknownQTY,todayilearned,2025-05-25T17:44:14.969374Z
mr8014n,1khlft2,reddit,To be fair that sounds like a much more bearable death than the alternative of not suffocating,2025-05-08T10:36:27Z,-13,N/A,todayilearned,2025-05-25T17:44:14.969377Z
mtqx8xd,1kt59m3,reddit,"Lots of defunct laws still ""on the books"".",2025-05-22T23:50:55Z,152,erksplat,todayilearned,2025-05-25T17:44:16.243324Z
mtrgeel,1kt59m3,reddit,"this is actually a really interesting one.


the state did that because the federal congress refused to admit any slave or free states, afraid it would disrupt the balance.

Oregon Country was getting flooded by British citizens from Canada, as the Brits were trying to claim Oregon and Washington as their territory.


so the US Citizens in Oregon found a way to get admitted to the Union, by declaring Oregon a state NO black people could be in.

it isnt a free state since slaves cant run there.

and it isnt a slave state because no slaves are allowed to enter. 


Congress (and President Polk) gave Oregon the go ahead to proceed with its constitutional convention. the Congress approved the state constitution, and 2 years before the civil war, Oregon became one of the last states admitted to the union before the outbreak of hostilities.

Oregon ended up sending 2 cavalry units to support the Union in the Civil war, but by the time they made it all the way back east, the war was over and they had to turn around and ride all the way home


Oregon Country is a super fucking interesting part of American History that kinda gets lumped into a single club. in reality it was an agreement between Russia, the British Empire, and the United States to share the territory between all 3 nations, creating a literal DMZ where no nation could field an army. they could protect settlements with local milita, but no army regulars could be in Oregon Country.

and instantly, all 3 nations secretly started pushing citizens into it, hoping they could become the Majority and claim the land for themselves via the time honored ""more of us than there are of you."" Russia was literally sending in troops dressed as civilians because they were struggling to move people from western Russia halfway across the globe to settle Oregon.


this created a really interesting part of short lived history in Oregon, where the 3 powers were using native Americans tribes to war with each others native american tribes. Basically early proxy wars. the brits would have the Clatsop tribe raid Russian settlements and kill the settlers. so the Russians would pay the Klickitat tribe to do the same to a britsh fur trading settlement. so the British would then pay the Nehalem people to wipe out the Klichitat tribe to punish the russians by taking their war tribe.

President Polk was aware of this. and made Oregon Country the entire center of his presidency, declaring it will become US territory before 1860.

and he was correct. but without Polk and without ""No Blacks Allowed"", Oregon, Washington, and Montana would probably be Canadian, or possibly a small independent Commonwealth nation. we might have even seen the British occupy Oregon Country at the outbreak of the Civil War, because WTF was the US gonna do about it? it had bigger issues.",2025-05-23T01:45:50Z,81,unfinishedtoast3,todayilearned,2025-05-25T17:44:16.243328Z
mtr48lg,1kt59m3,reddit,Take a look at the ethnic makeup of modern oregon- especially if you discount the portland metropolitan area- and tell me that ban wasn't still being actively enforced after 1868.,2025-05-23T00:32:53Z,36,SN4FUS,todayilearned,2025-05-25T17:44:16.243330Z
mtsxza7,1kt59m3,reddit,I’ve met plenty of eastern Oregonians who still like to enforce this in their own way,2025-05-23T08:56:10Z,3,Xuthltan,todayilearned,2025-05-25T17:44:16.243332Z
mtsb7q7,1kt59m3,reddit,It was also in the State Constitution until 1988. Former Oregonian here,2025-05-23T05:19:49Z,2,PoopieButt317,todayilearned,2025-05-25T17:44:16.243335Z
mtuer4g,1kt59m3,reddit,The city I grew up with had a law on the books stating black people weren’t allowed on the streets after dark when I was in high school in 2003.,2025-05-23T14:49:45Z,2,annaleigh13,todayilearned,2025-05-25T17:44:16.243337Z
mtquq5e,1kt59m3,reddit,[deleted],2025-05-22T23:36:27Z,-16,N/A,todayilearned,2025-05-25T17:44:16.243339Z
mtqyfi8,1kt59m3,reddit,[deleted],2025-05-22T23:57:49Z,-19,N/A,todayilearned,2025-05-25T17:44:16.243341Z
mr8wolg,1khqtfc,reddit,[removed],2025-05-08T14:06:32Z,149,N/A,todayilearned,2025-05-25T17:44:17.313892Z
mr8whgn,1khqtfc,reddit,"Notice the line of optocouplers. The microcontroller not only controlled the gauge cluster, it also was the only microcontroller on the entire ""car"", responsible for translating throttle inputs into inputs for the inverter and then the motor! This meant that if this gauge cluster failed, the ""car"" would not drive at all, or worse, burn the battery.",2025-05-08T14:05:30Z,82,zahrul3,todayilearned,2025-05-25T17:44:17.313900Z
mr8xnck,1khqtfc,reddit,Ford’s in the business of selling cars. What happens after that is your problem.,2025-05-08T14:11:28Z,24,Angry_Robot,todayilearned,2025-05-25T17:44:17.313904Z
mr91m88,1khqtfc,reddit,Mercedes thought about it and loved the idea and implemented it successfully. Have seen so many of them parked on the side of the freeway.,2025-05-08T14:31:18Z,8,jaldihaldi,todayilearned,2025-05-25T17:44:17.313907Z
mr8vx3d,1khqtfc,reddit,That also happened to the Ford focus,2025-05-08T14:02:31Z,7,Jashugita,todayilearned,2025-05-25T17:44:17.313910Z
mr94ek3,1khqtfc,reddit,I guess they didn't... *think* it through.,2025-05-08T14:45:05Z,2,MysteryRadish,todayilearned,2025-05-25T17:44:17.313914Z
mr9n6uw,1khqtfc,reddit,"These basically amounted to fancy electric golf carts, and it didn't 'brick' the entire vehicle. Like most powersports and utility vehicles, the ECU is in the cluster, and when the cluster fails, the vehicle won't work. Ford issued a service bulletin, and replacing the cluster fixed it. This article is mostly just about rebuilding old units, as OEM replacements are basically unobtainium. 

I had to drive things things, and they're honestly pretty fun, although slow.",2025-05-08T16:16:33Z,3,airfryerfuntime,todayilearned,2025-05-25T17:44:17.313918Z
mr8xnvy,1khqtfc,reddit,"Ford: found on roadside, dead.",2025-05-08T14:11:33Z,5,Competitive-Bug-7097,todayilearned,2025-05-25T17:44:17.313922Z
mr91jl0,1khqtfc,reddit,On brand for Ford,2025-05-08T14:30:56Z,2,clonetrooper250,todayilearned,2025-05-25T17:44:17.313926Z
mr8xvz4,1khqtfc,reddit,"Ford: *Our trucks will never be topped, but a golf cart is too hard.*",2025-05-08T14:12:41Z,3,Apprehensive-Fun4181,todayilearned,2025-05-25T17:44:17.313931Z
mr958vl,1khqtfc,reddit,Norway also produced a Think electric car. Still see them around here fairly frequently.,2025-05-08T14:49:12Z,1,beirch,todayilearned,2025-05-25T17:44:17.313935Z
mr9e68u,1khqtfc,reddit,"Just wait until some hacker figures out how to remotely brick modern EVs. 

Or EV makers start remotely turning off customer's cars because they missed a subscription payment.",2025-05-08T15:32:49Z,1,NickDanger3di,todayilearned,2025-05-25T17:44:17.313939Z
mrbah31,1khqtfc,reddit,">were prone to an instrument cluster failure which would also brick the entire vehicle.

So, kind of like every other EV still to this day.",2025-05-08T21:05:48Z,1,Asleep_Onion,todayilearned,2025-05-25T17:44:17.313943Z
mrbssci,1khqtfc,reddit,"Oh, a proto-Tesla.",2025-05-08T22:47:14Z,1,JosephFinn,todayilearned,2025-05-25T17:44:17.313947Z
mr91fsa,1khqtfc,reddit,"When it comes automobiles, the Japanese know what they're doing.

Now for motorcycles, it's the british.",2025-05-08T14:30:24Z,0,BitOfaPickle1AD,todayilearned,2025-05-25T17:44:17.313951Z
mr98q8y,1khqtfc,reddit,What's the difference compared to modern cars with a central tablet controlling everything?,2025-05-08T15:06:18Z,0,grumpy_autist,todayilearned,2025-05-25T17:44:17.313955Z
mr8xtkj,1khqtfc,reddit,This is what we had for EV options before Tesla.,2025-05-08T14:12:20Z,-11,rmttw,todayilearned,2025-05-25T17:44:17.313959Z
mr9bbnc,1khqtfc,reddit,It was a Ford? ‘Nuf said.,2025-05-08T15:19:01Z,-1,ColumbusMark,todayilearned,2025-05-25T17:44:17.313963Z
mraa0cp,1khqtfc,reddit,So that is where tesla got the idea. ,2025-05-08T18:06:28Z,-1,KingofLingerie,todayilearned,2025-05-25T17:44:17.313967Z
mr0bfg9,1kgnp9o,reddit,Thank God they didn't have the AI we have now. ,2025-05-07T03:44:52Z,212,yohosse,todayilearned,2025-05-25T17:44:20.505554Z
mr0adyy,1kgnp9o,reddit,“Sodom Hussein is coming”,2025-05-07T03:37:42Z,315,N/A,todayilearned,2025-05-25T17:44:20.505570Z
mr0bivl,1kgnp9o,reddit,"""Goddam it john.

This is the 11th time you suggested an operation thats you making a sex tape""",2025-05-07T03:45:32Z,164,An0d0sTwitch,todayilearned,2025-05-25T17:44:20.505583Z
mr0bw39,1kgnp9o,reddit,"“Yeah, I got a WMD. Wildly Massive Dick.”",2025-05-07T03:48:06Z,54,Jsmith0730,todayilearned,2025-05-25T17:44:20.505594Z
mr09inz,1kgnp9o,reddit,Pass the eye bleach.,2025-05-07T03:31:43Z,22,doublestitch,todayilearned,2025-05-25T17:44:20.505604Z
mr0a7dq,1kgnp9o,reddit,So. Much. Hair.,2025-05-07T03:36:26Z,13,GosynTrading,todayilearned,2025-05-25T17:44:20.505616Z
mr0orsr,1kgnp9o,reddit,"The CIA literally did this to the Elected Socialist President Sukarno. He reportedly loved it and would show it off.

Eventually, the CIA couped him & replaced him with the Fascist Suharto.",2025-05-07T05:28:36Z,30,TheAdeptOne,todayilearned,2025-05-25T17:44:20.505628Z
mr0fxr9,1kgnp9o,reddit,I can't even imagine the shit they are plotting at the moment,2025-05-07T04:16:48Z,11,DigitalMunkey,todayilearned,2025-05-25T17:44:20.505639Z
mr0w9et,1kgnp9o,reddit,South Park already did that.,2025-05-07T06:38:31Z,10,Vinura,todayilearned,2025-05-25T17:44:20.505649Z
mr0b24p,1kgnp9o,reddit,"Two camels, one Saddam",2025-05-07T03:42:21Z,18,CapitanianExtinction,todayilearned,2025-05-25T17:44:20.505660Z
mr0i9po,1kgnp9o,reddit,I remember the article about the KGB trying it on the late Indonesian President - [link](https://www.reddit.com/r/AskHistorians/s/4LYjZ9p6iJ),2025-05-07T04:34:30Z,16,falsevector,todayilearned,2025-05-25T17:44:20.505669Z
mr0giia,1kgnp9o,reddit,The more true stories I hear about the CIA the harder it becomes to dismiss the conspiracy theories,2025-05-07T04:21:00Z,8,DopioGelato,todayilearned,2025-05-25T17:44:20.505675Z
mr0elsb,1kgnp9o,reddit,Saddam's Hole isn't just the name of the place he was hiding.,2025-05-07T04:07:14Z,6,evmcdev,todayilearned,2025-05-25T17:44:20.505681Z
mr0ypro,1kgnp9o,reddit,Cia really is a throw everything at the wall and see what sticks kinda place,2025-05-07T07:02:39Z,4,Killbillydelux,todayilearned,2025-05-25T17:44:20.505688Z
mr1ua6i,1kgnp9o,reddit,"I think, you know CIA if you’re watching, I’d be an excellent addition to whatever unit comes up with ideas like this. Honestly, I’d be great at it. Sleazy forms of discrediting people - I could cook with that.",2025-05-07T11:57:46Z,3,Just-A-Thoughts,todayilearned,2025-05-25T17:44:20.505695Z
mr0b2yn,1kgnp9o,reddit,The Sodomizing of Hussein ,2025-05-07T03:42:30Z,7,VirgoDog,todayilearned,2025-05-25T17:44:20.505701Z
mr0fuq5,1kgnp9o,reddit,"For what? They didnt think they had enough real dirt to make people think ""hey maybe this Saddam fella isnt a great guy""",2025-05-07T04:16:12Z,3,cheapseats91,todayilearned,2025-05-25T17:44:20.505707Z
mr0hz4v,1kgnp9o,reddit,I bet the one agent who kinda looks like Sadam floated the idea,2025-05-07T04:32:11Z,3,omicron8,todayilearned,2025-05-25T17:44:20.505714Z
mr1v77d,1kgnp9o,reddit,"Am willing to bet that in this case, the *fact* of his private sex life would have been much much stranger than any fiction the CIA could have produced.  

I can picture him watching it and laughing, like, is that the best you can do? Lol",2025-05-07T12:04:00Z,3,dicky_seamus_614,todayilearned,2025-05-25T17:44:20.505721Z
mr0b0zq,1kgnp9o,reddit,So they made a real one instead?,2025-05-07T03:42:07Z,4,MisunderstoodBadger1,todayilearned,2025-05-25T17:44:20.505728Z
mr0vj6i,1kgnp9o,reddit,I’d be much more impressed if they made a real sex tape with Saddam.,2025-05-07T06:31:22Z,2,easyline0601,todayilearned,2025-05-25T17:44:20.505734Z
mr0xtcz,1kgnp9o,reddit,"Al qaeda nights: the hussein sex-tories


Weapons of mass destruction 

•points to crotch•",2025-05-07T06:53:42Z,2,qqby6482,todayilearned,2025-05-25T17:44:20.505741Z
mr11o8j,1kgnp9o,reddit,Ron Jeremy would have to cut his hair a bit and that’s it,2025-05-07T07:32:59Z,2,HellBlazeSRB,todayilearned,2025-05-25T17:44:20.505747Z
mr0crwl,1kgnp9o,reddit,"they can still do it

if only for the lolz",2025-05-07T03:54:20Z,2,FACastello,todayilearned,2025-05-25T17:44:20.505754Z
mr0afw5,1kgnp9o,reddit,I’d have to see the script before I can form an opinion.,2025-05-07T03:38:03Z,3,eponymic,todayilearned,2025-05-25T17:44:20.505760Z
mr0cwun,1kgnp9o,reddit,"That meme with the blonde girl and the five guys but it's Saddam, Gaddafi, Ayatollah Khameni, Kim Jong Il, and Fidel Castro",2025-05-07T03:55:16Z,2,mc_freedom,todayilearned,2025-05-25T17:44:20.505767Z
mr09r9c,1kgnp9o,reddit,"Honestly I wouldn't put it past these guys. Seeing as that they've done this before to little to no effect.

Well, in this case Saddam saw himself as the incarnation of a god. Anyways I see some parallels of this guy in someone else more recently today. Honestly it feels like the world is going to hell these days again. We live in the most peaceful times. Where nothing changes and often, nothing is done.",2025-05-07T03:33:19Z,1,SteelMarch,todayilearned,2025-05-25T17:44:20.505773Z
mr0c0av,1kgnp9o,reddit,Was the real one not good enough?,2025-05-07T03:48:57Z,1,BigBeeOhBee,todayilearned,2025-05-25T17:44:20.505780Z
mr0cg1d,1kgnp9o,reddit,My what a big WMD you have,2025-05-07T03:52:03Z,1,Clear_Lead,todayilearned,2025-05-25T17:44:20.505786Z
mr0curc,1kgnp9o,reddit,I thought this was general knowledge,2025-05-07T03:54:52Z,1,Dry-Membership3867,todayilearned,2025-05-25T17:44:20.505793Z
mr0envt,1kgnp9o,reddit,One Night in Saddam,2025-05-07T04:07:39Z,1,trailerparknoize,todayilearned,2025-05-25T17:44:20.505800Z
mr0faqf,1kgnp9o,reddit,"This should totally negative the tape Putin has on Krasnov, right?",2025-05-07T04:12:14Z,1,flushed_nuts,todayilearned,2025-05-25T17:44:20.505806Z
mr0fiyf,1kgnp9o,reddit,"Saddam Saddam, but different",2025-05-07T04:13:49Z,1,ElectricYFronts,todayilearned,2025-05-25T17:44:20.505813Z
mr0fo02,1kgnp9o,reddit,And now those fuckers are working for Trump.,2025-05-07T04:14:51Z,1,Coondiggety,todayilearned,2025-05-25T17:44:20.505820Z
mr0g2rc,1kgnp9o,reddit,Eww,2025-05-07T04:17:48Z,1,datweirdguy1,todayilearned,2025-05-25T17:44:20.505826Z
mr0g7vq,1kgnp9o,reddit,Is that a Scud missile in your pocket or are you just happy to see me Saddam?,2025-05-07T04:18:48Z,1,nelly2929,todayilearned,2025-05-25T17:44:20.505833Z
mr0ga0l,1kgnp9o,reddit,really doing who/what...a camel??,2025-05-07T04:19:15Z,1,TranslatorNo5102,todayilearned,2025-05-25T17:44:20.505839Z
mr0h2r0,1kgnp9o,reddit,"""Ooooo, it's so big! I guess you didn't have weapons of mass destruction, only one of ass destruction!""",2025-05-07T04:25:13Z,1,Wakkit1988,todayilearned,2025-05-25T17:44:20.505846Z
mr0h5aa,1kgnp9o,reddit,They steal all my good ideas.,2025-05-07T04:25:46Z,1,Metals4J,todayilearned,2025-05-25T17:44:20.505853Z
mr0h5db,1kgnp9o,reddit,Where would they have found the goat?,2025-05-07T04:25:47Z,1,n7mb4r5,todayilearned,2025-05-25T17:44:20.505859Z
mr0hdv6,1kgnp9o,reddit,I'm sure if they realased it it would have damaged his pristine reputation ,2025-05-07T04:27:37Z,1,Festering-Fecal,todayilearned,2025-05-25T17:44:20.505866Z
mr0irmj,1kgnp9o,reddit,This was after his photoshopped revealing dress “whoopsie” car exit  leaks failed,2025-05-07T04:38:25Z,1,Deluxe78,todayilearned,2025-05-25T17:44:20.505873Z
mr0jimy,1kgnp9o,reddit,"Didn't the CIA train and give money to Osama Bin Laden, back in the 90s...",2025-05-07T04:44:22Z,1,N/A,todayilearned,2025-05-25T17:44:20.505879Z
mr0ktot,1kgnp9o,reddit,Wouldn’t be the first time,2025-05-07T04:55:03Z,1,CIA-pizza-party,todayilearned,2025-05-25T17:44:20.505885Z
mr0l1xb,1kgnp9o,reddit,I've always wondered if that story of the porn videos on the Bin Laden hard drives was a bit of a Psy Op.,2025-05-07T04:56:58Z,1,SomeDumbHuman,todayilearned,2025-05-25T17:44:20.505892Z
mr0li0m,1kgnp9o,reddit,I mean south park already did it,2025-05-07T05:00:39Z,1,Cooler67,todayilearned,2025-05-25T17:44:20.505898Z
mr0lpcl,1kgnp9o,reddit,That is very in tune with what the CIA does,2025-05-07T05:02:20Z,1,Storm_Chaser06,todayilearned,2025-05-25T17:44:20.505905Z
mr0mrvs,1kgnp9o,reddit,TIL the CIA are cowards,2025-05-07T05:11:22Z,1,OrochiKarnov,todayilearned,2025-05-25T17:44:20.505911Z
mr0rpge,1kgnp9o,reddit,“Hot Shots”,2025-05-07T05:55:05Z,1,Uuulalalala,todayilearned,2025-05-25T17:44:20.505918Z
mr0vo64,1kgnp9o,reddit,A fake sex tape? A real one would have been better.,2025-05-07T06:32:45Z,1,whizzdome,todayilearned,2025-05-25T17:44:20.505925Z
mr0z8hz,1kgnp9o,reddit,They never got around to faking the Trump pee tape either,2025-05-07T07:07:54Z,1,ZaggahZiggler,todayilearned,2025-05-25T17:44:20.505931Z
mr10knj,1kgnp9o,reddit,">.""An attempt to ""mount such a campaign would show a total misunderstanding of the target.""

There is a long tradition of this among US intelligence.",2025-05-07T07:21:31Z,1,waldo--pepper,todayilearned,2025-05-25T17:44:20.505937Z
mr11cex,1kgnp9o,reddit,They also at least considered putting him back in power at one point.,2025-05-07T07:29:33Z,1,Dark_Foggy_Evenings,todayilearned,2025-05-25T17:44:20.505944Z
mr1aic1,1kgnp9o,reddit,Couldn't get him to go to Epstein Island of his own volition?,2025-05-07T09:07:00Z,1,Whywontwewalk,todayilearned,2025-05-25T17:44:20.505950Z
mr1ga6d,1kgnp9o,reddit,"If it wasn’t going to have “My Pony” playing in the background, would it have even counted as a sex tape?",2025-05-07T10:06:24Z,1,mdm168,todayilearned,2025-05-25T17:44:20.505957Z
mr1h51m,1kgnp9o,reddit,"Well, he did have rape rooms where he tortured and abused women in his mansion",2025-05-07T10:14:36Z,1,vroart,todayilearned,2025-05-25T17:44:20.505963Z
mr1juts,1kgnp9o,reddit,"Imagine being ""that guy"" in the CIA meetings.  

""Come on guys, no ideas are dumb,  except Jeff's.""",2025-05-07T10:38:59Z,1,lightknight7777,todayilearned,2025-05-25T17:44:20.505970Z
mr2ddmh,1kgnp9o,reddit,"""Girl, I'm about to gas you like I did thousands of Kurds"" (proceeds to farther in her face while masturbating to a picture of himself). - Saddam Hussein",2025-05-07T13:51:36Z,1,turbo_gh0st,todayilearned,2025-05-25T17:44:20.505976Z
mr2p150,1kgnp9o,reddit,They did. It's called South Park : Longer Bigger and Uncut,2025-05-07T14:50:41Z,1,BenjiSBRK,todayilearned,2025-05-25T17:44:20.505983Z
mr2t52k,1kgnp9o,reddit,"Wait, they didn't??
Then what the hell did I just watch?!",2025-05-07T15:10:43Z,1,U_Kitten_Me,todayilearned,2025-05-25T17:44:20.505989Z
mr2v9np,1kgnp9o,reddit,"not for propaganda actually, we just thought it might be hot",2025-05-07T15:20:56Z,1,teffflon,todayilearned,2025-05-25T17:44:20.505995Z
mr2ww5q,1kgnp9o,reddit,The way the Paris Hilton tape hit they are lucky they passed.,2025-05-07T15:28:42Z,1,Msanborn8087,todayilearned,2025-05-25T17:44:20.506002Z
mr3jmf6,1kgnp9o,reddit,On a serious note...if you have to make up the bad things your enemy has done maybe they aren't your enemy.?,2025-05-07T17:18:04Z,1,mileswilliams,todayilearned,2025-05-25T17:44:20.506008Z
mr3twk5,1kgnp9o,reddit,"In an honor/shame culture, loss of face is a big thing, which is likely why they gave this some thought.",2025-05-07T18:06:13Z,1,ChapBob,todayilearned,2025-05-25T17:44:20.506014Z
mr3urkf,1kgnp9o,reddit,">Showing Saddam cavorting with young boys ""would have no resonance in the Middle East,"" which is more tolerant of homosexuality than the West.

What a joke of an article.",2025-05-07T18:10:18Z,1,spaceraingame,todayilearned,2025-05-25T17:44:20.506021Z
mr3xoyh,1kgnp9o,reddit,Most standard CIA shenanigans,2025-05-07T18:24:19Z,1,GoodTato,todayilearned,2025-05-25T17:44:20.506027Z
mr43izw,1kgnp9o,reddit,Toebangers 3.,2025-05-07T18:52:23Z,1,Oderus_Scumdog,todayilearned,2025-05-25T17:44:20.506034Z
mr4b63i,1kgnp9o,reddit,"You know they would’ve gone full humiliation mode, and gave him a tiny weiner and lopsided balls",2025-05-07T19:29:31Z,1,brwnwzrd,todayilearned,2025-05-25T17:44:20.506040Z
mr53b4z,1kgnp9o,reddit,"“considered”, “fake”",2025-05-07T21:45:24Z,1,jenkem___,todayilearned,2025-05-25T17:44:20.506046Z
mr5k46h,1kgnp9o,reddit,In the Bush.,2025-05-07T23:18:59Z,1,StinkyBeardThePirate,todayilearned,2025-05-25T17:44:20.506053Z
mr60vtu,1kgnp9o,reddit,"Barry Zuckerkorn: Those are the pictures?     

Wayne Jarvis: They're all over the news.     

Barry Zuckerkorn: Those are balls.     

Wayne Jarvis: What?     

Barry Zuckerkorn: This close, they always look like landscape. But nope, you're looking at balls.",2025-05-08T00:56:07Z,1,ohverygood,todayilearned,2025-05-25T17:44:20.506059Z
mr6a56d,1kgnp9o,reddit,And they were going to title it **I Love Saddamy**.,2025-05-08T01:48:28Z,1,ZorroMeansFox,todayilearned,2025-05-25T17:44:20.506066Z
mrcbdmv,1kgnp9o,reddit,Considering that Saddam authored romance novels I’m sure he would have been proud.,2025-05-09T00:39:51Z,1,GeorgeStamper,todayilearned,2025-05-25T17:44:20.506072Z
mrj37n6,1kgnp9o,reddit,Who’d care?,2025-05-10T03:03:07Z,1,LadybugGirltheFirst,todayilearned,2025-05-25T17:44:20.506079Z
mr0aabq,1kgnp9o,reddit,He was a monster.  They should have faked women pegging him with strap ons.,2025-05-07T03:37:00Z,0,Caninetrainer,todayilearned,2025-05-25T17:44:20.506086Z
mr0b46d,1kgnp9o,reddit,Can't be worse than what his son's [Uday and Qusay were up to in Iraq.](https://www.theguardian.com/world/2003/jul/23/iraq.suzannegoldenberg),2025-05-07T03:42:44Z,1,canvanman69,todayilearned,2025-05-25T17:44:20.506092Z
mr0am1r,1kgnp9o,reddit,"Keeping up with the Ba'ath Party > Keeping up with the Kardashians.

I think Uday would have been the breakout star.",2025-05-07T03:39:13Z,0,mattzeni,todayilearned,2025-05-25T17:44:20.506099Z
mr0be8m,1kgnp9o,reddit,"Huh? His real story is bad enough. Ex rent boy who later had all his clients murdered.

According to a friend of mine who knew him.",2025-05-07T03:44:38Z,0,Resident_Company2113,todayilearned,2025-05-25T17:44:20.506105Z
mr0gbp8,1kgnp9o,reddit,Missed opportunity,2025-05-07T04:19:35Z,0,Southern_Housing1263,todayilearned,2025-05-25T17:44:20.506112Z
mr0s2jg,1kgnp9o,reddit,It wasn’t even a novel idea for them. The CIA actually did it against the Prime Minister of Indonesia in the 60s,2025-05-07T05:58:28Z,0,spylan,todayilearned,2025-05-25T17:44:20.506119Z
mr0a28y,1kgnp9o,reddit,"I really hope the name of it was ""hiding in a dirt hole"" or something equally juevenial.",2025-05-07T03:35:26Z,-1,adibbs,todayilearned,2025-05-25T17:44:20.506125Z
mraxrtd,1khzbre,reddit,"This Machiavelli sure sounds like a smooth political operator, he should write a book or something.",2025-05-08T20:03:15Z,271,Lurching,todayilearned,2025-05-25T17:44:21.534589Z
mrauwd0,1khzbre,reddit,"the source link is all of diplomatic correspondance from the period trnslated in english you can check out the entire process and all the machinations and scheming he was privy to. He beigns his reports unsure of who's going to get elected, and later at one point he was reporting Della Rovore's support at 60% and it rose to 90 just before his election. This is the letter when he reports on getting the news, obvilously from a spy, in the middle of the night:

>Magnificent Signori: —
>My last was of the 30th of October, and was sent through the Del Bene; amongst other things, I wrote you what the general opinion here is respecting the new Pope, and that the Cardinals were to go into conclave on the following day. The belief that San Pietro in Vincola will be chosen has grown to that degree, that before the closing of the conclave they conceded to him ninety per cent of the votes; for it had become known that his two most influential opponents, who were likely to prevent his election, had become reconciled to him. These were the Cardinal d’Amboise and the Spanish Cardinals, friends of the Duke, who have all changed in his favor. The reason why the Cardinal d’Amboise has thus changed is said to be that his suspicions were excited against the Cardinal Ascanio, and because it had been demonstrated to him that they could not make a Pope who would more effectually deprive Ascanio of all influence than San Pietro in Vincola, who had always looked upon Ascanio as an enemy. But as to the Spanish Cardinals and the Duke Valentino, it is easy to conjecture the influences to which they have yielded; which are that the latter needs to be re-established, and the former want to be enriched. If this has really been the way, then we shall know it better in the course of the day. 

>In short, San Pietro in Vincola will have known how to employ the means of persuasion better than the others, if he should be made Pope, which may now be looked upon as certain. For at this very moment, it being the eighth hour of the night, at the very turn of the 1st of November, a servant of the Cardinal San Pietro in Vincola comes into my chamber, just from the palace, and tells me that the conclavist of that Cardinal had received five notes, one after the other, from the Cardinal San Pietro, informing him of the unanimity of the Cardinals to make him Pope; notwithstanding that at the beginning it was understood that there were seven Cardinals in favor of Santa Prassede, and that foremost amongst these was Ascanio. He told me further that the last of these notes directed him to despatch this news to Savona and to Sinigaglia, and that the new Pope had taken the name of Julius II., and that couriers had been despatched with the news. 

>These events, and many others that succeed each other from one moment to another, well merit being communicated to you by express; but I have no orders to that effect from your Lordships, nor am I authorized to incur such an expense; and during the night I can neither send nor go myself to inquire whether any one else is despatching a courier to Florence, for it is not safe to venture out at night here. The individual that came here from the palace was escorted by twenty armed men. I shall therefore wait for daylight, and if I then find any one who will take my letter I shall send it, and shall then also be able to give you more certain information. And by way of excusing myself once for all, I would say that your Lordships will observe that I write daily; but as to sending off my letters, I must avail myself of such opportunities as others afford me.

>Bene valete!
>Niccolo Machiavelli.

*San Pietro in Vincola means Cardinal of San Pietro in Vincola, which was Giuliano Della Rovore(Pope Julius II)",2025-05-08T19:49:15Z,61,Ainsley-Sorsby,todayilearned,2025-05-25T17:44:21.534593Z
mrclfta,1khzbre,reddit,"I thought you called the Chancellery, the Chantry. And I was taken aback. Now sad.",2025-05-09T01:41:56Z,2,animal1988,todayilearned,2025-05-25T17:44:21.534595Z
mraygxj,1khzbre,reddit,I love how the karma bots are doubling down on pope content,2025-05-08T20:06:44Z,-24,DusqRunner,todayilearned,2025-05-25T17:44:21.534598Z
mrav604,1khzbre,reddit,[deleted],2025-05-08T19:50:32Z,-3,N/A,todayilearned,2025-05-25T17:44:21.534600Z
mswy370,1kpd6fk,reddit,Sister Act III,2025-05-18T06:17:56Z,558,Brigadius,todayilearned,2025-05-25T17:44:23.210905Z
mswxtym,1kpd6fk,reddit,"Funny that countries in Africa, Asia and Australia are eligible, but Lichtenstein isn't",2025-05-18T06:15:20Z,165,suvlub,todayilearned,2025-05-25T17:44:23.210910Z
mswxq42,1kpd6fk,reddit,They've gotta send their Gregorian chant choirs there.,2025-05-18T06:14:17Z,114,xar987,todayilearned,2025-05-25T17:44:23.210912Z
mswz5kn,1kpd6fk,reddit,"The Vatican doesn't enter Eurovision because it has it's own music contest: top of the popes. Recent winners include ""white smoke on the water"" ""holy see you again"" and ""I can't zucchetto satisfaction""  ",2025-05-18T06:28:44Z,360,Super_Basket9143,todayilearned,2025-05-25T17:44:23.210914Z
mswxlmv,1kpd6fk,reddit,"Will the next Pope please stand up?

We're gonna have a problem here\~",2025-05-18T06:13:03Z,31,taisui,todayilearned,2025-05-25T17:44:23.210917Z
msx26vw,1kpd6fk,reddit,Yes please.....yes. A Cardinal boy band is what we've all been missing,2025-05-18T06:59:24Z,23,Crafty_Example_4563,todayilearned,2025-05-25T17:44:23.210919Z
msx4doo,1kpd6fk,reddit,Surely there's enough talent among the Swiss Guard to get a band together.....,2025-05-18T07:21:56Z,24,flodnak,todayilearned,2025-05-25T17:44:23.210921Z
msx7ry2,1kpd6fk,reddit,That would be another 12 points to Italy from the judges ala San Marino.,2025-05-18T07:57:15Z,17,Basketball312,todayilearned,2025-05-25T17:44:23.210923Z
msx1i8k,1kpd6fk,reddit,My Lovely Horse 2?,2025-05-18T06:52:30Z,40,Loop__Garou,todayilearned,2025-05-25T17:44:23.210925Z
msx756k,1kpd6fk,reddit,"Been there done that 

https://youtu.be/jzYzVMcgWhg?feature=shared",2025-05-18T07:50:47Z,11,BolivianDancer,todayilearned,2025-05-25T17:44:23.210928Z
msxb532,1kpd6fk,reddit,"I know that the songs have to be original (or at least within the last six months, San Marino, you goddamn hacks) but like, I want to see the Pope turn up and just do Rap God, that would win on novelty alone.",2025-05-18T08:32:44Z,10,JPHutchy01,todayilearned,2025-05-25T17:44:23.210930Z
mswyyoj,1kpd6fk,reddit,"They should sent Ghost, those guys got the clothing down already",2025-05-18T06:26:45Z,6,Shadygunz,todayilearned,2025-05-25T17:44:23.210932Z
msx5aem,1kpd6fk,reddit,Epic Sax Pope,2025-05-18T07:31:28Z,6,Coldcow,todayilearned,2025-05-25T17:44:23.210934Z
msxdtvx,1kpd6fk,reddit,Now’s the time for My Lovely Horse!,2025-05-18T09:01:00Z,4,InTheFDN,todayilearned,2025-05-25T17:44:23.210936Z
msxhy0s,1kpd6fk,reddit,Why wouldn’t be when Australia and Isreal are? At least it’s in Europe.,2025-05-18T09:44:56Z,5,Swimming_Ad_1250,todayilearned,2025-05-25T17:44:23.210938Z
msxef0i,1kpd6fk,reddit,STRYPER FOR EUROVISION,2025-05-18T09:07:15Z,5,edgiepower,todayilearned,2025-05-25T17:44:23.210941Z
msxq1dl,1kpd6fk,reddit,"Led Zeppelin actually wanted to represent Vatican with the song, Stairway to Heaven. But they didn't want to cut the song down to the required three minute length.",2025-05-18T11:04:55Z,5,Frosenborg,todayilearned,2025-05-25T17:44:23.210943Z
msxrv8f,1kpd6fk,reddit,"🎵 Pie Iesu Domine 🎶  
🎶 Dona eis requiem 🎵",2025-05-18T11:21:13Z,3,roehnin,todayilearned,2025-05-25T17:44:23.210945Z
msywruz,1kpd6fk,reddit,My lovely horse,2025-05-18T15:39:39Z,4,EddySea,todayilearned,2025-05-25T17:44:23.210947Z
msx6baa,1kpd6fk,reddit,"So, theoretically, USA could kind of participate. The Vatican just needs to send the top dog.",2025-05-18T07:42:11Z,7,fodilicious,todayilearned,2025-05-25T17:44:23.210950Z
msxcr82,1kpd6fk,reddit,"Imagine them winning and hosting the next one...

The venue would be amazing.",2025-05-18T08:49:45Z,3,icotom,todayilearned,2025-05-25T17:44:23.210952Z
msxetki,1kpd6fk,reddit,"""Dude, the Vatican singer is unemployed! I saw the application, and she wrote, occupation, nun!""",2025-05-18T09:11:32Z,3,Algaean,todayilearned,2025-05-25T17:44:23.210954Z
msxj26c,1kpd6fk,reddit,Pope Idol,2025-05-18T09:56:27Z,3,grayworks,todayilearned,2025-05-25T17:44:23.210956Z
msxn7k9,1kpd6fk,reddit,I would love them to enter with some Gregorian chanting,2025-05-18T10:38:28Z,3,TypicallyThomas,todayilearned,2025-05-25T17:44:23.210958Z
mswx58t,1kpd6fk,reddit,Lmao,2025-05-18T06:08:35Z,5,UnexaminedLifeOfMine,todayilearned,2025-05-25T17:44:23.210960Z
msxdv9r,1kpd6fk,reddit,"I mean, if Israel and Australia are, then really anyone is",2025-05-18T09:01:24Z,5,SophiaIsBased,todayilearned,2025-05-25T17:44:23.210963Z
mswyo0h,1kpd6fk,reddit,The singing Pope can enter,2025-05-18T06:23:46Z,2,DantheDutchGuy,todayilearned,2025-05-25T17:44:23.210965Z
mt0vcox,1kpd6fk,reddit,Gregorian Chants for the win!,2025-05-18T21:54:25Z,2,KingBretwald,todayilearned,2025-05-25T17:44:23.210967Z
msx8xwt,1kpd6fk,reddit,Listened to Rest is Entertainment did we?,2025-05-18T08:09:23Z,3,wanmoar,todayilearned,2025-05-25T17:44:23.210969Z
msx05fw,1kpd6fk,reddit,"Well, tbey can try go this way: https://youtu.be/C4QL5EnHgvc?si=Ea2AK0AkoagV-bty",2025-05-18T06:38:52Z,1,TranslateErr0r,todayilearned,2025-05-25T17:44:23.210971Z
msx5cdd,1kpd6fk,reddit,They should inviate him https://www.youtube.com/watch?v=9gZQQGbEIos,2025-05-18T07:32:03Z,1,franklollo,todayilearned,2025-05-25T17:44:23.210973Z
msx5tpf,1kpd6fk,reddit,I Confess,2025-05-18T07:37:06Z,1,janzeera,todayilearned,2025-05-25T17:44:23.210976Z
msx9sha,1kpd6fk,reddit,If only there was a singing nun,2025-05-18T08:18:15Z,1,monsooncloudburst,todayilearned,2025-05-25T17:44:23.210978Z
msxejp7,1kpd6fk,reddit,[send The Redneck Pope](https://youtu.be/qdBD7JPoDDM?si=7byDtXjGi6ezRJrm),2025-05-18T09:08:37Z,1,Karash770,todayilearned,2025-05-25T17:44:23.210980Z
msxf73i,1kpd6fk,reddit,Give the pope a mic. Let's see what the old fella can do,2025-05-18T09:15:32Z,1,The-UnknownSoldier,todayilearned,2025-05-25T17:44:23.210982Z
msxj89q,1kpd6fk,reddit,There's a March of the Penguins cross-over here somewhere...,2025-05-18T09:58:09Z,1,bsport48,todayilearned,2025-05-25T17:44:23.210984Z
msxmk23,1kpd6fk,reddit,They should send Tagle lol,2025-05-18T10:31:56Z,1,Hydra57,todayilearned,2025-05-25T17:44:23.210986Z
msxn7bv,1kpd6fk,reddit,Why wouldn't it be?,2025-05-18T10:38:24Z,1,Grzechoooo,todayilearned,2025-05-25T17:44:23.210990Z
msxqdgb,1kpd6fk,reddit,[This](https://www.youtube.com/watch?v=dgjcYk-MIEc) maybe a winner.,2025-05-18T11:07:56Z,1,HermionesWetPanties,todayilearned,2025-05-25T17:44:23.210994Z
msy8jy2,1kpd6fk,reddit,They could hire cartman for the performance,2025-05-18T13:24:18Z,1,tokkyuuressha,todayilearned,2025-05-25T17:44:23.210998Z
msygrmi,1kpd6fk,reddit,Did they send representative once?,2025-05-18T14:13:26Z,1,Thrallov,todayilearned,2025-05-25T17:44:23.211002Z
msynvty,1kpd6fk,reddit,And Pope Francis has released at least one album. Will edit again if I can find link.,2025-05-18T14:51:52Z,1,KarenNotKaren616,todayilearned,2025-05-25T17:44:23.211005Z
msyo9wg,1kpd6fk,reddit,Dropping banger hymns,2025-05-18T14:53:57Z,1,ContinuumGuy,todayilearned,2025-05-25T17:44:23.211009Z
msz6j31,1kpd6fk,reddit,They should seriously just submit normal sermons.,2025-05-18T16:31:37Z,1,anchoriteksaw,todayilearned,2025-05-25T17:44:23.211012Z
msz8z00,1kpd6fk,reddit,My name is MC Leo and I’m here to say,2025-05-18T16:44:39Z,1,__-_-_--_--_-_---___,todayilearned,2025-05-25T17:44:23.211016Z
mt0m4ki,1kpd6fk,reddit,Every year they should submit a plainchant,2025-05-18T21:03:49Z,1,manticore16,todayilearned,2025-05-25T17:44:23.211020Z
mt0r9q4,1kpd6fk,reddit,Imagine the scenes when they win and have to host drag queens in the St Peter’s basilica!,2025-05-18T21:31:49Z,1,charea,todayilearned,2025-05-25T17:44:23.211024Z
mt11ccm,1kpd6fk,reddit,They could make a band and cover Highway to Hell,2025-05-18T22:28:54Z,1,H_Lunulata,todayilearned,2025-05-25T17:44:23.211028Z
mt1sx59,1kpd6fk,reddit,They can do a Kendrick Lemar rebuttal.,2025-05-19T01:18:16Z,1,mgzukowski,todayilearned,2025-05-25T17:44:23.211032Z
mt35p4z,1kpd6fk,reddit,The Pope is a little too [political with his raps](https://youtu.be/6TxjrHPHypA?si=F2iGxNs5A30yKRp0) to participate in Eurovision.,2025-05-19T07:52:21Z,1,IrohTheUncle,todayilearned,2025-05-25T17:44:23.211035Z
mt8eu0m,1kpd6fk,reddit,it’s just going to send Ave Maria every year,2025-05-20T02:45:28Z,1,an-font-brox,todayilearned,2025-05-25T17:44:23.211037Z
mtduhoh,1kpd6fk,reddit,https://youtube.com/shorts/ewQIVW1rR_c?si=9mcGGbI3C4TOs1l4,2025-05-20T23:29:55Z,1,johnnycabb_,todayilearned,2025-05-25T17:44:23.211039Z
mt0qjph,1kpd6fk,reddit,Top of the Pop(e)s,2025-05-18T21:27:49Z,1,d4nfe,todayilearned,2025-05-25T17:44:23.211041Z
mswxcv9,1kpd6fk,reddit,[deleted],2025-05-18T06:10:40Z,0,N/A,todayilearned,2025-05-25T17:44:23.211043Z
msx07vd,1kpd6fk,reddit,UK would still vote for Israel.,2025-05-18T06:39:33Z,-12,theoriginalmars,todayilearned,2025-05-25T17:44:23.211046Z
msj25rd,1knkv8c,reddit,"People of a certain age learned this fact from Alice Cooper. 

We also learned Milwaukee is Algonquin for ""the good land.""",2025-05-15T22:26:59Z,143,MrWendex,todayilearned,2025-05-25T17:44:24.346466Z
msj5ncb,1knkv8c,reddit,"Yes, Pete, it is",2025-05-15T22:47:39Z,34,jerseygunz,todayilearned,2025-05-25T17:44:24.346476Z
msj29h7,1knkv8c,reddit,Milwaukee has certainly had its share of visitors. The French missionaries and explorers were coming here as early as the late 1600s to trade with the Native Americans.,2025-05-15T22:27:36Z,68,WaltMitty,todayilearned,2025-05-25T17:44:24.346481Z
msj5mt6,1knkv8c,reddit,Sewer Socialism is such an interesting topic and I think a lot of politicians would see a big boost in popularity if they started to support similar policies,2025-05-15T22:47:34Z,59,Spadestep,todayilearned,2025-05-25T17:44:24.346487Z
msizppe,1knkv8c,reddit,I did not. Does this guy know how to party or what?,2025-05-15T22:13:09Z,43,EastwoodRavine85,todayilearned,2025-05-25T17:44:24.346492Z
msj15w3,1knkv8c,reddit,"Jasper McLevy was the Socialist mayor of Bridgeport CT. He was repeatedly reelected from 1933 to 1957. Before the 1950s Red Scare, socialist was a more acceptable label in US politics.",2025-05-15T22:21:19Z,33,Building_a_life,todayilearned,2025-05-25T17:44:24.346497Z
msk247k,1knkv8c,reddit,Does this guy know how to party or what?,2025-05-16T02:05:43Z,7,atownsound,todayilearned,2025-05-25T17:44:24.346503Z
msj6mn5,1knkv8c,reddit,"Not questioning the accuracy of the post, but FWIW Bernie Sanders ran as a socialist and won to become mayor of Burlington, VT, a position he held from 1981-1989.  It’s not clear to me that he ran as a member of the Socialist Party, and in any event Milwaukee is more than ten times the size of Burlington.",2025-05-15T22:53:31Z,13,silviazbitch,todayilearned,2025-05-25T17:44:24.346509Z
msjyvgy,1knkv8c,reddit,"Went to college in Ithaca, NY from 1991-1995. During that time, Ithaca had a Socialist mayor, [Ben Nichols](https://en.wikipedia.org/wiki/Benjamin_Nichols).",2025-05-16T01:45:46Z,1,Pascale73,todayilearned,2025-05-25T17:44:24.346514Z
msj3t6g,1knkv8c,reddit,"""The most recent"" well, yeah, that's because that party dissolved 52 years ago.",2025-05-15T22:36:43Z,-13,DontBelieveTheirHype,todayilearned,2025-05-25T17:44:24.346519Z
msjbwgs,1knkv8c,reddit,We used to manage both socialism and capitalism here in America.  One builds society and civilization.  The other pays for it.,2025-05-15T23:24:17Z,-20,sugar_addict002,todayilearned,2025-05-25T17:44:24.346525Z
mskmbhb,1knkv8c,reddit,"AOC, Bernie Sanders, Obama",2025-05-16T04:23:33Z,-21,iguru130,todayilearned,2025-05-25T17:44:24.346538Z
mrrjceq,1kk3gql,reddit,Such a big dud it forced them to shut down the studio. But seemingly it found a wider audience on the next generation consoles. For a dud it's quite impressive to sell long-term.,2025-05-11T15:44:41Z,168,Mister-Psychology,todayilearned,2025-05-25T17:44:25.778220Z
mrrlcn2,1kk3gql,reddit,I enjoyed Okami back in the day. Having beautiful games with non violent stories that doesn’t last too long was rare. Nintendo were doing games like this but on Sony’s system that was rare.,2025-05-11T15:55:19Z,366,batmansmk,todayilearned,2025-05-25T17:44:25.778225Z
mrrwr27,1kk3gql,reddit,Wonderful game that didn't get nearly enough love.,2025-05-11T16:56:09Z,29,romaraahallow,todayilearned,2025-05-25T17:44:25.778227Z
mrrm0v3,1kk3gql,reddit,Well I’ve bought it at least 4 different times.,2025-05-11T15:58:58Z,85,Dankitysoup,todayilearned,2025-05-25T17:44:25.778230Z
mrrwejd,1kk3gql,reddit,"The beginning of the game is just unfortunately a slog and bad, which unfortunately stopped most people from getting it. Once you finally get to the open fields it's an awesome game.",2025-05-11T16:54:19Z,61,magvadis,todayilearned,2025-05-25T17:44:25.778232Z
mrro1m5,1kk3gql,reddit,This game is still on my to play list. Always thought it looked spectacular,2025-05-11T16:09:42Z,21,DoubleRNL,todayilearned,2025-05-25T17:44:25.778234Z
mrrrgai,1kk3gql,reddit,"This is one of my favourite games and probably one of the best Zelda* games ever made. Sure it can a bit slow but actually the stories and characters are so interesting and the music and visuals so beautiful

*it basically is a Zelda game (dungeons, brush techniques instead of items and puzzles) although unlike Zelda’s at the time it did have a jump button",2025-05-11T16:27:53Z,21,ledfence,todayilearned,2025-05-25T17:44:25.778237Z
mrs379q,1kk3gql,reddit,"Ōkami is a beautiful and very fun game, the gameplay was so unique and artistic",2025-05-11T17:29:42Z,8,kei-hiroyuki,todayilearned,2025-05-25T17:44:25.778239Z
mrt7wa4,1kk3gql,reddit,"Still one of the all time greats. Lots of dialogue in case you hate reading in games like zelda or most rpgs. Fantastic story and side stories though, so many memories from playing this over like 5 times.",2025-05-11T21:11:31Z,7,Boone_Slayer,todayilearned,2025-05-25T17:44:25.778241Z
mrtecrr,1kk3gql,reddit,"One of my favorite games. My Nintendo copy of it has the IGN logo watermark, I did get the replacement coverslip. ",2025-05-11T21:48:03Z,5,evopanda,todayilearned,2025-05-25T17:44:25.778243Z
mrtz48s,1kk3gql,reddit,Hideki Kamiya is back with Capcom and making a sequel.,2025-05-11T23:55:26Z,6,SupervillainMustache,todayilearned,2025-05-25T17:44:25.778245Z
mrs4pm5,1kk3gql,reddit,I fucking love okami. I was so happy when they recently announced a sequel is in development,2025-05-11T17:37:34Z,7,Runaway-Kotarou,todayilearned,2025-05-25T17:44:25.778248Z
mrrlpa2,1kk3gql,reddit,"I really wish I could find a mod to speed up the text in this game. I suffered through 5 hours of that Twilight Princess-ass opening and put it down a few years ago, and I don't want to replay it at that miserable pace again.",2025-05-11T15:57:13Z,6,CheesecakeMilitia,todayilearned,2025-05-25T17:44:25.778250Z
mrv7t8z,1kk3gql,reddit,Played it on the Wii back when but stopped after 10-15 hours. The game should have everything I like but somehow it didn’t hit the spot back then,2025-05-12T05:13:32Z,2,kraeutrpolizei,todayilearned,2025-05-25T17:44:25.778252Z
mrw2jts,1kk3gql,reddit,I highly recommend this game very memorable,2025-05-12T10:27:52Z,2,Antipartical,todayilearned,2025-05-25T17:44:25.778255Z
mrwfqfd,1kk3gql,reddit,"Insane they didn’t use touchpad controls on the PS4/PS5, they did let you turn off the annoying dialogue noise though.",2025-05-12T12:12:06Z,2,Malodoror,todayilearned,2025-05-25T17:44:25.778257Z
mrwsmtz,1kk3gql,reddit,And what a travesty that is. This game I'd say is better than the vast majority of GOTY winners.,2025-05-12T13:33:23Z,2,SuperSecretSunshine,todayilearned,2025-05-25T17:44:25.778259Z
ms3b9o7,1kk3gql,reddit,"Such a good game I've bought it 3 times. PS2, Steam, Switch.",2025-05-13T13:54:43Z,2,-Tom-,todayilearned,2025-05-25T17:44:25.778261Z
mrrni6e,1kk3gql,reddit,"It was HUGE when it came out. Like people loved praising it amongst gamer circles online and tv (G4tech), I always assumed it sold well.",2025-05-11T16:06:50Z,6,Shogun_Ro,todayilearned,2025-05-25T17:44:25.778263Z
mrrg2fi,1kk3gql,reddit,"Having played it recently...I don't get the hype. 


Yes, it is absolutely beautiful, I adore the artwork and style. 


It's painfully slow and boring. Combat has zero challenge or variety. The story is ok but not ground breaking.


Revolutionary for its time maybe, but not in 2025",2025-05-11T15:27:09Z,0,polaarbear,todayilearned,2025-05-25T17:44:25.778266Z
ms38m39,1kk3gql,reddit,Where is my busty maiden at?,2025-05-13T13:40:26Z,1,TatsukiD,todayilearned,2025-05-25T17:44:25.778268Z
mse6ajf,1kk3gql,reddit,"Okami is sucha gorgeous game and came out way ahead of its time.

Modern okami with FF15 graphics? Cream",2025-05-15T03:58:53Z,1,N/A,todayilearned,2025-05-25T17:44:25.778271Z
mrrjt7b,1kk3gql,reddit,"Jeff made me think half life 3 or ES6 was dropping tomorrow when he hyped up the okami 2 announcement.


I hear it's a great game. Looks great. Just had no idea people cherished it as much as they did. I mean, I never see people talk about it or bring it up.",2025-05-11T15:47:11Z,1,poply,todayilearned,2025-05-25T17:44:25.778273Z
mrrszmn,1kk3gql,reddit,Concord has entered the chat….,2025-05-11T16:36:12Z,1,kingofwale,todayilearned,2025-05-25T17:44:25.778275Z
mrrwdrl,1kk3gql,reddit,What a weird record to pay for.,2025-05-11T16:54:12Z,-4,TurboMollusk,todayilearned,2025-05-25T17:44:25.778277Z
mrstvqr,1kk3gql,reddit,"Been wanting to replay this game again on PC. Unfortunately they still haven't released it on GOG which is annoying. I prefer getting my single player games there. 

With the sequel announced kinda had hoped it would mean it would finally release there but nope.",2025-05-11T19:55:05Z,-1,iamfuturetrunks,todayilearned,2025-05-25T17:44:25.778279Z
mp8v4mv,1k8soo6,reddit,They do some lakes and river stuff,2025-04-27T01:50:03Z,265,PuzzleheadedCress94,todayilearned,2025-05-25T17:44:27.313850Z
mp8tllj,1k8soo6,reddit,At least somebody is taking rising sea levels seriously,2025-04-27T01:40:20Z,277,roibaird,todayilearned,2025-05-25T17:44:27.313854Z
mp91bsa,1k8soo6,reddit,So does Mongolia!,2025-04-27T02:30:37Z,37,edcba11355,todayilearned,2025-05-25T17:44:27.313857Z
mp8w5eq,1k8soo6,reddit,"America’s navy has planes, so…",2025-04-27T01:56:34Z,73,capricioustrilium,todayilearned,2025-05-25T17:44:27.313859Z
mp8wab7,1k8soo6,reddit,"And Costa Rica doesn't have an army.

https://en.wikipedia.org/wiki/Public_Force_of_Costa_Rica",2025-04-27T01:57:26Z,24,The_Pig_Man_,todayilearned,2025-05-25T17:44:27.313861Z
mp976cc,1k8soo6,reddit,"We (Brazil) had some Naval Battles against Paraguay in the 1800s. Westernmost psrts of Brazil had no land connection to the then capital Rio de Janeiro, so big cities such as Cuiabá were accessible only via ships through Paraguay River.

https://en.m.wikipedia.org/wiki/Battle_of_Riachuelo

As for Bolivia, not sure if there are any historical references but rivers and lakes in South America can be very large, I can imagine Bolivia having some use for it.",2025-04-27T03:10:13Z,10,CabaBom,todayilearned,2025-05-25T17:44:27.313863Z
mp8v2gm,1k8soo6,reddit,Plot twist: the final naval battle takes place on a lake. Winner gets bragging rights and a paddle boat.,2025-04-27T01:49:39Z,20,N/A,todayilearned,2025-05-25T17:44:27.313865Z
mp92d19,1k8soo6,reddit,They both fought wars to gain access to the ocean. Maybe establishing a navy was just part of the calculation?,2025-04-27T02:37:26Z,8,sighthoundman,todayilearned,2025-05-25T17:44:27.313867Z
mpb7dxi,1k8soo6,reddit,plenty of rivers in the country and a considerable size of the border is marked by a river so they need the navy to fight all the trafficking,2025-04-27T13:39:42Z,4,madkeepz,todayilearned,2025-05-25T17:44:27.313869Z
mpadc3u,1k8soo6,reddit,They stick to the rivers and the lakes that they’re used to.,2025-04-27T09:36:25Z,3,secondary_planet,todayilearned,2025-05-25T17:44:27.313872Z
mpajd5w,1k8soo6,reddit,"Paraguay doesn't just have a navy, they have naval aviation and marines too.",2025-04-27T10:38:38Z,3,LaoBa,todayilearned,2025-05-25T17:44:27.313874Z
mp8zknd,1k8soo6,reddit,"Crazy that not only does Bolivia have a navy, but their navy has 5,000 personnel.",2025-04-27T02:19:01Z,4,DJCane,todayilearned,2025-05-25T17:44:27.313876Z
mp9v00k,1k8soo6,reddit,Wait till you learn about the Swiss navy!,2025-04-27T06:26:59Z,2,Sinocatk,todayilearned,2025-05-25T17:44:27.313878Z
mpb4u9o,1k8soo6,reddit,The US Coast Guard patrols and maintains navigation facilities and structures on inland waters.,2025-04-27T13:24:01Z,2,trucorsair,todayilearned,2025-05-25T17:44:27.313881Z
mp8tzbc,1k8soo6,reddit,"So this navy, does it handle the coke export?",2025-04-27T01:42:47Z,4,EditedRed,todayilearned,2025-05-25T17:44:27.313883Z
mp8zgg1,1k8soo6,reddit,Well that’s gotta be the easiest deployment ever…,2025-04-27T02:18:14Z,1,MarcoBrosip,todayilearned,2025-05-25T17:44:27.313885Z
mp919zf,1k8soo6,reddit,What a load of Titicaca!,2025-04-27T02:30:18Z,1,NhylX,todayilearned,2025-05-25T17:44:27.313887Z
mp975kr,1k8soo6,reddit,"Yeah, don't you?",2025-04-27T03:10:04Z,1,More-Talk-2660,todayilearned,2025-05-25T17:44:27.313889Z
mp9oda5,1k8soo6,reddit,That’s pretty wild,2025-04-27T05:24:21Z,1,FranksNBeans2025,todayilearned,2025-05-25T17:44:27.313891Z
mp9tw8i,1k8soo6,reddit,Hungary has the badass sounding 'The Home Defence Pyrotechnician and Warship Battalion.',2025-04-27T06:16:10Z,1,BlowOnThatPie,todayilearned,2025-05-25T17:44:27.313893Z
mpa5ul8,1k8soo6,reddit,Mongolia also has a navy.,2025-04-27T08:16:40Z,1,No-Function3409,todayilearned,2025-05-25T17:44:27.313895Z
mpabyda,1k8soo6,reddit,So does Mongolia. They have 1 tug boat in their Navy.,2025-04-27T09:21:22Z,1,Leonidus-27,todayilearned,2025-05-25T17:44:27.313897Z
mpb5jqd,1k8soo6,reddit,Well they have rivers and lakes. Navy isn't only about the sea.,2025-04-27T13:28:24Z,1,Falsus,todayilearned,2025-05-25T17:44:27.313901Z
mpblzog,1k8soo6,reddit,Switzerland has a navy as well,2025-04-27T15:01:29Z,1,Fickle-Public1972,todayilearned,2025-05-25T17:44:27.313903Z
mpcazvy,1k8soo6,reddit,"Bolivia also has a Festival of the Sea, where people dress as boats and ships, and mourn the loss of their coastal access",2025-04-27T17:10:37Z,1,snow_michael,todayilearned,2025-05-25T17:44:27.313906Z
mpbbsfw,1k8soo6,reddit,In Bolivia the Navy transport Coke-cola & Tourists these days !,2025-04-27T14:05:49Z,1,Kinky-Green-Fecker,todayilearned,2025-05-25T17:44:27.313908Z
mp90hww,1k8soo6,reddit,Baklava and Portugal both come with gravy?,2025-04-27T02:25:12Z,0,CoyoteSingle5136,todayilearned,2025-05-25T17:44:27.313910Z
mtzpvuw,1ku8lig,reddit,and it failed by 1 vote.,2025-05-24T11:24:56Z,402,Billybob169,todayilearned,2025-05-25T17:44:28.972854Z
mtzr62h,1ku8lig,reddit,What do hippos taste like? I can't imagine it's good.,2025-05-24T11:35:21Z,173,NativeMasshole,todayilearned,2025-05-25T17:44:28.972861Z
mtzulge,1ku8lig,reddit,I love the idea that the hyacinths were causing so much problems they wanted to get hippos. A real “old lady who swallows a fly” situation.,2025-05-24T12:02:04Z,120,MarshalThornton,todayilearned,2025-05-25T17:44:28.972866Z
mtzu99t,1ku8lig,reddit,Escobar's cocaine hippos on a larger scale,2025-05-24T11:59:29Z,68,pi_face_,todayilearned,2025-05-25T17:44:28.972869Z
mtzkdn3,1ku8lig,reddit,"Imagine dining on ""lake cow bacon"" while hippos roam the Mississippi! This proposal had bipartisan support and backing from figures like Theodore Roosevelt. It's a fascinating ""what if"" in American history.",2025-05-24T10:36:34Z,138,Mrk2d,todayilearned,2025-05-25T17:44:28.972873Z
mu08hqx,1ku8lig,reddit,Imagine trying to solve the problem of too many aquatic plants by introducing the deadliest land mammal to your continent.,2025-05-24T13:34:11Z,85,OldWoodFrame,todayilearned,2025-05-25T17:44:28.972877Z
mtzyv2e,1ku8lig,reddit,There was a delightful couple of “Western” books written by an Oakland CA author that are based on this premise. River of Teeth is the one title I remember. Fun read.,2025-05-24T12:32:53Z,42,Jean_Genetic,todayilearned,2025-05-25T17:44:28.972882Z
mu0g013,1ku8lig,reddit,No sleep till hippo!,2025-05-24T14:17:38Z,17,Bakomusha,todayilearned,2025-05-25T17:44:28.972886Z
mu00jwd,1ku8lig,reddit,The didn't realize how *dangerous* hippos are?,2025-05-24T12:44:09Z,27,zorniy2,todayilearned,2025-05-25T17:44:28.972890Z
mu00gau,1ku8lig,reddit,I’m guessing they would have become an invasive species if that had been enacted.,2025-05-24T12:43:30Z,6,Varnigma,todayilearned,2025-05-25T17:44:28.972894Z
mu05y0g,1ku8lig,reddit,"I wonder if trophy hunting could have been a Louisiana industry, had hippos been imported there, especially when game warden would have to control the population.",2025-05-24T13:18:37Z,4,Johannes_P,todayilearned,2025-05-25T17:44:28.972898Z
mu0gxnc,1ku8lig,reddit,"We have enough dangerous animals here as it is, thank you very much.",2025-05-24T14:22:41Z,2,briancito420,todayilearned,2025-05-25T17:44:28.972902Z
mu0oef3,1ku8lig,reddit,Indeed. When was the last time you met someone named Hyacinth?,2025-05-24T15:02:11Z,2,Stairwayunicorn,todayilearned,2025-05-25T17:44:28.972906Z
mu0yv6l,1ku8lig,reddit,What if the bill actually passed? Hippothetically...,2025-05-24T15:56:52Z,3,cleon80,todayilearned,2025-05-25T17:44:28.972911Z
mu1g70v,1ku8lig,reddit,"Man, Louisiana food is always amazing. Imagine if they had invasive hippo on the menu.",2025-05-24T17:29:00Z,2,senfood,todayilearned,2025-05-25T17:44:28.972915Z
mu1v5xy,1ku8lig,reddit,When has importing animals to a foreign environment ever been a good idea? ,2025-05-24T18:49:22Z,2,maquise,todayilearned,2025-05-25T17:44:28.972919Z
mu2pfwd,1ku8lig,reddit,So we were robbed of Hippo vs Gator swamp fights?,2025-05-24T21:42:59Z,2,ilikebeer19,todayilearned,2025-05-25T17:44:28.972924Z
mu38duu,1ku8lig,reddit,Then there would have been a 1920 bill to introduce crocodiles to control the hippo population,2025-05-24T23:40:35Z,2,MisterB78,todayilearned,2025-05-25T17:44:28.972928Z
mu4axgj,1ku8lig,reddit,"Why the fuck, would we import walking amphibious tanks into the goddamn bayou?",2025-05-25T04:03:31Z,2,Kiyan1159,todayilearned,2025-05-25T17:44:28.972932Z
mu4b2bw,1ku8lig,reddit,"Gitcha some hippo gumbo, ooooowheeee!",2025-05-25T04:04:36Z,2,brumac44,todayilearned,2025-05-25T17:44:28.972936Z
mu0g9u5,1ku8lig,reddit,"Poke Salad Annie, hippos got her granny, chomp, chomp, chomp 🎶 What could’ve been!",2025-05-24T14:19:07Z,2,mmuffley,todayilearned,2025-05-25T17:44:28.972940Z
mu2zfqc,1ku8lig,reddit,I still maintain we relocate Pablo Escobara drug hippos to suburban Miami-Dade (not the current Everglades) and make it a felony even in self defense to harm them.,2025-05-24T22:44:35Z,1,Complex_Professor412,todayilearned,2025-05-25T17:44:28.972945Z
mu3wckc,1ku8lig,reddit,"Anyway, like I was sayin', hippo is the fruit of the sea. You can barbecue it, boil it, broil it, bake it, saute it. 

Dey's uh, hippo-kabobs, hippo creole, hippo gumbo. Pan fried, deep fried, stir-fried. 

There's pineapple hippo, lemon hippo, coconut hippo, pepper hippo, hippo soup, hippo stew, hippo salad, hippo and potatoes, hippo burger, hippo sandwich. 

That- that's about it.",2025-05-25T02:16:49Z,1,hells_cowbells,todayilearned,2025-05-25T17:44:28.972949Z
mtzxrkv,1ku8lig,reddit,"1909 saw a stock market collapse pretty much as bad as 1929, except people were buying stocks with credit. And then a nation wide margin call basically happened overnight and a huge chunk of America gave everything they didn’t even have to the bank. Farmers refused to send their food to the cities at a loss. They’d even dump over their own milk trucks to keep it from entering the city. 

Now imagine it’s all corporations as far as the eye can see.

We’re gonna be eating invasive hog or something when it happens again because this time nobody knows how to grow food, butcher animals, preserve veggies and meat. Trap animals etc. 

When what happened to Haiti happens to us Mexico and Canada won’t have walls tall enough to keep us in. ",2025-05-24T12:25:11Z,2,baumpop,todayilearned,2025-05-25T17:44:28.972953Z
mtzy7aw,1ku8lig,reddit,[Something similar happened recently.](https://www.reddit.com/r/PropagandaPosters/comments/151jb3c/bill_1908_us_presidential_poster_for_william/),2025-05-24T12:28:15Z,0,SketchedEyesWatchinU,todayilearned,2025-05-25T17:44:28.972958Z
mq66iwz,1kcq85y,reddit,"Before his execution he was pressured to sign various 'recantations' taking back his reforms, accepting the Pope and so on, which he agreed to under duress. But despite the normal practice being to show clemency to recanting heretics, Mary pushed ahead with his execution to make an example.

Before his execution he was allowed one final, public recantation at a service in Oxford, but halfway through he went off-script and took it all back, denouncing the Pope and promising to 'punish the unworthy hand' that had signed his recantations. He was pulled from the pulpit and dragged to his death by fire, during which he thrust his right hand into the heart of the flames as he'd promised.

The spot where he was burned is still [marked on the road](https://wagtail-mapbox.s3.amazonaws.com/images/oxford-martyrs-cross.max-746x4925.jpg) in Oxford.",2025-05-02T10:11:16Z,137,Happy-Engineer,todayilearned,2025-05-25T17:44:30.689834Z
mq4tfjk,1kcq85y,reddit,"His son in law, Thomas Norton, who after the death of Cranmer's daughter, married Alice Cranmer, Thomas' late wife's cousin, daughter of the Archdeacon of Canterbury who was the brother of the Archbishop, became Elizabeth I's ""Rackmaster of London"".  Elizabeth gave him a LOT of latitude in the torturing of Catholics.  It seems Mary really angered the family by burning the Archbishop at the stake and Catholics very much paid the price during Elizabeth's reign.",2025-05-02T02:51:00Z,188,Impressive-Amoeba-97,todayilearned,2025-05-25T17:44:30.689838Z
mq5m89u,1kcq85y,reddit,He was a really pious dude and personally I think one of the reasons he survived Henry the VIII’s purges was because he didn’t consider him corruptible.,2025-05-02T06:41:37Z,110,rhino_shit_gif,todayilearned,2025-05-25T17:44:30.689840Z
mq5slm0,1kcq85y,reddit,Wild how he changed everything and still got torched for it.,2025-05-02T07:46:40Z,10,Traditional_Toe3261,todayilearned,2025-05-25T17:44:30.689843Z
mq7wa6x,1kcq85y,reddit,This is the type of shit that happens when you have rulers who are above the law.,2025-05-02T16:12:03Z,8,roccoccoSafredi,todayilearned,2025-05-25T17:44:30.689845Z
mqa7ddf,1kcq85y,reddit,I have a soft spot for dear old Bloody Mary. With a father like Henry VIII it would have been hard not to want to take revenge.,2025-05-02T23:09:46Z,3,grouchjoe,todayilearned,2025-05-25T17:44:30.689847Z
mqnxq4d,1kcq85y,reddit,Hot topic sheesh,2025-05-05T06:06:48Z,1,GoldFold2595,todayilearned,2025-05-25T17:44:30.689849Z
mqrpdnq,1kcq85y,reddit,religion is so stupid sometimes,2025-05-05T20:29:03Z,1,shakana44,todayilearned,2025-05-25T17:44:30.689851Z
mq92umv,1kcq85y,reddit,You're extremely lucky to make it out alive during this period in England if you were involved with politics.,2025-05-02T19:36:23Z,1,TheOncomingBrows,todayilearned,2025-05-25T17:44:30.689853Z
mq81kj3,1kcq85y,reddit,"Marrying someone as a priest in that time would be similar but far worse than a psychologist getting into a relationship with one of their clients. 

This dude heard confessions of people’s worst sins and was sworn to secrecy and more than likely used that to get the woman he wanted. ",2025-05-02T16:37:16Z,-5,Curiositygun,todayilearned,2025-05-25T17:44:30.689855Z
mq1ls1b,1kc8dau,reddit,"Try Pevensey Castle. Roman in origin. Last actively manned during WW2:

https://en.wikipedia.org/wiki/Pevensey_Castle#Usage_in_the_modern_period",2025-05-01T16:37:44Z,114,geniice,todayilearned,2025-05-25T17:44:31.712661Z
mq0xkxo,1kc8dau,reddit,It's a beefy castle. Absolute unit.,2025-05-01T14:38:30Z,82,EndoExo,todayilearned,2025-05-25T17:44:31.712665Z
mq1u6k2,1kc8dau,reddit,"The Aleppo Citadel's thousands of years old, and it was used by the Syrian Army during the Battle of Aleppo.",2025-05-01T17:18:11Z,25,TheStalkerFang,todayilearned,2025-05-25T17:44:31.712667Z
mq3h7wi,1kc8dau,reddit,"Same with the Citadel of Aleppo. Also the last siege of Dubrovnik in Croatia was from October 1991-May 1992. The city was blockaded by 7,000 Serbian troops while the city itself was defended by a single reinforced infantry platoon of 50 men who managed to assemble 430 volunteers for the garrison armed with whatever was at hand and another 117 who formed Armed Boats Squadron Dubrovnik. The Serbs tried to starve the city out with a blockade by land and sea but the ABSD using small runabouts armed usually with just a machine gun were able to consistently run the blockade throughout the winter, bringing in critical reinforcements and supplies that brought the garrison up to 1,000 and evacuating civilians of the outbound leg. ",2025-05-01T22:08:44Z,28,roadrunner036,todayilearned,2025-05-25T17:44:31.712669Z
mq36h1v,1kc8dau,reddit,They just don't build em like they used to,2025-05-01T21:12:02Z,9,Rosebunse,todayilearned,2025-05-25T17:44:31.712671Z
mq2dxz6,1kc8dau,reddit,"I have a cool picture book about it from when I was a kid, neat stuff",2025-05-01T18:53:44Z,2,Mojocatpro,todayilearned,2025-05-25T17:44:31.712673Z
mq518dm,1kcrm5k,reddit,"Great, they jizz like a flat four. Also, don't google it, it looks like someone boiled Homer Simpson's hand and you can't unsee it.",2025-05-02T03:44:04Z,256,JPHutchy01,todayilearned,2025-05-25T17:44:33.217330Z
mq51noq,1kcrm5k,reddit,Echidnas are unreasonably cute. Their natural curiosity along with their little wobble and the tracks they leave are simply adorable.,2025-05-02T03:47:02Z,76,KentSutcliffe,todayilearned,2025-05-25T17:44:33.217334Z
mq51zw0,1kcrm5k,reddit,Gatling cum?,2025-05-02T03:49:23Z,54,itwillmakesenselater,todayilearned,2025-05-25T17:44:33.217337Z
mq50jrr,1kcrm5k,reddit,You will never be able to see Knuckles with innocent eyes again.,2025-05-02T03:39:14Z,99,Asha_Brea,todayilearned,2025-05-25T17:44:33.217339Z
mq51kvh,1kcrm5k,reddit,Gonna name my pet echidna “Peter North”.,2025-05-02T03:46:29Z,22,inbetween-genders,todayilearned,2025-05-25T17:44:33.217341Z
mq5334o,1kcrm5k,reddit,Imma call them foreheads from now on,2025-05-02T03:57:09Z,17,Lem0n_Lem0n,todayilearned,2025-05-25T17:44:33.217343Z
mq58i7i,1kcrm5k,reddit,Alternating Ejaculations was my college Ska-Punk fusion band.,2025-05-02T04:38:29Z,16,Ravensqueak,todayilearned,2025-05-25T17:44:33.217345Z
mq51q02,1kcrm5k,reddit,Thought it said enchilada…,2025-05-02T03:47:29Z,26,BrilliantDots,todayilearned,2025-05-25T17:44:33.217347Z
mq56h9t,1kcrm5k,reddit,"They're also in the same order as the platypus, Monotremata. Monotremes (Greek for ""single opening"") have a cloaca, and the females lay eggs like reptiles and birds. The male penis is only used for semen; urine passes through the cloaca.",2025-05-02T04:22:37Z,12,BlackBeltPanda,todayilearned,2025-05-25T17:44:33.217349Z
mq5355p,1kcrm5k,reddit,"this is why in echidna culture, the phrase ""quit being a dickhead"" is used when someone is being lazy, or not putting in full effort.",2025-05-02T03:57:33Z,10,lkodl,todayilearned,2025-05-25T17:44:33.217351Z
mq52gvn,1kcrm5k,reddit,Neat,2025-05-02T03:52:42Z,3,Djinger,todayilearned,2025-05-25T17:44:33.217353Z
mq56ab4,1kcrm5k,reddit,Men only want one thing and it's disgusting,2025-05-02T04:21:06Z,3,Man__in_the_Moon,todayilearned,2025-05-25T17:44:33.217355Z
mq5cgii,1kcrm5k,reddit,Nature is inventive. And weird.,2025-05-02T05:10:54Z,3,jamesfluker,todayilearned,2025-05-25T17:44:33.217357Z
mq54gs4,1kcrm5k,reddit,Radically new interpretation of the word forehead!,2025-05-02T04:07:16Z,2,rekzkarz,todayilearned,2025-05-25T17:44:33.217359Z
mq54se3,1kcrm5k,reddit,*How delightfully absurd*,2025-05-02T04:09:39Z,2,TheFlyingBoxcar,todayilearned,2025-05-25T17:44:33.217362Z
mq54vpg,1kcrm5k,reddit,Top shagger!!!! Lmao,2025-05-02T04:10:20Z,2,Electronic-Rain6312,todayilearned,2025-05-25T17:44:33.217364Z
mq572lt,1kcrm5k,reddit,lucky!,2025-05-02T04:27:13Z,2,L_SCH_08,todayilearned,2025-05-25T17:44:33.217366Z
mq57hoq,1kcrm5k,reddit,... and who wouldn't want a spare couple of penises for when you get tired?,2025-05-02T04:30:28Z,2,Sir-Viette,todayilearned,2025-05-25T17:44:33.217368Z
mq6eof9,1kcrm5k,reddit,"Please tell me that they make ""pew! pew!"" noises when they cum.",2025-05-02T11:19:44Z,2,tacknosaddle,todayilearned,2025-05-25T17:44:33.217370Z
mq6oqq3,1kcrm5k,reddit,TIL that the female echidna is into DP.,2025-05-02T12:28:59Z,2,OGBrewSwayne,todayilearned,2025-05-25T17:44:33.217372Z
mq7jk9y,1kcrm5k,reddit,"Thing is a gertdang internal combustion engine, what the fuck",2025-05-02T15:12:01Z,2,drdildamesh,todayilearned,2025-05-25T17:44:33.217375Z
mq7siu9,1kcrm5k,reddit,"Damn, homeboy Knuckles from Sonic is packin.",2025-05-02T15:54:14Z,2,yokemhard,todayilearned,2025-05-25T17:44:33.217380Z
mq812ow,1kcrm5k,reddit,"Per Wikipedia: ""Prior to 2007, no one had ever seen an echidna ejaculate."" If you were the first person to ever see it, would you use the story as an ice-breaker? ""I'm the only person in the world who has ever seen an echidna cum.""",2025-05-02T16:34:54Z,2,sambadaemon,todayilearned,2025-05-25T17:44:33.217384Z
mq57990,1kcrm5k,reddit,That’s how they go from the windows to the walls,2025-05-02T04:28:41Z,4,pheldozer,todayilearned,2025-05-25T17:44:33.217387Z
mq55sot,1kcrm5k,reddit,double dippin yeeeeeeah,2025-05-02T04:17:17Z,1,Pseudoburbia,todayilearned,2025-05-25T17:44:33.217390Z
mq57z4n,1kcrm5k,reddit,We're not so different after all.,2025-05-02T04:34:14Z,1,poop-machine,todayilearned,2025-05-25T17:44:33.217393Z
mq585mt,1kcrm5k,reddit,"This makes me hear a squelching sound in my head, like if you were making little farty noises while miking a cow.",2025-05-02T04:35:40Z,1,EstroJen,todayilearned,2025-05-25T17:44:33.217397Z
mq5b99g,1kcrm5k,reddit,Sonic fans: first time here?,2025-05-02T05:00:47Z,1,YoungDiscord,todayilearned,2025-05-25T17:44:33.217400Z
mq5t3o6,1kcrm5k,reddit,Damn rouge is going to be shocked.,2025-05-02T07:51:53Z,1,NightOfTheLivingHam,todayilearned,2025-05-25T17:44:33.217404Z
mq5u3zf,1kcrm5k,reddit,"This story goes well with Fat Boy Slim’s “Weapon of Choice”: “You can blow with this, or you can blow with that…” 🎶",2025-05-02T08:02:17Z,1,mmuffley,todayilearned,2025-05-25T17:44:33.217407Z
mq5vxua,1kcrm5k,reddit,Same,2025-05-02T08:21:47Z,1,DoctorSasha,todayilearned,2025-05-25T17:44:33.217411Z
mq69hup,1kcrm5k,reddit,Oh Knuckles...,2025-05-02T10:38:17Z,1,YachtswithPyramids,todayilearned,2025-05-25T17:44:33.217415Z
mq6ce67,1kcrm5k,reddit,"Was gonna say a male echidna's penis is made for threesomes but then I googled it and...

[They form a line known as an 'echidna train', with the female leading the 'train', followed by up to ten males]

Kinky lil bastards",2025-05-02T11:02:02Z,1,sch_it,todayilearned,2025-05-25T17:44:33.217418Z
mq6lkhc,1kcrm5k,reddit,Oh no,2025-05-02T12:08:20Z,1,Someone_maybe_nice,todayilearned,2025-05-25T17:44:33.217422Z
mq6ndf0,1kcrm5k,reddit,I wish that I got laid enough to warrant even a second dick.,2025-05-02T12:20:10Z,1,Burnd1t,todayilearned,2025-05-25T17:44:33.217426Z
mq6qmcs,1kcrm5k,reddit,Show off,2025-05-02T12:40:42Z,1,demomagic,todayilearned,2025-05-25T17:44:33.217429Z
mq6t1rl,1kcrm5k,reddit,"And that's how, when a male echidna meets a female echidna, he puts a kid in her.",2025-05-02T12:55:28Z,1,ScreenTricky4257,todayilearned,2025-05-25T17:44:33.217431Z
mq6u4ud,1kcrm5k,reddit,"Alternate? As in, multiple times?",2025-05-02T13:01:55Z,1,N/A,todayilearned,2025-05-25T17:44:33.217433Z
mq7097g,1kcrm5k,reddit,"The word ""echidna"" reminds me of this.
https://www.halopedia.org/Echidna

I now see the reference.",2025-05-02T13:36:33Z,1,UndividedCorruption,todayilearned,2025-05-25T17:44:33.217436Z
mq7uova,1kcrm5k,reddit,I read enchilada and was about to adjust my eating habits.,2025-05-02T16:04:28Z,1,StarbuckWoolf,todayilearned,2025-05-25T17:44:33.217438Z
mq8zlmg,1kcrm5k,reddit,"I can only use one head at a time, something about bloodflow",2025-05-02T19:20:13Z,1,SolarApricot-Wsmith,todayilearned,2025-05-25T17:44:33.217440Z
mqa6vg0,1kcrm5k,reddit,"Monotreme?

Ain't nuthin' 'mono' about 'im at all...",2025-05-02T23:06:55Z,1,IlIFreneticIlI,todayilearned,2025-05-25T17:44:33.217442Z
mqab33s,1kcrm5k,reddit,So we aren't that different after all,2025-05-02T23:30:55Z,1,TPK_MastaTOHO,todayilearned,2025-05-25T17:44:33.217444Z
mqg35dx,1kcrm5k,reddit,Why,2025-05-03T22:42:03Z,1,butter4dippin,todayilearned,2025-05-25T17:44:33.217446Z
mqgq7j7,1kcrm5k,reddit,So the Echidna can do the Shocker with his actual dick?,2025-05-04T01:07:40Z,1,WardenWolf,todayilearned,2025-05-25T17:44:33.217448Z
mtio1tf,1ks51x8,reddit,Before you start sniffing US bills remember that 94% also carry disease-causing organisms.,2025-05-21T18:31:19Z,498,YoungestDonkey,todayilearned,2025-05-25T17:44:35.058579Z
mtiwi6x,1ks51x8,reddit,I'm doing my part!,2025-05-21T19:12:14Z,78,S_A_R_K,todayilearned,2025-05-25T17:44:35.058584Z
mtixc40,1ks51x8,reddit,"95% of statistics are bs,and made up on the spot",2025-05-21T19:16:16Z,86,Nowiambecomedeth,todayilearned,2025-05-25T17:44:35.058586Z
mtin8tq,1ks51x8,reddit,You see I just don’t believe that! Who the fuck does a line with a $1 bill? That’s just nonsensical. You use a 20 or higher.,2025-05-21T18:27:25Z,155,uncantankerous,todayilearned,2025-05-25T17:44:35.058588Z
mtimlja,1ks51x8,reddit,using a bill just makes it feel more right,2025-05-21T18:24:16Z,16,sloppybro,todayilearned,2025-05-25T17:44:35.058591Z
mtiuhcx,1ks51x8,reddit,In college (chemistry) we extracted bills to see the residue they almost all had some and a few had others like heroin and meth,2025-05-21T19:02:17Z,9,LabRat_X,todayilearned,2025-05-25T17:44:35.058593Z
mtiodi9,1ks51x8,reddit,Weird. Every bill I have in my wallet has cocaine on it.,2025-05-21T18:32:52Z,14,Possible-Tangelo9344,todayilearned,2025-05-25T17:44:35.058595Z
mtioff1,1ks51x8,reddit,Certainly the One Big Beautiful Bill has plenty,2025-05-21T18:33:07Z,5,DulcetTone,todayilearned,2025-05-25T17:44:35.058597Z
mtiten4,1ks51x8,reddit,I do my cocain through a silly straw thank-you.,2025-05-21T18:57:07Z,5,THE-NECROHANDSER,todayilearned,2025-05-25T17:44:35.058600Z
mtj2o38,1ks51x8,reddit,Mine certainly did in highschool,2025-05-21T19:42:05Z,4,ThrowAwayEmobro85,todayilearned,2025-05-25T17:44:35.058602Z
mtj5124,1ks51x8,reddit,"and THAT is the reason behind civil forfeiture being legalised robbery. They take your cash, one note tests positive and now you're cashless, handcuffed and trying to prove you're not a drug dealer.",2025-05-21T19:53:01Z,3,Relevant-Stable5758,todayilearned,2025-05-25T17:44:35.058604Z
mtirsit,1ks51x8,reddit,"Therein lies the danger in the use of ultra sensitive forensics to establish potential guilt of an individual. This could apply to hair and carpet samples, and many other forensic analyses.",2025-05-21T18:49:19Z,8,Soft-Banana-525,todayilearned,2025-05-25T17:44:35.058606Z
mtisy0e,1ks51x8,reddit,I read this as bills like the things Congress deal with and well that should tell you something about the state of the nation…,2025-05-21T18:54:54Z,6,TheAbyssalSymphony,todayilearned,2025-05-25T17:44:35.058609Z
mtinszx,1ks51x8,reddit,I can confirm.  Every man named Bill that I know in the U.S. is a coke addict...,2025-05-21T18:30:07Z,2,YoungBacon35,todayilearned,2025-05-25T17:44:35.058611Z
mtiub5s,1ks51x8,reddit,I’ve done my part.,2025-05-21T19:01:27Z,2,nbarry51278,todayilearned,2025-05-25T17:44:35.058613Z
mtiw14j,1ks51x8,reddit,"The 1980's called, they'd like their TIL back.

  
(for you youngin's, that bills had cocaine on them was a running joke back in the 80s)",2025-05-21T19:09:56Z,2,IBeTrippin,todayilearned,2025-05-25T17:44:35.058615Z
mtjdpq7,1ks51x8,reddit,That's just because they provide unlimited free cocaine for the staff at the Federal Bureau of Printing and Engraving to keep production up.,2025-05-21T20:33:44Z,2,tacknosaddle,todayilearned,2025-05-25T17:44:35.058617Z
mtkf4ab,1ks51x8,reddit,there is basically a zero percent chance this is true. ,2025-05-21T23:49:01Z,2,dabeeman,todayilearned,2025-05-25T17:44:35.058620Z
mtp5qdb,1ks51x8,reddit,CNN.....hmmmm,2025-05-22T18:22:40Z,2,patrick_thementalist,todayilearned,2025-05-25T17:44:35.058622Z
mtqijad,1ks51x8,reddit,Sounds made up,2025-05-22T22:27:32Z,2,Knobcobblestone,todayilearned,2025-05-25T17:44:35.058624Z
mtrxmvm,1ks51x8,reddit,But how do they know this?  I’m not a stats expert but how many bills were actually tested to assume this number?,2025-05-23T03:34:52Z,2,kat8234,todayilearned,2025-05-25T17:44:35.058626Z
mtjaxld,1ks51x8,reddit,Sniffy Donald Jr has his hands on EVERYTHING I guess.,2025-05-21T20:20:57Z,3,carriedollsy,todayilearned,2025-05-25T17:44:35.058629Z
mtkx7i2,1ks51x8,reddit,I 90% don't believe this claim,2025-05-22T01:34:27Z,3,animalfath3r,todayilearned,2025-05-25T17:44:35.058631Z
mtim9n2,1ks51x8,reddit,[96% in DC](https://www.theguardian.com/us-news/2022/mar/30/madison-cawthorn-washington-orgies-cocaine-claims),2025-05-21T18:22:37Z,3,Vaeon,todayilearned,2025-05-25T17:44:35.058633Z
mtkwmb0,1ks51x8,reddit,But very few are passed into law.,2025-05-22T01:30:59Z,2,NickelFish,todayilearned,2025-05-25T17:44:35.058635Z
mtio8q7,1ks51x8,reddit,Good to know,2025-05-21T18:32:14Z,1,Sustainable_Twat,todayilearned,2025-05-25T17:44:35.058638Z
mtip6zb,1ks51x8,reddit,I'm more curious about how many bills have poop on them,2025-05-21T18:36:49Z,1,expectdelays,todayilearned,2025-05-25T17:44:35.058640Z
mtipz29,1ks51x8,reddit,"Makes sense. It’s the most traded currency in the world and there are something like 15B one dollar bills alone out there moving around, and not just in the US. ",2025-05-21T18:40:35Z,1,alwaysboopthesnoot,todayilearned,2025-05-25T17:44:35.058642Z
mtir9hx,1ks51x8,reddit,But not enough,2025-05-21T18:46:46Z,1,shingonzo,todayilearned,2025-05-25T17:44:35.058645Z
mtiu089,1ks51x8,reddit,I thought that was an eighties thing.,2025-05-21T18:59:59Z,1,HonestBass7840,todayilearned,2025-05-25T17:44:35.058647Z
mtiux2s,1ks51x8,reddit,The cities where it tested for 100% make sense to me.,2025-05-21T19:04:27Z,1,Slippery_Stairs,todayilearned,2025-05-25T17:44:35.058649Z
mtiv2cq,1ks51x8,reddit,"Pretty soon, the value of the cocaine will be higher than the value of the dollars.",2025-05-21T19:05:10Z,1,mb9three,todayilearned,2025-05-25T17:44:35.058652Z
mtivgs4,1ks51x8,reddit,"Thats why I lick every bill I get, just in case!",2025-05-21T19:07:10Z,1,RexMundi000,todayilearned,2025-05-25T17:44:35.058654Z
mtivpu3,1ks51x8,reddit,Nothing new here.  It's been that way since the 80's.,2025-05-21T19:08:24Z,1,Organic-Low-2992,todayilearned,2025-05-25T17:44:35.058656Z
mtivvfq,1ks51x8,reddit,I wonder if you could extract it in any usable amount,2025-05-21T19:09:09Z,1,sp3kter,todayilearned,2025-05-25T17:44:35.058658Z
mtiw80b,1ks51x8,reddit,"The majority of the contamination occurs because all  the Cocaine Money (Money around large amts of Cocaine)  gets laundered and sent through money counters at banks, then stacked into ATMs that spread it to non contaminated bills.",2025-05-21T19:10:52Z,1,dratsablive,todayilearned,2025-05-25T17:44:35.058661Z
mtiwaqu,1ks51x8,reddit,"> 90% of U.S. bills carry…

Riders? Pork? Special interest handouts?

> … traces of cocaine

Oh, dollar bills. Tell me something I don’t know",2025-05-21T19:11:14Z,1,blackdynomitesnewbag,todayilearned,2025-05-25T17:44:35.058663Z
mtix1xk,1ks51x8,reddit,The other 10% is a combination of cat piss and meth.,2025-05-21T19:14:54Z,1,Beatless7,todayilearned,2025-05-25T17:44:35.058665Z
mtix6oy,1ks51x8,reddit,Don’t use money for nose drugs… use a straw ,2025-05-21T19:15:31Z,1,bigcityboy,todayilearned,2025-05-25T17:44:35.058667Z
mtiysj0,1ks51x8,reddit,"And 100% of your toothbrushes carry traces of shit. 


Who cares ",2025-05-21T19:23:20Z,1,belizeanheat,todayilearned,2025-05-25T17:44:35.058670Z
mtiyx1c,1ks51x8,reddit,"I remember learning this 12 or 13 years ago, during my wild college days. Fun times",2025-05-21T19:23:57Z,1,MDhaviousTheSeventh,todayilearned,2025-05-25T17:44:35.058672Z
mtiz6m2,1ks51x8,reddit,They did. Wait...you guys don't rub all your new bills on your gums???,2025-05-21T19:25:15Z,1,ThisGuyRightHereSaid,todayilearned,2025-05-25T17:44:35.058674Z
mtizofd,1ks51x8,reddit,1,2025-05-21T19:27:41Z,1,Practical_Cow4547,todayilearned,2025-05-25T17:44:35.058676Z
mtj2hmp,1ks51x8,reddit,"If that's true, why do people seem upset when they get bills in the mail?",2025-05-21T19:41:13Z,1,upvoter222,todayilearned,2025-05-25T17:44:35.058678Z
mtj402k,1ks51x8,reddit,Dam i handle money all day here at my job..maybe I have immunity after all these years touching cash,2025-05-21T19:48:15Z,1,Wrong-Rain6634,todayilearned,2025-05-25T17:44:35.058681Z
mtj5n7t,1ks51x8,reddit,"Cocaine is a really fine powder that gets all over everything once it's on something.   It's not just on US bills, it's  all over the place.

[https://www.snopes.com/fact-check/cocaine-on-money/](https://www.snopes.com/fact-check/cocaine-on-money/)",2025-05-21T19:55:50Z,1,bicyclemom,todayilearned,2025-05-25T17:44:35.058683Z
mtj5xtj,1ks51x8,reddit,These are some rookie numbers..,2025-05-21T19:57:14Z,1,Tacarub,todayilearned,2025-05-25T17:44:35.058685Z
mtjabnn,1ks51x8,reddit,Think I’d be worried more about fecal matter on my money! 💩🚽,2025-05-21T20:18:05Z,1,bkallal,todayilearned,2025-05-25T17:44:35.058688Z
mtjbtyf,1ks51x8,reddit,Bullshit,2025-05-21T20:25:04Z,1,Howard_Cosine,todayilearned,2025-05-25T17:44:35.058690Z
mtjbv3o,1ks51x8,reddit,I betchu 90% of bills also carry traces of sweat from strippers,2025-05-21T20:25:13Z,1,slothson,todayilearned,2025-05-25T17:44:35.058692Z
mtjcez8,1ks51x8,reddit,It's added at the print house.,2025-05-21T20:27:44Z,1,Basic-Still-7441,todayilearned,2025-05-25T17:44:35.058694Z
mtmio3w,1ks51x8,reddit,Cocaine and fecal matter go together like peanut butter and jelly,2025-05-22T09:11:26Z,1,NILBOGxxx,todayilearned,2025-05-25T17:44:35.058696Z
mtomyxr,1ks51x8,reddit,So. You’re saying we still got some work to do.,2025-05-22T16:54:19Z,1,Trashy_Panda2024,todayilearned,2025-05-25T17:44:35.058699Z
mtp064b,1ks51x8,reddit,"""Bills turned up positive for cocaine in these percentages in certain cities:

**100 percent:** Detroit, Michigan; Boston, Massachusetts; Orlando, Florida; Miami, Florida; Los Angeles, California""

yeah... 100% seems pretty high",2025-05-22T17:56:06Z,1,King_Of_The_Squirrel,todayilearned,2025-05-25T17:44:35.058701Z
mtqttat,1ks51x8,reddit,People have the temerity to snort cocaine with 1 dollar bills? As if!,2025-05-22T23:31:14Z,1,fanau,todayilearned,2025-05-25T17:44:35.058703Z
mtuz8ex,1ks51x8,reddit,Wow,2025-05-23T16:26:09Z,1,ResponsibleSky1529,todayilearned,2025-05-25T17:44:35.058705Z
mu0dkns,1ks51x8,reddit,Are we back in the 80s when every one dollar bill would test positive.,2025-05-24T14:03:53Z,1,lordfly911,todayilearned,2025-05-25T17:44:35.058707Z
mu3m0hq,1ks51x8,reddit,"And, 45% of U.S. bills carry traces of stripper's butt.",2025-05-25T01:08:35Z,1,Lord-Doobury,todayilearned,2025-05-25T17:44:35.058710Z
mtimoov,1ks51x8,reddit,I’m amazed it isn’t 99%,2025-05-21T18:24:42Z,1,ChattingToChat,todayilearned,2025-05-25T17:44:35.058712Z
mtivxsz,1ks51x8,reddit,"I imagine this will drop over time as crypto gets used more and more for drugs, money laundering etc.


Then again, crypto is becoming less and less anonymous.",2025-05-21T19:09:29Z,1,PennCycle_Mpls,todayilearned,2025-05-25T17:44:35.058715Z
mtiy4e0,1ks51x8,reddit,The other 10% is around Donny Jr's fucking nose.,2025-05-21T19:20:05Z,1,DeathLikeAHammer,todayilearned,2025-05-25T17:44:35.058717Z
mtlwhlu,1ks51x8,reddit,But did you know that nearly 100% of  shopping carts carry traces of shit?,2025-05-22T05:33:08Z,1,wolver1n,todayilearned,2025-05-25T17:44:35.058719Z
mtipd8y,1ks51x8,reddit,They lace the money with this so drug sniffing dogs can find cash.,2025-05-21T18:37:39Z,0,SFishes12,todayilearned,2025-05-25T17:44:35.058722Z
mtjdqls,1ks51x8,reddit,Contact high.,2025-05-21T20:33:51Z,0,MrBahhum,todayilearned,2025-05-25T17:44:35.058724Z
mtjeox7,1ks51x8,reddit,"I guess we finally found the answer to ""what's in your wallet?""",2025-05-21T20:38:18Z,0,screaminginfidels,todayilearned,2025-05-25T17:44:35.058726Z
mtjj3w7,1ks51x8,reddit,All my bills carry traces if cocaine,2025-05-21T20:58:57Z,0,Yella-Man,todayilearned,2025-05-25T17:44:35.058729Z
mtjl3nt,1ks51x8,reddit,While NOT on cocaine? I think not.,2025-05-21T21:07:47Z,0,cire1184,todayilearned,2025-05-25T17:44:35.058731Z
mtjl497,1ks51x8,reddit,most commonly found on bills is blood shit and cocaine. no idea why people still carry cash.,2025-05-21T21:07:52Z,0,badpineapple6400,todayilearned,2025-05-25T17:44:35.058733Z
mtjm218,1ks51x8,reddit,Huh cool! I always thought this was some middle school factoid.,2025-05-21T21:12:14Z,0,TheBatemanFlex,todayilearned,2025-05-25T17:44:35.058736Z
mtjm3zt,1ks51x8,reddit,Today you learned about a study from 2002.,2025-05-21T21:12:29Z,0,LarrySupertramp,todayilearned,2025-05-25T17:44:35.058738Z
mtjnwpk,1ks51x8,reddit,Senate bills or house bills?,2025-05-21T21:21:09Z,0,kelariy,todayilearned,2025-05-25T17:44:35.058740Z
mtjo97t,1ks51x8,reddit,"i doubt that, everyone I know uses a bullet or a straw",2025-05-21T21:22:51Z,0,Best20HandicapEver,todayilearned,2025-05-25T17:44:35.058742Z
mtjphyx,1ks51x8,reddit,You welcome,2025-05-21T21:29:01Z,0,fall3nmartyr,todayilearned,2025-05-25T17:44:35.058745Z
mtjpkzb,1ks51x8,reddit,Free cocain!,2025-05-21T21:29:26Z,0,Drink15,todayilearned,2025-05-25T17:44:35.058747Z
mtjr0j1,1ks51x8,reddit,And feces.,2025-05-21T21:36:37Z,0,415646464e4155434f4c,todayilearned,2025-05-25T17:44:35.058749Z
mtjs98m,1ks51x8,reddit,You can totally smell it,2025-05-21T21:42:56Z,0,stevoschizoid,todayilearned,2025-05-25T17:44:35.058751Z
mtjtmzh,1ks51x8,reddit,*pikachu shocked face*,2025-05-21T21:50:00Z,0,CoyoteSingle5136,todayilearned,2025-05-25T17:44:35.058754Z
mtjwe2r,1ks51x8,reddit,"*[Author] Zuo, who spoke about his research at the national meeting of the American Chemical Society on Sunday, found that $5, $10, $20 and $50 bills were more likely to be positive for cocaine than $1 bills.*

*""Probably $1 is a little too less to purchase cocaine,"" Zuo said ""I don't know exactly [why]. It's an educated guess.""*


I hate it when researchers don't go out and do the proper field work.",2025-05-21T22:04:18Z,0,majwilsonlion,todayilearned,2025-05-25T17:44:35.058756Z
mtjwlkf,1ks51x8,reddit,99.9999% of them have traces of penis and vag ... and poop (probably),2025-05-21T22:05:27Z,0,fjortisar,todayilearned,2025-05-25T17:44:35.058759Z
mtjy1e7,1ks51x8,reddit,"This is why you could test anyone for cocaine at almost any point, and they will have a trace on them, thus being flagged as positive. Cross-contamination is inevitable. I know there's probably cocaine on my desk and wallet because of it.

The reason so much airport luggage will test positive for drugs is similar. People smuggle drugs, and it inevitably leaks out of luggage or is on the luggage itself. It then gets on everything the luggage touches- floors, seats, carry-on stow area and cargo hold of planes, etc- and then gets on otherwise clean luggage, and thus on people's hands and clothes. When a search is done, since there is a trace present from cross-contamination, otherwise false tests turn out positive.",2025-05-21T22:13:10Z,0,Astronius-Maximus,todayilearned,2025-05-25T17:44:35.058761Z
mtk2xw3,1ks51x8,reddit,My bad,2025-05-21T22:40:27Z,0,MingleLinx,todayilearned,2025-05-25T17:44:35.058764Z
mtk3rq5,1ks51x8,reddit,"Everytime i did coke, i used straws from home.",2025-05-21T22:45:08Z,0,PeaOk5697,todayilearned,2025-05-25T17:44:35.058766Z
mtk5pef,1ks51x8,reddit,I thought this was only with $100 bills.,2025-05-21T22:55:57Z,0,ShadowCaster0476,todayilearned,2025-05-25T17:44:35.058768Z
mtk6qzz,1ks51x8,reddit,Yeah congress isn't even hiding their use anymore,2025-05-21T23:01:48Z,0,Elike09,todayilearned,2025-05-25T17:44:35.058771Z
mtk7ndq,1ks51x8,reddit,"Friendly reminder that Mr Krabs loves the ""smell"" of money",2025-05-21T23:06:50Z,0,LichKingDan,todayilearned,2025-05-25T17:44:35.058773Z
mtk9uh3,1ks51x8,reddit,Most also have traces of poop,2025-05-21T23:19:08Z,0,The_bruce42,todayilearned,2025-05-25T17:44:35.058775Z
mtkaazo,1ks51x8,reddit,Sorry y'all I try switch bills more often. Gotta get that to 100%,2025-05-21T23:21:46Z,0,Idontliketalking2u,todayilearned,2025-05-25T17:44:35.058777Z
mtkb1xx,1ks51x8,reddit,"According to an article from 2009 that won’t even display properly on a modern browser and whose source links are broken. 

I’d take the “findings” with a grain of salt, and wonder how accurate it is.",2025-05-21T23:26:00Z,0,mazzicc,todayilearned,2025-05-25T17:44:35.058780Z
mtkeq58,1ks51x8,reddit,"Cocaine is a very fine powder and is very ""sticky"". I don't know if it's mechanical locking with the roughness of the paper or van der waals forces or electrostatic forces, but that shit sticks. I think it's why users use mirrors, the glass is smooth AF. But it doesn't take much for a minute amount to spread over everything and leave a trace on anything around it.",2025-05-21T23:46:46Z,0,pmcall221,todayilearned,2025-05-25T17:44:35.058782Z
mtkfwqj,1ks51x8,reddit,Sniff em if ya got em!,2025-05-21T23:53:33Z,0,PrincipledBeef,todayilearned,2025-05-25T17:44:35.058785Z
mtkke5m,1ks51x8,reddit,That would mean that at 95% (or thereabouts) of people being scanned at the US borders are at risk of deep search and arrest if they have USD cash on them.,2025-05-22T00:19:40Z,0,Sharp_Simple_2764,todayilearned,2025-05-25T17:44:35.058787Z
mtkmcxv,1ks51x8,reddit,Rookie numbers.,2025-05-22T00:31:10Z,0,dstranathan,todayilearned,2025-05-25T17:44:35.058789Z
mtkmney,1ks51x8,reddit,"I work with money and counting machines, and we joke about doing lines of the money dust that covers all the machines to stay awake.",2025-05-22T00:32:55Z,0,ShittheFickup,todayilearned,2025-05-25T17:44:35.058792Z
mtknwt3,1ks51x8,reddit,The other 10% are lying,2025-05-22T00:40:17Z,0,maxdacat,todayilearned,2025-05-25T17:44:35.058794Z
mtkucda,1ks51x8,reddit,"Yeah, no. The 2009 article linked says some Metro areas. That's a far stretch and a clickbait headline ",2025-05-22T01:17:38Z,0,jrm523,todayilearned,2025-05-25T17:44:35.058797Z
mtl814b,1ks51x8,reddit,"If I lick it hard enough, will I get high?",2025-05-22T02:37:46Z,0,PM_me_punanis,todayilearned,2025-05-25T17:44:35.058799Z
mtlhvvi,1ks51x8,reddit,And what else it’s like they focused on a thing to make it the thing,2025-05-22T03:39:15Z,0,RelevantAmbition6920,todayilearned,2025-05-25T17:44:35.058802Z
mtloufz,1ks51x8,reddit,100% of mine do,2025-05-22T04:30:25Z,0,stuckinmymouth,todayilearned,2025-05-25T17:44:35.058804Z
mtltqud,1ks51x8,reddit,"Huh, I thought the numbers would be higher given how theirs a drug epidemic in our most important offices.",2025-05-22T05:09:50Z,0,GeeTheMongoose,todayilearned,2025-05-25T17:44:35.058806Z
mtlzcei,1ks51x8,reddit,"One time I was returning from Taipei to Canada and got pulled aside at the Canadian airport and thoroughly questioned and searched. They tested my wallet for drugs. I just went along with it all because I didn't do anything wrong and had time to kill, but I often wonder what if some money in my wallet had had traces of drugs on it.",2025-05-22T05:58:20Z,0,NakedSnakeEyes,todayilearned,2025-05-25T17:44:35.058808Z
msf716a,1kn2rkk,reddit,"It is played out as a theater piece every second year by nonprofessional actors from the surrounding villages, up to 500 actors, its a sight to behold.

Its happening this year again, premiere is 25 of July.

Incase you‘re visiting Austria around July-August, give it a shot.

Edit: noone is murdered.",2025-05-15T09:44:45Z,190,pn42,todayilearned,2025-05-25T17:44:36.120631Z
msexga4,1kn2rkk,reddit,"In 1620, at the beginning of the Thirty Years' War, Upper Austria was pledged by the Habsburgs to the Bavarian Duke Maximilian I for lack of its own financial resources for the war coffers. In the period that followed, Maximilian sent numerous tax officials as well as Catholic clergymen to Upper Austria to enforce the Counter-Reformation in accordance with the legal principle Cuius regio, eius religio.[2] When a Catholic priest was to be appointed in the Protestant parish of Frankenburg in May 1625, there was an armed uprising. The parish priest was chased away and the county's keeper was besieged in Frankenburg Castle. After being promised mercy, the rebels gave up the siege.

The Bavarian governor in the region above the Enns, Count Adam von Herberstorff, also promised mercy when he summoned all the male inhabitants of the county to Haushamerfeld, situated between Frankenburg and Vöcklamarkt, on 15 May to hold court over the rebels.[citation needed] A total of about 5,000 men were rounded up there, among them the 36 suspected ringleaders of the Frankenburg uprising. These were shielded by Bavarian soldiers and told by Herberstorff that they were sentenced to death. Herberstorff, however, had half of them ""pardoned"", for which he had the 36 concerned thrown dice for their lives in pairs.[1][3][4] 16 losers of the ensuing dice game were hanged, and two other losers were pardoned. A dying helper was later caught and also hanged so that a total of 17 men were judged.",2025-05-15T08:02:57Z,166,deafhuman,todayilearned,2025-05-25T17:44:36.120643Z
msey3ul,1kn2rkk,reddit,[deleted],2025-05-15T08:09:54Z,44,N/A,todayilearned,2025-05-25T17:44:36.120650Z
msg68vq,1kn2rkk,reddit,I've had DnD sessions feel like that.,2025-05-15T13:51:13Z,12,GodzillaDrinks,todayilearned,2025-05-25T17:44:36.120657Z
msf1q6c,1kn2rkk,reddit,That must be the first interesting and most importantly original TIL ive read in here for months. Thank you! Very refreshing!,2025-05-15T08:48:52Z,22,AzracTheFirst,todayilearned,2025-05-25T17:44:36.120664Z
msg5ekg,1kn2rkk,reddit,So they got sent to the shadow realm?,2025-05-15T13:46:42Z,6,LazerWeazel,todayilearned,2025-05-25T17:44:36.120671Z
msexk9u,1kn2rkk,reddit,like Squid Games,2025-05-15T08:04:08Z,15,Psalm27_1-3,todayilearned,2025-05-25T17:44:36.120679Z
mshvq9m,1kn2rkk,reddit,What was the dice game? Just roll high? Or was there skill involved?,2025-05-15T18:53:22Z,2,Sheriff_Is_A_Nearer,todayilearned,2025-05-25T17:44:36.120685Z
mrevwdv,1kif00o,reddit,"So from 597 to 1541 it was a Catholic monastery and then the crown seized the property and established The Kings School there and eventually they claimed a founding date of 597 because “it is known teaching occurred at the monastery”. 

Boy and I thought my school claiming a founding date a decade earlier than when the doors actually opened because that’s when the charter was signed was a stretch.",2025-05-09T13:04:08Z,274,George_H_W_Kush,todayilearned,2025-05-25T17:44:37.796488Z
mrer4r0,1kif00o,reddit,"Lovely school, friends have their kids there. Can you imagine having yearbooks going back to AD 597?

Oh wait, the school is older than the printing press. And the viking invasions.",2025-05-09T12:34:41Z,100,lordnacho666,todayilearned,2025-05-25T17:44:37.796495Z
mre9gda,1kif00o,reddit,Old school news,2025-05-09T10:20:56Z,68,NotInNewYorkBlues,todayilearned,2025-05-25T17:44:37.796499Z
mret019,1kif00o,reddit,"I know it started under the Julian calendar, but I reckon there's more than 13 days missing in that age calculation",2025-05-09T12:46:31Z,14,Boatster_McBoat,todayilearned,2025-05-25T17:44:37.796503Z
mrgf0tb,1kif00o,reddit,"Typical curriculum of monastic schools in this time period :

Latin and grammar, mostly learned from reading classical works like the Aeneid or Commentary of the Gallic Wars. Usual authors used to study latin grammar were Priscian and Donatus.

Music, mostly singing since musical instuments were not yet widely used in western churches. Musical lessons were such that the oblates sitting in the chapter house learned the chant from a teacher singing it to them. Each day, the teacher would listen to the oblates to be sure that they had learned the music correctly from their instructor before they sung in the services, and he was the one responsible for disciplining the boys if they made any errors in the singing as well. If learning the psalms was a long and complicated affair, learning all of the music was even moreso; Guido of Arezzo mentions that it took roughly 10 years to master the entire musical corpus of the Mass and Office.

Theology, things like Bible studies and church fathers. Most common books used to study religion were  Gregory the Great’s *Dialogues*, *Forty Gospel Homilies*, *Morals from Job*, and the *Pastoral Care*; Isidore of Seville’s *On the Church Offices*, *On the Nature of Things*, *Etymologies*, and *Synonyms*; Jerome’s *Letters* and *Commentary on Matthew*; and Augustine’s *City of God*, *On the Trinity*, *Narrations on the Psalms*, *Enchiridion*, and selected *Letters* and *Sermons*. Additionally St. Benedict’s Rule, and Eusebius’s *Church History*.

Philosophy and logic, mostly from latin sources. Timaeus was the only book by Platon full available in the west, Aristotels books on logic were also available.

Astronomy, mostly about calculating date for Easter but some monks recorded movement of stars and planets and comets (and yes, they knew the Earth is round). 

Medicine, maybe not always mandatory but monasteries did had herbal gardens and made medicine from it. They had access to works of Galen.

Rhetoric, the study of speach, heavily based on works by Cicero.

Arithmetic and geometry, basic theoretical math, works by Euclid were already translated to latin.

The library of the average early medieval monastery contained no more than 50 books. Instead of a library we should picture a modestly sized cupboard. The great libraries of England—like in Winchester and Ramsey—probably had twice that number. 

Susan Boynton, “Training for the liturgy as a form of monastic education,” pages 7-20 in *Medieval Monastic Education*, edited by George Ferzoco and Carolyn Muessig (London: Leicester University Press; 2000), 8.

Michael Lapdige, “The Study of Latin Texts in late Anglo-Saxon England,” ",2025-05-09T17:51:13Z,5,TheMadTargaryen,todayilearned,2025-05-25T17:44:37.796507Z
mreshvn,1kif00o,reddit,"As I often have to point out to those of a US persuasion, I often work in buildings (schools, but not this particular one) older than their country's establishment.

My current workplace is rather modern in comparison being only a 17th Century farm building that was turned into a school in the 1930's.

(It is quite funny when people say ""but why is it built like that"" and you have to point out that the core building is 400 years old).",2025-05-09T12:43:22Z,23,ledow,todayilearned,2025-05-25T17:44:37.796510Z
mrjwmdx,1kif00o,reddit,"Another ancient school is in Ely, Cambridgeshire, UK

https://en.m.wikipedia.org/wiki/King's_Ely

*founded in 970 AD, making it one of the oldest schools in the world. It was given its first royal charter by King Henry VIII in 1541, its second by Queen Elizabeth I in 1562, and its third by King Charles II in 1666*",2025-05-10T07:11:24Z,2,speculatrix,todayilearned,2025-05-25T17:44:37.796514Z
mrf0j63,1kif00o,reddit,"1420 + 597 = 2017.

Have you been in a coma?",2025-05-09T13:31:15Z,4,reisebuegeleisen,todayilearned,2025-05-25T17:44:37.796518Z
mrevorz,1kif00o,reddit,"Well and there was me being impressed with Beverley Grammar School, founded AD700. Good, but not the oldest!",2025-05-09T13:02:51Z,2,bushidojet,todayilearned,2025-05-25T17:44:37.796521Z
mrhenli,1kif00o,reddit,"the ""traditions"" section has no sources and seems to be written by chatgpt",2025-05-09T20:53:26Z,1,ExpressoDepresso03,todayilearned,2025-05-25T17:44:37.796526Z
mrexyx0,1kif00o,reddit,"[https://en.wikipedia.org/wiki/Sichuan\_Chengdu\_Shishi\_High\_School](https://en.wikipedia.org/wiki/Sichuan_Chengdu_Shishi_High_School)

This is the oldest school in the world.",2025-05-09T13:16:24Z,1,Tall_Process_3138,todayilearned,2025-05-25T17:44:37.796533Z
mrgy90d,1kif00o,reddit,A friend of a friend found a cannonball in their house during renovations. Historians determined that it was a stray round from the battle of Vågen in 1665.,2025-05-09T19:29:01Z,1,SendPicOfUrBaldPussy,todayilearned,2025-05-25T17:44:37.796537Z
mrea615,1kif00o,reddit,[deleted],2025-05-09T10:27:29Z,-23,N/A,todayilearned,2025-05-25T17:44:37.796541Z
mr439h1,1kh4y4s,reddit,"I ran [this dude's pamphlet](https://www.chiesaviva.com/484%20mensile.pdf) through Google translate, and apparently it was the Masonic New World Order that was going to nuke Rome, for New World Ordery reasons. Part of the proof is that there were a lot of a nuclear tests in 1958, which seems like airtight reasoning, as there was definitely nothing else going on in the world besides an old dude getting fitted for a fancy hat.",2025-05-07T18:51:07Z,482,EndoExo,todayilearned,2025-05-25T17:44:38.839877Z
mr4ahb0,1kh4y4s,reddit,"Note that like most conspiracy theory this was created way after the fact by wishful thinking

Essentially the most reactionary fringe of Catholics trying to find justification on why Vatican 2 wasn't valid since they didn't like it and the direction the church has taken since",2025-05-07T19:26:13Z,280,Itchiko,todayilearned,2025-05-25T17:44:38.839882Z
mr4j072,1kh4y4s,reddit,"Unsurprisingly, a theory started by and spread by fringe American traditionalist Catholics in the late 80s onwards, decades after any of it happened. The theory holds that Cardinal Siri won in 1958, 1963, and both times in 1978, and that each time Rome was threatened with nuclear destruction by the Soviet Union unless a different Pope was elected. 

The “evidence” for this is that on a few occasions the papal signals appeared to show white smoke for upto half an hour before turning black, which led to some briefly confusing reporting on whether a Pope had been elected. The theory is that Siri was elected in each time, the signal sent up, but somehow the Soviet Union got wind of the winner first, and sent or RESENT the threats, sometimes multiple times per conclave, leading to the conclave to change the smoke to black, and rescind the result. No concrete proof for any of this of course, since the Papal ballots are never made public at all. 

Naturally the theory is that this was being orchestrated by International Jewry and Freemasons. Those pesky buggers again. Always getting up to some hijinks. They presumably wanted unpopular liberal Popes elected to undermine the traditional values of the Church rather than having some sort of arch-conservative anti-commie sweep. 

Editorialising here, but I think this might just be a little case of conservatives not realising how uncommon or unpopular their views are. I know people have a tendency to see themself as the most normal, most rational, most sensible middle of the road, views-wise, but it does bare some internal examination when you have to keep coming up with increasingly large conspiracies as to why exactly your supposedly popular views never seem to take root in serious circles.",2025-05-07T20:07:33Z,173,WhapXI,todayilearned,2025-05-25T17:44:38.839885Z
mr443bq,1kh4y4s,reddit,"“Hey Siri, why weren’t you ever Pope?”",2025-05-07T18:55:06Z,39,slopezski,todayilearned,2025-05-25T17:44:38.839887Z
mr42plj,1kh4y4s,reddit,Wow.  Another “Stop the Steal.”  Probably both are equally fictitious.,2025-05-07T18:48:29Z,46,Yaguajay,todayilearned,2025-05-25T17:44:38.839889Z
mr46tzq,1kh4y4s,reddit,When your galero is made of tinfoil.,2025-05-07T19:08:22Z,6,MeatImmediate6549,todayilearned,2025-05-25T17:44:38.839891Z
mr4o4eo,1kh4y4s,reddit,Hey Siri!,2025-05-07T20:31:51Z,2,DusqRunner,todayilearned,2025-05-25T17:44:38.839893Z
mr73ju1,1kh4y4s,reddit,My,2025-05-08T05:12:42Z,1,dylanstalker,todayilearned,2025-05-25T17:44:38.839895Z
mr7aibz,1kh4y4s,reddit,Somewhere across Perot is nodding along.,2025-05-08T06:16:49Z,1,Chocolate_Bourbon,todayilearned,2025-05-25T17:44:38.839898Z
mrihak3,1kh4y4s,reddit,"Nuked?

First Ghandi and now the Vatican. What is the world coming to.",2025-05-10T00:39:46Z,1,Varnigma,todayilearned,2025-05-25T17:44:38.839900Z
mpgu8gm,1k9th8c,reddit,"The service and big bird’s part: 

https://www.youtube.com/watch?v=lrZyMptC2eQ",2025-04-28T11:45:24Z,51,Tall_Ant9568,todayilearned,2025-05-25T17:44:39.817671Z
mpi6wsg,1k9th8c,reddit,"Jim Henson was fine when Russian ballet dancer, Rudolf Nureyev's asked to dance with Miss Piggy for the Muppet Show.  A special body suit had to be constructed for the dancer who was actually Graham Fletcher, a male ballet dancer for the Royal Ballet in London.   So without any further ado, the brilliant Nureyev and the astonishing Miss Piggy in, Swine Lake, Act II.....

[Rudolph Nureyev at Muppet Show - YouTube](https://www.youtube.com/watch?v=aHbGqJ_MonU&t=2s)",2025-04-28T16:19:13Z,21,Laura-ly,todayilearned,2025-05-25T17:44:39.817676Z
mphalxs,1k9th8c,reddit,The puppeteer and a friend of 30 years… title reads like its two separate people but im assuming its just one?,2025-04-28T13:32:16Z,15,Leezeebub,todayilearned,2025-05-25T17:44:39.817679Z
mphui66,1k9th8c,reddit,"Mid-May 1990 I was in my first month of treeplanting out in the wilds of British Columbia. My planting partner and I were bagging up with more trees at our cache out on the block when our foreman rode up on a quad with tree boxes. ""Sammy Davis Jr died,"" he said. ""Oh, man,"" we responded. ""Jim Henson died."" ""OH, SHIT!""",2025-04-28T15:17:36Z,28,MrPanchole,todayilearned,2025-05-25T17:44:39.817682Z
mph0tpv,1k9th8c,reddit,By far the saddest song ever recorded.,2025-04-28T12:31:43Z,19,Fantastic_Puppeter,todayilearned,2025-05-25T17:44:39.817685Z
mphidm5,1k9th8c,reddit,And he cracked up at the very end of it,2025-04-28T14:15:12Z,6,sir_duckingtale,todayilearned,2025-05-25T17:44:39.817688Z
mpq60ju,1k9th8c,reddit,"I was driving home from work when I heard the news.  And then the radio station played ""Rainbow Connection"" and I sobbed the rest of the way home.  He died way too soon.",2025-04-29T20:51:45Z,3,Halogen12,todayilearned,2025-05-25T17:44:39.817691Z
mpi1l2v,1k9th8c,reddit,Literally just listened to a podcast about Jim. Seemed like a truly amazing person,2025-04-28T15:52:41Z,6,SpencerE,todayilearned,2025-05-25T17:44:39.817693Z
mpwu91b,1k9th8c,reddit,"Yeah, if I ever need a good cry, this is on top.",2025-04-30T21:25:29Z,2,citizenjones,todayilearned,2025-05-25T17:44:39.817696Z
mpieczf,1k9th8c,reddit,OMG Henson has been dead for 35 years!,2025-04-28T16:55:46Z,5,reddit_user13,todayilearned,2025-05-25T17:44:39.817699Z
mpz0gwo,1k9th8c,reddit,I don’t believe it was thirty years.,2025-05-01T05:21:55Z,1,Significant-Age-1238,todayilearned,2025-05-25T17:44:39.817702Z
mplyx0u,1k9th8c,reddit,is this posted because Disney just dropped a Jim Henson movie?,2025-04-29T04:57:02Z,0,someLemonz,todayilearned,2025-05-25T17:44:39.817705Z
mqrjmer,1kfl68w,reddit,"“There were at least 10 other Fish family members with the Quaker given name Preserved, whose lineages are often confused.”

That’s quite a school of Fish.",2025-05-05T20:01:17Z,310,At_First_I,todayilearned,2025-05-25T17:44:40.929329Z
mqrztdg,1kfl68w,reddit,"Imagine the type of person you have to be, to have ""a rough, obstinate, and eccentric man"" written in your obituary in 1846.",2025-05-05T21:20:41Z,93,scrubjays,todayilearned,2025-05-25T17:44:40.929333Z
mqrj2gr,1kfl68w,reddit,The man was named Preserved Fish his companies had other names.,2025-05-05T19:58:36Z,63,Sdog1981,todayilearned,2025-05-25T17:44:40.929336Z
mqrjepd,1kfl68w,reddit,"Godspeed, ya old anchovy.",2025-05-05T20:00:14Z,26,triple_cloudy,todayilearned,2025-05-25T17:44:40.929339Z
mqrmh6h,1kfl68w,reddit,"What about the famous cattle rustler ""Beef Jerky""?",2025-05-05T20:15:09Z,13,brokefixfux,todayilearned,2025-05-25T17:44:40.929341Z
mqtnng8,1kfl68w,reddit,"If I had a nickel for every time I read a biography with the phrase ""He prospered as a merchant"". Maybe I should become a merchant... 🤔",2025-05-06T03:00:21Z,3,mustardhamsters,todayilearned,2025-05-25T17:44:40.929343Z
mqrjr37,1kfl68w,reddit,"Of course, a whale is not a fish. It's an insect.",2025-05-05T20:01:55Z,5,TenMinJoe,todayilearned,2025-05-25T17:44:40.929347Z
mqs24aa,1kfl68w,reddit,"I desperately assumed he had joined a Native American/Polynesian tribe and was given a Crazy Horse style name, although way less cool. Fucking hell, imagine giving your child the name Preserved Fish, sounds like something Douglas Adams would write",2025-05-05T21:32:39Z,5,IWrestleSausages,todayilearned,2025-05-25T17:44:40.929349Z
mqsev3f,1kfl68w,reddit,Whale oil be damned,2025-05-05T22:42:11Z,2,Ignorhymus,todayilearned,2025-05-25T17:44:40.929351Z
mqsoqbd,1kfl68w,reddit,His grandson was a real jerk,2025-05-05T23:37:18Z,2,TallEnoughJones,todayilearned,2025-05-25T17:44:40.929353Z
mquhi77,1kfl68w,reddit,"His parents must have been so WASPy that they had no idea preserved fish was a staple food for immigrant peoples.

Interestingly I’d often pass his grave in the East Village Marble Cemetery on my way home from picking up some delicious bagels and lox at Russ and Daughters.",2025-05-06T07:06:29Z,2,auximines_minotaur,todayilearned,2025-05-25T17:44:40.929355Z
mqwbhyl,1kfl68w,reddit,"Bit late but his name was Preservéd (pre-ser-vid) fish, it's a Christian first name where you just name them something holy, like calling your daughter Mercy",2025-05-06T15:14:51Z,2,MattiasCrowe,todayilearned,2025-05-25T17:44:40.929358Z
mqs6err,1kfl68w,reddit,"Another superbly named New Yorker, a couple of generations later, was the landowner, poet, and friend of Mark Twain’s named Bloodgood Cutter.",2025-05-05T21:55:13Z,1,prosa123,todayilearned,2025-05-25T17:44:40.929360Z
mqua4eq,1kfl68w,reddit,"Would his name have been meant as we read it today (like ""a fish product which has been treated to extend it's shelf life""), or is it like the early American thing of naming your kid after some weird Christian thing like ""Increase"" or ""Reason"" and then Fish was just the family name? ",2025-05-06T05:53:31Z,1,coolguy420weed,todayilearned,2025-05-25T17:44:40.929362Z
mrcgtic,1kfl68w,reddit,Killick! Killick there!,2025-05-09T01:13:21Z,1,MacAlkalineTriad,todayilearned,2025-05-25T17:44:40.929364Z
mqs4sm2,1kfl68w,reddit,"You should read about his Japanese brother, Sushi-grade.",2025-05-05T21:46:40Z,-2,EmperorBozopants,todayilearned,2025-05-25T17:44:40.929366Z
mqsq2d3,1kfl68w,reddit,Cool. I hope he died slowly and painfully.,2025-05-05T23:44:45Z,-11,TwinFrogs,todayilearned,2025-05-25T17:44:40.929368Z
mr3p4lc,1kh31df,reddit,"for those who want to know, he was pissed off because he was planning to sail on a different ship but that one got cancelled so he had to leave a week early on the Titanic, which meant he missed seeing a buddy who was gonna be in town",2025-05-07T17:43:52Z,242,MysteryBagIdeals,todayilearned,2025-05-25T17:44:42.070610Z
mr3nt2z,1kh31df,reddit,"Seems Andrew wasn't the only one wishing for Titanic at the bottom of the ocean. 
Apparently, on April 9, 1912, Titanic second class bedroom steward George Arthur Bedeem also wrote in a letter to his wife and son about Titanic: ""...I wish the bally ship at the bottom of the sea.""",2025-05-07T17:37:44Z,53,TheCrimsonWand,todayilearned,2025-05-25T17:44:42.070629Z
mr3m9gm,1kh31df,reddit,He ded for those that don’t want to read. ,2025-05-07T17:30:27Z,105,Plane-Tie6392,todayilearned,2025-05-25T17:44:42.070643Z
mr3n6xh,1kh31df,reddit,Careful what you wish for….🧞‍♂️,2025-05-07T17:34:52Z,12,sitmjm01,todayilearned,2025-05-25T17:44:42.070655Z
mr3la40,1kh31df,reddit,Now that’s foreshadowing,2025-05-07T17:25:53Z,29,Tinkerer0fTerror,todayilearned,2025-05-25T17:44:42.070669Z
mr3ous1,1kh31df,reddit,"“I state my regret.”

>Dwight Schrute

>>Mr. Three-First-Names over here",2025-05-07T17:42:36Z,7,Orange-V-Apple,todayilearned,2025-05-25T17:44:42.070682Z
mr3l42c,1kh31df,reddit,"Chandler M. Bing: *""And I just want a million dollars""*",2025-05-07T17:25:06Z,11,Asha_Brea,todayilearned,2025-05-25T17:44:42.070695Z
mr4e80w,1kh31df,reddit,Reminds me of the story Waylon Jennings told about giving up his seat on the plane to Ritchie Valens. Ritchie jokingly said “I hope your bus freezes” and Waylon said back “well I hope your plane crashes”,2025-05-07T19:44:25Z,6,iowaman79,todayilearned,2025-05-25T17:44:42.070709Z
mr3n4lt,1kh31df,reddit,"""Right now"" was time limited.",2025-05-07T17:34:33Z,4,FredFlintston3,todayilearned,2025-05-25T17:44:42.070722Z
mr3o2go,1kh31df,reddit,r/themonkeyspaw,2025-05-07T17:38:57Z,5,greenknight884,todayilearned,2025-05-25T17:44:42.070735Z
mr5ipxm,1kh31df,reddit,"Kid was seemingly only 17- says he was born in 1895, ship sank in 1912. And he was going to America not just for his brother's wedding, but to work in his fiancee's father's factory. What a time to be alive.",2025-05-07T23:11:10Z,5,bendbars_liftgates,todayilearned,2025-05-25T17:44:42.070749Z
mr54e7s,1kh31df,reddit,My great grand uncle sailed on her and the night before he had a premonition it would sink. He got on thinking if he went home he would be made fun of by his friends for being chicken. Survived aboard a capsized lifeboat and lived and died in NY never to board a boat again.,2025-05-07T21:51:04Z,7,boyga01,todayilearned,2025-05-25T17:44:42.070762Z
mr4aw5h,1kh31df,reddit,His wish didn't come true since he specified a time. Sounds more like a curse lol,2025-05-07T19:28:14Z,2,dAnKsFourTheMemes,todayilearned,2025-05-25T17:44:42.070775Z
mr5zh03,1kh31df,reddit,"His wish was ""right now"" not ""a week from now""",2025-05-08T00:47:51Z,2,l3ane,todayilearned,2025-05-25T17:44:42.070788Z
mr6bla8,1kh31df,reddit,Never trust a guy with three first names.,2025-05-08T01:56:44Z,2,ScreenTricky4257,todayilearned,2025-05-25T17:44:42.070801Z
mr737xo,1kh31df,reddit,"As he said it, one finger from the monkeys paw curled",2025-05-08T05:09:49Z,2,TheGamerXym,todayilearned,2025-05-25T17:44:42.070820Z
mr3qk3t,1kh31df,reddit,Be careful what you wish for...,2025-05-07T17:50:32Z,1,Englandshark1,todayilearned,2025-05-25T17:44:42.070833Z
mr43jxi,1kh31df,reddit,Any mention of finding an old lamp in the letter?,2025-05-07T18:52:30Z,1,yIdontunderstand,todayilearned,2025-05-25T17:44:42.070847Z
mr4fm6a,1kh31df,reddit,His sentiment was coldly received,2025-05-07T19:51:06Z,1,TooMad,todayilearned,2025-05-25T17:44:42.070860Z
mr4xnqg,1kh31df,reddit,"Then he got mad about that, too.",2025-05-07T21:16:42Z,1,Deitaphobia,todayilearned,2025-05-25T17:44:42.070873Z
mr9zsc0,1kh31df,reddit,"Whoa, really? What happened? ",2025-05-08T17:17:46Z,1,coolguy420weed,todayilearned,2025-05-25T17:44:42.070887Z
mrcbkux,1kh31df,reddit,"My great grandmother was supposed to come to the US on the Titanic, but they waited too long to get tickets and had to take the next boat instead. I think of it every time I'm madly refreshing Ticketmaster trying to be faster than the bots (which I used to be good at, years ago)",2025-05-09T00:41:05Z,1,gimmemoresalad,todayilearned,2025-05-25T17:44:42.070900Z
mr6554h,1kh31df,reddit,You really didn't need to say the last bit sunshine,2025-05-08T01:20:41Z,-1,gudanawiri,todayilearned,2025-05-25T17:44:42.070913Z
moy6uws,1k7i27d,reddit,"Oh, those AARP mags that go in my trash every week? So much junk mail!!!!",2025-04-25T11:00:59Z,137,spdorsey,todayilearned,2025-05-25T17:44:43.171282Z
moyg07u,1k7i27d,reddit,"My parents have 2 or 3 daily newspapers, and who knows how many magazine subscriptions, but it has to be at least a dozen including several from AARP. They recycle, but the stuff comes, and gets put directly in the bin. Piles and piles every month.  I doubt it even gets recycled, I think paper sometimes just gets sent to the landfill anyway. The waste culture is nuts.",2025-04-25T12:07:44Z,59,t20six,todayilearned,2025-05-25T17:44:43.171286Z
moybtz4,1k7i27d,reddit,The most printed and diffused book in the world was the IKEA catalogue. (They stopped publishing it few years ago for environnemental reasons),2025-04-25T11:39:02Z,34,Thorbork,todayilearned,2025-05-25T17:44:43.171288Z
moyi0fa,1k7i27d,reddit,"It is also annoying as shit and impossible to cancel. If you can't stop the damn thing from showing up, and you get ""signed up"" got get one automatically then of course it is going to have a high circulation rate.


On the other hand, the magazine funds the USPS. So it does some good.",2025-04-25T12:20:51Z,25,elcuydangerous,todayilearned,2025-05-25T17:44:43.171290Z
mp0z4jj,1k7i27d,reddit,"Should automatic subscriptions like this really ""count?"" If the magazine is automatically sent to all members, there's no way to know how many people actually _want_ it.",2025-04-25T19:51:50Z,7,cwthree,todayilearned,2025-05-25T17:44:43.171292Z
mp0rivi,1k7i27d,reddit,"That used to be pretty common. A lot of companies would create a magazine and circulate it to their biggest customers. 
For a while I think Game Informer was the third most circulated magazine back when GameStop was a big deal. 

You don’t see many of them anymore",2025-04-25T19:13:11Z,3,CFBCoachGuy,todayilearned,2025-05-25T17:44:43.171294Z
mp0mkgq,1k7i27d,reddit,TIL I get that silly magazine because I’m an executive member. I thought everyone got one!,2025-04-25T18:48:24Z,2,pchubbs,todayilearned,2025-05-25T17:44:43.171296Z
moz440d,1k7i27d,reddit,What’s a magazine?,2025-04-25T14:24:53Z,3,tjcanno,todayilearned,2025-05-25T17:44:43.171298Z
moyihzu,1k7i27d,reddit,AARP wants me to join. I don't see it how it benefits me.,2025-04-25T12:24:00Z,2,Nonameswhere,todayilearned,2025-05-25T17:44:43.171300Z
moyy51s,1k7i27d,reddit,The AARP mags are mostly stores about how fantastic life is for the beautiful rich people.,2025-04-25T13:54:14Z,1,Underp0pulation,todayilearned,2025-05-25T17:44:43.171302Z
moz5n47,1k7i27d,reddit,That’s cuz it’s free.,2025-04-25T14:32:28Z,1,norby2,todayilearned,2025-05-25T17:44:43.171304Z
mp0bkak,1k7i27d,reddit,Uline catalog has got to be in the top-5,2025-04-25T17:54:27Z,1,ash_274,todayilearned,2025-05-25T17:44:43.171306Z
mp0veuo,1k7i27d,reddit,I've been an executive member for 5 years and have never received one. Didn't even know it existed.,2025-04-25T19:32:57Z,1,Three_Licks,todayilearned,2025-05-25T17:44:43.171308Z
mp29yqy,1k7i27d,reddit,"Costco connection is one of \~3 magazines that I read each month. Sure its content is also online but if I'm on a device I'm definitely consuming ""better"" content. I'm middle aged and shop pretty religiously at Costco, although I'm not quite old enough to wear Kirkland pants.",2025-04-26T00:05:17Z,1,jacob_statnekov,todayilearned,2025-05-25T17:44:43.171309Z
mp34m10,1k7i27d,reddit,I'm literally sitting next to a Costco Connection magazine right now at home.,2025-04-26T03:10:09Z,1,1320Fastback,todayilearned,2025-05-25T17:44:43.171311Z
mp54qdc,1k7i27d,reddit,"I get the costco mag, 90% ads of what's on sale.",2025-04-26T13:22:34Z,1,CurrentlyLucid,todayilearned,2025-05-25T17:44:43.171313Z
mp18fur,1k7i27d,reddit,Only reason so many AARP magazine subscriptions exist is because old people can't figure out the technology necessary to cancel them.,2025-04-25T20:39:11Z,1,AGrandNewAdventure,todayilearned,2025-05-25T17:44:43.171315Z
moytzd7,1k7i27d,reddit,"You see kids, magazines were paper versions of buzzfeed, reddit and your stepdad's blog. People used to subscribe to them out of guilt when a kid came to your door during dinner trying to sell them. And in much the same way you browse buzzfeed, reddit or your stepdad's blog, people kept magazines in waiting rooms, workplace lunch rooms and the toilet so they could be read.",2025-04-25T13:31:42Z,0,AudibleNod,todayilearned,2025-05-25T17:44:43.171317Z
mtm3mjr,1ksk1ki,reddit,So... just normal Britain then,2025-05-22T06:38:40Z,243,Fetlocks_Glistening,todayilearned,2025-05-25T17:44:44.283475Z
mtmecdp,1ksk1ki,reddit,That would be a cozy 2 million years of sleep.,2025-05-22T08:26:18Z,54,Affectionate-Ad-6934,todayilearned,2025-05-25T17:44:44.283482Z
mtme49j,1ksk1ki,reddit,Is this why dinosaurs tend to have long necks?,2025-05-22T08:23:56Z,67,cleon80,todayilearned,2025-05-25T17:44:44.283485Z
mtmrsw0,1ksk1ki,reddit,"And today's forecast, SUNSHINE LOTS OF SUNSHINE. 

Just kidding. It's going to rain again, just like the last 509,000 years. Back to you, Ted and Jane.",2025-05-22T10:38:31Z,40,Possible-Tangelo9344,todayilearned,2025-05-25T17:44:44.283489Z
mtmt5wr,1ksk1ki,reddit,Did you watch jeopardy last night op?,2025-05-22T10:49:53Z,34,CABJ_Riquelme,todayilearned,2025-05-25T17:44:44.283492Z
mtmjjzg,1ksk1ki,reddit,Whatever land creatures lived during that period must have been really pruney.,2025-05-22T09:20:35Z,29,TJ_McWeaksauce,todayilearned,2025-05-25T17:44:44.283496Z
mtmq9rm,1ksk1ki,reddit,[here’s](https://old.reddit.com/r/Documentaries/comments/1herl2d/how_a_2millionyear_storm_allowed_dinosaurs_to/) another Reddit post with video about how the Carnian Pluvial Event allowed dinosaurs to rise,2025-05-22T10:25:01Z,8,401jamin,todayilearned,2025-05-25T17:44:44.283499Z
mtn8m6v,1ksk1ki,reddit,This is currently happening in coastal New Hampshire lmao,2025-05-22T12:37:59Z,2,sofassa,todayilearned,2025-05-25T17:44:44.283503Z
mtmeklq,1ksk1ki,reddit,..other what????! I have to know (and refuse to read the article).,2025-05-22T08:28:43Z,5,bast007,todayilearned,2025-05-25T17:44:44.283506Z
mtmezq9,1ksk1ki,reddit,"Or, to give it it's colloquial name, ""a British heat wave"".",2025-05-22T08:33:10Z,2,TheProfessionalEjit,todayilearned,2025-05-25T17:44:44.283510Z
mtqvnmo,1ksk1ki,reddit,I want to go to then.,2025-05-22T23:41:46Z,1,newimprovedmoo,todayilearned,2025-05-25T17:44:44.283513Z
mtrzczu,1ksk1ki,reddit,"So based on the rainfall I've seen these past couple months means we're gonna have dinosaurs again? Cool, I dig it!",2025-05-23T03:47:14Z,1,stack81,todayilearned,2025-05-25T17:44:44.283517Z
mtwja6p,1ksk1ki,reddit,"Sounds like it was a lot of rain but not a continuous rain storm, raining every day, all day long, which is what I thought the original post implied.",2025-05-23T21:01:52Z,1,ClimbingCoach,todayilearned,2025-05-25T17:44:44.283521Z
mts7qch,1ksk1ki,reddit,This is a BIG problem. How do we spin it to blame Trump and W?,2025-05-23T04:51:08Z,0,ReferenceMediocre369,todayilearned,2025-05-25T17:44:44.283525Z
mtm8rnu,1ksk1ki,reddit,Imagine 2 million years of non-stop rain The Carnian Pluvial Event reshaped Earth wiping out some species and giving rise to others including our dinosaur friends,2025-05-22T07:28:48Z,-76,LustRiddle,todayilearned,2025-05-25T17:44:44.283532Z
mqv6l32,1kg1u45,reddit,He knew the pasta trees were becoming extinct. Basta with the pasta!,2025-05-06T11:17:56Z,227,alien4649,todayilearned,2025-05-25T17:44:45.857817Z
mqvc23w,1kg1u45,reddit,"Reason was that most pasta made in Italy was made using wheat flour brought from abroad, while the other staple grain in the Italian diet was rice, which was grown locally, Italian fascist/futurist wanted a stronger and more independent Italy and wanted to cut on food import.",2025-05-06T11:57:59Z,200,Otto_Von_Waffle,todayilearned,2025-05-25T17:44:45.857824Z
mqv88l5,1kg1u45,reddit,Wait. Italians continue to eat pasta?!,2025-05-06T11:30:38Z,49,OllieFromCairo,todayilearned,2025-05-25T17:44:45.857827Z
mqv7wwz,1kg1u45,reddit,Can't say I'm surprised about fascists doing stupid shit that no one cares about and serves no purpose.,2025-05-06T11:28:10Z,40,v-komodoensis,todayilearned,2025-05-25T17:44:45.857831Z
mqw1x5e,1kg1u45,reddit,He was a futurist-a and wanted to ban the past-a. Makes sense,2025-05-06T14:28:16Z,5,VonSpuntz,todayilearned,2025-05-25T17:44:45.857834Z
mqv7tyn,1kg1u45,reddit,"Futurists were fucking crazy. IMO, precursors of the loons we unfortunately have in power nowadays (though at that time, they were actually treated like loons rather than voted into office).",2025-05-06T11:27:33Z,26,threeknobs,todayilearned,2025-05-25T17:44:45.857838Z
mqv8mse,1kg1u45,reddit,Spaghetti made him nervous.  He was pasta tense.,2025-05-06T11:33:33Z,20,Rossum81,todayilearned,2025-05-25T17:44:45.857841Z
mqvb69n,1kg1u45,reddit,Marinetti is my favorite pasta dish,2025-05-06T11:51:50Z,2,MurseMan1964,todayilearned,2025-05-25T17:44:45.857845Z
mqvbnp9,1kg1u45,reddit,I need a source on that second sentence /s,2025-05-06T11:55:13Z,2,SirHawrk,todayilearned,2025-05-25T17:44:45.857848Z
mqy8403,1kg1u45,reddit,Later he also tried to get pizza banned and was killed by a hungry mob.,2025-05-06T20:41:38Z,2,xX609s-hartXx,todayilearned,2025-05-25T17:44:45.857851Z
mqz5104,1kg1u45,reddit,Probably against penne lisce.  The smoothness doesn't hold the sauce.,2025-05-06T23:31:45Z,2,TheSchlaf,todayilearned,2025-05-25T17:44:45.857855Z
mqv7pfn,1kg1u45,reddit,[deleted],2025-05-06T11:26:35Z,4,N/A,todayilearned,2025-05-25T17:44:45.857858Z
mqv9zn4,1kg1u45,reddit,He thought the notion of pasta was fusilli and that moved him to penne down his manifesto? Maybe he should've eaten more pasta. Don't gnocchi-t until you try it.,2025-05-06T11:43:26Z,2,GenericUsername2056,todayilearned,2025-05-25T17:44:45.857862Z
mqv9yt8,1kg1u45,reddit,Italians: “Heil who?” *slurps aggressively*,2025-05-06T11:43:16Z,2,Soloact_,todayilearned,2025-05-25T17:44:45.857865Z
mqvbbrx,1kg1u45,reddit,He was past them,2025-05-06T11:52:54Z,1,coolcosmos,todayilearned,2025-05-25T17:44:45.857869Z
mqvbouj,1kg1u45,reddit,In ITALY of all places?!?!?!,2025-05-06T11:55:26Z,1,Good_Prompt8608,todayilearned,2025-05-25T17:44:45.857872Z
mqw1bd1,1kg1u45,reddit,A man can dream,2025-05-06T14:25:13Z,1,LorenzoApophis,todayilearned,2025-05-25T17:44:45.857876Z
mqyoy9v,1kg1u45,reddit,"My brain first read Italian tourist instead of futurist and for a hot second I was very confused. 

Well this might be an interesting thing to considering when I ran across the loons that are brainwashed into thinking wheat is bad.",2025-05-06T22:03:47Z,1,StormerBombshell,todayilearned,2025-05-25T17:44:45.857879Z
mqz6x5j,1kg1u45,reddit,"The whole recipe book is a doozy, the Down the Rabbit Hole guys did a video reading through it: https://www.youtube.com/watch?v=-dq3KkpOk9w",2025-05-06T23:42:18Z,1,DAL59,todayilearned,2025-05-25T17:44:45.857883Z
mqzbeni,1kg1u45,reddit,"Yeah, good luck trying to ban pasta in Italy, THAT'LL definitely stick.",2025-05-07T00:07:53Z,1,FrankPankNortTort,todayilearned,2025-05-25T17:44:45.857887Z
mqzsa1j,1kg1u45,reddit,"""Why do I hear _Bella Ciao_ all of a sudden??""",2025-05-07T01:46:57Z,1,unclemandy,todayilearned,2025-05-25T17:44:45.857890Z
mr34pxe,1kg1u45,reddit,Marinetti’s futurist cookbook is amazing reading,2025-05-07T16:06:25Z,1,lo_fi_ho,todayilearned,2025-05-25T17:44:45.857894Z
mqvcv82,1kg1u45,reddit,Why though ,2025-05-06T12:03:35Z,0,__-_-_--_--_-_---___,todayilearned,2025-05-25T17:44:45.857897Z
mqvf4on,1kg1u45,reddit,Sounds like a real moron tbh,2025-05-06T12:18:52Z,0,master_ov_khaos,todayilearned,2025-05-25T17:44:45.857901Z
mrhfa8y,1kisedv,reddit,"*Normal Veggies* - Must be kept at a specific temperature and humidity range

*Potatoes* ***W H E R E ' S  T H E  E  F F I N G  S O I L ???***",2025-05-09T20:56:42Z,113,neoengel,todayilearned,2025-05-25T17:44:46.841588Z
mrh9p37,1kisedv,reddit,"They also contain a deadly poison called Solanine, which can make you seriously ill if you eat un-sprouted potatoes. Eating 20 would severely injure you, eating roughly roughly 40 green, unsprouted potatoes would kill a grown man.",2025-05-09T20:27:59Z,80,Tall_Ant9568,todayilearned,2025-05-25T17:44:46.841600Z
mrhei6l,1kisedv,reddit,"So the eyes are sensitive to sunlight, and can detect it?  

Didn't know, that's a cool TIL.",2025-05-09T20:52:39Z,24,grapedog,todayilearned,2025-05-25T17:44:46.841608Z
mrhan4k,1kisedv,reddit,"Also in different environmental conditions, like drought, the potatoes can go dormant and choose not to create a root system if the soil isn’t right.",2025-05-09T20:32:49Z,15,Tall_Ant9568,todayilearned,2025-05-25T17:44:46.841615Z
mrjaffm,1kisedv,reddit,"The best use of potato eyes I ever witnessed was a company cafeteria that had satisfaction survey cards at every table.

One day, a co-worker ordered the potato skins, and that's pretty much all they were, just the skin of the potato. Worse, one of the potatoes still had two eyes on it.

So, my co-worker filled in the survey card, gave it very poor rating, and drew an unhappy face at the bottom of the card to indicate his displeasure. 

To drive the point home, he cut the eyes out of the potato and used them as the eyes for the unhappy face.",2025-05-10T03:55:53Z,5,billdehaan2,todayilearned,2025-05-25T17:44:46.841622Z
mrhu35d,1kisedv,reddit,A violent panda.,2025-05-09T22:19:03Z,3,knightress_oxhide,todayilearned,2025-05-25T17:44:46.841629Z
mrha4k2,1kisedv,reddit,https://www.sciencedirect.com/science/article/abs/pii/S030881460000279X,2025-05-09T20:30:09Z,2,Tall_Ant9568,todayilearned,2025-05-25T17:44:46.841635Z
mrt9e83,1kisedv,reddit,"If only the rest of us, upon reaching a predetermined age, could be self-directed to *what we were meant to be*,, kind of an epiphany or awakening...

1. I'm going to be a tinker; I'm focusing on creative repairs and construction of home tools
2. My calling is that of a tailor;; I'm focusing on the properties of flax, wool, and, silk
3. I'm destined to be a candlestick maker; I'm learning about various metals and decorative techniques

Instead it's more like, ""must learn how to become an influencer..."" ""gotta be the best rapper in my area"", ""I wanna join the NBA/NFL/hockey/soccer/badminton/pickleball association""",2025-05-11T21:19:48Z,2,Ant-Tea-Social,todayilearned,2025-05-25T17:44:46.841642Z
mrjont8,1kisedv,reddit,"A potato comes above ground, shoots and leaves.",2025-05-10T05:54:40Z,3,pagit,todayilearned,2025-05-25T17:44:46.841649Z
msqb20b,1kohp8b,reddit,"They also cut off his hands, threw his guitar at him, and mockingly asked him to play.",2025-05-17T02:13:10Z,278,Soannoying12,todayilearned,2025-05-25T17:44:48.512818Z
msq81re,1kohp8b,reddit,Thank you Henry Kissinger,2025-05-17T01:53:56Z,315,987nevertry,todayilearned,2025-05-25T17:44:48.512835Z
msqrx2p,1kohp8b,reddit,One of the greatest folk singers,2025-05-17T04:14:13Z,22,Zealousidealist420,todayilearned,2025-05-25T17:44:48.512848Z
msrfli8,1kohp8b,reddit,"The Clash mention him in their song ""Washington Bullets""

As every cell in Chile will tell
The cries of the tortured men
Remember Allende, and the days before,
Before the army came
Please remember Victor Jara,
In the Santiago Stadium,
Es verdad - those Washington Bullets again",2025-05-17T07:57:40Z,19,Sullafelix91,todayilearned,2025-05-25T17:44:48.512859Z
msqkv9x,1kohp8b,reddit,"Disgusting.


These fascist pigs responsible for his death were able to live full lives before they had to face consequences. ",2025-05-17T03:19:48Z,111,talktobigfudge,todayilearned,2025-05-25T17:44:48.512870Z
msqrwnt,1kohp8b,reddit,"There's good Netflix documentary about him; Massacre at the Stadium. It's heartbreaking. 
To think there are still people in Chile that actively deny and/or support this.",2025-05-17T04:14:07Z,25,Robo-Piluke,todayilearned,2025-05-25T17:44:48.512881Z
msqa2bz,1kohp8b,reddit,[El Lazo](https://youtu.be/5Vixw-_Mlt8?si=fR8SebFoE2taBGJ6),2025-05-17T02:06:54Z,22,Worldly-Time-3201,todayilearned,2025-05-25T17:44:48.512893Z
msqegoi,1kohp8b,reddit,Never forget the cost of dealing with fascism.,2025-05-17T02:35:11Z,78,paintaquainttaint,todayilearned,2025-05-25T17:44:48.512904Z
mssbc9g,1kohp8b,reddit,Never forget that Margaret Thatcher supported Pinochet.,2025-05-17T12:52:36Z,8,Jammed_Button,todayilearned,2025-05-25T17:44:48.512915Z
msqhbl4,1kohp8b,reddit,"Remember, this was terrorism directly done by america. It's funny how Americans try to pretend they are some great peaceful nation when they have done some of the worst crimes in history.
Most wars after 1900 involved them.",2025-05-17T02:54:19Z,225,racc15,todayilearned,2025-05-25T17:44:48.512926Z
msqd8pn,1kohp8b,reddit,Learned about him from One Tree Hill,2025-05-17T02:27:10Z,8,fatbongo,todayilearned,2025-05-25T17:44:48.512938Z
msts70c,1kohp8b,reddit,The US caused this.,2025-05-17T17:50:46Z,5,ceecee_50,todayilearned,2025-05-25T17:44:48.512949Z
msqc3lv,1kohp8b,reddit,[removed],2025-05-17T02:19:51Z,24,N/A,todayilearned,2025-05-25T17:44:48.512960Z
msqsh0p,1kohp8b,reddit,We need an r/nontraumatictodayilearned,2025-05-17T04:18:45Z,4,UnderwaterDialect,todayilearned,2025-05-25T17:44:48.512971Z
msqcgfc,1kohp8b,reddit,Ceschi Ramos has a song about him. Named after him,2025-05-17T02:22:08Z,4,loop_zero,todayilearned,2025-05-25T17:44:48.512983Z
msqmnh4,1kohp8b,reddit,"pinochet, backed by usa.....Just add it on our crime pile.",2025-05-17T03:33:05Z,9,kombatunit,todayilearned,2025-05-25T17:44:48.512994Z
msr426c,1kohp8b,reddit,the real 9/11 happened in 1973,2025-05-17T06:01:08Z,3,Fizdis,todayilearned,2025-05-25T17:44:48.513006Z
msr5sqa,1kohp8b,reddit,Good old CIA,2025-05-17T06:17:52Z,1,xebsisor,todayilearned,2025-05-25T17:44:48.513018Z
mt0lfy0,1kohp8b,reddit,"Heartbreaking and terrifying and tragic. 

The US Government and CIA have continued to downplay their role in destabilizing Allende’s government and facilitating the coup. And we can’t forget that it’s not just men in black that enabled this, but collaboration/collusion with US companies (ITT Corporation) to launder the financial support to back Allende’s opposition. 

And people in the US today seem largely ignorant of it, or deny it, or are apathetic to their government overthrowing democratically elected leaders and installing violent, authoritarian regimes.",2025-05-18T21:00:10Z,1,InappropriateTA,todayilearned,2025-05-25T17:44:48.513029Z
msqnc80,1kohp8b,reddit,US imperialism,2025-05-17T03:38:19Z,1,magvadis,todayilearned,2025-05-25T17:44:48.513040Z
msu2fpc,1kohp8b,reddit,"None of those actions would have mattered if not for millions of Chileans and the Chilean military being willing to support a coup. US actions are relevant, but they are not the prime mover.",2025-05-17T18:47:21Z,1,Rethious,todayilearned,2025-05-25T17:44:48.513051Z
msqmp1c,1kohp8b,reddit,"I learned of Jara through U2's One Tree Hill, and then around the same time meeting someone from Chile and it came up in conversation.",2025-05-17T03:33:25Z,1,gribbler,todayilearned,2025-05-25T17:44:48.513063Z
msu2hpg,1kohp8b,reddit,"Communists torture and murder people not on their team.   
Anti-communist extremists torture and murder influential communists.   
Nobody wins the prize.",2025-05-17T18:47:41Z,1,Opposite_Law1844,todayilearned,2025-05-25T17:44:48.513076Z
msqddbl,1kohp8b,reddit,[deleted],2025-05-17T02:28:00Z,-1,N/A,todayilearned,2025-05-25T17:44:48.513088Z
mstqsh3,1kohp8b,reddit,To this day Pinochet remains a hero for right-wing libertarians and neoliberals around the world today. The killing of left-wingers by Latin-American dictators is also still celebrated and mocked by the far-right and MAGA supporters.,2025-05-17T17:43:24Z,0,Galapagos_Finch,todayilearned,2025-05-25T17:44:48.513100Z
msqiyof,1kohp8b,reddit,James Dean Bradfield of The Manic Street Preachers recorded a concept album about him called [“Even In Exile”.](https://youtube.com/playlist?list=PLUnuZKsfTasRil9_ZlHo4bcQDu5HIFOHp&si=guJSv9v7QbD3k5Gf),2025-05-17T03:05:56Z,0,HeavyMetalBallSack,todayilearned,2025-05-25T17:44:48.513112Z
msrvcwx,1kohp8b,reddit,F*cking communists.,2025-05-17T10:44:56Z,-6,N/A,todayilearned,2025-05-25T17:44:48.513124Z
msthf1o,1kohp8b,reddit,"He was treated better than prisoners currently in Cuba. 

They are thrown in jail just for speaking out against the government.",2025-05-17T16:54:02Z,-3,partytillidei,todayilearned,2025-05-25T17:44:48.513136Z
mrgvdhh,1kiqhgx,reddit,"How, then, did people discuss funkadelic stuff?",2025-05-09T19:14:04Z,180,DulcetTone,todayilearned,2025-05-25T17:44:49.853713Z
mrgydzl,1kiqhgx,reddit,"Make my funk the P-funk, I wants to get funked up",2025-05-09T19:29:44Z,50,YirDaSellsAvon,todayilearned,2025-05-25T17:44:49.853731Z
mrh5c9h,1kiqhgx,reddit,"Right about now 

The funk soul brother",2025-05-09T20:05:39Z,40,Bonneville865,todayilearned,2025-05-25T17:44:49.853743Z
mrh84qx,1kiqhgx,reddit,"I think that bit of wikipedia might be needing a \[citation needed\] tag, honestly.

Was it a term for a chronically bad smell, like a few decades of gym socks? Sure.

Was it considered indelicate? Ehhh...I don't think it'd be inappropriate for say, a group of Country Club wives kvetching about their husbands and sons and their laundry or alcohol/tobacco reek after a night of carousing. I don't think it was necessarily verboten in polite society, at least not any more than any other adjective describing an unwelcome odor.

If anything there might have been a bit of a negative connotation affected precisely because (racism) it was beginning to appear in the jazz lingo.",2025-05-09T20:20:01Z,30,PreciousRoi,todayilearned,2025-05-25T17:44:49.853755Z
mrgzk30,1kiqhgx,reddit,It all changed with “Play that funky music white boy.” Which still holds up today.,2025-05-09T19:35:53Z,27,StarbuckWoolf,todayilearned,2025-05-25T17:44:49.853766Z
mrhkm4l,1kiqhgx,reddit,"Rocking and Rolling was Black-American slang for bumping uglies, doing the horizontal shimmy, feeding the kitty, glazing the donut, knocking boots, aka fucking.

It took a cheeky Radio DJ to play some hip Boogie Woogie songs on his ""Rocking 'n Rolling"" radio show to popularize the euphemism among White teenagers under the noses of snooty uptight adults.

By the time my parents were young adults in the 1970s Rock & Roll was such a common phrase that it had lost just about any connotation in polite conversation of referring to the act of coitus rather than the music on the radio.",2025-05-09T21:25:31Z,9,Fofolito,todayilearned,2025-05-25T17:44:49.853778Z
mrgxhtd,1kiqhgx,reddit,That's funked up.,2025-05-09T19:25:06Z,13,odiin1731,todayilearned,2025-05-25T17:44:49.853792Z
mrgu3ah,1kiqhgx,reddit,Really glosses over the fact that it likely had those connotations mostly among white-bread folks that didn't want black culture entering into mainstream discourse.,2025-05-09T19:07:27Z,78,polaarbear,todayilearned,2025-05-25T17:44:49.853805Z
mrgxq6n,1kiqhgx,reddit,"Later than that, I'm an 80's kid and those were absolutely bad words in our house.",2025-05-09T19:26:18Z,13,iDontRememberCorn,todayilearned,2025-05-25T17:44:49.853817Z
mrh37ev,1kiqhgx,reddit,"I think it's important to remember that Horace Silver was among the first to use the term ""funk"" in music, in 1953's ""Opus de Funk,"" ""Funky Bunky,"" and ""It's Got to be Funky."" In the 60s the term was also used to describe Silver's piano technique.  

By the late 1960s Horace Silver had [Bennie Maupin](https://www.youtube.com/watch?v=q0n-iZiDWAc) (future Headhunters) and [Billy Cobham](https://www.youtube.com/watch?v=nrJ_OIlcKe8) (future Duke-Cobham-Scofield supergroup) in his band, and that band was the bomb... but not The Bomb:

[https://www.youtube.com/watch?v=g7XlqYWJ\_ZE](https://www.youtube.com/watch?v=g7XlqYWJ_ZE)  That's some of my favorite 1960s jazz right there.

So some of the greatest jazz-funk came directly from Horace Silver's ""funk,"" but it's not the Archie Bell's funk, if that makes sense.",2025-05-09T19:54:44Z,4,PaintedClownPenis,todayilearned,2025-05-25T17:44:49.853831Z
mrilq7a,1kiqhgx,reddit,"Wow. I was a record buyer than, and do not remember that s being accurate. Funk came out in the 60s.  Don't remember it being bad words before.",2025-05-10T01:08:02Z,4,PoopieButt317,todayilearned,2025-05-25T17:44:49.853843Z
mrhhz74,1kiqhgx,reddit,"If this inappropriate-word-turned-music-genre thing keeps up, in 70 years we’ll all be listening to cunt music",2025-05-09T21:11:02Z,3,nzmx121,todayilearned,2025-05-25T17:44:49.853856Z
mrhub2x,1kiqhgx,reddit,"See also: ""Jazz""",2025-05-09T22:20:20Z,3,Fiempre_sin_tabla,todayilearned,2025-05-25T17:44:49.853869Z
mri29x7,1kiqhgx,reddit,"I heard you couldn't say ""fuck"" too",2025-05-09T23:07:53Z,3,lakebistcho,todayilearned,2025-05-25T17:44:49.853882Z
mrh2jp3,1kiqhgx,reddit,Funk that!,2025-05-09T19:51:21Z,2,Igottamake,todayilearned,2025-05-25T17:44:49.853896Z
mrh61ef,1kiqhgx,reddit,It was associated with a bad smell.  Think of the damp musty smell of an old basement.  We have a different definition for the word now.,2025-05-09T20:09:15Z,2,skittlebog,todayilearned,2025-05-25T17:44:49.853908Z
mrhpgye,1kiqhgx,reddit,The 60s? my family is still mad I said it at my nieces first communion.,2025-05-09T21:52:30Z,2,According-Classic658,todayilearned,2025-05-25T17:44:49.853922Z
mrhe8l3,1kiqhgx,reddit,i know what i'm doin if i ever get a time machine,2025-05-09T20:51:16Z,1,Pointless_Adventures,todayilearned,2025-05-25T17:44:49.853936Z
mrhj61s,1kiqhgx,reddit,"Julio, get the stretch.",2025-05-09T21:17:33Z,1,throw84c5c0,todayilearned,2025-05-25T17:44:49.853950Z
mrhphhi,1kiqhgx,reddit,Wait until you hear about the phrase “rock and roll!”,2025-05-09T21:52:36Z,1,W0gg0,todayilearned,2025-05-25T17:44:49.853963Z
mrhz09x,1kiqhgx,reddit,why did they hate German radios so much?,2025-05-09T22:48:24Z,1,BuffyCaltrop,todayilearned,2025-05-25T17:44:49.853976Z
mri3ipr,1kiqhgx,reddit,"In the 1980s I learned not to use them in front of a second grader because she will think it's the F word and you will get into trouble and no one will believe you said FUNK, with an N.",2025-05-09T23:15:22Z,1,ThatsNotMyName222,todayilearned,2025-05-25T17:44:49.853990Z
mrifn3j,1kiqhgx,reddit,"So ""get the funk outta my face"" was really offensive?",2025-05-10T00:29:15Z,1,engineered_academic,todayilearned,2025-05-25T17:44:49.854003Z
mrjm7dq,1kiqhgx,reddit,Appropriate for use when you come to a club where people wee on each other.,2025-05-10T05:31:43Z,1,ZhouDa,todayilearned,2025-05-25T17:44:49.854017Z
mrkz7jk,1kiqhgx,reddit,"[No one's gonna bring this up, huh?](https://imgur.com/a/8XsBx6E)",2025-05-10T13:00:54Z,1,bendbars_liftgates,todayilearned,2025-05-25T17:44:49.854030Z
mrlbhom,1kiqhgx,reddit,"I remember hearing that the word funk was originally used to describe the smell of the dancing crowd, and a lot of funk meant the crowd was really moving and sweaty and into it. Not sure if that's true, but I do remember hearing that when Michael Jackson thought something sounded really funky and fun, he'd called it ""smelly.""",2025-05-10T14:16:19Z,1,Spork_Warrior,todayilearned,2025-05-25T17:44:49.854043Z
mrot4x5,1kiqhgx,reddit,It was a funky funkier funkadelic times for Funko Funk Funkers.,2025-05-11T02:38:43Z,1,NIDORAX,todayilearned,2025-05-25T17:44:49.854056Z
mrh57t1,1kiqhgx,reddit,I'm surprised to hear that the word funk was even in the vernacular back in the 1950s,2025-05-09T20:05:03Z,1,RepFilms,todayilearned,2025-05-25T17:44:49.854070Z
mrh2o29,1kiqhgx,reddit,Wait till they speak to me the fucking cunts will be in for a shock.,2025-05-09T19:51:58Z,0,asexyshaytan,todayilearned,2025-05-25T17:44:49.854083Z
mrhlv68,1kiqhgx,reddit,"Just like ‘fuck’ is today, apparently, seeing it on car decals, tee shirts, etc. (and worn by fine Christian folk!).",2025-05-09T21:32:27Z,0,Redfish680,todayilearned,2025-05-25T17:44:49.854095Z
mq7oa3y,1kd1uiq,reddit,"Georges Lemaître, a Catholic priest, first proposed the Big Bang Theory using Hubble’s observations of an expanding universe. The Catholic Church is big on astronomy. ",2025-05-02T15:34:16Z,121,sgrams04,todayilearned,2025-05-25T17:44:51.427992Z
mq7b11p,1kd1uiq,reddit,*Orb: On the Movements of the Earth*,2025-05-02T14:31:10Z,23,imaginary_num6er,todayilearned,2025-05-25T17:44:51.428004Z
mq95n0w,1kd1uiq,reddit,[deleted],2025-05-02T19:50:17Z,8,N/A,todayilearned,2025-05-25T17:44:51.428011Z
mq79rma,1kd1uiq,reddit,"Galileo, Galileo Figaro",2025-05-02T14:25:03Z,9,Klotzster,todayilearned,2025-05-25T17:44:51.428017Z
mq79tui,1kd1uiq,reddit,"All that time looking up and they still haven’t figured out god ain’t nowhere to be found

Edit: it was a tongue in cheek comment but I’m sure I’ve offended some. Apologies.",2025-05-02T14:25:22Z,-30,NotSoSasquatchy,todayilearned,2025-05-25T17:44:51.428025Z
mq7kfj2,1kd1uiq,reddit,"""Yeah, we were wrong about Galileo. Stop bringing it up. Look we built the thing. So we're good, right?""",2025-05-02T15:16:06Z,-20,OJimmy,todayilearned,2025-05-25T17:44:51.428031Z
mq95w2c,1kd1uiq,reddit,[And yet they still think Saturn’s rings are Jesus’ foreskin.](https://beardyhistory.com/2024/05/22/the-rings-of-saturn-and-the-foreskin-of-jesus/),2025-05-02T19:51:32Z,-5,JiveChicken00,todayilearned,2025-05-25T17:44:51.428038Z
mq77ujm,1kd1uiq,reddit,"Wait - don't they still believe it all started about 5000 years ago?

Edit: thanks for the responses!  TIL!",2025-05-02T14:15:36Z,-34,Cheetotiki,todayilearned,2025-05-25T17:44:51.428044Z
mq7lc8h,1kd1uiq,reddit,"Didn't Galileo find the 4 moons of Jupiter with his telescope, and when he offered to show the monks, they refused to acknowledge what was in the telescope?  That seems to partially argue against ""...Jesuit astronomers have contributed to discoveries...""",2025-05-02T15:20:22Z,-17,wwarnout,todayilearned,2025-05-25T17:44:51.428050Z
mq7cm4u,1kd1uiq,reddit,"Yeah, real pillars of science, I said sarcastically.",2025-05-02T14:38:50Z,-31,tapdancinghellspawn,todayilearned,2025-05-25T17:44:51.428057Z
mq7803w,1kd1uiq,reddit,"""Discovered""? How about indoctrination of their particular theories, opinions and beliefs",2025-05-02T14:16:21Z,-32,Dalcuse80,todayilearned,2025-05-25T17:44:51.428063Z
mp6lf1p,1k8ixyi,reddit,Well blood carries oxygen so that sort of makes sense. ,2025-04-26T18:03:10Z,136,PhilosophicWax,todayilearned,2025-05-25T17:44:52.400976Z
mp6khw7,1k8ixyi,reddit,[removed],2025-04-26T17:58:31Z,46,N/A,todayilearned,2025-05-25T17:44:52.400994Z
mp6k41x,1k8ixyi,reddit,"[https://www.etymonline.com/search?q=artery](https://www.etymonline.com/search?q=artery)

* They were regarded by the ancients as air ducts because the arteries do not contain blood after death, and 14c.-16c. artery in English also could mean ""trachea, windpipe."" Medieval writers, based on Galen, generally took them as a separate blood system for the ""vital spirits.""

[https://www.wikiwand.com/en/articles/Artery#History](https://www.wikiwand.com/en/articles/Artery#History)

* Among the Ancient Greeks before Hippocrates, all blood vessels were called Φλέβες, phlebes. The word arteria then referred to the windpipe.
* The arteries were thought to be responsible for the transport of air to the tissues and to be connected to the trachea. This was as a result of finding the arteries of cadavers devoid of blood. In medieval times, it was supposed that arteries carried a fluid, called ""spiritual blood"" or ""vital spirits"", considered to be different from the contents of the veins. This theory went back to Galen. In the late medieval period, the trachea, and ligaments were also called ""arteries"".

[https://www.wikiwand.com/en/articles/Circulatory\_system#History](https://www.wikiwand.com/en/articles/Circulatory_system#History)

* Because blood pools in the veins after death, arteries look empty.
* Greek anatomist Erasistratus observed that arteries that were cut during life bleed. He ascribed the fact to the phenomenon that air escaping from an artery is replaced with blood that enters between veins and arteries by very small vessels. Thus he apparently postulated capillaries but with reversed flow of blood.
* In 2nd-century AD Rome, the Greek physician Galen knew that blood vessels carried blood and identified venous (dark red) and arterial (brighter and thinner) blood, each with distinct and separate functions. Growth and energy were derived from venous blood created in the liver from chyle, while arterial blood gave vitality by containing pneuma (air) and originated in the heart. Blood flowed from both creating organs to all parts of the body where it was consumed and there was no return of blood to the heart or liver. The heart did not pump blood around, the heart's motion sucked blood in during diastole and the blood moved by the pulsation of the arteries themselves. Galen believed that the arterial blood was created by venous blood passing from the left ventricle to the right by passing through 'pores' in the interventricular septum, air passed from the lungs via the pulmonary artery to the left side of the heart. As the arterial blood was created 'sooty' vapors were created and passed to the lungs also via the pulmonary artery to be exhaled.",2025-04-26T17:56:34Z,22,fishoni,todayilearned,2025-05-25T17:44:52.401007Z
mpc0f6x,1k8ixyi,reddit,"The circulation of the blood wasn't discovered until the 17th century, and anatomy didn't really become an exact science until around the same time, so that's not exactly a ridiculous idea - just one that happened to be wrong. The history of science is replete with examples of THAT.",2025-04-27T16:16:18Z,5,Farnsworthson,todayilearned,2025-05-25T17:44:52.401020Z
mpbf3ai,1k8ixyi,reddit,"Remember all those knowledge lost in the Library of Alexandria? It was full of these shit. They never find out for real and just make shit up so elegantly, actual scientific progress was stalled for thousands of years.",2025-04-27T14:24:25Z,3,FunBuilding2707,todayilearned,2025-05-25T17:44:52.401033Z
mp7tkjd,1k8o563,reddit,"Fun fact: Despite its location between Ireland and Britain.  Isle of Man isnt actually part of the United Kingdom. Its officially a Crown Dependency with its own self-government akin to say, what Greenland is to Denmark.",2025-04-26T22:02:42Z,129,jimi15,todayilearned,2025-05-25T17:44:53.421476Z
mp7sy0l,1k8o563,reddit,The irony,2025-04-26T21:59:13Z,31,phaser-,todayilearned,2025-05-25T17:44:53.421480Z
mp9cxt6,1k8o563,reddit,My favourite fact about this island is that Elizabeth II was Lord of Man,2025-04-27T03:51:01Z,12,DecisionTight9151,todayilearned,2025-05-25T17:44:53.421482Z
mp9mcku,1k8o563,reddit,"Dang. It's amazing to see something happen so long ago, but also feel like it's pretty late. Later than my own country. We still have much more work to do in terms of society. Some things get in the way and make it really hard though",2025-04-27T05:06:21Z,4,xxHikari,todayilearned,2025-05-25T17:44:53.421484Z
mp88lkr,1k8o563,reddit,"Wait a minute. Only men should vote in the Isle of Man, the women already have the Isle of Woman for themselves.",2025-04-26T23:28:47Z,5,HiddenFinancier,todayilearned,2025-05-25T17:44:53.421486Z
mp89vi3,1k8o563,reddit,Based Isle of man ,2025-04-26T23:36:13Z,4,Purple_Year6828,todayilearned,2025-05-25T17:44:53.421488Z
mpan4cn,1k8o563,reddit,And they don’t have tails.,2025-04-27T11:13:06Z,1,Jump_Like_A_Willys,todayilearned,2025-05-25T17:44:53.421490Z
mpawbju,1k8o563,reddit,Sounds great. Now they need to look into that third foot,2025-04-27T12:26:56Z,1,Blond_Treehorn_Thug,todayilearned,2025-05-25T17:44:53.421492Z
mp93s28,1k8o563,reddit,"Their sitting around going...how can we really take the lasting piss out of England?

We already do the taxes gig..What else is there..",2025-04-27T02:46:51Z,-12,TheGREATUnstaineR,todayilearned,2025-05-25T17:44:53.421494Z
mp808zy,1k8o563,reddit,Fabricared fact: Women on the IoM discovered the knife in 1955.,2025-04-26T22:41:07Z,-10,athleticoskinwah,todayilearned,2025-05-25T17:44:53.421496Z
mp8rrtx,1k8o563,reddit,Women were GiVEN the right to vote? More like the Isle of Patriarchy.,2025-04-27T01:28:38Z,-21,Known_Cherry_5970,todayilearned,2025-05-25T17:44:53.421498Z
mpoqzzx,1kasb26,reddit,Someone watches that one Japanese youtuber.,2025-04-29T16:49:19Z,83,Neutral_Positron,todayilearned,2025-05-25T17:44:54.444795Z
mpqmdug,1kasb26,reddit,[removed],2025-04-29T22:15:32Z,9,N/A,todayilearned,2025-05-25T17:44:54.444799Z
mpxrbty,1kasb26,reddit,"This would be a great basis for one of the new seasons of Shogun. 

Thanks for sharing.",2025-05-01T00:28:33Z,1,lastalchemist77,todayilearned,2025-05-25T17:44:54.444801Z
msrl3ee,1koltv9,reddit,"I remember a US WW2 navy veteran telling me a story about how during his deployment on the ship they had just filled their freezers with a massive amount of all flavors of ice cream, and only a couple of days after leaving Port and setting sail the power to the freezers holding the ice cream went down and couldn't be restored until they were back stateside. Shortly after an announcement was made telling all sailors to make their way to the freezers for as much ice cream as they could eat before it's thrown overboard. He said sailors were eating so much ice cream they'd throw up over the deck then come back for more.",2025-05-17T08:56:50Z,270,Zestyclose_Code_8597,todayilearned,2025-05-25T17:44:55.589332Z
msrnegw,1koltv9,reddit,IIRC the Lexington was technically scuttled so there was no real rush by the crew to abandon ship.,2025-05-17T09:22:10Z,124,PanteleimonPonomaren,todayilearned,2025-05-25T17:44:55.589348Z
msr4tru,1koltv9,reddit,Priorities.,2025-05-17T06:08:27Z,121,TSAOutreachTeam,todayilearned,2025-05-25T17:44:55.589360Z
msr7o5k,1koltv9,reddit,"If real-life people were willing to stop and get ice cream while evacuating from a sinking ship, [that one guy running away with an ice cream maker in Star Wars](https://breezewiki.com/starwars/wiki/Willrow_Hood/Legends) makes much more sense.",2025-05-17T06:36:30Z,153,Combat_Armor_Dougram,todayilearned,2025-05-25T17:44:55.589369Z
msr9v4g,1koltv9,reddit,"Tbf, the sinking of a large ship can take hours or even days",2025-05-17T06:58:17Z,31,riptaway,todayilearned,2025-05-25T17:44:55.589379Z
msr9aub,1koltv9,reddit,"If I had the option, I’d also like to die with ice cream in my hand/belly…",2025-05-17T06:52:41Z,17,HardcandyofJustice,todayilearned,2025-05-25T17:44:55.589389Z
msutsdk,1koltv9,reddit,"Getting ice cream to the soldiers and sailors was a sneakily high priority when it came to maintaining morale and also demonstrating the unmatched logistical prowess of the US military.

https://en.m.wikipedia.org/wiki/Ice_cream_barge

It had to be at least a little demoralizing to see your enemy be supplied to the point of having ice cream ships while your own leadership couldn’t even get you a cup of clean water or a bowl of rice.",2025-05-17T21:19:36Z,8,Groundbreaking_War52,todayilearned,2025-05-25T17:44:55.589401Z
msutsur,1koltv9,reddit,Apparently seeing the dedicated ice-cream barge on D-Day was really what broke the morale of some German soldiers.,2025-05-17T21:19:41Z,3,NlghtmanCometh,todayilearned,2025-05-25T17:44:55.589411Z
msxljmh,1koltv9,reddit,"I experienced something similar when NYC experienced a major blackout in the early 00s. Ice cream stores were just handing out free ice cream rather than have it go to waste,

Heroically, I passed by and let others get their fill. I thought hard about whether to mention this, since I didn't want to take away from the sacrifice of those who served in WW2, but I think I kept silent long enough.",2025-05-18T10:21:48Z,2,Y-27632,todayilearned,2025-05-25T17:44:55.589421Z
msrhxyj,1koltv9,reddit,I scream you scream we all scream for ice cream?! Ice cream social on the mess deck.,2025-05-17T08:22:38Z,2,retroapropos,todayilearned,2025-05-25T17:44:55.589431Z
mt45s71,1koltv9,reddit,Quint’s story would have hit differently if he was on the Lexington. ,2025-05-19T13:03:06Z,1,edingerc,todayilearned,2025-05-25T17:44:55.589446Z
mstech4,1koltv9,reddit,[https://tvtropes.org/pmwiki/pmwiki.php/Main/TheSnackIsMoreInteresting](https://tvtropes.org/pmwiki/pmwiki.php/Main/TheSnackIsMoreInteresting),2025-05-17T16:37:39Z,0,YinTanTetraCrivvens,todayilearned,2025-05-25T17:44:55.589456Z
msxzj3v,1koltv9,reddit,They should've made it out of Lexington Steel,2025-05-18T12:22:47Z,-1,nevergnastop,todayilearned,2025-05-25T17:44:55.589466Z
msrpima,1koltv9,reddit,Ain't that America...,2025-05-17T09:45:13Z,-9,Bayarea0,todayilearned,2025-05-25T17:44:55.589475Z
mp48dqx,1k87y64,reddit,is the law enforced by anyone? ,2025-04-26T08:53:19Z,86,Tadhg,todayilearned,2025-05-25T17:44:56.632811Z
mp54tx4,1k87y64,reddit,"If you want to actually support the veterans, your local VA office may sell flags. That income goes back into the office to help offset operating costs.

If the Minnesota law still stands, then buying a flag from a Minnestoa-based County VA office would be multiplying the help generated.",2025-04-26T13:23:11Z,51,VgArmin,todayilearned,2025-05-25T17:44:56.632823Z
mp5of8g,1k87y64,reddit,"I'm somewhat surprised it's the only state to have done this, tbh.",2025-04-26T15:12:54Z,7,limeflavoured,todayilearned,2025-05-25T17:44:56.632830Z
mp7521b,1k87y64,reddit,Harbor Freight ads that feature USA flags say ‘not available in MN’,2025-04-26T19:48:00Z,7,Ckigar,todayilearned,2025-05-25T17:44:56.632839Z
mp5mz1e,1k87y64,reddit,"Impossible, I've been told by my family that Minnesota is unamerican",2025-04-26T15:05:14Z,5,IA_Royalty,todayilearned,2025-05-25T17:44:56.632845Z
mp80z7t,1k87y64,reddit,"Boy Scouts often sell US flags. We bought one, it was very expensive (40% more than I could go buy one locally), because it was made in the US and b/c $10 for every flag sold, went to the local troop. It didn’t seem like they got a very good wholesale price on the flags to start with. ",2025-04-26T22:45:19Z,3,alwaysboopthesnoot,todayilearned,2025-05-25T17:44:56.632853Z
mp4997b,1k87y64,reddit,"Not a lawyer but I think it is unenforceable and probably any competent lawyer gets the law overturned by Constitutional grounds. 

The State can likely mandate that it or groups that it funds directly are only allowed to purchase goods ""Made in the USA"". But unless it has some grounds, the courts will probably not favor rules made to restrain private trade. This does not, on its face, make any health, security or state interest claims. Hence it likely stands on shaky ground.",2025-04-26T09:02:09Z,22,phiwong,todayilearned,2025-05-25T17:44:56.632861Z
mp592bz,1k87y64,reddit,'Merica!,2025-04-26T13:48:47Z,4,xnoxgodsx,todayilearned,2025-05-25T17:44:56.632868Z
mp9v12w,1k87y64,reddit,So is this basically meaningless now outside of B/M sales?,2025-04-27T06:27:17Z,1,mobrocket,todayilearned,2025-05-25T17:44:56.632875Z
mqx1130,1kg97dx,reddit,"I had a hearing impaired classmate in college, she was kicked out of school as a teenager in the 1950s because of her disability. She got her GED at 63 and went into library science at age 65.",2025-05-06T17:16:40Z,93,Sunlit53,todayilearned,2025-05-25T17:44:57.593582Z
mqwuzge,1kg97dx,reddit,I guess my nephew has hope.,2025-05-06T16:48:31Z,21,oldmannew,todayilearned,2025-05-25T17:44:57.593586Z
mqwz987,1kg97dx,reddit,Good for her.   Hope she gets to keep learning as long as she can,2025-05-06T17:08:27Z,15,virtually_noone,todayilearned,2025-05-25T17:44:57.593588Z
mqz5bl0,1kg97dx,reddit,"The older I get(late 30s), the more inspirational I find stories like this. Never tell yourself you’re too old to do something you want to do. Unless it’s something that’s literally impossible for you to do, I guess, but y’all know what I’m getting at.",2025-05-06T23:33:24Z,9,4Ever2Thee,todayilearned,2025-05-25T17:44:57.593590Z
mqwzai5,1kg97dx,reddit,"How Cool!!!

I long for the day where people are praised for their accomplishments without the need to mention their sex or race.",2025-05-06T17:08:37Z,-2,04221970,todayilearned,2025-05-25T17:44:57.593592Z
mqx8os4,1kg97dx,reddit,">""I do not know where else I can go, but I am sure there is something else I can do.""

Welcome to the workforce, Sarah. Take a number and go to the back of the line.",2025-05-06T17:52:33Z,-8,Sharp_Pea6716,todayilearned,2025-05-25T17:44:57.593594Z
msjpke6,1kno3x6,reddit,"She was nominated for Best Actress for *Beasts of the Southern Wild* in 2012 at only 9 years old!

Meanwhile, Mikey Madison, who won Best Actress this year for *Anora*, was born in 1999. Billie Eilish was the [first person](https://en.wikipedia.org/wiki/List_of_Generation_Z_Academy_Award_winners_and_nominees) born in the 21st century to *win* an Oscar, but for songwriting, not for acting.",2025-05-16T00:48:00Z,483,Ganesha811,todayilearned,2025-05-25T17:44:58.650230Z
msjq1z0,1kno3x6,reddit,"I didn’t know this but I remember seeing her in Annie and I totally believe it. Shoutout Houma, Louisiana too, it’s cool she’s from Houma",2025-05-16T00:51:05Z,46,squidyinc,todayilearned,2025-05-25T17:44:58.650242Z
msjqdmm,1kno3x6,reddit,"Well, her and George Santos",2025-05-16T00:53:07Z,34,Groundbreaking_War52,todayilearned,2025-05-25T17:44:58.650249Z
msjr4we,1kno3x6,reddit,So far...,2025-05-16T00:57:53Z,36,PermanentTrainDamage,todayilearned,2025-05-25T17:44:58.650256Z
msjv0zm,1kno3x6,reddit,Don’t remind The Onion…,2025-05-16T01:22:11Z,14,HawkeyeJosh2,todayilearned,2025-05-25T17:44:58.650263Z
msl5xls,1kno3x6,reddit,"And it really upset Chrissy Teigen for some reason...


https://www.reddit.com/r/popculturechat/comments/10tnnp6/chrissy_teigen_the_onion_dragging_9_year_old/ ",2025-05-16T07:22:23Z,10,motherofpearl89,todayilearned,2025-05-25T17:44:58.650269Z
mso4yie,1kno3x6,reddit,So are you predicting the end of the Oscar's or the end of civilization?,2025-05-16T18:38:03Z,1,Alarmed-Scar-2775,todayilearned,2025-05-25T17:44:58.650276Z
msm1za7,1kno3x6,reddit,So far,2025-05-16T12:11:54Z,-1,Blond_Treehorn_Thug,todayilearned,2025-05-25T17:44:58.650283Z
msmmlwh,1kno3x6,reddit,*… so far ...*,2025-05-16T14:11:23Z,-1,Badaxe13,todayilearned,2025-05-25T17:44:58.650289Z
msmhs4c,1kno3x6,reddit,"Mikey Madison missed this by only a few month, as she was born in March 25, 1999.

Billy Elish was born in the 21st century and won an Oscar but not for acting.",2025-05-16T13:45:53Z,0,Loki-L,todayilearned,2025-05-25T17:44:58.650296Z
mskwe3r,1kno3x6,reddit,[removed],2025-05-16T05:49:29Z,-15,N/A,todayilearned,2025-05-25T17:44:58.650303Z
mskwv8u,1kno3x6,reddit,"Oscars are all political and cash based with very occasional nods to merit based to look valid. Young actors don't have the same political pull as older ones but obviously that is changing, they are aging up.",2025-05-16T05:53:56Z,-7,total_tea,todayilearned,2025-05-25T17:44:58.650309Z
mslkrza,1kno3x6,reddit,"You've just reminded that Broklynn prince wasn't EVEN NOMINATED for The Florida Project, and now IM FREAKIN PISSED!",2025-05-16T09:56:27Z,-2,watchwatcher,todayilearned,2025-05-25T17:44:58.650316Z
msk7pkh,1kno3x6,reddit,this will not be true in some time.,2025-05-16T02:40:58Z,-6,jwktiger,todayilearned,2025-05-25T17:44:58.650323Z
mqobex6,1kf6jrh,reddit,Yeah thats about as good a reason as any to cancel,2025-05-05T08:30:10Z,210,Kaiserhawk,todayilearned,2025-05-25T17:44:59.717772Z
mqocrio,1kf6jrh,reddit,"Still wondering what might happen to the 2028 olympics in Los Angeles, with so many restrictions to enter USA and maybe under an internal problem with Trump 2028 intentions.",2025-05-05T08:44:45Z,114,-Exocet-,todayilearned,2025-05-25T17:44:59.717785Z
mqp3p0m,1kf6jrh,reddit,i guess some competitions take precedence over others,2025-05-05T12:34:09Z,6,Hannibaalism,todayilearned,2025-05-25T17:44:59.717793Z
mqpvifr,1kf6jrh,reddit,And Japan was supposed to host the 1940 olympics.,2025-05-05T15:07:51Z,5,xX609s-hartXx,todayilearned,2025-05-25T17:44:59.717800Z
mqqqobu,1kf6jrh,reddit,"It’s not widely known that the USA nearly boycotted the 1936 Olympics. In December 1935 the AAU came three votes short of not sending a team.
https://www.espn.com/olympics/news/story?id=3337964",2025-05-05T17:39:44Z,4,HuellMissMe,todayilearned,2025-05-25T17:44:59.717808Z
mqof7yi,1kf6jrh,reddit,‘I don't know if you guys are history buffs or not…’,2025-05-05T09:10:57Z,9,Corduroy_Sazerac,todayilearned,2025-05-25T17:44:59.717815Z
mqp15o5,1kf6jrh,reddit,"The wikipedia article make it look like Germany not only bid, but was actually chosen to host",2025-05-05T12:17:08Z,3,BokeTsukkomi,todayilearned,2025-05-25T17:44:59.717822Z
mqodjds,1kf6jrh,reddit,guess they had… other tournaments going on. history really said 'nope not this year',2025-05-05T08:52:57Z,2,Driftix9,todayilearned,2025-05-25T17:44:59.717830Z
mqotmjq,1kf6jrh,reddit,Pesky ol’WWII getting in the way of sports.,2025-05-05T11:22:51Z,2,Whyworkforfree,todayilearned,2025-05-25T17:44:59.717837Z
mqsre31,1kf6jrh,reddit,Fun Fact Japan was to host the 1940 Tokyo Summer Olympics (and the 1940 Sapporo Winter Olympics),2025-05-05T23:52:09Z,2,trucorsair,todayilearned,2025-05-25T17:44:59.717846Z
mqu3dmp,1kf6jrh,reddit,"Why does everyone have to make things so political?

/s (I'll see myself out.)",2025-05-06T04:54:28Z,1,mrpoopistan,todayilearned,2025-05-25T17:44:59.717854Z
mr8daf0,1kf6jrh,reddit,If only we asked them very nicely to stop and play a world cup instead.  /s,2025-05-08T12:14:24Z,1,Rebel_47,todayilearned,2025-05-25T17:44:59.717862Z
mqq6rpe,1kf6jrh,reddit,Well they kinda did.,2025-05-05T16:03:24Z,1,hariseldon2,todayilearned,2025-05-25T17:44:59.717869Z
mqol2du,1kf6jrh,reddit,"The World Cup of what? There are many. Yes, I can see it's FIFA by clicking the link, but you could've saved me the click :)",2025-05-05T10:09:59Z,-38,biergardhe,todayilearned,2025-05-25T17:44:59.717883Z
mqsuz2p,1kfqzeh,reddit,"Not to be confused with the [Battle of Caransebes](https://en.wikipedia.org/wiki/Battle_of_Kar%C3%A1nsebes), where the Austrians also fought themselves by mistake and lost.",2025-05-06T00:12:26Z,155,TheDigitalGentleman,todayilearned,2025-05-25T17:45:00.684186Z
mqsuq3d,1kfqzeh,reddit,Biiiiiig oopsie,2025-05-06T00:11:02Z,14,Tough_Dingo_7308,todayilearned,2025-05-25T17:45:00.684191Z
mqtjeqa,1kfqzeh,reddit,Pong Krell type beat,2025-05-06T02:33:43Z,8,Quality_Zealousideal,todayilearned,2025-05-25T17:45:00.684193Z
mqsuwv1,1kfqzeh,reddit,"If I had a nickel for every time the Austrian army has done that, I could probably pay the Austrian army's wages.",2025-05-06T00:12:06Z,23,JPHutchy01,todayilearned,2025-05-25T17:45:00.684195Z
mqtc69h,1kfqzeh,reddit,It's not mentioned in the article.,2025-05-06T01:51:18Z,6,third-try,todayilearned,2025-05-25T17:45:00.684197Z
mqttsdd,1kfqzeh,reddit,"Come on really op... you didn't read the article or are getting confused, it was the french that did that in this battle not the Austrians as the article states...",2025-05-06T03:42:43Z,3,star_nosed_mole_man,todayilearned,2025-05-25T17:45:00.684199Z
mt8a609,1kqsvj8,reddit,"> Billions of years in the future, Earth is torn apart by tidal stresses from the sun, which has become a red giant. Luthor's descendant, Jor-L, sends his infant son, Kal-L, into the past in a ship. The final panels of the comic book depict the landing of Kal-L's timeship in a Ukrainian collective in 1938, effectively causing a predestination paradox (and, thus, making Superman a descendant of Luthor and Lois)

da fuc",2025-05-20T02:14:49Z,317,Billy1121,todayilearned,2025-05-25T17:45:02.648109Z
mt8cayi,1kqsvj8,reddit,"*Red Son*, it's pretty good. The premise is, ""What if Superman's pod landed 12 hours later, in rural USSR instead of rural USA?"" He becomes a hero of the Soviet proletariat. Batman also appears. Instead of getting gunned down in Crime Alley, his parents were dissidents executed by the secret police.",2025-05-20T02:28:39Z,104,stolenfires,todayilearned,2025-05-25T17:45:02.648122Z
mt86gyh,1kqsvj8,reddit,"One of my favorite moments from the comic that wasn't in the animated adaptation, was Lex Luthors Message at the end  ""Why don't you just put the whole world in a bottle?"" Causing Superman to break down. 


Such a simple message that unlocked so much reflection of the authoritarian order superman was trying to create. 


 Disappointed that they replaced it with Krypton literally in a jar in the film. ",2025-05-20T01:51:39Z,134,ronan_the_accuser,todayilearned,2025-05-25T17:45:02.648132Z
mt830pi,1kqsvj8,reddit,"Red Son is a spectacular comic.

It proves the theory that the only thing stopping Superman from being a God-like dictator was his rural Kansas upbringing.",2025-05-20T01:30:20Z,151,DarkAlman,todayilearned,2025-05-25T17:45:02.648141Z
mt8d8ul,1kqsvj8,reddit,"yeah red son superman. Its a good read.

[Superman: Red Son : Free Download, Borrow, and Streaming : Internet Archive](https://archive.org/details/superman-red-son_202301/mode/2up)

There is also a [DC reality (10)](https://dc.fandom.com/wiki/JLAxis_(Earth-10)) where Superman and the rest of the Justice League are nazis.  
Superman is called Overman and was raided by hitler. Wonder Woman is called Brunhilde. Batman is called Leatherwing and he is a sadist. There are also evil versions of hawkman and green lantern.",2025-05-20T02:34:50Z,11,releasethedogs,todayilearned,2025-05-25T17:45:02.648150Z
mt8bivr,1kqsvj8,reddit,Red Son. Turns out kyrpton was the friends we made along the way. And earth,2025-05-20T02:23:35Z,6,xansies1,todayilearned,2025-05-25T17:45:02.648159Z
mt8aorr,1kqsvj8,reddit,"[Captian America also has an alternate storyline where he's much cooler](https://www.polygon.com/comics/2019/3/20/18274729/marvel-captain-america-vietnam-spider-man-life-story-comic)

He continues on being Captain America, but realizes that America is very much an evil empire acting unjustly in Vietnam, and tries to avert more atrocities like My Lia.",2025-05-20T02:18:09Z,17,GodzillaDrinks,todayilearned,2025-05-25T17:45:02.648167Z
mt89ggm,1kqsvj8,reddit,I've only seen the movie. Batman is a bad guy who is poor from the slums of the USSR. Kennedy's lines in the animated version are hilarious.,2025-05-20T02:10:18Z,8,Kale,todayilearned,2025-05-25T17:45:02.648176Z
mt92ptx,1kqsvj8,reddit,i honestly think if it wasn't for Brainiac manipulating him superman would've been just fine,2025-05-20T05:54:41Z,3,Zombata,todayilearned,2025-05-25T17:45:02.648184Z
mt9aupy,1kqsvj8,reddit,"I'm blown away at watching people talk about things that feel so recent as though they're ""History""",2025-05-20T07:13:42Z,3,lakebistcho,todayilearned,2025-05-25T17:45:02.648193Z
mt8o9on,1kqsvj8,reddit,"Doesn't JFK marry Monroe in Dustborn, too?",2025-05-20T03:53:23Z,2,AbandonedBySonyAgain,todayilearned,2025-05-25T17:45:02.648202Z
mt9ym38,1kqsvj8,reddit,"Kim Newman wrote a short story called 'Ubermensch', in which Kal-El's capsule arrived on Earth a few seconds earlier or later, so it crashed in Germany after WW1 and he grew up to be a weapon for the Nazis.  Good story.",2025-05-20T11:10:21Z,2,throway_nonjw,todayilearned,2025-05-25T17:45:02.648210Z
mt8ktk3,1kqsvj8,reddit,I adore the art of this comic. Very vibrant.,2025-05-20T03:27:39Z,1,Echo__227,todayilearned,2025-05-25T17:45:02.648218Z
mtezxov,1kqsvj8,reddit,"It honestly never occurred to me before now that someone might not know about Red Son, and then I remembered most people don't read comics at all.",2025-05-21T03:42:20Z,1,newimprovedmoo,todayilearned,2025-05-25T17:45:02.648227Z
mthjpu4,1kqsvj8,reddit,If I had to live in the USA I'd want to live in that timeline.,2025-05-21T15:19:47Z,1,Any_Towel1456,todayilearned,2025-05-25T17:45:02.648236Z
mt88ixd,1kqsvj8,reddit,I can believe in a super powered alien before I believe Marilyn Monroe would marry Richard Nixon.,2025-05-20T02:04:30Z,-5,Mysterious_Box1203,todayilearned,2025-05-25T17:45:02.648244Z
mt9ixou,1kqsvj8,reddit,And there's an issue of Archie's Comics where Archie teams up with The Punisher.,2025-05-20T08:39:57Z,0,maxman162,todayilearned,2025-05-25T17:45:02.648253Z
mt8h6s7,1kqsvj8,reddit,The good timeline,2025-05-20T03:01:32Z,-4,mrlotato,todayilearned,2025-05-25T17:45:02.648262Z
mt8h7zc,1kqsvj8,reddit,Superman is such a Mary Sue. The very epitome of the term.,2025-05-20T03:01:46Z,-12,Multiamor,todayilearned,2025-05-25T17:45:02.648270Z
mr2kjox,1kgx4j6,reddit,I feel like OP couldn’t decide which fact should be the TIL lol,2025-05-07T14:28:30Z,230,AggressiveWave,todayilearned,2025-05-25T17:45:04.050084Z
mr2k6ad,1kgx4j6,reddit,One of my sons used to eat these in the back yard when he was a toddler. We really tried to stop him but he would be sneaky about it. Disgusting.,2025-05-07T14:26:41Z,109,BaconReceptacle,todayilearned,2025-05-25T17:45:04.050088Z
mr2ikrv,1kgx4j6,reddit,"They are basically a tiny land shrimp.

I've always known them as a Woodlouse, but in Newfoundland where my wife grew up they are called a Carpenter.",2025-05-07T14:18:39Z,21,TheLimeyCanuck,todayilearned,2025-05-25T17:45:04.050090Z
mr3r096,1kgx4j6,reddit,"I would like to offer a small correction, the purple and blue is due to a specific infection, [iridovirus](https://en.m.wikipedia.org/wiki/Invertebrate_iridescent_virus_31), which causes crystal like structures made of the virus to form in the tissues.

Also I’d like to add, they make nice pets. I’ve got A.gestroi and they can be pretty entertaining when wandering around their enclosure. Mine also just had babies so it’s been nice seeing them move about and explore.",2025-05-07T17:52:38Z,20,Present-Secretary722,todayilearned,2025-05-25T17:45:04.050092Z
mr27jre,1kgx4j6,reddit,"Really? 

There's a pillbug that works in the cubicle next to me. And he's always running to the bathroom for 'pee breaks'. I'm gonna call him on it.",2025-05-07T13:19:32Z,61,AudibleNod,todayilearned,2025-05-25T17:45:04.050093Z
mr2yvnb,1kgx4j6,reddit,They're crazy important to decomposition as well; live terrariums use them to turn over soil because they basically eat dirt and poop better dirt all day. They have a giant cousin called the giant marine isopod that lives at the bottom of the ocean and has its own set of weird traits.,2025-05-07T15:38:16Z,13,TricolorStar,todayilearned,2025-05-25T17:45:04.050096Z
mr3d5x4,1kgx4j6,reddit,"For one second I had read ""pitbull"" and I was really confused.",2025-05-07T16:47:31Z,11,Garrosh,todayilearned,2025-05-25T17:45:04.050097Z
mr2f0za,1kgx4j6,reddit,"...say, wait'll you hear this:  doodlebugs do not POO.  Doodlebugs are larval forms of what are called antlions, and this specific larval form DOES NOT POO.  It has no anus.

[https://en.wikipedia.org/wiki/Antlion](https://en.wikipedia.org/wiki/Antlion)",2025-05-07T14:00:17Z,25,Bulawayoland,todayilearned,2025-05-25T17:45:04.050099Z
mr2apuj,1kgx4j6,reddit,[here's the picture you'll try to find](https://freeimage.host/i/3OmBKvI),2025-05-07T13:37:16Z,8,slurpey,todayilearned,2025-05-25T17:45:04.050101Z
mr4gv4s,1kgx4j6,reddit,I wonder if this was partial inspiration for 'Rocky' from 'Project Hail Mary'.,2025-05-07T19:57:05Z,5,CMDR_Atlas,todayilearned,2025-05-25T17:45:04.050103Z
mr2enwm,1kgx4j6,reddit,Rock and roll!,2025-05-07T13:58:23Z,3,Thebillyray,todayilearned,2025-05-25T17:45:04.050105Z
mr43sn6,1kgx4j6,reddit,...and it's my new best friend?,2025-05-07T18:53:40Z,3,RunInRunOn,todayilearned,2025-05-25T17:45:04.050107Z
mr48ijw,1kgx4j6,reddit,"You can actually hear the sound pillbugs make if you listen closely. It sounds like this...

""You'll take my life, but I'll take yours too  
You'll fire your musket, but I'll run you through  
So when you're waiting for the next attack  
You'd better stand, there's no turning back""",2025-05-07T19:16:34Z,3,FilmArchivist,todayilearned,2025-05-25T17:45:04.050109Z
mr3vahi,1kgx4j6,reddit,r/isopods,2025-05-07T18:12:47Z,2,TwzlrGurl69,todayilearned,2025-05-25T17:45:04.050111Z
mr46g13,1kgx4j6,reddit,"Wow, I kept reading pitbull and was like how does that make any sense?",2025-05-07T19:06:27Z,2,polpoafeira,todayilearned,2025-05-25T17:45:04.050112Z
mr5zqqm,1kgx4j6,reddit,They can also drink water through their anus,2025-05-08T00:49:25Z,2,ash_274,todayilearned,2025-05-25T17:45:04.050114Z
mr68dz3,1kgx4j6,reddit,r/isopods : “nice”,2025-05-08T01:38:22Z,2,al_fletcher,todayilearned,2025-05-25T17:45:04.050116Z
mr6hzoq,1kgx4j6,reddit,I read that as pitbull.,2025-05-08T02:35:08Z,2,ezhammer,todayilearned,2025-05-25T17:45:04.050118Z
mr6m3ck,1kgx4j6,reddit,That Pillbug sure is Metal for feeding on Heavy Metal,2025-05-08T03:01:22Z,2,NIDORAX,todayilearned,2025-05-25T17:45:04.050120Z
mr751pr,1kgx4j6,reddit,Pillbugs are so metal.,2025-05-08T05:26:02Z,2,duncanslaugh,todayilearned,2025-05-25T17:45:04.050122Z
mrojmll,1kgx4j6,reddit,Now THIS is a worthy TIL. I learned something worthwhile today,2025-05-11T01:35:40Z,2,ThanosWasRight161,todayilearned,2025-05-25T17:45:04.050124Z
mruoaef,1kgx4j6,reddit,"So, kinda like Stephen Miller.",2025-05-12T02:38:53Z,1,Lord-Doobury,todayilearned,2025-05-25T17:45:04.050126Z
mr5diwa,1kgx4j6,reddit,Pillsbury? You mean rolypolys?,2025-05-07T22:41:26Z,0,IronMikeT,todayilearned,2025-05-25T17:45:04.050128Z
mt979x8,1kqxqfh,reddit,"This is the least worst thing a Boston priest has been placed ""on leave"" for.",2025-05-20T06:38:05Z,559,goteamnick,todayilearned,2025-05-25T17:45:05.313488Z
mt9awj2,1kqxqfh,reddit,I wonder if Conan thought it was a joke at first,2025-05-20T07:14:14Z,121,chewbaccaballs,todayilearned,2025-05-25T17:45:05.313497Z
mt94w2c,1kqxqfh,reddit,That man needs Jesus...,2025-05-20T06:15:03Z,97,xtiaaneubaten,todayilearned,2025-05-25T17:45:05.313502Z
mtctpwa,1kqxqfh,reddit,[The CCTV footage was pretty chilling](https://www.youtube.com/shorts/tcAlZOQMnCQ),2025-05-20T20:14:51Z,153,I_hart_Sqwerls,todayilearned,2025-05-25T17:45:05.313507Z
mt988a5,1kqxqfh,reddit,"Like, he was stalking adult Conan? That’s refreshing ",2025-05-20T06:47:31Z,123,__-_-_--_--_-_---___,todayilearned,2025-05-25T17:45:05.313511Z
mt99san,1kqxqfh,reddit,I hear the fedex pope had to get involved.,2025-05-20T07:02:51Z,23,Cyberdyne_T-888,todayilearned,2025-05-25T17:45:05.313516Z
mte29ew,1kqxqfh,reddit,This literally sounds like a Conan joke,2025-05-21T00:15:31Z,12,kclongest,todayilearned,2025-05-25T17:45:05.313522Z
mtaxlvi,1kqxqfh,reddit,I thought this was a bit,2025-05-20T14:43:24Z,18,GamingWithBilly,todayilearned,2025-05-25T17:45:05.313527Z
mtg0021,1kqxqfh,reddit,The way this is phrased makes it sound like every celebrity gets a stalker assigned to them like a case worker,2025-05-21T09:17:03Z,7,InspectorMendel,todayilearned,2025-05-25T17:45:05.313537Z
mte1h93,1kqxqfh,reddit,"""Ajemian""

Is that a... an Armenian last name?",2025-05-21T00:10:51Z,5,TheMemoman,todayilearned,2025-05-25T17:45:05.313542Z
mte4k14,1kqxqfh,reddit,This is the most Conan thing ever,2025-05-21T00:29:17Z,5,Sweaty_Assignment_90,todayilearned,2025-05-25T17:45:05.313547Z
mtbu6eb,1kqxqfh,reddit,">“Is this the way you treat your most dangerous fans?” he wrote. “You owe me big time, pal.”

W...o...w....",2025-05-20T17:21:45Z,11,iDontRememberCorn,todayilearned,2025-05-25T17:45:05.313555Z
mtcfzbh,1kqxqfh,reddit,And where is he now?   https://www.bostonherald.com/2008/09/11/priest-in-conan-stalking-case-awol-from-treatment/amp/,2025-05-20T19:06:39Z,6,bugeye0o,todayilearned,2025-05-25T17:45:05.313560Z
mt9ppsw,1kqxqfh,reddit,"Not to condone the twisted actions of the priest, but Conan IS the best",2025-05-20T09:51:32Z,5,halfwayray,todayilearned,2025-05-25T17:45:05.313565Z
mtbuaj2,1kqxqfh,reddit,"Ah Catholics, rape a few kids and all is fine, stalk a celebrity and you are in deep shit.",2025-05-20T17:22:17Z,0,iDontRememberCorn,todayilearned,2025-05-25T17:45:05.313570Z
mtchnii,1kqxqfh,reddit,I refuse to believe a Catholic priest was stalking an adult,2025-05-20T19:14:56Z,2,JasonEAltMTG,todayilearned,2025-05-25T17:45:05.313575Z
mtf3pun,1kqxqfh,reddit,Confess your sins or the church will come to you 😂,2025-05-21T04:10:22Z,1,drkinferno94,todayilearned,2025-05-25T17:45:05.313580Z
mtf6t77,1kqxqfh,reddit,Spooky.,2025-05-21T04:34:44Z,1,Initial_Ad_4431,todayilearned,2025-05-25T17:45:05.313585Z
mtfg8co,1kqxqfh,reddit,Had no idea anyone would stalk Conan. TIL.,2025-05-21T05:55:20Z,1,JardinSurLeToit,todayilearned,2025-05-25T17:45:05.313591Z
mtbtmpt,1kqxqfh,reddit,I can fix him.,2025-05-20T17:19:11Z,1,iDontRememberCorn,todayilearned,2025-05-25T17:45:05.313596Z
mtd1v3r,1kqxqfh,reddit,"> church stationary

I mean I’ve heard of a moveable feast, but not a moveable house of worship",2025-05-20T20:54:47Z,1,borazine,todayilearned,2025-05-25T17:45:05.313600Z
mtdsegq,1kqxqfh,reddit,r/Boston I wish I knew things but this should be there,2025-05-20T23:17:56Z,1,glitterwafflebarbie,todayilearned,2025-05-25T17:45:05.313605Z
mtcwml1,1kqxqfh,reddit,Dude was obsessed with the choir boy who got away.,2025-05-20T20:29:13Z,0,hnglmkrnglbrry,todayilearned,2025-05-25T17:45:05.313610Z
mqwi65q,1kfwq3z,reddit,OG War Pigs!!!,2025-05-06T15:46:58Z,26,slotcargeek,todayilearned,2025-05-25T17:45:06.322948Z
mqvagjb,1kfwq3z,reddit,How do you breed them so the make a certain pattern like that? Especially in the early 19th century when tech wasnt that advanced?,2025-05-06T11:46:47Z,20,FL_dude12,todayilearned,2025-05-25T17:45:06.322952Z
mqxaa58,1kfwq3z,reddit,"Human beings: No matter the oppression, we will always find a way to say ""F\*\*k your oppression"".",2025-05-06T18:00:00Z,5,Sharp_Pea6716,todayilearned,2025-05-25T17:45:06.322954Z
mr154tq,1kfwq3z,reddit,"I live really close to the pivotal battlefield in the war that caused that Prussian rule, it has a really nice museum",2025-05-07T08:09:10Z,2,Bjorn_Hellgate,todayilearned,2025-05-25T17:45:06.322956Z
mr5wnrg,1kfwq3z,reddit,"""what is my purpose?""

""You are a flag""
""Oh, my God""",2025-05-08T00:31:30Z,2,mrknickerbocker,todayilearned,2025-05-25T17:45:06.322958Z
mpjh5t8,1ka3ag2,reddit,You can trigger metamorphosis in axolotls by adding iodine to their water. This is not good for the axolotls though,2025-04-28T20:07:37Z,112,psymunn,todayilearned,2025-05-25T17:45:07.456197Z
mpjh1gp,1ka3ag2,reddit,"There was a time when I thought a great deal about the axolotls. I went to see them in the aquarium at tbe Jardin des Plantes and stayed for hours watching them, observing their immobility, their faint movements. Now I am an axolotl.",2025-04-28T20:07:00Z,160,swatches,todayilearned,2025-05-25T17:45:07.456207Z
mpkkaye,1ka3ag2,reddit,"This neoteny allows them to reproduce and live in water their entire lives, whereas other species of salamander mature and live on land.",2025-04-28T23:40:17Z,49,mintmouse,todayilearned,2025-05-25T17:45:07.456214Z
mpjf9rf,1ka3ag2,reddit,There's many stories of people having Axolotls with genetic glitches that make them morph into Salamanders,2025-04-28T19:58:10Z,39,heilhortler420,todayilearned,2025-05-25T17:45:07.456221Z
mpkclp6,1ka3ag2,reddit,Do they have a secret beast mode that we can unlock with the right hormones?,2025-04-28T22:56:15Z,12,heelspider,todayilearned,2025-05-25T17:45:07.456227Z
mpldtfd,1ka3ag2,reddit,They’re just silly little guys.,2025-04-29T02:32:54Z,9,Infinitehope42,todayilearned,2025-05-25T17:45:07.456233Z
mpm96j5,1ka3ag2,reddit,I used to be an Axolotl...,2025-04-29T06:26:48Z,5,omnimodofuckedup,todayilearned,2025-05-25T17:45:07.456239Z
mpk948t,1ka3ag2,reddit,"*Neoteny, Neoteny, Neoteny,...*

RIP Tom Robbins",2025-04-28T22:36:29Z,3,Duckfoot2021,todayilearned,2025-05-25T17:45:07.456245Z
mpnkbtc,1ka3ag2,reddit,"Yeah, the commercial ones sold everywhere are actually tiger salamander hybrids. 

Also they have done experiments giving them hormones to reach adulthood and they are very unsettling to look at when they do.",2025-04-29T13:15:01Z,3,nopalitzin,todayilearned,2025-05-25T17:45:07.456251Z
mpj49j4,1ka3ag2,reddit,"amphibians? sir, this is a pokemon.",2025-04-28T19:02:23Z,6,brandi_Iove,todayilearned,2025-05-25T17:45:07.456257Z
mplppgl,1ka3ag2,reddit,"Under the right circumstances, they do metamorphose, but the result is horrifically ugly compared to their more juvenile form.",2025-04-29T03:48:36Z,4,ERedfieldh,todayilearned,2025-05-25T17:45:07.456264Z
mpn0xvt,1ka3ag2,reddit,It's also unusual in that it switches my highest stat and my lowest,2025-04-29T11:06:00Z,1,bendable_girder,todayilearned,2025-05-25T17:45:07.456270Z
mpnfvrj,1ka3ag2,reddit,So that's why it's nicknamed Peter Pan,2025-04-29T12:48:58Z,1,catjesty,todayilearned,2025-05-25T17:45:07.456276Z
mpj4bi0,1ka3ag2,reddit,Creepy,2025-04-28T19:02:40Z,-4,Curtis,todayilearned,2025-05-25T17:45:07.456283Z
mqfkd0t,1ke2k6j,reddit,Oysters' blood? First time I hear anything like this...,2025-05-03T20:52:11Z,91,francistheoctopus,todayilearned,2025-05-25T17:45:08.480867Z
mqflohw,1ke2k6j,reddit,"""Oysters, they're not just for boners!""",2025-05-03T20:59:22Z,41,RepulsiveLoquat418,todayilearned,2025-05-25T17:45:08.480881Z
mqfouuu,1ke2k6j,reddit,"Oysters are a superfood is so many different regards.. low in mercury and high in zinc, omega 3s etc. cheap too",2025-05-03T21:16:56Z,31,TylerBlozak,todayilearned,2025-05-25T17:45:08.480891Z
mqg2wp5,1ke2k6j,reddit,"Yeah, but I doubt they work orally",2025-05-03T22:40:33Z,5,Deathglass,todayilearned,2025-05-25T17:45:08.480900Z
mqif8xu,1ke2k6j,reddit,So they can promote even more extreme drug resistant bacteria?,2025-05-04T09:43:33Z,-1,gazing_the_sea,todayilearned,2025-05-25T17:45:08.480910Z
mr4cp9c,1kh6bfa,reddit,"> Two patients sustained type III tractionavulsion transforearm amputation, one sustained a wrist fracture, and one sustained right hand amputation . It is believed that this devastating injury was not due to the force exerted to pull the rope and instead it resulted due to the rebound force generated when the rope ruptured. [...] Similarly, an 11-year-old Australian boy suffered right palm and finger amputation resulting from to-and-fro movement of the rope which was wrapped around the fingers of his right hand. The hand anatomy and function were restored by microsurgical repair of the amputation 

The risks from the rope snapping are fairly well studied because that also happens when a ship's mooring lines snap.",2025-05-07T19:37:00Z,522,Hrtzy,todayilearned,2025-05-25T17:45:09.923346Z
mr5p0sx,1kh6bfa,reddit,"I was wondering why there wasn't any Tug of War in the Olympics, when I read about that. It's surprising that among the rather injury prone sports, something as seemingly innocent as tug of war is so dangerous. Could be why it hasn't returned yet.",2025-05-07T23:46:25Z,42,themikker,todayilearned,2025-05-25T17:45:09.923358Z
mr4hsrh,1kh6bfa,reddit,"https://www.snopes.com/fact-check/disarmament/


Includes graphic photo",2025-05-07T20:01:37Z,111,tbodillia,todayilearned,2025-05-25T17:45:09.923366Z
mr5babr,1kh6bfa,reddit,"If 20 people are stretching a rope, and that rope snaps, the two half sized ropes each instantly snap back to their original size with the negative force of 10 men each. If the distribution of force is equal across the rope (I.e half of the force pulling from each side of the half rope to return it to its original size), then its the equivalent of a 5 man force instantly yanking at your arms.",2025-05-07T22:28:44Z,86,Tr0user,todayilearned,2025-05-25T17:45:09.923373Z
mr6q8k4,1kh6bfa,reddit,"My random relevant experience with this is that as a teenager I broke both of my hands as a result of tug of war. The rope snapped whipped back and hit me (I was on the front of my side) and caused a compound fracture on my right second digit metacarpal and two non displaced fractures of my left 3rd and 4th metacarpals (fortunately, no amputation). Two surgeries and a lot of healing later they work great, but it was a freak accident.",2025-05-08T03:29:27Z,16,DanlytheManly21,todayilearned,2025-05-25T17:45:09.923381Z
mr7b55x,1kh6bfa,reddit,"This seems a good place for a warning: stay away from tug of war games and keep your children away, especially if self organized by random people like birthday parties or local fairs. 

For some reason people absolutely underestimate the forces at play, they pick whatever rope is lying around, without considering that those people pulling are probably pulling something close to their bodyweight on the rope, multiplied by the number of people.",2025-05-08T06:22:55Z,13,RoastedRhino,todayilearned,2025-05-25T17:45:09.923388Z
mr4mlj2,1kh6bfa,reddit,War is hell,2025-05-07T20:24:56Z,20,Hetairoi,todayilearned,2025-05-25T17:45:09.923395Z
mr5jsv3,1kh6bfa,reddit,I was at a resort in Mexico when their 40ish person tug of war rope snapped right on the beach in front of everyone. Multiple people were hospitalized,2025-05-07T23:17:13Z,20,RedditAdminsLickPoop,todayilearned,2025-05-25T17:45:09.923403Z
mr4z8rj,1kh6bfa,reddit,Shouldn’t it be called “war of tug”,2025-05-07T21:24:36Z,23,Jasranwhit,todayilearned,2025-05-25T17:45:09.923410Z
mr4fnhj,1kh6bfa,reddit,"This is a fun fact! I always assumed that ""Tug of War"" was just about brute strength, but it’s also a lot about strategy and teamwork. I remember in gym class, we had to face off in teams, and the best teams weren’t always the strongest, but the ones that worked together, pulling in sync. The key to winning was timing your pulls and making sure everyone was in the right position, which made the game feel more like a battle of wits than just physical power. Definitely made me think differently about the game.",2025-05-07T19:51:17Z,30,mrgrassydassy,todayilearned,2025-05-25T17:45:09.923417Z
mr8h1bz,1kh6bfa,reddit,It’s also one of the few sports removed from the Olympics because of its death toll,2025-05-08T12:38:23Z,2,ash_274,todayilearned,2025-05-25T17:45:09.923424Z
mr7axf6,1kh6bfa,reddit,So these injuries are caused by the rope snapping back toward the pullers?,2025-05-08T06:20:51Z,1,Fickle-Sir,todayilearned,2025-05-25T17:45:09.923432Z
mpau6j3,1k92eyg,reddit,and i think it was only narrowly saved in the 1960s orgy of destruction (by betjeman I think?),2025-04-27T12:10:59Z,88,Real_Run_4758,todayilearned,2025-05-25T17:45:10.955649Z
mpatgvl,1k92eyg,reddit,"More information and original drawings here:

[https://www.networkrail.co.uk/who-we-are/our-history/iconic-infrastructure/the-history-of-london-st-pancras-international-station/](https://www.networkrail.co.uk/who-we-are/our-history/iconic-infrastructure/the-history-of-london-st-pancras-international-station/)

The construction of the line and station at St Pancras required the demolition and clearance of many properties, including the old St Pancras burial ground. A young Thomas Hardy, before finding fame as an author was employed to oversee the excavation and re-internment of the bodies.",2025-04-27T12:05:34Z,16,Upstairs_Drive_5602,todayilearned,2025-05-25T17:45:10.955653Z
mpaw78c,1k92eyg,reddit,"Such a beautiful building, but if you stay in the old section it can be quite loud with the trains rumbling beneath you every minute.",2025-04-27T12:26:04Z,10,Massive-Pirate-5765,todayilearned,2025-05-25T17:45:10.955655Z
mpbe1c4,1k92eyg,reddit,"San Pan holds a special place in my heart.

Living as I do on the East Midlands Mainline it is my terminus when I travel to London. I remember travelling there in the early 90s when SP was really very run down. Then it was transformed to be the Eurostar hub and boy does it look so different and so much better now. The contrast is so stark - we Brits can fuck things up so hard, and at the same time do such wonderful things. It's frustrating.

It's also where I met my then-future and now current wife a couple of times for ... reasons. It still holds memories for both of us. So yeah ... love you San Pan.",2025-04-27T14:18:34Z,8,friedstilton,todayilearned,2025-05-25T17:45:10.955657Z
mpax14i,1k92eyg,reddit,Such a beautiful building. That said when you think of the crushing poverty in Victorian London at he same time I can see why similar stuff isn't made anymore as it's more than slightly distasteful!,2025-04-27T12:32:02Z,8,Dennyisthepisslord,todayilearned,2025-05-25T17:45:10.955659Z
mpbsuz4,1k92eyg,reddit,"I remember the hotel was used as a filming location for Ian McKellen's version of Richard III. Very good film, with very heavy Hitler overtones.",2025-04-27T15:37:24Z,2,kdlangequalsgoddess,todayilearned,2025-05-25T17:45:10.955661Z
mpcad9p,1k92eyg,reddit,"When she stepped from her carriage, she exclaimed ""C'est magnifique, mais, ce n'est pas le gare?""",2025-04-27T17:07:28Z,2,snow_michael,todayilearned,2025-05-25T17:45:10.955663Z
mpcfv8v,1k92eyg,reddit,"Largest single enclosed space, I believe. The Crystal Palace from the 1851 Great Exhibition was a larger enclosed space but comprised multiple building areas.",2025-04-27T17:34:31Z,1,unfairrobot,todayilearned,2025-05-25T17:45:10.955665Z
mq255gy,1k92eyg,reddit,There’s a great scene in one of Douglas Adams’ last books (I think one of the Dirk Gentlys) where the 1990s version of the station was some kind of dimensional wormhole that the homeless would appear and disappear through.,2025-05-01T18:10:25Z,1,Bentonite_Magma,todayilearned,2025-05-25T17:45:10.955667Z
mpaw9x9,1k92eyg,reddit,"Largest *permanent* constructed enclosed space, I suppose.  I'd think of of those underground cities would have this beat though, unless the ""space"" has to be continuous and unobstructed by even open doorways.",2025-04-27T12:26:36Z,1,FooliooilooF,todayilearned,2025-05-25T17:45:10.955669Z
mpayhk5,1k92eyg,reddit,It went into decline as modes of living changed. There was (to modern and American eyes) a quite shocking lack of bathrooms.  Do the British not bathe they asked themselves as they hurried to more modern accommodation.   The restorers had to do significant work to refit the rooms for modern living.,2025-04-27T12:42:16Z,-8,lotsanoodles,todayilearned,2025-05-25T17:45:10.955671Z
mraf7dq,1khxb1n,reddit,What would make up a non freak hang gliding accident?,2025-05-08T18:31:42Z,177,iDontRememberCorn,todayilearned,2025-05-25T17:45:12.177617Z
mrae90a,1khxb1n,reddit,Too bad the poor bastard had such a boring existence. LOL,2025-05-08T18:27:00Z,47,TheLimeyCanuck,todayilearned,2025-05-25T17:45:12.177630Z
mraknbl,1khxb1n,reddit,"> attempting to hang-glide off a 400m cliff, despite having zero experience

More altitude should be better (more time to figure it out), but still...",2025-05-08T18:58:23Z,31,michal_hanu_la,todayilearned,2025-05-25T17:45:12.177637Z
mramd46,1khxb1n,reddit,"Love WW2 vets like these guys. 

  
Another Guy Like this is Walter Filipek. Crazy life, One of twelve kids, joins the army at 18, becomes a menace for the Japanese and then leaves with fond memories to become a world traveller.  

[https://youtu.be/D0emKAs5j2I?si=sosa4cmTD7pfeplc](https://youtu.be/D0emKAs5j2I?si=sosa4cmTD7pfeplc)",2025-05-08T19:06:54Z,17,samsonity,todayilearned,2025-05-25T17:45:12.177644Z
mrapjek,1khxb1n,reddit,"Today I learned about hang gliding. Apparently, hand gliding is not a thing. I am now learnid.",2025-05-08T19:22:40Z,12,dylanologist,todayilearned,2025-05-25T17:45:12.177651Z
mrakdj0,1khxb1n,reddit,There’s a documentary called The Source Family on the cult.,2025-05-08T18:57:03Z,18,mattevil8419,todayilearned,2025-05-25T17:45:12.177658Z
mraiv53,1khxb1n,reddit,That's the life I've always wanted. 😎,2025-05-08T18:49:37Z,9,PoopiePantsMahn,todayilearned,2025-05-25T17:45:12.177664Z
mraovuh,1khxb1n,reddit,Hang gliding seems like one of those things you might want to have at least some knowledge of before attempting.,2025-05-08T19:19:22Z,5,greatgildersleeve,todayilearned,2025-05-25T17:45:12.177671Z
mraewl8,1khxb1n,reddit,I’m hang gliding! Take a good picture honey. Aaaaand I’M DEAD—what an IDIOT!,2025-05-08T18:30:12Z,27,lesllamas,todayilearned,2025-05-25T17:45:12.177678Z
mraj83w,1khxb1n,reddit,Talk about a roller coaster.,2025-05-08T18:51:23Z,4,DaveOJ12,todayilearned,2025-05-25T17:45:12.177685Z
mrav4sg,1khxb1n,reddit,"""Spiritual leader"" and ""13 wives"" is an unfortunately common combination.",2025-05-08T19:50:22Z,4,BillTowne,todayilearned,2025-05-25T17:45:12.177691Z
mragh9c,1khxb1n,reddit,"""My father died the same way!""",2025-05-08T18:37:59Z,3,ZylonBane,todayilearned,2025-05-25T17:45:12.177698Z
mranl3k,1khxb1n,reddit,This is like six different movies worth of biopic material they need to get on this,2025-05-08T19:12:57Z,3,aeemmmoor,todayilearned,2025-05-25T17:45:12.177705Z
mrbbvfe,1khxb1n,reddit,">“It was brutal coming back to the system we left behind for most,” Djin says, “even when having wealthy families to go back to, because of all the ‘I told you so’s’ and humble pie that was served.”

Man to be that spoiled to only have to deal with 'I told you so' after 7 years in a cult",2025-05-08T21:13:09Z,3,okram2k,todayilearned,2025-05-25T17:45:12.177712Z
mrbfedf,1khxb1n,reddit,Freak hang gliding accident is how I explain my facial birth mark. Have an upvote.,2025-05-08T21:31:40Z,3,Blurt-Reynolds,todayilearned,2025-05-25T17:45:12.177719Z
mrbk06j,1khxb1n,reddit,Nothing could prepare me for the roller coaster that sentence took me on.,2025-05-08T21:56:36Z,3,mcampo84,todayilearned,2025-05-25T17:45:12.177726Z
mrbplxi,1khxb1n,reddit,[removed],2025-05-08T22:28:33Z,2,N/A,todayilearned,2025-05-25T17:45:12.177733Z
mrcenke,1khxb1n,reddit,Well. Shit. Just when I thought I had my life goals all sorted out.,2025-05-09T01:00:00Z,2,Fluid_Anywhere_7015,todayilearned,2025-05-25T17:45:12.177740Z
mraqtjg,1khxb1n,reddit,Almost as unexpected as a freak gasoline fight accident.,2025-05-08T19:29:01Z,2,lonegunman77,todayilearned,2025-05-25T17:45:12.177747Z
mramho8,1khxb1n,reddit,I like his quote about how a man never just walks out of the house without looking in the mirror and making sure you look your absolute best.,2025-05-08T19:07:32Z,1,MGPS,todayilearned,2025-05-25T17:45:12.177754Z
mrav27h,1khxb1n,reddit,I think the dollop did an episode on this guy.,2025-05-08T19:50:01Z,1,Spare-Painter3043,todayilearned,2025-05-25T17:45:12.177762Z
mrax3qk,1khxb1n,reddit,Looks like the inspiration for Immortan Joe,2025-05-08T19:59:57Z,1,lucidum,todayilearned,2025-05-25T17:45:12.177768Z
mrayr0h,1khxb1n,reddit,"Father Yod also had an excellent psychedelic band, also called The Source Family.",2025-05-08T20:08:07Z,1,free_plax,todayilearned,2025-05-25T17:45:12.177775Z
mrbk8h1,1khxb1n,reddit,He was so much closer to GOD.....and he didn't save him.....gee wonder why.......lol,2025-05-08T21:57:53Z,1,lgmorrow,todayilearned,2025-05-25T17:45:12.177782Z
mrcjg4g,1khxb1n,reddit,Dan Cummins did a Timesuck ep on him.,2025-05-09T01:29:30Z,1,Thepants1981,todayilearned,2025-05-25T17:45:12.177790Z
mreqyed,1khxb1n,reddit,So weird to see this posted… Yesterday I also heard of Father Yod for the first time… Some guys who were being interviewed on a podcast called Turned Out A Punk were talking about some band mate of theirs who was into him.,2025-05-09T12:33:32Z,1,HillCityJosh,todayilearned,2025-05-25T17:45:12.177796Z
mrevzbe,1khxb1n,reddit,"I just recently ran across the word Yod in Amy Glynn's poem *Space Is the Final Frontier*.  Besides being a Hebrew letter it's also an astrological term:

*In astrology, a Yod, also known as the ""Finger of God,"" is a pattern where two planets form a sextile with each other, and a third planet forms a quincunx (150-degree angle) to both. This configuration is often interpreted as a karmic mission, a destiny, or a ""finger of fate"" pushing individuals towards self-discovery and transformation.*

.

Baader–Meinhof phenomenon strikes again",2025-05-09T13:04:37Z,1,KlingonLullabye,todayilearned,2025-05-25T17:45:12.177804Z
ms2deon,1khxb1n,reddit,His charisma stats were maxed out,2025-05-13T10:03:38Z,1,EkariKeimei,todayilearned,2025-05-25T17:45:12.177811Z
msl4kat,1knr1sw,reddit,"The joke at the time was ""Why did Intel call it the Pentium instead of the 586?  Because they tried 486+100 and came out with 585.9996""",2025-05-16T07:08:20Z,157,Goodgulf,todayilearned,2025-05-25T17:45:13.487953Z
mske6rj,1knr1sw,reddit,"Somehow, the similarly literally defective 13th and 14th gen processors haven't resulted in a wide recall, just an RMA program. Sure, the damage isn't happening anymore with a BIOS update, but most consumers aren't even aware of the problem and are never going to do a BIOS update, and every single person who bought a CPU before the bios update should be given a replacement CPU.

edit: TIL that the fix isn't a fix, apparently. There was another fix last week and CPUs have still been dying.",2025-05-16T03:23:53Z,171,terriblestperson,todayilearned,2025-05-25T17:45:13.487957Z
mskfl0s,1knr1sw,reddit,That and other problems sent me on a few wild goose chases of what seemed like bugs in the formulas I had written in my excel sheets.,2025-05-16T03:33:35Z,19,Proper-Application69,todayilearned,2025-05-25T17:45:13.487959Z
mskxyjg,1knr1sw,reddit,[The F00F bug](https://en.wikipedia.org/wiki/Pentium_F00F_bug?useskin=vector) was amusing too. Locked up the CPU until it was reset (usually by rebooting),2025-05-16T06:04:02Z,15,AyrA_ch,todayilearned,2025-05-25T17:45:13.487961Z
msko63t,1knr1sw,reddit,*Intel Inside* was a warning,2025-05-16T04:38:22Z,41,Bokbreath,todayilearned,2025-05-25T17:45:13.487963Z
msksfm1,1knr1sw,reddit,"At that time, I was building a reputation as a builder of fast CAD machines. I had to eat a few. Grrr.  I buy AMD now.",2025-05-16T05:13:55Z,24,Student-type,todayilearned,2025-05-25T17:45:13.487966Z
msldejf,1knr1sw,reddit,back when they used to recall defective hardware,2025-05-16T08:41:02Z,3,ack4,todayilearned,2025-05-25T17:45:13.487968Z
msmsif5,1knr1sw,reddit,"Don't take this the wrong way but it does amuse my old ass that this is a TIL for someone - back in the day it was a *huge* thing, the breach of trust it implied had reprecussions way way beyond just a recall of the specific CPUs (which by itself was massive). 

Think like the Samsung Galaxy Note 7 explosion kerfuffle - for a while, the brand ""Samsung"" was immediately connected to exploding phones, because that kind of thing happening is scary and, it feels like everyone could potentially be hit by it. But even that disappeared quicker than the Intel FDIV bug, it feels like it must've gone on for like a decade.

I guess that being in the 90s makes it essentially ancient lore at this point though",2025-05-16T14:41:01Z,3,Chisignal,todayilearned,2025-05-25T17:45:13.487970Z
msn1nkj,1knr1sw,reddit,That led to the AMD K5 CPU becoming a very popular alternative.,2025-05-16T15:25:42Z,3,compuwiza1,todayilearned,2025-05-25T17:45:13.487972Z
msohl5y,1knr1sw,reddit,"Open up your chrome browser and press F12 to open up the debug console. Type in 0.1 + 0.2 and you’ll see the answer.

It’s not 0.3. Floating point numbers have some limitations.",2025-05-16T19:42:29Z,3,Shin_Ramyun,todayilearned,2025-05-25T17:45:13.487974Z
mslek7w,1knr1sw,reddit,"Students at the time would sarcastically  refer to their own mistakes on math tests as ""pentium math""",2025-05-16T08:53:02Z,5,mjfmaguire,todayilearned,2025-05-25T17:45:13.487976Z
msl9tv0,1knr1sw,reddit,"Hey, don't put that on me man...",2025-05-16T08:03:10Z,2,Intel-Pentium,todayilearned,2025-05-25T17:45:13.487978Z
msnxnp5,1knr1sw,reddit,Also referred to as the rePentium.,2025-05-16T18:00:57Z,2,MagnifyingLens,todayilearned,2025-05-25T17:45:13.487980Z
msp1utr,1knr1sw,reddit,CYRIX ON TOP!,2025-05-16T21:26:16Z,2,ditchdigger4000,todayilearned,2025-05-25T17:45:13.487982Z
msuh77o,1knr1sw,reddit,"After the dust had mostly settled on this, all the employees got keychains with one of the defective chips in it. After that, when a batch of material is scrapped we’d often say they’re keychain material.",2025-05-17T20:10:00Z,2,wwhisler,todayilearned,2025-05-25T17:45:13.487984Z
msme3m4,1knr1sw,reddit,"There's a subtle reference to this in Legion's loyalty mission in Mass Effect 2, by the way.",2025-05-16T13:25:26Z,1,res30stupid,todayilearned,2025-05-25T17:45:13.487986Z
msp9osp,1knr1sw,reddit,"Q: What do you get when you cross a Pentium with a research grant?


A: A mad scientist.",2025-05-16T22:09:51Z,1,JJohnston015,todayilearned,2025-05-25T17:45:13.487988Z
msl22wt,1knr1sw,reddit,NSA was that you? AES is scary,2025-05-16T06:43:34Z,-5,Worried_Fill3961,todayilearned,2025-05-25T17:45:13.487990Z
msl6fvb,1knr1sw,reddit,"I heard about this back in the day and went into a computer store. I opened the Windows calculator app and had it calculate 1 + 1. It came back with 2.1.

I just walked out.",2025-05-16T07:27:40Z,-22,shotsallover,todayilearned,2025-05-25T17:45:13.487992Z
mt08c47,1kpseb6,reddit,"Incidentally, humans kill more mosquitos than mosquitos do too.",2025-05-18T19:50:54Z,129,kbrymupp,todayilearned,2025-05-25T17:45:15.340477Z
mt08dc2,1kpseb6,reddit,"Look, I'm not a mosquitologist, but, uhh... that's not a mosquito?",2025-05-18T19:51:06Z,171,Fetlocks_Glistening,todayilearned,2025-05-25T17:45:15.340497Z
mt072lv,1kpseb6,reddit,"I mean, aren’t they technically the single most dangerous animal on earth to humans because of all the crap they can give us.",2025-05-18T19:44:03Z,40,axw3555,todayilearned,2025-05-25T17:45:15.340510Z
mt0ijeo,1kpseb6,reddit,Seems weird to compare human deaths caused by mosquitos to human deaths caused by humans *but only those* caused through homicide. It's not like mosquitoes are actively trying to kill us.,2025-05-18T20:44:56Z,13,CinemaDork,todayilearned,2025-05-25T17:45:15.340522Z
mt084oj,1kpseb6,reddit,Its a lot harder to jail them after killing someone because they can just fly through the bars leaving them free to kill again,2025-05-18T19:49:48Z,17,Dreadzone666,todayilearned,2025-05-25T17:45:15.340550Z
mt0616e,1kpseb6,reddit,That sucks,2025-05-18T19:38:23Z,13,Sustainable_Twat,todayilearned,2025-05-25T17:45:15.340562Z
mt0culw,1kpseb6,reddit,"And biologists estimate there would be no significant ecological impact of eradicating the mosquite, so I can't wait until we get our AI-driven laser mosquito zappers.",2025-05-18T20:15:03Z,5,fazalmajid,todayilearned,2025-05-25T17:45:15.340573Z
mt08nr3,1kpseb6,reddit,I wonder how much the danger differs from continent to continent. I've never heard of someone who got malaria in Europe...,2025-05-18T19:52:39Z,2,SweatyCount,todayilearned,2025-05-25T17:45:15.340585Z
mt06o5v,1kpseb6,reddit,Who would win in a fight? 100 mosquitos or one man?,2025-05-18T19:41:51Z,3,Bruce-7891,todayilearned,2025-05-25T17:45:15.340598Z
mt0dn26,1kpseb6,reddit,I remember seeing an estimate years ago that mosquitoes may have killed as much as half of all humans that have died in our entire history. Never really bothered to fact check but that's an alarming statistic if it's even close to true,2025-05-18T20:19:17Z,3,THElaytox,todayilearned,2025-05-25T17:45:15.340610Z
mt0itgd,1kpseb6,reddit,"If you're being this pedantic, you should say malaria parasites (of which there are 5 that infect humans) kill people. In fact, mosquitos don't kill humans. 

Also, you could add a level of pedantry to say that malaria mainly kills kids under the age of 5 (the most vulnerable age group) and compare it to infanticide.",2025-05-18T20:46:22Z,3,Odd-Scarcity2759,todayilearned,2025-05-25T17:45:15.340621Z
mt06ntm,1kpseb6,reddit,Mansquito enters the ring…,2025-05-18T19:41:48Z,2,disappointed_darwin,todayilearned,2025-05-25T17:45:15.340632Z
mt07sen,1kpseb6,reddit,So mosquitoes are committing homicides?,2025-05-18T19:47:55Z,2,LeavesInsults1291,todayilearned,2025-05-25T17:45:15.340644Z
mt0ahfq,1kpseb6,reddit,And the lions...it's like they're not even trying.,2025-05-18T20:02:23Z,2,lajfat,todayilearned,2025-05-25T17:45:15.340655Z
mt0f3q8,1kpseb6,reddit,"Arrests, much less prosecutions remain rare, however, admits Chief Wiggum.",2025-05-18T20:27:03Z,2,iscashstillking,todayilearned,2025-05-25T17:45:15.340667Z
mt0r8wb,1kpseb6,reddit,Lion for scale.,2025-05-18T21:31:42Z,2,trollsong,todayilearned,2025-05-25T17:45:15.340678Z
mt0s0x2,1kpseb6,reddit,"No they do NOT. 

The virus that some species can carry kills people. The mosquitoes do not.",2025-05-18T21:35:57Z,2,exotics,todayilearned,2025-05-25T17:45:15.340691Z
mt0yovl,1kpseb6,reddit,More like the malaria parasite kills those people.,2025-05-18T22:13:25Z,2,Holiday-Caregiver-64,todayilearned,2025-05-25T17:45:15.340703Z
mt090v9,1kpseb6,reddit,so then where is the common sense mosquito control,2025-05-18T19:54:36Z,1,likeonions,todayilearned,2025-05-25T17:45:15.340716Z
mt09mac,1kpseb6,reddit,[ Removed by Reddit ],2025-05-18T19:57:46Z,1,BlueTumbas,todayilearned,2025-05-25T17:45:15.340729Z
mt0bv47,1kpseb6,reddit,Yeah but what about ManBearPig?,2025-05-18T20:09:49Z,1,Fast_Eddie_50,todayilearned,2025-05-25T17:45:15.340739Z
mt0d9kp,1kpseb6,reddit,As someone who's had malaria 3 times i am painfully aware of this.,2025-05-18T20:17:15Z,1,MagnetoWasRight24,todayilearned,2025-05-25T17:45:15.340746Z
mt0fwvl,1kpseb6,reddit,My that’s a hairy mosquito!,2025-05-18T20:31:20Z,1,Hmgkt,todayilearned,2025-05-25T17:45:15.340752Z
mt0guka,1kpseb6,reddit,Mosquitoes kill a couple million people a year and are the most deadly animal on the planet.,2025-05-18T20:36:14Z,1,cyberentomology,todayilearned,2025-05-25T17:45:15.340759Z
mt0imp5,1kpseb6,reddit,That’s one big mosquito OP holy moly,2025-05-18T20:45:24Z,1,Human-Category-5024,todayilearned,2025-05-25T17:45:15.340766Z
mt0k8u6,1kpseb6,reddit,"There's a hell of a lot more mosquitoes than people in this world, they have no working theory of disease and their females are out for blood.  What did you expect?",2025-05-18T20:53:50Z,1,FreeFromCommonSense,todayilearned,2025-05-25T17:45:15.340774Z
mt0kbec,1kpseb6,reddit,"I'm pretty sure they outnumber us by quite a bit, much higher chance",2025-05-18T20:54:13Z,1,snowtater,todayilearned,2025-05-25T17:45:15.340780Z
mt0mhr1,1kpseb6,reddit,Blame Noah for letting those 2 mosquitoes onto the ark. Dude could’ve saved humanity from a world of hurt. /s,2025-05-18T21:05:46Z,1,squintamongdablind,todayilearned,2025-05-25T17:45:15.340787Z
mt0nx0g,1kpseb6,reddit,Yeah it's crazy how the things we don't always think of can do the most damage and cause the most harm to humans.,2025-05-18T21:13:22Z,1,Historical_Bet,todayilearned,2025-05-25T17:45:15.340794Z
mt0o06g,1kpseb6,reddit,So does the flu.,2025-05-18T21:13:51Z,1,norby2,todayilearned,2025-05-25T17:45:15.340801Z
mt105gp,1kpseb6,reddit,"I get bit non stop in the summer, yet to die. Will keep you updated. Maybe im just built different",2025-05-18T22:21:55Z,1,Old-butt-new,todayilearned,2025-05-25T17:45:15.340808Z
mt1e7xi,1kpseb6,reddit,Car drivers kill 1.4 million people every year directly. ,2025-05-18T23:46:55Z,1,Pop-metal,todayilearned,2025-05-25T17:45:15.340814Z
mt2tm4t,1kpseb6,reddit,"If you want to nitpick it’s really the microorganisms spread by mosquitos that do the killing, the bugs themselves never killed anyone",2025-05-19T05:50:49Z,1,InterestingFeedback,todayilearned,2025-05-25T17:45:15.340822Z
mt476bm,1kpseb6,reddit,"And NOT ONE of those punks have ever stood trial for their crimes! I say we SMOKE ‘em!      
Oh-what’s that, we do that already…never mind.",2025-05-19T13:11:42Z,1,TheJasonaut,todayilearned,2025-05-25T17:45:15.340829Z
mt54i29,1kpseb6,reddit,Is there a positive aspect of Mosquitos? Any reason to to extinct the bastards and include ticks with them please?,2025-05-19T16:06:30Z,1,Xero_id,todayilearned,2025-05-25T17:45:15.340837Z
mt7pb9q,1kpseb6,reddit,Lol your title makes it seem like the mosquitos are also committing homicide,2025-05-20T00:05:41Z,1,theeggplant42,todayilearned,2025-05-25T17:45:15.340844Z
mt7pi7w,1kpseb6,reddit,The great human-mosquitoe war. Type K species vs Type R. Who would win?,2025-05-20T00:06:51Z,1,Sammy_1141,todayilearned,2025-05-25T17:45:15.340851Z
mt7raqt,1kpseb6,reddit,"I know a lot of people are thinking we need to raise the number of homicides, so we win this competition, but I'm not sure that's true. If anything, maybe we should work at reducing the number of humans that mosquitos kill.",2025-05-20T00:17:49Z,1,WrongSubFools,todayilearned,2025-05-25T17:45:15.340859Z
mt09uar,1kpseb6,reddit,"It's not really to mosquitoes that do it, it's the parasites that happened to be carried by them. 

Ie malaria. Feels like it's unfair to say it's all the mosquito. It's like saying humans are responsible for covid deaths rather than the virus",2025-05-18T19:58:55Z,1,Not_so_ghetto,todayilearned,2025-05-25T17:45:15.340866Z
mt0cc6b,1kpseb6,reddit,"Tell us how the numbers change by country please.

Lies, damned lies and statistics.",2025-05-18T20:12:22Z,1,gerbosan,todayilearned,2025-05-25T17:45:15.340873Z
mt0d3ro,1kpseb6,reddit,"Diseases they carry do the killing. Mosquitoes have no ability to kill humans unless they themselves are infected. 

Thats a disease doing the killing. I hate that they constantly tout Mosquitoes as the deadliest. Call them the most dangerous to public health. 

Im infinitely more terrified of a hippo.",2025-05-18T20:16:24Z,1,battleship61,todayilearned,2025-05-25T17:45:15.340880Z
mt0dhpj,1kpseb6,reddit,"I mean, only counting homicides feels disingenuous af. People dying from war, genocide, and executions are still examples of humans killing humans.",2025-05-18T20:18:29Z,1,Drafo7,todayilearned,2025-05-25T17:45:15.340886Z
mt06to6,1kpseb6,reddit,"Why do we count malaria deaths as mosquitoes' doing? Do we count covid deaths as bats' doing? 

They're just vectors.


Malaria is due to the parasite, not the mosquito bite, that is my point. I wouldn't compare an animal/human actively killing a human (regardless of intention or means to take a life, but intentional attack), with a bite that has a completely different biological purpose and whose effect depends on another organism.",2025-05-18T19:42:42Z,-6,Sad-Razzmatazz-5188,todayilearned,2025-05-25T17:45:15.340893Z
mt0fr3g,1kpseb6,reddit,"THAT'S AWESOME!!!

🦟",2025-05-18T20:30:29Z,0,Shotgun_Mosquito,todayilearned,2025-05-25T17:45:15.340900Z
mro70an,1kjns25,reddit,"See also Truth or Consequences, NM.",2025-05-11T00:12:22Z,183,Infinite_Research_52,todayilearned,2025-05-25T17:45:16.549930Z
mrodgqs,1kjns25,reddit,"There was a nowhere town in eastern Oregon that changed its name to Half.com near the dot bomb bust. No idea what they were paid, but I suspect the domain name is worth more than the entire community these days.",2025-05-11T00:55:06Z,67,CynicalAltruism,todayilearned,2025-05-25T17:45:16.549949Z
mro5syf,1kjns25,reddit,Way too many people undervalue local and state level politics and what can be done at those levels. During the heyday of ISIS I tried to convince my mayor to pledge allegiance to Abu Bakr Al-Baghdadi so ISIS would leave us alone. He refused but I think they appreciated my efforts because we never were attacked.,2025-05-11T00:04:26Z,238,goodcleanchristianfu,todayilearned,2025-05-25T17:45:16.549963Z
mrof6eh,1kjns25,reddit,Telephone TX got its name after all their submissions were already taken and they had the only phone in the area (1880s).,2025-05-11T01:06:14Z,26,hhnnngg,todayilearned,2025-05-25T17:45:16.549977Z
mroh3qp,1kjns25,reddit,The Wikipedia page says 10 years not 15 years.,2025-05-11T01:18:57Z,8,xmod3563,todayilearned,2025-05-25T17:45:16.549987Z
mroqpqm,1kjns25,reddit,"Sandwich, IL, changed its name for one day (I think) to ""Soup And Sandwich"" as a promotional stunt for Campbell's Soup.",2025-05-11T02:22:14Z,7,virgilreality,todayilearned,2025-05-25T17:45:16.549994Z
mrou4ts,1kjns25,reddit,"DISH, Texas is located about 25 miles southwest of  BRAWNDO- It's What Plants Crave, Texas",2025-05-11T02:45:33Z,11,Itisd,todayilearned,2025-05-25T17:45:16.550001Z
mrqq00h,1kjns25,reddit,Mayo Florida changed its name for a day to Miracle Whip Florida so they would paint the water tower for the commercials and then paint it back to say Mayo,2025-05-11T12:54:45Z,2,BigChach567,todayilearned,2025-05-25T17:45:16.550008Z
mroiyuw,1kjns25,reddit,Smart town. Good deal.,2025-05-11T01:31:16Z,3,100LittleButterflies,todayilearned,2025-05-25T17:45:16.550015Z
mrocswp,1kjns25,reddit,The city of Omaha Steaks in Lumber Liquidators County.,2025-05-11T00:50:49Z,1,satsugene,todayilearned,2025-05-25T17:45:16.550022Z
mrokvob,1kjns25,reddit,Whats the deal with Beirut Florida then?? /s,2025-05-11T01:43:40Z,2,el_f3n1x187,todayilearned,2025-05-25T17:45:16.550029Z
mrrbkxq,1kjns25,reddit,Wonder what’s gonna happen with Starbase as soon as Elongated Muskrat’s ventures go tits up?,2025-05-11T15:03:28Z,1,abudhabikid,todayilearned,2025-05-25T17:45:16.550036Z
mrrtk1j,1kjns25,reddit,"Topeka, KS changed its name to Google, KS for a day about a decade ago when Google first announced Google fiber in a bid to get them to bring services there. Unfortunately it failed as Google went to Kansas City.",2025-05-11T16:39:12Z,1,Jayhawker32,todayilearned,2025-05-25T17:45:16.550042Z
mrx23am,1kjns25,reddit,This is the future of the country. I’m waiting until my city changes to White Castle Indiana. You will smell the onion for miles ,2025-05-12T14:25:30Z,1,MisterSanitation,todayilearned,2025-05-25T17:45:16.550049Z
mrqxpww,1kjns25,reddit,"I've always liked Eugene, Oregon",2025-05-11T13:45:10Z,0,n0morerunning,todayilearned,2025-05-25T17:45:16.550056Z
mppuein,1kawk3t,reddit,This is why many aerospace applications use leaded solder. It prevents the whiskers from growing somehow. Maybe someone smarter than me can explain.,2025-04-29T19:56:51Z,326,unnameableway,todayilearned,2025-05-25T17:45:17.906325Z
mpq0caw,1kawk3t,reddit,"I wonder if it has something to do with the electro-magnetic field created over a long period of time, and atom by atom they rearrange themselves and end up following those field lines.",2025-04-29T20:24:59Z,85,freexanarchy,todayilearned,2025-05-25T17:45:17.906331Z
mpq4xj1,1kawk3t,reddit,The whiskers are largely problematic however they likely serve a purpose of allowing electronic devices to be able to tell if they can fit into tight spots,2025-04-29T20:46:35Z,121,RedSonGamble,todayilearned,2025-05-25T17:45:17.906336Z
mppsf96,1kawk3t,reddit,Accursed electronical contraptions!,2025-04-29T19:47:34Z,11,ZylonBane,todayilearned,2025-05-25T17:45:17.906340Z
mprrcoo,1kawk3t,reddit,wow... that picture of the piece of zinc alloy thing with so many whiskers that it looks like a piece of steel wool... holy crap hahaha.,2025-04-30T02:05:06Z,8,kingbane2,todayilearned,2025-05-25T17:45:17.906344Z
mpqu004,1kawk3t,reddit,"ITT: People speculating about a topic they (mostly) just read about on the internet, despite their introduction to the topic clearly indicating that it’s a known phenomenon with an unknown root cause within a well-studied and well-funded research area.",2025-04-29T22:57:29Z,39,Next_Dawkins,todayilearned,2025-05-25T17:45:17.906348Z
mpq648n,1kawk3t,reddit,I have never seen these whiskers before,2025-04-29T20:52:15Z,6,moxzot,todayilearned,2025-05-25T17:45:17.906352Z
mpt49hs,1kawk3t,reddit,"Ah, this explains why the stuff I work on is conformal coated.",2025-04-30T08:42:38Z,3,Dannysaysnoo,todayilearned,2025-05-25T17:45:17.906356Z
mpr2jac,1kawk3t,reddit,This is considered when designing waveguide. Multiplication during launch in critical TC&R systems can be devastating.,2025-04-29T23:44:46Z,2,JonBoy82,todayilearned,2025-05-25T17:45:17.906360Z
mpuf76q,1kawk3t,reddit,How much time do I got until my gpu whiskers itself to death,2025-04-30T14:22:38Z,2,NInjamaster600,todayilearned,2025-05-25T17:45:17.906363Z
mpwmuds,1kawk3t,reddit,"TIL my cat is metal
 
 
Heheh that's a joke, I already knew that little bastard is metal af",2025-04-30T20:48:52Z,2,CakeMadeOfHam,todayilearned,2025-05-25T17:45:17.906367Z
mpqclxu,1kawk3t,reddit,"Isn't it partially Tin Pest? Where tin goes through an allotropic change from one crystal structure to another, which causes it to change physical shape and size. We use leaded solder in Aerospace specifically for this reason",2025-04-29T21:24:10Z,3,snowmunkey,todayilearned,2025-05-25T17:45:17.906371Z
mpqm87j,1kawk3t,reddit,Does it still happen if the exposed metal is sealed? Like with a thick nonconducting lacquer?,2025-04-29T22:14:41Z,3,FirstNoel,todayilearned,2025-05-25T17:45:17.906375Z
mps11ce,1kawk3t,reddit,Electronical?,2025-04-30T03:03:19Z,2,Ok_Knowledge2970,todayilearned,2025-05-25T17:45:17.906379Z
mpszkse,1kawk3t,reddit,So who’s going to invent a way to shave the computers?,2025-04-30T07:52:03Z,2,Big_Iron_Cowboy,todayilearned,2025-05-25T17:45:17.906383Z
mpt8xav,1kawk3t,reddit,"And interestingly weightlessness, vacuum and large temperature variations are especially conducive to tin whisker growth. This makes it a particular concern for spacecraft. There is an example of a telecommunications satellite (US Galaxy IV) that was permanently lost due what was believed to be short circuits from whisker growth.

[https://www.esa.int/ESA\_Multimedia/Images/2017/11/Tin\_whisker](https://www.esa.int/ESA_Multimedia/Images/2017/11/Tin_whisker)",2025-04-30T09:32:58Z,2,Ionazano,todayilearned,2025-05-25T17:45:17.906390Z
mpqwdtm,1kawk3t,reddit,"It's nature simply showing you the difference between boy metals and girl metals.  And I guess Mediterranean women metals.  And Russian Babuska metals.  

Damn it.  Everyone has whiskers.  

Back to drawing board....",2025-04-29T23:10:40Z,3,elPatronSuarez,todayilearned,2025-05-25T17:45:17.906394Z
mprypz1,1kawk3t,reddit,Why did you transformatize the versionifacationization of the wordiform electonic to electronical?,2025-04-30T02:48:54Z,3,DJBFL,todayilearned,2025-05-25T17:45:17.906398Z
mpriyen,1kawk3t,reddit,This is something that can happen from the anode and cathode of a lithium battery.,2025-04-30T01:17:15Z,1,Worldly-Time-3201,todayilearned,2025-05-25T17:45:17.906401Z
mprn7s0,1kawk3t,reddit,"My favorite garage band name, Zinc Whiskers.",2025-04-30T01:41:33Z,1,what_cha_want,todayilearned,2025-05-25T17:45:17.906405Z
mpuhefz,1kawk3t,reddit,"disarm dam worm physical quack waiting existence outgoing squeal sip

 *This post was mass deleted and anonymized with [Redact](https://redact.dev/home)*",2025-04-30T14:33:37Z,1,N/A,todayilearned,2025-05-25T17:45:17.906409Z
mppoats,1kawk3t,reddit,"Dendritic growths. 

Typically caused by contamination in a humid environment. Grows crystals out of solder. 

Pretty neat.",2025-04-29T19:27:37Z,-5,rickjames2014,todayilearned,2025-05-25T17:45:17.906413Z
mprtrtv,1kawk3t,reddit,This mostly happens with machines running Linux - something about them being challenged by the admin's facial hair.,2025-04-30T02:19:08Z,1,Maiq_Never_Lied,todayilearned,2025-05-25T17:45:17.906417Z
mqbpm77,1kdc6zx,reddit,"One of the weird historical facts that I love is that the lieutenant governor of upper Canada who signed this was John Graves Simcoe--who had a large role in the American revolutionary war. He led freed black slaves in battle and was to some, a war criminal.",2025-05-03T05:10:09Z,103,chaosunleashed,todayilearned,2025-05-25T17:45:19.028152Z
mqc2fil,1kdc6zx,reddit,"This is why when Mormons claim “Brigham Young was just a man of his time” to excuse their religion’s past racism, I call bullshit.",2025-05-03T07:12:50Z,40,suresignofthefail,todayilearned,2025-05-25T17:45:19.028156Z
mqda0kt,1kdc6zx,reddit,"Canadian here.

First, while technically correct, the [1793 Act to Limit Slavery in Upper Canada](https://www.thecanadianencyclopedia.ca/en/article/1793-act-to-limit-slavery-in-upper-canada) was the first “legislation” passed, it wasn’t the first anti-slavery law in the British Empire. That would be The decision in the [1772 case Somerset vs. Stewart](https://en.m.wikipedia.org/wiki/Somerset_v_Stewart), which had rendered enslavement illegal in England.

Unfortunately that legal decision did not apply to British colonies which were numerous across the World at the time (the [Brith Empire](https://en.m.wikipedia.org/wiki/British_Empire) was at its height in the late 1700’s)

Second, what we think of Canada today was, at the time, a series of British colonies and everyone who lived in the colonies were British citizens.  It would be another 74 years before most of those colonies would become the pseudo country of Canada. (Canada did not achieve true nationhood until 1982 when we finally [patriated our constitution from the U.K.](https://en.m.wikipedia.org/wiki/Canada_Act_1982))

So saying “Upper Canada” passed the first anti-slavery legislation, while technically accurate, always keep in mind that there was no Canada yet, and the legislation was passed by British legislators in a part of a British colony whose populous were British citizens.

The next important thing to keep in mind is that [Upper Canada](https://en.m.wikipedia.org/wiki/Upper_Canada) was just 1 of the two 2 Provinces of 1 of the 3 colonies and 2 territories that made up the British North American (BNA) colonies at the time.

The Upper Canada Province was at that time little more than what Southern Ontario is today.  This legislation did not apply in the other Province of the Colony of Canada [Lower Canada](https://en.m.wikipedia.org/wiki/Lower_Canada) (southern and eastern Quebec, and Labrador), the [colony of Nova Scotia](https://en.m.wikipedia.org/wiki/History_of_Nova_Scotia) (Nova Scotia, New Brunswick and P.E.I. Today), the [colony of Newfoundland](https://en.m.wikipedia.org/wiki/Newfoundland_Colony), the [North-Western Territories](https://en.m.wikipedia.org/wiki/North-Western_Territory) (present day Yukon, Northwest territories, British Columbia, Northern Alberta and Northern Saskatchewan) or [Rupert’s Land](https://en.m.wikipedia.org/wiki/Rupert's_Land) (Northern Ontario, Northern Quebec, Manitoba, southern Saskatchewan, Southern Alberta and was owned and managed by the [Hudson Bay Company](https://en.m.wikipedia.org/wiki/Hudson%27s_Bay_Company).  So the anti slavery law only applied to a very small part of what is Canada today, or what were the BNA colonies back then.

Third the legislation did not abolish slavery, instead it abolished the ability to sell or buy slaves.

>The Act recognized enslavement as a legal and socially accepted institution. It also prohibited the importation of new slaves into Upper Canada and reflected a growing abolitionist sentiment in British North America.

Slavery in the BNA colonies didn’t really end until 1834 some 41 years later with the passage of England's [Slavery Abolition Act of 1833](https://en.m.wikipedia.org/wiki/Slavery_Abolition_Act_1833), and this legislation had limited effect in the BNA colonies as [2/3rds of slaves owned in the BNA colonies were indigenous](https://www.thecanadianencyclopedia.ca/en/article/slavery-of-indigenous-people-in-canada) and the Slavery Abolition Act only applied to the African slave trade and not indigenous slaves.

African slaves in the BNA colonies were really expensive to purchase as they came to North America from the Caribbean via the [Atlantic slave trade](https://en.m.wikipedia.org/wiki/Atlantic_slave_trade) and then had to be transported north.  It was significantly cheaper in the BNA colonies to enslave the indigenous peoples of the nations that sided with the French against the British during the [Seven Years’ War](https://en.m.wikipedia.org/wiki/Seven_Years'_War) so that’s what they did.

We actually don’t know when slavery actually ended in the BNA colonies, but it was after 1834.

So the main point is, that while we Canadians love to thump our chest and point at the 1793 Act to Limit Slavery in Upper Canada as proof we are somehow more moral than the U.K. or other slave owning nations, the truth is the act had very little impact on slavery in the BNA colonies, did not apply to most of the BNA colonies and it was really British legislators in England, not British legislators in the BNA colonies that ended slavery in the BNA colonies.",2025-05-03T13:34:06Z,31,shpydar,todayilearned,2025-05-25T17:45:19.028159Z
mqddr5h,1kdc6zx,reddit,"Slavery was outlawed on English soil in 1772. There are multiple reasons why it wasn't economically viable to have large scale slavery in Canada. Slavery existed, but that gets rather complicated as different groups and nations that become modern Canada all played a part  in both use and promoting slavery in the colonies.",2025-05-03T13:55:54Z,8,tanstaafl90,todayilearned,2025-05-25T17:45:19.028161Z
mqa5l9d,1kdc6zx,reddit,That is just one reason why Canada was great way the US existed,2025-05-02T22:59:38Z,30,Saintcanuck,todayilearned,2025-05-25T17:45:19.028163Z
mqg903w,1kdc6zx,reddit,"Rhode Island, 1652.


https://time.com/4782885/rhode-island-antislavery/",2025-05-03T23:18:20Z,1,PennCycle_Mpls,todayilearned,2025-05-25T17:45:19.028165Z
mqju0lz,1kdc6zx,reddit,Slavery is a stain on humanity from the day it began 11000 years ago to the day it finally ends.,2025-05-04T15:34:10Z,1,N/A,todayilearned,2025-05-25T17:45:19.028167Z
mqdvvem,1kdc6zx,reddit,In 1805 Lord Fanning brought David Shepard and his wife Kesiah to Prince Edward Island. David and Kesiah were slaves from America. I am a direct descendant. PEI was not a Province then and Canada was not a Country. We were a British Colony. My point is the Shepard’s were slaves and considered as such and history reflects them as that.,2025-05-03T15:33:28Z,0,Redmudgirl,todayilearned,2025-05-25T17:45:19.028169Z
mqb1ms3,1kdc6zx,reddit,"Canada didn't do shit in 1793, because we didn't exist as a country until 1867.  The British territory of Upper Canada forms part of what is now the country of Canada but your title is inaccurate and very misleading.",2025-05-03T02:12:48Z,-46,Squrton_Cummings,todayilearned,2025-05-25T17:45:19.028171Z
mqey6re,1kdc6zx,reddit,"And they were also the first modern western democracy to sell out their citizens to international real estate speculation, effectively making them slaves to international finance capital.",2025-05-03T18:50:25Z,-7,disappointed_darwin,todayilearned,2025-05-25T17:45:19.028173Z
mrvu3qu,1kkltbl,reddit,"Manichaeism was the religion of St Augustine before he converted to Christianity, and a good bit of his book *Confessions* is him saying how much better Christianity is compared to manichaeism.",2025-05-12T09:00:55Z,330,MajesticBread9147,todayilearned,2025-05-25T17:45:20.504909Z
mrwhpie,1kkltbl,reddit,Seems like it was kind of a successor religion to Zoroastrianism which I learned a bit about in school. I wonder why Manichaeism wasn’t covered,2025-05-12T12:25:35Z,108,donthurtmemany,todayilearned,2025-05-25T17:45:20.504916Z
mrxiohk,1kkltbl,reddit,"it was pretty similar to christianity however it was a dualistic religion. they believed in two equivalently powerful forces, one good and one bad (the father of greatness and the prince of darkness) whereas in christianity “evil” was merely the lacking of goodness. St. Augustine talks a lot about it in confessions.",2025-05-12T15:47:53Z,71,newme02,todayilearned,2025-05-25T17:45:20.504919Z
mrvqqyu,1kkltbl,reddit,History really has a way of burying movements that once shaped empires,2025-05-12T08:24:09Z,82,MoanOverdriveo,todayilearned,2025-05-25T17:45:20.504923Z
mrw5ahp,1kkltbl,reddit,[https://www.britannica.com/summary/Manichaeism](https://www.britannica.com/summary/Manichaeism),2025-05-12T10:52:08Z,54,Future_Usual_8698,todayilearned,2025-05-25T17:45:20.504927Z
mrw2cgj,1kkltbl,reddit,How can a full regional just vanish?,2025-05-12T10:25:57Z,30,silverW0lf97,todayilearned,2025-05-25T17:45:20.504930Z
mrvuijx,1kkltbl,reddit,[removed],2025-05-12T09:05:30Z,18,N/A,todayilearned,2025-05-25T17:45:20.504934Z
mrxotof,1kkltbl,reddit,If you play the 4X game “Old World” Manichaeism always shows up at some point. You can even get Mani the prophet as a courtier sometimes.,2025-05-12T16:18:10Z,8,3vol,todayilearned,2025-05-25T17:45:20.504937Z
mrxrl27,1kkltbl,reddit,"So, this is probably where Islam got a lot of their stuff from and which heavily influenced Christian mythology(I’m using Christian mythology to refer to things that aren’t true tenets of the Christian faith but just generally assumed to be true because of tradition. Examples include Mary Magdalene being a prostitute and there being seven levels of hell)",2025-05-12T16:31:47Z,6,PuckSenior,todayilearned,2025-05-25T17:45:20.504941Z
mry8954,1kkltbl,reddit,"This was an awesome rabbit hole. Thanks!

So the whole ""Lord of Light"" thing in Game of Thrones is Manichaeism?",2025-05-12T17:52:21Z,8,cheweychewchew,todayilearned,2025-05-25T17:45:20.504944Z
mrwl5i1,1kkltbl,reddit,"Going by the Encyclopaedia Britannica summary of it, this sounds like the Christian heresy of Gnosticism combined with several other world religions. The description in the title of this post seems to also seriously miss the context of this particular religion being quite militaristically aggressive?",2025-05-12T12:48:16Z,13,Negative-Message-447,todayilearned,2025-05-25T17:45:20.504947Z
ms25a8q,1kkltbl,reddit,That what he (Zaratustra) Said.,2025-05-13T08:40:50Z,1,Machobots,todayilearned,2025-05-25T17:45:20.504951Z
mtw64rh,1kkltbl,reddit,"I'm not surprised honestly, but of course this topic immediately causes people to seethe about how Christianity outcompeted Manichaeism lol. It is Reddit so I suppose it's the natural way of things.",2025-05-23T19:55:06Z,1,Local_Praline_9776,todayilearned,2025-05-25T17:45:20.504954Z
mrx8v2e,1kkltbl,reddit,Any religion is a state propaganda tool. TIL there was a successful globalization around III-VII centuries. Maybe even without tariff wars),2025-05-12T14:59:39Z,-31,pishnyuk,todayilearned,2025-05-25T17:45:20.504958Z
mrwf7oz,1kkltbl,reddit,Did you learn that from that shitty map put up yest on MapPorn?,2025-05-12T12:08:27Z,-15,cantonlautaro,todayilearned,2025-05-25T17:45:20.504961Z
mt0xg4u,1kpvhyn,reddit,"Does anyone know why it’s Lu Lu Lu and not Lululu? 

The spacing makes it seem like 3 separate names and whoever named him decided to fuck with him. Like John Adam Adam Adam Smith.",2025-05-18T22:06:20Z,234,KezzaJones,todayilearned,2025-05-25T17:45:22.059936Z
mt16hjx,1kpvhyn,reddit,"I'm in a Barnes & Noble in Northern Minnesota circa 08, near the CD & DVD section. I hear a customer say ""I'm looking for a CD for my Granddaughter. The band is called 'Akon'?"" The worker brings him an Akon CD. The guy audibly gasps and says ""It's a *negro* group!""

Hardly relevant but I think about it often.",2025-05-18T22:59:59Z,204,L_S_D_M_T_N_T,todayilearned,2025-05-25T17:45:22.059940Z
mt0wgok,1kpvhyn,reddit,Imagine when he is asked on documents to provide his full name.,2025-05-18T22:00:44Z,84,thomasmturner,todayilearned,2025-05-25T17:45:22.059943Z
mt0vrct,1kpvhyn,reddit,And he *didn't* pick Lululu as a stage name?,2025-05-18T21:56:43Z,39,GIlCAnjos,todayilearned,2025-05-25T17:45:22.059945Z
mt1dko8,1kpvhyn,reddit,I thought Aliaune Damala Bouga Time Puru Nacka Lu Lu Lu Badara Akon Thiam was a girl's name?,2025-05-18T23:42:56Z,40,Grumplogic,todayilearned,2025-05-25T17:45:22.059948Z
mt0ywzl,1kpvhyn,reddit,Imagine if he shouted his full name out at the beginning of songs like DJ Khaled.,2025-05-18T22:14:43Z,33,StinkyPickles69,todayilearned,2025-05-25T17:45:22.059952Z
mt15eqn,1kpvhyn,reddit,"In a different universe, he chose to go by ""Lu Lu Lu Bouga"" and he released the prequel Mambos 1 through 4.",2025-05-18T22:53:26Z,15,5050Clown,todayilearned,2025-05-25T17:45:22.059955Z
mt1h2xq,1kpvhyn,reddit,"You know, I just had a feeling this dude's real name was Aliaune Damala Bouga Time Puru Nacka Lu Lu Lu Badara Akon Thiam lol",2025-05-19T00:04:30Z,14,KingsElite,todayilearned,2025-05-25T17:45:22.059959Z
mt1z3ou,1kpvhyn,reddit,"Sometimes Something beautiful happens in this world.

**Akon!**

You don't know how to express yourself, so. You just gotta sing.

*I just had sex*",2025-05-19T01:57:21Z,8,ccminiwarhammer,todayilearned,2025-05-25T17:45:22.059962Z
mt0w7at,1kpvhyn,reddit,Convict mmmuuusic,2025-05-18T21:59:15Z,17,YeaSpiderman,todayilearned,2025-05-25T17:45:22.059964Z
mt0xin5,1kpvhyn,reddit,"His father's name is Mor Dogo Thiam who, in the delivery room, turned to his wife and said: ""You know what would be funny?""",2025-05-18T22:06:43Z,19,YoungestDonkey,todayilearned,2025-05-25T17:45:22.059966Z
mt0ynn0,1kpvhyn,reddit,"i believe he was on wait wait don't tell me and was pretty funny, it was some NPR program. dude can really sing too.",2025-05-18T22:13:13Z,6,blackadder1620,todayilearned,2025-05-25T17:45:22.059968Z
mt0vajp,1kpvhyn,reddit,He should have kept the full name. Lol,2025-05-18T21:54:05Z,14,TheParadoxigm,todayilearned,2025-05-25T17:45:22.059970Z
mt0wjql,1kpvhyn,reddit,Distant relative of the [Knights Who Say Ni](https://www.youtube.com/watch?v=D9oU2gnZ8eo) ?,2025-05-18T22:01:13Z,14,H_Lunulata,todayilearned,2025-05-25T17:45:22.059972Z
mt0xhpg,1kpvhyn,reddit,Most people won't still learn this,2025-05-18T22:06:35Z,6,fullestStack,todayilearned,2025-05-25T17:45:22.059974Z
mt0ys0i,1kpvhyn,reddit,Bouga time ?,2025-05-18T22:13:54Z,3,freeslurpee,todayilearned,2025-05-25T17:45:22.059976Z
mt12cmo,1kpvhyn,reddit,Maybe the kid he threw off stage just pronounced his name wrong?,2025-05-18T22:34:54Z,3,Reeferologist-,todayilearned,2025-05-25T17:45:22.059978Z
mt1auql,1kpvhyn,reddit,"Moe: That’s the worst name I ever heard.

*Akon runs out of bar crying*

Barney: Aliaune Damala Bouga Time Puru, come back!",2025-05-18T23:26:31Z,3,SuspendedSentence1,todayilearned,2025-05-25T17:45:22.059980Z
mt0vjje,1kpvhyn,reddit,"the best part is lu lu lu

slips right of easily 😭",2025-05-18T21:55:30Z,4,superx89,todayilearned,2025-05-25T17:45:22.059983Z
mt0zt0m,1kpvhyn,reddit,And he is not a konvict,2025-05-18T22:19:54Z,2,sixtus_clegane119,todayilearned,2025-05-25T17:45:22.059985Z
mt126vz,1kpvhyn,reddit,"Ohhh I keep forgetting it's three Lu's, not two.",2025-05-18T22:33:56Z,2,Boxman75,todayilearned,2025-05-25T17:45:22.059987Z
mt13pl1,1kpvhyn,reddit,Bouga Time is also a good option,2025-05-18T22:43:07Z,2,useralreadytaken0911,todayilearned,2025-05-25T17:45:22.059991Z
mt16h6r,1kpvhyn,reddit,It's Bouga Time,2025-05-18T22:59:55Z,2,Alternative_Tank_139,todayilearned,2025-05-25T17:45:22.059993Z
mt16ltz,1kpvhyn,reddit,it's Bouga Time!,2025-05-18T23:00:42Z,2,bjss99,todayilearned,2025-05-25T17:45:22.059995Z
mt22kyd,1kpvhyn,reddit,I said this out loud and a sinkhole opened in my house,2025-05-19T02:18:38Z,2,Shower_Handel,todayilearned,2025-05-25T17:45:22.059997Z
mt47xt8,1kpvhyn,reddit,Be bop a lu Lu.,2025-05-19T13:16:17Z,2,reddit_user13,todayilearned,2025-05-25T17:45:22.059999Z
mt720os,1kpvhyn,reddit,"You guys aren’t going to believe this, but “Aliaune Damala Bouga Time Puru Nacka Lu Lu Lu Badara Akon Thiam” was actually my nickname in high school.",2025-05-19T21:50:52Z,2,Prudent_Mulberry8924,todayilearned,2025-05-25T17:45:22.060001Z
mt0ymnq,1kpvhyn,reddit,…of Ulm.,2025-05-18T22:13:04Z,1,lanky_planky,todayilearned,2025-05-25T17:45:22.060003Z
mt136sl,1kpvhyn,reddit,Sounds like an Italian brainrot character ,2025-05-18T22:39:58Z,1,polargus,todayilearned,2025-05-25T17:45:22.060006Z
mt14exf,1kpvhyn,reddit,I don’t know the person by any of those names.,2025-05-18T22:47:23Z,1,OccludedFug,todayilearned,2025-05-25T17:45:22.060008Z
mt15ot2,1kpvhyn,reddit,Say what now,2025-05-18T22:55:08Z,1,Ricketier,todayilearned,2025-05-25T17:45:22.060010Z
mt163rw,1kpvhyn,reddit,"Akon's real name is ""Aliaune Damala Bouga Time Puru Nacka Lu Lu Lu Badara Akon Thiam""... didn't see that one coming, tbh.",2025-05-18T22:57:40Z,1,Stephaniaelle,todayilearned,2025-05-25T17:45:22.060012Z
mt16dfg,1kpvhyn,reddit,Okay. So who is he?,2025-05-18T22:59:17Z,1,Appropriate-Fold-485,todayilearned,2025-05-25T17:45:22.060014Z
mt16dz2,1kpvhyn,reddit,He's got some apples,2025-05-18T22:59:23Z,1,TraditionAcademic968,todayilearned,2025-05-25T17:45:22.060016Z
mt16x5y,1kpvhyn,reddit,The name is in Wolof.,2025-05-18T23:02:37Z,1,Straight_Suit_8727,todayilearned,2025-05-25T17:45:22.060018Z
mt1807d,1kpvhyn,reddit,It sounds so lyrical.,2025-05-18T23:09:15Z,1,GiddyGabby,todayilearned,2025-05-25T17:45:22.060020Z
mt19su7,1kpvhyn,reddit,Say that three times fast.,2025-05-18T23:20:12Z,1,papat444,todayilearned,2025-05-25T17:45:22.060022Z
mt1brpo,1kpvhyn,reddit,Could have gone as Time.,2025-05-18T23:31:59Z,1,Gitboxinwags,todayilearned,2025-05-25T17:45:22.060024Z
mt1cbx2,1kpvhyn,reddit,Say that 5 times fast,2025-05-18T23:35:25Z,1,N/A,todayilearned,2025-05-25T17:45:22.060026Z
mt1eg18,1kpvhyn,reddit,Wait until you learn about Vita Vea,2025-05-18T23:48:17Z,1,darkdoppelganger,todayilearned,2025-05-25T17:45:22.060028Z
mt2ci8m,1kpvhyn,reddit,Wait until you find out young jeezys name. Apparantly both just trying to take it easy,2025-05-19T03:26:48Z,1,-Lorne-Malvo,todayilearned,2025-05-25T17:45:22.060030Z
mt2h353,1kpvhyn,reddit,Just rolls off the tongue.. like a cactus,2025-05-19T04:01:59Z,1,keystoneux,todayilearned,2025-05-25T17:45:22.060033Z
mt2hko1,1kpvhyn,reddit,"I wonder how his blockchain powered future city in Senegal is going. 

My guess is that literally nothing has, or ever will, be built.",2025-05-19T04:05:51Z,1,violenthectarez,todayilearned,2025-05-25T17:45:22.060035Z
mt2kxdk,1kpvhyn,reddit,Scam artist. Acts tough but isn't.,2025-05-19T04:33:25Z,1,winterresetmylife,todayilearned,2025-05-25T17:45:22.060037Z
mt2mf9d,1kpvhyn,reddit,A 20+ syllable name with one in the middle being the word ‘time’ means you a wizard.,2025-05-19T04:46:04Z,1,Careful-Force2506,todayilearned,2025-05-25T17:45:22.060039Z
mt2w4t5,1kpvhyn,reddit,"If he falls down a well, he's absolutely fucked.",2025-05-19T06:15:01Z,1,Kpadre,todayilearned,2025-05-25T17:45:22.060041Z
mt2yrm3,1kpvhyn,reddit,Lonely,2025-05-19T06:41:05Z,1,thatmovieperson,todayilearned,2025-05-25T17:45:22.060043Z
mt3jqsp,1kpvhyn,reddit,Rolls right off the tongue.,2025-05-19T10:19:01Z,1,Netsuko,todayilearned,2025-05-25T17:45:22.060045Z
mt81f4t,1kpvhyn,reddit,I can see why he decided to shorten it for his career,2025-05-20T01:20:19Z,1,kingseraph0,todayilearned,2025-05-25T17:45:22.060048Z
mtvc17o,1kpvhyn,reddit,"Who remembers when he used to call himself Aikon, Nokia backwards 🤣",2025-05-23T17:26:37Z,1,Ancient_Bowl_4020,todayilearned,2025-05-25T17:45:22.060050Z
mt0xw8u,1kpvhyn,reddit,The original brainrot meme,2025-05-18T22:08:52Z,1,ScarletViolin,todayilearned,2025-05-25T17:45:22.060052Z
mt13wp6,1kpvhyn,reddit,It's Bouga Time,2025-05-18T22:44:19Z,1,Britz10,todayilearned,2025-05-25T17:45:22.060054Z
mt1aklj,1kpvhyn,reddit,"If only I knew who Akon is, or cared.",2025-05-18T23:24:49Z,-6,nister1,todayilearned,2025-05-25T17:45:22.060056Z
mrhtmdr,1kirjlx,reddit,Well this explains why is not something I have heard happening in Mexico. While people eat corn in other ways tortillas are made by nixtamalization and they are the most basic thing.  🤔,2025-05-09T22:16:20Z,184,StormerBombshell,todayilearned,2025-05-25T17:45:23.222411Z
mrjbab9,1kirjlx,reddit,[deleted],2025-05-10T04:02:23Z,70,N/A,todayilearned,2025-05-25T17:45:23.222418Z
mrh9eqp,1kirjlx,reddit,"Shhh….soon there will be anti-niacin groups online, if word of this gets out.",2025-05-09T20:26:33Z,197,erksplat,todayilearned,2025-05-25T17:45:23.222422Z
mrijfi8,1kirjlx,reddit,"Pellagra deaths and victims peaked in 1928. The big reason it peaked then was that it was more economically advantageous for Southern Farmers/Sharecroppers to grow cotton and then use the proceeds to buy ground cornmeal from the Midwest (new grinding processes allowed for the removal of the corn's germ, which made the cornmeal last significantly longer before spoiling and hence made the product much cheaper, but also removed the Niacin) as opposed to growing local food crops themselves. In fact, we can actually pinpoint that counties that suffered from the boll weevil (a cotton plant destroying insect) saw extreme drops in the rate of cotton production and pellagra victims.",2025-05-10T00:53:18Z,94,Indercarnive,todayilearned,2025-05-25T17:45:23.222426Z
mrh60bm,1kirjlx,reddit,"Take your vitamin B3, and eat your cream corn.",2025-05-09T20:09:06Z,52,kl8xon,todayilearned,2025-05-25T17:45:23.222430Z
mrk8k04,1kirjlx,reddit,"""I wanna go back to the swanee, where pellagra makes you scrawny and the honeysuckle clutters up the vine """,2025-05-10T09:13:52Z,6,samsbamboo,todayilearned,2025-05-25T17:45:23.222434Z
mrjt4hh,1kirjlx,reddit,"Were they aware it prevented pellagra, or is it just one of those things that they did without realizing the unintended benefits? The title makes it seem this was the result of research and clever engineering, like when we say Europeans solved water insecurity with the aqueduct.",2025-05-10T06:37:12Z,13,FreischuetzMax,todayilearned,2025-05-25T17:45:23.222438Z
mrmo0jg,1kirjlx,reddit,"In addition to pellagra, hookworm was also endemic to the South. The side effects of the combination include increased aggression, mental confusion, and lethargy.

In other words; violent, stupid, and lazy. The stereotype existed because of their parasite load and malnutrition.",2025-05-10T18:42:12Z,5,tanfj,todayilearned,2025-05-25T17:45:23.222442Z
mrhukyb,1kirjlx,reddit,All caused by the government's big push for a corn based diet for poor people while disregarding native knowledge. And when it was found they tried to hide it and ignore it for years because they didn't want the food corporations to be blamed.,2025-05-09T22:21:58Z,22,Silaquix,todayilearned,2025-05-25T17:45:23.222446Z
mrqk3ch,1kirjlx,reddit,Monster Energy has protected me from pellagra.,2025-05-11T12:11:50Z,1,MrMastodon,todayilearned,2025-05-25T17:45:23.222449Z
mrs40jv,1kirjlx,reddit,This made me worried so I checked my daily multivitamin. 15 mg niacinamide. Hope that's enough.,2025-05-11T17:33:56Z,1,NakedSnakeEyes,todayilearned,2025-05-25T17:45:23.222453Z
mrj3gsp,1kirjlx,reddit,"It was also caused by white bread, pasta, and white rice. These days, manufacturers are required by law to add B vitamins to such products, which is one good reason that you never ever rinse white rice. The vitamins are water-soluble.",2025-05-10T03:04:55Z,-5,LeapIntoInaction,todayilearned,2025-05-25T17:45:23.222457Z
mq0ohzj,1kc83lo,reddit,"Considering all of recorded human history is like 6,000 years, 17,000 years from now is like…. 274th on my list of concerns.",2025-05-01T13:51:52Z,200,Trowj,todayilearned,2025-05-25T17:45:24.997742Z
mq0fqdx,1kc83lo,reddit,"uugh, so i have to go to work tomorrow? thanks earth",2025-05-01T13:02:23Z,116,Strange_Dot8345,todayilearned,2025-05-25T17:45:24.997752Z
mq0fvch,1kc83lo,reddit,Wasn't this just posted but didn't it say one million tonnes??,2025-05-01T13:03:12Z,25,LuciHasASurprise,todayilearned,2025-05-25T17:45:24.997759Z
mq0i2sb,1kc83lo,reddit,"Hmmm. That’s not gonna work. Any way we can move that up 16,999 years?",2025-05-01T13:16:11Z,26,mollis_est,todayilearned,2025-05-25T17:45:24.997766Z
mq110pr,1kc83lo,reddit,The Wiki for the far future used to be a lot more interesting. Seems like they have cut a lot of it out over the past 5 years.,2025-05-01T14:55:30Z,5,Sdog1981,todayilearned,2025-05-25T17:45:24.997772Z
mq0kgcp,1kc83lo,reddit,Imagine such an eruption happening at the exact moment you're reading this...,2025-05-01T13:29:37Z,8,cutsickass,todayilearned,2025-05-25T17:45:24.997778Z
mq0m386,1kc83lo,reddit,Too far away... we need an Earth enema,2025-05-01T13:38:46Z,4,Amazingrhinoceros1,todayilearned,2025-05-25T17:45:24.997784Z
mq0q8tm,1kc83lo,reddit,Ok but how about next week? Could we bump this up a little?,2025-05-01T14:01:08Z,4,S1DC,todayilearned,2025-05-25T17:45:24.997790Z
mq0z1sp,1kc83lo,reddit,Hopefully by then we can know where it will erupt and just put a screen with a filter over it or something.,2025-05-01T14:45:44Z,4,rnernbrane,todayilearned,2025-05-25T17:45:24.997797Z
mq0hiiw,1kc83lo,reddit,The first part of the first sentence in that Wikipedia article says about all you need to know.,2025-05-01T13:12:56Z,5,farmerarmor,todayilearned,2025-05-25T17:45:24.997804Z
mq0mkku,1kc83lo,reddit,"I really wonder what life on earth will be like in 17000 years. Will they be running from the pyroclastic flow, or using hoverbikes?",2025-05-01T13:41:25Z,3,Positive-Attempt-435,todayilearned,2025-05-25T17:45:24.997811Z
mq0oil3,1kc83lo,reddit,"And if the scientists are wrong and it happens tomorrow, who's gonna blame em? Not me.",2025-05-01T13:51:58Z,3,Possible-Tangelo9344,todayilearned,2025-05-25T17:45:24.997818Z
mq11cvc,1kc83lo,reddit,So many ways the world will end. Place your bets on which ones first.,2025-05-01T14:57:09Z,2,Jason_CO,todayilearned,2025-05-25T17:45:24.997824Z
mq123vc,1kc83lo,reddit,Is this before or after the giraffes enslave mankind?,2025-05-01T15:00:49Z,2,Pilot0350,todayilearned,2025-05-25T17:45:24.997831Z
mq150ej,1kc83lo,reddit,"Ya well by my calculations it's 17001. Checkmate,  science",2025-05-01T15:15:07Z,2,poopsawk,todayilearned,2025-05-25T17:45:24.997837Z
mq18gt7,1kc83lo,reddit,"More like pyroplastic material, the way things are going",2025-05-01T15:31:54Z,2,kazmosis,todayilearned,2025-05-25T17:45:24.997844Z
mq19isg,1kc83lo,reddit,"Damn, I can’t wait!",2025-05-01T15:37:06Z,2,swankyfish,todayilearned,2025-05-25T17:45:24.997850Z
mq1gwaq,1kc83lo,reddit,Can't wait. :),2025-05-01T16:13:34Z,2,No_Jack_Kennedy,todayilearned,2025-05-25T17:45:24.997857Z
mq28she,1kc83lo,reddit,Is there anything that we can do to speed this up a bit?,2025-05-01T18:28:25Z,2,MotherFuckinEeyore,todayilearned,2025-05-25T17:45:24.997863Z
mq3lyxb,1kc83lo,reddit,"Does that mean ~17,000 years from now specifically, or *anytime* in the next 17,000?",2025-05-01T22:35:25Z,2,adamcoe,todayilearned,2025-05-25T17:45:24.997870Z
mq0jira,1kc83lo,reddit,Can I throw a beer can into the volcano to speed things up? Maybe knock this out by like friday morning?,2025-05-01T13:24:22Z,2,Judoka229,todayilearned,2025-05-25T17:45:24.997876Z
mq0pgc4,1kc83lo,reddit,"It's fine, I'm pretty sure I'll be dead.",2025-05-01T13:56:58Z,1,imadork1970,todayilearned,2025-05-25T17:45:24.997883Z
mq0sp0u,1kc83lo,reddit,Coming from the usa to. Yellow stone park btw.,2025-05-01T14:13:51Z,1,firedrakes,todayilearned,2025-05-25T17:45:24.997889Z
mq0sup4,1kc83lo,reddit,Assuming there is any remaining civilizations to threaten by that point.,2025-05-01T14:14:41Z,1,nameless22,todayilearned,2025-05-25T17:45:24.997895Z
mq18a7z,1kc83lo,reddit,Guess I have to go to work on Monday. Sigh…,2025-05-01T15:31:00Z,1,ahzzyborn,todayilearned,2025-05-25T17:45:24.997902Z
mq1b7x3,1kc83lo,reddit,Can it be prevented by drilling to relieve pressure build up?,2025-05-01T15:45:24Z,1,Solomonsk5,todayilearned,2025-05-25T17:45:24.997909Z
mq1pv86,1kc83lo,reddit,"Oh, great. Should we stock up on toilet paper, or just stockpile weapons?",2025-05-01T16:57:35Z,1,UT2K4nutcase,todayilearned,2025-05-25T17:45:24.997916Z
mq1r33f,1kc83lo,reddit,Can't wait!,2025-05-01T17:03:22Z,1,GrouchyLongBottom,todayilearned,2025-05-25T17:45:24.997923Z
mq1sffn,1kc83lo,reddit,I guess it's good someone out there is trying to get human civilization to Mars.,2025-05-01T17:09:49Z,1,TexasPeteEnthusiast,todayilearned,2025-05-25T17:45:24.997930Z
mq2hu06,1kc83lo,reddit,What are the error bars?!,2025-05-01T19:12:55Z,1,314159265358979326,todayilearned,2025-05-25T17:45:24.997937Z
mq2n5vy,1kc83lo,reddit,Ties in nicely with when I'll likely win the lottery.,2025-05-01T19:38:56Z,1,t3rm3y,todayilearned,2025-05-25T17:45:24.997944Z
mq318fs,1kc83lo,reddit,"So about 16,940 years after we wipe each other out?",2025-05-01T20:46:16Z,1,AGrandNewAdventure,todayilearned,2025-05-25T17:45:24.997951Z
mq4gzd1,1kc83lo,reddit,Can't believe we have to wait that long,2025-05-02T01:35:59Z,1,GarysCrispLettuce,todayilearned,2025-05-25T17:45:24.997959Z
mq73eda,1kc83lo,reddit,Pyroclastic material is my new punk band name.,2025-05-02T13:53:09Z,1,mtsmash91,todayilearned,2025-05-25T17:45:24.997966Z
mq0lsmr,1kc83lo,reddit,"Hard to imagine what we’ll be doing 17,000 years from now. I bet we’re probably spread throughout the solar system on different moons, space ships, and Mars by then.",2025-05-01T13:37:08Z,1,Shogun_Ro,todayilearned,2025-05-25T17:45:24.997973Z
mq0f9ck,1kc83lo,reddit,"All in all [Timeline of the far future](https://en.wikipedia.org/wiki/Timeline_of_the_far_future) makes for pretty grim reading.

Good thing we readers won't have to deal with any of it.",2025-05-01T12:59:33Z,-1,casualphilosopher1,todayilearned,2025-05-25T17:45:24.997981Z
mqf4fe3,1ke0gt7,reddit,Is it possible to grow unfresh produce?,2025-05-03T19:24:31Z,76,classwarfare6969,todayilearned,2025-05-25T17:45:26.199956Z
mqg1pfw,1ke0gt7,reddit,"""Revised July 15, 2004""

Holy crap, that's some of the early Internet right there.  Look at that HTML source, so clean and elegant!  What the hell happened, now HTML is packed to the rafters with garbage and Javascript.",2025-05-03T22:33:07Z,14,strangelove4564,todayilearned,2025-05-25T17:45:26.199966Z
mqf8moz,1ke0gt7,reddit,This is 21 years old,2025-05-03T19:48:00Z,19,lakebistcho,todayilearned,2025-05-25T17:45:26.199972Z
mqfbwgg,1ke0gt7,reddit,As opposed to growing frozen produce?,2025-05-03T20:06:12Z,4,iDontRememberCorn,todayilearned,2025-05-25T17:45:26.199977Z
mqfes4b,1ke0gt7,reddit,"Even in the permafrost, if you dig down 14 feet or so, the ground is about 50-degrees F

Earth-tubes have humidity problems (mold, etc) when used for cooling in warm climates, but when pre-warming air in the winter, its a cost-effective way to cut the energy costs to reach the final interior temps of 70-ish F",2025-05-03T20:22:05Z,4,series_hybrid,todayilearned,2025-05-25T17:45:26.199981Z
mqf10ec,1ke0gt7,reddit,pics or GTFO!,2025-05-03T19:05:43Z,4,ItsMeYourDarkLord,todayilearned,2025-05-25T17:45:26.199986Z
mqtffbj,1ke0gt7,reddit,"It is cheaper to fly 2,000 km to Edmonton, go to the grocers and fly back than to buy food in Nunavut.",2025-05-06T02:09:55Z,1,Tryingsoveryhard,todayilearned,2025-05-25T17:45:26.199991Z
mqf193t,1ke0gt7,reddit,[removed],2025-05-03T19:07:01Z,-65,N/A,todayilearned,2025-05-25T17:45:26.199996Z
mplj6te,1kadx59,reddit,That's an impressively silly way to go out. Also tucking your beard into a pocket...,2025-04-29T03:06:07Z,89,DaedalusRaistlin,todayilearned,2025-05-25T17:45:27.217836Z
mplwwts,1kadx59,reddit,And I bet the Braunau Tourist Office very much prefers to promote this than that other thing the town is known for...,2025-04-29T04:41:36Z,67,Rc72,todayilearned,2025-05-25T17:45:27.217853Z
mplkcm7,1kadx59,reddit,Isn't this where Hitler was born?,2025-04-29T03:13:20Z,43,StandUpForYourWights,todayilearned,2025-05-25T17:45:27.217864Z
mpln0gb,1kadx59,reddit,And this was the moment they invented a different kind of beard in Braunau,2025-04-29T03:30:07Z,15,Nice_one_too,todayilearned,2025-05-25T17:45:27.217876Z
mpllma0,1kadx59,reddit,Should’ve grown a moustache..,2025-04-29T03:21:09Z,19,zuspun,todayilearned,2025-05-25T17:45:27.217887Z
mplpk5m,1kadx59,reddit,The fact that they saved the beard is just awesome.,2025-04-29T03:47:34Z,7,greatgildersleeve,todayilearned,2025-05-25T17:45:27.217900Z
mpll0ax,1kadx59,reddit,Watch your step kid (protect ya neck kid),2025-04-29T03:17:22Z,3,lolzwtfomg,todayilearned,2025-05-25T17:45:27.217911Z
mplrc1k,1kadx59,reddit,No capes,2025-04-29T04:00:01Z,3,walkerswood,todayilearned,2025-05-25T17:45:27.217922Z
mpmlvyp,1kadx59,reddit,This is propaganda from Big Barbers,2025-04-29T08:38:39Z,2,MoeKara,todayilearned,2025-05-25T17:45:27.217933Z
mpn0bra,1kadx59,reddit,Hitler's hometown.,2025-04-29T11:01:05Z,2,suckmyfuck91,todayilearned,2025-05-25T17:45:27.217944Z
mpntqhi,1kadx59,reddit,Stupid Deaths. Stupid Deaths. Funny cos they’re true. Stupid Deaths. Stupid Deaths. Hope next time it’s not you.,2025-04-29T14:06:12Z,2,highlander2189,todayilearned,2025-05-25T17:45:27.217955Z
mpnwr8n,1kadx59,reddit,Hitler town are lucky they have a second person,2025-04-29T14:21:37Z,1,mudkiptoucher93,todayilearned,2025-05-25T17:45:27.217967Z
mporzfa,1kadx59,reddit,Worst thing to ever come out of that town,2025-04-29T16:53:57Z,1,InsectaProtecta,todayilearned,2025-05-25T17:45:27.217979Z
mpurk7z,1kadx59,reddit,"If i had gently encouraged him from behind and he uh ""slipped"" I might have gone with he tripped over that damned beard too",2025-04-30T15:23:08Z,1,wakebakey,todayilearned,2025-05-25T17:45:27.217992Z
mplno9d,1kadx59,reddit,TlL a lowercase l and an uppercase I look the same.,2025-04-29T03:34:33Z,1,HerMtnMan,todayilearned,2025-05-25T17:45:27.218006Z
mtry9s9,1kt9gi7,reddit,"This dog had $12 million and I just argued with a vending machine over $1.50.  
We are not the same.",2025-05-23T03:39:24Z,453,adikami2302,todayilearned,2025-05-25T17:45:28.341784Z
mtshbh5,1kt9gi7,reddit,"> ""Trouble is very much alive and well taken care of,"" Codey said. ""I can tell you that she's in this country and she's in a nice warm climate.""


Makes it sound like the dog is in protective custody like Salman Rushdie.",2025-05-23T06:13:28Z,140,enverx,todayilearned,2025-05-25T17:45:28.341792Z
mts0b8q,1kt9gi7,reddit,"A rich dog, talk about a stress free life",2025-05-23T03:54:06Z,54,Special-Canary-4700,todayilearned,2025-05-25T17:45:28.341797Z
mtrv42o,1kt9gi7,reddit,It's lucky for them that a dog can't read.,2025-05-23T03:17:28Z,115,Ebonyks,todayilearned,2025-05-25T17:45:28.341802Z
mts7vgd,1kt9gi7,reddit,If that dog could read he'd be very upset.,2025-05-23T04:52:17Z,21,IBeTrippin,todayilearned,2025-05-25T17:45:28.341806Z
mts8ksr,1kt9gi7,reddit,"Thankfully, a judge amended the trust to give $5 million each to Leona’s grandkids that she had disinherited initially.  The dog lived in splendor and was well cared for.",2025-05-23T04:58:01Z,63,Chateaudelait,todayilearned,2025-05-25T17:45:28.341811Z
mtrzgmz,1kt9gi7,reddit,Wait until they hear about his falcon…,2025-05-23T03:47:57Z,34,ChicagoAuPair,todayilearned,2025-05-25T17:45:28.341815Z
mts6nml,1kt9gi7,reddit,Mr Fusspot?,2025-05-23T04:42:32Z,13,crystalsuikun,todayilearned,2025-05-25T17:45:28.341820Z
mtt7db7,1kt9gi7,reddit,"Imagine sitting down to write a death threat letter against a dog. Are you thinking, ""I've made good decisions in life"" while you're cutting letters out of magazines?",2025-05-23T10:26:50Z,21,MattJFarrell,todayilearned,2025-05-25T17:45:28.341824Z
mts3k9c,1kt9gi7,reddit,This just in: stupid people are stupid,2025-05-23T04:18:21Z,13,slapshots1515,todayilearned,2025-05-25T17:45:28.341828Z
mts5djm,1kt9gi7,reddit,I initially read this as the little dog sending threats in order to get the $12m.,2025-05-23T04:32:26Z,14,Clay_Allison_44,todayilearned,2025-05-25T17:45:28.341833Z
mtv4mub,1kt9gi7,reddit,Sounds like she was looking for Trouble,2025-05-23T16:51:56Z,4,Negative-Stretch6491,todayilearned,2025-05-25T17:45:28.341837Z
mttfmhs,1kt9gi7,reddit,"If he runs away from home, do you go looking for trouble?",2025-05-23T11:32:22Z,3,partumvir,todayilearned,2025-05-25T17:45:28.341841Z
mtrvd0t,1kt9gi7,reddit,"The friend trying to justify her by pointing out their philanthropic donations.


You don't get to decide what your taxes are for, there's kind of a point to that...",2025-05-23T03:19:09Z,7,dakkeh,todayilearned,2025-05-25T17:45:28.341846Z
mtyqcfw,1kt9gi7,reddit,A Maltese? Good luck with that,2025-05-24T05:35:57Z,2,trucorsair,todayilearned,2025-05-25T17:45:28.341850Z
mtzsvic,1kt9gi7,reddit,"It would have been kind of hilarious if the dog's caretaker had made a public video where they showed the dog one of those letters and said to the dog ""This is shocking! What's your response?"" and then the dog just kind of stares into the distance and then the caretaker says ""There you have it. A very clear response! Glad we could be of help to the author of this letter.""",2025-05-24T11:48:51Z,2,Ionazano,todayilearned,2025-05-25T17:45:28.341854Z
mtrxxzp,1kt9gi7,reddit,"Now this is comedy! The ""Queen of Mean"" went out with a punchline. 😆",2025-05-23T03:37:04Z,3,ApprehensiveBet6501,todayilearned,2025-05-25T17:45:28.341859Z
mts8x0m,1kt9gi7,reddit,They were all from Stewie,2025-05-23T05:00:48Z,2,greenknight884,todayilearned,2025-05-25T17:45:28.341863Z
mtyu2hu,1kt9gi7,reddit,"I wonder if saying, “here comes trouble!” every time she entered the room ever got old for her caretakers. 

Hard to imagine it did.",2025-05-24T06:11:13Z,1,JasonTO,todayilearned,2025-05-25T17:45:28.341868Z
mu4yx0y,1kt9gi7,reddit,Bitch better have my money!,2025-05-25T07:45:27Z,1,mrpoopistan,todayilearned,2025-05-25T17:45:28.341872Z
mstat8z,1kowia7,reddit,"I’m most impressed with the silencing of machine guns, those things are stubbornly loud.",2025-05-17T16:18:19Z,92,the_main_entrance,todayilearned,2025-05-25T17:45:29.431145Z
mstejbh,1kowia7,reddit,"[Gary Cooper as Alvin in SGT. York](https://www.youtube.com/watch?v=sRHE05FjWig) (a WW**I** movie made during WW**II**)  
(bonus: Coop's version of a hillbilly accent)",2025-05-17T16:38:41Z,58,theatrenearyou,todayilearned,2025-05-25T17:45:29.431149Z
msujdmh,1kowia7,reddit,"Fun fact about his legacy:

In the 1980's the Army was developing a new SPAAG vehicle (basically a tank with an anti-air cannon) that was meant to use radar to instantly lock on to a target before blowing it out of the sky with either an autocannon or bofurs. Due to corruption the Army chose the absolute worst prototype and made it with shitty parts that didn't work. They called it the ""Sergent York.""

While trying to defend their vehicle they set up a demonstration for congress including multiple senators and Sergent York's still-living widow.

The vehicle then proceeded to get a heat signature target lock off the bleachers the senators were sitting on and aimed its autocannon at the crowd.",2025-05-17T20:21:54Z,19,PairBroad1763,todayilearned,2025-05-25T17:45:29.431151Z
mstgbf5,1kowia7,reddit,My great great grandfather fought with sergeant York. There is a street named after him in his small hometown in Ohio.,2025-05-17T16:48:14Z,17,AbroadTiny7226,todayilearned,2025-05-25T17:45:29.431153Z
mstf4e9,1kowia7,reddit,"Obligatory [Sabaton](https://youtu.be/ZgfCUxFE7XA?si=Erx4-TYjf4M7ckGQ)...

There on that day

Alvin York entered the fray

Saving the day

82nd all the way",2025-05-17T16:41:50Z,60,SuicidalGuidedog,todayilearned,2025-05-25T17:45:29.431155Z
mstauky,1kowia7,reddit,Alvin York. Real Man. The OG Audie Murphy,2025-05-17T16:18:31Z,17,Hillary_is_Hot,todayilearned,2025-05-25T17:45:29.431157Z
mstd307,1kowia7,reddit,It would make a great movie.,2025-05-17T16:30:46Z,7,AardvarkStriking256,todayilearned,2025-05-25T17:45:29.431159Z
mstfaa1,1kowia7,reddit,"There

on that day

Alvin York

Entered the fray

Saving the day",2025-05-17T16:42:44Z,21,PrinceCor,todayilearned,2025-05-25T17:45:29.431161Z
msvk38s,1kowia7,reddit,"He was a conscientious objector as well 

German machine gunners needed a spotter, they would pop up. York said that turkey hunting helped him",2025-05-17T23:57:38Z,8,mrblahblahblah,todayilearned,2025-05-25T17:45:29.431164Z
msuogme,1kowia7,reddit,Thank you for putting earned and not won.,2025-05-17T20:49:39Z,5,POGsarehatedbyGod,todayilearned,2025-05-25T17:45:29.431166Z
mstheh8,1kowia7,reddit,"My grandma was supposedly kinfolk to his mother, never really learned if that's 100% true though. 🤷‍♀️",2025-05-17T16:53:57Z,4,steedandpeelship,todayilearned,2025-05-25T17:45:29.431168Z
msv0k4b,1kowia7,reddit,"In the draft of 1917, a man from Tennessee",2025-05-17T21:59:04Z,4,Callsign_Psycopath,todayilearned,2025-05-25T17:45:29.431170Z
mt14ura,1kowia7,reddit,"It was October, 1918. Most German soldiers were ready to give up anyway. The war would end a month later.",2025-05-18T22:50:03Z,2,dave_890,todayilearned,2025-05-25T17:45:29.431172Z
msvnrtm,1kowia7,reddit,Lions Led By Donkeys did an amazing episode about him!,2025-05-18T00:21:46Z,1,Satanic_Doge,todayilearned,2025-05-25T17:45:29.431174Z
msyfknu,1kowia7,reddit,Sounds like a Tamil movie.,2025-05-18T14:06:47Z,1,tzippora,todayilearned,2025-05-25T17:45:29.431176Z
mt8iisr,1kowia7,reddit,York Avenue in NYC is named for him.,2025-05-20T03:10:54Z,1,TaylorHamDiablo,todayilearned,2025-05-25T17:45:29.431178Z
mstr352,1kowia7,reddit,This is why I have trust issues with pacifists.,2025-05-17T17:44:57Z,-8,EddySea,todayilearned,2025-05-25T17:45:29.431180Z
mqkwmsr,1kenqv1,reddit,"With this little gem at the end:

> Tom Roller of the Iowa Federal Surplus Division beat out rocker Alice Cooper in acquiring the uniforms. Cooper, who was unable to purchase due to federal regulations, wanted the uniforms to outfit his roadcrew. He lost gracefully and hosted two Meriden-Cleghorn graduates (dressed in full regalia) at his concert in Los Angeles, California on June 17, 1980. 

What federal regulation would have prevented Alice Cooper from buying surplus uniforms?",2025-05-04T18:49:59Z,187,honicthesedgehog,todayilearned,2025-05-25T17:45:30.909707Z
mql347w,1kenqv1,reddit,If you're ever in the area the Nixon Library is worth a visit. By today's standards he'd probably get kicked out of the Republican party for being too much of a bleeding heart environmentalist ,2025-05-04T19:24:08Z,107,Rebelgecko,todayilearned,2025-05-25T17:45:30.909725Z
mql3dr3,1kenqv1,reddit,"Huh. As a European, these feel \*vaguely\* like you'd see them as parade uniforms for one european military or another, but I couldn't really place them.",2025-05-04T19:25:31Z,15,Rhellic,todayilearned,2025-05-25T17:45:30.909739Z
mqlpz1r,1kenqv1,reddit,I’m getting ‘fancy early 20^(th) century Chicago police officer on the beat’ vibes. Honestly not as ridiculous as I was expecting having been inspired by European palace guards and the like. ,2025-05-04T21:24:01Z,7,Kermit_the_hog,todayilearned,2025-05-25T17:45:30.909750Z
mqn2pyq,1kenqv1,reddit,In his defense he was drunk,2025-05-05T02:10:06Z,3,msut77,todayilearned,2025-05-25T17:45:30.909757Z
mqqxxfx,1kenqv1,reddit,"I like the look, but it just seems so out of place",2025-05-05T18:14:25Z,3,III-V,todayilearned,2025-05-25T17:45:30.909764Z
mqkdtzt,1kenqv1,reddit,"This was such a signal of his insanity and journalism couldn't see it.  The myth is the Press opposed Nixon, but they fell for his tricks easily and Nixon did everything to himself anyways. Heck, the Press let him get pardoned without a pip, pivoting to hating Carter *for Nixon's inflation*, so they didn't have to deal with their guilt over Vietnam, civil rights & letting Nixon wreck so much for 2 terms. 




Anyone else notice you're not allowed to discuss Republicans as failures, despite everyone agreeing this is the case when they leave?  The consensus closes around the Political Past to maintain myths of excellence & innocence.  It's so lazy and predictable.",2025-05-04T17:15:17Z,17,Apprehensive-Fun4181,todayilearned,2025-05-25T17:45:30.909771Z
mqkl5am,1kenqv1,reddit,"There's a reason why band kids are so insular. For starters, band kids don't have time for any life outside of band (extra curricular activities with a competitive element are insanely bad for kid's mental and physical health), and because the uniforms they wear basically guarantee none of them will ever get laid by anyone that doesn't wear the same thing.",2025-05-04T17:51:24Z,2,TheBanishedBard,todayilearned,2025-05-25T17:45:30.909777Z
mqn3r9a,1kenqv1,reddit,What a dork.,2025-05-05T02:16:44Z,0,ChicagoAuPair,todayilearned,2025-05-25T17:45:30.909784Z
mqnjdso,1kenqv1,reddit,"""White and gold"". You mean black and blue?",2025-05-05T04:01:38Z,-1,Salmonman4,todayilearned,2025-05-25T17:45:30.909791Z
mqnroxk,1kenqv1,reddit,I hope Donald Trump sees this post,2025-05-05T05:10:22Z,0,DrLuny,todayilearned,2025-05-25T17:45:30.909803Z
mqk6wzd,1kenqv1,reddit,[deleted],2025-05-04T16:40:52Z,-5,N/A,todayilearned,2025-05-25T17:45:30.909809Z
mqwg61r,1kg6thp,reddit,"Before that ruling, local and state government can and did ban the film they didn't like. So Hollywood implemented self censorship to avoid state censorship. It's now infamous Hays Code.",2025-05-06T15:37:18Z,257,BadenBaden1981,todayilearned,2025-05-25T17:45:32.001810Z
mqwq3zc,1kg6thp,reddit,So what was obscene about it?,2025-05-06T16:25:24Z,69,ConflictAgreeable689,todayilearned,2025-05-25T17:45:32.001821Z
mqwgm95,1kg6thp,reddit,"[Wikipedia:](https://en.wikipedia.org/wiki/L%27amore_(film))

L'amore ('Love') is a 1948 Italian drama anthology film directed by Roberto Rossellini starring Anna Magnani and Federico Fellini. It consists of two parts, The Human Voice (Una voce umana), based on Jean Cocteau's 1929 play of the same title, and The Miracle (Il miracolo), based on Ramón del Valle-Inclán's 1904 novel Flor de santidad.

...

For the 1950 New York premiere, The Miracle was removed from L'amore and placed in a three-part anthology film called The Ways of Love with two other short films, Jean Renoir's A Day in the Country (1936) and Marcel Pagnol's Jofroi (1933).",2025-05-06T15:39:29Z,26,Emperor_Orson_Welles,todayilearned,2025-05-25T17:45:32.001830Z
mqwp4nr,1kg6thp,reddit,"To specify, the 1st Amendment prohibits the federal government from banning it, and then the Due Process clause of the 14th Amendment expands this prohibition to state (and therefore local) governments (but only after the Supreme Court says it does).",2025-05-06T16:20:40Z,21,hoi4kaiserreichfanbo,todayilearned,2025-05-25T17:45:32.001837Z
mqwms8m,1kg6thp,reddit,">1951 Supreme Court Case ruling that finally declared the legal precedent of 1st and 14th Amendments protection for film.

  
then 2 Live Crew and music in the 90s - Streisand Effect before the internet.



[https://en.wikipedia.org/wiki/Me\_So\_Horny#Success\_and\_controversy](https://en.wikipedia.org/wiki/Me_So_Horny#Success_and_controversy)

Then–[Broward County](https://en.wikipedia.org/wiki/Broward_County,_Florida) prosecutor [Jack Thompson](https://en.wikipedia.org/wiki/Jack_Thompson_(attorney)) prosecuted 2 Live Crew on obscenity charges and ***persuaded a Federal District judge to declare the album obscene in June 1990***. 2 Live Crew performed songs from the album including ""Me So Horny"" and were prosecuted for obscenity. ***Record store clerks who sold copies of the album were also arrested.***[***^(\[5\])***](https://en.wikipedia.org/wiki/Me_So_Horny#cite_note-New_York_Times-5)

[Henry Louis Gates, Jr.](https://en.wikipedia.org/wiki/Henry_Louis_Gates,_Jr.) testified on behalf of the group during the trial. **The decision was later overturned on appeal and the ruling was upheld by the US Supreme Court.** ***The publicity from the trials led to further sales of the album.***



honorable mention... Life of Brian was also banned in some theaters in US.

  
[https://www.bbc.com/videos/cyxe9180z84o](https://www.bbc.com/videos/cyxe9180z84o)

Shortly after the release of their film Life of Brian, Monty Python members Michael Palin and John Cleese appear on BBC Two's Friday Night, Saturday Morning to debate the film with Roman Catholic journalist and satirist Malcolm Muggeridge and the Bishop of Southwark, Mervyn Stockwood.



The film had been surrounded in religious controversy, due to its depictions of a fictional Messiah that many claimed had satirised Jesus Christ.",2025-05-06T16:09:15Z,16,reddit455,todayilearned,2025-05-25T17:45:32.001845Z
mqwjait,1kg6thp,reddit,So a film called The Miracle ended up being a miracle for free speech. Go figure,2025-05-06T15:52:20Z,9,Shawon770,todayilearned,2025-05-25T17:45:32.001853Z
mqx98r3,1kg6thp,reddit,Just goes to show that Americans have never had any chill.,2025-05-06T17:55:09Z,7,Sharp_Pea6716,todayilearned,2025-05-25T17:45:32.001861Z
mqwjuar,1kg6thp,reddit,"Took a foreign film, not tariffed to change laws in America , i can imagine if tarrifs were in place, we still be told what to watch",2025-05-06T15:54:55Z,-9,Saintcanuck,todayilearned,2025-05-25T17:45:32.001869Z
mqwbuw5,1kg6thp,reddit,And no tariff.,2025-05-06T15:16:33Z,-14,justagigilo123,todayilearned,2025-05-25T17:45:32.001876Z
msotxn3,1koazgz,reddit,I heard that the tank crew also came out with super powers. Their super power was getting cancer really quickly.,2025-05-16T20:45:19Z,301,alwaysfatigued8787,todayilearned,2025-05-25T17:45:33.376341Z
msowgic,1koazgz,reddit,"It sustained multiple RPG hits in Vietnam. If it could talk I imagine its response would have been ""bitch - please"".",2025-05-16T20:58:02Z,135,weirdal1968,todayilearned,2025-05-25T17:45:33.376359Z
msoz1qv,1koazgz,reddit,Must have been made out of the same stuff as Indiana Jones’s fridge,2025-05-16T21:11:28Z,29,skinnymatters,todayilearned,2025-05-25T17:45:33.376372Z
msost0d,1koazgz,reddit,"""Boss, why is our tank glowing green in the dark?""

""No idea mate, probably some new hight tech gizmo they installed. Now move all four of your arms and load it up, we have gooks to smoke.""",2025-05-16T20:39:37Z,144,NCC_1701E,todayilearned,2025-05-25T17:45:33.376384Z
msp46gh,1koazgz,reddit,"Explosive blast waves decrease with the cube of distance. In other words the blast wave 500m away would be 125,000 times weaker than the blast wave 10m away. This is a perfect example of that",2025-05-16T21:38:57Z,18,swagfarts12,todayilearned,2025-05-25T17:45:33.376396Z
msp3tny,1koazgz,reddit,"9.1 kilotons ... that's not real big.  It's big for a bomb, sure, but surviving at 500 yards means jack shit.  *I*  could survive that at 500 yards in a shaded area.

Assuming a typical burst height of 650 meters (typical to maximize affected area) you could expect a shockwave pressure of about 9 psi at 500 yards.  9 psi can cause injury, yes, but for comparison, it would not pop the burst disks the MythBusters used for injury calibrated to 13 psi.  A lower burst height would lower this 9 psi figure, if they put it on a tower like was the style of the time.

Line of sight thermal radiation would be a problem for a man, but not if he stood in the shadows.  And, well, tanks don't have flesh to burn.

The tank's still somewhat noteworthy, it was in the presence of a nuclear detonation, not many things around today have been.",2025-05-16T21:36:59Z,63,pxldsilz,todayilearned,2025-05-25T17:45:33.376408Z
msozo4h,1koazgz,reddit,Now put it on top of a building that’s going to be imploded.,2025-05-16T21:14:43Z,5,AmazingBlackberry236,todayilearned,2025-05-25T17:45:33.376420Z
mspl9sk,1koazgz,reddit,Bro got promoted from Centurion to Emperor of tanks.,2025-05-16T23:29:52Z,1,Germanicus15BC,todayilearned,2025-05-25T17:45:33.376433Z
msqozu5,1koazgz,reddit,Why am I rapidly becoming liquid? - the tank crew.,2025-05-17T03:50:55Z,1,MaintenanceInternal,todayilearned,2025-05-25T17:45:33.376445Z
msrqadk,1koazgz,reddit,"I wonder how activated it became from the neutrons, it must have been well above background. Cobalt production",2025-05-17T09:53:22Z,1,stu_pid_1,todayilearned,2025-05-25T17:45:33.376456Z
mstcuu4,1koazgz,reddit,Crewed by **The A-Team**,2025-05-17T16:29:31Z,1,thomsen9669,todayilearned,2025-05-25T17:45:33.376468Z
mspgbsj,1koazgz,reddit,I wonder how it will do against drones used in Ukraine.,2025-05-16T22:59:03Z,1,Pen-Pen-De-Sarapen,todayilearned,2025-05-25T17:45:33.376481Z
mspvmkw,1koazgz,reddit,"For a tank it's not that impressive. 9.1 kt is nothing, it's even weaker than the weaker of the bombs dropped on Hiroshima/Nagasaki. There are structures not designed to withstand explosions that somewhat survived those stronger blasts.

Buildings will get leveled by that, but a giant piece of steel will be fine unless it's at the epicenter.",2025-05-17T00:34:26Z,0,Rich_Housing971,todayilearned,2025-05-25T17:45:33.376493Z
mrbehfs,1ki1nk8,reddit,Which is the time required for light to travel a distance of 1 Planck length ( 1.616255(18)×10−35 m ) in a vacuum,2025-05-08T21:26:47Z,364,DiggingforPoon,todayilearned,2025-05-25T17:45:34.851282Z
mrc5tkg,1ki1nk8,reddit,"Which second, since the Big Bang, contains all of the Plank times? That sounds like the most important. All the other seconds since then are losers.",2025-05-09T00:05:03Z,40,hotfezz81,todayilearned,2025-05-25T17:45:34.851295Z
mrcplis,1ki1nk8,reddit,"About 741,000,000,000,000,000,000,000,000,000,000,000,000,000,000 Planck times occur in just 1 second.


For those wondering what that mathematical formula represents.",2025-05-09T02:07:46Z,21,CocaBam,todayilearned,2025-05-25T17:45:34.851303Z
mrc75vd,1ki1nk8,reddit,I mean. there is whatever time unit you will imagine there is. Right ?,2025-05-09T00:13:24Z,8,ilski,todayilearned,2025-05-25T17:45:34.851311Z
mrbkebw,1ki1nk8,reddit,"The third “in” in the title should be “of”, otherwise the sentence is nonsensical.

Pedantry over, have fun Reddit.",2025-05-08T21:58:46Z,75,MazigaGoesToMarkarth,todayilearned,2025-05-25T17:45:34.851319Z
mrbkjr5,1ki1nk8,reddit,"I just created the Zank, which is 69 x 10^-4E20 seconds in length. My medal should be arriving shortly",2025-05-08T21:59:36Z,48,Healthy_Suggestion,todayilearned,2025-05-25T17:45:34.851327Z
mrbz20i,1ki1nk8,reddit,"So when my wife tells me I last 7 plancks in bed, that's actually not very good?",2025-05-08T23:24:15Z,3,Anonymous92916,todayilearned,2025-05-25T17:45:34.851334Z
mrcidv8,1ki1nk8,reddit,Why do I feel like Penny in The Big Bang Theory?,2025-05-09T01:22:55Z,3,Superb-Butterfly-261,todayilearned,2025-05-25T17:45:34.851342Z
mrbztnm,1ki1nk8,reddit,Fun fact: This unit was discovered by *Mrs* Planck....,2025-05-08T23:28:54Z,1,FratBoyGene,todayilearned,2025-05-25T17:45:34.851350Z
mrdy9jj,1ki1nk8,reddit,The amount of time it takes for light to travel one Planck length. Very short.,2025-05-09T08:24:33Z,1,Outrageous_Land8828,todayilearned,2025-05-25T17:45:34.851358Z
mrg1p9n,1ki1nk8,reddit,"And if you divide it by two, now you have a half-Planck. There are twice as many of those!",2025-05-09T16:44:28Z,1,Domsdad666,todayilearned,2025-05-25T17:45:34.851366Z
mrjps56,1ki1nk8,reddit,So names because it’s how long I am able to do a plank 😂,2025-05-10T06:05:16Z,1,bigtrayjay,todayilearned,2025-05-25T17:45:34.851374Z
mrbz67z,1ki1nk8,reddit,"So, how many Plancks ago was the Big Bang?",2025-05-08T23:24:58Z,0,Dom_Shady,todayilearned,2025-05-25T17:45:34.851382Z
mrbunho,1ki1nk8,reddit,"I've just invented a new unit of time called the Mlanck. It's 1/5280 Plancks

Yes, I was raised on the American imperial system. How could you tell?",2025-05-08T22:58:12Z,-6,Bonzaii_11,todayilearned,2025-05-25T17:45:34.851390Z
mrel9ln,1ki1nk8,reddit,[deleted],2025-05-09T11:55:13Z,0,N/A,todayilearned,2025-05-25T17:45:34.851398Z
mrbek1h,1ki1nk8,reddit,Is that how long it took the guy in the picture to come?,2025-05-08T21:27:10Z,-24,Fetlocks_Glistening,todayilearned,2025-05-25T17:45:34.851405Z
mqjv2y6,1kemg5y,reddit,"This makes me more mildly annoyed ""and also with you"" isn't a more popular reply",2025-05-04T15:39:35Z,114,thisisredlitre,todayilearned,2025-05-25T17:45:36.936057Z
mqk79jk,1kemg5y,reddit,Fuck that bitch.,2025-05-04T16:42:40Z,343,Unlucky-External5648,todayilearned,2025-05-25T17:45:36.936062Z
mqk5fn0,1kemg5y,reddit,"Dear maggie, rest in piss",2025-05-04T16:33:14Z,126,_R3DZ,todayilearned,2025-05-25T17:45:36.936064Z
mqlaeha,1kemg5y,reddit,"She also inspired the most brutal and rutheless ork warlord in the warhammer 40k univers, ghazkull MAG URUK THRAKA",2025-05-04T20:02:48Z,23,ryderawsome,todayilearned,2025-05-25T17:45:36.936066Z
mql8uy0,1kemg5y,reddit,[removed],2025-05-04T19:54:36Z,13,N/A,todayilearned,2025-05-25T17:45:36.936068Z
mqlkzxy,1kemg5y,reddit,"That's funny because I was a kid growing up in the 80s and a Star Wars fan (of course).  But I never heard the ""May the 4th"" thing until many years later.  This may have been the first, but I think it didn't get widespread until much later",2025-05-04T20:57:45Z,4,brphysics,todayilearned,2025-05-25T17:45:36.936070Z
mqp7ijb,1kemg5y,reddit,Maggie Thatcher milk snatcher,2025-05-05T12:58:38Z,5,GarysCrispLettuce,todayilearned,2025-05-25T17:45:36.936072Z
mqkg2s5,1kemg5y,reddit,"Of the two, Thatcher would definitely be a leader in the Empire.",2025-05-04T17:26:27Z,25,Lawdoc1,todayilearned,2025-05-25T17:45:36.936075Z
mqnds7u,1kemg5y,reddit,Burn in hell witch.,2025-05-05T03:21:16Z,5,swattwenty,todayilearned,2025-05-25T17:45:36.936077Z
mqkmonv,1kemg5y,reddit,Damn I'm going to have to stop using it now,2025-05-04T17:59:09Z,3,thorleyc3,todayilearned,2025-05-25T17:45:36.936079Z
mqkwv4e,1kemg5y,reddit,Your party wankers,2025-05-04T18:51:10Z,1,Thismyrealnameisit,todayilearned,2025-05-25T17:45:36.936081Z
mqx2wcr,1kemg5y,reddit,"Found an earlier one. 

Two people in Olean NY wishing the local high school color guard team well at an upcoming competition on [April 7 1978](https://fultonhistory.com/highlighter/highlight-for-xml?altUrl=https%3A%2F%2Ffultonhistory.com%2FNewspaper%252024%2FOlean%2520NY%2520Times%2520Herald%2FOlean%2520NY%2520Times%2520Herald%25201978%2FOlean%2520NY%2520Times%2520Herald%25201978%2520-%25202631.pdf%23xml%3Dhttps%3A%2F%2Ffultonhistory.com%2FdtSearch%2Fdtisapi6.dll%3Fcmd%3Dgetpdfhits%26u%3Dffffffff906a5640%26DocId%3D3233029%26Index%3DZ%253a%255cDISK%2520X%26HitCount%3D8%26hits%3D4f2%2B4f3%2B4f4%2B4f5%2B4f6%2B4f7%2B13e6%2B13eb%2B%26SearchForm%3D%252fFulton%255fform%252ehtml%26.pdf&uri=https%3A%2F%2Ffultonhistory.com%2FNewspaper%252024%2FOlean%2520NY%2520Times%2520Herald%2FOlean%2520NY%2520Times%2520Herald%25201978%2FOlean%2520NY%2520Times%2520Herald%25201978%2520-%25202631.pdf&xml=https%3A%2F%2Ffultonhistory.com%2FdtSearch%2Fdtisapi6.dll%3Fcmd%3Dgetpdfhits%26u%3Dffffffff906a5640%26DocId%3D3233029%26Index%3DZ%253a%255cDISK%2520X%26HitCount%3D8%26hits%3D4f2%2B4f3%2B4f4%2B4f5%2B4f6%2B4f7%2B13e6%2B13eb%2B%26SearchForm%3D%252fFulton%255fform%252ehtml%26.pdf&openFirstHlPage=false). I think this might be because the team was shooting for their fourth championship? The competition is listed as being on April 8 so it's not actually a date pun here. I'm sure it's some sort of in-joke having to do with Star Wars though, because a couple of places above in the same column somebody else says ""May the force be with you"".",2025-05-06T17:25:17Z,1,TheManWithTheBigName,todayilearned,2025-05-25T17:45:36.936083Z
mqyurf9,1kemg5y,reddit,God bless her memory.,2025-05-06T22:35:14Z,1,LegSpare5351,todayilearned,2025-05-25T17:45:36.936086Z
mqz2j1t,1kemg5y,reddit,One more reason why it's better to celebrate on the actual anniversary.,2025-05-06T23:17:52Z,1,newimprovedmoo,todayilearned,2025-05-25T17:45:36.936088Z
mr2snfh,1kemg5y,reddit,Forth programmers still feel like they had it first.,2025-05-07T15:08:22Z,1,tocksin,todayilearned,2025-05-25T17:45:36.936090Z
mqqvsom,1kemg5y,reddit,That phrase needs to die.  It's so silly and boring,2025-05-05T18:04:01Z,1,UsernameChecksOutDuh,todayilearned,2025-05-25T17:45:36.936092Z
mqjzlcw,1kemg5y,reddit,"Yaaay.

I do not like her!",2025-05-04T16:02:55Z,-18,Dirka-Dirka,todayilearned,2025-05-25T17:45:36.936094Z
mqkz5xv,1kemg5y,reddit,Also with anyone else besides that war criminal.,2025-05-04T19:03:11Z,-12,JosephFinn,todayilearned,2025-05-25T17:45:36.936097Z
mql4yjk,1kemg5y,reddit,[deleted],2025-05-04T19:33:59Z,-29,N/A,todayilearned,2025-05-25T17:45:36.936099Z
mqkijvk,1kemg5y,reddit,Pretty sure it was General Jan Dodonna,2025-05-04T17:38:33Z,-8,LawlzBarkley,todayilearned,2025-05-25T17:45:36.936101Z
mr5e81l,1khakv9,reddit,"There is no agreed on biological definition of ""tree."" Tree is a strat plants keep landing on from entirely unrelated directions over and over again.",2025-05-07T22:45:23Z,188,Educational_Ad_8916,todayilearned,2025-05-25T17:45:38.068069Z
mr5k9rm,1khakv9,reddit,"U2's ""The Joshua Tree"" was originally going to be called ""The Asparagus Spear.""",2025-05-07T23:19:50Z,35,bundleofschtick,todayilearned,2025-05-25T17:45:38.068073Z
mr5qwi1,1khakv9,reddit,Will they make your pee smell though?,2025-05-07T23:57:13Z,20,AmazingBlackberry236,todayilearned,2025-05-25T17:45:38.068075Z
mr5t4uk,1khakv9,reddit,"Also related to yucca, which essentially look like Joshua trees but with the whole plant underground other than the leaves. Only know this from fire scarred land where dirt eroded around yucca and I saw that the clusters were actually all connected to the same trunks",2025-05-08T00:10:28Z,20,kaleidonize,todayilearned,2025-05-25T17:45:38.068077Z
mr6zefu,1khakv9,reddit,"The page you linked literally says it’s a monocotydelonous tree.

There is no universally agreed upon definition of what an actual tree is, though some exclude monocots, so this fact may be right or wrong depending on who you ask",2025-05-08T04:37:36Z,8,MrEdonio,todayilearned,2025-05-25T17:45:38.068079Z
mr76mqv,1khakv9,reddit,That explains the shape.,2025-05-08T05:40:26Z,2,Greene_Mr,todayilearned,2025-05-25T17:45:38.068082Z
mrcooj3,1khakv9,reddit,but how do they taste?,2025-05-09T02:01:56Z,2,Ludwigofthepotatoppl,todayilearned,2025-05-25T17:45:38.068084Z
mr9j7yy,1khakv9,reddit,Don't mess with them. Huge fine if you do.,2025-05-08T15:57:03Z,1,CiD7707,todayilearned,2025-05-25T17:45:38.068086Z
mr6l95t,1khakv9,reddit,I hate it when my pee smells like Joshua......never mind. Please don't tell my wife.,2025-05-08T02:55:52Z,-1,SarcasticlySpeaking,todayilearned,2025-05-25T17:45:38.068088Z
mr6rh2t,1khakv9,reddit,"Imagine looking at this and thinking ""Bible. This tree has something to do with the Bible."" Madness.",2025-05-08T03:38:06Z,-5,Cryzgnik,todayilearned,2025-05-25T17:45:38.068090Z
mto6jv0,1ksrpx2,reddit,"""This formula was first discovered by one of the Bernoulli's, so should we name it Bernoulli's Equation?""

""No, there's already a lot of equations named after the Bernoullis, who's the second mathematician to work on it?

""...Euler.""

""Oh, for fucks sake..."".",2025-05-22T15:35:00Z,438,cambiro,todayilearned,2025-05-25T17:45:39.091271Z
mtny4sp,1ksrpx2,reddit,But there's a high chance they were named after a Johann Bernoulli...,2025-05-22T14:54:21Z,67,Kwetla,todayilearned,2025-05-25T17:45:39.091275Z
mtort5v,1ksrpx2,reddit,"We need more Bernoulli license plates in the gift shop. I repeat, we are sold out of Bernoulli license plates.",2025-05-22T17:17:11Z,21,ZhouDa,todayilearned,2025-05-25T17:45:39.091277Z
mtnuovo,1ksrpx2,reddit,What a bunch of overachievers.,2025-05-22T14:37:32Z,11,WarWonderful593,todayilearned,2025-05-25T17:45:39.091279Z
mtpf4qp,1ksrpx2,reddit,Their descendants working McDonald must have gotten it from their other parents genes.,2025-05-22T19:08:03Z,4,chaiscool,todayilearned,2025-05-25T17:45:39.091281Z
mton4kn,1ksrpx2,reddit,Did Bernoulli sleep before he found the first pizza time?,2025-05-22T16:55:03Z,3,5urr3aL,todayilearned,2025-05-25T17:45:39.091283Z
mttpmrw,1ksrpx2,reddit,"Similarly, a bunch of things in math are named after Camille Jordan, Pascual Jordan, and Wilhelm Jordan. Not only are they not the same person, they're not even related, and their names aren't all pronounced the same way.",2025-05-23T12:37:40Z,3,jonah214,todayilearned,2025-05-25T17:45:39.091285Z
mtu3hym,1ksrpx2,reddit,"Bernoulli's my favorite. Little known fact, statistics were not his only love. He's also famous for bus French sauce used on meat and poultry",2025-05-23T13:54:18Z,2,silentsqurrl,todayilearned,2025-05-25T17:45:39.091288Z
mtyuf5q,1ksrpx2,reddit,Dumbass just learned this today?,2025-05-24T06:14:36Z,0,Complex_Professor412,todayilearned,2025-05-25T17:45:39.091290Z
msphfw0,1koebdw,reddit,Oh yeah? Well what about mysterious Planet 9?,2025-05-16T23:06:11Z,173,Amonamission,todayilearned,2025-05-25T17:45:40.947414Z
mspjf24,1koebdw,reddit,"Well, if anyone were responsible for missions to every planet in the solar system, I suspect it would be humans.",2025-05-16T23:18:27Z,105,WrongSubFools,todayilearned,2025-05-25T17:45:40.947417Z
mspkq9a,1koebdw,reddit,Watching New Horizons pass Pluto (the last of the 'classically' designated planets to get a visit) in near real-time was incredible!,2025-05-16T23:26:31Z,13,Cantinkeror,todayilearned,2025-05-25T17:45:40.947419Z
mspgipq,1koebdw,reddit,Every planet in our solar system that we know of.,2025-05-16T23:00:20Z,45,EverydayVelociraptor,todayilearned,2025-05-25T17:45:40.947421Z
msptx81,1koebdw,reddit,"Additionally, we’ve sent missions to the sun as well as at least one comet.",2025-05-17T00:23:38Z,5,pygmeedancer,todayilearned,2025-05-25T17:45:40.947423Z
mspg8z3,1koebdw,reddit,We've only visited Uranus once sadly.,2025-05-16T22:58:34Z,25,irish_guy,todayilearned,2025-05-25T17:45:40.947426Z
mspgbgj,1koebdw,reddit,Even that little bitch Pluto,2025-05-16T22:59:00Z,20,VeterinarianIcy9562,todayilearned,2025-05-25T17:45:40.947428Z
msq0nqp,1koebdw,reddit,I like how this subtly implies that every other species on earth failed to beat humans in reaching this achievement.,2025-05-17T01:06:15Z,3,Prof-Beardface,todayilearned,2025-05-25T17:45:40.947430Z
mspjmyo,1koebdw,reddit,How long would it take for one to reach Sagittarius A? Is it something humans could someday achieve?,2025-05-16T23:19:47Z,4,NoSeMeOcurreNada,todayilearned,2025-05-25T17:45:40.947432Z
msqh3k2,1koebdw,reddit,"Technically, the UNITED STATES has sent probes to every planet in the Solar System.  The Russians did some Mars probes, and they did WAY better Venus probes than the USA ever did, ESA and Japan have done Mercury Probes,  A number of nations have launched Mars probes,  ESA and Japan have done WAY better than the USA has with comets and asteroids... but we are the only people that have launched probes to every planet... (and Pluto). 

[https://en.wikipedia.org/wiki/List\_of\_Solar\_System\_probes](https://en.wikipedia.org/wiki/List_of_Solar_System_probes)",2025-05-17T02:52:45Z,4,2552686,todayilearned,2025-05-25T17:45:40.947434Z
msq2nv1,1koebdw,reddit,I recently learned that it’s really difficult to rendezvous with mercury.,2025-05-17T01:19:13Z,2,ShadowCaster0476,todayilearned,2025-05-25T17:45:40.947436Z
msrns9w,1koebdw,reddit,And two dwarf planets,2025-05-17T09:26:23Z,2,Jump_Like_A_Willys,todayilearned,2025-05-25T17:45:40.947438Z
msv7eqx,1koebdw,reddit,"*All of these worlds are your’s, except Europa. Attempt no landing there.*",2025-05-17T22:40:53Z,2,Hollow-Official,todayilearned,2025-05-25T17:45:40.947441Z
msxnfus,1koebdw,reddit,Even Uranus?,2025-05-18T10:40:44Z,2,NIDORAX,todayilearned,2025-05-25T17:45:40.947443Z
msz7ydi,1koebdw,reddit,Interested to learn more about probing Uranus,2025-05-18T16:39:21Z,2,MrChillyBones,todayilearned,2025-05-25T17:45:40.947445Z
mspjdar,1koebdw,reddit,"Well kiss that shit all goodbye, because Trump is cutting NASA's budget by 6 Billion dollars.",2025-05-16T23:18:09Z,4,riffraffbri,todayilearned,2025-05-25T17:45:40.947447Z
mspiqlp,1koebdw,reddit,I’m here for the Uranus jokes.,2025-05-16T23:14:17Z,2,tocra,todayilearned,2025-05-25T17:45:40.947449Z
mspvtqg,1koebdw,reddit,I disagree. We sent a mission out of the solar system which happened to fly past Uranus and Neptune. I don't think that counts as a mission and it's a disgrace that nothing has been sent since then. ,2025-05-17T00:35:39Z,2,Hepheastus,todayilearned,2025-05-25T17:45:40.947451Z
msrp3ff,1koebdw,reddit,"Including Pluto.
#NeverForget",2025-05-17T09:40:40Z,2,batatatchugen,todayilearned,2025-05-25T17:45:40.947453Z
mspk9s3,1koebdw,reddit,And there are pictures of Uranus all over the internet.,2025-05-16T23:23:42Z,1,RingGiver,todayilearned,2025-05-25T17:45:40.947455Z
mspmrdt,1koebdw,reddit,"What's a mission to a planet that isn't a space mission?

  
Is it because we've only sent missionaries to the moon?",2025-05-16T23:38:58Z,1,chapterpt,todayilearned,2025-05-25T17:45:40.947458Z
mspprcj,1koebdw,reddit,Me thinks OP has been watching Curious Droid's latest video.,2025-05-16T23:57:28Z,1,apworker37,todayilearned,2025-05-25T17:45:40.947460Z
msrauuw,1koebdw,reddit,Plus Pluto.,2025-05-17T07:08:19Z,1,ItsSignalsJerry_,todayilearned,2025-05-25T17:45:40.947462Z
mtl69ie,1koebdw,reddit,That’s what their tax records show but their cgi rocket catchers show something else,2025-05-22T02:27:25Z,1,bendecco08,todayilearned,2025-05-25T17:45:40.947464Z
mspoerr,1koebdw,reddit,"Humans or ‘Merica?! 

Like did ESA do any?",2025-05-16T23:49:06Z,1,UrDraco,todayilearned,2025-05-25T17:45:40.947466Z
mspt5s3,1koebdw,reddit,Neptune has gotten short shrift.,2025-05-17T00:18:49Z,1,Pikeman212a6c,todayilearned,2025-05-25T17:45:40.947468Z
msphm94,1koebdw,reddit,"There's that extra planet that math proves exists, but no one has seen.",2025-05-16T23:07:18Z,-3,friendly-sam,todayilearned,2025-05-25T17:45:40.947470Z
mspka3w,1koebdw,reddit,That was before DOGE trashed NASA.,2025-05-16T23:23:46Z,-5,hikeonpast,todayilearned,2025-05-25T17:45:40.947472Z
msplj1h,1koebdw,reddit,"I feel like there's a bad faith ""um actually"" for missing out earth. ",2025-05-16T23:31:25Z,0,DTJ20,todayilearned,2025-05-25T17:45:40.947474Z
msqbroj,1koebdw,reddit,Not to my anus,2025-05-17T02:17:42Z,0,KameTheMachine,todayilearned,2025-05-25T17:45:40.947476Z
mspjphk,1koebdw,reddit,What about Rectus 9?,2025-05-16T23:20:13Z,-2,inSaiyanne,todayilearned,2025-05-25T17:45:40.947478Z
mspg7p0,1koebdw,reddit,Has the mission to Neptune made it yet?,2025-05-16T22:58:20Z,-2,Ok_Mango1889,todayilearned,2025-05-25T17:45:40.947480Z
mspi6d3,1koebdw,reddit,Not manned missions.,2025-05-16T23:10:50Z,-6,HerMtnMan,todayilearned,2025-05-25T17:45:40.947483Z
mspg89a,1koebdw,reddit,Has the mission to Neptune made it yet?,2025-05-16T22:58:26Z,-4,Ok_Mango1889,todayilearned,2025-05-25T17:45:40.947485Z
mtvkcaj,1ktp1sq,reddit,TIL that Slurpee was the brand name for 7-Eleven's licensed version of Icee. I always assumed one was just a knockoff version of the other.,2025-05-23T18:05:27Z,59,doublelxp,todayilearned,2025-05-25T17:45:41.958359Z
mtvd5a7,1ktp1sq,reddit,Dr. Brain Freeze,2025-05-23T17:31:48Z,12,nouskeys,todayilearned,2025-05-25T17:45:41.958363Z
mtvhvpj,1ktp1sq,reddit,It's what he called BJ's and it stuck.,2025-05-23T17:53:49Z,8,Aromatic-Tear7234,todayilearned,2025-05-25T17:45:41.958365Z
mtxjize,1ktp1sq,reddit,I also watch The Food That Built America,2025-05-24T00:32:37Z,2,RonSwansonsOldMan,todayilearned,2025-05-25T17:45:41.958367Z
mtvjha7,1ktp1sq,reddit,These days they should read the franchise agreement very closely and do all the testing and development off the store property.,2025-05-23T18:01:18Z,2,wdwerker,todayilearned,2025-05-25T17:45:41.958369Z
mtw8wlv,1ktp1sq,reddit,I'm about to invent a Slurpee in the bathroom,2025-05-23T20:09:09Z,1,ItsMeYourDarkLord,todayilearned,2025-05-25T17:45:41.958371Z
mtx13jl,1ktp1sq,reddit,And the Blizzard and the upside down flip was stolen from Ted Drewes in St. Louis.,2025-05-23T22:41:23Z,1,Skatchbro,todayilearned,2025-05-25T17:45:41.958373Z
mtztipe,1ktp1sq,reddit,"I'm assuming some Dairy Queens did not license his machine because when I worked there in the early '70s, the frozen drink was called a ""Misty"".


If you didn't clean the machine every day that sugar slurry started to turn to alcohol and had a bad smell.",2025-05-24T11:53:51Z,1,awhq,todayilearned,2025-05-25T17:45:41.958375Z
mtzoou8,1ktp1sq,reddit,ICEEs are better.,2025-05-24T11:14:57Z,1,plaguedbullets,todayilearned,2025-05-25T17:45:41.958377Z
mtkbct4,1ksbua6,reddit,The invention of modern range finding and tracking using things like radar is what made this camo obsolete,2025-05-21T23:27:42Z,129,DarkAlman,todayilearned,2025-05-25T17:45:43.500561Z
mtk9w32,1ksbua6,reddit,"Specifically, the trajectory * and range *, which are what you need to calculate a firing solution. So, in theory, dazzle camo would make the ship almost impossible to hit on the first volley without extended observation, and if it changed speed or heading while under fire it would also become significantly harder to hit. 


ETA: Also, the exact class of ship. Might be a little passenger steamer coasting along right up next to you, might be a bigass battleship hauling ass way off in the distance. Can't see the outline, can't even make out the smokestacks or whatever well enough to make a good guess.",2025-05-21T23:19:24Z,196,coolguy420weed,todayilearned,2025-05-25T17:45:43.500566Z
mtlpn7o,1ksbua6,reddit,"Math time, me hearties!

It's WWI, and you're a U-Boat commander looking through a wet, drippy periscope window at a nice cargo ship out there a ways.  Here's what you've got to work with.

300 foot/100 meter freighter, moving at 10 knots (standard for class -- says so in the Target ID book).  10 knots if 5 meters per second, so ship is moving it's length in 20 seconds.

You're huffing along at all of 5 knots submerged to get into firing position -- 2000 meters, but you're not quite sure of the target's approach angle because of the dazzle camo.  So you plot best guesses and split the difference.

The torpedo can do 40 knots -- 20 meters per second.  2000 meters is a 100 second run time.  So, if you got everything just right, the torpedo and ship have only a 20 second window to be in the same place at the same time.  So, you fire three, 10 seconds apart, to cover the bow, middle, and stern positions -- IF you got the ship track correct.

Oops!  You were 30 degrees off.  The ship is moving further away in those 100 seconds.  It traveled 500 meters, but moved 250 meters further away at intended target point.  The torpedo has to travel another 12 seconds to get there.  Is any part of the ship still there?  Maybe not!  By the way, the ship moved another half length while the torpedo went the extra distance.

So if you watch those WWII videos on US Navy subs vs IJN targets, this is exactly why they tended to fire three and four torpedoes at even huge targets to try and get one hit.  Plus WWII attacks were at 4 to 8 km / 2 to 5 miles, sometimes more.  So the run times (for 40 - 45 kts) were now several minutes long.",2025-05-22T04:36:40Z,50,atomicsnarl,todayilearned,2025-05-25T17:45:43.500568Z
mtl9sei,1ksbua6,reddit,"My wife has a dress that looks exactly like dazzle camouflage. I told her about it and said ""Your dress reminds me of a WW1 ship"". She didn't think it was funny. She was 8 months pregnant at the time....

She forgot she married a history nerd and all was better once I showed her a picture of an actual ship with dazzle camouflage. I almost got divorced that day......",2025-05-22T02:48:14Z,23,CliffDog02,todayilearned,2025-05-25T17:45:43.500571Z
mtkzxmt,1ksbua6,reddit,"so, roughly half of this video is based around WHY this camo existed, but the entire thing is worth a watch. [drachinifel for the win!](https://www.youtube.com/watch?v=cbXyAzGtIX8)",2025-05-22T01:50:13Z,15,Nepeta33,todayilearned,2025-05-25T17:45:43.500573Z
mtl0hzu,1ksbua6,reddit,It makes a lot more sense when you know how coincidence or stereoscopic range finders work too.,2025-05-22T01:53:28Z,9,Wingnut762,todayilearned,2025-05-25T17:45:43.500575Z
mtk8xys,1ksbua6,reddit,"""Jürgen, do you zee that giant Zebra?""


""No?""


""Yeah, me neither """,2025-05-21T23:14:05Z,12,Heskitt_Warpskull,todayilearned,2025-05-25T17:45:43.500578Z
mtkk2j7,1ksbua6,reddit,"I first heard of this when my friend bought the OMD tape Dazzle Ships in 1983 and we looked it up in the Encyclopedia Britannica. Sorry, Ted, that's Encyclopædia.",2025-05-22T00:17:46Z,7,MrPanchole,todayilearned,2025-05-25T17:45:43.500580Z
mtktdy1,1ksbua6,reddit,[https://preview.redd.it/taylor-swift-british-nautical-engineer-displaying-new-v0-i8hotgtvw8w91.jpg?width=1080&crop=smart&auto=webp&s=241097b202c0de0cbf8e52492a28b1f03256d054](https://preview.redd.it/taylor-swift-british-nautical-engineer-displaying-new-v0-i8hotgtvw8w91.jpg?width=1080&crop=smart&auto=webp&s=241097b202c0de0cbf8e52492a28b1f03256d054),2025-05-22T01:12:00Z,6,Bedbouncer,todayilearned,2025-05-25T17:45:43.500582Z
mtlbiu1,1ksbua6,reddit,GrndpaGaming taught me that silhouettes are what kill ya in battle.,2025-05-22T02:58:20Z,2,YinTanTetraCrivvens,todayilearned,2025-05-25T17:45:43.500585Z
mtmhpik,1ksbua6,reddit,"The Royal Navy recently revived the design for one of it's new patrol ships - more for heritage than practical reasons:

https://www.royalnavy.mod.uk/news/2021/april/27/20210427-dazzle-paint",2025-05-22T09:01:26Z,2,barc0de,todayilearned,2025-05-25T17:45:43.500587Z
mtmk7y1,1ksbua6,reddit,"The city of Liverpool painted one of their ferries in a Dazzle scheme:

[https://www.biennial.com/project/sir-peter-blake-dazzle-ferry/](https://www.biennial.com/project/sir-peter-blake-dazzle-ferry/)",2025-05-22T09:27:23Z,2,crucible,todayilearned,2025-05-25T17:45:43.500589Z
mu5dpai,1ksbua6,reddit,"I, too, get really confused by shapes and their splendor",2025-05-25T10:16:42Z,2,Awesomecity2,todayilearned,2025-05-25T17:45:43.500592Z
mtkbnao,1ksbua6,reddit,"This is how you know the gay community was always thriving underground. ""Girl, we just got the whole British navy looking FABULOUS and it's going to help in combat too!""",2025-05-21T23:29:20Z,3,physedka,todayilearned,2025-05-25T17:45:43.500594Z
mtlf8k1,1ksbua6,reddit,"What would be the best way to do this to my old black SUV? Is there a method to the madness of the stripes, or is randomness the key?",2025-05-22T03:21:30Z,1,JoeSicko,todayilearned,2025-05-25T17:45:43.500596Z
mtlhj09,1ksbua6,reddit,Now it's sadly just haze grey and underway.,2025-05-22T03:36:47Z,1,grapedog,todayilearned,2025-05-25T17:45:43.500598Z
mtlux68,1ksbua6,reddit,"Olympic, Titanic's sister ship had dazzle camouflage during WWI. I think she got at least two different paintjobs during her wartime service. 


There are some pictures out there. Pretty cool to look at.",2025-05-22T05:19:41Z,1,tadayou,todayilearned,2025-05-25T17:45:43.500601Z
mtmb0rk,1ksbua6,reddit,"I mean, if it works for zebras…",2025-05-22T07:51:54Z,1,Correii,todayilearned,2025-05-25T17:45:43.500603Z
mtnujfr,1ksbua6,reddit,I'm assuming OP just listened to the recent 99% Invisible Podcast about this subject.,2025-05-22T14:36:47Z,1,Oakvilleresident,todayilearned,2025-05-25T17:45:43.500605Z
mtox80v,1ksbua6,reddit,"What is missed by most people is that the photos are taken not thru a periscope with the ship distorted by the low angle of the observer but from a raised vantage point.  Looking at a moving target thru a periscope, while also moving makes it very difficult to assess course and speed",2025-05-22T17:42:19Z,1,trucorsair,todayilearned,2025-05-25T17:45:43.500608Z
mtp5puy,1ksbua6,reddit,Give em the ol razzle dazzle! (it was actually called that!),2025-05-22T18:22:35Z,1,gamewizzhard,todayilearned,2025-05-25T17:45:43.500610Z
mtwo19x,1ksbua6,reddit,Give ‘em the ol’ razzle dazzle,2025-05-23T21:27:12Z,1,Monoenomynous,todayilearned,2025-05-25T17:45:43.500613Z
mu09e16,1ksbua6,reddit,Apparently this works against sharks as well according to some arts and crafts TV show I used to watch as a kid,2025-05-24T13:39:33Z,1,YesItIsMe21,todayilearned,2025-05-25T17:45:43.500615Z
mtkpkmj,1ksbua6,reddit,That's how they confuse the enemy ships. The more the lines crisscross and the patterns overlap.,2025-05-22T00:49:56Z,1,GetsGold,todayilearned,2025-05-25T17:45:43.500617Z
mtkbkhl,1ksbua6,reddit,"I'd love it if someone could actually do a video and demonstrate this. All i have seen is old pictures from WW2 and could never agree from those pictures that it was something that worked.

Like demonstrate to me via youtube how a submariner peering through his periscope 3kms away thinks a ship is moving right when its actually moving left.

I know the details and what they are meant to do - i just want to see a real life demonstration by a youtuber or documentarian.",2025-05-21T23:28:54Z,-3,feel-the-avocado,todayilearned,2025-05-25T17:45:43.500620Z
mtkavd8,1ksbua6,reddit,[deleted],2025-05-21T23:24:58Z,-5,N/A,todayilearned,2025-05-25T17:45:43.500622Z
mtru2r7,1kt8tky,reddit,So do beavers! Beavers have orange tinted teeth from the iron.,2025-05-23T03:10:30Z,215,guitarjg,todayilearned,2025-05-25T17:45:44.696653Z
mtrpx0b,1kt8tky,reddit,This explains the Ferengi tooth sharpener ,2025-05-23T02:43:38Z,64,VirgoDog,todayilearned,2025-05-25T17:45:44.696657Z
mtrtgq3,1kt8tky,reddit,"God knows what manner of radio stations their teeth are picking up, the poor things probably hear Hotel California like 14 times a day.",2025-05-23T03:06:24Z,81,GarysCrispLettuce,todayilearned,2025-05-25T17:45:44.696660Z
mtrp584,1kt8tky,reddit,That’s metal.,2025-05-23T02:38:52Z,57,mralbert,todayilearned,2025-05-25T17:45:44.696662Z
mtryrck,1kt8tky,reddit,"Komodo dragons: Iron teeth, venomous bite, stealth mode.  
Humans: Invented dental floss and still forget to use it.  
Nature's priorities are clear.",2025-05-23T03:42:54Z,27,adikami2302,todayilearned,2025-05-25T17:45:44.696664Z
mtrr2as,1kt8tky,reddit,1-2 μm layer with some crystalline iron? I’m gonna start mining Komodo dragons for that sweet sweet iron. Build me a heavy spaceship,2025-05-23T02:50:49Z,10,Ferrousglobin,todayilearned,2025-05-25T17:45:44.696666Z
mtrpkay,1kt8tky,reddit,That’s iron.,2025-05-23T02:41:27Z,13,All-the-pizza,todayilearned,2025-05-25T17:45:44.696668Z
mtrpvo8,1kt8tky,reddit,Inter-rusting,2025-05-23T02:43:24Z,10,RichardButt1992,todayilearned,2025-05-25T17:45:44.696670Z
mtrr63p,1kt8tky,reddit,I hate that websites have ONE button for cookies.. ACCEPT ALL,2025-05-23T02:51:30Z,7,photoperitus,todayilearned,2025-05-25T17:45:44.696672Z
mtsqmvk,1kt8tky,reddit,"Poison saliva, ability to climb, carnivore... sure why wouldn't they have iron-coated teeth as well.",2025-05-23T07:41:56Z,2,TwoToesToni,todayilearned,2025-05-25T17:45:44.696674Z
mtsrpd0,1kt8tky,reddit,Inb4 someone crossposts this to /r/kingkillerchronicle,2025-05-23T07:52:25Z,2,BlackFenrir,todayilearned,2025-05-25T17:45:44.696676Z
mttjtz0,1kt8tky,reddit,What the fuck,2025-05-23T12:01:20Z,2,thissomeotherplace,todayilearned,2025-05-25T17:45:44.696678Z
mtu5lal,1kt8tky,reddit,Just wait until u see what raccoons can do...,2025-05-23T14:05:05Z,2,3six5,todayilearned,2025-05-25T17:45:44.696680Z
mtyjcbu,1kt8tky,reddit,"11 years old me came up with a steel/poison komodo dragon fake pokemon 


I don't know why I wanted it to be steel, but my little brother said it was stupid 


Eat your heart out, Dean!",2025-05-24T04:35:53Z,2,LeatherHog,todayilearned,2025-05-25T17:45:44.696683Z
mu0nhor,1kt8tky,reddit,We use metal (calcium) to reinforce our bones,2025-05-24T14:57:28Z,2,Jamie_Rae_1212,todayilearned,2025-05-25T17:45:44.696685Z
mtrt6or,1kt8tky,reddit,They wear grills?,2025-05-23T03:04:33Z,1,onemanmelee,todayilearned,2025-05-25T17:45:44.696687Z
mts7bnl,1kt8tky,reddit,The better to eat you with,2025-05-23T04:47:51Z,1,jonnyozo,todayilearned,2025-05-25T17:45:44.696689Z
mtsb2vo,1kt8tky,reddit,That’s so metal,2025-05-23T05:18:39Z,1,Affectionate-Lie5714,todayilearned,2025-05-25T17:45:44.696691Z
mtsckkl,1kt8tky,reddit,Everything must taste like pennies…,2025-05-23T05:31:26Z,1,SnooKiwis557,todayilearned,2025-05-25T17:45:44.696693Z
mtxzks8,1kt8tky,reddit,Don’t go giving Paul Wall ideas.,2025-05-24T02:14:48Z,1,JamesCCBMS,todayilearned,2025-05-25T17:45:44.696695Z
mtzbeov,1kt8tky,reddit,Beavers also have iron in their teeth,2025-05-24T09:04:38Z,1,Gargomon251,todayilearned,2025-05-25T17:45:44.696697Z
mtsev0h,1kt8tky,reddit,My roomie claims beavers do too... I'm googling to verify,2025-05-23T05:51:28Z,1,Alex_c666,todayilearned,2025-05-25T17:45:44.696699Z
mtrwjr4,1kt8tky,reddit,"And there Salome will make sure you don't clot so if you get bit even once buy a komodp dragon even if you get to safety you still bleed out and die... that, terrifies me. I'll never go near one for any reason nooooo sir.",2025-05-23T03:27:14Z,0,spicynoodsinmuhmouf,todayilearned,2025-05-25T17:45:44.696701Z
mtrrywi,1kt8tky,reddit,[deleted],2025-05-23T02:56:40Z,-1,N/A,todayilearned,2025-05-25T17:45:44.696703Z
mtst20q,1kt8tky,reddit,Kinda wild that a species was able to integrate a metal that isn't native to earth into it's body,2025-05-23T08:05:55Z,-5,Reasonable_Air3580,todayilearned,2025-05-25T17:45:44.696705Z
mpy7p1y,1kbwk36,reddit,"The Lion King CD came with all of the lyrics and what they translate to in English. All of the songs have really cool stories, my favorite was ""[He Lives In You](https://youtu.be/O7SwHjI3Ks4?si=PWJ7LsIgl1Mm8pTX)"".",2025-05-01T02:03:26Z,155,Decorus_Somes,todayilearned,2025-05-25T17:45:46.065781Z
mpygriz,1kbwk36,reddit,"Where can you see lions?  
Only in Kenya  
Come to Kenya, We've got lions!

Where can you see tigers?  
Only in Kenya  
Got lions and tigers, Only in Kenya

*Forget Norway!*",2025-05-01T02:58:14Z,115,the2belo,todayilearned,2025-05-25T17:45:46.065791Z
mpypb4a,1kbwk36,reddit,So who’s the leopard?,2025-05-01T03:56:13Z,27,IronHaydon,todayilearned,2025-05-25T17:45:46.065797Z
mpzh6hk,1kbwk36,reddit,"I never quite got the Zulu music. 
The movies take place in Tanzania. That's setting a movie in France and using Russian.
Mbube I get, because it was a preexisting song (that they did not get the rights for), but the original composition could have used Swahili.",2025-05-01T08:08:06Z,40,Prielknaap,todayilearned,2025-05-25T17:45:46.065804Z
mq08x7a,1kbwk36,reddit,"It's a bit like when you see a New Zealand haka before a sports match and think it's so cool.  Then you find out the words are things like, ""These are my arms.  See how powerful they are?""",2025-05-01T12:19:01Z,25,tacknosaddle,todayilearned,2025-05-25T17:45:46.065809Z
mpy07f1,1kbwk36,reddit,I did not know that.,2025-05-01T01:19:51Z,19,bigtotoro,todayilearned,2025-05-25T17:45:46.065815Z
mpy8im4,1kbwk36,reddit,Pink pajamas penguins on the bottom?,2025-05-01T02:08:11Z,17,appleburger17,todayilearned,2025-05-25T17:45:46.065821Z
mpykfl3,1kbwk36,reddit,"And the lyrics look nothing like how they sound. Maybe it's a pronunciation/articulation thing, combined with stylistic singing but I can never make the lyrics as they are written match to the words I hear in the movie.",2025-05-01T03:22:12Z,10,TheBanishedBard,todayilearned,2025-05-25T17:45:46.065826Z
mpyejpp,1kbwk36,reddit,Seems rather cat-forward,2025-05-01T02:44:20Z,9,DulcetTone,todayilearned,2025-05-25T17:45:46.065832Z
mpyv86h,1kbwk36,reddit,habava!!,2025-05-01T04:40:15Z,3,Onphone_irl,todayilearned,2025-05-25T17:45:46.065837Z
mpz2872,1kbwk36,reddit,"Okay I definitely didn’t know this one, and I feel like I should’ve",2025-05-01T05:37:36Z,3,Fluugaluu,todayilearned,2025-05-25T17:45:46.065843Z
mpzvjfj,1kbwk36,reddit,"Yep, that’s a lion!",2025-05-01T10:37:25Z,3,culturedgoat,todayilearned,2025-05-25T17:45:46.065848Z
mpzder0,1kbwk36,reddit,"I always thought they were singing

Pink pajamas, penguins on the bottom. Pink pajamas, penguins on the bottom.",2025-05-01T07:27:39Z,4,TurnItOff_OnAgain,todayilearned,2025-05-25T17:45:46.065854Z
mpy5gmo,1kbwk36,reddit,[deleted],2025-05-01T01:50:38Z,-3,N/A,todayilearned,2025-05-25T17:45:46.065859Z
mqp0ybj,1kbwk36,reddit,„We don‘t know what the words are - it’s ok“ sing,2025-05-05T12:15:44Z,1,jan_olbrich,todayilearned,2025-05-25T17:45:46.065865Z
mpyi1jv,1kbwk36,reddit,I always wondered what was being sung,2025-05-01T03:06:30Z,1,WellHungEastYork,todayilearned,2025-05-25T17:45:46.065870Z
mq2ej8w,1kbwk36,reddit,"Pink pajamas, penguins on the bottom",2025-05-01T18:56:37Z,1,JSkree,todayilearned,2025-05-25T17:45:46.065876Z
mq6tif9,1kczdgn,reddit,Huh? You literally just told us what the rhyme means.,2025-05-02T12:58:13Z,76,ILL_Show_Myself_Out,todayilearned,2025-05-25T17:45:47.079559Z
mq6ygg4,1kczdgn,reddit,"""It's okay to be ambitious, but when those plans fall through, and they will, you'll be just fine working and contributing to society""",2025-05-02T13:26:37Z,21,OakParkCemetary,todayilearned,2025-05-25T17:45:47.079563Z
mq6o1ud,1kczdgn,reddit,"Another one from the Roud folk song index. It's full of weirdness, gibberish, murder, incest and honor killings.",2025-05-02T12:24:32Z,7,GarysCrispLettuce,todayilearned,2025-05-25T17:45:47.079566Z
mq72c9e,1kczdgn,reddit,What would be today’s equivalent lyrics?,2025-05-02T13:47:43Z,1,Saintcanuck,todayilearned,2025-05-25T17:45:47.079568Z
mq9g7yk,1kczdgn,reddit,"TIL: I've personally never even considered the words to rock a bye baby 

Also, wait what the fuck why is the cradle in a tree who puts a baby in a tree",2025-05-02T20:42:26Z,1,Mama_Skip,todayilearned,2025-05-25T17:45:47.079570Z
mqaydji,1kczdgn,reddit,"“Rockabye Baby, thy cradle is green,
Thy father’s a nobleman, mother’s a queen,
And Betty’s a lady who wears a gold ring,
And Tommy’s a drummer who drums for the king” 

That’s a variant I saw in a nursery book as a kid.",2025-05-03T01:52:11Z,1,brydeswhale,todayilearned,2025-05-25T17:45:47.079574Z
mq6pptk,1kczdgn,reddit,[deleted],2025-05-02T12:35:06Z,0,N/A,todayilearned,2025-05-25T17:45:47.079576Z
ms6iypk,1klzfhz,reddit,"Car Talk was one of those shows that, if you never listened to it, I don't think you can ever really understand. The show was almost entirely real people calling in with actual car problems to two brothers who would try to diagnose the problem. That's it, that was the show. There some little doo-dads and games (""The Puzzler"", ""Stump the Chumps"") but it was essentially a car repair call-in show. Somehow it took that concept and made it into the most entertaining hour of radio most weeks it was broadcast. I know almost nothing about cars, have never even changed my own oil, and I tuned in religiously. 

What drove it was the intelligence and interplay between the brothers, and between the brothers and callers. It was magic. It also didn't hurt that they had a smart and diverse audience so the people calling in were often interesting, and they did a great job of selecting/screening their calls. But if you are reading this and thinking ""that doesn't sound funny"", you're right! It doesn't sound funny at all! Yet it was consistently one of the funniest shows around.",2025-05-13T23:33:28Z,564,bth807,todayilearned,2025-05-25T17:45:48.738727Z
ms699oj,1klzfhz,reddit,These guys are absolute legends ,2025-05-13T22:38:12Z,196,__-_-_--_--_-_---___,todayilearned,2025-05-25T17:45:48.738739Z
ms6et5u,1klzfhz,reddit,"Click and Clack Tappit Brothers. Brought to you today by Dewey, Cheetum & Howe",2025-05-13T23:09:59Z,157,kam_wastingtime,todayilearned,2025-05-25T17:45:48.738746Z
ms6ri4e,1klzfhz,reddit,The best casting decision I have ever seen was these two in Cars as the announcers.,2025-05-14T00:22:49Z,101,toddmp,todayilearned,2025-05-25T17:45:48.738753Z
ms6kuhf,1klzfhz,reddit,"Goddamn, I miss Car Talk. And the other shows that used to be on NPR, like Prairie Home Companion. Our family tuned in religiously on Saturday and Sunday and had it on on multiple radios throughout the house and garage and porches. Great memories.",2025-05-13T23:44:03Z,93,Proper-Entertainer33,todayilearned,2025-05-25T17:45:48.738759Z
ms6mbff,1klzfhz,reddit,I had a college professor assign listening to Car Talk as an example of scientific method. Always fun.,2025-05-13T23:52:24Z,53,lc_id,todayilearned,2025-05-25T17:45:48.738766Z
ms6yy3j,1klzfhz,reddit,"""It's one of those white government vans made by Rockwell. Gets terrible mileage and runs real rough for the first couple minutes then smooths right out.""",2025-05-14T01:07:15Z,45,TacTurtle,todayilearned,2025-05-25T17:45:48.738772Z
ms6a1kn,1klzfhz,reddit,These guys rule. What an amazing show.,2025-05-13T22:42:34Z,33,jockfist5000,todayilearned,2025-05-25T17:45:48.738778Z
ms7q1vm,1klzfhz,reddit,"I liked how they always made fun of people’s cars…

Caller: “My 1987 Buick Electra has been making a funny noise lately and…”

CarTalk Bro: “I think the problem with your car is that it’s a 1987 Buick Electra.”",2025-05-14T03:56:40Z,31,JuzoItami,todayilearned,2025-05-25T17:45:48.738784Z
ms6qw3h,1klzfhz,reddit,I remember listening to that episode when it aired.  I was a pretty faithful listener of my (at the time) local NPR station KCBX.,2025-05-14T00:19:09Z,25,rdcpro,todayilearned,2025-05-25T17:45:48.738791Z
ms74uqe,1klzfhz,reddit,"""...the engine was so hot, it was glowing.""

So many snippets of this show are still fresh in my mind.",2025-05-14T01:41:56Z,27,subUrbanMire,todayilearned,2025-05-25T17:45:48.738797Z
ms7oabk,1klzfhz,reddit,"I loved listening to these guys back in 2007-2010. The funniest thing to me was how they'd have a person call in, and they'd be like, ""So what noise is it making,"" and when the caller tried their best to verbally recreate the vehicle's noise they'd accurately diagnose what the problem was.

_They diagnosed people's vehicles from someone over the phone going_ ***PHRUM DIDI PHRUM DIDI PHRUM DIDI KERCHUNK KERCHUNK KERCHUNK KERCHUNK***",2025-05-14T03:44:15Z,29,PolarisWolf222,todayilearned,2025-05-25T17:45:48.738803Z
ms6iypa,1klzfhz,reddit,That's some truly wholesome and funny shit right there. Lmao!,2025-05-13T23:33:28Z,14,Father_Guido,todayilearned,2025-05-25T17:45:48.738809Z
ms7k47v,1klzfhz,reddit,"Don’t forget the staff credits! 

https://www.cartalk.com/content/staff-credits

My favorite: Petty Cash Auditor, Dave Reckoning.",2025-05-14T03:15:59Z,11,jaedon,todayilearned,2025-05-25T17:45:48.738815Z
ms7obn6,1klzfhz,reddit,so wholesome.   I miss feeling like this when listening to the radio/news.,2025-05-14T03:44:31Z,11,buddhahat,todayilearned,2025-05-25T17:45:48.738821Z
ms7uq9u,1klzfhz,reddit,All the money to NPR.   To hell with the GOP.  All the money to NPR.,2025-05-14T04:30:08Z,28,PuzzleheadedTrade763,todayilearned,2025-05-25T17:45:48.738828Z
ms74d71,1klzfhz,reddit,I bet they laughed for 15 minutes straight at that one 😅,2025-05-14T01:39:13Z,9,KidMoxie,todayilearned,2025-05-25T17:45:48.738835Z
ms743gy,1klzfhz,reddit,"Now we have Joe Rogan, fuck this timeline.",2025-05-14T01:37:39Z,33,Feisty-Hedgehog-7261,todayilearned,2025-05-25T17:45:48.738841Z
ms95blj,1klzfhz,reddit,I loved Click and Clack.,2025-05-14T11:43:03Z,8,keb1965,todayilearned,2025-05-25T17:45:48.738848Z
msa7iyo,1klzfhz,reddit,I miss Click & Clack so much. I used to spend Saturday mornings listing to them while I did chores or worked on my car.,2025-05-14T15:16:50Z,8,outdatedelementz,todayilearned,2025-05-25T17:45:48.738854Z
ms7p03y,1klzfhz,reddit,That's fucking rad. God damn.,2025-05-14T03:49:12Z,6,NNovis,todayilearned,2025-05-25T17:45:48.738861Z
mseduid,1klzfhz,reddit,Loved Click and Clack,2025-05-15T04:56:28Z,1,PoopieButt317,todayilearned,2025-05-25T17:45:48.738868Z
msnebph,1klzfhz,reddit,I was lucky enough to hear the Shuttle call live ... and almost choked myself laughing! Was also lucky enough to get on the air once with a strange problem with my nearly-fossilized Mustang. Have their animated TV series on DVD ... and a few show's audio I managed to record. Truly shocked and saddened at the end.,2025-05-16T16:27:10Z,1,ReferenceMediocre369,todayilearned,2025-05-25T17:45:48.738874Z
mq69fex,1kcxq39,reddit,"[https://en.wikipedia.org/wiki/Llanfairpwllgwyngyll](https://en.wikipedia.org/wiki/Llanfairpwllgwyngyll) 

Interestingly, locally nobody uses the full name, it's either Llanfair PG or Llanfairpwll.",2025-05-02T10:37:41Z,100,Upstairs_Drive_5602,todayilearned,2025-05-25T17:45:49.850251Z
mq7fpxx,1kcxq39,reddit,[I like how saying it has become a party trick for Welsh people](https://youtu.be/HYd7cElFKsY?si=sNQsJzgc4u_wRy_F),2025-05-02T14:53:44Z,19,ChooChoo9321,todayilearned,2025-05-25T17:45:49.850269Z
mq6m1x3,1kcxq39,reddit,[Liam Dutton](https://youtu.be/fHxO0UdpoxM) is a pro at pronouncing it.,2025-05-02T12:11:33Z,33,darthgeek,todayilearned,2025-05-25T17:45:49.850283Z
mq9mpwe,1kcxq39,reddit,What happens in Llanfair­pwllgwyngyll­gogery­chwyrn­drobwll­llan­tysilio­gogo­goch stays in Llanfair­pwllgwyngyll­gogery­chwyrn­drobwll­llan­tysilio­gogo­goch!,2025-05-02T21:14:58Z,4,7f0f9c2795df8c9351be,todayilearned,2025-05-25T17:45:49.850297Z
mq7ok0b,1kcxq39,reddit,"I have it written on a coffee cup, it goes all the way around 4 times",2025-05-02T15:35:33Z,3,Decent-Gas-7042,todayilearned,2025-05-25T17:45:49.850311Z
mqbh1ve,1kcxq39,reddit,"I gotta be honest, it's on my bucket list",2025-05-03T03:59:36Z,3,Underwater_Karma,todayilearned,2025-05-25T17:45:49.850324Z
mqew9j1,1kcxq39,reddit,"https://www.youtube.com/watch?v=DJXj86ZckQg




A song for pronunciation practice 🎵",2025-05-03T18:40:09Z,3,ILikeRoL,todayilearned,2025-05-25T17:45:49.850338Z
mqf2c5u,1kcxq39,reddit,"we could rename houston to houstonbythegulfofmexicoandsurroundedbybayousandswampsandhasaspacemuseumandtheyreallylikehurricanes

and still nobody would want to come here.",2025-05-03T19:12:55Z,2,grungegoth,todayilearned,2025-05-25T17:45:49.850352Z
mqh1z8o,1kcxq39,reddit,Welsh really is [one of the nicest languages when sung](https://www.youtube.com/watch?v=ucGdSc5EtIA). It has such interesting sounds.,2025-05-04T02:25:19Z,1,GarysCrispLettuce,todayilearned,2025-05-25T17:45:49.850373Z
mq6ae0p,1kcxq39,reddit,"We really are a sad, simple and predictable species aren't we?",2025-05-02T10:45:52Z,-32,Inside_Swimming9552,todayilearned,2025-05-25T17:45:49.850386Z
mpshiii,1kb8bar,reddit,Right as Republicans voted to cut FEMA funding. 20ish from Florida.,2025-04-30T05:01:05Z,144,PuzzleheadedCress94,todayilearned,2025-05-25T17:45:51.090552Z
mpsnlo8,1kb8bar,reddit,"And most of the people inland didn’t have insurance. I recall reading articles that, despite all the damage, the insurance companies were all, “no big deal to our bottom line, we didn’t have policies there anyway.”",2025-04-30T05:53:43Z,59,wholewheatscythe,todayilearned,2025-05-25T17:45:51.090569Z
mpsgb5m,1kb8bar,reddit,What about Blizzard Bobby? And Tornado Tammy?,2025-04-30T04:51:35Z,9,ClownfishSoup,todayilearned,2025-05-25T17:45:51.090580Z
mqn987m,1kb8bar,reddit,Yo bish wetter than hurricane sandy,2025-05-05T02:51:53Z,1,Big_Cucumburr6969,todayilearned,2025-05-25T17:45:51.090592Z
mpv28lh,1kb8bar,reddit,Man I remember when Sandy rolled in.... gave me a new appreciation for the Village Bridge music from Pokemon B/W 1/2,2025-04-30T16:14:40Z,1,RaijinOkami,todayilearned,2025-05-25T17:45:51.090603Z
mpuo8id,1kb8bar,reddit,"I still don't understand why people call it ""superstorm"" it was a tropical storm. Yes, it hit a densely populated area, but why call it more than it is. On the Gulf Coast, it would be called ""mild inconvenience Sandy.",2025-04-30T15:07:04Z,-7,ua2,todayilearned,2025-05-25T17:45:51.090612Z
mptu85w,1kb8bar,reddit,"Yep, inflation is a bitch isn't it.",2025-04-30T12:25:38Z,-6,Single_T,todayilearned,2025-05-25T17:45:51.090624Z
mpu7zdx,1kb8bar,reddit,Inflation,2025-04-30T13:45:01Z,-9,Redtex,todayilearned,2025-05-25T17:45:51.090635Z
mpu1gpo,1kb8bar,reddit,What about Tornado Tina and Blizzard Betty?,2025-04-30T13:08:43Z,-10,KayfabeCountry,todayilearned,2025-05-25T17:45:51.090645Z
mpuguf0,1kb8bar,reddit,Thuperthtorm Thandy was a Bith,2025-04-30T14:30:49Z,-9,Captain_Comic,todayilearned,2025-05-25T17:45:51.090654Z
mry7m1f,1kkyhbn,reddit,Bushrod is the dirtiest first name I’ve ever heard.,2025-05-12T17:49:16Z,161,Rude_Yam2872,todayilearned,2025-05-25T17:45:52.105673Z
mry8wb9,1kkyhbn,reddit,Now that’s a name. Imagine if our first president had been Bushrod Washington,2025-05-12T17:55:27Z,52,Bakingsquared80,todayilearned,2025-05-25T17:45:52.105691Z
mry5151,1kkyhbn,reddit,[deleted],2025-05-12T17:36:56Z,28,N/A,todayilearned,2025-05-25T17:45:52.105700Z
mry6wc0,1kkyhbn,reddit,That's exactly what they want you to believe,2025-05-12T17:45:54Z,9,553l8008,todayilearned,2025-05-25T17:45:52.105711Z
mryd2ne,1kkyhbn,reddit,I think her name was Abby Normal.,2025-05-12T18:15:44Z,5,HurinGaldorson,todayilearned,2025-05-25T17:45:52.105721Z
mryectg,1kkyhbn,reddit,That’s just Bushrod league,2025-05-12T18:22:00Z,3,Stachemaster86,todayilearned,2025-05-25T17:45:52.105732Z
mrybxwf,1kkyhbn,reddit,"The skull thing, whatever happened there",2025-05-12T18:10:09Z,2,FizCap,todayilearned,2025-05-25T17:45:52.105744Z
mryl1xs,1kkyhbn,reddit,I also googled this after seeing the post on r/historymemes,2025-05-12T18:54:56Z,2,BlakaneezGuy,todayilearned,2025-05-25T17:45:52.105755Z
mrynzm4,1kkyhbn,reddit,Abby Normal,2025-05-12T19:09:48Z,2,camelbuck,todayilearned,2025-05-25T17:45:52.105768Z
mrz3fs9,1kkyhbn,reddit,That’s exactly what I would say if I lost George Washington’s skull. “Wasn’t his 🤷‍♂️.”,2025-05-12T20:27:06Z,2,Hank_Henry_Hill,todayilearned,2025-05-25T17:45:52.105781Z
mrydla6,1kkyhbn,reddit,Happens to the best of us,2025-05-12T18:18:16Z,1,Jack-of-Hearts-7,todayilearned,2025-05-25T17:45:52.105792Z
mryi7et,1kkyhbn,reddit,"Thicketpipe Washington does have a decent ring to it. Let's see, what else have we got in the old thesaurus? Shrub... stick Washington? No? 

Okay, how about Undergrowth... pole Washington? Nah, too long. What about Hedge... shaft Washington? Jesus, most of them actually work somehow... in a Quentin Tarantino film.",2025-05-12T18:40:56Z,1,moxiejohnny,todayilearned,2025-05-25T17:45:52.105805Z
mrz6alc,1kkyhbn,reddit,"Judge Washington / George Washington. Same same, right?",2025-05-12T20:41:29Z,1,technobrendo,todayilearned,2025-05-25T17:45:52.105818Z
ms83211,1kkyhbn,reddit,"""An effort"" you mean grave robbery? AN effort is filing a petition in court to exhume the body to retrieve the skull for whatever purpose.",2025-05-14T05:39:28Z,1,victorspoilz,todayilearned,2025-05-25T17:45:52.105829Z
ms2m3mz,1kkyhbn,reddit,"For a republic, the US has such a weird worship of the revolutionaries that you don't even see towards the kings in most European monarchies. ""Founding fathers"" is also such a weird term.",2025-05-13T11:17:27Z,0,apistograma,todayilearned,2025-05-25T17:45:52.105841Z
