comment_id,content_id,platform,content,created_at,score,author,source_name,crawl_time
mtmkwu8,1ksmimy,reddit,"---      

>This is a friendly reminder to [read our rules](https://www.reddit.com/r/funny/wiki/rules). 
>
>Memes, social media, hate-speech, and [politics / political figures](https://www.reddit.com/r/funny/comments/160kuuf/reminder_any_political_content_will_earn_an/) are not allowed. 
>
>Screenshots of Reddit are expressly forbidden, as are TikTok videos.
>
>**Rule-breaking posts may result in bans.**
>
>Please also [be wary of spam](https://www.reddit.com/r/funny/wiki/spam).
>
---


*I am a bot, and this action was performed automatically. Please [contact the moderators of this subreddit](/message/compose/?to=/r/funny) if you have any questions or concerns.*",2025-05-22T09:34:21Z,1,AutoModerator,funny,2025-05-26T07:05:28.104530Z
mtmnaw1,1ksmimy,reddit,Rush hour will always be top 5 movie franchises for me. Chan and Tucker will always be one of the best buddy cop duos ever,2025-05-22T09:57:36Z,78,Dutch-in-Tahiti,funny,2025-05-26T07:05:28.104542Z
mtor8ad,1ksmimy,reddit,I wish the mods instituted a policy against shitified video clips.,2025-05-22T17:14:29Z,22,Tuna_Sushi,funny,2025-05-26T07:05:28.104550Z
mtmw4we,1ksmimy,reddit,Wasn't there supposed to be another one?,2025-05-22T11:13:19Z,6,Galenia,funny,2025-05-26T07:05:28.104558Z
mtwqcts,1ksmimy,reddit,"Some people may not like the movies, but we're all entitled to have our [differences](https://www.youtube.com/watch?v=BYx6hRc3_s4&ab_channel=BigPurp).",2025-05-23T21:39:55Z,2,Zorothegallade,funny,2025-05-26T07:05:28.104566Z
mu04sfz,1ksmimy,reddit,"""No, he is Mi, and I am Yu""",2025-05-24T13:11:25Z,2,_Ninja_Putin,funny,2025-05-26T07:05:28.104574Z
mtpu14g,1ksmimy,reddit,My name is yu,2025-05-22T20:20:50Z,2,maddie-madison,funny,2025-05-26T07:05:28.104581Z
mu4nto3,1ksmimy,reddit,What the hell happened to Chris Tucker,2025-05-25T05:56:02Z,1,IsThereCheese,funny,2025-05-26T07:05:28.104589Z
mtpzoyi,1ksmimy,reddit,Funniest line in the movie,2025-05-22T20:48:01Z,1,exig,funny,2025-05-26T07:05:28.104596Z
mst38o9,1kovuur,reddit,"---      

>This is a friendly reminder to [read our rules](https://www.reddit.com/r/funny/wiki/rules). 
>
>Memes, social media, hate-speech, and [politics / political figures](https://www.reddit.com/r/funny/comments/160kuuf/reminder_any_political_content_will_earn_an/) are not allowed. 
>
>Screenshots of Reddit are expressly forbidden, as are TikTok videos.
>
>**Rule-breaking posts may result in bans.**
>
>Please also [be wary of spam](https://www.reddit.com/r/funny/wiki/spam).
>
---


*I am a bot, and this action was performed automatically. Please [contact the moderators of this subreddit](/message/compose/?to=/r/funny) if you have any questions or concerns.*",2025-05-17T15:37:39Z,1,AutoModerator,funny,2025-05-26T07:05:29.110066Z
mst4zwn,1kovuur,reddit,you dont need a licence to drive a sandwich,2025-05-17T15:47:01Z,51,Veritas_Vanitatum,funny,2025-05-26T07:05:29.110078Z
mst8kff,1kovuur,reddit,"“Fill ‘er up, Please!”",2025-05-17T16:06:12Z,22,AJMaskorin,funny,2025-05-26T07:05:29.110086Z
msukkn7,1kovuur,reddit,It's a Whopper Chopper!,2025-05-17T20:28:26Z,6,emax4,funny,2025-05-26T07:05:29.110094Z
mstr4z8,1kovuur,reddit,* Trike,2025-05-17T17:45:13Z,6,Lardzor,funny,2025-05-26T07:05:29.110101Z
mst6elw,1kovuur,reddit,"Hotdogging it in a hamburger.   
I would relish a ride in that sweet tomato.",2025-05-17T15:54:32Z,10,TDYDave2,funny,2025-05-26T07:05:29.110108Z
mstbclp,1kovuur,reddit,"I love that someone (presumably this guy) woke up one morning and said, ""You know what I want?  A motorcycle that looks like a hamburger,"" and then proceeded to make his vision a reality.",2025-05-17T16:21:16Z,5,DMala,funny,2025-05-26T07:05:29.110115Z
mstqu1g,1kovuur,reddit,“You’re not hungry now but.. a cheeseburger could cut you off on the highway”,2025-05-17T17:43:37Z,3,Awpss,funny,2025-05-26T07:05:29.110122Z
mstrchv,1kovuur,reddit,This is why your hamburger needs onions.,2025-05-17T17:46:19Z,2,Lardzor,funny,2025-05-26T07:05:29.110129Z
mst7wxo,1kovuur,reddit,Fast food,2025-05-17T16:02:38Z,3,HR_DUCK,funny,2025-05-26T07:05:29.110136Z
mstakxj,1kovuur,reddit,That be a trike!,2025-05-17T16:17:04Z,3,27665,funny,2025-05-26T07:05:29.110143Z
mstjd37,1kovuur,reddit,It fills me up to see the comments remembering the burger mobile from the Spingebob Movie. There’s hope for society yet,2025-05-17T17:04:28Z,4,jrosen122,funny,2025-05-26T07:05:29.110150Z
mst5kd1,1kovuur,reddit,I’m disappointed his tyres aren’t onion rings,2025-05-17T15:50:00Z,3,benopo2006,funny,2025-05-26T07:05:29.110157Z
mst7iie,1kovuur,reddit,">Did you catch the model he was driving?
>>Yes, he was driving a 2012 quarter pounder with cheese.",2025-05-17T16:00:28Z,2,jecowa,funny,2025-05-26T07:05:29.110165Z
mstgkpi,1kovuur,reddit,I had one of these in my kids meal in the 80s,2025-05-17T16:49:36Z,2,braumbles,funny,2025-05-26T07:05:29.110171Z
mstl11j,1kovuur,reddit,Seems totally safe to have that thin edge of fiberglass right around your midsection…,2025-05-17T17:13:19Z,2,MisterB78,funny,2025-05-26T07:05:29.110178Z
mst9993,1kovuur,reddit,This should be the lead vehicle in the president's big ol' b'day parade.,2025-05-17T16:09:51Z,2,c-student,funny,2025-05-26T07:05:29.110186Z
msu0tgd,1kovuur,reddit,“Get to the whopa!” (Read that out loud in Arnold Schwarzenegger’s voice).,2025-05-17T18:38:14Z,1,LastDirtyMartini,funny,2025-05-26T07:05:29.110192Z
msu1y4b,1kovuur,reddit,"Bike - bi - two wheels.
Trike  tri - three wheels.
Just FYI. 
And I'm not a Mr. know it all.
I just want things to be right, and I'm always right, so...",2025-05-17T18:44:36Z,1,Ogga664,funny,2025-05-26T07:05:29.110199Z
msucggz,1kovuur,reddit,Imagine going through the drive thru like this…,2025-05-17T19:43:57Z,1,Perfect-Barracuda-30,funny,2025-05-26T07:05:29.110206Z
msujsgk,1kovuur,reddit,"Out of the car, fella.",2025-05-17T20:24:08Z,1,ZmatrixNG,funny,2025-05-26T07:05:29.110213Z
msvs9p9,1kovuur,reddit,Smash or pass?,2025-05-18T00:52:01Z,1,madeanotheraccount,funny,2025-05-26T07:05:29.110220Z
mt4hl0b,1kovuur,reddit,Cheesy Rider,2025-05-19T14:10:38Z,1,Zolo49,funny,2025-05-26T07:05:29.110227Z
mta12i7,1kovuur,reddit,*trike,2025-05-20T11:29:17Z,1,reddit_user13,funny,2025-05-26T07:05:29.110234Z
mtpepzd,1kovuur,reddit,I hope Dennis won't find him,2025-05-22T19:06:04Z,1,phenoxsc_fan,funny,2025-05-26T07:05:29.110241Z
msta29x,1kovuur,reddit,"Ain’t nothing topping this, except some ketchup , mustard and mayo!",2025-05-17T16:14:16Z,1,Justcoveritincheese,funny,2025-05-26T07:05:29.110248Z
mstkbr5,1kovuur,reddit,"Imagine getting hit by it and calling it in. ""A what hit you?""",2025-05-17T17:09:35Z,1,Hustle_Sk12,funny,2025-05-26T07:05:29.110256Z
mrwz216,1kktgcg,reddit,"---      

>This is a friendly reminder to [read our rules](https://www.reddit.com/r/funny/wiki/rules). 
>
>Memes, social media, hate-speech, and [politics / political figures](https://www.reddit.com/r/funny/comments/160kuuf/reminder_any_political_content_will_earn_an/) are not allowed. 
>
>Screenshots of Reddit are expressly forbidden, as are TikTok videos.
>
>**Rule-breaking posts may result in bans.**
>
>Please also [be wary of spam](https://www.reddit.com/r/funny/wiki/spam).
>
---


*I am a bot, and this action was performed automatically. Please [contact the moderators of this subreddit](/message/compose/?to=/r/funny) if you have any questions or concerns.*",2025-05-12T14:09:29Z,1,AutoModerator,funny,2025-05-26T07:05:30.466321Z
mrx05lq,1kktgcg,reddit,Dude that truck is bricked up ngl,2025-05-12T14:15:22Z,30,Blazerzlazer,funny,2025-05-26T07:05:30.466332Z
mrxi2a6,1kktgcg,reddit,English 0? I'd say the man knows what he wants.,2025-05-12T15:44:57Z,27,FocalorLucifuge,funny,2025-05-26T07:05:30.466340Z
mrx2955,1kktgcg,reddit,send bricks,2025-05-12T14:26:19Z,6,bytemage,funny,2025-05-26T07:05:30.466348Z
ms0lp72,1kktgcg,reddit,God forbid a man has hobbies,2025-05-13T01:25:50Z,3,Northern_Explorer_,funny,2025-05-26T07:05:30.466355Z
mrx1hhs,1kktgcg,reddit,She’s a ….brick…house…,2025-05-12T14:22:21Z,6,tumbleweedcowboy,funny,2025-05-26T07:05:30.466363Z
mrx6mqs,1kktgcg,reddit,">English 0 | Bricks 100

   This is actually pretty clever use of the language as a response to the [car horn ban](https://www.theguardian.com/cities/2017/oct/24/kathmandu-horn-ban-quiet-streets-nepal) in Nepal, 2017.",2025-05-12T14:48:33Z,3,mikemunyi,funny,2025-05-26T07:05:30.466371Z
ms3bzwv,1kktgcg,reddit,how do you know he was trying to give that message?,2025-05-13T13:58:34Z,1,UnkilWhatsapp,funny,2025-05-26T07:05:30.466378Z
ms55fpg,1kktgcg,reddit,Fake Bricks,2025-05-13T19:16:27Z,1,WireBot34,funny,2025-05-26T07:05:30.466386Z
ms8teiy,1kktgcg,reddit,They funny thing is that enough people know english in India that you wonder if this was actually a mistake.,2025-05-14T10:05:55Z,1,Spandxltd,funny,2025-05-26T07:05:30.466393Z
msom8bg,1kktgcg,reddit,Yes please 🥺,2025-05-16T20:06:17Z,1,mateoroy12,funny,2025-05-26T07:05:30.466400Z
mt5oa7x,1kktgcg,reddit,Ha!,2025-05-19T17:42:47Z,1,FrankiKMusic,funny,2025-05-26T07:05:30.466408Z
mrxks5h,1kktgcg,reddit,"Surname ""Porn"", while more common in Thailand, is not entirely uncommon in regions that use Sanskrit due to emigration.",2025-05-12T15:58:06Z,1,-Dixieflatline,funny,2025-05-26T07:05:30.466416Z
mrx0pfg,1kktgcg,reddit,"No, it's mine.",2025-05-12T14:18:19Z,1,Maksilla,funny,2025-05-26T07:05:30.466423Z
mry0ybf,1kktgcg,reddit,Did he stutter?,2025-05-12T17:17:33Z,1,Alpha_10,funny,2025-05-26T07:05:30.466430Z
mrx9ewi,1kktgcg,reddit,[deleted],2025-05-12T15:02:25Z,-1,N/A,funny,2025-05-26T07:05:30.466438Z
mrxxi2y,1kktgcg,reddit,Atleast you saw this time before overtaking,2025-05-12T17:00:46Z,0,thegf_noone,funny,2025-05-26T07:05:30.466446Z
mry61hs,1kktgcg,reddit,Maybe he just wants you to send him all your brick pics,2025-05-12T17:41:47Z,0,Cheshire-Kate,funny,2025-05-26T07:05:30.466453Z
mrybihk,1kktgcg,reddit,That man gonna release a massive load.,2025-05-12T18:08:03Z,0,rock_and_rolo,funny,2025-05-26T07:05:30.466461Z
mrz6rg7,1kktgcg,reddit,.... Put your brick in it.,2025-05-12T20:43:50Z,0,Catswearingties,funny,2025-05-26T07:05:30.466468Z
mrx9ia2,1kktgcg,reddit,Do NOT redeem,2025-05-12T15:02:53Z,-5,Lamontyy,funny,2025-05-26T07:05:30.466476Z
mquj8kc,1kfyks5,reddit,"---      

>This is a friendly reminder to [read our rules](https://www.reddit.com/r/funny/wiki/rules). 
>
>Memes, social media, hate-speech, and [politics / political figures](https://www.reddit.com/r/funny/comments/160kuuf/reminder_any_political_content_will_earn_an/) are not allowed. 
>
>Screenshots of Reddit are expressly forbidden, as are TikTok videos.
>
>**Rule-breaking posts may result in bans.**
>
>Please also [be wary of spam](https://www.reddit.com/r/funny/wiki/spam).
>
---


*I am a bot, and this action was performed automatically. Please [contact the moderators of this subreddit](/message/compose/?to=/r/funny) if you have any questions or concerns.*",2025-05-06T07:25:01Z,1,AutoModerator,funny,2025-05-26T07:05:31.691098Z
mqujq9a,1kfyks5,reddit,[removed],2025-05-06T07:30:19Z,36,N/A,funny,2025-05-26T07:05:31.691110Z
mqujum0,1kfyks5,reddit,Oopsie,2025-05-06T07:31:37Z,8,darkenough812,funny,2025-05-26T07:05:31.691119Z
mqv3ah6,1kfyks5,reddit,Bold of them to assume anyone follows arrows in a Costco parking lot anyway.,2025-05-06T10:51:23Z,4,Hastethexday,funny,2025-05-26T07:05:31.691127Z
mqvkgfb,1kfyks5,reddit,"""Welcome to Costco.  I love you.  Welcome to Costco. I love you.  Welcome...""",2025-05-06T12:52:53Z,3,Kino_Chroma,funny,2025-05-26T07:05:31.691134Z
mqvu4cv,1kfyks5,reddit,Great googly moogly.,2025-05-06T13:48:11Z,5,DarthWoo,funny,2025-05-26T07:05:31.691142Z
mquszf8,1kfyks5,reddit,"and painted right into that crack in the cement no less, giving it a very nice deformed look",2025-05-06T09:11:07Z,7,TJBurger,funny,2025-05-26T07:05:31.691149Z
mqukqih,1kfyks5,reddit,Luckily they have them in 10-packs inside,2025-05-06T07:41:16Z,3,Fine-Bed-9439,funny,2025-05-26T07:05:31.691157Z
mqukd6m,1kfyks5,reddit,They had one job,2025-05-06T07:37:13Z,4,Translunarien,funny,2025-05-26T07:05:31.691165Z
mqux45r,1kfyks5,reddit,It's the yellow-line indicator,2025-05-06T09:54:46Z,2,The_Gumbo,funny,2025-05-26T07:05:31.691173Z
mquu09i,1kfyks5,reddit,Not if it’s supposed to mean “DONT go this way”,2025-05-06T09:22:16Z,1,drumellow,funny,2025-05-26T07:05:31.691181Z
mquwsqg,1kfyks5,reddit,It’s Costco. Not as if the arrow does much anyway.,2025-05-06T09:51:37Z,1,andersaur,funny,2025-05-26T07:05:31.691188Z
mqv0atk,1kfyks5,reddit,"eh, just put the one way sign on the other end 😅",2025-05-06T10:25:11Z,1,AksysCore,funny,2025-05-26T07:05:31.691196Z
mqv38px,1kfyks5,reddit,Directions are a suggestion when savings are at stake.,2025-05-06T10:50:59Z,1,Hastethexday,funny,2025-05-26T07:05:31.691203Z
mqvdu96,1kfyks5,reddit,"Come on, Come all, nope go the other way.",2025-05-06T12:10:12Z,1,BareMemories,funny,2025-05-26T07:05:31.691211Z
mqvf5oz,1kfyks5,reddit,It's the right direction now,2025-05-06T12:19:03Z,1,InconspicuousFool,funny,2025-05-26T07:05:31.691218Z
mqvnoz6,1kfyks5,reddit,"Quick fix - spray a red circle around it with a red slash through it. 

🚫",2025-05-06T13:12:20Z,1,tmgexe,funny,2025-05-26T07:05:31.691226Z
mqvoyur,1kfyks5,reddit,Maybe they are betting the people in their parking lot being as stupid as the people in Walmart parking lots and ignoring everything that makes sense.,2025-05-06T13:19:47Z,1,thorvaldnespy,funny,2025-05-26T07:05:31.691234Z
mqvy4cx,1kfyks5,reddit,This picture gives the vibe of Spokane,2025-05-06T14:09:04Z,1,KoalaKrusher,funny,2025-05-26T07:05:31.691241Z
mqwdatk,1kfyks5,reddit,"For $1.50 and a free coke, what did you expect?",2025-05-06T15:23:27Z,1,superdave123123,funny,2025-05-26T07:05:31.691249Z
mqxxgz5,1kfyks5,reddit,Someone was feeling a little silly and felt like the grinch 😂,2025-05-06T19:51:32Z,1,lavanderbee2,funny,2025-05-26T07:05:31.691260Z
mqxy3o4,1kfyks5,reddit,It works like a weather vane. It's telling you what direction you're coming from.,2025-05-06T19:54:29Z,1,under_the_c,funny,2025-05-26T07:05:31.691267Z
mqxzobr,1kfyks5,reddit,Big Idiocracy energy ,2025-05-06T20:01:55Z,1,__-_-_--_--_-_---___,funny,2025-05-26T07:05:31.691275Z
mrg7f32,1kfyks5,reddit,"That's ok, because most people who are shopping at the same time as am don't pay attention to those silly suggestions ever! Actually, this simple mistake might trick them into driving down the lane the correct way!",2025-05-09T17:13:17Z,1,Farm3rT,funny,2025-05-26T07:05:31.691282Z
mquo0sw,1kfyks5,reddit,Someone can help me find the fun in here?,2025-05-06T08:16:47Z,1,NukeWifeGuy,funny,2025-05-26T07:05:31.691290Z
mqiyw8k,1keiscy,reddit,"---      

>This is a friendly reminder to [read our rules](https://www.reddit.com/r/funny/wiki/rules). 
>
>Memes, social media, hate-speech, and [politics / political figures](https://www.reddit.com/r/funny/comments/160kuuf/reminder_any_political_content_will_earn_an/) are not allowed. 
>
>Screenshots of Reddit are expressly forbidden, as are TikTok videos.
>
>**Rule-breaking posts may result in bans.**
>
>Please also [be wary of spam](https://www.reddit.com/r/funny/wiki/spam).
>
---


*I am a bot, and this action was performed automatically. Please [contact the moderators of this subreddit](/message/compose/?to=/r/funny) if you have any questions or concerns.*",2025-05-04T12:35:36Z,1,AutoModerator,funny,2025-05-26T07:05:32.716846Z
mqj11mo,1keiscy,reddit,25 hours total. Then they go out of business permanently.,2025-05-04T12:50:18Z,36,FourEightNineOneOne,funny,2025-05-26T07:05:32.716858Z
mqj08c7,1keiscy,reddit,"""Yes, but not *in a row!""*  
  
 \- Stephen Wright",2025-05-04T12:44:45Z,17,EvilRedRobot,funny,2025-05-26T07:05:32.716866Z
mqizwxn,1keiscy,reddit,Must’ve been daylight savings adjustment day.,2025-05-04T12:42:36Z,9,og-lollercopter,funny,2025-05-26T07:05:32.716874Z
mqizyaz,1keiscy,reddit,"25 hours, per week...

25 hours, the one day a year we set the clocks forward...

""The twins keep us on Centaurian time, standard thirty-seven hour day. Give it a few months. You'll get used to it... or you'll have a psychotic episode.""",2025-05-04T12:42:51Z,4,rosen380,funny,2025-05-26T07:05:32.716882Z
mqj123i,1keiscy,reddit,…. And twice on Sundays!,2025-05-04T12:50:23Z,4,badgerj,funny,2025-05-26T07:05:32.716889Z
mqj0obv,1keiscy,reddit,"Wait, I can Top-Up my oysters at this location?! Talk about **real** convenience!",2025-05-04T12:47:46Z,3,IcyDotNat,funny,2025-05-26T07:05:32.716897Z
mqj3s01,1keiscy,reddit,My boss is currently researching how to implement this at our office….,2025-05-04T13:08:17Z,3,TeachMeImWilling69,funny,2025-05-26T07:05:32.716905Z
mqj1joq,1keiscy,reddit,Damn I’m missing an hour out of all my days,2025-05-04T12:53:40Z,2,Impressive_Will2182,funny,2025-05-26T07:05:32.716912Z
mqj3kui,1keiscy,reddit,I mean once a year it's true (when the time change to summer/Winter time),2025-05-04T13:07:00Z,2,Personal_Carry_7029,funny,2025-05-26T07:05:32.716920Z
mqj4v4f,1keiscy,reddit,"The store straddles the border of two time zones, yet also advertises stuff that is available (e.g., Oyster top up) in only one time zone. 

Very mysterious.",2025-05-04T13:15:11Z,2,refreshing_username,funny,2025-05-26T07:05:32.716927Z
mqj622y,1keiscy,reddit,"They store just opened 25 hours ago, and they update the sign every hour",2025-05-04T13:22:40Z,2,NoNamesLeftButThis,funny,2025-05-26T07:05:32.716936Z
mqj6gi3,1keiscy,reddit,"I was just thinking I needed to top up my oysters. You can tell it’s not a full bed the way it is now, and I feel oppressed. However no local business will top up my oysters. First world problems I guess",2025-05-04T13:25:10Z,2,Nuggyfresh,funny,2025-05-26T07:05:32.716944Z
mqj74gp,1keiscy,reddit,That one homie in the click that ALWAYS gotta one up a brother 😜,2025-05-04T13:29:17Z,2,AngELoDiaBoLiC0,funny,2025-05-26T07:05:32.716951Z
mqj8ae2,1keiscy,reddit,We gotta out-hustle the competition somehow,2025-05-04T13:36:16Z,2,albaBlack,funny,2025-05-26T07:05:32.716958Z
mqjq4qj,1keiscy,reddit,I bet they play their music at volume 11,2025-05-04T15:13:53Z,2,eastbay77,funny,2025-05-26T07:05:32.716966Z
mqk5f6h,1keiscy,reddit,Persona 3 Fans will be happy about this.,2025-05-04T16:33:10Z,2,MasterDimentio90,funny,2025-05-26T07:05:32.716973Z
mqlnsw0,1keiscy,reddit,25 hours a week.,2025-05-04T21:12:25Z,2,compuwiza1,funny,2025-05-26T07:05:32.716981Z
mqj9xwr,1keiscy,reddit,Eight days a week.,2025-05-04T13:45:59Z,1,Inturnelliptical,funny,2025-05-26T07:05:32.716988Z
mqjc5ie,1keiscy,reddit,It’s for bar one enjoyers,2025-05-04T13:58:45Z,1,EpilepticZen,funny,2025-05-26T07:05:32.716996Z
mqjdvpo,1keiscy,reddit,"Mondays-Friday 3AM to 7AM, but Saturdays it's open 2AM to 7 AM for your convenience.",2025-05-04T14:08:30Z,1,Earl_N_Meyer,funny,2025-05-26T07:05:32.717004Z
mqjf5la,1keiscy,reddit,That’s clearly fake picture but funny haha,2025-05-04T14:15:33Z,1,SquadGuy3,funny,2025-05-26T07:05:32.717011Z
mqjjeu5,1keiscy,reddit,Not in a row...,2025-05-04T14:38:32Z,1,Huge-Squirrel8417,funny,2025-05-26T07:05:32.717019Z
mqjr6q8,1keiscy,reddit,"All those other shops only go to 24 and where can you go from there?

Where can you go from 24? Where? Nowhere!   
  
What we do when we want that extra time, you know what we do, we go all the way to 25. It's one hour more.",2025-05-04T15:19:28Z,1,AdrianW3,funny,2025-05-26T07:05:32.717026Z
mqjtqy7,1keiscy,reddit,“Oh yeah? Well the convenience store in my town says ‘OPEN 26 HOURS’. Top that!”,2025-05-04T15:32:48Z,1,Redditowork,funny,2025-05-26T07:05:32.717034Z
mqka4gl,1keiscy,reddit,"You know, technically, a store that's open 24 hours a day all year could put up a sign saying, ""Open 8,766 hours"".

(365.25 days a year x 24 hours a day)",2025-05-04T16:56:57Z,1,urbanek2525,funny,2025-05-26T07:05:32.717041Z
mqq7xyq,1keiscy,reddit,This is great for those Persona 3 players.,2025-05-05T16:09:17Z,1,nerogenesis,funny,2025-05-26T07:05:32.717049Z
mqruh5w,1keiscy,reddit,more is more,2025-05-05T20:53:51Z,1,GFV_HAUERLAND,funny,2025-05-26T07:05:32.717061Z
mptlp9e,1kbe2ra,reddit,"---      

>This is a friendly reminder to [read our rules](https://www.reddit.com/r/funny/wiki/rules). 
>
>Memes, social media, hate-speech, and [politics / political figures](https://www.reddit.com/r/funny/comments/160kuuf/reminder_any_political_content_will_earn_an/) are not allowed. 
>
>Screenshots of Reddit are expressly forbidden, as are TikTok videos.
>
>**Rule-breaking posts may result in bans.**
>
>Please also [be wary of spam](https://www.reddit.com/r/funny/wiki/spam).
>
---


*I am a bot, and this action was performed automatically. Please [contact the moderators of this subreddit](/message/compose/?to=/r/funny) if you have any questions or concerns.*",2025-04-30T11:27:11Z,1,AutoModerator,funny,2025-05-26T07:05:33.657986Z
mptm7xb,1kbe2ra,reddit,Comatose patient (vegetable) would have also worked,2025-04-30T11:31:04Z,40,stevvvvewith4vs,funny,2025-05-26T07:05:33.657999Z
mpwewe6,1kbe2ra,reddit,"I’m trying really hard to get it, but I don’t get it",2025-04-30T20:10:42Z,3,robbycakes,funny,2025-05-26T07:05:33.658007Z
mptvhym,1kbe2ra,reddit,Not funny,2025-04-30T12:33:34Z,12,Horror-Jicama8913,funny,2025-05-26T07:05:33.658014Z
mpyfiv0,1kbe2ra,reddit,Only eats pocket pussy,2025-05-01T02:50:23Z,2,AwYeahQueerShit,funny,2025-05-26T07:05:33.658022Z
mpzub6f,1kbe2ra,reddit,Nonsensical.,2025-05-01T10:26:08Z,2,noctalla,funny,2025-05-26T07:05:33.658030Z
mpxnlcx,1kbe2ra,reddit,"Reminds me of the joke about Vegan Zombies.

*... grains.... GRAINS...*",2025-05-01T00:06:56Z,1,supercyberlurker,funny,2025-05-26T07:05:33.658038Z
mpyxuik,1kbe2ra,reddit,Well at least he draws the line cabbage patch kids. Vegan Cannibal Pedos are simply the worst.,2025-05-01T04:59:57Z,1,Open_Youth7092,funny,2025-05-26T07:05:33.658046Z
mq20fl4,1kbe2ra,reddit,Some plastics are petroleum based. Gotta be careful,2025-05-01T17:47:44Z,1,Totallynotacar,funny,2025-05-26T07:05:33.658053Z
mp4i0is,1k89xcr,reddit,"---      

>This is a friendly reminder to [read our rules](https://www.reddit.com/r/funny/wiki/rules). 
>
>Memes, social media, hate-speech, and [politics / political figures](https://www.reddit.com/r/funny/comments/160kuuf/reminder_any_political_content_will_earn_an/) are not allowed. 
>
>Screenshots of Reddit are expressly forbidden, as are TikTok videos.
>
>**Rule-breaking posts may result in bans.**
>
>Please also [be wary of spam](https://www.reddit.com/r/funny/wiki/spam).
>
---


*I am a bot, and this action was performed automatically. Please [contact the moderators of this subreddit](/message/compose/?to=/r/funny) if you have any questions or concerns.*",2025-04-26T10:32:05Z,1,AutoModerator,funny,2025-05-26T07:05:34.588975Z
mp4icaw,1k89xcr,reddit,"Wax off Daniel san. Wax on, then wax off.",2025-04-26T10:35:18Z,18,Popular_Speed5838,funny,2025-05-26T07:05:34.588988Z
mp569ro,1k89xcr,reddit,"Not sure about other kids, but at that age, I was mimicking chores and tasks my parents did. My favorite was handwashing laundry and setting coals on fire for cooking (supervised the first few times.)",2025-04-26T13:32:02Z,5,Crystal_Lily,funny,2025-05-26T07:05:34.588996Z
mp4jde7,1k89xcr,reddit,Next karate kid ..,2025-04-26T10:45:09Z,4,No-Squash-1691,funny,2025-05-26T07:05:34.589004Z
mp4j360,1k89xcr,reddit,I'd like to see if he continues doing his chores without defiance even in future.,2025-04-26T10:42:29Z,1,AdImaginary1282,funny,2025-05-26T07:05:34.589012Z
mp4ka85,1k89xcr,reddit,"People don't believe me when I tell them my dad had me working the moment I could walk. He cut firewood and topped trees as a side business. It started with twigs. ""Pick up that twig and put it over there."" I'd look at him like huh? He'd repeat it. I would do as told. And keep doing that making a pile of twigs. As I got older twigs became sticks, then branches then logs. On weekends and summer break wake up before the sun came up have lunch packed. Eat a breakfast on the way to woods. Spend all day cutting and loading the truck and wagon. Sell it. Go back repeat. Didn't come home till after dark.",2025-04-26T10:53:36Z,1,HatchetRyda29,funny,2025-05-26T07:05:34.589020Z
mp59ex1,1k89xcr,reddit,"Oh wait, let me get that cleaned up for you",2025-04-26T13:50:50Z,1,VirginNsd2002,funny,2025-05-26T07:05:34.589027Z
mp50y13,1k89xcr,reddit,Better! If the memory is stored during the formative years it's a keeper 😂,2025-04-26T12:58:42Z,0,Long_life33,funny,2025-05-26T07:05:34.589035Z
mp5bhb8,1k89xcr,reddit,Tell me you shop at Costco without telling me you shop at Costco,2025-04-26T14:02:45Z,0,Thisiswhereicamein,funny,2025-05-26T07:05:34.589042Z
mp5coh8,1k89xcr,reddit,OMG 😂,2025-04-26T14:09:36Z,0,Initial-Address2214,funny,2025-05-26T07:05:34.589050Z
mp9lw2e,1k89xcr,reddit,"When my kids were young, we bought them a fake vacuum cleaner that they loved.  They spent so much time running around with it, emulating us, that I took it back and bought the cheapest lightweight real vacuum cleaner I could find.  They still loved to play with it, and it was helping with the housework.",2025-04-27T05:02:21Z,0,DadJokeBadJoke,funny,2025-05-26T07:05:34.589061Z
mp9ow6u,1k89xcr,reddit,Wait till you find out they have a fairy god mother,2025-04-27T05:29:08Z,0,Dukmy_life,funny,2025-05-26T07:05:34.589069Z
mp5jmhp,1k89xcr,reddit,Ever since Juan was a little boy he knew he wanted to be a janitor.,2025-04-26T14:47:33Z,-1,Reshaos,funny,2025-05-26T07:05:34.589077Z
msn73yx,1ko4a9n,reddit,"---      

>This is a friendly reminder to [read our rules](https://www.reddit.com/r/funny/wiki/rules). 
>
>Memes, social media, hate-speech, and [politics / political figures](https://www.reddit.com/r/funny/comments/160kuuf/reminder_any_political_content_will_earn_an/) are not allowed. 
>
>Screenshots of Reddit are expressly forbidden, as are TikTok videos.
>
>**Rule-breaking posts may result in bans.**
>
>Please also [be wary of spam](https://www.reddit.com/r/funny/wiki/spam).
>
---


*I am a bot, and this action was performed automatically. Please [contact the moderators of this subreddit](/message/compose/?to=/r/funny) if you have any questions or concerns.*",2025-05-16T15:51:55Z,1,AutoModerator,funny,2025-05-26T07:05:35.580461Z
msn8y08,1ko4a9n,reddit,Gotta love the unnecessary caption that takes up half the screen and covers up the name of the original creator.,2025-05-16T16:00:45Z,83,notdwight,funny,2025-05-26T07:05:35.580472Z
msneuwa,1ko4a9n,reddit,"Here's the full original from retro sfx. 


https://youtu.be/sknAucYijn8?si=bCpCKw1LxhL8-_s9


OP, stick with the original content I'd say 🤷‍♂️",2025-05-16T16:29:45Z,33,neridqe00,funny,2025-05-26T07:05:35.580480Z
msnjpdg,1ko4a9n,reddit,Damn Rocky really sucks at defense considering this is the 4th movie. Youd think hed block at least once.,2025-05-16T16:53:12Z,2,Bananawamajama,funny,2025-05-26T07:05:35.580488Z
msn7xum,1ko4a9n,reddit,Omfg 😂,2025-05-16T15:55:53Z,1,FormalBite3082,funny,2025-05-26T07:05:35.580495Z
msnimmu,1ko4a9n,reddit,Soda Popinski is basically Drago.,2025-05-16T16:48:01Z,1,YesterShill,funny,2025-05-26T07:05:35.580503Z
msnjxl9,1ko4a9n,reddit,I must break you,2025-05-16T16:54:18Z,1,TheDingoThat8UrBaby,funny,2025-05-26T07:05:35.580510Z
msn8f35,1ko4a9n,reddit,"Every subscription fight ever, right here.",2025-05-16T15:58:12Z,0,According_Topic_1591,funny,2025-05-26T07:05:35.580517Z
msnbllp,1ko4a9n,reddit,Gotta love in those movies there was no defense. Just tank that punch,2025-05-16T16:13:47Z,0,Fuzzy_Muscle,funny,2025-05-26T07:05:35.580524Z
msoncel,1ko4a9n,reddit,Ended too soon,2025-05-16T20:11:59Z,0,Ronjohnturbo42,funny,2025-05-26T07:05:35.580531Z
mrwcnqz,1kkqii5,reddit,"---      

>This is a friendly reminder to [read our rules](https://www.reddit.com/r/funny/wiki/rules). 
>
>Memes, social media, hate-speech, and [politics / political figures](https://www.reddit.com/r/funny/comments/160kuuf/reminder_any_political_content_will_earn_an/) are not allowed. 
>
>Screenshots of Reddit are expressly forbidden, as are TikTok videos.
>
>**Rule-breaking posts may result in bans.**
>
>Please also [be wary of spam](https://www.reddit.com/r/funny/wiki/spam).
>
---


*I am a bot, and this action was performed automatically. Please [contact the moderators of this subreddit](/message/compose/?to=/r/funny) if you have any questions or concerns.*",2025-05-12T11:50:01Z,1,AutoModerator,funny,2025-05-26T07:05:37.130105Z
mrwdunn,1kkqii5,reddit,Glory the Hole,2025-05-12T11:58:38Z,141,CreatedToBlockAww,funny,2025-05-26T07:05:37.130114Z
mrwdawq,1kkqii5,reddit,Well well well Deandra…,2025-05-12T11:54:43Z,25,Dustmopper,funny,2025-05-26T07:05:37.130119Z
mrwe64w,1kkqii5,reddit,"Whitest kids you know flashback. 

[Glory Hole](https://youtu.be/pjzaYobq0d4?si=0vhGsc_hWnvPyt6R)",2025-05-12T12:00:56Z,27,JasonSTX,funny,2025-05-26T07:05:37.130125Z
mryoeio,1kkqii5,reddit,"Hear us out

Hear us out

Hear us out

Hear us out

Hear us out

Hear us out

Hear us out",2025-05-12T19:11:53Z,8,swede_ass,funny,2025-05-26T07:05:37.130130Z
mrwj6p8,1kkqii5,reddit,"The ‘glory hole’ relates to the furnace used for glass making, but I see no one here makes much glass.",2025-05-12T12:35:31Z,9,minarima,funny,2025-05-26T07:05:37.130135Z
mrwgamc,1kkqii5,reddit,Ze gloreeholeeee,2025-05-12T12:15:59Z,13,ButtmanAndRubbin,funny,2025-05-26T07:05:37.130140Z
mrwg5y0,1kkqii5,reddit,I’ll take mine with lots of head.,2025-05-12T12:15:05Z,7,CrazyLegsRyan,funny,2025-05-26T07:05:37.130148Z
mrwesx8,1kkqii5,reddit,Where strangers become friends!,2025-05-12T12:05:31Z,5,spiceweaze1,funny,2025-05-26T07:05:37.130154Z
mrwgef6,1kkqii5,reddit,Just a bunch of dicks in there…,2025-05-12T12:16:43Z,5,reddit_user13,funny,2025-05-26T07:05:37.130159Z
mrwj2y0,1kkqii5,reddit,I'd rather get a beer there than grab something to eat,2025-05-12T12:34:49Z,3,gbraide,funny,2025-05-26T07:05:37.130164Z
mrxcdtt,1kkqii5,reddit,That hole in the wall?,2025-05-12T15:17:15Z,4,jst3w,funny,2025-05-26T07:05:37.130169Z
mryn6gl,1kkqii5,reddit,Hear me out,2025-05-12T19:05:40Z,2,Fantom_Renegade,funny,2025-05-26T07:05:37.130174Z
mrx3r9v,1kkqii5,reddit,I thought I'd find you here at the oooold glory hole!,2025-05-12T14:34:03Z,2,Stebsis,funny,2025-05-26T07:05:37.130179Z
mry71de,1kkqii5,reddit,Me and the boys used to suck down tall boys at the ol' Glory Hole.,2025-05-12T17:46:33Z,2,planetpuddingbrains,funny,2025-05-26T07:05:37.130184Z
mrx8flr,1kkqii5,reddit,"Glory to you and your hole.

-Gowron probably",2025-05-12T14:57:31Z,2,HopelessMagic,funny,2025-05-26T07:05:37.130189Z
mrwfu3o,1kkqii5,reddit,Somebody's been to Corning.,2025-05-12T12:12:49Z,2,brainshreddar,funny,2025-05-26T07:05:37.130194Z
mrwii41,1kkqii5,reddit,Probably just a bunch of glass workers.,2025-05-12T12:30:57Z,2,lorarc,funny,2025-05-26T07:05:37.130199Z
mrwjc05,1kkqii5,reddit,I worked at a place called morning glory,2025-05-12T12:36:31Z,1,Gumbercules81,funny,2025-05-26T07:05:37.130204Z
mrwl32g,1kkqii5,reddit,SPOILER ALERT: That's NOT a beer bottle you are grabbing...,2025-05-12T12:47:50Z,1,Sisselpud,funny,2025-05-26T07:05:37.130209Z
mrwmtbe,1kkqii5,reddit,A hole is a hole right?,2025-05-12T12:58:38Z,1,ooaussieoo,funny,2025-05-26T07:05:37.130214Z
mrwov75,1kkqii5,reddit,Tobias Fünke,2025-05-12T13:11:10Z,1,ViewAskewed,funny,2025-05-26T07:05:37.130219Z
mrwr1p7,1kkqii5,reddit,Glory  to you and your  hole,2025-05-12T13:24:03Z,1,axe1970,funny,2025-05-26T07:05:37.130224Z
mrwsi88,1kkqii5,reddit,That would be a eye opener if I was to go there,2025-05-12T13:32:39Z,1,ExtensionSmall2005,funny,2025-05-26T07:05:37.130229Z
mrwtbpp,1kkqii5,reddit,I'll just hang in there.,2025-05-12T13:37:25Z,1,Mental_Thing_7899,funny,2025-05-26T07:05:37.130234Z
mrwv83q,1kkqii5,reddit,Susie Dent.,2025-05-12T13:48:17Z,1,Trips-Over-Tail,funny,2025-05-26T07:05:37.130239Z
mrwva4n,1kkqii5,reddit,Do they have sausage on the menu here?,2025-05-12T13:48:36Z,1,PoigMoThon,funny,2025-05-26T07:05:37.130244Z
mrwvt4b,1kkqii5,reddit,No one out Glories the Hole.,2025-05-12T13:51:35Z,1,Dances-with-Scissors,funny,2025-05-26T07:05:37.130250Z
mrwyh6t,1kkqii5,reddit,Save me a seat.  I need to head to the men's room.,2025-05-12T14:06:21Z,1,rock_and_rolo,funny,2025-05-26T07:05:37.130255Z
mrx0e8a,1kkqii5,reddit,"If you are in town, come here and explore the local flavor?",2025-05-12T14:16:38Z,1,CurrentlyLucid,funny,2025-05-26T07:05:37.130260Z
mrx1u6k,1kkqii5,reddit,So this is where all the pricks hang out?,2025-05-12T14:24:12Z,1,StonedRaider420,funny,2025-05-26T07:05:37.130266Z
mrx2elj,1kkqii5,reddit,There's a place in France where the naked ladies dance...,2025-05-12T14:27:06Z,1,CHAZTATS,funny,2025-05-26T07:05:37.130272Z
mrx3wcr,1kkqii5,reddit,I’d grab a beer there before I’d grab anything else.,2025-05-12T14:34:46Z,1,CantTouchMyOnion,funny,2025-05-26T07:05:37.130277Z
mrx4dto,1kkqii5,reddit,Is that really beer foam on my pint,2025-05-12T14:37:14Z,1,semmaj23,funny,2025-05-26T07:05:37.130283Z
mrx5203,1kkqii5,reddit,*Jerry Jones has entered the chat*,2025-05-12T14:40:37Z,1,IrishHambo,funny,2025-05-26T07:05:37.130288Z
mrx70ah,1kkqii5,reddit,Everyone?,2025-05-12T14:50:25Z,1,junialter,funny,2025-05-26T07:05:37.130294Z
mrx7djw,1kkqii5,reddit,"A classic!

[https://www.youtube.com/watch?v=diYS8jyOcFc](https://www.youtube.com/watch?v=diYS8jyOcFc)",2025-05-12T14:52:15Z,1,Darklord_Bravo,funny,2025-05-26T07:05:37.130300Z
mrx8h9t,1kkqii5,reddit,A beer’s not the only thing they’re grabbin’!,2025-05-12T14:57:45Z,1,Ayellowbeard,funny,2025-05-26T07:05:37.130305Z
mrxnvym,1kkqii5,reddit,"Let’s just say, I know a certain Klingon",2025-05-12T16:13:33Z,1,Bostonterrierpug,funny,2025-05-26T07:05:37.130310Z
mrxr3kx,1kkqii5,reddit,Glory the Hole…is that like Portugal the Man?,2025-05-12T16:29:22Z,1,blood_omen,funny,2025-05-26T07:05:37.130316Z
mrylmka,1kkqii5,reddit,Who doesn’t?,2025-05-12T18:57:47Z,1,Trout1331,funny,2025-05-26T07:05:37.130321Z
mrypq80,1kkqii5,reddit,They've only got the cheap beers in there that all taste like piss!,2025-05-12T19:18:32Z,1,Spyderman2019,funny,2025-05-26T07:05:37.130327Z
mryva18,1kkqii5,reddit,Does Gow'ron run this establishment?,2025-05-12T19:46:29Z,1,Bikkusu,funny,2025-05-26T07:05:37.130332Z
mrz07k1,1kkqii5,reddit,🎼Glory Hole! Where strangers become friends! Glory Hole! There's no need to know names.,2025-05-12T20:11:08Z,1,Cristoff13,funny,2025-05-26T07:05:37.130338Z
mrz7ql7,1kkqii5,reddit,[the old glory hole](https://youtu.be/pjzaYobq0d4?si=wa74M0sBbz1xAvl9),2025-05-12T20:48:44Z,1,EricAntiHero1,funny,2025-05-26T07:05:37.130344Z
mrzbfss,1kkqii5,reddit,"When you go to the restroom, choose your door very carefully!",2025-05-12T21:07:28Z,1,superdave123123,funny,2025-05-26T07:05:37.130349Z
mrzfy6j,1kkqii5,reddit,It's equal to the sum of its glory parts.,2025-05-12T21:30:46Z,1,Handleton,funny,2025-05-26T07:05:37.130355Z
mrzj9jz,1kkqii5,reddit,Give Glory to those beautiful Holes...,2025-05-12T21:48:06Z,1,Affectionate-Row3793,funny,2025-05-26T07:05:37.130360Z
mrzq1no,1kkqii5,reddit,Reminds me of her… *sigh,2025-05-12T22:25:10Z,1,IndubitablyDBCooper,funny,2025-05-26T07:05:37.130365Z
mrzsvdg,1kkqii5,reddit,"""At the OLDDDDDDDDD glory hole""",2025-05-12T22:41:17Z,1,slipperyzoo,funny,2025-05-26T07:05:37.130371Z
ms0fr6z,1kkqii5,reddit,Congratulations on your moms new job!,2025-05-13T00:50:32Z,1,m0j0r0lla,funny,2025-05-26T07:05:37.130377Z
ms0gdrd,1kkqii5,reddit,"What's great about this place is that you don't even need to leave the bar to take a piss, you just use the hole in front of your stool.",2025-05-13T00:54:15Z,1,ZorroMeansFox,funny,2025-05-26T07:05:37.130382Z
ms0m610,1kkqii5,reddit,Here’s to great head on your beer,2025-05-13T01:28:36Z,1,Eastmelb,funny,2025-05-26T07:05:37.130387Z
ms0mfw3,1kkqii5,reddit,"There was a Glory Hole in Reno, fun bar",2025-05-13T01:30:13Z,1,PNWBlues1561,funny,2025-05-26T07:05:37.130392Z
ms0uede,1kkqii5,reddit,Count me in,2025-05-13T02:15:34Z,1,gradeahonky,funny,2025-05-26T07:05:37.130398Z
ms1lkh1,1kkqii5,reddit,no guts,2025-05-13T05:27:29Z,1,Scary_Compote_359,funny,2025-05-26T07:05:37.130410Z
ms1q0mr,1kkqii5,reddit,Glory to you...and your hole.,2025-05-13T06:07:16Z,1,Joran_Dax,funny,2025-05-26T07:05:37.130414Z
ms29wvj,1kkqii5,reddit,I bet that's not a beer you're grabbing,2025-05-13T09:29:15Z,1,Turbulent-Carrot6009,funny,2025-05-26T07:05:37.130418Z
ms474ko,1kkqii5,reddit,"Hey, where you going

Hear us out",2025-05-13T16:32:04Z,1,TheOriginalKrampus,funny,2025-05-26T07:05:37.130422Z
ms72y5y,1kkqii5,reddit,There was a bar in my hometown named the glory hole. Its a term for the hole in the furnace where you blow glass. I lived in a town that made glass and glass products.,2025-05-14T01:31:02Z,1,This-Id-Taken,funny,2025-05-26T07:05:37.130426Z
ms7mirp,1kkqii5,reddit,That doesn't even really work for the original meaning of Glory Hole.,2025-05-14T03:31:56Z,1,ctruemane,funny,2025-05-26T07:05:37.130430Z
msomukz,1kkqii5,reddit,The joke is the name itself,2025-05-16T20:09:26Z,1,mateoroy12,funny,2025-05-26T07:05:37.130434Z
msqb3c7,1kkqii5,reddit,"This must be the bar that Steel Panther was singing about:

[https://www.youtube.com/watch?v=diYS8jyOcFc](https://www.youtube.com/watch?v=diYS8jyOcFc)",2025-05-17T02:13:24Z,1,jbyrdfuddly,funny,2025-05-26T07:05:37.130438Z
mrwopcw,1kkqii5,reddit,Hard pass.,2025-05-12T13:10:13Z,1,Thablackguy,funny,2025-05-26T07:05:37.130442Z
mrwikf0,1kkqii5,reddit,A secret portal created as a passage way for one to safely insert ones penis.,2025-05-12T12:31:23Z,1,GatorDontPlayNoShhit,funny,2025-05-26T07:05:37.130446Z
mrwl1o1,1kkqii5,reddit,Where strangers become friends.,2025-05-12T12:47:36Z,1,Crucion01,funny,2025-05-26T07:05:37.130450Z
mrwl8mq,1kkqii5,reddit,r/dontdeadopeninside,2025-05-12T12:48:49Z,1,deleriumtremens,funny,2025-05-26T07:05:37.130454Z
mrwmc4w,1kkqii5,reddit,Ah the old glory the hole 🤣,2025-05-12T12:55:42Z,1,lone_wolf-007,funny,2025-05-26T07:05:37.130458Z
mrwq9b0,1kkqii5,reddit,Steel Panther approves,2025-05-12T13:19:25Z,1,TommyVercetti010,funny,2025-05-26T07:05:37.130462Z
mrwr2km,1kkqii5,reddit,In my area there is Glory Hole Doughnut Shop.,2025-05-12T13:24:12Z,1,crash866,funny,2025-05-26T07:05:37.130466Z
mrwv4d5,1kkqii5,reddit,I caught you again at the ollllll glory hole!,2025-05-12T13:47:42Z,1,moemoeayyad,funny,2025-05-26T07:05:37.130470Z
mrwvh6i,1kkqii5,reddit,All beers are poured directly into your mouth through the glory hole,2025-05-12T13:49:42Z,1,Mrjlawrence,funny,2025-05-26T07:05:37.130474Z
mrxis3s,1kkqii5,reddit,Jan sent me.,2025-05-12T15:48:22Z,1,Taddles2020,funny,2025-05-26T07:05:37.130477Z
mrxpd5v,1kkqii5,reddit,There's a bar in mid Missouri with that name. Same place?,2025-05-12T16:20:53Z,1,charliefoxtrot9,funny,2025-05-26T07:05:37.130481Z
mrxrvoh,1kkqii5,reddit,Don't threaten me with a good time.,2025-05-12T16:33:16Z,1,DJPixcell,funny,2025-05-26T07:05:37.130485Z
mrxwnoe,1kkqii5,reddit,"I mean, who doesn’t?",2025-05-12T16:56:40Z,1,StaggerLee509,funny,2025-05-26T07:05:37.130489Z
mry5qr6,1kkqii5,reddit,An old glassblower? In glassblowing the hole into the furnace is called the glory hole,2025-05-12T17:40:21Z,1,lemlurker,funny,2025-05-26T07:05:37.130493Z
mryq2w7,1kkqii5,reddit,Great place to suck one down.,2025-05-12T19:20:19Z,1,isfrying,funny,2025-05-26T07:05:37.130496Z
mrwlqv3,1kkqii5,reddit,"You in Corning, New York?",2025-05-12T12:52:00Z,0,Delicious-Skill-617,funny,2025-05-26T07:05:37.130501Z
mrx5wzm,1kkqii5,reddit,"There was a bar in Corning NY called this for a bit, was a reference to glass making (Corning Glass was headquartered there)",2025-05-12T14:44:58Z,0,DrapedInVelvet,funny,2025-05-26T07:05:37.130504Z
mrwdrhd,1kkqii5,reddit,It depends on the energy of the crowd and the size of the holes.,2025-05-12T11:58:00Z,0,Pantsickle,funny,2025-05-26T07:05:37.130508Z
mrwmg7t,1kkqii5,reddit,No glory there just degenerates,2025-05-12T12:56:24Z,-1,Imdead_likedead,funny,2025-05-26T07:05:37.130512Z
mrxd638,1kkqii5,reddit,Glory hole the,2025-05-12T15:21:07Z,-1,eggz1160,funny,2025-05-26T07:05:37.130516Z
mu5defx,1kuz6pj,reddit,"---      

>This is a friendly reminder to [read our rules](https://www.reddit.com/r/funny/wiki/rules). 
>
>Memes, social media, hate-speech, and [politics / political figures](https://www.reddit.com/r/funny/comments/160kuuf/reminder_any_political_content_will_earn_an/) are not allowed. 
>
>Screenshots of Reddit are expressly forbidden, as are TikTok videos.
>
>**Rule-breaking posts may result in bans.**
>
>Please also [be wary of spam](https://www.reddit.com/r/funny/wiki/spam).
>
---


*I am a bot, and this action was performed automatically. Please [contact the moderators of this subreddit](/message/compose/?to=/r/funny) if you have any questions or concerns.*",2025-05-25T10:13:41Z,1,AutoModerator,funny,2025-05-26T07:05:38.143091Z
mu5dyif,1kuz6pj,reddit,"Well, that's one way to avoid splash back.",2025-05-25T10:19:15Z,11,RayRadian,funny,2025-05-26T07:05:38.143104Z
mu5dt9u,1kuz6pj,reddit,Stick your dick in it?,2025-05-25T10:17:48Z,6,ElectronicTime796,funny,2025-05-26T07:05:38.143113Z
mu5e0ob,1kuz6pj,reddit,Watch for razor blades,2025-05-25T10:19:50Z,4,Open_Youth7092,funny,2025-05-26T07:05:38.143120Z
mu5faks,1kuz6pj,reddit,This urinal looks like it just entered witness protection.,2025-05-25T10:32:19Z,3,FazeJ99,funny,2025-05-26T07:05:38.143128Z
mu5vr8l,1kuz6pj,reddit,Where are my googly eyes when I need them?,2025-05-25T12:45:10Z,3,FreneticPlatypus,funny,2025-05-26T07:05:38.143135Z
mu5f322,1kuz6pj,reddit,Is that why there's always a puddle on the floor?,2025-05-25T10:30:19Z,2,bondinchas,funny,2025-05-26T07:05:38.143143Z
mu5mzqq,1kuz6pj,reddit,Better fix that hole or you end up with [this](https://www.reddit.com/r/NotMyJob/s/YwjljkfEyy),2025-05-25T11:40:21Z,2,chumchees,funny,2025-05-26T07:05:38.143150Z
mu5rxnc,1kuz6pj,reddit,[ Removed by Reddit ],2025-05-25T12:18:26Z,2,AlsiusArcticus,funny,2025-05-26T07:05:38.143161Z
mu5fq86,1kuz6pj,reddit,"Funny but bullshit pic, nobody is gonna poke a hole for their cock… pull it off or tear it apart.",2025-05-25T10:36:34Z,2,Mikey129,funny,2025-05-26T07:05:38.143168Z
mu5m2ft,1kuz6pj,reddit,"Well, at least there is no straw…",2025-05-25T11:32:44Z,2,icomefromjupiter,funny,2025-05-26T07:05:38.143175Z
mu6z8vf,1kuz6pj,reddit,r/dontputyourdickinthat,2025-05-25T16:21:37Z,1,kaptainkaos,funny,2025-05-26T07:05:38.143183Z
mu810xe,1kuz6pj,reddit,We have glory holes at home,2025-05-25T19:32:38Z,1,Soap1171,funny,2025-05-26T07:05:38.143190Z
mu82ji1,1kuz6pj,reddit,looks like someone self-serviced,2025-05-25T19:40:46Z,1,LovelyWhether,funny,2025-05-26T07:05:38.143197Z
mu96osw,1kuz6pj,reddit,Glory Bowl??,2025-05-25T23:27:59Z,1,Electroboy101,funny,2025-05-26T07:05:38.143204Z
mu9yr16,1kuz6pj,reddit,It is now.,2025-05-26T02:23:53Z,1,longingstick_medan,funny,2025-05-26T07:05:38.143211Z
msn6pbj,1ko48od,reddit,"---      

>This is a friendly reminder to [read our rules](https://www.reddit.com/r/funny/wiki/rules). 
>
>Memes, social media, hate-speech, and [politics / political figures](https://www.reddit.com/r/funny/comments/160kuuf/reminder_any_political_content_will_earn_an/) are not allowed. 
>
>Screenshots of Reddit are expressly forbidden, as are TikTok videos.
>
>**Rule-breaking posts may result in bans.**
>
>Please also [be wary of spam](https://www.reddit.com/r/funny/wiki/spam).
>
---


*I am a bot, and this action was performed automatically. Please [contact the moderators of this subreddit](/message/compose/?to=/r/funny) if you have any questions or concerns.*",2025-05-16T15:49:58Z,1,AutoModerator,funny,2025-05-26T07:05:39.066223Z
msnd9is,1ko48od,reddit,Original video URL for credit: https://www.youtube.com/watch?v=xalTFH5ht-k,2025-05-16T16:21:58Z,15,coniferous-1,funny,2025-05-26T07:05:39.066235Z
msvjlz8,1ko48od,reddit,They’re not wrong.,2025-05-17T23:54:32Z,2,doom1701,funny,2025-05-26T07:05:39.066243Z
msn8352,1ko48od,reddit,goddamn i miss those days. there was something so viscerally exciting about a modem handshake in the dial-up era.,2025-05-16T15:56:35Z,3,PennyLovesHugorHill,funny,2025-05-26T07:05:39.066251Z
msr3136,1ko48od,reddit,"Fun fact — I helped engineer the Cobalt RaQ and Cobalt Qube… was primarily responsible for regression testing and security for the design.  MIPS machine ahead of its time and I got to work with some amazing folks before the company was bought out by Sun Microsystems.  My RaQ still works perfectly, all these years later.",2025-05-17T05:51:22Z,2,martinbogo,funny,2025-05-26T07:05:39.066258Z
msnn9hz,1ko48od,reddit,Why did this crack me up so much 🤣 ,2025-05-16T17:10:32Z,1,Softbombsalad,funny,2025-05-26T07:05:39.066267Z
msr8u3p,1ko48od,reddit,What is that toolbox icon on bottom left underneath the video?,2025-05-17T06:48:04Z,1,Bennguyen2,funny,2025-05-26T07:05:39.066275Z
msn9qr8,1ko48od,reddit,"The sound of my childhood

I always equated to a war cry,",2025-05-16T16:04:42Z,1,SirKlip,funny,2025-05-26T07:05:39.066283Z
mtgnz5d,1krwnlb,reddit,"---      

>This is a friendly reminder to [read our rules](https://www.reddit.com/r/funny/wiki/rules). 
>
>Memes, social media, hate-speech, and [politics / political figures](https://www.reddit.com/r/funny/comments/160kuuf/reminder_any_political_content_will_earn_an/) are not allowed. 
>
>Screenshots of Reddit are expressly forbidden, as are TikTok videos.
>
>**Rule-breaking posts may result in bans.**
>
>Please also [be wary of spam](https://www.reddit.com/r/funny/wiki/spam).
>
---


*I am a bot, and this action was performed automatically. Please [contact the moderators of this subreddit](/message/compose/?to=/r/funny) if you have any questions or concerns.*",2025-05-21T12:32:16Z,1,AutoModerator,funny,2025-05-26T07:05:40.091386Z
mtgr46f,1krwnlb,reddit,"Jokes on them, i get ghosted and human’d 😏",2025-05-21T12:51:30Z,5,Empty_Preparation672,funny,2025-05-26T07:05:40.091399Z
mtgre0v,1krwnlb,reddit,Aren't we all ghosts wearing human suits?,2025-05-21T12:53:06Z,4,paleo2002,funny,2025-05-26T07:05:40.091407Z
mtgpnld,1krwnlb,reddit,Sigh. Take my upvote.,2025-05-21T12:42:41Z,2,Danvideotech2385,funny,2025-05-26T07:05:40.091415Z
mtivql1,1krwnlb,reddit,Aren’t ghosts humans who have died once already? They aren’t nonhuman. ,2025-05-21T19:08:30Z,1,CyanideNow,funny,2025-05-26T07:05:40.091423Z
mrhtx21,1kiuxtu,reddit,"---      

>This is a friendly reminder to [read our rules](https://www.reddit.com/r/funny/wiki/rules). 
>
>Memes, social media, hate-speech, and [politics / political figures](https://www.reddit.com/r/funny/comments/160kuuf/reminder_any_political_content_will_earn_an/) are not allowed. 
>
>Screenshots of Reddit are expressly forbidden, as are TikTok videos.
>
>**Rule-breaking posts may result in bans.**
>
>Please also [be wary of spam](https://www.reddit.com/r/funny/wiki/spam).
>
---


*I am a bot, and this action was performed automatically. Please [contact the moderators of this subreddit](/message/compose/?to=/r/funny) if you have any questions or concerns.*",2025-05-09T22:18:04Z,1,AutoModerator,funny,2025-05-26T07:05:41.310824Z
mrq6e3r,1kiuxtu,reddit,Ok this one got me. Was not expecting that. ,2025-05-11T10:08:51Z,10,kodos78,funny,2025-05-26T07:05:41.310838Z
mrhvdsm,1kiuxtu,reddit,Rofl! Spot on!,2025-05-09T22:26:42Z,5,Low_Dragonfruit8779,funny,2025-05-26T07:05:41.310847Z
mribakc,1kiuxtu,reddit,That's fuggin funny😂,2025-05-10T00:02:10Z,5,hippieninja6,funny,2025-05-26T07:05:41.310856Z
mrjjk7i,1kiuxtu,reddit,r/discgolf,2025-05-10T05:08:27Z,1,cinnamon_toastbrunch,funny,2025-05-26T07:05:41.310864Z
mrvqm0b,1kiuxtu,reddit,"Threw it so hard, it grew 2 extra sides.",2025-05-12T08:22:36Z,1,IceBone,funny,2025-05-26T07:05:41.310872Z
mqapoms,1kdgt2v,reddit,"---      

>This is a friendly reminder to [read our rules](https://www.reddit.com/r/funny/wiki/rules). 
>
>Memes, social media, hate-speech, and [politics / political figures](https://www.reddit.com/r/funny/comments/160kuuf/reminder_any_political_content_will_earn_an/) are not allowed. 
>
>Screenshots of Reddit are expressly forbidden, as are TikTok videos.
>
>**Rule-breaking posts may result in bans.**
>
>Please also [be wary of spam](https://www.reddit.com/r/funny/wiki/spam).
>
---


*I am a bot, and this action was performed automatically. Please [contact the moderators of this subreddit](/message/compose/?to=/r/funny) if you have any questions or concerns.*",2025-05-03T00:58:25Z,1,AutoModerator,funny,2025-05-26T07:05:42.233075Z
mqaqor7,1kdgt2v,reddit,*Who is* Harper Lee.,2025-05-03T01:04:31Z,15,dblan9,funny,2025-05-26T07:05:42.233087Z
mqar1lh,1kdgt2v,reddit,[deleted],2025-05-03T01:06:42Z,6,N/A,funny,2025-05-26T07:05:42.233095Z
mqaq8s1,1kdgt2v,reddit,"Get these guys to come to every pub quiz night.

Because you never know.",2025-05-03T01:01:48Z,4,Sergeant-Politeness,funny,2025-05-26T07:05:42.233103Z
mqcssh5,1kdgt2v,reddit,"And she was killed by a Reddit post. So sad. 

https://www.reddit.com/r/AskReddit/comments/46karl/who_are_you_shocked_isnt_dead_yet/d05soqs",2025-05-03T11:35:19Z,2,ThatLooksRight,funny,2025-05-26T07:05:42.233111Z
mqckw9z,1kdgt2v,reddit,My workplace diversity team sent a quiz for Black History month last year asking which African American author wrote To Kill a Mocking Bird.,2025-05-03T10:26:01Z,1,dxk3355,funny,2025-05-26T07:05:42.233119Z
mqdg559,1kdgt2v,reddit,[Why do they always compare her to me?](https://youtu.be/gHYGqn0Rvig?si=XOKqNd9m1FeFu1Uk),2025-05-03T14:09:25Z,1,atreides78723,funny,2025-05-26T07:05:42.233126Z
mqaqpn9,1kdgt2v,reddit,It would be funny if they didn't know,2025-05-03T01:04:40Z,0,elcojotecoyo,funny,2025-05-26T07:05:42.233134Z
mqbh53x,1kdgt2v,reddit,No way to know - most republican states have banned the work.,2025-05-03T04:00:16Z,0,Macleod7373,funny,2025-05-26T07:05:42.233141Z
mqbhqtk,1kdgt2v,reddit,"Stephen King 
I thought it was wrong answers only",2025-05-03T04:04:52Z,0,alphaphiz,funny,2025-05-26T07:05:42.233151Z
mqaq9o1,1kdgt2v,reddit,Harper Lee,2025-05-03T01:01:57Z,-3,emilla56,funny,2025-05-26T07:05:42.233159Z
mqatdag,1kdgt2v,reddit,"Too high brow for those one bridge havin, candy pin stripped, win nothing losers",2025-05-03T01:21:05Z,-2,greenbayva,funny,2025-05-26T07:05:42.233167Z
mphpl2f,1k9xgrc,reddit,"---      

>This is a friendly reminder to [read our rules](https://www.reddit.com/r/funny/wiki/rules). 
>
>Memes, social media, hate-speech, and [politics / political figures](https://www.reddit.com/r/funny/comments/160kuuf/reminder_any_political_content_will_earn_an/) are not allowed. 
>
>Screenshots of Reddit are expressly forbidden, as are TikTok videos.
>
>**Rule-breaking posts may result in bans.**
>
>Please also [be wary of spam](https://www.reddit.com/r/funny/wiki/spam).
>
---


*I am a bot, and this action was performed automatically. Please [contact the moderators of this subreddit](/message/compose/?to=/r/funny) if you have any questions or concerns.*",2025-04-28T14:52:33Z,1,AutoModerator,funny,2025-05-26T07:05:43.875842Z
mpj1vo7,1k9xgrc,reddit,I can barely say peripherally sober.,2025-04-28T18:50:30Z,28,diaperboy19,funny,2025-05-26T07:05:43.875855Z
mpjw1oh,1k9xgrc,reddit,"""I just like the tea from there.""",2025-04-28T21:22:56Z,21,Gorthax,funny,2025-05-26T07:05:43.875863Z
mpjwcj2,1k9xgrc,reddit,Craig Ferguson?,2025-04-28T21:24:33Z,6,shiner820,funny,2025-05-26T07:05:43.875870Z
mpl28yn,1k9xgrc,reddit,"God, I freaking love this guy. Who is this?",2025-04-29T01:25:03Z,1,Whole_Carpenter7854,funny,2025-05-26T07:05:43.875879Z
mqn17f7,1kf0hkr,reddit,"---      

>This is a friendly reminder to [read our rules](https://www.reddit.com/r/funny/wiki/rules). 
>
>Memes, social media, hate-speech, and [politics / political figures](https://www.reddit.com/r/funny/comments/160kuuf/reminder_any_political_content_will_earn_an/) are not allowed. 
>
>Screenshots of Reddit are expressly forbidden, as are TikTok videos.
>
>**Rule-breaking posts may result in bans.**
>
>Please also [be wary of spam](https://www.reddit.com/r/funny/wiki/spam).
>
---


*I am a bot, and this action was performed automatically. Please [contact the moderators of this subreddit](/message/compose/?to=/r/funny) if you have any questions or concerns.*",2025-05-05T02:00:36Z,1,AutoModerator,funny,2025-05-26T07:05:44.743419Z
mqna9xq,1kf0hkr,reddit,Then the dog eats th furball,2025-05-05T02:58:36Z,16,dragonmasterjg,funny,2025-05-26T07:05:44.743431Z
mqofuv1,1kf0hkr,reddit,I don't get it,2025-05-05T09:17:41Z,4,Severe_Maximum6487,funny,2025-05-26T07:05:44.743439Z
mqnulzi,1kf0hkr,reddit,It's more like a full body dry heave set to music,2025-05-05T05:36:55Z,3,DadJokeBadJoke,funny,2025-05-26T07:05:44.743447Z
mqoo8jx,1kf0hkr,reddit,And then he ate it.,2025-05-05T10:38:53Z,1,Jtiago44,funny,2025-05-26T07:05:44.743456Z
mssa1ee,1kos3tr,reddit,"---      

>This is a friendly reminder to [read our rules](https://www.reddit.com/r/funny/wiki/rules). 
>
>Memes, social media, hate-speech, and [politics / political figures](https://www.reddit.com/r/funny/comments/160kuuf/reminder_any_political_content_will_earn_an/) are not allowed. 
>
>Screenshots of Reddit are expressly forbidden, as are TikTok videos.
>
>**Rule-breaking posts may result in bans.**
>
>Please also [be wary of spam](https://www.reddit.com/r/funny/wiki/spam).
>
---


*I am a bot, and this action was performed automatically. Please [contact the moderators of this subreddit](/message/compose/?to=/r/funny) if you have any questions or concerns.*",2025-05-17T12:43:39Z,1,AutoModerator,funny,2025-05-26T07:05:45.696497Z
mssbd3v,1kos3tr,reddit,You’re one to talk,2025-05-17T12:52:45Z,11,KreigerBlitz,funny,2025-05-26T07:05:45.696509Z
msshws8,1kos3tr,reddit,I read that in his voice.,2025-05-17T13:36:07Z,6,webboodah,funny,2025-05-26T07:05:45.696518Z
mswbwtv,1kos3tr,reddit,"""Jaundice stars with the letter J!""",2025-05-18T03:08:16Z,3,adol1004,funny,2025-05-26T07:05:45.696525Z
msujumx,1kos3tr,reddit,"""That's my cirrhosis! He's stealing my cirrhosis!""",2025-05-17T20:24:29Z,2,DadJokeBadJoke,funny,2025-05-26T07:05:45.696533Z
mssc2wo,1kos3tr,reddit,They walked into a bar and walked straight into a liver intervention,2025-05-17T12:57:41Z,5,FazeJ99,funny,2025-05-26T07:05:45.696541Z
mpkgiae,1ka9lbm,reddit,"---      

>This is a friendly reminder to [read our rules](https://www.reddit.com/r/funny/wiki/rules). 
>
>Memes, social media, hate-speech, and [politics / political figures](https://www.reddit.com/r/funny/comments/160kuuf/reminder_any_political_content_will_earn_an/) are not allowed. 
>
>Screenshots of Reddit are expressly forbidden, as are TikTok videos.
>
>**Rule-breaking posts may result in bans.**
>
>Please also [be wary of spam](https://www.reddit.com/r/funny/wiki/spam).
>
---


*I am a bot, and this action was performed automatically. Please [contact the moderators of this subreddit](/message/compose/?to=/r/funny) if you have any questions or concerns.*",2025-04-28T23:18:44Z,1,AutoModerator,funny,2025-05-26T07:05:47.132347Z
mpkjicu,1ka9lbm,reddit,I am a man….. of constant sorrow !,2025-04-28T23:35:47Z,28,AussieFB,funny,2025-05-26T07:05:47.132359Z
mplxx0i,1ka9lbm,reddit,"Arguably, Cloony's best film.",2025-04-29T04:49:17Z,23,Aggravating_Tax_4670,funny,2025-05-26T07:05:47.132367Z
mpkn5wf,1ka9lbm,reddit,She dun r-u-n-n-o-f-t,2025-04-28T23:56:36Z,11,hoodytwin,funny,2025-05-26T07:05:47.132375Z
mpkv3gb,1ka9lbm,reddit,damn were in a tight spot!,2025-04-29T00:42:52Z,5,THE_PONG_MASTER,funny,2025-05-26T07:05:47.132383Z
mpkxnw2,1ka9lbm,reddit,I hate how much I love this 😂,2025-04-29T00:57:51Z,7,Icy-Sprinkles-3033,funny,2025-05-26T07:05:47.132390Z
mpl69lp,1ka9lbm,reddit,"This place is a geographical oddity, its two weeks from everywhere.",2025-04-29T01:48:38Z,5,Mercinator-87,funny,2025-05-26T07:05:47.132398Z
mpnu3pn,1ka9lbm,reddit,We thought you was a horny toad!,2025-04-29T14:08:08Z,5,ScoobyDooItInTheButt,funny,2025-05-26T07:05:47.132405Z
mqrccog,1ka9lbm,reddit,🤣🤣🤣,2025-05-05T19:25:30Z,2,purrrrtycat,funny,2025-05-26T07:05:47.132413Z
mpsfu0b,1ka9lbm,reddit,WHAT IS THIS,2025-04-30T04:47:54Z,1,Mr_Seg,funny,2025-05-26T07:05:47.132420Z
mpuhjpx,1ka9lbm,reddit,"These boys is not white!  Hell, they ain't even old-timey!",2025-04-30T14:34:21Z,1,icouldbejewish,funny,2025-05-26T07:05:47.132428Z
mq8pi55,1ka9lbm,reddit,Two weeks from everywhere!,2025-05-02T18:30:18Z,1,SubstantialWash7553,funny,2025-05-26T07:05:47.132435Z
mpl602m,1ka9lbm,reddit,🤣😂😂,2025-04-29T01:47:05Z,1,Hefty-Ant-378,funny,2025-05-26T07:05:47.132443Z
mu92ywr,1kvflw0,reddit,"---      

>This is a friendly reminder to [read our rules](https://www.reddit.com/r/funny/wiki/rules). 
>
>Memes, social media, hate-speech, and [politics / political figures](https://www.reddit.com/r/funny/comments/160kuuf/reminder_any_political_content_will_earn_an/) are not allowed. 
>
>Screenshots of Reddit are expressly forbidden, as are TikTok videos.
>
>**Rule-breaking posts may result in bans.**
>
>Please also [be wary of spam](https://www.reddit.com/r/funny/wiki/spam).
>
---


*I am a bot, and this action was performed automatically. Please [contact the moderators of this subreddit](/message/compose/?to=/r/funny) if you have any questions or concerns.*",2025-05-25T23:05:01Z,1,AutoModerator,funny,2025-05-26T07:05:49.216633Z
mu96az7,1kvflw0,reddit,"I find this the best thing ever while acknowledging the cringe.

I was in a crew in high school.  So glad we had no phones and shit.",2025-05-25T23:25:37Z,65,feckless_ellipsis,funny,2025-05-26T07:05:49.216638Z
mu9456j,1kvflw0,reddit,"I lived this, sort of... suburban NJ middle school in the 80's, the two biggest delinquents in the school got in a beef and decided to settle it non-violently. the next day, one brought a piece of linoleum, the other brought cardboard and they had a break off during lunch period. they were both terrible at breakdancing and everyone ended up laughing at both of them.",2025-05-25T23:12:17Z,120,booyakasha_wagwaan,funny,2025-05-26T07:05:49.216641Z
mu98lmm,1kvflw0,reddit,"Speak for yourself, I still settle disagreements like this. The other person never responds, so I’m undefeated.",2025-05-25T23:39:42Z,42,Effective-Notice3867,funny,2025-05-26T07:05:49.216643Z
mu99hp2,1kvflw0,reddit,They say fashion is cyclical but I haven’t seen civil war uniform caps with furry tails yet,2025-05-25T23:45:10Z,18,nycemt83,funny,2025-05-26T07:05:49.216646Z
mu97vug,1kvflw0,reddit,I can see why they just simply started shooting each other,2025-05-25T23:35:18Z,25,Oedipus____Wrecks,funny,2025-05-26T07:05:49.216649Z
mu9430j,1kvflw0,reddit,Was this Rayguns inspiration?,2025-05-25T23:11:55Z,36,JSteigs,funny,2025-05-26T07:05:49.216652Z
mu975w6,1kvflw0,reddit,"Holy shit… they are so cool.  Remember that iconic scene with the famous line, “Warriors!  Come out and dance!”",2025-05-25T23:30:54Z,9,LookMaNoPride,funny,2025-05-26T07:05:49.216654Z
mu93qaj,1kvflw0,reddit,Live action JoJos Bizarre Adventures looks dope.,2025-05-25T23:09:44Z,14,AGuyWhoBrokeBad,funny,2025-05-26T07:05:49.216657Z
mu94k3t,1kvflw0,reddit,"At one point during my school years, there was a battle every day at recess. Teachers would run out to break it up like it was a fight.",2025-05-25T23:14:49Z,15,Remarkable-Ad2285,funny,2025-05-26T07:05:49.216660Z
mu96q44,1kvflw0,reddit,What is a “boogaloo” and does it come in analog?,2025-05-25T23:28:11Z,6,skinnyminnesota,funny,2025-05-26T07:05:49.216663Z
mu975tv,1kvflw0,reddit,"Hansel, so hot right now",2025-05-25T23:30:53Z,7,PurplePango,funny,2025-05-26T07:05:49.216665Z
mu9fi43,1kvflw0,reddit,"Laugh away, but there really was a sliver in time when this happened in real life, until, like everything else, it was ruined by the CIA’s introduction of crack cocaine.",2025-05-26T00:22:05Z,4,Mike_Hagedorn,funny,2025-05-26T07:05:49.216668Z
mu99qge,1kvflw0,reddit,Remember there are people in other countries who believe this is reality in America.,2025-05-25T23:46:40Z,4,OfSpock,funny,2025-05-26T07:05:49.216671Z
mu9ix87,1kvflw0,reddit,Imagine you're some suburban kid thinking this how the real hood was. A crip started coming up to you and you called him to a dance off before you got smoked.,2025-05-26T00:43:38Z,4,Cheesetorian,funny,2025-05-26T07:05:49.216673Z
mu9jxlf,1kvflw0,reddit,I was more of a Beat Street guy. Now eat your eggs before I break your legs,2025-05-26T00:49:51Z,3,TrinityKilla82,funny,2025-05-26T07:05:49.216676Z
mu9l3yt,1kvflw0,reddit,Really better suited for r/fightporn,2025-05-26T00:57:17Z,4,halfast23,funny,2025-05-26T07:05:49.216679Z
mu9mbtz,1kvflw0,reddit,If you’re someone who is too young to have experienced the 80s and you’re watching this clip…this is easily Top 5 Most 80s Thing You Will Ever See.,2025-05-26T01:04:59Z,3,firemanmhc,funny,2025-05-26T07:05:49.216682Z
mu94f38,1kvflw0,reddit,I watched this movie on repeat blasted one day like 8 times on accident,2025-05-25T23:13:58Z,7,koolaidismything,funny,2025-05-26T07:05:49.216684Z
mu949qs,1kvflw0,reddit,Love the song though (Reckless Rivalry),2025-05-25T23:13:03Z,3,bluejester12,funny,2025-05-26T07:05:49.216687Z
mu97n93,1kvflw0,reddit,Big up MC Ice-T,2025-05-25T23:33:50Z,3,sgtpanic,funny,2025-05-26T07:05:49.216690Z
mu9e2yk,1kvflw0,reddit,Kept expecting Teen Witch to show up and top them both.,2025-05-26T00:13:11Z,3,Jack_of_Spades,funny,2025-05-26T07:05:49.216692Z
mu9l9x5,1kvflw0,reddit,"I know the song said there’d be no question 
But who won?",2025-05-26T00:58:20Z,3,crocwrestler,funny,2025-05-26T07:05:49.216695Z
mu9ma0y,1kvflw0,reddit,"A friend of mine was the editor of this film, it makes me laugh every time it comes up",2025-05-26T01:04:40Z,3,Case116,funny,2025-05-26T07:05:49.216698Z
mu9p3lq,1kvflw0,reddit,"To this day, they still do this at the border between Pakistan and India.",2025-05-26T01:22:18Z,3,almostsweet,funny,2025-05-26T07:05:49.216700Z
mu98s8f,1kvflw0,reddit,As a teenager my brother was really into this culture.  I was embarrassed for him.,2025-05-25T23:40:48Z,2,BaconReceptacle,funny,2025-05-26T07:05:49.216703Z
mu98z8j,1kvflw0,reddit,Imagine you're walking across the bridge and you look over the side and see this shit,2025-05-25T23:42:00Z,2,BornBoricua,funny,2025-05-26T07:05:49.216706Z
mu998k4,1kvflw0,reddit,"""Moves so fast they make you blind!!!""  OMG, this hilarious cringe just ferments with age.  I have not seen this in so long.",2025-05-25T23:43:36Z,2,loonygecko,funny,2025-05-26T07:05:49.216709Z
mu99gen,1kvflw0,reddit,A couple of costume changes and this could've been an exact duplicate of a scene where 90s Power Rangers fought the Putty Patrol.,2025-05-25T23:44:58Z,2,DrChimz,funny,2025-05-26T07:05:49.216712Z
mu9a319,1kvflw0,reddit,"What do you mean? The skids still settle their disputes this way, while the shirt truckers prefer a more hands-on method...",2025-05-25T23:48:47Z,2,ScruffiestN3rfHerder,funny,2025-05-26T07:05:49.216715Z
mu9a775,1kvflw0,reddit,I hope to one day live in a society where whole wars are fought like this....they've dropped the bass on us sir..I see wait for the whites of the eyes lads...now return shuffle;)),2025-05-25T23:49:30Z,2,bakedbread2k25,funny,2025-05-26T07:05:49.216722Z
mu9b6rs,1kvflw0,reddit,Choreographed dance fighting was hot shit back in the 80's,2025-05-25T23:55:28Z,2,Cheeky_Guy,funny,2025-05-26T07:05:49.216725Z
mu9c113,1kvflw0,reddit,"Ah yes, the electric boogaloo",2025-05-26T00:00:30Z,2,ac2cvn_71,funny,2025-05-26T07:05:49.216728Z
mu9dhlv,1kvflw0,reddit,That song is Reckless Rivalry by Ice T. Wild to think about that guys career.,2025-05-26T00:09:28Z,2,muadib1158,funny,2025-05-26T07:05:49.216731Z
mu9ge35,1kvflw0,reddit,Don’t these people have jobs?,2025-05-26T00:27:39Z,2,blueghostfrompacman,funny,2025-05-26T07:05:49.216734Z
mu9hyk8,1kvflw0,reddit,"The sudden escalation was frightening to live through.  First breakin', then they were slaughtered by Lambada, the forbidden dance.  Lambada was crushed by Brazilian Jujitsu in the middle 90's only to itself be wiped out in the Tae Bo wars at the end of the millennium.",2025-05-26T00:37:37Z,2,DarrenEdwards,funny,2025-05-26T07:05:49.216737Z
mu9nnuu,1kvflw0,reddit,"But who decides who wins, It's The Devil Went Down To Georgia problem again.",2025-05-26T01:13:16Z,2,glurz,funny,2025-05-26T07:05:49.216740Z
mu9pife,1kvflw0,reddit,The leather Civil War era hat always fucking slays me,2025-05-26T01:24:56Z,2,UnnecAbrvtn,funny,2025-05-26T07:05:49.216742Z
mu9pw2o,1kvflw0,reddit,Turbo Ozone and Kelly!,2025-05-26T01:27:19Z,2,Harryhodl,funny,2025-05-26T07:05:49.216745Z
mu9rl4g,1kvflw0,reddit,"May I also bring the rap battle from Teen Witch into evidence?


https://youtu.be/oxxBXpnn2Jw?si=29aDewcujU0Aw2MJ


Also a very civilized example of how the sexes can communicate.",2025-05-26T01:38:24Z,2,Uvtha-,funny,2025-05-26T07:05:49.216748Z
mu9tx7g,1kvflw0,reddit,What can men do against such reckless hate?,2025-05-26T01:53:16Z,2,SigSweet,funny,2025-05-26T07:05:49.216750Z
mu9u9nv,1kvflw0,reddit," Bro, this shit was dumb as hell, and we watched it back in the day like it was the best thing since free pussy 🤣🤣🤣🤣🤣🤣",2025-05-26T01:55:26Z,2,kcsween74,funny,2025-05-26T07:05:49.216753Z
mua1tbd,1kvflw0,reddit,This movie was awesome.  Not ironically.  Just actually awesome.,2025-05-26T02:43:34Z,2,b2c2r2d2,funny,2025-05-26T07:05:49.216756Z
mua4d3w,1kvflw0,reddit,"I mean in another world, adults settle things by playing a children's card game... while riding on motorcycles.",2025-05-26T03:00:12Z,2,AksysCore,funny,2025-05-26T07:05:49.216759Z
muaeg1t,1kvflw0,reddit,Ahhhh yes....what Hollywood thought the gangs in the inner city dressed like.  ......except no one in the inner city could afford to dress this way.,2025-05-26T04:12:12Z,2,inorite234,funny,2025-05-26T07:05:49.216762Z
muaei40,1kvflw0,reddit,"""You ever seen combat son?"" 

*stares off into the distance. Music plays in my head, foot starts tapping out of habit*

""yeah....yeah...I been in combat...""",2025-05-26T04:12:38Z,2,volitilevoid,funny,2025-05-26T07:05:49.216765Z
mu975ry,1kvflw0,reddit,If the leader of Hamas and Netanyahu could only be cool... Like these guys. Can someone make a AI of that? lol,2025-05-25T23:30:52Z,4,cocopuffz604,funny,2025-05-26T07:05:49.216768Z
mu978cc,1kvflw0,reddit,Rerun would end all these mofos!,2025-05-25T23:31:18Z,3,rumpluva,funny,2025-05-26T07:05:49.216771Z
mu95yns,1kvflw0,reddit,"ahh those were the days. i was born in 82 but i still remember settling fights over toys by dancing under bridges, in the streets and in the halls to mix tapes we made. even in the 90's when some kid said Michael Jackson was better than MC Hammer, i said NUH UH and pulled out my walkman with the speaker on it and started playing 2 legit and sent that kid home crying.",2025-05-25T23:23:29Z,1,MAXanon12,funny,2025-05-26T07:05:49.216774Z
mu97gin,1kvflw0,reddit,“ this oughta show’em”,2025-05-25T23:32:42Z,1,Interesting_Code_278,funny,2025-05-26T07:05:49.216776Z
mu97n89,1kvflw0,reddit,They just left their nunchucks in the trash?!?!???,2025-05-25T23:33:49Z,1,froman_og,funny,2025-05-26T07:05:49.216780Z
mu97yre,1kvflw0,reddit,COMBAT…COMBAT…COMBAT!,2025-05-25T23:35:47Z,1,Tarrell13,funny,2025-05-26T07:05:49.216782Z
mu98j94,1kvflw0,reddit,There’s something inherently hilarious about tough dancing.,2025-05-25T23:39:16Z,1,kindle139,funny,2025-05-26T07:05:49.216787Z
mu99ppo,1kvflw0,reddit,Those nun chucks really came out of nowhere,2025-05-25T23:46:32Z,1,JMKelly90,funny,2025-05-26T07:05:49.216790Z
mu9apyw,1kvflw0,reddit,this was painful to watch,2025-05-25T23:52:40Z,1,dfectedRO,funny,2025-05-26T07:05:49.216792Z
mu9ayd4,1kvflw0,reddit,"A man is brought back from the brink of death by dance and dance alone in this terrific, terrific movie. 

And they got the money to save the rec center!",2025-05-25T23:54:04Z,1,DanWillHor,funny,2025-05-26T07:05:49.216796Z
mu9b3na,1kvflw0,reddit,"Brings ""The Roughnecks"" to mind. 

  
[https://www.youtube.com/watch?v=Z-2ZxAaqUms](https://www.youtube.com/watch?v=Z-2ZxAaqUms)",2025-05-25T23:54:57Z,1,MarkMaynardDotcom,funny,2025-05-26T07:05:49.216798Z
mu9bn5b,1kvflw0,reddit,This is exactly as cool as the dancers on America's got talent,2025-05-25T23:58:11Z,1,LaxativesAndNap,funny,2025-05-26T07:05:49.216801Z
mu9bt4b,1kvflw0,reddit,"Honestly, if we used dance offs to solve arguments i think the world would be much cooler.",2025-05-25T23:59:10Z,1,EstroJen,funny,2025-05-26T07:05:49.216803Z
mu9cmd2,1kvflw0,reddit,"Breakin 2 was made after Cannon and MGM parted ways. It was made entirely in-house under the influence of Golan-Globus, and their very...unique tastes shine through.",2025-05-26T00:04:05Z,1,Cristoff13,funny,2025-05-26T07:05:49.216806Z
mu9eiek,1kvflw0,reddit,And this was the inspiration for the “Boogaloo Boys”.,2025-05-26T00:15:52Z,1,schandle0213,funny,2025-05-26T07:05:49.216809Z
mu9f127,1kvflw0,reddit,"Nunchucks as simple flare, what a power move",2025-05-26T00:19:06Z,1,Wizer_Budster,funny,2025-05-26T07:05:49.216812Z
mu9fbhl,1kvflw0,reddit,Ahhh yes the title to my post is a sane look at reality.,2025-05-26T00:20:55Z,1,Mgroppi83,funny,2025-05-26T07:05:49.216815Z
mu9gc00,1kvflw0,reddit,That’s enough internet for today.,2025-05-26T00:27:17Z,1,TheSpyderFromMars,funny,2025-05-26T07:05:49.216818Z
mu9gwi9,1kvflw0,reddit,And all was well until the arrival of one Leopold Butters Stotch.,2025-05-26T00:30:54Z,1,benJ80x,funny,2025-05-26T07:05:49.216820Z
mu9h71c,1kvflw0,reddit,Jets and Sharks!,2025-05-26T00:32:45Z,1,Beefweezle,funny,2025-05-26T07:05:49.216823Z
mu9hk9u,1kvflw0,reddit,Could you imagine walking past this as like an adult? I’d mutter “Jesus H. Christ” to myself and shake my head.,2025-05-26T00:35:06Z,1,-Words-Words-Words-,funny,2025-05-26T07:05:49.216826Z
mu9hu3o,1kvflw0,reddit,Tune?,2025-05-26T00:36:51Z,1,c0de_m0nkey,funny,2025-05-26T07:05:49.216829Z
mu9ipe6,1kvflw0,reddit,Break dancing on pavement and cardboard pieces in the dirt… tsk tsk. They’re gonna soil their leathers.,2025-05-26T00:42:16Z,1,bingojed,funny,2025-05-26T07:05:49.216832Z
mu9j454,1kvflw0,reddit,Ice T,2025-05-26T00:44:49Z,1,Afraid_Oil_7386,funny,2025-05-26T07:05:49.216834Z
mu9j6rb,1kvflw0,reddit,"I am of this era, and I’ve always thought this was fucking stupid. When I was in junior high, a friend called me up and said you should come over, and we should learn how to breakdance. I said “nah, im good” and never regretted it for a minute.

And I love dancing.",2025-05-26T00:45:16Z,1,ducducredduc,funny,2025-05-26T07:05:49.216837Z
mu9j763,1kvflw0,reddit,My Achey Breaky Heart,2025-05-26T00:45:21Z,1,Sharp_Drow,funny,2025-05-26T07:05:49.216840Z
mu9k5kz,1kvflw0,reddit,"And just like that, the world became just a little goofier.",2025-05-26T00:51:14Z,1,JFK2MD,funny,2025-05-26T07:05:49.216844Z
mu9k7ek,1kvflw0,reddit,"Member how old school rap was simplistic, but got way better ( before it got worse 😮‍💨)

Same thing with breakin'. 


Compared to the people who picked up where they left off-- they look like noobs flailing around.",2025-05-26T00:51:33Z,1,killerkadugen,funny,2025-05-26T07:05:49.216847Z
mu9li3f,1kvflw0,reddit,This is awesome! 🤩,2025-05-26T00:59:47Z,1,MsMarisol2023,funny,2025-05-26T07:05:49.216850Z
mu9lklr,1kvflw0,reddit,That is hands down THE WORST choreography ive ever seen in a movie. So lame.,2025-05-26T01:00:14Z,1,Euphoric-Height-2488,funny,2025-05-26T07:05:49.216853Z
mu9mt43,1kvflw0,reddit,"Damn, they got served!  So now, I guess it's on.",2025-05-26T01:08:01Z,1,mrblacklabel71,funny,2025-05-26T07:05:49.216857Z
mu9n3bh,1kvflw0,reddit,"Say what you want, but this has the best title for a sequel ever.",2025-05-26T01:09:41Z,1,hells_cowbells,funny,2025-05-26T07:05:49.216860Z
mu9nxmu,1kvflw0,reddit,Brought to you by KitKat.,2025-05-26T01:14:58Z,1,Cheese_booger,funny,2025-05-26T07:05:49.216863Z
mu9o73v,1kvflw0,reddit,"I love good bad movies so of course I watched 1 and 2. 1 Was really interesting and had a lot of interesting scenes and a believable plot. Two was a fucking fever dream of a movie. The one scene that sticks out was when the brothers were breaking in their room and it was rotating so they started breaking on the walls and the ceiling. Just no sense whatsoever, but still a super fun movie.",2025-05-26T01:16:37Z,1,FirstForFun44,funny,2025-05-26T07:05:49.216866Z
mu9pdj9,1kvflw0,reddit,Special K be fine!,2025-05-26T01:24:03Z,1,gpcousins2,funny,2025-05-26T07:05:49.216869Z
mu9phn2,1kvflw0,reddit,Rappin' with Mario van Peebles has entered the chat!,2025-05-26T01:24:47Z,1,BreakingUp47,funny,2025-05-26T07:05:49.216872Z
mu9q3ny,1kvflw0,reddit,">""..and that was the rap 'Top That' from the movie *Teen Witch*.  Again, I apologize. Our regular warm-up comic OD'd in a gay man's apartment this morning.""",2025-05-26T01:28:41Z,1,ew73,funny,2025-05-26T07:05:49.216876Z
mu9q9pa,1kvflw0,reddit,"In an era of movie sequels, it would be awesome to see a modern-day version of this like Breakin 3. With modern music and breaking, it might be entertaining.....OK Who am I kidding.",2025-05-26T01:29:47Z,1,t3ddt3ch,funny,2025-05-26T07:05:49.216879Z
mu9qh5v,1kvflw0,reddit,I remember this era. I've got some nostalgia going on.,2025-05-26T01:31:07Z,1,BernieTheDachshund,funny,2025-05-26T07:05:49.216882Z
mu9tfk0,1kvflw0,reddit,"This is what happens when 50year old choreographers hire a few dance students and tell the director they can “do” the latest craze.

Respect to Ice-T on the mic.",2025-05-26T01:50:10Z,1,MartinLutherVanHalen,funny,2025-05-26T07:05:49.216885Z
mu9tljt,1kvflw0,reddit,“They’re break dance fighting!”,2025-05-26T01:51:13Z,1,Ride-F0R-Ruin,funny,2025-05-26T07:05:49.216888Z
mu9uz6t,1kvflw0,reddit,"Not to show my age and total dorkdom, but one of the guys in the TKO crew (Pop N Taco) was originally a member of ElectroRock in the first movie.",2025-05-26T01:59:57Z,1,Jahidinginvt,funny,2025-05-26T07:05:49.216891Z
mu9vcrz,1kvflw0,reddit,It was the 80s. We were easily amused.,2025-05-26T02:02:20Z,1,Philboyd_Studge,funny,2025-05-26T07:05:49.216894Z
mu9vseq,1kvflw0,reddit,I like when the person in the red leg warmers jumps and never lands,2025-05-26T02:05:02Z,1,mr_ji,funny,2025-05-26T07:05:49.216897Z
mu9wul4,1kvflw0,reddit,Breakin' and Breakin' 2 Electric Boogaloo  are such a vibe,2025-05-26T02:11:43Z,1,dontredditdepressed,funny,2025-05-26T07:05:49.216900Z
mu9x9tf,1kvflw0,reddit,"crew leader one: ""see you at our place later?"" 

crew leader two: ""you bet your sweet ass baby!""",2025-05-26T02:14:26Z,1,psuedo_nombre,funny,2025-05-26T07:05:49.216902Z
mu9xtpw,1kvflw0,reddit,Is the hat on the black guy a union or confederate hat?  I feel like the tone of the clip changes drastically based on that answer.,2025-05-26T02:17:58Z,1,sybban,funny,2025-05-26T07:05:49.216906Z
mu9yzn4,1kvflw0,reddit,This isn't a skit from In Living Color?,2025-05-26T02:25:25Z,1,seidinove,funny,2025-05-26T07:05:49.216909Z
mua004b,1kvflw0,reddit,"Hi, it's Vince with Slap Chop.

[https://youtu.be/UWRyj5cHIQA?si=4pkDXZLAfOxs5UUS](https://youtu.be/UWRyj5cHIQA?si=4pkDXZLAfOxs5UUS)",2025-05-26T02:31:52Z,1,warrant2k,funny,2025-05-26T07:05:49.216912Z
mua3yf9,1kvflw0,reddit,So many brave lives sacrificed for great music.  Grate grate music.,2025-05-26T02:57:31Z,1,Bulky-Internal8579,funny,2025-05-26T07:05:49.216915Z
mua7r6c,1kvflw0,reddit,"First Everyone was Kung Fu fighting, then Epic dance battles and Break-off, and now knife fights and drive by shootings.",2025-05-26T03:23:24Z,1,DoesThisSmellWeird2U,funny,2025-05-26T07:05:49.216918Z
mua85nk,1kvflw0,reddit,It's funny that this movie came out during one of the periods of the highest violence in the United States in the last 50 years.,2025-05-26T03:26:15Z,1,valdier,funny,2025-05-26T07:05:49.216922Z
muaaedp,1kvflw0,reddit,"Wow, that was intense!",2025-05-26T03:42:19Z,1,AnythingUpset4519,funny,2025-05-26T07:05:49.216925Z
muabium,1kvflw0,reddit,This is how all disputes should be handled,2025-05-26T03:50:24Z,1,Ambitious-Pirate-505,funny,2025-05-26T07:05:49.216928Z
msal29p,1kmjege,reddit,"---      

>This is a friendly reminder to [read our rules](https://www.reddit.com/r/funny/wiki/rules). 
>
>Memes, social media, hate-speech, and [politics / political figures](https://www.reddit.com/r/funny/comments/160kuuf/reminder_any_political_content_will_earn_an/) are not allowed. 
>
>Screenshots of Reddit are expressly forbidden, as are TikTok videos.
>
>**Rule-breaking posts may result in bans.**
>
>Please also [be wary of spam](https://www.reddit.com/r/funny/wiki/spam).
>
---


*I am a bot, and this action was performed automatically. Please [contact the moderators of this subreddit](/message/compose/?to=/r/funny) if you have any questions or concerns.*",2025-05-14T16:21:29Z,1,AutoModerator,funny,2025-05-26T07:05:50.255510Z
msaldfa,1kmjege,reddit,that's there to stop the cone from getting soggy from the ice cream. /s,2025-05-14T16:22:58Z,88,nightshift31,funny,2025-05-26T07:05:50.255523Z
msamye3,1kmjege,reddit,"you know they come nested together, right? Thats just from the outside of the next cone in line.",2025-05-14T16:30:35Z,76,kd8qdz,funny,2025-05-26T07:05:50.255531Z
msc5ziz,1kmjege,reddit,"I once ordered a big mac -
Got the following in this exact, stacked order

Bread
Bread
Lettuce
Sauce
Patty
Patty
Cheese
Bread.  

Went to counter, manager wanted to know what I needed.  Without a word, opened the box and it took him 1/2 a second to roll his eyes, turn around and say ""Marcos....""",2025-05-14T20:57:24Z,3,neduarte1977,funny,2025-05-26T07:05:50.255538Z
msd405u,1kmjege,reddit,They stack them up with a wrapper between each one. He got the next cone’s wrapper,2025-05-15T00:03:28Z,2,Actual-Arachnid-3091,funny,2025-05-26T07:05:50.255546Z
msaou9d,1kmjege,reddit,Non-nutritive cereal varnish,2025-05-14T16:39:41Z,4,Vironic,funny,2025-05-26T07:05:50.255554Z
msatf6o,1kmjege,reddit,They think inside the cone,2025-05-14T17:01:23Z,5,ddollarsign,funny,2025-05-26T07:05:50.255561Z
msbidlw,1kmjege,reddit,"What is the deal with fast food these days? Progressively over the last few years (basically the pandemic), the quality and efficiency of fast food has not gradually slumped; but just dropped off. Not only in my personal experiences, but in plenty of other's personal experiences. 

Anything from orders being slightly incorrect (cheese when no cheese was asked for) to completely wrong (a burger or taco missing everything!). Or missing most of the order! 

Are we putting too much responsibility on workers? Are the customers just too stupid and antagonistic, for enough people to want to work at these places? Or, are places like McDonald's, just trying too damn hard to be something they aren't (too fancy for a fast-food burger joint)??",2025-05-14T18:59:53Z,5,_Doodad_,funny,2025-05-26T07:05:50.255569Z
msav0a3,1kmjege,reddit,I thought it was caramel at first glance,2025-05-14T17:09:01Z,2,Tacosrule89,funny,2025-05-26T07:05:50.255576Z
msb63sc,1kmjege,reddit,Never let them know your next move...,2025-05-14T18:00:39Z,1,RegnarukDeez,funny,2025-05-26T07:05:50.255584Z
msb6odu,1kmjege,reddit,Probably taste about the same so enjoy the extra fiber! 🤷🏻‍♂️,2025-05-14T18:03:25Z,1,Vault101Overseer,funny,2025-05-26T07:05:50.255591Z
msbddjj,1kmjege,reddit,You get what you pay for.,2025-05-14T18:35:47Z,1,ubpfc,funny,2025-05-26T07:05:50.255599Z
msboc6v,1kmjege,reddit,Such a classy restaurant,2025-05-14T19:29:05Z,1,tornado1950,funny,2025-05-26T07:05:50.255606Z
msbyija,1kmjege,reddit,"Several years ago I was eating a cheeseburger at Cracker Barrel. About halfway through, I discovered they'd left half a piece of wax paper between the cheese slices.",2025-05-14T20:18:50Z,1,umfum,funny,2025-05-26T07:05:50.255614Z
msc6n9g,1kmjege,reddit,"Once, I also had to tell the lady at drive through if she could give me another cone.  Her pinky was nail need in the ice cream.  She seemed upset.",2025-05-14T21:00:39Z,1,neduarte1977,funny,2025-05-26T07:05:50.255621Z
msce2xp,1kmjege,reddit,Choke on it….then sue. Get rich quick scheme,2025-05-14T21:38:21Z,1,TattooMyCock,funny,2025-05-26T07:05:50.255629Z
mscfnrp,1kmjege,reddit,r/mildlyinfuriating,2025-05-14T21:46:30Z,1,ironically_man,funny,2025-05-26T07:05:50.255636Z
msdzwgj,1kmjege,reddit,I thought it was Carmel swirls till I read the headline.,2025-05-15T03:13:55Z,1,thedeuce75,funny,2025-05-26T07:05:50.255644Z
mseg8mk,1kmjege,reddit,"Actually not to uncommon, always had to check for this when i worked at the Ronalds sad house",2025-05-15T05:16:26Z,1,GreyShot254,funny,2025-05-26T07:05:50.255651Z
msffifp,1kmjege,reddit,🤑,2025-05-15T11:00:16Z,1,Ruxarrahman,funny,2025-05-26T07:05:50.255658Z
msfr7bj,1kmjege,reddit,they stack the cones to strore them so the one above must have come out without its label,2025-05-15T12:23:32Z,1,thatgerhard,funny,2025-05-26T07:05:50.255666Z
msfzi41,1kmjege,reddit,Probably tasted the same,2025-05-15T13:13:43Z,1,usergary,funny,2025-05-26T07:05:50.255673Z
msklhyf,1kmjege,reddit,I don’t eat that nasty place but I will say I remember once getting a sausage egg and cheese McMuffin and they didn’t remove the plastic wrapper on the cheese,2025-05-16T04:17:11Z,1,Loner2theT,funny,2025-05-26T07:05:50.255681Z
msay01y,1kmjege,reddit,The ice cream machine works? Call Ripleys!,2025-05-14T17:23:01Z,1,LeveragedPittsburgh,funny,2025-05-26T07:05:50.255688Z
msampgb,1kmjege,reddit,That's the cone liner he was looking for.,2025-05-14T16:29:24Z,1,thieh,funny,2025-05-26T07:05:50.255696Z
msarjjs,1kmjege,reddit,McFortuneCookie,2025-05-14T16:52:37Z,0,somethingrobot,funny,2025-05-26T07:05:50.255703Z
msaux0u,1kmjege,reddit,That must’ve been the time the machine worked!,2025-05-14T17:08:35Z,0,snuggleyporcupine,funny,2025-05-26T07:05:50.255710Z
msce6ha,1kmjege,reddit,Fake news. McDonald's dont have functioning ice cream machines.,2025-05-14T21:38:51Z,0,NinjaBuddha13,funny,2025-05-26T07:05:50.255727Z
msavgrr,1kmjege,reddit,I’m surprised the ice cream machine even worked,2025-05-14T17:11:10Z,-2,Specialist_Assist_29,funny,2025-05-26T07:05:50.255734Z
mpz4ec4,1kc1no6,reddit,"---      

>This is a friendly reminder to [read our rules](https://www.reddit.com/r/funny/wiki/rules). 
>
>Memes, social media, hate-speech, and [politics / political figures](https://www.reddit.com/r/funny/comments/160kuuf/reminder_any_political_content_will_earn_an/) are not allowed. 
>
>Screenshots of Reddit are expressly forbidden, as are TikTok videos.
>
>**Rule-breaking posts may result in bans.**
>
>Please also [be wary of spam](https://www.reddit.com/r/funny/wiki/spam).
>
---


*I am a bot, and this action was performed automatically. Please [contact the moderators of this subreddit](/message/compose/?to=/r/funny) if you have any questions or concerns.*",2025-05-01T05:57:46Z,1,AutoModerator,funny,2025-05-26T07:05:51.875370Z
mq0r3ow,1kc1no6,reddit,the kids aren't all right...,2025-05-01T14:05:40Z,36,Ixm01ws6,funny,2025-05-26T07:05:51.875377Z
mq0sryf,1kc1no6,reddit,Mentalcore,2025-05-01T14:14:16Z,26,FoooooorYa,funny,2025-05-26T07:05:51.875381Z
mq0y1w5,1kc1no6,reddit,How is this so good?,2025-05-01T14:40:49Z,24,iDrGonzo,funny,2025-05-26T07:05:51.875385Z
mpz4yrr,1kc1no6,reddit,The amount of editing skill went into this is wow.,2025-05-01T06:03:03Z,34,AcrobaticWriter,funny,2025-05-26T07:05:51.875389Z
mq0spsc,1kc1no6,reddit,"That is lowkey how I feel every time I see someone not using their turn signal. Now my internal monologue will have a soundtrack, so THANKS!",2025-05-01T14:13:58Z,25,TheJedibugs,funny,2025-05-26T07:05:51.875393Z
mq0ooo1,1kc1no6,reddit,I can fix her,2025-05-01T13:52:52Z,44,FngrBngr-84,funny,2025-05-26T07:05:51.875397Z
mq05iq8,1kc1no6,reddit,Dear mother of god.,2025-05-01T11:55:47Z,9,jinniu,funny,2025-05-26T07:05:51.875401Z
mq0pxls,1kc1no6,reddit,This is pretty great...,2025-05-01T13:59:30Z,7,idobi,funny,2025-05-26T07:05:51.875404Z
mq0vydi,1kc1no6,reddit,"This isn't bad, but I still think ""Wingstop"" goes harder.",2025-05-01T14:30:18Z,5,WillaBerble,funny,2025-05-26T07:05:51.875408Z
mq1o5md,1kc1no6,reddit,She havin' a stroke or somethin'?,2025-05-01T16:49:16Z,4,HugoDCSantos,funny,2025-05-26T07:05:51.875412Z
mq0knig,1kc1no6,reddit,Avg Reddit commentor,2025-05-01T13:30:45Z,16,kyle_kaufman,funny,2025-05-26T07:05:51.875416Z
mpz8qpr,1kc1no6,reddit,Brought beauty out of chaos.  Thank you for posting.,2025-05-01T06:39:56Z,5,PopDiscombobulated93,funny,2025-05-26T07:05:51.875420Z
mq1v7vu,1kc1no6,reddit,One of my last calls as a cop was a person like that. And because said person wouldn't calm down they got to spend a night in a psych ward and a 911 misuse charge.,2025-05-01T17:23:04Z,8,GM2Jacobs,funny,2025-05-26T07:05:51.875424Z
mpzqyh4,1kc1no6,reddit,Great job!,2025-05-01T09:53:47Z,5,Oraclelec13,funny,2025-05-26T07:05:51.875428Z
mq123cc,1kc1no6,reddit,HE DIDNT USE A TURN SIGNAL part goes hard,2025-05-01T15:00:45Z,2,305tilidiiee,funny,2025-05-26T07:05:51.875432Z
mq5dnnn,1kc1no6,reddit,"If she's going home to someone, we should probably give that person a heads-up about what's coming their way and do a wellness checkup to make sure they're still intact in a couple hours.  Someone's about to unwittingly step into a historically bad evening...",2025-05-02T05:21:15Z,2,Citizen-Kang,funny,2025-05-26T07:05:51.875436Z
mq0lz34,1kc1no6,reddit,I’ve been waiting for this one,2025-05-01T13:38:08Z,4,RespectableThug,funny,2025-05-26T07:05:51.875439Z
mpzz08i,1kc1no6,reddit,Pure gold!,2025-05-01T11:06:57Z,2,Screamingmonkey83,funny,2025-05-26T07:05:51.875443Z
mq0xhxs,1kc1no6,reddit,#GIVE HIM A TICKET!!!!!!,2025-05-01T14:38:05Z,2,___HeyGFY___,funny,2025-05-26T07:05:51.875447Z
mq46neb,1kc1no6,reddit,She should get something to eat at Wing Stop and calm the fuck down ... she's acting like she worked 10 hours and ate nothing...nothing...,2025-05-02T00:34:16Z,2,DMurBOOBS-I-Dare-You,funny,2025-05-26T07:05:51.875451Z
mq0mr2p,1kc1no6,reddit,So it was a BMW driver then?,2025-05-01T13:42:23Z,3,redditrice,funny,2025-05-26T07:05:51.875455Z
mq173sc,1kc1no6,reddit,\*Chefs kiss,2025-05-01T15:25:18Z,1,moneyscan,funny,2025-05-26T07:05:51.875459Z
mq2g2zg,1kc1no6,reddit,i've been waiting over a week for this!  Glad he came through,2025-05-01T19:04:16Z,1,stevie9lives,funny,2025-05-26T07:05:51.875463Z
mq2r95v,1kc1no6,reddit,Metaltickea🤘🏼,2025-05-01T19:58:21Z,1,Round_Eye_4387,funny,2025-05-26T07:05:51.875466Z
mq168ir,1kc1no6,reddit,I think somebody forgot their squishy squishy blanket for when life´s getting a bit different then you want it to be.,2025-05-01T15:21:04Z,0,WooshNowUHaveSmollPp,funny,2025-05-26T07:05:51.875470Z
mq11g2a,1kc1no6,reddit,Better than Metallica!,2025-05-01T14:57:36Z,1,Tobias---Funke,funny,2025-05-26T07:05:51.875474Z
mq41rr7,1kc1no6,reddit,"I know too much about mental health to laugh at this, sadly.

This is my first time seeing this meme, but that woman is NOT okay. Sadly, this officer didn't know how to engage with her.

""WHY THE FUCK DOESN'T HE GET A TICKET?""

""Ok. That's not gonna happen. Can I help you with anything else?""

The officer is calm and trying to defuse, yes, but what this woman needs is someone to acknowledge her situation without buying into it.

""WHY THE FUCK DOESN'T HE GET A TICKET?""

""Hey, I'm with you. What he did was pretty crazy. I'll tell you what, I'm gonna go talk to dispatch, and we're gonna see if we can track him down and ask him about that turn signal, alright? In the meantime, can I call an ambulance for you?""

I sincerely hope that woman ended up getting some help at the end of that whole episode...",2025-05-02T00:05:14Z,0,magicscreenman,funny,2025-05-26T07:05:51.875481Z
mq1pd2m,1kc1no6,reddit,"Feel sorry for her boyfriend/husband. That kind of uncontrollable rage leads to violence. She needs some consequences for her actions, and a PhD in anger management.",2025-05-01T16:55:10Z,0,Beertronic,funny,2025-05-26T07:05:51.875485Z
mq1gz9d,1kc1no6,reddit,5150,2025-05-01T16:13:59Z,1,oryhiou,funny,2025-05-26T07:05:51.875489Z
mq2qb3g,1kc1no6,reddit,"Mental illness is a problem we are not looking into enough..

We assume these people are ""fine"", they're not.",2025-05-01T19:53:49Z,1,Sanders67,funny,2025-05-26T07:05:51.875492Z
mq3gkbx,1kc1no6,reddit,"This is absolute fucking genius.  And also, that woman needs serious help and possibly medication.",2025-05-01T22:05:06Z,1,DMala,funny,2025-05-26T07:05:51.875496Z
mq4nefv,1kc1no6,reddit,road rage against the machine,2025-05-02T02:14:06Z,1,jlistener,funny,2025-05-26T07:05:51.875500Z
mq1ycpt,1kc1no6,reddit,I usually like this guy’s videos but this one is just sad.,2025-05-01T17:37:54Z,0,GrumpOnTheHill,funny,2025-05-26T07:05:51.875504Z
mq1mgl3,1kc1no6,reddit,"I don't think it's funny. She's having a full-on psychotic break and needs medication. Impressive how she can sustain that level of intensity, but that's because her hypothalamic-pituitary-adrenal axis is in overdrive.",2025-05-01T16:41:03Z,-8,nanomeme,funny,2025-05-26T07:05:51.875508Z
mq15ywo,1kc1no6,reddit,She needs a drink to calm down.,2025-05-01T15:19:47Z,0,speechless-69,funny,2025-05-26T07:05:51.875511Z
mq0xjy0,1kc1no6,reddit,Poor woman. I can't imagine the terror she must be going through in life to react like this. Hope she gets a hug and someone to talk to.,2025-05-01T14:38:21Z,-20,johnjmcmillion,funny,2025-05-26T07:05:51.875515Z
mq03n0z,1kc1no6,reddit,"She not wrong tho

EDIT: Holy whoosh balls. Lighten, peeps.",2025-05-01T11:42:26Z,-37,bawcks,funny,2025-05-26T07:05:51.875518Z
mq0qadw,1kc1no6,reddit,[deleted],2025-05-01T14:01:21Z,-18,N/A,funny,2025-05-26T07:05:51.875522Z
mqb29df,1kc1no6,reddit,I can fix her.,2025-05-03T02:16:55Z,0,1DonRafael,funny,2025-05-26T07:05:51.875526Z
mq0daqq,1kc1no6,reddit,The liberal cousin that shows up to the family reunion just to leave and post “Am I the asshole for cutting off my boomer republican family”,2025-05-01T12:47:32Z,-67,N/A,funny,2025-05-26T07:05:51.875529Z
mq0znhm,1kc1no6,reddit,I mean she's not wrong,2025-05-01T14:48:42Z,-19,riascmia,funny,2025-05-26T07:05:51.875533Z
mq147pa,1kc1no6,reddit,"Okay but why is the cop admitting to ignoring someone who didn’t use a signal when turning? 

Yes the lady is acting crazy, but the cop literally says “not gonna happen” when referring to ticketing the person who didn’t signal….",2025-05-01T15:11:12Z,-11,masher005,funny,2025-05-26T07:05:51.875536Z
mq0pdhm,1kc1no6,reddit,"
Was she arrested?

Is this in Canada or something? I couldn't watch till the end",2025-05-01T13:56:33Z,-9,FuckitThrowaway02,funny,2025-05-26T07:05:51.875540Z
mq3qgx1,1kc1no6,reddit,"I mean, yeah, fuck this bitch, but also ... damn, I'm hope she's OK. She needs help in a bad way.",2025-05-01T23:00:58Z,-1,MusicalAutist,funny,2025-05-26T07:05:51.875544Z
mq1jyfl,1kc1no6,reddit,"She is giving the cop a good summary of how many people feel about ""authority"" who are unjust and abuse power, and she's not wrong.",2025-05-01T16:28:44Z,-17,Beerden,funny,2025-05-26T07:05:51.875548Z
mq1tmjd,1kc1no6,reddit,Ok,2025-05-01T17:15:33Z,-4,nahteviro,funny,2025-05-26T07:05:51.875552Z
mu725ia,1kv6tin,reddit,"---      

>This is a friendly reminder to [read our rules](https://www.reddit.com/r/funny/wiki/rules). 
>
>Memes, social media, hate-speech, and [politics / political figures](https://www.reddit.com/r/funny/comments/160kuuf/reminder_any_political_content_will_earn_an/) are not allowed. 
>
>Screenshots of Reddit are expressly forbidden, as are TikTok videos.
>
>**Rule-breaking posts may result in bans.**
>
>Please also [be wary of spam](https://www.reddit.com/r/funny/wiki/spam).
>
---


*I am a bot, and this action was performed automatically. Please [contact the moderators of this subreddit](/message/compose/?to=/r/funny) if you have any questions or concerns.*",2025-05-25T16:36:19Z,1,AutoModerator,funny,2025-05-26T07:05:52.749648Z
mu8v30o,1kv6tin,reddit,"For those curious, a good way to both reduce stress *and* get good sleep is to exercise! Throw in good eating habits and drink plenty of water and you might be surprised by how much better you feel. It’s no substitute for things like medication and therapy if you need that (like I do), but holy shit does taking care of yourself help with depression and anxiety symptoms if you actually dedicate yourself to it. Wish I knew that sooner.",2025-05-25T22:17:05Z,7,Matt_McT,funny,2025-05-26T07:05:52.749660Z
mu8sfy4,1kv6tin,reddit,It's a vicious cycle!,2025-05-25T22:01:30Z,2,WittyMime,funny,2025-05-26T07:05:52.749668Z
msl48cl,1knunin,reddit,"---      

>This is a friendly reminder to [read our rules](https://www.reddit.com/r/funny/wiki/rules). 
>
>Memes, social media, hate-speech, and [politics / political figures](https://www.reddit.com/r/funny/comments/160kuuf/reminder_any_political_content_will_earn_an/) are not allowed. 
>
>Screenshots of Reddit are expressly forbidden, as are TikTok videos.
>
>**Rule-breaking posts may result in bans.**
>
>Please also [be wary of spam](https://www.reddit.com/r/funny/wiki/spam).
>
---


*I am a bot, and this action was performed automatically. Please [contact the moderators of this subreddit](/message/compose/?to=/r/funny) if you have any questions or concerns.*",2025-05-16T07:04:59Z,1,AutoModerator,funny,2025-05-26T07:05:53.806439Z
msl837y,1knunin,reddit,I bet he went to Burger King after this.,2025-05-16T07:45:01Z,22,ZmatrixNG,funny,2025-05-26T07:05:53.806450Z
msl5o4y,1knunin,reddit,Real,2025-05-16T07:19:40Z,8,RidleyCR,funny,2025-05-26T07:05:53.806458Z
msm610g,1knunin,reddit,Those are balls!,2025-05-16T12:37:56Z,5,The-Bishop,funny,2025-05-26T07:05:53.806466Z
mtawh0b,1knunin,reddit,I really ought to binge Arrested Development for the 19th time,2025-05-20T14:37:48Z,2,UnnecAbrvtn,funny,2025-05-26T07:05:53.806473Z
msr5044,1knunin,reddit,Up yours Granny!,2025-05-17T06:10:10Z,3,HaroldandMaude2024,funny,2025-05-26T07:05:53.806480Z
mslu5y9,1knunin,reddit,Where is it from?,2025-05-16T11:16:36Z,2,Nerf_Me_Please,funny,2025-05-26T07:05:53.806487Z
msru80f,1knunin,reddit,Haha,2025-05-17T10:33:48Z,0,johndoe57557899,funny,2025-05-26T07:05:53.806494Z
msl79se,1knunin,reddit,"Soooo, he doesn't want the real thing",2025-05-16T07:36:28Z,-15,Poilk07,funny,2025-05-26T07:05:53.806501Z
ms4cdrp,1klr40c,reddit,"---      

>This is a friendly reminder to [read our rules](https://www.reddit.com/r/funny/wiki/rules). 
>
>Memes, social media, hate-speech, and [politics / political figures](https://www.reddit.com/r/funny/comments/160kuuf/reminder_any_political_content_will_earn_an/) are not allowed. 
>
>Screenshots of Reddit are expressly forbidden, as are TikTok videos.
>
>**Rule-breaking posts may result in bans.**
>
>Please also [be wary of spam](https://www.reddit.com/r/funny/wiki/spam).
>
---


*I am a bot, and this action was performed automatically. Please [contact the moderators of this subreddit](/message/compose/?to=/r/funny) if you have any questions or concerns.*",2025-05-13T16:57:25Z,1,AutoModerator,funny,2025-05-26T07:05:55.036312Z
ms4hsdi,1klr40c,reddit,Toss a coin to your kitty! Oh valley of plenty!,2025-05-13T17:23:32Z,7,YarItsDrivinMeNuts,funny,2025-05-26T07:05:55.036324Z
ms4cyrf,1klr40c,reddit,i really thought there is a cat somewhere),2025-05-13T17:00:10Z,6,Edgeless_SPhere,funny,2025-05-26T07:05:55.036333Z
ms4mxs4,1klr40c,reddit,The seagulls have purrfected their scheme.,2025-05-13T17:47:54Z,6,wintercalamity,funny,2025-05-26T07:05:55.036340Z
ms5ts21,1klr40c,reddit,"Is that a vending machine to donate food to stray cats?

Never seen something like this. From where is this?",2025-05-13T21:14:37Z,4,TheRealJohnBrown,funny,2025-05-26T07:05:55.036347Z
ms4emi1,1klr40c,reddit,lol that is amazing,2025-05-13T17:08:06Z,4,cellenium125,funny,2025-05-26T07:05:55.036355Z
ms5y1zo,1klr40c,reddit,Pretending to be a cat?...***of all the gull!***,2025-05-13T21:37:26Z,3,GANDORF57,funny,2025-05-26T07:05:55.036363Z
mr3aaie,1kh1t93,reddit,"---      

>This is a friendly reminder to [read our rules](https://www.reddit.com/r/funny/wiki/rules). 
>
>Memes, social media, hate-speech, and [politics / political figures](https://www.reddit.com/r/funny/comments/160kuuf/reminder_any_political_content_will_earn_an/) are not allowed. 
>
>Screenshots of Reddit are expressly forbidden, as are TikTok videos.
>
>**Rule-breaking posts may result in bans.**
>
>Please also [be wary of spam](https://www.reddit.com/r/funny/wiki/spam).
>
---


*I am a bot, and this action was performed automatically. Please [contact the moderators of this subreddit](/message/compose/?to=/r/funny) if you have any questions or concerns.*",2025-05-07T16:33:34Z,1,AutoModerator,funny,2025-05-26T07:05:56.271535Z
mr3ocsf,1kh1t93,reddit,"Damn, now I wan’t to see more of the Hustle-serie…and I need to know if his name is Jake or Jacob.",2025-05-07T17:40:17Z,21,JAYTEE__66,funny,2025-05-26T07:05:56.271548Z
mr5rutb,1kh1t93,reddit,"At first I thought this was gonna be a cringey dumb video purposefully trying to look bad but just being bad and unfunny. I was a wrong boy, BRILLIANT",2025-05-08T00:02:49Z,12,1997_Batman,funny,2025-05-26T07:05:56.271556Z
mr4lquh,1kh1t93,reddit,"He said it went down the wrong pipe, so is the pork chop bone in his lung now?",2025-05-07T20:20:53Z,8,Relevantspite,funny,2025-05-26T07:05:56.271564Z
mr58pgy,1kh1t93,reddit,I thought for sure this was a Tim and Eric sketch at first,2025-05-07T22:14:19Z,4,MdeGrasseBison,funny,2025-05-26T07:05:56.271572Z
mr72eml,1kh1t93,reddit,"Is this the ""Walk News"" guy? I love this style humor.",2025-05-08T05:02:42Z,3,Sharcbait,funny,2025-05-26T07:05:56.271579Z
mr3ij5s,1kh1t93,reddit,This is a pretty inspiring story tbf,2025-05-07T17:12:49Z,6,new_number_one,funny,2025-05-26T07:05:56.271587Z
mr3ieig,1kh1t93,reddit,Big Tim Robinson vibes. “I think I bit off too small a slice of that pork chop bone.”,2025-05-07T17:12:13Z,4,ITeachYourKidz,funny,2025-05-26T07:05:56.271594Z
mr4zg9q,1kh1t93,reddit,He’s playing Pool right? (Edited as I was wrong on other aspects),2025-05-07T21:25:40Z,1,downyour,funny,2025-05-26T07:05:56.271602Z
mr8a2hu,1kh1t93,reddit,"this guy is SO freakin funny. he has a bunch of different videos on his YT under the name Big Velcro. [link to channel page on youtube](https://youtube.com/@bigvelcro?si=1t3-B01onj3c1W0e) his ""Walk News"" is hilarious 😄",2025-05-08T11:52:43Z,0,TooL8ForTheYoungGun,funny,2025-05-26T07:05:56.271609Z
mr3azi6,1kh1t93,reddit,"Why is it that when I saw this dude, my mind immediately went to Orlando Jones playing Steve in Office Space?",2025-05-07T16:37:00Z,-6,Stu_Pendisdick,funny,2025-05-26T07:05:56.271617Z
mr3awwr,1kh1t93,reddit,"Why is it that when I saw this dude, my mind immediately went to Orlando Jones playing Steve in Office Space?",2025-05-07T16:36:39Z,-10,Stu_Pendisdick,funny,2025-05-26T07:05:56.271624Z
mt91bxh,1kqxfai,reddit,"---      

>This is a friendly reminder to [read our rules](https://www.reddit.com/r/funny/wiki/rules). 
>
>Memes, social media, hate-speech, and [politics / political figures](https://www.reddit.com/r/funny/comments/160kuuf/reminder_any_political_content_will_earn_an/) are not allowed. 
>
>Screenshots of Reddit are expressly forbidden, as are TikTok videos.
>
>**Rule-breaking posts may result in bans.**
>
>Please also [be wary of spam](https://www.reddit.com/r/funny/wiki/spam).
>
---


*I am a bot, and this action was performed automatically. Please [contact the moderators of this subreddit](/message/compose/?to=/r/funny) if you have any questions or concerns.*",2025-05-20T05:42:02Z,1,AutoModerator,funny,2025-05-26T07:05:57.800968Z
mt9jys1,1kqxfai,reddit,"Manager obviously has a 3 year old - it's basically the same, you get used to it",2025-05-20T08:50:56Z,255,thungsten2701,funny,2025-05-26T07:05:57.800976Z
mt9ackj,1kqxfai,reddit,I love how he goes all the way back like a typewriter.,2025-05-20T07:08:34Z,172,DoomOne,funny,2025-05-26T07:05:57.800981Z
mt9qaxr,1kqxfai,reddit,"This is such a flashback. I remember working at Sears forever ago and one day at home I log into MySpace. I see my bosses face on the homepage. I was wondering if I somehow navigated to his page on accident and then I realized it was the front page of Myspace. It was a promotional clip for the upcoming Borat movie where he harassed my boss at my Sears. Unfortunately, it didn’t make it to the final cut. His poor innocent face. He looked like a lamb being lead to slaughter.",2025-05-20T09:57:21Z,46,KuromanKuro,funny,2025-05-26T07:05:57.800985Z
mt9yfwc,1kqxfai,reddit,The manager has incredible patience. I could use some of that patience and calmness in my life.,2025-05-20T11:09:01Z,20,fizzyadrenaline,funny,2025-05-26T07:05:57.800990Z
mt9yriz,1kqxfai,reddit,This was a clip they put out before the movie. I know because I watched it a thousand times,2025-05-20T11:11:33Z,21,rubensinclair,funny,2025-05-26T07:05:57.800994Z
mtafb51,1kqxfai,reddit,The most patient dude I've ever seen. The borat actor is so determined to get a reaction out of him but he gets nothing.,2025-05-20T13:04:42Z,15,Ixziga,funny,2025-05-26T07:05:57.800999Z
mta4zdy,1kqxfai,reddit,"man had more patiance than me

i fast forward most of it",2025-05-20T11:57:35Z,12,Cero_Kurn,funny,2025-05-26T07:05:57.801003Z
mt958yv,1kqxfai,reddit,What is this?,2025-05-20T06:18:25Z,35,Liam2075,funny,2025-05-26T07:05:57.801007Z
mt9ldh7,1kqxfai,reddit,A movie that was somehow way ahead of and way behind its time.,2025-05-20T09:05:58Z,19,kwjacobs345,funny,2025-05-26T07:05:57.801011Z
mt91rzf,1kqxfai,reddit,"Same, this was one of my favorite moments. Man I need to watch this again (Bruno too).",2025-05-20T05:46:06Z,15,AggressivePatient933,funny,2025-05-26T07:05:57.801016Z
mta5uvf,1kqxfai,reddit,It's like watching oblivion NPCs talking.,2025-05-20T12:03:38Z,7,ngms,funny,2025-05-26T07:05:57.801020Z
mta8tao,1kqxfai,reddit,Cutting it was a good choice.,2025-05-20T12:23:34Z,11,grandzu,funny,2025-05-26T07:05:57.801024Z
mtahdbw,1kqxfai,reddit,I still quote this too much. Whenever someone asks “what is this?” My instant reply is always “that’s cheese”.,2025-05-20T13:16:53Z,6,GreenLurch,funny,2025-05-26T07:05:57.801040Z
mt9knmh,1kqxfai,reddit,Why do Americans only eat cheese?,2025-05-20T08:58:14Z,15,caseybvdc74,funny,2025-05-26T07:05:57.801044Z
mta21fx,1kqxfai,reddit,Seems like Dean is indeed cool,2025-05-20T11:36:34Z,4,SgtPuday,funny,2025-05-26T07:05:57.801053Z
mtfayf3,1kqxfai,reddit,"Look on a this, you made uploads on my movie film?",2025-05-21T05:08:58Z,3,a-borat,funny,2025-05-26T07:05:57.801057Z
mta1dqi,1kqxfai,reddit,[removed],2025-05-20T11:31:39Z,4,N/A,funny,2025-05-26T07:05:57.801062Z
mt9h1uf,1kqxfai,reddit,"Question: is it wasteful to have display refrigerators open to the air all the time? I read that it’s better than having doors that open and close, which would suck all the cold air out and be more wasteful. But still, does it waste a lot of electricity?",2025-05-20T08:19:29Z,6,__-_-_--_--_-_---___,funny,2025-05-26T07:05:57.801066Z
mt9v1az,1kqxfai,reddit,"Where's the cheese?

It's under the sauce.",2025-05-20T10:41:11Z,2,squesh,funny,2025-05-26T07:05:57.801071Z
mta6yfm,1kqxfai,reddit,Man started NPC trend before Tiktok is even a thing.,2025-05-20T12:11:08Z,2,AeonChaos,funny,2025-05-26T07:05:57.801076Z
mta8hfh,1kqxfai,reddit,That is one patient motherfucker,2025-05-20T12:21:21Z,2,useradmin,funny,2025-05-26T07:05:57.801080Z
mtbfk07,1kqxfai,reddit,Is this a pen? LMAO,2025-05-20T16:11:05Z,2,PsychoCitizenX,funny,2025-05-26T07:05:57.801084Z
mtd73v2,1kqxfai,reddit,I remember coming home and my Mum was in hysterics after watching the film and then had this scene on. It was a tough time in life but was nice to see her laughing again. RIP Mum x,2025-05-20T21:21:23Z,2,Significant-Hat5927,funny,2025-05-26T07:05:57.801089Z
mta8upg,1kqxfai,reddit,*holds up some cheese* This is a papers?,2025-05-20T12:23:50Z,1,Teapur,funny,2025-05-26T07:05:57.801093Z
mta8vks,1kqxfai,reddit,The most patient man on the planet.,2025-05-20T12:23:59Z,1,veengrd,funny,2025-05-26T07:05:57.801097Z
mtal3iq,1kqxfai,reddit,Sasha starts to break character with a little smile at 1:04. ,2025-05-20T13:38:14Z,1,bradklopman,funny,2025-05-26T07:05:57.801102Z
mtao2h6,1kqxfai,reddit,That dude must be a military man from that era because I don't know anyone else that would have that much unwavering patience,2025-05-20T13:54:38Z,1,asshole_commenting,funny,2025-05-26T07:05:57.801106Z
mtara6p,1kqxfai,reddit,I must’ve subconsciously recognised this because earlier when I was making my lunch I was going “and this what is uh this?”,2025-05-20T14:11:41Z,1,Chaoslava,funny,2025-05-26T07:05:57.801110Z
mtauyzq,1kqxfai,reddit,You can see Sacha crack a smile when he goes back to the start of the cheese aisle 1:02-1:05,2025-05-20T14:30:21Z,1,mixedTape3123,funny,2025-05-26T07:05:57.801115Z
mtazd1x,1kqxfai,reddit,It's cheese,2025-05-20T14:51:57Z,1,patriotpotato,funny,2025-05-26T07:05:57.801119Z
mtb33g0,1kqxfai,reddit,Having a Russian family the asking about every single food item when it is blatantly obvious is not a work of fiction in this clip. They legit do this.,2025-05-20T15:10:08Z,1,dwolfe127,funny,2025-05-26T07:05:57.801123Z
mtbl0uw,1kqxfai,reddit,I feel like Sacha was going to break character.  The dude was so patient.  He had all day for this.,2025-05-20T16:38:01Z,1,Ash_Killem,funny,2025-05-26T07:05:57.801128Z
mtc9lg2,1kqxfai,reddit,"Everything is fine about Borat, there is too much cheese in that supermarket.",2025-05-20T18:35:33Z,1,ali_ihsan21,funny,2025-05-26T07:05:57.801132Z
mtcawt4,1kqxfai,reddit,Wild,2025-05-20T18:41:59Z,1,ncolpi,funny,2025-05-26T07:05:57.801137Z
mtcqiat,1kqxfai,reddit,HOW!?!? just how is that guy so patient? TEACH ME!,2025-05-20T19:58:47Z,1,Just_Living_da_Dream,funny,2025-05-26T07:05:57.801141Z
mtcypg8,1kqxfai,reddit,I really thought he was setting up an “I can’t believe it’s not butter” joke here,2025-05-20T20:39:22Z,1,strayslacks,funny,2025-05-26T07:05:57.801146Z
mtd4zbi,1kqxfai,reddit,It’s a communism joke,2025-05-20T21:10:23Z,1,OnTheLambDude,funny,2025-05-26T07:05:57.801150Z
mtd6tv4,1kqxfai,reddit,"I’ve never watched borat (shock, horror, I know). Did the people around him think it was a documentary and he was a real guy, so they didn’t know it was fake? Or were they in on it? I don’t know how this guy kept his cool for so long, even though it’s his job to help people. I was laughing at the absurdity, and weeping for my retail days as a teenager. His commitment to the bit is quite astounding really",2025-05-20T21:19:57Z,1,Literary_Lady,funny,2025-05-26T07:05:57.801155Z
mtdk8aq,1kqxfai,reddit,"Sasha cracks up at 1:03
:D",2025-05-20T22:31:51Z,1,Rosenhuhn,funny,2025-05-26T07:05:57.801159Z
mte173k,1kqxfai,reddit,This lives in my head forever,2025-05-21T00:09:08Z,1,Nyx_Antumbra,funny,2025-05-26T07:05:57.801164Z
mte33a2,1kqxfai,reddit,Sacha Baron Cohen is comedy gold. Anyone who thinks otherwise is a communist who  hates freedom and the sound of joyous laughter.,2025-05-21T00:20:29Z,1,jetaime-meschiens,funny,2025-05-26T07:05:57.801168Z
mtfehyz,1kqxfai,reddit,Borat almost breaks character at 1:01 and starts laughing but quickly regains his composure.,2025-05-21T05:39:43Z,1,_Sway,funny,2025-05-26T07:05:57.801172Z
mtaa910,1kqxfai,reddit,"Manager probably thinking ""what an idiot"" ah irony. ",2025-05-20T12:33:06Z,2,GentlmanSkeleton,funny,2025-05-26T07:05:57.801177Z
mta5cyt,1kqxfai,reddit,"also, a very nice commentary on how unnecessary is to have so many brands that produce the same thing forcing the open fridge to be unnecessarylly big and, inevitably, generating lots of waste",2025-05-20T12:00:12Z,1,Cero_Kurn,funny,2025-05-26T07:05:57.801181Z
mtaz8tb,1kqxfai,reddit,"I can see why they deleted this, the guy never cracked and just accepted saying cheese however many times it would take lol",2025-05-20T14:51:23Z,1,Hammadodga,funny,2025-05-26T07:05:57.801186Z
mt94inb,1kqxfai,reddit,"More cheese, *please.*",2025-05-20T06:11:31Z,1,More-Jackfruit3010,funny,2025-05-26T07:05:57.801191Z
mtad497,1kqxfai,reddit,My brother and I have been saying “this is potato ?” And “cheese also” since this came out. We’re almost 40.  Anytime someone asks what something is one of us will get that out.,2025-05-20T12:51:22Z,1,Kaznil,funny,2025-05-26T07:05:57.801195Z
mtat9ey,1kqxfai,reddit,"Its comedy, but as always it is poking fun at some element or another. In this case consumerism and excess.",2025-05-20T14:21:48Z,1,Bumble072,funny,2025-05-26T07:05:57.801200Z
mtcdb2j,1kqxfai,reddit,"What is this? Cheese
What is this? Cheese
What is this? Cheese
What is this? Cheese
What is this? Cheese Also
What is this? Cheese
What is this? Cheese
What is this? Cheese
What is this? Cheese
What is this? Cheese Also
What is this? Cheese
What is this? Cheese
What is this? Cheese
What is this? Cheese
What is this? Cheese Also
What is this? Butter
What is this? Butter 
What is this? Butter also
What is this? Milk
What is this? Milk
What is this? Milk also",2025-05-20T18:53:33Z,1,schoolruler,funny,2025-05-26T07:05:57.801204Z
mtc04a4,1kqxfai,reddit,There's a reason this scene is deleted.,2025-05-20T17:49:38Z,0,KRed75,funny,2025-05-26T07:05:57.801208Z
mtbxpep,1kqxfai,reddit,"What is dyis? Not funny.

What is dyis? Not funny.

What is dyis? Not funny.

What is dyis? Not funny.

What is dyis? Not funny.

What is dyis? Not funny.",2025-05-20T17:38:14Z,-3,NeverSayNever2024,funny,2025-05-26T07:05:57.801213Z
mtc35u1,1kqxfai,reddit,"I would have deleted that scene, as well",2025-05-20T18:04:08Z,-1,lurkingPessimist,funny,2025-05-26T07:05:57.801218Z
mtd04mv,1kqxfai,reddit,I don’t understand why people thought this movie was funny. Just not my kind of humor I guess.,2025-05-20T20:46:20Z,0,Appleguy4life,funny,2025-05-26T07:05:57.801222Z
mt9rn1i,1kqxfai,reddit,[deleted],2025-05-20T10:10:17Z,-8,N/A,funny,2025-05-26T07:05:57.801227Z
mtas494,1kqxfai,reddit,"It was to let the rest of the world know what ""cheese"" is for american... I wouldn't buy that shit even if it's the last form of food in the whole world.",2025-05-20T14:15:58Z,-3,deusrev,funny,2025-05-26T07:05:57.801232Z
mt9y7nn,1kqxfai,reddit,I can't find anything Sacha Baron Cohen does funny anymore after he's been exposed to being a racist fraud.,2025-05-20T11:07:11Z,-16,Basic_Mark_1719,funny,2025-05-26T07:05:57.801236Z
mpvs0ft,1kbnfwf,reddit,"---      

>This is a friendly reminder to [read our rules](https://www.reddit.com/r/funny/wiki/rules). 
>
>Memes, social media, hate-speech, and [politics / political figures](https://www.reddit.com/r/funny/comments/160kuuf/reminder_any_political_content_will_earn_an/) are not allowed. 
>
>Screenshots of Reddit are expressly forbidden, as are TikTok videos.
>
>**Rule-breaking posts may result in bans.**
>
>Please also [be wary of spam](https://www.reddit.com/r/funny/wiki/spam).
>
---


*I am a bot, and this action was performed automatically. Please [contact the moderators of this subreddit](/message/compose/?to=/r/funny) if you have any questions or concerns.*",2025-04-30T18:18:36Z,1,AutoModerator,funny,2025-05-26T07:05:59.446262Z
mpwo77g,1kbnfwf,reddit,"I bet this guy wanted to play drums when he was a kid, but his parents made him play piano instead.",2025-04-30T20:55:21Z,63,GamerSDG,funny,2025-05-26T07:05:59.446274Z
mpw0sql,1kbnfwf,reddit,This is rock n roll.,2025-04-30T19:01:38Z,53,Tommy__want__wingy,funny,2025-05-26T07:05:59.446282Z
mpwau12,1kbnfwf,reddit,"It's that simple, folks.",2025-04-30T19:51:01Z,23,Buttmus,funny,2025-05-26T07:05:59.446289Z
mpxavbo,1kbnfwf,reddit,I'm telling my kids this was Lars Ulrich,2025-04-30T22:55:30Z,15,fuzzycuffs,funny,2025-05-26T07:05:59.446297Z
mpwmfwl,1kbnfwf,reddit,Man i remember this as an early youtube video back in the old days. The “This is rock and roll” kills me still.,2025-04-30T20:46:55Z,14,Southern-Ad7479,funny,2025-05-26T07:05:59.446305Z
mpw5xeu,1kbnfwf,reddit,this is rock and roll,2025-04-30T19:26:58Z,7,Bulawayoland,funny,2025-05-26T07:05:59.446313Z
mpvtpgw,1kbnfwf,reddit,Gives Futureman and his Synthaxedrumitar a run for the money.,2025-04-30T18:26:50Z,9,Fancy-Employment2318,funny,2025-05-26T07:05:59.446320Z
mpvt8gs,1kbnfwf,reddit,Reminds me of that drummer in the massive pink suit thing,2025-04-30T18:24:30Z,8,samcornwell,funny,2025-05-26T07:05:59.446327Z
mpw15lb,1kbnfwf,reddit,i can feel it coming in the air tonight,2025-04-30T19:03:27Z,6,nyrB2,funny,2025-05-26T07:05:59.446335Z
mpwt2x1,1kbnfwf,reddit,"I remember someone telling me a long time ago that some of the Creative Labs sound cards that go into computers also go into some keyboards. I remember thinking ... they should probably make a musical keyboard your can plug into your computer then. Apparently I never followed up on the idea, because then I would have known that Creative was already on it.


Creative Labs, I always liked them. Their Zen mp3 players were legit good.


Edit: Sound Blaster for life.",2025-04-30T21:19:29Z,6,RK5000,funny,2025-05-26T07:05:59.446342Z
mpwtjz7,1kbnfwf,reddit,damn... he's killing it.. best demo ever,2025-04-30T21:21:54Z,6,MrBammer,funny,2025-05-26T07:05:59.446350Z
mpwtd10,1kbnfwf,reddit,RIP Sim Wong Hoo,2025-04-30T21:20:54Z,4,Jytra,funny,2025-05-26T07:05:59.446357Z
mpxl9yp,1kbnfwf,reddit,"I was always a fan of the remix.


https://youtu.be/Q2LMg7Mesrc?si=iskl9ROhZA1pINjz",2025-04-30T23:53:49Z,2,borderex,funny,2025-05-26T07:05:59.446365Z
mq0jn40,1kbnfwf,reddit,r/restofthefuckingowl,2025-05-01T13:25:04Z,1,Awoken_Noob,funny,2025-05-26T07:05:59.446372Z
mpxwviu,1kbnfwf,reddit,This video has more trees than Maine.,2025-05-01T01:00:32Z,-1,OrneryAttorney7508,funny,2025-05-26T07:05:59.446380Z
mpx1qmh,1kbnfwf,reddit,Buddy Rich is rolling in his grave.,2025-04-30T22:04:30Z,0,jdend,funny,2025-05-26T07:05:59.446387Z
mpxmdvj,1kbnfwf,reddit,Total Garth moment at the end...,2025-05-01T00:00:01Z,0,skuunk,funny,2025-05-26T07:05:59.446394Z
mpym8hl,1kbnfwf,reddit,His name is Paul Seow. Here's the story of the video: [https://www.youtube.com/watch?v=jrepAnS9qWM](https://www.youtube.com/watch?v=jrepAnS9qWM),2025-05-01T03:34:23Z,0,mechant_papa,funny,2025-05-26T07:05:59.446402Z
mpymxb0,1kbnfwf,reddit,"OMG! I loved doing this with my first keyboard! Must have been 7 years old, naively thinking I sounded exactly like this guy, or better!",2025-05-01T03:39:15Z,0,WhatIsLoveMeDo,funny,2025-05-26T07:05:59.446409Z
mpyzagg,1kbnfwf,reddit,"I used to own a Creative MP3 player, you'd put a AAA battery into it, it was awesome.",2025-05-01T05:11:46Z,0,SumonaFlorence,funny,2025-05-26T07:05:59.446416Z
mpzlis2,1kbnfwf,reddit,"This makes me think of overnight cable TV, and feeling cozy. Under a blanket, bathed in the flickering glow. Reality TV has robbed people of these experiences, where presenters didn't shout at you, the joy in their product was evident in their quiet smile, the hot chocolate was hot on a cold night, and all was right with the world.",2025-05-01T08:55:53Z,0,madeanotheraccount,funny,2025-05-26T07:05:59.446423Z
mq14iku,1kbnfwf,reddit,I'm just glad we were informed that he's Asian.,2025-05-01T15:12:41Z,0,deadwood76,funny,2025-05-26T07:05:59.446430Z
mq1suwb,1kbnfwf,reddit,I still have this!  It kicks ass!,2025-05-01T17:11:54Z,0,Tshootr74,funny,2025-05-26T07:05:59.446438Z
mq5d9s6,1kbnfwf,reddit,Excuse me while rock out for a few.,2025-05-02T05:17:52Z,0,TheWhisperingFox,funny,2025-05-26T07:05:59.446445Z
mq5dry1,1kbnfwf,reddit,Not Quite My Tempo!,2025-05-02T05:22:18Z,0,FactLicker,funny,2025-05-26T07:05:59.446452Z
mpy1mbn,1kbnfwf,reddit,What is funny about this?,2025-05-01T01:28:13Z,-3,rydan,funny,2025-05-26T07:05:59.446459Z
mpxupgb,1kbnfwf,reddit,He is cheating. He is asian.,2025-05-01T00:48:01Z,-6,SatyrAngel,funny,2025-05-26T07:05:59.446467Z
mq5cygg,1kct6kl,reddit,"---      

>This is a friendly reminder to [read our rules](https://www.reddit.com/r/funny/wiki/rules). 
>
>Memes, social media, hate-speech, and [politics / political figures](https://www.reddit.com/r/funny/comments/160kuuf/reminder_any_political_content_will_earn_an/) are not allowed. 
>
>Screenshots of Reddit are expressly forbidden, as are TikTok videos.
>
>**Rule-breaking posts may result in bans.**
>
>Please also [be wary of spam](https://www.reddit.com/r/funny/wiki/spam).
>
---


*I am a bot, and this action was performed automatically. Please [contact the moderators of this subreddit](/message/compose/?to=/r/funny) if you have any questions or concerns.*",2025-05-02T05:15:10Z,1,AutoModerator,funny,2025-05-26T07:06:00.574233Z
mq5d6hp,1kct6kl,reddit,The answer is my name. It’s more of a riddle than trivia. ,2025-05-02T05:17:05Z,224,wizardrous,funny,2025-05-26T07:06:00.574246Z
mq5i8zh,1kct6kl,reddit,Doorbell or name.,2025-05-02T06:03:06Z,21,thehermit14,funny,2025-05-26T07:06:00.574254Z
mq5fj7a,1kct6kl,reddit,My time would also fit,2025-05-02T05:38:06Z,36,chefsslaad,funny,2025-05-26T07:06:00.574262Z
mq5y5ow,1kct6kl,reddit,"I would guess yesterday's question was ""what gets bigger the more you take away""

I think these ""trivia"" are just The Riddler's riddles from the 60's Batman series",2025-05-02T08:45:42Z,9,Smyth_With_A_Y,funny,2025-05-26T07:06:00.574270Z
mq5or2p,1kct6kl,reddit,Butt hole 🕳️,2025-05-02T07:06:34Z,12,Immediate_Arrival864,funny,2025-05-26T07:06:00.574278Z
mq76ork,1kct6kl,reddit,My wife,2025-05-02T14:09:49Z,5,cptbil,funny,2025-05-26T07:06:00.574287Z
mq61puf,1kct6kl,reddit,A name!,2025-05-02T09:23:10Z,3,deg_ru-alabo,funny,2025-05-26T07:06:00.574295Z
mq5huvk,1kct6kl,reddit,Your mom?  However the actual answer is most likely “your name “,2025-05-02T05:59:24Z,5,Galvanisare,funny,2025-05-26T07:06:00.574303Z
mq5jxtv,1kct6kl,reddit,"As far as my family is concerned, every single one of my possessions. Even the posh shower gel I specifically bought just as a treat for myself.",2025-05-02T06:19:12Z,6,rennarda,funny,2025-05-26T07:06:00.574310Z
mq5hfr0,1kct6kl,reddit,My Innocence 🥺,2025-05-02T05:55:25Z,2,Papacalling,funny,2025-05-26T07:06:00.574318Z
mq5i613,1kct6kl,reddit,My time,2025-05-02T06:02:19Z,1,keepaway94,funny,2025-05-26T07:06:00.574326Z
mq5nz2e,1kct6kl,reddit,Your name.,2025-05-02T06:58:43Z,1,N/A,funny,2025-05-26T07:06:00.574333Z
mq5trti,1kct6kl,reddit,My brain.,2025-05-02T07:58:46Z,1,SlammingMomma,funny,2025-05-26T07:06:00.574341Z
mq5v530,1kct6kl,reddit,My time,2025-05-02T08:13:12Z,1,Cooler67,funny,2025-05-26T07:06:00.574349Z
mq5w7om,1kct6kl,reddit,My name 🤷🏻‍♂️,2025-05-02T08:24:47Z,1,Praetorian_1975,funny,2025-05-26T07:06:00.574356Z
mq5zzk4,1kct6kl,reddit,"*Name* would be the correct answer, but another answer will be any kind of business- shop or online.",2025-05-02T09:04:52Z,1,PanicDeus,funny,2025-05-26T07:06:00.574364Z
mq61upj,1kct6kl,reddit,Anyone wanna jeopardy the last day’s answer?,2025-05-02T09:24:34Z,1,deg_ru-alabo,funny,2025-05-26T07:06:00.574372Z
mq66yn7,1kct6kl,reddit,This riddle was in God of war Ragnarok,2025-05-02T10:15:22Z,1,Ixziga,funny,2025-05-26T07:06:00.574379Z
mq6j8ha,1kct6kl,reddit,Taxes,2025-05-02T11:52:29Z,1,quinlivant,funny,2025-05-26T07:06:00.574387Z
mq6ns4f,1kct6kl,reddit,Phrasing,2025-05-02T12:22:48Z,1,ccseater2,funny,2025-05-26T07:06:00.574395Z
mq89dzd,1kct6kl,reddit,My time,2025-05-02T17:13:58Z,1,plastictoyman,funny,2025-05-26T07:06:00.574402Z
mq8k5zq,1kct6kl,reddit,My energy,2025-05-02T18:04:31Z,1,CoolBlackSmith75,funny,2025-05-26T07:06:00.574410Z
mq9fhez,1kct6kl,reddit,"Money.  I have it, but it was used by more people before and after I own it.",2025-05-02T20:38:49Z,1,GamingWithBilly,funny,2025-05-26T07:06:00.574419Z
mq6ep58,1kct6kl,reddit,Even when someone else speaks your name you are also using it. Same logic applies to email addresses and phone numbers. I can’t think of a way to word this better for clarity without revealing the answer.,2025-05-02T11:19:53Z,1,kgb17,funny,2025-05-26T07:06:00.574426Z
mq5ffv0,1kct6kl,reddit,"Hmm.. I would have answered with my facial expression. It's mine, but others use it to understand what I am feeling. Thinking on it, I don't think it 100% fits though.


Another commenter said it was your name, but I take umbrage with that answer as well. ",2025-05-02T05:37:14Z,0,prophaniti,funny,2025-05-26T07:06:00.574433Z
mq5qnh3,1kct6kl,reddit,My ex gf,2025-05-02T07:26:11Z,-3,vivi8392,funny,2025-05-26T07:06:00.574440Z
mq5hek6,1kct6kl,reddit,"A $20 bill. Money, more generally.",2025-05-02T05:55:07Z,0,AE_WILLIAMS,funny,2025-05-26T07:06:00.574447Z
mq5uhb7,1kct6kl,reddit,lowkey r/rareinsult,2025-05-02T08:06:10Z,0,eisnone,funny,2025-05-26T07:06:00.574454Z
mq5dz2k,1kct6kl,reddit,how is ahole the answer ? Don't we shit and fart a few times a day?,2025-05-02T05:24:03Z,-15,Ataraxia_new,funny,2025-05-26T07:06:00.574461Z
mp9d4k3,1k8v2e7,reddit,"---      

>This is a friendly reminder to [read our rules](https://www.reddit.com/r/funny/wiki/rules). 
>
>Memes, social media, hate-speech, and [politics / political figures](https://www.reddit.com/r/funny/comments/160kuuf/reminder_any_political_content_will_earn_an/) are not allowed. 
>
>Screenshots of Reddit are expressly forbidden, as are TikTok videos.
>
>**Rule-breaking posts may result in bans.**
>
>Please also [be wary of spam](https://www.reddit.com/r/funny/wiki/spam).
>
---


*I am a bot, and this action was performed automatically. Please [contact the moderators of this subreddit](/message/compose/?to=/r/funny) if you have any questions or concerns.*",2025-04-27T03:52:24Z,1,AutoModerator,funny,2025-05-26T07:06:01.486045Z
mpbvh60,1k8v2e7,reddit,Zip ties. Move now assholes,2025-04-27T15:50:45Z,11,Drakostheswordsman,funny,2025-05-26T07:06:01.486058Z
mpamjxo,1k8v2e7,reddit,A great analogy for the current state of America...,2025-04-27T11:08:06Z,4,aash_san,funny,2025-05-26T07:06:01.486066Z
mpa2t4n,1k8v2e7,reddit,"Makes me want to start another Fargo's + calamity run... 

I love me my digitized storage...",2025-04-27T07:45:37Z,1,Sihgilanu,funny,2025-05-26T07:06:01.486074Z
mrxivfx,1kkvwb9,reddit,"---      

>This is a friendly reminder to [read our rules](https://www.reddit.com/r/funny/wiki/rules). 
>
>Memes, social media, hate-speech, and [politics / political figures](https://www.reddit.com/r/funny/comments/160kuuf/reminder_any_political_content_will_earn_an/) are not allowed. 
>
>Screenshots of Reddit are expressly forbidden, as are TikTok videos.
>
>**Rule-breaking posts may result in bans.**
>
>Please also [be wary of spam](https://www.reddit.com/r/funny/wiki/spam).
>
---


*I am a bot, and this action was performed automatically. Please [contact the moderators of this subreddit](/message/compose/?to=/r/funny) if you have any questions or concerns.*",2025-05-12T15:48:49Z,1,AutoModerator,funny,2025-05-26T07:06:02.514560Z
mrxp1nh,1kkvwb9,reddit,"Cute that the older dog seems to be allowing the pup to ""win"" occasionally.",2025-05-12T16:19:17Z,29,okazoomi,funny,2025-05-26T07:06:02.514573Z
mryo24d,1kkvwb9,reddit,It's actually been studied that dogs have an instinct to let the smaller ones win in play because the little one will stop playing if it always loses.,2025-05-12T19:10:09Z,15,Ixziga,funny,2025-05-26T07:06:02.514581Z
mrz5mn0,1kkvwb9,reddit,As the saying goes: It's not the size of the dog in the fight but the size of the fight in the dog. Also big brother is letting her win a bit to keep her playing.,2025-05-12T20:38:07Z,5,SoftCattle,funny,2025-05-26T07:06:02.514590Z
mrxlruo,1kkvwb9,reddit,That's a unfair fight?😊,2025-05-12T16:03:00Z,3,indzis77,funny,2025-05-26T07:06:02.514598Z
mrzcjd7,1kkvwb9,reddit,What a good big bro the way he walks forward ❤️,2025-05-12T21:13:10Z,3,AutonomousBlob,funny,2025-05-26T07:06:02.514606Z
ms00azt,1kkvwb9,reddit,Your dog tax has been accepted,2025-05-12T23:23:49Z,2,ohgnome987,funny,2025-05-26T07:06:02.514614Z
ms8imri,1kkvwb9,reddit,I though I caught someone lacking,2025-05-14T08:14:14Z,1,draglnite,funny,2025-05-26T07:06:02.514622Z
mry6d5t,1kkvwb9,reddit,I can't tell if this is happy or angry resistance from the larger creature. These things usually come with enjoyment indicators installed near the rear quarter panels. This model seems to be missing such advancements.,2025-05-12T17:43:20Z,-2,thewaytonever,funny,2025-05-26T07:06:02.514629Z
mry8z88,1kkvwb9,reddit,That’s how a puppy snaps a tooth,2025-05-12T17:55:51Z,-5,Emileross0102,funny,2025-05-26T07:06:02.514637Z
mqt2lz6,1kfs0rx,reddit,"---      

>This is a friendly reminder to [read our rules](https://www.reddit.com/r/funny/wiki/rules). 
>
>Memes, social media, hate-speech, and [politics / political figures](https://www.reddit.com/r/funny/comments/160kuuf/reminder_any_political_content_will_earn_an/) are not allowed. 
>
>Screenshots of Reddit are expressly forbidden, as are TikTok videos.
>
>**Rule-breaking posts may result in bans.**
>
>Please also [be wary of spam](https://www.reddit.com/r/funny/wiki/spam).
>
---


*I am a bot, and this action was performed automatically. Please [contact the moderators of this subreddit](/message/compose/?to=/r/funny) if you have any questions or concerns.*",2025-05-06T00:56:12Z,1,AutoModerator,funny,2025-05-26T07:06:03.562309Z
mqt3f8o,1kfs0rx,reddit,"Man, that's the trouble with these modern call centres.

Couldn't get through to save your life.",2025-05-06T01:00:54Z,22,Sergeant-Politeness,funny,2025-05-26T07:06:03.562321Z
mqt6hy4,1kfs0rx,reddit,I like how the call center workers dress up like cops or security guards. That’s how seriously they take their jobs. Dressed up when no one will even see them.,2025-05-06T01:18:47Z,22,heynow941,funny,2025-05-26T07:06:03.562329Z
mqt9p0z,1kfs0rx,reddit,I've fallen and I can't get up!,2025-05-06T01:37:06Z,13,anderhole,funny,2025-05-26T07:06:03.562337Z
mqt4dy0,1kfs0rx,reddit,"Take my upvote, that was a good chuckle",2025-05-06T01:06:30Z,4,Snackater,funny,2025-05-26T07:06:03.562344Z
mqt68bo,1kfs0rx,reddit,Cold...,2025-05-06T01:17:13Z,3,solace_seeker1964,funny,2025-05-26T07:06:03.562351Z
mqu98mg,1kfs0rx,reddit,0118 999 881 99 9119 725 3,2025-05-06T05:45:25Z,3,msmegsands,funny,2025-05-26T07:06:03.562359Z
mqtn8pd,1kfs0rx,reddit,[had to do it](https://youtu.be/tysOrb9YbN8?feature=shared),2025-05-06T02:57:41Z,2,AIIseeingAi,funny,2025-05-26T07:06:03.562366Z
mqtrkc0,1kfs0rx,reddit,For a second I couldn’t figure out if I was watching the starwars Christmas special or not,2025-05-06T03:26:59Z,1,CupOk1403,funny,2025-05-26T07:06:03.562373Z
mqw2in7,1kfs0rx,reddit,Now that's a high fiber poop!,2025-05-06T14:31:15Z,1,spenpinner,funny,2025-05-26T07:06:03.562380Z
mqta1eo,1kfs0rx,reddit,Life Alert is that old? Or is Life Call a rival of Life Alert??,2025-05-06T01:39:02Z,0,Huski_Love,funny,2025-05-26T07:06:03.562388Z
mt6wacu,1kqnkka,reddit,"---      

>This is a friendly reminder to [read our rules](https://www.reddit.com/r/funny/wiki/rules). 
>
>Memes, social media, hate-speech, and [politics / political figures](https://www.reddit.com/r/funny/comments/160kuuf/reminder_any_political_content_will_earn_an/) are not allowed. 
>
>Screenshots of Reddit are expressly forbidden, as are TikTok videos.
>
>**Rule-breaking posts may result in bans.**
>
>Please also [be wary of spam](https://www.reddit.com/r/funny/wiki/spam).
>
---


*I am a bot, and this action was performed automatically. Please [contact the moderators of this subreddit](/message/compose/?to=/r/funny) if you have any questions or concerns.*",2025-05-19T21:20:20Z,1,AutoModerator,funny,2025-05-26T07:06:05.492876Z
mt6xis3,1kqnkka,reddit,Buy one house and furnish three more for free!,2025-05-19T21:26:47Z,48,YellowFew6603,funny,2025-05-26T07:06:05.492882Z
mt70a70,1kqnkka,reddit,"They had an official sign, but hoarded that too",2025-05-19T21:41:30Z,28,XI_Vanquish_IX,funny,2025-05-26T07:06:05.492886Z
mt78548,1kqnkka,reddit,It’s either 1 too many #’s or 2 #’s short,2025-05-19T22:25:30Z,26,hairyboxmunch,funny,2025-05-26T07:06:05.492889Z
mt6wktv,1kqnkka,reddit,I’ll give ‘em tree-fittee for the whole lot.,2025-05-19T21:21:51Z,81,D0tT0Th3C0m,funny,2025-05-26T07:06:05.492892Z
mt712uk,1kqnkka,reddit,Was this previously owned by a meth smoking raccoon? Maybe little guy needs sell it for legal fees...,2025-05-19T21:45:46Z,10,ConsequenceLivid9964,funny,2025-05-26T07:06:05.492896Z
mt6zeef,1kqnkka,reddit,Realtor’s name is Krylon,2025-05-19T21:36:45Z,9,Neue_Ziel,funny,2025-05-26T07:06:05.492899Z
mt748ze,1kqnkka,reddit,Rapid City (wouldn't you know it) South Dakota.  Actual RE agent phone number.  And if I (maybe) could tell by all the pix of all the houses -- this one sold (maybe).,2025-05-19T22:03:11Z,5,steved3604,funny,2025-05-26T07:06:05.492903Z
mt71lwa,1kqnkka,reddit,"They probably dont understand the value of property itself and could easily go low, raze it, resell the lot.",2025-05-19T21:48:38Z,5,Hue_Honey,funny,2025-05-26T07:06:05.492907Z
mt775dz,1kqnkka,reddit,Representing the 605 always keeping it classy 😭 I hate it here,2025-05-19T22:19:40Z,4,CadenceVDT,funny,2025-05-26T07:06:05.492910Z
mt6xl97,1kqnkka,reddit,"$60,593,128 for that?",2025-05-19T21:27:09Z,12,Glittering_Suspect65,funny,2025-05-26T07:06:05.492914Z
mt6wha4,1kqnkka,reddit,Funny?,2025-05-19T21:21:21Z,9,Gregorygregory888888,funny,2025-05-26T07:06:05.492917Z
mt6zkbv,1kqnkka,reddit,Motivated seller and you dont have to pay commissions whats the problem? 😬,2025-05-19T21:37:38Z,2,BBQ_IS_LIFE,funny,2025-05-26T07:06:05.492920Z
mt76bri,1kqnkka,reddit,"In the 1900’s my favorite sign was “Poch Sale,”
You could find some good stuff!",2025-05-19T22:14:56Z,2,mazurzapt,funny,2025-05-26T07:06:05.492924Z
mt76hoe,1kqnkka,reddit,"60,512,128?

Oddly specific.",2025-05-19T22:15:52Z,2,Hell-Yea-Brother,funny,2025-05-26T07:06:05.492927Z
mt9kgsp,1kqnkka,reddit,The “We buy houses” road sign people face their final boss.,2025-05-20T08:56:15Z,2,Pikeman212a6c,funny,2025-05-26T07:06:05.492930Z
mt6ygeq,1kqnkka,reddit,I say we dust off and nuke the site from orbit... it's the only way to be sure.,2025-05-19T21:31:42Z,2,Sirwired,funny,2025-05-26T07:06:05.492934Z
mt6yus4,1kqnkka,reddit,That's the number for an actual real estate company. Or it was at one time.,2025-05-19T21:33:49Z,2,ExtonGuy,funny,2025-05-26T07:06:05.492937Z
mt6ygjn,1kqnkka,reddit,He was arrogant with “HOUSE” had to start cutting corners…,2025-05-19T21:31:43Z,1,Open_Youth7092,funny,2025-05-26T07:06:05.492940Z
mt6zbmf,1kqnkka,reddit,Fo shizzle?,2025-05-19T21:36:19Z,1,Immaculatehombre,funny,2025-05-26T07:06:05.492944Z
mt6zu3s,1kqnkka,reddit,"I don't need to trace it, I know how big letters should be",2025-05-19T21:39:08Z,1,beartheminus,funny,2025-05-26T07:06:05.492947Z
mt70z3t,1kqnkka,reddit,This is low-key a good sign many people will call thinking it will be a guy who has no idea the value of their house lol,2025-05-19T21:45:13Z,1,Sploozer54,funny,2025-05-26T07:06:05.492950Z
mt731ri,1kqnkka,reddit,Better than:  HOSE FO SAL!,2025-05-19T21:56:28Z,1,captain42d,funny,2025-05-26T07:06:05.492953Z
mt741hc,1kqnkka,reddit,Ummm I dont think that's the price of the house. I think that's their phone number and you just doxxed it to the internet....,2025-05-19T22:02:00Z,1,Outcast_Outlaw,funny,2025-05-26T07:06:05.492957Z
mt746hz,1kqnkka,reddit,Good ol south dakota!,2025-05-19T22:02:48Z,1,OldOilyeyes,funny,2025-05-26T07:06:05.492960Z
mt74qi8,1kqnkka,reddit,"Better Call Saul, the realtor version",2025-05-19T22:06:00Z,1,Coast_watcher,funny,2025-05-26T07:06:05.492967Z
mt759e5,1kqnkka,reddit,Cash only upfront,2025-05-19T22:08:56Z,1,RedditCensorss,funny,2025-05-26T07:06:05.492970Z
mt7as1f,1kqnkka,reddit,“Free Bed Bugs!”,2025-05-19T22:40:55Z,1,aeturnes,funny,2025-05-26T07:06:05.492974Z
mt7ayfk,1kqnkka,reddit,"There's only one state in the union with that area code and their catch phrase was ""Meth. We're on it."" as a follow up to the colossal failure that was ""don't jerk and drive.""",2025-05-19T22:41:57Z,1,Lyrick_,funny,2025-05-26T07:06:05.492977Z
mt7b03k,1kqnkka,reddit,"I love that they got two letters into making the sign and then decided, “you know what, let’s add some pizazz and do alternating colours. That’ll really make it pop.”",2025-05-19T22:42:13Z,1,JimJam28,funny,2025-05-26T07:06:05.492980Z
mt7dv3s,1kqnkka,reddit,There was a hoarder house that went up for sale around me.  It was listed for 200k below the going rate for that style of house around here.  After talking to some realtor friends I found out it was being sold as is with everything in the house included.,2025-05-19T22:58:49Z,1,moosecanswim,funny,2025-05-26T07:06:05.492984Z
mt7j73w,1kqnkka,reddit,"Lots of red neck energy with the ""Fo Sale"" sign.",2025-05-19T23:29:38Z,1,ZirePhiinix,funny,2025-05-26T07:06:05.492987Z
mt7l6nb,1kqnkka,reddit,"For years to come, people will be coming to this house looking for meth.",2025-05-19T23:41:15Z,1,bobber18,funny,2025-05-26T07:06:05.492990Z
mt7ml92,1kqnkka,reddit,This has gotta be Rapid City,2025-05-19T23:49:22Z,1,brentiis,funny,2025-05-26T07:06:05.492994Z
mt7p5g4,1kqnkka,reddit,They started big and almost ran out of room 3 times. At least they used different colors and stuff,2025-05-20T00:04:42Z,1,ChickenOx6810,funny,2025-05-26T07:06:05.492997Z
mt7p6b4,1kqnkka,reddit,Funnacher included?,2025-05-20T00:04:50Z,1,outside_cat,funny,2025-05-26T07:06:05.493000Z
mt7upk1,1kqnkka,reddit,South Dakota,2025-05-20T00:38:49Z,1,Majestic-Lie2690,funny,2025-05-26T07:06:05.493004Z
mt7uwpo,1kqnkka,reddit,Got any more of those DIGITS?,2025-05-20T00:40:02Z,1,Call_Me_Mauve_Bib,funny,2025-05-26T07:06:05.493007Z
mt7we4i,1kqnkka,reddit,Surprised they only have one dog....,2025-05-20T00:49:12Z,1,According-Virus4229,funny,2025-05-26T07:06:05.493011Z
mt8b70q,1kqnkka,reddit,"(605)431-2879?


Has reddit tried phoning it to see if it's legit?",2025-05-20T02:21:26Z,1,Anakin_Sandwalker,funny,2025-05-26T07:06:05.493015Z
mt8dvn4,1kqnkka,reddit,Looks like something you'd see in SD...,2025-05-20T02:39:02Z,1,regiinmontana,funny,2025-05-26T07:06:05.493018Z
mt8o3u8,1kqnkka,reddit,I bet it smells absolutely wonderful in there.,2025-05-20T03:52:08Z,1,h1r0ll3r,funny,2025-05-26T07:06:05.493022Z
mt8q9u5,1kqnkka,reddit,Found the person writing the titles for half of the post i see.,2025-05-20T04:08:47Z,1,throw_blanket04,funny,2025-05-26T07:06:05.493026Z
mt9ap6p,1kqnkka,reddit,Bless them for keeping the rent and real estate prices down in you area.,2025-05-20T07:12:08Z,1,mudokin,funny,2025-05-26T07:06:05.493029Z
mta3x8z,1kqnkka,reddit,"""To prove you are not a robot, please type the garbled, unreadable letters above.""",2025-05-20T11:50:11Z,1,Julian_Sark,funny,2025-05-26T07:06:05.493033Z
mta7e2t,1kqnkka,reddit,605? This seems like south Dakota activities,2025-05-20T12:14:01Z,1,Swampie02_,funny,2025-05-26T07:06:05.493036Z
mtbv9fu,1kqnkka,reddit,priced at $1.9m,2025-05-20T17:26:50Z,1,fwambo42,funny,2025-05-26T07:06:05.493040Z
mt6wzf8,1kqnkka,reddit,😂😂😂,2025-05-19T21:23:58Z,-1,Shats_and_giggles,funny,2025-05-26T07:06:05.493043Z
mt6xx0b,1kqnkka,reddit,Hilarious!,2025-05-19T21:28:51Z,-1,Shats_and_giggles,funny,2025-05-26T07:06:05.493047Z
mta4qhd,1kqnkka,reddit,"The homeowner made the sign in black, then someone tried to fill in the blanks with green? Some people are even too stupid to shit.",2025-05-20T11:55:51Z,0,JeGezicht,funny,2025-05-26T07:06:05.493050Z
mpth2lr,1kbdgm0,reddit,"---      

>This is a friendly reminder to [read our rules](https://www.reddit.com/r/funny/wiki/rules). 
>
>Memes, social media, hate-speech, and [politics / political figures](https://www.reddit.com/r/funny/comments/160kuuf/reminder_any_political_content_will_earn_an/) are not allowed. 
>
>Screenshots of Reddit are expressly forbidden, as are TikTok videos.
>
>**Rule-breaking posts may result in bans.**
>
>Please also [be wary of spam](https://www.reddit.com/r/funny/wiki/spam).
>
---


*I am a bot, and this action was performed automatically. Please [contact the moderators of this subreddit](/message/compose/?to=/r/funny) if you have any questions or concerns.*",2025-04-30T10:50:40Z,1,AutoModerator,funny,2025-05-26T07:06:06.817067Z
mptq9f9,1kbdgm0,reddit,That line about having to hear it from someone else to believe it is too real.,2025-04-30T11:59:35Z,86,PasswordIsDongers,funny,2025-05-26T07:06:06.817079Z
mptrtfd,1kbdgm0,reddit,Slow down? I've said one sentence.,2025-04-30T12:10:05Z,58,hawkeye45_,funny,2025-05-26T07:06:06.817087Z
mptub0n,1kbdgm0,reddit,So those 70s/80s porno moustaches are just full on back or what?,2025-04-30T12:26:08Z,29,2slags_geddar,funny,2025-05-26T07:06:06.817095Z
mpuahtr,1kbdgm0,reddit,BigWinBeer???,2025-04-30T13:58:19Z,8,CaptDeathCap,funny,2025-05-26T07:06:06.817103Z
mpttsyw,1kbdgm0,reddit,This is good. Where more?,2025-04-30T12:22:57Z,4,joeyc923,funny,2025-05-26T07:06:06.817111Z
mpxvlrk,1kbdgm0,reddit,"You can almost replace all mention of being a doctor ( sorry Neurosurgeon ) with ""i was in the military"" and not a whole lot changes.",2025-05-01T00:53:12Z,5,Neoxite23,funny,2025-05-26T07:06:06.817119Z
mptmxka,1kbdgm0,reddit,My grandmother was a lesbian ,2025-04-30T11:36:16Z,10,DIYThrowaway01,funny,2025-05-26T07:06:06.817126Z
mq5v52g,1kbdgm0,reddit,Never thought I'd see director cogger here,2025-05-02T08:13:11Z,2,Z3R_,funny,2025-05-26T07:06:06.817134Z
mptjblm,1kbdgm0,reddit,"I learn something new everyday, and today is not to ask people about their job.",2025-04-30T11:08:57Z,2,musexistential,funny,2025-05-26T07:06:06.817142Z
mptl21v,1kbdgm0,reddit,This is peak comedy right here,2025-04-30T11:22:19Z,-5,CapnMurica1988,funny,2025-05-26T07:06:06.817149Z
mpu3btn,1kbdgm0,reddit,Why was time spent making this,2025-04-30T13:19:20Z,-13,WrongKindaGrowth,funny,2025-05-26T07:06:06.817157Z
mptk6cs,1kbdgm0,reddit,No comments about his job? Lol. You must be new here. His job sucks and swallows.,2025-04-30T11:15:36Z,-12,GM2Jacobs,funny,2025-05-26T07:06:06.817164Z
mr8oo51,1khq0jp,reddit,"---      

>This is a friendly reminder to [read our rules](https://www.reddit.com/r/funny/wiki/rules). 
>
>Memes, social media, hate-speech, and [politics / political figures](https://www.reddit.com/r/funny/comments/160kuuf/reminder_any_political_content_will_earn_an/) are not allowed. 
>
>Screenshots of Reddit are expressly forbidden, as are TikTok videos.
>
>**Rule-breaking posts may result in bans.**
>
>Please also [be wary of spam](https://www.reddit.com/r/funny/wiki/spam).
>
---


*I am a bot, and this action was performed automatically. Please [contact the moderators of this subreddit](/message/compose/?to=/r/funny) if you have any questions or concerns.*",2025-05-08T13:23:25Z,1,AutoModerator,funny,2025-05-26T07:06:08.453663Z
mr8p0t6,1khq0jp,reddit,"registration, not callsign 

https://www.flightradar24.com/data/aircraft/oh-sht 

a lovely diamond twinstar",2025-05-08T13:25:25Z,23,agha0013,funny,2025-05-26T07:06:08.453677Z
mr8rora,1khq0jp,reddit,Torilla tavataan,2025-05-08T13:40:11Z,10,FirefighterLevel8450,funny,2025-05-26T07:06:08.453686Z
mr8v6dj,1khq0jp,reddit,It does look like it’s executing a OHSHT maneuver,2025-05-08T13:58:39Z,9,bunnieLust,funny,2025-05-26T07:06:08.453694Z
mrc7hfw,1khq0jp,reddit,Flown by Captain Ho Lee Fuk,2025-05-09T00:15:27Z,5,DoomOne,funny,2025-05-26T07:06:08.453703Z
mr9fgjq,1khq0jp,reddit,PRKLE,2025-05-08T15:39:02Z,6,Clean-Nebula-923,funny,2025-05-26T07:06:08.453711Z
mrakt5q,1khq0jp,reddit,And it's heading to the asshole of Finland!,2025-05-08T18:59:11Z,5,Hezekiel,funny,2025-05-26T07:06:08.453740Z
mr8v5bd,1khq0jp,reddit,"[Ismo](https://youtu.be/igh9iO5BxBo?si=xVUJZemOJ8Y8IUp8), is that you?? Did you head back to Finland?",2025-05-08T13:58:30Z,2,zeindigofire,funny,2025-05-26T07:06:08.453749Z
mr8wb8w,1khq0jp,reddit,Oh shit! Lol,2025-05-08T14:04:37Z,2,Brief-Ear4127,funny,2025-05-26T07:06:08.453757Z
mravpw0,1khq0jp,reddit,Outstanding!,2025-05-08T19:53:10Z,2,cptbil,funny,2025-05-26T07:06:08.453765Z
mrbxj9n,1khq0jp,reddit,OH SHIT!,2025-05-08T23:15:14Z,2,JMaAtAPMT,funny,2025-05-26T07:06:08.453774Z
mqivy1h,1keiei7,reddit,"---      

>This is a friendly reminder to [read our rules](https://www.reddit.com/r/funny/wiki/rules). 
>
>Memes, social media, hate-speech, and [politics / political figures](https://www.reddit.com/r/funny/comments/160kuuf/reminder_any_political_content_will_earn_an/) are not allowed. 
>
>Screenshots of Reddit are expressly forbidden, as are TikTok videos.
>
>**Rule-breaking posts may result in bans.**
>
>Please also [be wary of spam](https://www.reddit.com/r/funny/wiki/spam).
>
---


*I am a bot, and this action was performed automatically. Please [contact the moderators of this subreddit](/message/compose/?to=/r/funny) if you have any questions or concerns.*",2025-05-04T12:14:05Z,1,AutoModerator,funny,2025-05-26T07:06:09.371029Z
mqiyj12,1keiei7,reddit,"I am in computer science. I need not sunshine to my survival. I do need water, though.",2025-05-04T12:33:00Z,2,luckydrzew,funny,2025-05-26T07:06:09.371042Z
ms6v5dv,1km2alf,reddit,"---      

>This is a friendly reminder to [read our rules](https://www.reddit.com/r/funny/wiki/rules). 
>
>Memes, social media, hate-speech, and [politics / political figures](https://www.reddit.com/r/funny/comments/160kuuf/reminder_any_political_content_will_earn_an/) are not allowed. 
>
>Screenshots of Reddit are expressly forbidden, as are TikTok videos.
>
>**Rule-breaking posts may result in bans.**
>
>Please also [be wary of spam](https://www.reddit.com/r/funny/wiki/spam).
>
---


*I am a bot, and this action was performed automatically. Please [contact the moderators of this subreddit](/message/compose/?to=/r/funny) if you have any questions or concerns.*",2025-05-14T00:44:46Z,1,AutoModerator,funny,2025-05-26T07:06:10.294001Z
ms6xjfh,1km2alf,reddit,Splooting.,2025-05-14T00:58:56Z,5,piscesman,funny,2025-05-26T07:06:10.294014Z
msb3gm7,1km2alf,reddit,Splooting and rebooting.,2025-05-14T17:48:22Z,2,GANDORF57,funny,2025-05-26T07:06:10.294023Z
mselzu3,1km2alf,reddit,The edibles kicked in and he doesn't want to be flung into the sky.,2025-05-15T06:08:24Z,2,SoftCattle,funny,2025-05-26T07:06:10.294032Z
msggrtn,1km2alf,reddit,Looks more like he’s been drinking and is afraid he’s gunna fall off.,2025-05-15T14:45:22Z,1,HolidayWheel5035,funny,2025-05-26T07:06:10.294040Z
msonyu4,1km2alf,reddit,Homeboy is just relaxing,2025-05-16T20:15:07Z,1,mateoroy12,funny,2025-05-26T07:06:10.294048Z
msrix5v,1km2alf,reddit,"that is hedonism, he ate too much hazelnut and now he can't breathe",2025-05-17T08:33:17Z,1,Arrow2304,funny,2025-05-26T07:06:10.294057Z
mtpqw71,1kt0hi6,reddit,"---      

>This is a friendly reminder to [read our rules](https://www.reddit.com/r/funny/wiki/rules). 
>
>Memes, social media, hate-speech, and [politics / political figures](https://www.reddit.com/r/funny/comments/160kuuf/reminder_any_political_content_will_earn_an/) are not allowed. 
>
>Screenshots of Reddit are expressly forbidden, as are TikTok videos.
>
>**Rule-breaking posts may result in bans.**
>
>Please also [be wary of spam](https://www.reddit.com/r/funny/wiki/spam).
>
---


*I am a bot, and this action was performed automatically. Please [contact the moderators of this subreddit](/message/compose/?to=/r/funny) if you have any questions or concerns.*",2025-05-22T20:05:45Z,1,AutoModerator,funny,2025-05-26T07:06:11.321639Z
mtps5xu,1kt0hi6,reddit,"Lmao, get faked, dad (or mom)",2025-05-22T20:11:52Z,46,TopMindOfR3ddit,funny,2025-05-26T07:06:11.321654Z
mtpwzee,1kt0hi6,reddit,That’s a Scottish fuck u,2025-05-22T20:35:01Z,38,Shamrocksf23,funny,2025-05-26T07:06:11.321667Z
mtqgfvu,1kt0hi6,reddit,"save it for when she's older, I'm sure she will use it a lot through her teenage years.",2025-05-22T22:15:47Z,16,BareMemories,funny,2025-05-26T07:06:11.321679Z
mtpscki,1kt0hi6,reddit,Isn't this that Scottish martial arts Mike Meyers talked about in So I Married An Axe Murderer?,2025-05-22T20:12:45Z,4,AhAhStayinAnonymous,funny,2025-05-26T07:06:11.321691Z
mtq99nu,1kt0hi6,reddit,r/fuckyouinparticular,2025-05-22T21:37:16Z,4,denisvolin,funny,2025-05-26T07:06:11.321704Z
mtpusfy,1kt0hi6,reddit,"Or suspiciously close to ""I'll do it"" in Romanian...",2025-05-22T20:24:29Z,2,Reinhardest,funny,2025-05-26T07:06:11.321726Z
mtqba3v,1kt0hi6,reddit,I’d hang that up,2025-05-22T21:48:01Z,3,Amthony11,funny,2025-05-26T07:06:11.321739Z
mtpuy59,1kt0hi6,reddit,Daddy’s little girl?,2025-05-22T20:25:15Z,2,xboxgamer2122,funny,2025-05-26T07:06:11.321752Z
mtq3tjq,1kt0hi6,reddit,Fuck Ye. She is a good one.,2025-05-22T21:08:25Z,2,Memoruiz7,funny,2025-05-26T07:06:11.321764Z
mtsngqe,1kt0hi6,reddit,“fake yue.” also known as “not penny’s boat”,2025-05-23T07:10:33Z,2,iridescentrae,funny,2025-05-26T07:06:11.321771Z
mtvrzmv,1kt0hi6,reddit,Daughter is a real one 👍,2025-05-23T18:43:26Z,1,JohnnyEagleClaw,funny,2025-05-26T07:06:11.321778Z
mu1jobg,1kt0hi6,reddit,"Plot twist, the daughter knows what she is really saying.",2025-05-24T17:47:08Z,1,Reshaos,funny,2025-05-26T07:06:11.321785Z
mu282sa,1kt0hi6,reddit,That one’s going in the “keep forever” box.,2025-05-24T20:03:17Z,1,milfsteak,funny,2025-05-26T07:06:11.321792Z
mtpxfy9,1kt0hi6,reddit,"Reminds me of a french skit where some comedians made a scene where they tried to say ""thank you very much"" and said ""ton cul vraiment moche"" which means ""your ass very ugly"" in french but sound similar than how a french would say ""thank you very much""",2025-05-22T20:37:13Z,1,iamlazyboy,funny,2025-05-26T07:06:11.321799Z
mtrce1b,1kt0hi6,reddit,Thought this was /r/okbuddyfresca for a sec,2025-05-23T01:21:41Z,1,Dancecomander,funny,2025-05-26T07:06:11.321806Z
mtpxi09,1kt0hi6,reddit,Nice!!!!😊,2025-05-22T20:37:30Z,-1,Simple_Union_3097,funny,2025-05-26T07:06:11.321812Z
mtsibeh,1kt0hi6,reddit,hahahahhaahahhaahahahaha,2025-05-23T06:22:32Z,-2,SidewaySojourner5271,funny,2025-05-26T07:06:11.321819Z
mrnrld3,1kjm8s9,reddit,"---      

>This is a friendly reminder to [read our rules](https://www.reddit.com/r/funny/wiki/rules). 
>
>Memes, social media, hate-speech, and [politics / political figures](https://www.reddit.com/r/funny/comments/160kuuf/reminder_any_political_content_will_earn_an/) are not allowed. 
>
>Screenshots of Reddit are expressly forbidden, as are TikTok videos.
>
>**Rule-breaking posts may result in bans.**
>
>Please also [be wary of spam](https://www.reddit.com/r/funny/wiki/spam).
>
---


*I am a bot, and this action was performed automatically. Please [contact the moderators of this subreddit](/message/compose/?to=/r/funny) if you have any questions or concerns.*",2025-05-10T22:34:34Z,1,AutoModerator,funny,2025-05-26T07:06:13.408447Z
mrntl7p,1kjm8s9,reddit,Mine don't like eating unless I specifically watch them. They don't eat unless I'm around where they can see me and I'm looking at them.,2025-05-10T22:47:26Z,43,Conspiratorymadness,funny,2025-05-26T07:06:13.408459Z
mrnyvn8,1kjm8s9,reddit,Me neither 🫥,2025-05-10T23:20:58Z,8,VDonut,funny,2025-05-26T07:06:13.408467Z
mrodf7w,1kjm8s9,reddit,"I find that dogs are either

 ""I'm protecting and eating my food, which you gave me, from you""

Or

""you gave me this food so protect me while I'm eating it""",2025-05-11T00:54:49Z,6,Royd,funny,2025-05-26T07:06:13.408475Z
mrnudbc,1kjm8s9,reddit,I gotta dog like that. I compare her to a gazelle in the Sahara. If you look at her while she eats or drinks she lowers her head and watches you back until you look away. Then she keeps eating.,2025-05-10T22:52:26Z,3,Dr_Catfish,funny,2025-05-26T07:06:13.408483Z
mro396i,1kjm8s9,reddit,My boy won't eat unless I watch him. He turns around after every bite to make sure I'm still there.,2025-05-10T23:48:11Z,3,OberynRedViper8,funny,2025-05-26T07:06:13.408491Z
mro4gmw,1kjm8s9,reddit,Yeah my dog needs to be fed in a different room from all people and my other dog.,2025-05-10T23:55:46Z,3,Give-Me-The-Bat,funny,2025-05-26T07:06:13.408499Z
mro8xpd,1kjm8s9,reddit,"My mothers dog is extremely picky and often refuses to eat.    
Since I visit every few days for work I pretend to take an interest in her food and she eats purely out of spite and worry that I’ll eat her food.   
(Safely, I make sure to not give her reason to be aggressive)",2025-05-11T00:25:12Z,3,Working-Albatross-19,funny,2025-05-26T07:06:13.408507Z
mroalts,1kjm8s9,reddit,"Honestly, same.


This ain't a spectator sport. When I'm eating, leave me alone.",2025-05-11T00:36:19Z,3,msnmck,funny,2025-05-26T07:06:13.408515Z
mrnvhwz,1kjm8s9,reddit,I don’t know if that’s a good sign. That eye contact is a warning. That’s prolonged eye contact. If I make eye contact like that I’m thinking about snatching a soul. I wouldn’t try taking that food away from her. I hope I’m wrong.,2025-05-10T22:59:37Z,6,NeatTreat8591,funny,2025-05-26T07:06:13.408522Z
mro8baj,1kjm8s9,reddit,Never mind that. Is that a symphonic 5 disc CD changer?,2025-05-11T00:21:01Z,2,seeyousoon2,funny,2025-05-26T07:06:13.408530Z
mrqn5cv,1kjm8s9,reddit,She doesn't like being laughed at while enjoying her gourmet meal,2025-05-11T12:34:34Z,2,Recentstranger,funny,2025-05-26T07:06:13.408538Z
mrsitjv,1kjm8s9,reddit,Awwwwwwwwww! I love dogs. :),2025-05-11T18:53:32Z,2,Pikminfan300,funny,2025-05-26T07:06:13.408551Z
mrnvi8p,1kjm8s9,reddit,*bork loading* -doggo probably,2025-05-10T22:59:40Z,2,Akira510,funny,2025-05-26T07:06:13.408559Z
mrpv4dh,1kjm8s9,reddit,Why is the bowl in the middle of the floor?,2025-05-11T08:07:56Z,1,GravitationalEddie,funny,2025-05-26T07:06:13.408566Z
mrttgbh,1kjm8s9,reddit,"Feed your dog with your hand. Then when the dog is comfortable, the food can go in a bowl.",2025-05-11T23:19:48Z,1,wiilbehung,funny,2025-05-26T07:06:13.408574Z
mrnsimx,1kjm8s9,reddit,I certainly wouldn’t mess with her! 😉 Too cute!,2025-05-10T22:40:29Z,1,Yo_WhoNeeds2Know,funny,2025-05-26T07:06:13.408582Z
mrnvdpz,1kjm8s9,reddit,[deleted],2025-05-10T22:58:51Z,1,N/A,funny,2025-05-26T07:06:13.408590Z
mroco89,1kjm8s9,reddit,"Being fed in the middle of room where it's normally not fed, hears owner laugh, looks up.",2025-05-11T00:49:57Z,1,mesalocal,funny,2025-05-26T07:06:13.408597Z
mrocbg5,1kjm8s9,reddit,"She's going to eat your toddlers for this, smh",2025-05-11T00:47:37Z,0,KatyaBelli,funny,2025-05-26T07:06:13.408605Z
mtwq5ka,1ktvca8,reddit,"---      

>This is a friendly reminder to [read our rules](https://www.reddit.com/r/funny/wiki/rules). 
>
>Memes, social media, hate-speech, and [politics / political figures](https://www.reddit.com/r/funny/comments/160kuuf/reminder_any_political_content_will_earn_an/) are not allowed. 
>
>Screenshots of Reddit are expressly forbidden, as are TikTok videos.
>
>**Rule-breaking posts may result in bans.**
>
>Please also [be wary of spam](https://www.reddit.com/r/funny/wiki/spam).
>
---


*I am a bot, and this action was performed automatically. Please [contact the moderators of this subreddit](/message/compose/?to=/r/funny) if you have any questions or concerns.*",2025-05-23T21:38:48Z,1,AutoModerator,funny,2025-05-26T07:06:14.300304Z
mtwrhix,1ktvca8,reddit,Thousands years ago they convinced us that we domesticated them.,2025-05-23T21:46:12Z,4,cyriustalk,funny,2025-05-26T07:06:14.300316Z
mtz4xer,1ktvca8,reddit,high quality photo god damn,2025-05-24T07:58:10Z,1,PotatoQoQ,funny,2025-05-26T07:06:14.300323Z
mu4b42c,1ktvca8,reddit,"Don't mess with him. Terriers are small, but in his mind, he's a wolf.",2025-05-25T04:04:59Z,1,Funny-Presence4228,funny,2025-05-26T07:06:14.300332Z
mtwq6tl,1ktvca8,reddit,Pure calm,2025-05-23T21:38:59Z,0,Prestigious-World857,funny,2025-05-26T07:06:14.300340Z
mtwxg6q,1ktvca8,reddit,As it should be.,2025-05-23T22:20:04Z,0,geekyheart225,funny,2025-05-26T07:06:14.300347Z
mtx0g19,1ktvca8,reddit,That is a good baby whose belly is invariably pink with perfectly placed black spots.,2025-05-23T22:37:36Z,-1,victorspoilz,funny,2025-05-26T07:06:14.300355Z
mtws11r,1ktvca8,reddit,"""Welcome. Can I offer you a chance to feed me my favorite doggy treats? They're sitting on the counter inside a bowl if you want to bring them out here.""",2025-05-23T21:49:11Z,-2,Ephemeralstyl3,funny,2025-05-26T07:06:14.300363Z
mu3fmx5,1kupwhj,reddit,"---      

>This is a friendly reminder to [read our rules](https://www.reddit.com/r/funny/wiki/rules). 
>
>Memes, social media, hate-speech, and [politics / political figures](https://www.reddit.com/r/funny/comments/160kuuf/reminder_any_political_content_will_earn_an/) are not allowed. 
>
>Screenshots of Reddit are expressly forbidden, as are TikTok videos.
>
>**Rule-breaking posts may result in bans.**
>
>Please also [be wary of spam](https://www.reddit.com/r/funny/wiki/spam).
>
---


*I am a bot, and this action was performed automatically. Please [contact the moderators of this subreddit](/message/compose/?to=/r/funny) if you have any questions or concerns.*",2025-05-25T00:27:18Z,1,AutoModerator,funny,2025-05-26T07:06:15.314076Z
mu3qix5,1kupwhj,reddit,#3 was able to Ketchup,2025-05-25T01:38:04Z,18,Venomspiderspit,funny,2025-05-26T07:06:15.314088Z
mu3gdpo,1kupwhj,reddit,Best use of a smart board.,2025-05-25T00:32:11Z,11,joestaff,funny,2025-05-26T07:06:15.314097Z
mu3jp0u,1kupwhj,reddit,We’re all trying to figure out who did this,2025-05-25T00:53:40Z,4,rickyg_79,funny,2025-05-26T07:06:15.314104Z
mu3g9oh,1kupwhj,reddit,It’s not the size it’s how you drive,2025-05-25T00:31:26Z,1,IAmJames605,funny,2025-05-26T07:06:15.314113Z
mu3hwpu,1kupwhj,reddit,Weenie,2025-05-25T00:42:10Z,1,netteo,funny,2025-05-26T07:06:15.314121Z
mu3mnjo,1kupwhj,reddit,I want one SO SO BADLY,2025-05-25T01:12:41Z,1,VirginNsd2002,funny,2025-05-26T07:06:15.314129Z
mu3vh7b,1kupwhj,reddit,"My road worthy weiner
 is turbocharged baby",2025-05-25T02:10:53Z,1,DJohnstone74,funny,2025-05-26T07:06:15.314137Z
mu3wpdv,1kupwhj,reddit,Which one was the wurst?,2025-05-25T02:19:19Z,1,compuwiza1,funny,2025-05-26T07:06:15.314145Z
mu40siz,1kupwhj,reddit,Gotta ketchup and mustard the courage.,2025-05-25T02:46:53Z,1,Naive-Present2900,funny,2025-05-26T07:06:15.314153Z
mu41m5f,1kupwhj,reddit,I smell a contender for r/theocho,2025-05-25T02:52:38Z,1,ThisisThomasJ,funny,2025-05-26T07:06:15.314160Z
mu44f1q,1kupwhj,reddit,Stop trying to convince me that Oscar Mayer wasn't actually spelled Oscar Meyer,2025-05-25T03:13:12Z,1,ReallyGottaTakeAPiss,funny,2025-05-26T07:06:15.314168Z
mu45nmu,1kupwhj,reddit,Rigged,2025-05-25T03:22:31Z,1,iGotPoint999Problems,funny,2025-05-26T07:06:15.314175Z
mu4623r,1kupwhj,reddit,American bread and circuses circa 2025.,2025-05-25T03:25:37Z,1,deez-legumes,funny,2025-05-26T07:06:15.314183Z
mu46wa6,1kupwhj,reddit,I think these guys had a weiner race of their own afterward.,2025-05-25T03:32:02Z,1,R_Soul_,funny,2025-05-26T07:06:15.314190Z
mu4jxtm,1kupwhj,reddit,The wiener came in from behind.,2025-05-25T05:20:18Z,1,SchwuleMaus,funny,2025-05-26T07:06:15.314198Z
muasagu,1kupwhj,reddit,"C3 took first place, but at the end of the day they are all wieners.",2025-05-26T06:06:45Z,1,RAFA1o1,funny,2025-05-26T07:06:15.314206Z
mu3i6mn,1kupwhj,reddit,What did it ran on again? Mustard or Ketchup?,2025-05-25T00:43:55Z,1,ODCreature98,funny,2025-05-26T07:06:15.314214Z
mtjmahy,1ks9bmr,reddit,"---      

>This is a friendly reminder to [read our rules](https://www.reddit.com/r/funny/wiki/rules). 
>
>Memes, social media, hate-speech, and [politics / political figures](https://www.reddit.com/r/funny/comments/160kuuf/reminder_any_political_content_will_earn_an/) are not allowed. 
>
>Screenshots of Reddit are expressly forbidden, as are TikTok videos.
>
>**Rule-breaking posts may result in bans.**
>
>Please also [be wary of spam](https://www.reddit.com/r/funny/wiki/spam).
>
---


*I am a bot, and this action was performed automatically. Please [contact the moderators of this subreddit](/message/compose/?to=/r/funny) if you have any questions or concerns.*",2025-05-21T21:13:21Z,1,AutoModerator,funny,2025-05-26T07:06:17.371200Z
mtjohho,1ks9bmr,reddit,"""I'd like a venti shawarma"".",2025-05-21T21:23:59Z,147,the_red_scimitar,funny,2025-05-26T07:06:17.371209Z
mtjxqlo,1ks9bmr,reddit,Cease and desist kabob,2025-05-21T22:11:34Z,69,KnowBearFeet,funny,2025-05-26T07:06:17.371215Z
mtjsu5k,1ks9bmr,reddit,Next door to the McDowell's,2025-05-21T21:45:53Z,42,YesterShill,funny,2025-05-26T07:06:17.371221Z
mtk5esy,1ks9bmr,reddit,Nathan Fielder at it again,2025-05-21T22:54:20Z,29,tylersavery,funny,2025-05-26T07:06:17.371227Z
mtjviwq,1ks9bmr,reddit,I bet they over roast their falafel.,2025-05-21T21:59:43Z,11,FinsterFolly,funny,2025-05-26T07:06:17.371232Z
mtjq6uv,1ks9bmr,reddit,ice cream breakfast sounds good,2025-05-21T21:32:28Z,15,gloop524,funny,2025-05-26T07:06:17.371238Z
mtjvrec,1ks9bmr,reddit,Lawsuit incoming.,2025-05-21T22:00:57Z,8,Southern-Swan5683,funny,2025-05-26T07:06:17.371243Z
mtju0xl,1ks9bmr,reddit,I bet that shits bomb tho,2025-05-21T21:51:58Z,7,Big_Pound1262,funny,2025-05-26T07:06:17.371249Z
mtjw0ry,1ks9bmr,reddit,Does this mean that they burn the falafel and a robot carves it?,2025-05-21T22:02:20Z,8,Ok-Improvement-3670,funny,2025-05-26T07:06:17.371255Z
mtjxvlg,1ks9bmr,reddit,"Won't last long
I worked for a guy named max his company imax electric until imax theater went after him name change to emax",2025-05-21T22:12:18Z,6,Swimming_Parsley5554,funny,2025-05-26T07:06:17.371260Z
mtk2tvp,1ks9bmr,reddit,"Because fuck trademarks.  ""The owner""",2025-05-21T22:39:50Z,3,firejuggler74,funny,2025-05-26T07:06:17.371265Z
mtk1mtq,1ks9bmr,reddit,"If they take Starbucks gift cards, I’m so there!",2025-05-21T22:33:03Z,3,lookinside000,funny,2025-05-26T07:06:17.371271Z
mtka0xk,1ks9bmr,reddit,"r/mildlyinfuriating The way they spell Falafel on the top sign, and how they spell it in the right window.",2025-05-21T23:20:10Z,3,Jack_Bartowski,funny,2025-05-26T07:06:17.371276Z
mtkaxu4,1ks9bmr,reddit,Somebody is about to get a crash course in US trademark law.,2025-05-21T23:25:22Z,3,kd8qdz,funny,2025-05-26T07:06:17.371282Z
mtjmuzp,1ks9bmr,reddit,FLAFEL.,2025-05-21T21:16:04Z,6,-PM_Me_Dat_Ass_Girl-,funny,2025-05-26T07:06:17.371287Z
mtjymz3,1ks9bmr,reddit,Is that wall intentionally that crooked?,2025-05-21T22:16:26Z,2,PetSoundsSucks,funny,2025-05-26T07:06:17.371293Z
mtjyx3k,1ks9bmr,reddit,Venti lawsuit incoming.,2025-05-21T22:17:57Z,2,moneyscan,funny,2025-05-26T07:06:17.371299Z
mtjzg4p,1ks9bmr,reddit,There's nottime for a handjob,2025-05-21T22:20:51Z,2,Niceguy4186,funny,2025-05-26T07:06:17.371304Z
mtk9nex,1ks9bmr,reddit,You had me at Ice Cream Breakfast,2025-05-21T23:18:02Z,2,mariocatshovel,funny,2025-05-26T07:06:17.371310Z
mtkzrfd,1ks9bmr,reddit,That sounds way better than actual Starbucks,2025-05-22T01:49:15Z,2,barbrady123,funny,2025-05-26T07:06:17.371315Z
mtlotgk,1ks9bmr,reddit,Yeah I'll take one ice cream breakfast please,2025-05-22T04:30:12Z,2,MildUsername,funny,2025-05-26T07:06:17.371321Z
mtjz44v,1ks9bmr,reddit,Falafel made with coffee grinds? lolz,2025-05-21T22:19:01Z,1,fldsmdfrv2,funny,2025-05-26T07:06:17.371327Z
mtjzpxx,1ks9bmr,reddit,I bet they make a mean falafel float,2025-05-21T22:22:22Z,1,Bubble_gump_stump,funny,2025-05-26T07:06:17.371332Z
mtk17zc,1ks9bmr,reddit,"Where is this? Didn't wanna dox, but need to know!",2025-05-21T22:30:44Z,1,fap-on-fap-off,funny,2025-05-26T07:06:17.371338Z
mtk2zkk,1ks9bmr,reddit,god…2025 is so damn stupid.,2025-05-21T22:40:43Z,1,whileimstillhere,funny,2025-05-26T07:06:17.371343Z
mtk8ab5,1ks9bmr,reddit,"Trust me, if you eat there you,'ll Falafel.",2025-05-21T23:10:23Z,1,prlugo4162,funny,2025-05-26T07:06:17.371348Z
mtk8u94,1ks9bmr,reddit,How's their coffee?,2025-05-21T23:13:31Z,1,19seventy-eight,funny,2025-05-26T07:06:17.371354Z
mtkcsxy,1ks9bmr,reddit,"Welcome to Costco, I love you",2025-05-21T23:35:50Z,1,gmotelet,funny,2025-05-26T07:06:17.371360Z
mtkf94q,1ks9bmr,reddit,Tell me immigrants aren’t innovators. I’ll wait.,2025-05-21T23:49:46Z,1,br0therjames55,funny,2025-05-26T07:06:17.371366Z
mtks9hp,1ks9bmr,reddit,Ice cream and breakfast!?  Hell yeah,2025-05-22T01:05:22Z,1,Melodic-Picture48,funny,2025-05-26T07:06:17.371371Z
mtkue1o,1ks9bmr,reddit,That Falafel is gonna be burrrrnt,2025-05-22T01:17:54Z,1,BlindlyOptomistic,funny,2025-05-26T07:06:17.371377Z
mtkvglu,1ks9bmr,reddit,That's a falafel lot.,2025-05-22T01:24:10Z,1,Hell-Yea-Brother,funny,2025-05-26T07:06:17.371383Z
mtle28q,1ks9bmr,reddit,This place is having an identity crisis.,2025-05-22T03:14:17Z,1,geccles,funny,2025-05-26T07:06:17.371389Z
mtlfy8u,1ks9bmr,reddit,Khlav Kalash?!,2025-05-22T03:26:08Z,1,judgesUwhenUfart,funny,2025-05-26T07:06:17.371395Z
mtm62fd,1ks9bmr,reddit,On the side they sell flafel.,2025-05-22T07:01:52Z,1,Responsible-Summer-4,funny,2025-05-26T07:06:17.371401Z
mtmhn43,1ks9bmr,reddit,big r/nathanfielder energy,2025-05-22T09:00:44Z,1,zeekertron,funny,2025-05-26T07:06:17.371406Z
mtmjahp,1ks9bmr,reddit,It does say Flafel on the side,2025-05-22T09:17:52Z,1,shadraig,funny,2025-05-26T07:06:17.371412Z
mtmv24v,1ks9bmr,reddit,I would probably eat a pumpkin spice falafel,2025-05-22T11:04:57Z,1,danby,funny,2025-05-26T07:06:17.371418Z
mtn2fsw,1ks9bmr,reddit,"Maybe this store is not in USA? I think they would be sued to extinction.

PS Starbucks does sell falafel 

https://www.starbucks.com/menu/product/2124655/single",2025-05-22T11:58:10Z,1,reddit_user13,funny,2025-05-26T07:06:17.371424Z
mtnqfk4,1ks9bmr,reddit,"My brother saw this on our way back from the store the other day.

""Surely, that's not legal right?"" and I just shrugged and replied ""we'll see!"".",2025-05-22T14:16:23Z,1,LarxII,funny,2025-05-26T07:06:17.371430Z
mto43qp,1ks9bmr,reddit,Had me at ice-cream breakfast,2025-05-22T15:23:17Z,1,slayer828,funny,2025-05-26T07:06:17.371435Z
mto75pq,1ks9bmr,reddit,At first I thought this was AI-generated.,2025-05-22T15:37:52Z,1,ModeratFortuneCookie,funny,2025-05-26T07:06:17.371441Z
mtowgmi,1ks9bmr,reddit,"If they have ice cream for breakfast, I’m there!",2025-05-22T17:38:46Z,1,Trinity-nottiffany,funny,2025-05-26T07:06:17.371446Z
mtr2ssn,1ks9bmr,reddit,We need more of these and less of the other ones.,2025-05-23T00:24:09Z,1,egzsc,funny,2025-05-26T07:06:17.371452Z
mttcf4p,1ks9bmr,reddit,Alison Burger,2025-05-23T11:08:34Z,1,bwedlo,funny,2025-05-26T07:06:17.371458Z
mtu9n7r,1ks9bmr,reddit,You will falafel after dining there!,2025-05-23T14:25:11Z,1,decoran_,funny,2025-05-26T07:06:17.371463Z
mtxdkf2,1ks9bmr,reddit,Reminds me of Dumb Starbucks,2025-05-23T23:55:09Z,1,Fackinsaxy,funny,2025-05-26T07:06:17.371469Z
mtk5m2v,1ks9bmr,reddit,It's dumb Starbucks all over again.,2025-05-21T22:55:26Z,1,zelostos,funny,2025-05-26T07:06:17.371475Z
mtl2795,1ks9bmr,reddit,Dumb Starbucks anybody?,2025-05-22T02:03:32Z,0,Savage-Goat-Fish,funny,2025-05-26T07:06:17.371481Z
mtlfhz5,1ks9bmr,reddit,"Grand opening!

Grand closing!",2025-05-22T03:23:11Z,0,Maleficent-Squash746,funny,2025-05-26T07:06:17.371486Z
mtlq3zv,1ks9bmr,reddit,"Starbucks Falafel--we won't remember your names, and you won't be able to pronounce ours.",2025-05-22T04:40:20Z,0,stormpilgrim,funny,2025-05-26T07:06:17.371492Z
mtlv0nc,1ks9bmr,reddit,"I'll have a garlic... one of those garlic bullshit things. You know, whatever you want, some garlic bullshit felafel wrap thing. Whatever you got.",2025-05-22T05:20:30Z,0,healsey,funny,2025-05-26T07:06:17.371497Z
mtkvzj2,1ks9bmr,reddit,Uncreative people are dregs for society.,2025-05-22T01:27:15Z,-1,ArOnodrim_,funny,2025-05-26T07:06:17.371503Z
mr8n947,1khpu02,reddit,"---      

>This is a friendly reminder to [read our rules](https://www.reddit.com/r/funny/wiki/rules). 
>
>Memes, social media, hate-speech, and [politics / political figures](https://www.reddit.com/r/funny/comments/160kuuf/reminder_any_political_content_will_earn_an/) are not allowed. 
>
>Screenshots of Reddit are expressly forbidden, as are TikTok videos.
>
>**Rule-breaking posts may result in bans.**
>
>Please also [be wary of spam](https://www.reddit.com/r/funny/wiki/spam).
>
---


*I am a bot, and this action was performed automatically. Please [contact the moderators of this subreddit](/message/compose/?to=/r/funny) if you have any questions or concerns.*",2025-05-08T13:15:21Z,1,AutoModerator,funny,2025-05-26T07:06:18.386130Z
mr8rf1w,1khpu02,reddit,"This photo will definitly be used in some horror clickbait video within 2 hours. 
“Dont EVER check your phone at MIDNIGHT and THIS IS WHY”",2025-05-08T13:38:45Z,54,Appleflavour,funny,2025-05-26T07:06:18.386142Z
mr8s3rr,1khpu02,reddit,Do you want to play a game?,2025-05-08T13:42:24Z,14,Glacial_Shield_W,funny,2025-05-26T07:06:18.386150Z
mr8s453,1khpu02,reddit,I didn't know Johnny started calling ahead. How kind of him.,2025-05-08T13:42:27Z,10,yticomodnar,funny,2025-05-26T07:06:18.386158Z
mr8orty,1khpu02,reddit,"No, but you could invite him to a signal chat.",2025-05-08T13:24:00Z,11,ChrisMess,funny,2025-05-26T07:06:18.386166Z
mr8obfw,1khpu02,reddit,I don’t see why ghosting your mother in law,2025-05-08T13:21:26Z,12,bannedBunnie,funny,2025-05-26T07:06:18.386174Z
mr8r5kw,1khpu02,reddit,You only die once,2025-05-08T13:37:18Z,2,PaladinSaladin,funny,2025-05-26T07:06:18.386182Z
mr91tkm,1khpu02,reddit,"""Who is it?""


""Goons"" ",2025-05-08T14:32:18Z,5,coolguy420weed,funny,2025-05-26T07:06:18.386190Z
mr8obro,1khpu02,reddit,Opening scene for scream 8,2025-05-08T13:21:29Z,3,Dirty_Bird95,funny,2025-05-26T07:06:18.386197Z
mr9066h,1khpu02,reddit,Must be my ex. Wouldn't recommend.,2025-05-08T14:24:05Z,3,fatherauby,funny,2025-05-26T07:06:18.386205Z
mr97xnz,1khpu02,reddit,Ahh … probably not his real name.,2025-05-08T15:02:25Z,3,RebelSoul5,funny,2025-05-26T07:06:18.386213Z
mr9bxet,1khpu02,reddit,Doesn't matter...  It's coming from INSIDE the house!,2025-05-08T15:21:56Z,3,edahs,funny,2025-05-26T07:06:18.386220Z
mr9udo9,1khpu02,reddit,[Da Maniac!](https://www.youtube.com/watch?v=oUKXkVZ4_kc),2025-05-08T16:51:48Z,3,blo0dlu5t,funny,2025-05-26T07:06:18.386234Z
mr9xear,1khpu02,reddit,IT’S SABU!!! 👆🏼 FTW!,2025-05-08T17:06:10Z,3,Sithmaggot,funny,2025-05-26T07:06:18.386242Z
mr8r6t0,1khpu02,reddit,"And, here...we...go....",2025-05-08T13:37:29Z,2,LetsGoPanthers29,funny,2025-05-26T07:06:18.386250Z
mr8shac,1khpu02,reddit,"Just forward them to me, thanks.",2025-05-08T13:44:24Z,2,Sxualhrssmntpanda,funny,2025-05-26T07:06:18.386258Z
mr8x6oy,1khpu02,reddit,"Actually yes, I'd rather get a clue of what's gonna happen than to have it catch me by surprise.",2025-05-08T14:09:07Z,2,julianx2rl,funny,2025-05-26T07:06:18.386265Z
mr96b0b,1khpu02,reddit,Slowly walk away and close all your doors and windows and put on your tinfoil hat there on to you brother. Lol,2025-05-08T14:54:24Z,2,JadeSmoke420,funny,2025-05-26T07:06:18.386273Z
mrd148y,1khpu02,reddit,Don’t bother. The call is coming from inside the house. ,2025-05-09T03:24:10Z,2,Educational-Milk5099,funny,2025-05-26T07:06:18.386280Z
mriq7me,1khpu02,reddit,"Oh, you know my ex too?",2025-05-10T01:37:28Z,2,ChaoticForkingGood,funny,2025-05-26T07:06:18.386288Z
mr97tz4,1khpu02,reddit,He probably just wants to talk about what you did last summer.,2025-05-08T15:01:55Z,1,DjCyric,funny,2025-05-26T07:06:18.386296Z
mr9a04a,1khpu02,reddit,It’s probably my brother.,2025-05-08T15:12:32Z,1,HellveticaNeue,funny,2025-05-26T07:06:18.386303Z
mr9mmi5,1khpu02,reddit,"Eff no.  
Period.",2025-05-08T16:13:44Z,1,TellusCitizen,funny,2025-05-26T07:06:18.386311Z
mr9xm88,1khpu02,reddit,Sure. What’s the worst that could happen?,2025-05-08T17:07:14Z,1,Atouk86,funny,2025-05-26T07:06:18.386319Z
mrbcu2k,1khpu02,reddit,Go ahead it's just Fred Durst,2025-05-08T21:18:08Z,1,Al3xgreer18,funny,2025-05-26T07:06:18.386326Z
mrboj61,1khpu02,reddit,">Homicidal Maniac

It’s actually pronounced “Ho-mee-shi-dahl Mah-nee-ahck” and he’s very sensitive about it!",2025-05-08T22:22:20Z,1,ladyoffate13,funny,2025-05-26T07:06:18.386334Z
mrbu8tm,1khpu02,reddit,Do it.,2025-05-08T22:55:48Z,1,Former_Film_7218,funny,2025-05-26T07:06:18.386342Z
mrif5hj,1khpu02,reddit,mhm yeah it's just a nice man calling about your cars extended warranty,2025-05-10T00:26:09Z,1,Beginning-Action-852,funny,2025-05-26T07:06:18.386351Z
mrr0tut,1khpu02,reddit,"Ahhh, I see that I'm not the only one that gets calls from the ex",2025-05-11T14:03:59Z,1,wulfee007,funny,2025-05-26T07:06:18.386359Z
mr9m4kf,1khpu02,reddit,I think the real horror here is owning a landline. I can't fathom how many spam calls that thing must get.,2025-05-08T16:11:15Z,-1,Jedirictus,funny,2025-05-26T07:06:18.386367Z
mp8v51b,1k8swfa,reddit,"---      

>This is a friendly reminder to [read our rules](https://www.reddit.com/r/funny/wiki/rules). 
>
>Memes, social media, hate-speech, and [politics / political figures](https://www.reddit.com/r/funny/comments/160kuuf/reminder_any_political_content_will_earn_an/) are not allowed. 
>
>Screenshots of Reddit are expressly forbidden, as are TikTok videos.
>
>**Rule-breaking posts may result in bans.**
>
>Please also [be wary of spam](https://www.reddit.com/r/funny/wiki/spam).
>
---


*I am a bot, and this action was performed automatically. Please [contact the moderators of this subreddit](/message/compose/?to=/r/funny) if you have any questions or concerns.*",2025-04-27T01:50:07Z,1,AutoModerator,funny,2025-05-26T07:06:19.508477Z
mp90sqz,1k8swfa,reddit,What a dick,2025-04-27T02:27:10Z,29,davewave3283,funny,2025-05-26T07:06:19.508484Z
mp905va,1k8swfa,reddit,Is your father Laszlo Cravensworth? His topiaries are legendary.,2025-04-27T02:22:55Z,17,AquafreshBandit,funny,2025-05-26T07:06:19.508488Z
mp8ziwe,1k8swfa,reddit,Looks bigger,2025-04-27T02:18:42Z,7,IrishHambo,funny,2025-05-26T07:06:19.508492Z
mp8vp2b,1k8swfa,reddit,Why? It's perfect.,2025-04-27T01:53:38Z,12,BolognaSmamaches,funny,2025-05-26T07:06:19.508497Z
mp91d14,1k8swfa,reddit,That was on purpose. ,2025-04-27T02:30:51Z,4,TakerFoxx,funny,2025-05-26T07:06:19.508501Z
mp8w1j9,1k8swfa,reddit,r/ForbiddenDildo material right there.,2025-04-27T01:55:52Z,4,iamatworkiswear,funny,2025-05-26T07:06:19.508504Z
mp8xdj7,1k8swfa,reddit,r/mildlypenis,2025-04-27T02:04:30Z,4,DyldoSwaggins92,funny,2025-05-26T07:06:19.508508Z
mp91i3c,1k8swfa,reddit,Send him to my house immediately,2025-04-27T02:31:45Z,2,VirginNsd2002,funny,2025-05-26T07:06:19.508512Z
mp92uhy,1k8swfa,reddit,He knew. He seems like a funny guy lol,2025-04-27T02:40:37Z,2,abaram,funny,2025-05-26T07:06:19.508516Z
mpb6lh5,1k8swfa,reddit,"No, no, he's right.",2025-04-27T13:34:52Z,2,45yearsofpractice,funny,2025-05-26T07:06:19.508520Z
mp96chj,1k8swfa,reddit,Your cock has too many balls,2025-04-27T03:04:30Z,1,hatecriminal,funny,2025-05-26T07:06:19.508524Z
mp9hxb5,1k8swfa,reddit,r/theyknew,2025-04-27T04:29:35Z,1,Retroencabulatr,funny,2025-05-26T07:06:19.508529Z
mp9qqie,1k8swfa,reddit,Enjoy your dick bush,2025-04-27T05:46:07Z,1,Elethuir,funny,2025-05-26T07:06:19.508533Z
mpa3e7g,1k8swfa,reddit,Maybe he is trying to send you a message?,2025-04-27T07:51:35Z,1,Dorrono,funny,2025-05-26T07:06:19.508537Z
mpa4v6i,1k8swfa,reddit,Send help as in.... Paige or a chainsaw?,2025-04-27T08:06:26Z,1,UMustBeNooHere,funny,2025-05-26T07:06:19.508541Z
mpaai3v,1k8swfa,reddit,"Too many balls, might need to have that checked 😂😂",2025-04-27T09:05:44Z,1,tinamadinspired,funny,2025-05-26T07:06:19.508545Z
mpccput,1k8swfa,reddit,bollocks...!!,2025-04-27T17:19:10Z,1,rotll,funny,2025-05-26T07:06:19.508549Z
mpchgt7,1k8swfa,reddit,Ballsy move,2025-04-27T17:42:17Z,1,Webkef,funny,2025-05-26T07:06:19.508553Z
mpcv36d,1k8swfa,reddit,Needs a few bushes.,2025-04-27T18:51:27Z,1,CurrentlyLucid,funny,2025-05-26T07:06:19.508557Z
mpeawsf,1k8swfa,reddit,"It's true, it's bigger when you trim it 😂",2025-04-27T23:28:25Z,1,420farms,funny,2025-05-26T07:06:19.508561Z
mp8wi2w,1k8swfa,reddit,look at them.. coco nuts,2025-04-27T01:58:49Z,1,uknow_es_me,funny,2025-05-26T07:06:19.508565Z
mp8wz6s,1k8swfa,reddit,it’s a peen 😔,2025-04-27T02:01:56Z,1,Confused-Ruby,funny,2025-05-26T07:06:19.508569Z
mp9046b,1k8swfa,reddit,Just killed an expensive tree to replace.,2025-04-27T02:22:36Z,1,dasmarian,funny,2025-05-26T07:06:19.508573Z
mp8vfuw,1k8swfa,reddit,XD,2025-04-27T01:52:01Z,0,Malemanx_x,funny,2025-05-26T07:06:19.508577Z
mp94b6v,1k8swfa,reddit,So your first step here is to get ahold of an arborist and present get an estimate for how much a new one of the same size would cost cause cutting down trees can be a major crime cause of the cost of even one full growth tree,2025-04-27T02:50:24Z,-2,sveargeith,funny,2025-05-26T07:06:19.508582Z
mpbax3t,1k94mn7,reddit,"---      

>This is a friendly reminder to [read our rules](https://www.reddit.com/r/funny/wiki/rules). 
>
>Memes, social media, hate-speech, and [politics / political figures](https://www.reddit.com/r/funny/comments/160kuuf/reminder_any_political_content_will_earn_an/) are not allowed. 
>
>Screenshots of Reddit are expressly forbidden, as are TikTok videos.
>
>**Rule-breaking posts may result in bans.**
>
>Please also [be wary of spam](https://www.reddit.com/r/funny/wiki/spam).
>
---


*I am a bot, and this action was performed automatically. Please [contact the moderators of this subreddit](/message/compose/?to=/r/funny) if you have any questions or concerns.*",2025-04-27T14:00:46Z,1,AutoModerator,funny,2025-05-26T07:06:20.444297Z
mpbg10g,1k94mn7,reddit,Maybe try some protein. Might keep her full more than 5 minutes.,2025-04-27T14:29:33Z,35,BLYNDLUCK,funny,2025-05-26T07:06:20.444301Z
mpc683b,1k94mn7,reddit,Give her some yogurt protein satiates well,2025-04-27T16:46:40Z,3,N/A,funny,2025-05-26T07:06:20.444304Z
mpbe2a0,1k94mn7,reddit,Feed her you monster,2025-04-27T14:18:43Z,3,i01111000,funny,2025-05-26T07:06:20.444306Z
mpevhm5,1k94mn7,reddit,"Big daddy cookies solve sweet tooth and protein, and it's bloody massive so they'd definitely keep er' full",2025-04-28T01:33:37Z,1,Similar_Pop9472,funny,2025-05-26T07:06:20.444308Z
mpjh2ni,1k94mn7,reddit,Every coworker of mine 15 seconds after coming to work.,2025-04-28T20:07:09Z,1,twice_divorced_69,funny,2025-05-26T07:06:20.444310Z
mpyn9mf,1k94mn7,reddit,And they’re all only 1/4 eaten.,2025-05-01T03:41:39Z,1,QuestionMarks4You,funny,2025-05-26T07:06:20.444312Z
mpbb8t5,1k94mn7,reddit,at the end..the key question,2025-04-27T14:02:39Z,1,Zaquinzaa,funny,2025-05-26T07:06:20.444315Z
mpfkerm,1k94mn7,reddit,"Who the hell eats toast, oatmeal and a bagel for breakfast?",2025-04-28T04:23:35Z,1,Only_My_Dog_Loves_Me,funny,2025-05-26T07:06:20.444317Z
mt1hcyk,1kpyajk,reddit,"---      

>This is a friendly reminder to [read our rules](https://www.reddit.com/r/funny/wiki/rules). 
>
>Memes, social media, hate-speech, and [politics / political figures](https://www.reddit.com/r/funny/comments/160kuuf/reminder_any_political_content_will_earn_an/) are not allowed. 
>
>Screenshots of Reddit are expressly forbidden, as are TikTok videos.
>
>**Rule-breaking posts may result in bans.**
>
>Please also [be wary of spam](https://www.reddit.com/r/funny/wiki/spam).
>
---


*I am a bot, and this action was performed automatically. Please [contact the moderators of this subreddit](/message/compose/?to=/r/funny) if you have any questions or concerns.*",2025-05-19T00:06:12Z,1,AutoModerator,funny,2025-05-26T07:06:21.453233Z
mt1ii7p,1kpyajk,reddit,The Shat King’s prices won’t be beat,2025-05-19T00:13:17Z,71,ITCM4,funny,2025-05-26T07:06:21.453239Z
mt1p2py,1kpyajk,reddit,"SHAT KC

Philadelphia Eagles: _Mission Accomplished!!_",2025-05-19T00:54:31Z,19,elcojotecoyo,funny,2025-05-26T07:06:21.453244Z
mt1pivd,1kpyajk,reddit,That needs a royal flush,2025-05-19T00:57:15Z,12,BoyznGirlznBabes,funny,2025-05-26T07:06:21.453248Z
mt1mm41,1kpyajk,reddit,Just describing our last superBOWL,2025-05-19T00:39:06Z,6,LordByrum,funny,2025-05-26T07:06:21.453252Z
mt21zot,1kpyajk,reddit,"Goodbye PooP scoreboard, hello ShatKC",2025-05-19T02:14:59Z,4,HowesLife,funny,2025-05-26T07:06:21.453256Z
mt1lgiz,1kpyajk,reddit,It's in numerical order. ¯\\_(ツ)_/¯,2025-05-19T00:31:50Z,8,TheSpanishImposition,funny,2025-05-26T07:06:21.453260Z
mt2ea39,1kpyajk,reddit,Stlhatkc,2025-05-19T03:40:07Z,2,SNES_chalmers47,funny,2025-05-26T07:06:21.453264Z
mt1jjxs,1kpyajk,reddit,"Oh, they knew.",2025-05-19T00:19:51Z,3,tasimm,funny,2025-05-26T07:06:21.453268Z
mt26fet,1kpyajk,reddit,Best thing since the P00P scoreboard,2025-05-19T02:43:44Z,1,BilletSilverHemi,funny,2025-05-26T07:06:21.453272Z
mt36r9x,1kpyajk,reddit,They knew,2025-05-19T08:03:32Z,1,LunaticCross,funny,2025-05-26T07:06:21.453276Z
mt5mr4x,1kpyajk,reddit,Ha!,2025-05-19T17:35:29Z,1,FrankiKMusic,funny,2025-05-26T07:06:21.453280Z
mt7rzal,1kqrkrk,reddit,"---      

>This is a friendly reminder to [read our rules](https://www.reddit.com/r/funny/wiki/rules). 
>
>Memes, social media, hate-speech, and [politics / political figures](https://www.reddit.com/r/funny/comments/160kuuf/reminder_any_political_content_will_earn_an/) are not allowed. 
>
>Screenshots of Reddit are expressly forbidden, as are TikTok videos.
>
>**Rule-breaking posts may result in bans.**
>
>Please also [be wary of spam](https://www.reddit.com/r/funny/wiki/spam).
>
---


*I am a bot, and this action was performed automatically. Please [contact the moderators of this subreddit](/message/compose/?to=/r/funny) if you have any questions or concerns.*",2025-05-20T00:22:01Z,1,AutoModerator,funny,2025-05-26T07:06:22.683876Z
mt7t5q4,1kqrkrk,reddit,my dog would be causing a scene in this scenario,2025-05-20T00:29:13Z,43,shhhpark,funny,2025-05-26T07:06:22.683883Z
mt7ubla,1kqrkrk,reddit,This doesn’t exist in my country yet so I’m kind of freaking out.,2025-05-20T00:36:26Z,17,Roy4Pris,funny,2025-05-26T07:06:22.683886Z
mt7ujuv,1kqrkrk,reddit,"Robots are strong, and their claws are made of metal",2025-05-20T00:37:49Z,5,Nanojack,funny,2025-05-26T07:06:22.683890Z
mt7wpqp,1kqrkrk,reddit,Probably on their way to an audition after the tragic tale of Saymo and the mini cooper.,2025-05-20T00:51:11Z,3,AwesomeExo,funny,2025-05-26T07:06:22.683894Z
mt7wr48,1kqrkrk,reddit,Wish dogs would show this much awareness around cars instead of treating them like big dogs.,2025-05-20T00:51:25Z,4,tugboatnavy,funny,2025-05-26T07:06:22.683898Z
mt805bp,1kqrkrk,reddit,Da F are these robots for? How are pedestrians allowing this?,2025-05-20T01:12:20Z,3,imaketrollfaces,funny,2025-05-26T07:06:22.683902Z
mt91xzb,1kqrkrk,reddit,What is the threshold of not enough people having jobs to pay for the robots took the jobs?,2025-05-20T05:47:36Z,2,MXKIVM,funny,2025-05-26T07:06:22.683906Z
mt7xfro,1kqrkrk,reddit,"I'm reminded of [Momo](https://www.youtube.com/watch?v=aMtZgPfsOHk) in the robot movie ""Next Gen""",2025-05-20T00:55:37Z,1,hotlavatube,funny,2025-05-26T07:06:22.683910Z
mt8j69x,1kqrkrk,reddit,Where is that music from?,2025-05-20T03:15:35Z,1,Rinveden,funny,2025-05-26T07:06:22.683913Z
mt8kv6c,1kqrkrk,reddit,We saw a ton of these food delivery robots in New Jersey.,2025-05-20T03:27:59Z,1,LifeisFunnay,funny,2025-05-26T07:06:22.683917Z
mt7yxf1,1kqrkrk,reddit,"Man, those are some interesting looking dogs",2025-05-20T01:04:49Z,0,The_Conductor7274,funny,2025-05-26T07:06:22.683921Z
mt8tgf0,1kqrkrk,reddit,It was almost like the garbage compactor scene from Star Wars.,2025-05-20T04:34:21Z,0,gameonlockking,funny,2025-05-26T07:06:22.683924Z
mt7sko5,1kqrkrk,reddit,“Dog”…. People are using that term very loosely these days,2025-05-20T00:25:38Z,-48,Malcom91,funny,2025-05-26T07:06:22.683928Z
mr4tpf1,1kh8efa,reddit,"---      

>This is a friendly reminder to [read our rules](https://www.reddit.com/r/funny/wiki/rules). 
>
>Memes, social media, hate-speech, and [politics / political figures](https://www.reddit.com/r/funny/comments/160kuuf/reminder_any_political_content_will_earn_an/) are not allowed. 
>
>Screenshots of Reddit are expressly forbidden, as are TikTok videos.
>
>**Rule-breaking posts may result in bans.**
>
>Please also [be wary of spam](https://www.reddit.com/r/funny/wiki/spam).
>
---


*I am a bot, and this action was performed automatically. Please [contact the moderators of this subreddit](/message/compose/?to=/r/funny) if you have any questions or concerns.*",2025-05-07T20:57:44Z,1,AutoModerator,funny,2025-05-26T07:06:23.813429Z
mr4x275,1kh8efa,reddit,Keep it mooving buddy,2025-05-07T21:13:44Z,32,Slitterbox,funny,2025-05-26T07:06:23.813441Z
mr50pjn,1kh8efa,reddit,Should have taken the udder route,2025-05-07T21:32:03Z,18,DvlsAdvct108,funny,2025-05-26T07:06:23.813449Z
mr5avjm,1kh8efa,reddit,"Guy looking at the cow like ""this some bullshit right?""",2025-05-07T22:26:23Z,7,DrChimz,funny,2025-05-26T07:06:23.813457Z
mr59j6w,1kh8efa,reddit,Really milking this delay for all its worth,2025-05-07T22:18:55Z,3,CelticSith,funny,2025-05-26T07:06:23.813464Z
mr75d1y,1kh8efa,reddit,MOOve over,2025-05-08T05:28:53Z,3,Historical_Date_1314,funny,2025-05-26T07:06:23.813472Z
mr774f2,1kh8efa,reddit,I like to moo it moo it,2025-05-08T05:44:53Z,2,pg-robban,funny,2025-05-26T07:06:23.813479Z
mr4uszy,1kh8efa,reddit,"^(Cow:) ""Is this where the Milk Run is being held?""",2025-05-07T21:02:49Z,4,GANDORF57,funny,2025-05-26T07:06:23.813487Z
mr4ubvh,1kh8efa,reddit,She should blow her horns.,2025-05-07T21:00:35Z,3,Sgt_Sillybollocks,funny,2025-05-26T07:06:23.813494Z
mr53kvl,1kh8efa,reddit,The cow is not stuck but a part of the traffic jam,2025-05-07T21:46:48Z,3,imaketrollfaces,funny,2025-05-26T07:06:23.813503Z
mr5b1tr,1kh8efa,reddit,Not funny. Quite sad.,2025-05-07T22:27:23Z,1,MochiMochiMochi,funny,2025-05-26T07:06:23.813511Z
mr5bbms,1kh8efa,reddit,Did it say “MOOve”?,2025-05-07T22:28:56Z,1,AggressiveAd6043,funny,2025-05-26T07:06:23.813518Z
mr5lpms,1kh8efa,reddit,Who has right of whey here?,2025-05-07T23:27:50Z,1,thegoodtimelord,funny,2025-05-26T07:06:23.813526Z
mr5meqr,1kh8efa,reddit,"Did not expect this today, but I’m glad I saw it.",2025-05-07T23:31:40Z,1,Jacksonmanning,funny,2025-05-26T07:06:23.813533Z
mr663c6,1kh8efa,reddit,r/AlbumCovers,2025-05-08T01:25:56Z,1,Kuga-Tamakoma2,funny,2025-05-26T07:06:23.813541Z
mr7nt12,1kh8efa,reddit,She was only trying to get to the moovies.,2025-05-08T08:33:47Z,1,kwakimaki,funny,2025-05-26T07:06:23.813548Z
mr89rvr,1kh8efa,reddit,Sieze the gap you fat cow!,2025-05-08T11:50:42Z,1,Herby_Hoover,funny,2025-05-26T07:06:23.813556Z
msp08c1,1kh8efa,reddit,"It must be India, they treat cows like royalty. I respect them and their beliefs",2025-05-16T21:17:40Z,1,mateoroy12,funny,2025-05-26T07:06:23.813564Z
mr5d19u,1kh8efa,reddit,Only in India 😭😭,2025-05-07T22:38:38Z,2,YixalineOfficial,funny,2025-05-26T07:06:23.813571Z
mr4ym9m,1kh8efa,reddit,Moooovvveeee,2025-05-07T21:21:28Z,1,BeeBiteer,funny,2025-05-26T07:06:23.813579Z
mr5d0g5,1kh8efa,reddit,India?,2025-05-07T22:38:30Z,0,Affectionate_Hour201,funny,2025-05-26T07:06:23.813586Z
mr7j0cq,1kh8efa,reddit,Muuve out of my way,2025-05-08T07:42:37Z,0,Miserable-Session-35,funny,2025-05-26T07:06:23.813594Z
mr54c09,1kh8efa,reddit,Jam and cream 😋,2025-05-07T21:50:45Z,-1,fh3131,funny,2025-05-26T07:06:23.813602Z
mr5hxq4,1kh8efa,reddit,"this is in india, look at the poster in the back the man's face is ripped off, this is such a political commentary on the current state. wait- fuck there's a war going on isn't?",2025-05-07T23:06:41Z,-1,DeadOne_001,funny,2025-05-26T07:06:23.813609Z
mr4v7zd,1kh8efa,reddit,Jam stuck in a traffic cow,2025-05-07T21:04:49Z,-3,Stugotz441081,funny,2025-05-26T07:06:23.813617Z
mr2o9me,1kgz66i,reddit,"---      

>This is a friendly reminder to [read our rules](https://www.reddit.com/r/funny/wiki/rules). 
>
>Memes, social media, hate-speech, and [politics / political figures](https://www.reddit.com/r/funny/comments/160kuuf/reminder_any_political_content_will_earn_an/) are not allowed. 
>
>Screenshots of Reddit are expressly forbidden, as are TikTok videos.
>
>**Rule-breaking posts may result in bans.**
>
>Please also [be wary of spam](https://www.reddit.com/r/funny/wiki/spam).
>
---


*I am a bot, and this action was performed automatically. Please [contact the moderators of this subreddit](/message/compose/?to=/r/funny) if you have any questions or concerns.*",2025-05-07T14:46:58Z,1,AutoModerator,funny,2025-05-26T07:06:24.730919Z
mr32397,1kgz66i,reddit,(Doffs green plumber hat),2025-05-07T15:53:41Z,6,Zorothegallade,funny,2025-05-26T07:06:24.730932Z
mrc29pc,1kgz66i,reddit,Why would Jackie Chan do this?,2025-05-08T23:43:37Z,1,5352563424,funny,2025-05-26T07:06:24.730941Z
mrv3j22,1kgz66i,reddit,"When life ain't easy, 

ya better call Luigi

waho",2025-05-12T04:36:08Z,1,TheThinkerers,funny,2025-05-26T07:06:24.730949Z
mr31f4g,1kgz66i,reddit,Is that Luigi?,2025-05-07T15:50:29Z,-1,PlzDontBeWeird,funny,2025-05-26T07:06:24.730959Z
mq60t8h,1kcwjhf,reddit,"---      

>This is a friendly reminder to [read our rules](https://www.reddit.com/r/funny/wiki/rules). 
>
>Memes, social media, hate-speech, and [politics / political figures](https://www.reddit.com/r/funny/comments/160kuuf/reminder_any_political_content_will_earn_an/) are not allowed. 
>
>Screenshots of Reddit are expressly forbidden, as are TikTok videos.
>
>**Rule-breaking posts may result in bans.**
>
>Please also [be wary of spam](https://www.reddit.com/r/funny/wiki/spam).
>
---


*I am a bot, and this action was performed automatically. Please [contact the moderators of this subreddit](/message/compose/?to=/r/funny) if you have any questions or concerns.*",2025-05-02T09:13:36Z,1,AutoModerator,funny,2025-05-26T07:06:25.640726Z
mq66k71,1kcwjhf,reddit,I heard he kept trading up and is now the proud owner of a 3500 sq foot dog house in Malibu.,2025-05-02T10:11:36Z,61,w1n5t0nM1k3y,funny,2025-05-26T07:06:25.640738Z
mq7nx78,1kcwjhf,reddit,From fisherman to dog broomer. He’s moving up!,2025-05-02T15:32:33Z,10,Open_Youth7092,funny,2025-05-26T07:06:25.640746Z
mq68bz6,1kcwjhf,reddit,You got hosed lil man,2025-05-02T10:27:57Z,4,upvote-button,funny,2025-05-26T07:06:25.640760Z
mq6xawi,1kcwjhf,reddit,3 fresh fish for a broom? That dog robbed that guy!,2025-05-02T13:20:09Z,4,prankored,funny,2025-05-26T07:06:25.640769Z
mq6z394,1kcwjhf,reddit,His chubby floof belly swaying side to side while his little legs march forward running errands.. lol.,2025-05-02T13:30:06Z,2,koolaidismything,funny,2025-05-26T07:06:25.640777Z
mq8d6pc,1kcwjhf,reddit,I call BS,2025-05-02T17:31:38Z,2,SteelPumpkin75,funny,2025-05-26T07:06:25.640785Z
mqcnwb1,1kcwjhf,reddit,I had trouble learning German and somehow this dog learned some Asian language.  Fuck man.,2025-05-03T10:53:46Z,1,og-lollercopter,funny,2025-05-26T07:06:25.640792Z
mqho2rd,1kcwjhf,reddit,That looks like a hella bad deal for the doggo.,2025-05-04T05:13:02Z,1,anirban_dev,funny,2025-05-26T07:06:25.640800Z
mq69xkr,1kcwjhf,reddit,He so fluffy,2025-05-02T10:42:05Z,1,Bowgoog71,funny,2025-05-26T07:06:25.640808Z
mq6pv8j,1kcwjhf,reddit,Cute dog,2025-05-02T12:36:02Z,0,patrick12072,funny,2025-05-26T07:06:25.640816Z
mtsqnyl,1ktdseh,reddit,"---      

>This is a friendly reminder to [read our rules](https://www.reddit.com/r/funny/wiki/rules). 
>
>Memes, social media, hate-speech, and [politics / political figures](https://www.reddit.com/r/funny/comments/160kuuf/reminder_any_political_content_will_earn_an/) are not allowed. 
>
>Screenshots of Reddit are expressly forbidden, as are TikTok videos.
>
>**Rule-breaking posts may result in bans.**
>
>Please also [be wary of spam](https://www.reddit.com/r/funny/wiki/spam).
>
---


*I am a bot, and this action was performed automatically. Please [contact the moderators of this subreddit](/message/compose/?to=/r/funny) if you have any questions or concerns.*",2025-05-23T07:42:13Z,1,AutoModerator,funny,2025-05-26T07:06:26.786266Z
mtswy91,1ktdseh,reddit,Doodoo? More like don'tdon't,2025-05-23T08:45:47Z,60,Reasonable_Air3580,funny,2025-05-26T07:06:26.786278Z
mttezab,1ktdseh,reddit,A defecation free zone! Larry David would be proud.,2025-05-23T11:27:39Z,15,InfoSecPeezy,funny,2025-05-26T07:06:26.786287Z
mttkiaq,1ktdseh,reddit,No shit?,2025-05-23T12:05:48Z,14,kgturner,funny,2025-05-26T07:06:26.786295Z
mtsqvp2,1ktdseh,reddit,No bowel movement!,2025-05-23T07:44:19Z,24,feelinuneasy1234,funny,2025-05-26T07:06:26.786302Z
mtt31la,1ktdseh,reddit,"If anyone is interested, the Chinese says ""Do dot defecate , if you need to defecate use the toilet on the second floor"".",2025-05-23T09:47:09Z,5,ninman5,funny,2025-05-26T07:06:26.786310Z
mtwvgcd,1ktdseh,reddit,"Bro, if i need to shit im gonna shit. Your sign is not stopping me.",2025-05-23T22:08:36Z,3,KryptCeeper,funny,2025-05-26T07:06:26.786318Z
mttehy0,1ktdseh,reddit,Must be one of those toilets that has a tiny joke hole that’s just for farts a la I Think You Should Leave,2025-05-23T11:24:11Z,2,Maleficent-Sun1922,funny,2025-05-26T07:06:26.786325Z
mttn8x9,1ktdseh,reddit,You know shit’s serious when they’re yelling it in three languages.,2025-05-23T12:23:13Z,2,toxinogen,funny,2025-05-26T07:06:26.786333Z
mtsrv3s,1ktdseh,reddit,Would they like I do it on the floor?,2025-05-23T07:54:00Z,4,BloodyRightToe,funny,2025-05-26T07:06:26.786340Z
mtssdbw,1ktdseh,reddit,That'll be a toilet with a macerator,2025-05-23T07:59:00Z,2,suicidalsyd1,funny,2025-05-26T07:06:26.786348Z
mtstmn9,1ktdseh,reddit,It's almost turbo time!,2025-05-23T08:11:46Z,2,murrrly,funny,2025-05-26T07:06:26.786355Z
mtt7uyn,1ktdseh,reddit,"Jeebus, just get a poop knife! What is this, the dark ages?!?",2025-05-23T10:31:10Z,1,Good_Nyborg,funny,2025-05-26T07:06:26.786362Z
mtta7ro,1ktdseh,reddit,Can you meet half way and allow a shart?,2025-05-23T10:51:15Z,1,happ-e-rider,funny,2025-05-26T07:06:26.786370Z
mtts2s7,1ktdseh,reddit,Sharn’t,2025-05-23T12:51:45Z,1,JesseGarron,funny,2025-05-26T07:06:26.786377Z
mtv1tuc,1ktdseh,reddit,"By the time I read this, the dye has been cast.",2025-05-23T16:38:37Z,1,UlteriorEggos,funny,2025-05-26T07:06:26.786384Z
mtw9fe2,1ktdseh,reddit,Rosetta Stone,2025-05-23T20:11:47Z,1,LohPan,funny,2025-05-26T07:06:26.786392Z
mtwpcvr,1ktdseh,reddit,Who does #2 work for??!?,2025-05-23T21:34:24Z,1,DadJokeBadJoke,funny,2025-05-26T07:06:26.786399Z
mtx0qaz,1ktdseh,reddit,What about diarrhea?,2025-05-23T22:39:15Z,1,Elinservible,funny,2025-05-26T07:06:26.786406Z
mtzodom,1ktdseh,reddit,What if its liquids?,2025-05-24T11:12:19Z,1,Pheronia,funny,2025-05-26T07:06:26.786414Z
mu1xbge,1ktdseh,reddit,No2Poo!!!,2025-05-24T19:01:13Z,1,Hairy_Rain_7689,funny,2025-05-26T07:06:26.786421Z
mu2tpse,1ktdseh,reddit,Shit on the floor and smear up the notices,2025-05-24T22:08:45Z,1,PaleShadowNight,funny,2025-05-26T07:06:26.786428Z
mtsxztf,1ktdseh,reddit,"Is it just me or is it hard to not read that last one with out the accent.
Where the "" bowel "" is stretched out",2025-05-23T08:56:19Z,1,struggling_life09,funny,2025-05-26T07:06:26.786436Z
mtsv794,1ktdseh,reddit,Toilet door motivational speaker mode activated,2025-05-23T08:27:52Z,1,WildSugarbite,funny,2025-05-26T07:06:26.786443Z
mtt0mkw,1ktdseh,reddit,Why not? Where will they poo if need to?,2025-05-23T09:23:21Z,1,Ok-Gain-9286,funny,2025-05-26T07:06:26.786451Z
mtu60ww,1ktdseh,reddit,"I like to imagine that if I knocked, Craig's Dad from Friday would answer whiling eating a sandwich.",2025-05-23T14:07:17Z,1,BTBAM797,funny,2025-05-26T07:06:26.786458Z
mtsz2o1,1ktdseh,reddit,"I have an unwritten rule for the downstairs guest bathroom, no sh!tting or shaving.  😂",2025-05-23T09:07:28Z,-6,Embarrassed-Cause250,funny,2025-05-26T07:06:26.786466Z
mr0mue0,1kgpgv8,reddit,"---      

>This is a friendly reminder to [read our rules](https://www.reddit.com/r/funny/wiki/rules). 
>
>Memes, social media, hate-speech, and [politics / political figures](https://www.reddit.com/r/funny/comments/160kuuf/reminder_any_political_content_will_earn_an/) are not allowed. 
>
>Screenshots of Reddit are expressly forbidden, as are TikTok videos.
>
>**Rule-breaking posts may result in bans.**
>
>Please also [be wary of spam](https://www.reddit.com/r/funny/wiki/spam).
>
---


*I am a bot, and this action was performed automatically. Please [contact the moderators of this subreddit](/message/compose/?to=/r/funny) if you have any questions or concerns.*",2025-05-07T05:11:57Z,1,AutoModerator,funny,2025-05-26T07:06:27.701248Z
mr231z1,1kgpgv8,reddit,What? This post is stupid. They're in cages what else are they supposed to do?,2025-05-07T12:53:39Z,23,Kilesker,funny,2025-05-26T07:06:27.701260Z
mr41hxp,1kgpgv8,reddit,"^(Curiosity Cat:) ""*THAT'S* the top dog?!!!""",2025-05-07T18:42:39Z,3,GANDORF57,funny,2025-05-26T07:06:27.701268Z
mr1a3fs,1kgpgv8,reddit,"Like in the movie Silence of the Lambs   
Clarice Starling her first visit",2025-05-07T09:02:34Z,3,Round_Eye_4387,funny,2025-05-26T07:06:27.701275Z
mr1wnbh,1kgpgv8,reddit,Somebody is watching meeeeeee.,2025-05-07T12:13:42Z,0,crusader_nor,funny,2025-05-26T07:06:27.701283Z
mr1n6xr,1kgpgv8,reddit,Thinking dinner... Who doesn't like a good hot dog,2025-05-07T11:06:10Z,-3,_007_Bond_007_,funny,2025-05-26T07:06:27.701291Z
ms9x0z2,1kmgiao,reddit,"---      

>This is a friendly reminder to [read our rules](https://www.reddit.com/r/funny/wiki/rules). 
>
>Memes, social media, hate-speech, and [politics / political figures](https://www.reddit.com/r/funny/comments/160kuuf/reminder_any_political_content_will_earn_an/) are not allowed. 
>
>Screenshots of Reddit are expressly forbidden, as are TikTok videos.
>
>**Rule-breaking posts may result in bans.**
>
>Please also [be wary of spam](https://www.reddit.com/r/funny/wiki/spam).
>
---


*I am a bot, and this action was performed automatically. Please [contact the moderators of this subreddit](/message/compose/?to=/r/funny) if you have any questions or concerns.*",2025-05-14T14:25:19Z,1,AutoModerator,funny,2025-05-26T07:06:29.032373Z
ms9x10o,1kmgiao,reddit,ADHD? Dinos? [r/ADHDinos](https://www.reddit.com/r/ADHDinos/),2025-05-14T14:25:19Z,5,ADHDinos_,funny,2025-05-26T07:06:29.032386Z
ms9zd6o,1kmgiao,reddit,[removed],2025-05-14T14:36:58Z,4,N/A,funny,2025-05-26T07:06:29.032394Z
mqfbich,1ke1tte,reddit,"---      

>This is a friendly reminder to [read our rules](https://www.reddit.com/r/funny/wiki/rules). 
>
>Memes, social media, hate-speech, and [politics / political figures](https://www.reddit.com/r/funny/comments/160kuuf/reminder_any_political_content_will_earn_an/) are not allowed. 
>
>Screenshots of Reddit are expressly forbidden, as are TikTok videos.
>
>**Rule-breaking posts may result in bans.**
>
>Please also [be wary of spam](https://www.reddit.com/r/funny/wiki/spam).
>
---


*I am a bot, and this action was performed automatically. Please [contact the moderators of this subreddit](/message/compose/?to=/r/funny) if you have any questions or concerns.*",2025-05-03T20:04:01Z,1,AutoModerator,funny,2025-05-26T07:06:29.952978Z
mqff5bi,1ke1tte,reddit,Tuck under thumb and hold firmly. Hilarious.,2025-05-03T20:24:03Z,19,LaFs14,funny,2025-05-26T07:06:29.952990Z
mqffxxz,1ke1tte,reddit,Hey man ... you do you.,2025-05-03T20:28:21Z,4,Typical-Crazy-3100,funny,2025-05-26T07:06:29.952998Z
mqfyvke,1ke1tte,reddit,"I am wondering how one ""Fuck's under a thumb?""",2025-05-03T22:15:35Z,5,traveleng,funny,2025-05-26T07:06:29.953006Z
mqg6j84,1ke1tte,reddit,That's what he said,2025-05-03T23:03:01Z,2,Pedadinga,funny,2025-05-26T07:06:29.953014Z
mqhflk4,1ke1tte,reddit,Do what with my thumb?! I just wanted to eat! This is not what I signed up for. Can I just get a fork to go please.,2025-05-04T04:03:35Z,0,NecessaryWeather4275,funny,2025-05-26T07:06:29.953022Z
mpsb02p,1kb7oy9,reddit,"---      

>This is a friendly reminder to [read our rules](https://www.reddit.com/r/funny/wiki/rules). 
>
>Memes, social media, hate-speech, and [politics / political figures](https://www.reddit.com/r/funny/comments/160kuuf/reminder_any_political_content_will_earn_an/) are not allowed. 
>
>Screenshots of Reddit are expressly forbidden, as are TikTok videos.
>
>**Rule-breaking posts may result in bans.**
>
>Please also [be wary of spam](https://www.reddit.com/r/funny/wiki/spam).
>
---


*I am a bot, and this action was performed automatically. Please [contact the moderators of this subreddit](/message/compose/?to=/r/funny) if you have any questions or concerns.*",2025-04-30T04:11:14Z,1,AutoModerator,funny,2025-05-26T07:06:30.978772Z
mpsfwwr,1kb7oy9,reddit,He's so sure of what he's saying 😂,2025-04-30T04:48:31Z,12,deathkingtom,funny,2025-05-26T07:06:30.978784Z
mpscknm,1kb7oy9,reddit,Borgir,2025-04-30T04:22:56Z,7,Rin_Seven,funny,2025-05-26T07:06:30.978791Z
mpsbq89,1kb7oy9,reddit,Gorilorilo > Cocodrilo,2025-04-30T04:16:39Z,6,beto_pelotas,funny,2025-05-26T07:06:30.978799Z
mpsrwow,1kb7oy9,reddit,Leedleleedle,2025-04-30T06:34:11Z,3,Lapcat420,funny,2025-05-26T07:06:30.978807Z
mpsixar,1kb7oy9,reddit,it gets funnier at the 10th rewatch,2025-04-30T05:12:41Z,2,Hostile-Bip0d,funny,2025-05-26T07:06:30.978816Z
mpsp2z9,1kb7oy9,reddit,The more you watch the harder you'll laugh,2025-04-30T06:07:16Z,2,zzharleyzz,funny,2025-05-26T07:06:30.978823Z
mpsqw4i,1kb7oy9,reddit,Lol,2025-04-30T06:24:18Z,1,ForRealRofl,funny,2025-05-26T07:06:30.978831Z
mpss5oz,1kb7oy9,reddit,😍 hermoso,2025-04-30T06:36:35Z,1,Quiet-Tax-8566,funny,2025-05-26T07:06:30.978838Z
mpth8ly,1kb7oy9,reddit,"reminded me of this girl [applebelelrllerl](https://www.youtube.com/watch?v=RROFR3EDCEk), lol",2025-04-30T10:52:04Z,1,Climatize,funny,2025-05-26T07:06:30.978846Z
mpsrv5z,1kb7oy9,reddit,Cockodildo,2025-04-30T06:33:46Z,-5,VSythe998,funny,2025-05-26T07:06:30.978854Z
mrtn8at,1kkdfmb,reddit,"---      

>This is a friendly reminder to [read our rules](https://www.reddit.com/r/funny/wiki/rules). 
>
>Memes, social media, hate-speech, and [politics / political figures](https://www.reddit.com/r/funny/comments/160kuuf/reminder_any_political_content_will_earn_an/) are not allowed. 
>
>Screenshots of Reddit are expressly forbidden, as are TikTok videos.
>
>**Rule-breaking posts may result in bans.**
>
>Please also [be wary of spam](https://www.reddit.com/r/funny/wiki/spam).
>
---


*I am a bot, and this action was performed automatically. Please [contact the moderators of this subreddit](/message/compose/?to=/r/funny) if you have any questions or concerns.*",2025-05-11T22:41:08Z,1,AutoModerator,funny,2025-05-26T07:06:32.176000Z
mrtnnsl,1kkdfmb,reddit,I love those adorable little bastards,2025-05-11T22:43:48Z,73,BruceBannerer,funny,2025-05-26T07:06:32.176010Z
mrtpor0,1kkdfmb,reddit,Drumstick “Minis.” Don’t be trying to make people think they shrunk the regular ones.,2025-05-11T22:56:20Z,42,Rellgidkrid,funny,2025-05-26T07:06:32.176017Z
mrtok7t,1kkdfmb,reddit,Trader Joes cones? They look familiar. I think they were always small,2025-05-11T22:49:19Z,19,wadesh,funny,2025-05-26T07:06:32.176024Z
mrtr0w6,1kkdfmb,reddit,"How big are your hands though? We need a giraffe, banana or man laying next to a shrub for scale.",2025-05-11T23:04:39Z,6,Kalabula,funny,2025-05-26T07:06:32.176031Z
mrtr06e,1kkdfmb,reddit,Was it in the pool ?,2025-05-11T23:04:32Z,2,tasmaniandevall,funny,2025-05-26T07:06:32.176037Z
mrtv8hf,1kkdfmb,reddit,r/thingsforants,2025-05-11T23:30:54Z,3,Overtlyanxious,funny,2025-05-26T07:06:32.176044Z
mrtx8zk,1kkdfmb,reddit,Sticks are unbelievable.,2025-05-11T23:43:36Z,3,EjectoSeatoCousinz,funny,2025-05-26T07:06:32.176051Z
mrtum0u,1kkdfmb,reddit,That's a perfectly normal size. Above average even,2025-05-11T23:26:59Z,2,donku83,funny,2025-05-26T07:06:32.176058Z
mrtyi6a,1kkdfmb,reddit,I bought these yesterday and ate 2 on the way home because I couldn't resist,2025-05-11T23:51:33Z,2,TI1l1I1M,funny,2025-05-26T07:06:32.176065Z
mrtopfg,1kkdfmb,reddit,/r/notfunny,2025-05-11T22:50:12Z,-1,tecopa,funny,2025-05-26T07:06:32.176071Z
mrtq739,1kkdfmb,reddit,A serving size for ants,2025-05-11T22:59:31Z,1,bryanoens,funny,2025-05-26T07:06:32.176077Z
mrtsy8e,1kkdfmb,reddit,I love how the official serving size for these is THREE cones.,2025-05-11T23:16:38Z,1,ejdawson3,funny,2025-05-26T07:06:32.176084Z
mrtuwna,1kkdfmb,reddit,What is that? An ice cream cone for ants!?!,2025-05-11T23:28:51Z,1,Overtlyanxious,funny,2025-05-26T07:06:32.176090Z
mrtv8kf,1kkdfmb,reddit,Looks like it fits perfectly in your hand to me.,2025-05-11T23:30:55Z,1,PorkafideJester,funny,2025-05-26T07:06:32.176097Z
mrtwdak,1kkdfmb,reddit,"Ok Andre the Giant, brag some more about your hands.",2025-05-11T23:38:03Z,1,Gostaverling,funny,2025-05-26T07:06:32.176103Z
mrtwiue,1kkdfmb,reddit,"What do you mean, that's average size",2025-05-11T23:39:01Z,1,abdullah36,funny,2025-05-26T07:06:32.176110Z
mrty1mt,1kkdfmb,reddit,OP trying to start shit lol,2025-05-11T23:48:39Z,1,WhoDat2241,funny,2025-05-26T07:06:32.176116Z
mru1c64,1kkdfmb,reddit,"Need a bowl of those, like now.",2025-05-12T00:09:44Z,1,fzj80335,funny,2025-05-26T07:06:32.176122Z
mrue808,1kkdfmb,reddit,Looks normal size to me,2025-05-12T01:32:35Z,1,YarItsDrivinMeNuts,funny,2025-05-26T07:06:32.176129Z
mrtp532,1kkdfmb,reddit,Where buy?,2025-05-11T22:52:54Z,0,DaMangIemert,funny,2025-05-26T07:06:32.176135Z
mrtsp7f,1kkdfmb,reddit,That's too cute,2025-05-11T23:15:05Z,0,llpparkerll,funny,2025-05-26T07:06:32.176141Z
mrtv5t0,1kkdfmb,reddit,You’re gonna get nowhere with that.,2025-05-11T23:30:27Z,0,ChrisOhoy,funny,2025-05-26T07:06:32.176148Z
mru2tib,1kkdfmb,reddit,"I inhale 3 of those before my kids ask, “what’s for dinner dad?”",2025-05-12T00:19:17Z,0,Gx470mark,funny,2025-05-26T07:06:32.176154Z
mru4py8,1kkdfmb,reddit,Those are genius,2025-05-12T00:31:38Z,0,Bee_haver,funny,2025-05-26T07:06:32.176160Z
mruh795,1kkdfmb,reddit,But who is going to tell him that's not ice cream?,2025-05-12T01:52:05Z,0,maddog_83,funny,2025-05-26T07:06:32.176167Z
mrv8ytz,1kkdfmb,reddit,Be careful those edibles are strong.,2025-05-12T05:24:06Z,0,rgflo42,funny,2025-05-26T07:06:32.176173Z
mrvegnn,1kkdfmb,reddit,It's just cold.,2025-05-12T06:16:15Z,0,shotsallover,funny,2025-05-26T07:06:32.176180Z
mrvxgew,1kkdfmb,reddit,.. for ants?,2025-05-12T09:37:25Z,0,frogking,funny,2025-05-26T07:06:32.176186Z
mrvytc3,1kkdfmb,reddit,It was cold!!,2025-05-12T09:51:27Z,0,Bobbi_fettucini,funny,2025-05-26T07:06:32.176192Z
mrwnnpo,1kkdfmb,reddit,Small ice cream or really big hand 🤔,2025-05-12T13:03:53Z,0,lone_wolf-007,funny,2025-05-26T07:06:32.176199Z
mrxpqkt,1kkdfmb,reddit,Almost as if kids treats seem smaller as your hands grow bigger,2025-05-12T16:22:43Z,0,JamieTimee,funny,2025-05-26T07:06:32.176205Z
mry7cyc,1kkdfmb,reddit,Yes that'll be $5 thank you.,2025-05-12T17:48:04Z,0,Bop923,funny,2025-05-26T07:06:32.176211Z
mrzin2y,1kkdfmb,reddit,"""Same price, half the calorie!""",2025-05-12T21:44:49Z,0,isoAntti,funny,2025-05-26T07:06:32.176218Z
mrunmq9,1kkdfmb,reddit,It seems like you have shrinkflation perfectly IN HAND. Between two fingers. A thumb and finger to be exact!,2025-05-12T02:34:22Z,-1,badgerj,funny,2025-05-26T07:06:32.176224Z
mrtq7o2,1kkdfmb,reddit,Looks in hand from here,2025-05-11T22:59:37Z,-2,elizaeffect,funny,2025-05-26T07:06:32.176231Z
mrts3ve,1kkdfmb,reddit,Sir I have human eyes I'm not capable of seeing things on a microscopic level. Could you add like 3 atoms to the triangle so I can see what it is,2025-05-11T23:11:21Z,-2,Diligent-Method3824,funny,2025-05-26T07:06:32.176237Z
mrtnjbp,1kkdfmb,reddit,Aren't those dog treats?,2025-05-11T22:43:03Z,-7,NeedAVeganDinner,funny,2025-05-26T07:06:32.176243Z
mrj3jsj,1kj0ha5,reddit,"---      

>This is a friendly reminder to [read our rules](https://www.reddit.com/r/funny/wiki/rules). 
>
>Memes, social media, hate-speech, and [politics / political figures](https://www.reddit.com/r/funny/comments/160kuuf/reminder_any_political_content_will_earn_an/) are not allowed. 
>
>Screenshots of Reddit are expressly forbidden, as are TikTok videos.
>
>**Rule-breaking posts may result in bans.**
>
>Please also [be wary of spam](https://www.reddit.com/r/funny/wiki/spam).
>
---


*I am a bot, and this action was performed automatically. Please [contact the moderators of this subreddit](/message/compose/?to=/r/funny) if you have any questions or concerns.*",2025-05-10T03:05:30Z,1,AutoModerator,funny,2025-05-26T07:06:33.232831Z
mrjb3c6,1kj0ha5,reddit,All the food he had in that backpack is fucked.,2025-05-10T04:00:53Z,19,y0shman,funny,2025-05-26T07:06:33.232843Z
mrj4ef8,1kj0ha5,reddit,I love how he laughs in his face before helping.,2025-05-10T03:11:31Z,9,ImEatonNass,funny,2025-05-26T07:06:33.232852Z
mrjd80n,1kj0ha5,reddit,How much frikken weight did he have in that bag tho???,2025-05-10T04:17:26Z,3,chchmtb,funny,2025-05-26T07:06:33.232860Z
mrj8ar2,1kj0ha5,reddit,I was cringing so hard at the blue shirt guy lack of safety. Just wow..,2025-05-10T03:39:55Z,2,Reshaos,funny,2025-05-26T07:06:33.232868Z
mrqjsjz,1kj0ha5,reddit,Food Panda?,2025-05-11T12:09:33Z,1,No_Conversation_5942,funny,2025-05-26T07:06:33.232875Z
mrjbzr1,1kj0ha5,reddit,r/malaysia would be proud,2025-05-10T04:07:52Z,0,lalat_1881,funny,2025-05-26T07:06:33.232883Z
mrjc9u9,1kj0ha5,reddit,For the good times and the bad times they’ll be on your side for evermore,2025-05-10T04:10:05Z,0,redittjoe,funny,2025-05-26T07:06:33.232891Z
mrj49t0,1kj0ha5,reddit,He found a way to make motorcycles even more dangerous. Congrats!🍾,2025-05-10T03:10:37Z,-1,BadTackle,funny,2025-05-26T07:06:33.232899Z
mrkvbal,1kj0ha5,reddit,I don’t think this is how Evil Knievel got started….,2025-05-10T12:34:49Z,0,Punkhair2Nv__13,funny,2025-05-26T07:06:33.232907Z
mrkvmfk,1kj0ha5,reddit,That’s part of the male learning process.,2025-05-10T12:36:57Z,0,Dont_Overthink_It_77,funny,2025-05-26T07:06:33.232914Z
msdf1en,1kmvqs7,reddit,"---      

>This is a friendly reminder to [read our rules](https://www.reddit.com/r/funny/wiki/rules). 
>
>Memes, social media, hate-speech, and [politics / political figures](https://www.reddit.com/r/funny/comments/160kuuf/reminder_any_political_content_will_earn_an/) are not allowed. 
>
>Screenshots of Reddit are expressly forbidden, as are TikTok videos.
>
>**Rule-breaking posts may result in bans.**
>
>Please also [be wary of spam](https://www.reddit.com/r/funny/wiki/spam).
>
---


*I am a bot, and this action was performed automatically. Please [contact the moderators of this subreddit](/message/compose/?to=/r/funny) if you have any questions or concerns.*",2025-05-15T01:07:16Z,1,AutoModerator,funny,2025-05-26T07:06:34.280094Z
msdfqzu,1kmvqs7,reddit,THE LOATHSOME DUNG EATER!,2025-05-15T01:11:22Z,44,ModestMouseTrap,funny,2025-05-26T07:06:34.280105Z
msdfu7y,1kmvqs7,reddit,"Austin, it *is* shit.",2025-05-15T01:11:53Z,14,avega2792,funny,2025-05-26T07:06:34.280112Z
msdfp9m,1kmvqs7,reddit,"What’s brown and sounds like a bell?

Dung!",2025-05-15T01:11:06Z,13,superguysteve,funny,2025-05-26T07:06:34.280119Z
msdipn5,1kmvqs7,reddit,Is Sprite Zero “PISS” then 😂,2025-05-15T01:28:23Z,3,Pokeradar,funny,2025-05-26T07:06:34.280125Z
msdid7d,1kmvqs7,reddit,"Look guys fun is fun but obviously the can is upside-down.  It’s meant to read:

bunO",2025-05-15T01:26:24Z,4,garrettj100,funny,2025-05-26T07:06:34.280132Z
msdgfhr,1kmvqs7,reddit,The Beetles like it,2025-05-15T01:15:19Z,2,Silverleaf_Halfmoon,funny,2025-05-26T07:06:34.280139Z
msdgx7q,1kmvqs7,reddit,bunO,2025-05-15T01:18:08Z,2,lkodl,funny,2025-05-26T07:06:34.280146Z
msjx6ri,1kmvqs7,reddit,What's brown and sounds like a bell?,2025-05-16T01:35:34Z,2,Dig_Another_One,funny,2025-05-26T07:06:34.280152Z
msdg4ih,1kmvqs7,reddit,"I feel like this is AI generated... Pretty realistic though!

EDIT: NOT AI generated and I am sorry for doubting the authenticity of the OPs post. No intended disrespect, but pretty *shitty* of me...",2025-05-15T01:13:32Z,2,SwollenPoon,funny,2025-05-26T07:06:34.280159Z
msdfpyt,1kmvqs7,reddit,"The name gave enough clues, didn't it?",2025-05-15T01:11:13Z,1,N/A,funny,2025-05-26T07:06:34.280165Z
msdhddd,1kmvqs7,reddit,I wouldn't know,2025-05-15T01:20:44Z,1,VirginNsd2002,funny,2025-05-26T07:06:34.280173Z
msdlphf,1kmvqs7,reddit,">This Coke Zero tastes like shit

no shit?",2025-05-15T01:45:29Z,1,KeyMysterious1845,funny,2025-05-26T07:06:34.280181Z
msds759,1kmvqs7,reddit,Funny. Mine said beaver.,2025-05-15T02:24:25Z,1,Yokelele,funny,2025-05-26T07:06:34.280188Z
mse8tfa,1kmvqs7,reddit,bima,2025-05-15T04:17:27Z,1,AtlasRising3000,funny,2025-05-26T07:06:34.280195Z
msed2y9,1kmvqs7,reddit,"*Dang it, you ding dong, it's pronounced ""doong""*",2025-05-15T04:50:17Z,1,holyfire001202,funny,2025-05-26T07:06:34.280202Z
msemrd0,1kmvqs7,reddit,r/hailcorporate,2025-05-15T06:15:37Z,1,yuhju,funny,2025-05-26T07:06:34.280209Z
msf6ugw,1kmvqs7,reddit,Badum tss.,2025-05-15T09:42:55Z,1,RegnarukDeez,funny,2025-05-26T07:06:34.280216Z
msfaqb8,1kmvqs7,reddit,Just for curiosity. Have you tried Coke Zero Caffeine free? For some reason I get a really foul taste with drinks containing artificial sweetener and caffeine.,2025-05-15T10:19:50Z,1,T-Loy,funny,2025-05-26T07:06:34.280231Z
msgcq3z,1kmvqs7,reddit,s/This //g,2025-05-15T14:25:06Z,1,framsanon,funny,2025-05-26T07:06:34.280238Z
msitn9s,1kmvqs7,reddit,Next level: Coke Barf,2025-05-15T21:40:19Z,1,Pristine-Mammoth-17,funny,2025-05-26T07:06:34.280245Z
msiuz9q,1kmvqs7,reddit,This is my stepmother's name.,2025-05-15T21:47:17Z,1,axeman1n,funny,2025-05-26T07:06:34.280252Z
mskl9ff,1kmvqs7,reddit,Sell it to Elden Ring players. They will give you a lot of runes for it.,2025-05-16T04:15:23Z,1,vicboss0510,funny,2025-05-26T07:06:34.280259Z
msdhs8h,1kmvqs7,reddit,"My girlfriend doesn't drink aspartame because she thinks it causes cancer.


I just think it tastes terrible regardless of cancer causing properties.  It makes my teeth itch is the only way I can describe it.",2025-05-15T01:23:03Z,0,mynameizmyname,funny,2025-05-26T07:06:34.280266Z
msdixvt,1kmvqs7,reddit,In fairness all coke zero taste like shit.,2025-05-15T01:29:42Z,-1,pbb76,funny,2025-05-26T07:06:34.280273Z
msxxqj6,1kpih5g,reddit,"---      

>This is a friendly reminder to [read our rules](https://www.reddit.com/r/funny/wiki/rules). 
>
>Memes, social media, hate-speech, and [politics / political figures](https://www.reddit.com/r/funny/comments/160kuuf/reminder_any_political_content_will_earn_an/) are not allowed. 
>
>Screenshots of Reddit are expressly forbidden, as are TikTok videos.
>
>**Rule-breaking posts may result in bans.**
>
>Please also [be wary of spam](https://www.reddit.com/r/funny/wiki/spam).
>
---


*I am a bot, and this action was performed automatically. Please [contact the moderators of this subreddit](/message/compose/?to=/r/funny) if you have any questions or concerns.*",2025-05-18T12:09:14Z,1,AutoModerator,funny,2025-05-26T07:06:35.179224Z
msyayim,1kpih5g,reddit,"'no no no, it really captures the feel of turn-of-the-21st century serbia. you'll dig it.'",2025-05-18T13:39:25Z,8,pporkpiehat,funny,2025-05-26T07:06:35.179242Z
msyx1hf,1kpih5g,reddit,this is just r/movies typical post,2025-05-18T15:41:04Z,2,ChiliDemon,funny,2025-05-26T07:06:35.179256Z
mtq1eg1,1kpih5g,reddit,Lol!!!,2025-05-22T20:56:20Z,2,s1llyt1lly,funny,2025-05-26T07:06:35.179267Z
mp5hxoz,1k8efo6,reddit,"---      

>This is a friendly reminder to [read our rules](https://www.reddit.com/r/funny/wiki/rules). 
>
>Memes, social media, hate-speech, and [politics / political figures](https://www.reddit.com/r/funny/comments/160kuuf/reminder_any_political_content_will_earn_an/) are not allowed. 
>
>Screenshots of Reddit are expressly forbidden, as are TikTok videos.
>
>**Rule-breaking posts may result in bans.**
>
>Please also [be wary of spam](https://www.reddit.com/r/funny/wiki/spam).
>
---


*I am a bot, and this action was performed automatically. Please [contact the moderators of this subreddit](/message/compose/?to=/r/funny) if you have any questions or concerns.*",2025-04-26T14:38:30Z,1,AutoModerator,funny,2025-05-26T07:06:36.146370Z
mp63jf2,1k8efo6,reddit,"Well, obviously they couldn't put that sticker on the item until after it passed QC. The real issue is that there was no quality control at the sticker factory. You can tell because there isn't another, smaller, sticker on the sticker.",2025-04-26T16:32:13Z,9,nickcash,funny,2025-05-26T07:06:36.146385Z
mp5o283,1k8efo6,reddit,"No TARIFF, Cha Ching",2025-04-26T15:10:59Z,27,VirginNsd2002,funny,2025-05-26T07:06:36.146393Z
mp5jvy7,1k8efo6,reddit,task failed successfully.,2025-04-26T14:48:58Z,8,Sea_Event_4898,funny,2025-05-26T07:06:36.146401Z
mp6qdf2,1k8efo6,reddit,"Xi`An, a city southwest of Beijing, is pronounced Chian",2025-04-26T18:28:33Z,3,e1mer,funny,2025-05-26T07:06:36.146409Z
mp5o01n,1k8efo6,reddit,"Chian Better DO,",2025-04-26T15:10:40Z,1,VirginNsd2002,funny,2025-05-26T07:06:36.146416Z
mpa94k2,1k8efo6,reddit,"This reminds me of a McDonald's I went to when I was in college. The first time I went there I was surprised to see a sticker on the bag that said it was double checked for quality. One of the times I went there, I saw an employee putting those stickers on each bag in a stack of bags. I lost faith in the idea that someone double checked that all my items were in the bag before putting that sticker on.",2025-04-27T08:51:06Z,1,zerostar83,funny,2025-05-26T07:06:36.146424Z
mpavll9,1k8efo6,reddit,"The product was the thing that passed the QC test, not the label",2025-04-27T12:21:41Z,1,Wannabe-not-me,funny,2025-05-26T07:06:36.146432Z
mpdom0a,1k8efo6,reddit,Weird way to spell Cheyenne,2025-04-27T21:24:19Z,1,Spazzarino,funny,2025-05-26T07:06:36.146439Z
mperiq9,1k8efo6,reddit,Cheyenne,2025-04-28T01:09:04Z,1,pizz_nickels,funny,2025-05-26T07:06:36.146447Z
mph630j,1k8efo6,reddit,No wonder that country no longer exists!,2025-04-28T13:05:02Z,1,Snow-Kafe,funny,2025-05-26T07:06:36.146454Z
mpqu1xs,1k8efo6,reddit,"It's spelled Cheyenne, ya dingus.",2025-04-29T22:57:47Z,1,allursnakes,funny,2025-05-26T07:06:36.146462Z
mp5j6xl,1k8efo6,reddit,"Chian - questo es en Cuba, verdad?",2025-04-26T14:45:16Z,1,Important-Fill-2804,funny,2025-05-26T07:06:36.146469Z
mp5l7xz,1k8efo6,reddit,Isn't that in Wyoming??,2025-04-26T14:56:01Z,1,Curtmac86,funny,2025-05-26T07:06:36.146477Z
mp5mex5,1k8efo6,reddit,"**it's not hand-made in USA, it's pronounced Hand-made in Usa**. The Hand people are Vietnamese slave tribe and Usa is their island prison.",2025-04-26T15:02:18Z,0,Juanskii,funny,2025-05-26T07:06:36.146484Z
mp5lh24,1k8efo6,reddit,Made in Poeples Repbulic of Chian,2025-04-26T14:57:22Z,0,Particular_Tadpole27,funny,2025-05-26T07:06:36.146492Z
mp5qiwx,1k8efo6,reddit,They keep trying to hide it,2025-04-26T15:23:53Z,0,chocolater1p,funny,2025-05-26T07:06:36.146499Z
mp5nq33,1k8efo6,reddit,Embarrassing typo. It’s spelled Cheyenne,2025-04-26T15:09:12Z,0,Optimistic_Futures,funny,2025-05-26T07:06:36.146507Z
mp6gf3p,1k8efo6,reddit,"Is this like the old Chinese label from the town named Usa? They could legitimately label their products as being ""Made in USA""... Bit of subterfuge that a lot of Americans fell for.",2025-04-26T17:38:01Z,0,0_phuk,funny,2025-05-26T07:06:36.146514Z
mp6jdb8,1k8efo6,reddit,Chian county. No tarriff.,2025-04-26T17:52:47Z,0,lixia,funny,2025-05-26T07:06:36.146522Z
mp6zsff,1k8efo6,reddit,"The item itself passed QC.

The sticker was not subject to QC.",2025-04-26T19:18:48Z,0,WesternBlueRanger,funny,2025-05-26T07:06:36.146530Z
mp7j7eh,1k8efo6,reddit,Made in chain,2025-04-26T21:04:27Z,0,Yahwehs_Soldier92,funny,2025-05-26T07:06:36.146537Z
mp7mb6t,1k8efo6,reddit,"The Beaches of Chian, great Garth Brooks song...",2025-04-26T21:21:49Z,0,GhostofZellers,funny,2025-05-26T07:06:36.146545Z
msu1bsf,1kp01t7,reddit,"---      

>This is a friendly reminder to [read our rules](https://www.reddit.com/r/funny/wiki/rules). 
>
>Memes, social media, hate-speech, and [politics / political figures](https://www.reddit.com/r/funny/comments/160kuuf/reminder_any_political_content_will_earn_an/) are not allowed. 
>
>Screenshots of Reddit are expressly forbidden, as are TikTok videos.
>
>**Rule-breaking posts may result in bans.**
>
>Please also [be wary of spam](https://www.reddit.com/r/funny/wiki/spam).
>
---


*I am a bot, and this action was performed automatically. Please [contact the moderators of this subreddit](/message/compose/?to=/r/funny) if you have any questions or concerns.*",2025-05-17T18:41:06Z,1,AutoModerator,funny,2025-05-26T07:06:37.137790Z
msu526w,1kp01t7,reddit,"Quabity Assuance! 

No, no but I’m getting close…",2025-05-17T19:02:10Z,14,Dire_Hulk,funny,2025-05-26T07:06:37.137802Z
msu39s6,1kp01t7,reddit,The new Cheech and Chang movie's out? Nice.,2025-05-17T18:52:09Z,14,NSCButNotThatNSC,funny,2025-05-26T07:06:37.137811Z
msu4cum,1kp01t7,reddit,Snoop!,2025-05-17T18:58:11Z,5,jperz71,funny,2025-05-26T07:06:37.137819Z
msu4ked,1kp01t7,reddit,"The QA Team is on fire! 
 
Are they still going on about Six Sigma and Behavior Driven Dev? 
 
No! THEY ARE ON FIRE!",2025-05-17T18:59:22Z,5,swibirun,funny,2025-05-26T07:06:37.137826Z
msu80fx,1kp01t7,reddit,Creed Bratton is in charge of that department,2025-05-17T19:18:50Z,3,Intrepid-Iron-5276,funny,2025-05-26T07:06:37.137834Z
msu3avu,1kp01t7,reddit,Did the bus have Taco Bell?,2025-05-17T18:52:19Z,2,croupiergoat1,funny,2025-05-26T07:06:37.137841Z
msuj4pb,1kp01t7,reddit,They got nothing on greyhound lol.... if you know you know,2025-05-17T20:20:34Z,2,SS4Raditz,funny,2025-05-26T07:06:37.137848Z
msutlbe,1kp01t7,reddit,Fuckin' QA breaking everything and everyone... Yet again.,2025-05-17T21:18:29Z,2,Ambitious_Toe_4357,funny,2025-05-26T07:06:37.137856Z
msvcc1g,1kp01t7,reddit,"Willy Nelson, only one toke from heaven!",2025-05-17T23:10:24Z,2,drow,funny,2025-05-26T07:06:37.137863Z
msvlljq,1kp01t7,reddit,The mobile Conclave has not reached a decision.,2025-05-18T00:07:28Z,2,js_baker_iv,funny,2025-05-26T07:06:37.137870Z
mswdh9g,1kp01t7,reddit,It’s a remake of Cheech and Chong’s “Up in Smoke”!,2025-05-18T03:19:52Z,2,Nomaddad55,funny,2025-05-26T07:06:37.137878Z
msxvphd,1kp01t7,reddit,"I've hot boxed a bathroom,a shed,a car,a phone booth,a tent,a hotel room but I've never hot boxed a bus before. Guess I know what's next on my list",2025-05-18T11:53:16Z,2,gen-x-shaggy,funny,2025-05-26T07:06:37.137885Z
msu34k7,1kp01t7,reddit,When QA takes ‘stress testing’ a bit too literally.,2025-05-17T18:51:19Z,1,FazeJ99,funny,2025-05-26T07:06:37.137892Z
msu3b0h,1kp01t7,reddit,"QA so good, even the bus couldn’t handle it.",2025-05-17T18:52:20Z,1,PracticeCurrent3623,funny,2025-05-26T07:06:37.137900Z
msu3px1,1kp01t7,reddit,When your QA team is just a lighter and some optimism.,2025-05-17T18:54:39Z,1,Ill-While6086,funny,2025-05-26T07:06:37.137907Z
msu6px9,1kp01t7,reddit,They assure the quality of their Hot Box Tour™️ experience.,2025-05-17T19:11:31Z,1,appa-ate-momo,funny,2025-05-26T07:06:37.137914Z
msudvc2,1kp01t7,reddit,Stress testing. It's all part of QA,2025-05-17T19:51:45Z,1,mechant_papa,funny,2025-05-26T07:06:37.137922Z
msuqu03,1kp01t7,reddit,"It's Quality Assurance, not Quality Assured. This is a work in progress. Some bugs are inevitable.",2025-05-17T21:02:45Z,1,Sylanthra,funny,2025-05-26T07:06:37.137929Z
msv081f,1kp01t7,reddit,Well I got to give it a 5 star for a quality disaster.,2025-05-17T21:57:04Z,1,No-Variety-7130,funny,2025-05-26T07:06:37.137937Z
msv1mde,1kp01t7,reddit,"So was born, William Charles Schnider.",2025-05-17T22:05:22Z,1,IntrepidHoney1415,funny,2025-05-26T07:06:37.137945Z
msv98i6,1kp01t7,reddit,Too busy looking for a typo I didn't realize the bus was ON FIRE,2025-05-17T22:52:05Z,1,Scholarly_Koala,funny,2025-05-26T07:06:37.137953Z
msvfz3y,1kp01t7,reddit,Carbrains' wet dream.,2025-05-17T23:32:00Z,1,DENelson83,funny,2025-05-26T07:06:37.137960Z
msvs7fx,1kp01t7,reddit,That's to show passing aircraft it's a friendly.,2025-05-18T00:51:35Z,1,madeanotheraccount,funny,2025-05-26T07:06:37.137968Z
msvvqyn,1kp01t7,reddit,Recognized the bus as this happened the other day on the side of a highway that goes between Santa Cruz and San Jose.,2025-05-18T01:15:28Z,1,Outa_Time_86,funny,2025-05-26T07:06:37.137975Z
msw4e3b,1kp01t7,reddit,"Don't worry, it's just a smoke test. All part of QA.",2025-05-18T02:14:44Z,1,hisomu,funny,2025-05-26T07:06:37.137983Z
msw6w8q,1kp01t7,reddit,"I worked nine years, in the assembly plant, where this coach was assembled. It could have been any number of things that started the fire.",2025-05-18T02:32:16Z,1,Ok-Buy-6748,funny,2025-05-26T07:06:37.137991Z
mt1c516,1kp01t7,reddit,You got a joint on you man? Be A LOT cooler if you did…. Alright alright alright,2025-05-18T23:34:14Z,1,night_Owl4468,funny,2025-05-26T07:06:37.137998Z
mt956my,1kp01t7,reddit,"Leak check bad, bus is not air tight",2025-05-20T06:17:48Z,1,EthanEnglish_,funny,2025-05-26T07:06:37.138006Z
mtk514l,1kp01t7,reddit,Perhaps it is a QA-bus for a firm that manufactures smoked salmon?,2025-05-21T22:52:11Z,1,SuenTassuT,funny,2025-05-26T07:06:37.138013Z
msu8l8f,1kp01t7,reddit,"""No Smoking.""   ""Oh, yeah?""",2025-05-17T19:22:05Z,0,Opposite_Law1844,funny,2025-05-26T07:06:37.138021Z
mp402tl,1k87ec2,reddit,"---      

>This is a friendly reminder to [read our rules](https://www.reddit.com/r/funny/wiki/rules). 
>
>Memes, social media, hate-speech, and [politics / political figures](https://www.reddit.com/r/funny/comments/160kuuf/reminder_any_political_content_will_earn_an/) are not allowed. 
>
>Screenshots of Reddit are expressly forbidden, as are TikTok videos.
>
>**Rule-breaking posts may result in bans.**
>
>Please also [be wary of spam](https://www.reddit.com/r/funny/wiki/spam).
>
---


*I am a bot, and this action was performed automatically. Please [contact the moderators of this subreddit](/message/compose/?to=/r/funny) if you have any questions or concerns.*",2025-04-26T07:29:58Z,1,AutoModerator,funny,2025-05-26T07:06:38.353537Z
mp4dxpp,1k87ec2,reddit,"Adding to the fun, that's one of the tetramorph
https://en.m.wikipedia.org/wiki/Tetramorph
https://commons.wikimedia.org/wiki/The_four_evangelists_in_the_Grandes_Heures_d%27Anne_de_Bretagne_(high_resolution)

In Roman times, people knew what a lion was. During the dark ages, monks in northern Europe (who never saw a lion in real life and lived cloistered lives) made these illuminations playing a game of visual telephone. Someone tried to describe to them what they thought a lion looked like, without ever seeing one, one would draw a picture, someone else would see that picture, then describe it to someone else that then would draw it in an illumination.

That's how many creepy demon and alien looking creatures ended up in artwork.",2025-04-26T09:50:51Z,17,maqifrnswa,funny,2025-05-26T07:06:38.353550Z
mpg6j3c,1k87ec2,reddit,"""its still behind me isnt it?""",2025-04-28T07:53:56Z,2,FilthyCasual0815,funny,2025-05-26T07:06:38.353558Z
mp40ktk,1k87ec2,reddit,Looks like a Catsquatch to me...,2025-04-26T07:34:55Z,3,myaccountgotbanmed,funny,2025-05-26T07:06:38.353566Z
mpah6t3,1k87ec2,reddit,It's casual meatless Fridays for the fellow scribes. Next week is meatless Hawaiian Shirt Day,2025-04-27T10:16:55Z,1,MrmmphMrmmph,funny,2025-05-26T07:06:38.353574Z
mp4xpqj,1k87ec2,reddit,They could have drawn cat with mane. They are still not too far from drawing a big cat though,2025-04-26T12:37:13Z,1,brihamedit,funny,2025-05-26T07:06:38.353582Z
mp5o1vl,1k87ec2,reddit,[deleted],2025-04-26T15:10:56Z,1,N/A,funny,2025-05-26T07:06:38.353590Z
mp64u9j,1k87ec2,reddit,What is Kevin hart doing in there?,2025-04-26T16:39:06Z,1,cahyonegoro,funny,2025-05-26T07:06:38.353598Z
mp82tkn,1k87ec2,reddit,Sir that is a Samsquanch,2025-04-26T22:55:33Z,0,aquaponic,funny,2025-05-26T07:06:38.353606Z
mp6dt4b,1k87ec2,reddit,[Saint Mark had to escape to Canada with his ‘life partner.’](https://youtu.be/jt5VmVeK830?si=Epbbub9hQqkLqk2m),2025-04-26T17:24:53Z,-2,chrisk018,funny,2025-05-26T07:06:38.353614Z
ms7y1th,1km6yv9,reddit,"---      

>This is a friendly reminder to [read our rules](https://www.reddit.com/r/funny/wiki/rules). 
>
>Memes, social media, hate-speech, and [politics / political figures](https://www.reddit.com/r/funny/comments/160kuuf/reminder_any_political_content_will_earn_an/) are not allowed. 
>
>Screenshots of Reddit are expressly forbidden, as are TikTok videos.
>
>**Rule-breaking posts may result in bans.**
>
>Please also [be wary of spam](https://www.reddit.com/r/funny/wiki/spam).
>
---


*I am a bot, and this action was performed automatically. Please [contact the moderators of this subreddit](/message/compose/?to=/r/funny) if you have any questions or concerns.*",2025-05-14T04:56:20Z,1,AutoModerator,funny,2025-05-26T07:06:39.275477Z
ms7y8br,1km6yv9,reddit,That’s soda pressing,2025-05-14T04:57:48Z,15,NanzLo-,funny,2025-05-26T07:06:39.275489Z
msqfb4k,1km6yv9,reddit,Pour one out for the Homie!,2025-05-17T02:40:41Z,2,Timmy2Two,funny,2025-05-26T07:06:39.275497Z
msgbl2b,1km6yv9,reddit,"Pick up the trash you killing nature, beast.",2025-05-15T14:19:23Z,1,Vast_Selection3022,funny,2025-05-26T07:06:39.275505Z
ms825vo,1km6yv9,reddit,Marge will be so upset,2025-05-14T05:31:24Z,1,polite_saturn321,funny,2025-05-26T07:06:39.275512Z
ms8vd72,1km6yv9,reddit,He dropped his soda.,2025-05-14T10:24:21Z,0,Bulky-Internal8579,funny,2025-05-26T07:06:39.275520Z
ms91r8a,1km6yv9,reddit,This homie is my new crush!,2025-05-14T11:16:52Z,0,kapege,funny,2025-05-26T07:06:39.275527Z
mql43o8,1kes64b,reddit,"---      

>This is a friendly reminder to [read our rules](https://www.reddit.com/r/funny/wiki/rules). 
>
>Memes, social media, hate-speech, and [politics / political figures](https://www.reddit.com/r/funny/comments/160kuuf/reminder_any_political_content_will_earn_an/) are not allowed. 
>
>Screenshots of Reddit are expressly forbidden, as are TikTok videos.
>
>**Rule-breaking posts may result in bans.**
>
>Please also [be wary of spam](https://www.reddit.com/r/funny/wiki/spam).
>
---


*I am a bot, and this action was performed automatically. Please [contact the moderators of this subreddit](/message/compose/?to=/r/funny) if you have any questions or concerns.*",2025-05-04T19:29:23Z,1,AutoModerator,funny,2025-05-26T07:06:40.195113Z
mqmg6du,1kes64b,reddit,"When you have the opportunity to inflict violence as a kindness, you take it with gusto",2025-05-04T23:53:28Z,44,kevtino,funny,2025-05-26T07:06:40.195132Z
mql6f0p,1kes64b,reddit,Pillow fight has upgraded to pillow mortal combat!,2025-05-04T19:41:42Z,24,IanAlvord,funny,2025-05-26T07:06:40.195147Z
mql8jfd,1kes64b,reddit,Look at who beat “Mike Tyson Punchout” as a teenager,2025-05-04T19:52:55Z,7,trucorsair,funny,2025-05-26T07:06:40.195162Z
mql4e4i,1kes64b,reddit,"If someone asked me ""Who Hurt you"" I would respond ""Who hasn't hurt me?""",2025-05-04T19:30:58Z,11,MasterDimentio90,funny,2025-05-26T07:06:40.195177Z
mqlkfgx,1kes64b,reddit,"""Who hurt me? Mike Lindell!""",2025-05-04T20:54:45Z,10,GANDORF57,funny,2025-05-26T07:06:40.195190Z
mqs6ug5,1kes64b,reddit,"If he say *""you""* would he sleep on the couch? 🙈😅",2025-05-05T21:57:33Z,3,RoodnyInc,funny,2025-05-26T07:06:40.195201Z
mqshkjq,1kes64b,reddit,"I love a good pillow fight, but this was a straight up slaughter. NSFW for sure. /s",2025-05-05T22:57:22Z,3,Open_Youth7092,funny,2025-05-26T07:06:40.195213Z
mqt0h7z,1kes64b,reddit,Can't help but the look of the characters makes me think of animations of funny youtubers,2025-05-06T00:43:59Z,3,Oddgamereddit,funny,2025-05-26T07:06:40.195228Z
msppxw7,1kodvgc,reddit,At least he's not a punk ass bitch like Caillou.,2025-05-16T23:58:37Z,143,Prestigious-Car-4877,funny,2025-05-26T07:06:42.350485Z
msq6cwe,1kodvgc,reddit,"Is...

Is ""turtle""... *Shield Toad* in German?",2025-05-17T01:43:04Z,55,GH057807,funny,2025-05-26T07:06:42.350496Z
msq97he,1kodvgc,reddit,My guess is it’s meant in the same way as “conquering fears” is.  He’s “conquering the world” around him by learning every day.,2025-05-17T02:01:31Z,15,Captain_Eaglefort,funny,2025-05-26T07:06:42.350504Z
mspqb5p,1kodvgc,reddit,And here I thought Germany had moved past its obsession with conquering the world...,2025-05-17T00:00:53Z,39,Frenetic_Platypus,funny,2025-05-26T07:06:42.350511Z
msr60cg,1kodvgc,reddit,"The connotations that German speakers associate with “erobert die Welt” are different from what you’d get from a direct translation to English. We think more of a small child that discovers the world to “make it its own”. 

I would rather translate it as “discovers the world” to keep that association.",2025-05-17T06:19:55Z,9,saschaleib,funny,2025-05-26T07:06:42.350518Z
msqp2e1,1kodvgc,reddit,"Could that be a simple translation issue?  I don't speak German at all, but in English we have several common phrases that don't literally mean what the words themselves say.  e.g. ""It's raining cats and dogs"", ""Break a leg"", ""Bite the bullet"", etc. etc.  Would it be something of that sort?",2025-05-17T03:51:28Z,7,jacob_ewing,funny,2025-05-26T07:06:42.350524Z
msqavwv,1kodvgc,reddit,Just wait until it turns teenage.,2025-05-17T02:12:04Z,6,Fossile,funny,2025-05-26T07:06:42.350531Z
msq4lhe,1kodvgc,reddit,The Franklin The,2025-05-17T01:31:42Z,7,U2ElectricBoogaloo,funny,2025-05-26T07:06:42.350538Z
msrrzvx,1kodvgc,reddit,"Oh German translations of titles is the whackest shit ever.  
Guess what the comedy ""Airplane"" was called over here.  
If you guessed ""Die unglaubliche Reise in einem verrückten Flugzeug"" (The Incredible Journey In A Crazy Airplane"", you are correct.",2025-05-17T10:11:09Z,3,fodilicious,funny,2025-05-26T07:06:42.350544Z
mspym6t,1kodvgc,reddit,They forgot to add a moustache,2025-05-17T00:53:14Z,4,Raven_25,funny,2025-05-26T07:06:42.350551Z
mspvoeq,1kodvgc,reddit,I'm not so sure you've read the books or watched the TV show if you think Franklin didn't conquer anything.,2025-05-17T00:34:45Z,2,MetricJester,funny,2025-05-26T07:06:42.350557Z
msq4u3p,1kodvgc,reddit,Dora also doesn't do much exploring. She usually has a map.,2025-05-17T01:33:15Z,2,TrustAvidity,funny,2025-05-26T07:06:42.350564Z
msq53mu,1kodvgc,reddit,"Maybe not as bad as Caillou, but Franklin is still pretty whiny",2025-05-17T01:34:57Z,2,scanaran,funny,2025-05-26T07:06:42.350570Z
msqgrgg,1kodvgc,reddit,I can see a crossover with Pinky and Brain,2025-05-17T02:50:26Z,2,RedditTipiak,funny,2025-05-26T07:06:42.350576Z
msqj6at,1kodvgc,reddit,“Conquering the world” just….I dunno _stirs_ something in the German soul,2025-05-17T03:07:28Z,2,spastical-mackerel,funny,2025-05-26T07:06:42.350583Z
mspu1cs,1kodvgc,reddit,"His own world, bro. his own world",2025-05-17T00:24:21Z,1,POWERGULL,funny,2025-05-26T07:06:42.350590Z
msq7j1n,1kodvgc,reddit,Who did he choose to conquer? The world.,2025-05-17T01:50:36Z,1,Ok-Document6466,funny,2025-05-26T07:06:42.350596Z
msqalzm,1kodvgc,reddit,Maybe Franklin got confused with Dora The Explorer?,2025-05-17T02:10:21Z,1,Stelmosember,funny,2025-05-26T07:06:42.350602Z
msqjznq,1kodvgc,reddit,Franklin sits above Caillou but below Arthur on the whiny bitch scale,2025-05-17T03:13:22Z,1,harlojones,funny,2025-05-26T07:06:42.350609Z
mssodrn,1kodvgc,reddit,It's actually Yertle the Turtle's backstory,2025-05-17T14:15:38Z,1,atomfullerene,funny,2025-05-26T07:06:42.350616Z
msqx9r8,1kodvgc,reddit,Franklin wanted to establish the Turt Reich,2025-05-17T04:59:11Z,1,Zealotstim,funny,2025-05-26T07:06:42.350622Z
msqh6m9,1kodvgc,reddit,Clearly you didn’t read the series after Franklin went to art school.,2025-05-17T02:53:21Z,1,Zookwok111,funny,2025-05-26T07:06:42.350629Z
msrfq9t,1kodvgc,reddit,"we just like conquest, ok?",2025-05-17T07:59:02Z,1,da_Aresinger,funny,2025-05-26T07:06:42.350635Z
msqpynz,1kodvgc,reddit,i thought i was in r/shittymoviedetail,2025-05-17T03:58:35Z,0,Basically_Tris,funny,2025-05-26T07:06:42.350642Z
msqoz2j,1kodvgc,reddit,They probably censored the episode where he recovers from his eye injuries too.,2025-05-17T03:50:45Z,-1,No_Obligation4496,funny,2025-05-26T07:06:42.350648Z
mp59du3,1k8deu7,reddit,"---      

>This is a friendly reminder to [read our rules](https://www.reddit.com/r/funny/wiki/rules). 
>
>Memes, social media, hate-speech, and [politics / political figures](https://www.reddit.com/r/funny/comments/160kuuf/reminder_any_political_content_will_earn_an/) are not allowed. 
>
>Screenshots of Reddit are expressly forbidden, as are TikTok videos.
>
>**Rule-breaking posts may result in bans.**
>
>Please also [be wary of spam](https://www.reddit.com/r/funny/wiki/spam).
>
---


*I am a bot, and this action was performed automatically. Please [contact the moderators of this subreddit](/message/compose/?to=/r/funny) if you have any questions or concerns.*",2025-04-26T13:50:39Z,1,AutoModerator,funny,2025-05-26T07:06:43.471001Z
mp5fz69,1k8deu7,reddit,We have a gay dentist in my town called The Tooth Fairy,2025-04-26T14:27:50Z,9,ExperienceSoft3892,funny,2025-05-26T07:06:43.471017Z
mp5defp,1k8deu7,reddit,Best spelling for ophthalmics,2025-04-26T14:13:39Z,5,Born-Method7579,funny,2025-05-26T07:06:43.471031Z
mp59slk,1k8deu7,reddit,"Tarmok and gilad at tanagra. 

Darmok and Picard with arms open.",2025-04-26T13:53:02Z,6,LMGgp,funny,2025-05-26T07:06:43.471044Z
mp5fm9x,1k8deu7,reddit,Eye see what they did there,2025-04-26T14:25:53Z,2,_coffee_,funny,2025-05-26T07:06:43.471056Z
mp5eglt,1k8deu7,reddit,Under His Eye,2025-04-26T14:19:33Z,1,UmbertoEcoTheDolphin,funny,2025-05-26T07:06:43.471069Z
mp5o0z9,1k8deu7,reddit,Rubouts,2025-04-26T15:10:48Z,1,DumpsterDepends,funny,2025-05-26T07:06:43.471083Z
mp5q50n,1k8deu7,reddit,"Blinky's

Itchy eyes? . . . Get ""Captain Hooks eye drops""",2025-04-26T15:21:51Z,1,Subiemobiler,funny,2025-05-26T07:06:43.471095Z
mp5anwj,1k8deu7,reddit,Yes your highness,2025-04-26T13:58:04Z,1,VirginNsd2002,funny,2025-05-26T07:06:43.471106Z
mp5ai88,1k8deu7,reddit,Eye n nye. ,2025-04-26T13:57:09Z,0,Xalibu2,funny,2025-05-26T07:06:43.471118Z
mp5bqr6,1k8deu7,reddit,"What respected company would name there self that? I would be carefully with the eye drops if you have never bought off this seller before,could be anything !!",2025-04-26T14:04:15Z,-5,Haunting-Rhubarb-739,funny,2025-05-26T07:06:43.471132Z
mt92tfh,1kqxmly,reddit,"---      

>This is a friendly reminder to [read our rules](https://www.reddit.com/r/funny/wiki/rules). 
>
>Memes, social media, hate-speech, and [politics / political figures](https://www.reddit.com/r/funny/comments/160kuuf/reminder_any_political_content_will_earn_an/) are not allowed. 
>
>Screenshots of Reddit are expressly forbidden, as are TikTok videos.
>
>**Rule-breaking posts may result in bans.**
>
>Please also [be wary of spam](https://www.reddit.com/r/funny/wiki/spam).
>
---


*I am a bot, and this action was performed automatically. Please [contact the moderators of this subreddit](/message/compose/?to=/r/funny) if you have any questions or concerns.*",2025-05-20T05:55:34Z,1,AutoModerator,funny,2025-05-26T07:06:44.439108Z
mt93b5o,1kqxmly,reddit,The must be Reebok bok bok bok trainers,2025-05-20T06:00:09Z,46,Pickingnamesisharder,funny,2025-05-26T07:06:44.439123Z
mt9382y,1kqxmly,reddit,Cluck Jordan's.,2025-05-20T05:59:20Z,11,More-Jackfruit3010,funny,2025-05-26T07:06:44.439131Z
mt9974j,1kqxmly,reddit,Le Coq Sportif,2025-05-20T06:57:01Z,6,crusader_nor,funny,2025-05-26T07:06:44.439139Z
mt9knfh,1kqxmly,reddit,Cock of the walk.,2025-05-20T08:58:11Z,3,Terrible-Pen-3790,funny,2025-05-26T07:06:44.439146Z
mt96c59,1kqxmly,reddit,Them chickens jackin’ my style.,2025-05-20T06:28:53Z,7,genius_steals,funny,2025-05-26T07:06:44.439154Z
mt93nuk,1kqxmly,reddit,Has better shoes 👟 then me...,2025-05-20T06:03:25Z,4,BL4CK-H4T91,funny,2025-05-26T07:06:44.439162Z
mt94fny,1kqxmly,reddit,"""LOOKIN' GOOD IN THE HOOD, SIR CLUCKSALOT"" !😀😺🤠🌞🐔🐣",2025-05-20T06:10:44Z,1,redrover765,funny,2025-05-26T07:06:44.439170Z
mt94goc,1kqxmly,reddit,I would watch cock fighting if they wore these instead of the spurs,2025-05-20T06:11:00Z,3,OstrichSmoothe,funny,2025-05-26T07:06:44.439178Z
mt93qyy,1kqxmly,reddit,cocks in chucks lol,2025-05-20T06:04:14Z,2,Swayze_train_exp,funny,2025-05-26T07:06:44.439185Z
mt94gjk,1kqxmly,reddit,Yo Steve where did you get those fresh shoes from? Looking good my man!,2025-05-20T06:10:58Z,2,Life-Oil-7226,funny,2025-05-26T07:06:44.439192Z
mt94kwm,1kqxmly,reddit,He got that shit on tho…,2025-05-20T06:12:07Z,2,BubbleWrapDaisy,funny,2025-05-26T07:06:44.439200Z
mt95760,1kqxmly,reddit,"i can see he can't see the problem, he thinks he was born like that",2025-05-20T06:17:56Z,2,JuicySmalss,funny,2025-05-26T07:06:44.439207Z
mt97nsh,1kqxmly,reddit,Sweet kicks!!,2025-05-20T06:41:54Z,2,Silverstars80,funny,2025-05-26T07:06:44.439215Z
mt9dxmh,1kqxmly,reddit,"In the Philippines, he's wearing shoes on his Adidas.",2025-05-20T07:46:08Z,2,Mitridate101,funny,2025-05-26T07:06:44.439222Z
mtapqkk,1kqxmly,reddit,Cock Martins,2025-05-20T14:03:33Z,1,spenpinner,funny,2025-05-26T07:06:44.439229Z
mtb98m6,1kqxmly,reddit,All it needs is a little basketball tucked under its wing.,2025-05-20T15:40:04Z,1,ashurbanipal420,funny,2025-05-26T07:06:44.439237Z
mtdh6hr,1kqxmly,reddit,This will never be not funny,2025-05-20T22:14:45Z,1,lokepetro,funny,2025-05-26T07:06:44.439263Z
mte1r54,1kqxmly,reddit,Coq Sportif..,2025-05-21T00:12:30Z,1,Fokinho,funny,2025-05-26T07:06:44.439271Z
mtfj79r,1kqxmly,reddit,Giving chicken Joe vibes,2025-05-21T06:23:22Z,1,MrSyaoranLi,funny,2025-05-26T07:06:44.439278Z
mtj647p,1kqxmly,reddit,But can it do chicken dance with those? Or die as single. :(,2025-05-21T19:58:03Z,1,SuenTassuT,funny,2025-05-26T07:06:44.439285Z
mtjzl8b,1kqxmly,reddit,I’m surprised she’s ok with those on her feet.,2025-05-21T22:21:39Z,1,Starblast16,funny,2025-05-26T07:06:44.439293Z
mt94dsk,1kqxmly,reddit,Strut!,2025-05-20T06:10:15Z,1,Open_Youth7092,funny,2025-05-26T07:06:44.439300Z
mt96j47,1kqxmly,reddit,Who did this?? 😂😂,2025-05-20T06:30:46Z,1,Empty_Ladder7815,funny,2025-05-26T07:06:44.439308Z
mt99ghf,1kqxmly,reddit,Needs a stability shoe. Looks like it's overpronating,2025-05-20T06:59:35Z,1,struggling_life09,funny,2025-05-26T07:06:44.439315Z
mt9gg9p,1kqxmly,reddit,"As expected, shoes look better on smaller feet.",2025-05-20T08:12:56Z,1,SungHwaSensei,funny,2025-05-26T07:06:44.439322Z
mt9hdqz,1kqxmly,reddit,Serving style,2025-05-20T08:23:03Z,1,BoredPandaOfficial,funny,2025-05-26T07:06:44.439330Z
mt9o4h2,1kqxmly,reddit,Aww cute little snickers <3 :D,2025-05-20T09:35:23Z,1,Lindaru,funny,2025-05-26T07:06:44.439337Z
mta6dxm,1kqxmly,reddit,Gunna cross that road in style!,2025-05-20T12:07:16Z,0,killertofubeast,funny,2025-05-26T07:06:44.439344Z
mta6umx,1kqxmly,reddit,She is strutting in sneackers like it's a runway.,2025-05-20T12:10:25Z,-1,sonofyue00,funny,2025-05-26T07:06:44.439351Z
mqoc1zh,1kf6nqt,reddit,"---      

>This is a friendly reminder to [read our rules](https://www.reddit.com/r/funny/wiki/rules). 
>
>Memes, social media, hate-speech, and [politics / political figures](https://www.reddit.com/r/funny/comments/160kuuf/reminder_any_political_content_will_earn_an/) are not allowed. 
>
>Screenshots of Reddit are expressly forbidden, as are TikTok videos.
>
>**Rule-breaking posts may result in bans.**
>
>Please also [be wary of spam](https://www.reddit.com/r/funny/wiki/spam).
>
---


*I am a bot, and this action was performed automatically. Please [contact the moderators of this subreddit](/message/compose/?to=/r/funny) if you have any questions or concerns.*",2025-05-05T08:37:12Z,1,AutoModerator,funny,2025-05-26T07:06:45.339142Z
mqv3b3c,1kf6nqt,reddit,"I'm so happy you asked! I used to live in Norfolk and loved them too, that was my first thought as well.",2025-05-06T10:51:32Z,2,evchevs,funny,2025-05-26T07:06:45.339153Z
mqoci3m,1kf6nqt,reddit,Lions are ready to partaayy...,2025-05-05T08:42:00Z,5,myaccountgotbanmed,funny,2025-05-26T07:06:45.339162Z
mqpba7t,1kf6nqt,reddit,Are these the ones on Hampton Blvd. in Ghent? I rarely get down that way so I frequently miss their fits.,2025-05-05T13:21:19Z,2,HyperComa,funny,2025-05-26T07:06:45.339170Z
msvz0c6,1kp8plx,reddit,"---      

>This is a friendly reminder to [read our rules](https://www.reddit.com/r/funny/wiki/rules). 
>
>Memes, social media, hate-speech, and [politics / political figures](https://www.reddit.com/r/funny/comments/160kuuf/reminder_any_political_content_will_earn_an/) are not allowed. 
>
>Screenshots of Reddit are expressly forbidden, as are TikTok videos.
>
>**Rule-breaking posts may result in bans.**
>
>Please also [be wary of spam](https://www.reddit.com/r/funny/wiki/spam).
>
---


*I am a bot, and this action was performed automatically. Please [contact the moderators of this subreddit](/message/compose/?to=/r/funny) if you have any questions or concerns.*",2025-05-18T01:37:39Z,1,AutoModerator,funny,2025-05-26T07:06:46.227048Z
mtjzx7k,1kp8plx,reddit,Now I wonder how many have started to pee towards that frame after reading that? :P,2025-05-21T22:23:30Z,2,SuenTassuT,funny,2025-05-26T07:06:46.227061Z
msxja6a,1kp8plx,reddit,"Not careful enough, I can see the spray on the frame.",2025-05-18T09:58:42Z,2,Bandwagon_Buzzard,funny,2025-05-26T07:06:46.227069Z
msxl3zh,1kp8plx,reddit,thats exactly what someone who peed on the floor due to laughing about the sign would say,2025-05-18T10:17:25Z,1,chris20194,funny,2025-05-26T07:06:46.227077Z
msyhetc,1kp8plx,reddit,How'd it know I'm currently peeing on the floor,2025-05-18T14:16:59Z,1,DemonPlasma,funny,2025-05-26T07:06:46.227084Z
msyz67c,1kp8plx,reddit,You should draw a target on the sign.,2025-05-18T15:52:20Z,0,dwarftosser77,funny,2025-05-26T07:06:46.227092Z
mt2ugkt,1kq4ga3,reddit,"---      

>This is a friendly reminder to [read our rules](https://www.reddit.com/r/funny/wiki/rules). 
>
>Memes, social media, hate-speech, and [politics / political figures](https://www.reddit.com/r/funny/comments/160kuuf/reminder_any_political_content_will_earn_an/) are not allowed. 
>
>Screenshots of Reddit are expressly forbidden, as are TikTok videos.
>
>**Rule-breaking posts may result in bans.**
>
>Please also [be wary of spam](https://www.reddit.com/r/funny/wiki/spam).
>
---


*I am a bot, and this action was performed automatically. Please [contact the moderators of this subreddit](/message/compose/?to=/r/funny) if you have any questions or concerns.*",2025-05-19T05:58:51Z,1,AutoModerator,funny,2025-05-26T07:06:47.571896Z
mt2v1e0,1kq4ga3,reddit,Is it clean? ,2025-05-19T06:04:25Z,16,5352563424,funny,2025-05-26T07:06:47.571912Z
mt2z41d,1kq4ga3,reddit,When I worked in retail I would sometimes put the reduction sticker over the tail in cocktail sauce,2025-05-19T06:44:30Z,14,brianoftarp,funny,2025-05-26T07:06:47.571921Z
mt314ww,1kq4ga3,reddit,"Worked for Walmart for over a year and we absolutely do this on purpose lol, I've done it a few times myself. Brings a smile to the otherwise mundane.",2025-05-19T07:04:43Z,8,Chanocraft,funny,2025-05-26T07:06:47.571928Z
mt2vvnp,1kq4ga3,reddit,Pee90X,2025-05-19T06:12:32Z,6,Coast_watcher,funny,2025-05-26T07:06:47.571936Z
mt2wu2r,1kq4ga3,reddit,Is the pee clean?,2025-05-19T06:21:53Z,3,Similar_East_6509,funny,2025-05-26T07:06:47.571943Z
mt2vcjn,1kq4ga3,reddit,"Good news is that the urine is vegetarian. Win! And, only $3.50. Win-win!",2025-05-19T06:07:24Z,3,Harshtagged,funny,2025-05-26T07:06:47.571950Z
mt31k9d,1kq4ga3,reddit,A+ workmanship.,2025-05-19T07:09:07Z,2,sadunk,funny,2025-05-26T07:06:47.571958Z
mt3dfer,1kq4ga3,reddit,Urine for a good time.,2025-05-19T09:15:09Z,2,Oli4K,funny,2025-05-26T07:06:47.571965Z
mt486v3,1kq4ga3,reddit,"“Urine a Walmart, ma’am”",2025-05-19T13:17:47Z,2,joe_ordan,funny,2025-05-26T07:06:47.571972Z
mt33i4u,1kq4ga3,reddit,BAZINGA!,2025-05-19T07:29:12Z,1,Nzaid,funny,2025-05-26T07:06:47.571979Z
mt355i0,1kq4ga3,reddit,"Man, *everything* is going up in price.",2025-05-19T07:46:40Z,1,mpworth,funny,2025-05-26T07:06:47.571986Z
mt37bj3,1kq4ga3,reddit,just like apple juice,2025-05-19T08:09:34Z,1,iridescentrae,funny,2025-05-26T07:06:47.571993Z
mt38psv,1kq4ga3,reddit,Here in Downtown LA you can get bottles of that for free,2025-05-19T08:24:42Z,1,Captain_Aizen,funny,2025-05-26T07:06:47.572000Z
mt3dkok,1kq4ga3,reddit,That's a hell of a pisscount!,2025-05-19T09:16:45Z,1,gozulio,funny,2025-05-26T07:06:47.572007Z
mt3m8th,1kq4ga3,reddit,JARATE,2025-05-19T10:41:59Z,1,MJR_Poltergeist,funny,2025-05-26T07:06:47.572014Z
mt3qtep,1kq4ga3,reddit,"weak, the Walmart around here has this in every aisle",2025-05-19T11:19:45Z,1,WingKongTrading,funny,2025-05-26T07:06:47.572022Z
mt3wor5,1kq4ga3,reddit,Mmmm,2025-05-19T12:03:29Z,1,Cats22665,funny,2025-05-26T07:06:47.572029Z
mt3wvy9,1kq4ga3,reddit,You may want to keep pictures of clearance aisles for remember when's. Got a feeling that's going to be a disappearing thing,2025-05-19T12:04:55Z,1,Redtex,funny,2025-05-26T07:06:47.572036Z
mt40809,1kq4ga3,reddit,I remember seeing a bottle of glass cleaner with the price label covering the GL. Or at least I think it was glass cleaner.,2025-05-19T12:27:48Z,1,Cake-Over,funny,2025-05-26T07:06:47.572043Z
mt49goj,1kq4ga3,reddit,That's where RFK gets his 😂,2025-05-19T13:25:19Z,1,sleepygary77,funny,2025-05-26T07:06:47.572050Z
mt4gaqe,1kq4ga3,reddit,$3.50 for premium bottled urine? bro we’re one clearance tag away from medieval medicine making a comeback,2025-05-19T14:03:43Z,1,Plenty_Quail_9645,funny,2025-05-26T07:06:47.572057Z
mt518yo,1kq4ga3,reddit,No thanks. I produce enough as it is.,2025-05-19T15:50:27Z,1,afairjudgment,funny,2025-05-26T07:06:47.572064Z
mt55ck4,1kq4ga3,reddit,Edit: Walmart never disappoints.,2025-05-19T16:10:45Z,1,Euphoric_Rooster1856,funny,2025-05-26T07:06:47.572072Z
mt5o4xw,1kq4ga3,reddit,Ha!,2025-05-19T17:42:05Z,1,FrankiKMusic,funny,2025-05-26T07:06:47.572080Z
mt5od1u,1kq4ga3,reddit,"It's actually ""murine"" and it's made of ground mice",2025-05-19T17:43:09Z,1,judgejuddhirsch,funny,2025-05-26T07:06:47.572087Z
mt5rrb0,1kq4ga3,reddit,"Urine, for ""Nervous System Health""",2025-05-19T17:59:12Z,1,Fish_Slapping_Dance,funny,2025-05-26T07:06:47.572095Z
mt6rg2v,1kq4ga3,reddit,Vitamin P,2025-05-19T20:55:46Z,1,KC_Que,funny,2025-05-26T07:06:47.572102Z
mt6t5qo,1kq4ga3,reddit,Urine for a surprise,2025-05-19T21:04:16Z,1,SgtNeilDiamond,funny,2025-05-26T07:06:47.572109Z
mtg5zcc,1kq4ga3,reddit,They finally bottled niche OF!,2025-05-21T10:16:56Z,1,llamapositif,funny,2025-05-26T07:06:47.572116Z
mth1ztd,1kq4ga3,reddit,"Urea is what women buy for their skin, I could have just pissed on her for free but she chose to pay 5 dollars instead.",2025-05-21T13:52:22Z,1,Gervill,funny,2025-05-26T07:06:47.572126Z
mtwcegn,1kq4ga3,reddit,Only tree- fitty!,2025-05-23T20:26:44Z,1,beerdedwu,funny,2025-05-26T07:06:47.572133Z
mt2wdxb,1kq4ga3,reddit,"I'm selling it at $3. Theirs, not mine. Mine is $1 and I don't promise any health benefits.",2025-05-19T06:17:30Z,1,aravose,funny,2025-05-26T07:06:47.572141Z
mt30sv9,1kq4ga3,reddit,I heard that it's really bull semen (assuming this is taurine),2025-05-19T07:01:16Z,-1,techsuppr0t,funny,2025-05-26T07:06:47.572148Z
mrn3ur7,1kjj7xx,reddit,"---      

>This is a friendly reminder to [read our rules](https://www.reddit.com/r/funny/wiki/rules). 
>
>Memes, social media, hate-speech, and [politics / political figures](https://www.reddit.com/r/funny/comments/160kuuf/reminder_any_political_content_will_earn_an/) are not allowed. 
>
>Screenshots of Reddit are expressly forbidden, as are TikTok videos.
>
>**Rule-breaking posts may result in bans.**
>
>Please also [be wary of spam](https://www.reddit.com/r/funny/wiki/spam).
>
---


*I am a bot, and this action was performed automatically. Please [contact the moderators of this subreddit](/message/compose/?to=/r/funny) if you have any questions or concerns.*",2025-05-10T20:13:37Z,1,AutoModerator,funny,2025-05-26T07:06:48.695251Z
mrn4cjt,1kjj7xx,reddit,Could be worse. Could be BJ69,2025-05-10T20:16:22Z,70,MuttleyStomper24,funny,2025-05-26T07:06:48.695260Z
mrncsk0,1kjj7xx,reddit,Go NATO phonetic: Juliet Kilo Six Niner,2025-05-10T21:04:16Z,15,Jaymac720,funny,2025-05-26T07:06:48.695265Z
mrn5eth,1kjj7xx,reddit,Nice.,2025-05-10T20:22:24Z,10,Hell-Yea-Brother,funny,2025-05-26T07:06:48.695271Z
mrn6p73,1kjj7xx,reddit,"My wife had FU one time, you could tell the lady was a bit taken aback for a half second hearing that.",2025-05-10T20:29:42Z,8,Always_Confused4,funny,2025-05-26T07:06:48.695277Z
mrn6ojj,1kjj7xx,reddit,I just had UR90 today and AK69 yesterday. I swear they doing this on purpose,2025-05-10T20:29:35Z,6,recyclebindelete,funny,2025-05-26T07:06:48.695282Z
mrn50s2,1kjj7xx,reddit,"Most people aren't teenagers. Besides,  least it doesn't say ZJs",2025-05-10T20:20:11Z,8,Kid_A_Kid,funny,2025-05-26T07:06:48.695287Z
mrn97qc,1kjj7xx,reddit,You can just say your name and they'll also accept that too,2025-05-10T20:43:58Z,3,jparadis87,funny,2025-05-26T07:06:48.695292Z
mrnlo8k,1kjj7xx,reddit,"Just use the phonetic alphabet, So Juliet Kilo six Nine",2025-05-10T21:57:36Z,3,Piemaster113,funny,2025-05-26T07:06:48.695297Z
mrnqof9,1kjj7xx,reddit,r/nice,2025-05-10T22:28:43Z,2,Fr05t_B1t,funny,2025-05-26T07:06:48.695302Z
mrn4009,1kjj7xx,reddit,What a tease…,2025-05-10T20:14:26Z,1,Fresh-Bluebird-7005,funny,2025-05-26T07:06:48.695307Z
mrn8hq0,1kjj7xx,reddit,nice,2025-05-10T20:39:51Z,1,lerdmeister,funny,2025-05-26T07:06:48.695312Z
mrndt68,1kjj7xx,reddit,Nice,2025-05-10T21:10:15Z,1,phil16723,funny,2025-05-26T07:06:48.695317Z
mrnek0u,1kjj7xx,reddit,Its not an offer - no worries!!!,2025-05-10T21:14:41Z,1,donmreddit,funny,2025-05-26T07:06:48.695322Z
mrnkdu0,1kjj7xx,reddit,69 11,2025-05-10T21:49:46Z,1,Porch-Geese,funny,2025-05-26T07:06:48.695327Z
mrntqel,1kjj7xx,reddit,Time to break out the phonetic alphabet. Juliet Kilo Six Niner.,2025-05-10T22:48:22Z,1,dewky,funny,2025-05-26T07:06:48.695332Z
mrq1fla,1kjj7xx,reddit,Nice,2025-05-11T09:15:38Z,1,magnidwarf1900,funny,2025-05-26T07:06:48.695337Z
mrqegwd,1kjj7xx,reddit,Don't add a happy.... meal at the end is what I wanted to say.,2025-05-11T11:26:55Z,1,AnthonyTyrael,funny,2025-05-26T07:06:48.695342Z
mrt0nz3,1kjj7xx,reddit,Not kidding one time I got “PP69”,2025-05-11T20:32:07Z,1,MobilePicture342,funny,2025-05-26T07:06:48.695347Z
mru9jd2,1kjj7xx,reddit,Juliet Kilo Six Nine,2025-05-12T01:02:30Z,1,FamiliarTaro7,funny,2025-05-26T07:06:48.695352Z
mrwi2bl,1kjj7xx,reddit,"""yes the code is JAY KAY SIX NINE"" you don't have to say it like Billy Madison ""sixty-nine huehuehuehehueh""",2025-05-12T12:27:58Z,1,-Tom-,funny,2025-05-26T07:06:48.695357Z
ms1qtwu,1kjj7xx,reddit,"My best app code so far was 

# MJ58

I've got pattern-seeking brain like a motherfucker so my brain immediately goes ""Michael Jackson.""  So I googled his birthday and it turns out he *was* born in 1958.  Was a neat fun fact to share.",2025-05-13T06:14:53Z,1,TsukariYoshi,funny,2025-05-26T07:06:48.695362Z
mrndrpz,1kjj7xx,reddit,"Just spell it out.

Six nine instead of sixty nine",2025-05-10T21:10:01Z,0,funnystuff79,funny,2025-05-26T07:06:48.695367Z
mrn7wd0,1kjj7xx,reddit,[deleted],2025-05-10T20:36:32Z,-7,N/A,funny,2025-05-26T07:06:48.695372Z
mp6jjyb,1k8iwgs,reddit,"---      

>This is a friendly reminder to [read our rules](https://www.reddit.com/r/funny/wiki/rules). 
>
>Memes, social media, hate-speech, and [politics / political figures](https://www.reddit.com/r/funny/comments/160kuuf/reminder_any_political_content_will_earn_an/) are not allowed. 
>
>Screenshots of Reddit are expressly forbidden, as are TikTok videos.
>
>**Rule-breaking posts may result in bans.**
>
>Please also [be wary of spam](https://www.reddit.com/r/funny/wiki/spam).
>
---


*I am a bot, and this action was performed automatically. Please [contact the moderators of this subreddit](/message/compose/?to=/r/funny) if you have any questions or concerns.*",2025-04-26T17:53:42Z,1,AutoModerator,funny,2025-05-26T07:06:49.822552Z
mp6lsp0,1k8iwgs,reddit,I really never understood why people spit gum in the urinals when there is a trash can like an arms length away,2025-04-26T18:05:07Z,11,NowOrNeverFun,funny,2025-05-26T07:06:49.822564Z
mp6mm69,1k8iwgs,reddit,I’d wager that people who never did that just might do it to participate in the joke.,2025-04-26T18:09:21Z,4,Yaguajay,funny,2025-05-26T07:06:49.822573Z
mp7dcuo,1k8iwgs,reddit,"Not helpful,those people can’t read.",2025-04-26T20:33:09Z,3,wiremupi,funny,2025-05-26T07:06:49.822580Z
mp80hc6,1k8iwgs,reddit,What a classy sounding place that is.,2025-04-26T22:42:26Z,3,CantTouchMyOnion,funny,2025-05-26T07:06:49.822588Z
mp6llj2,1k8iwgs,reddit,Sheez.  I chewed Copenhagen for 26 years!  Quit 17 years ago.  What the hell was I thinking?,2025-04-26T18:04:05Z,2,AlmanzoWilder,funny,2025-05-26T07:06:49.822596Z
mp6qygv,1k8iwgs,reddit,"If they won't piss in my mouth, will they at least shit on my chest?",2025-04-26T18:31:32Z,2,Poverty_4_Sale,funny,2025-05-26T07:06:49.822603Z
mp6n7sp,1k8iwgs,reddit,"But what about all those guys who come here for the Golden Showers?    
Where are the Urophiliacs supposed to go now?",2025-04-26T18:12:28Z,1,Typical-Crazy-3100,funny,2025-05-26T07:06:49.822610Z
mp7a1p1,1k8iwgs,reddit,Would they welcome a dump then?,2025-04-26T20:15:27Z,1,take_it_to_the_mo,funny,2025-05-26T07:06:49.822618Z
mp824ao,1k8iwgs,reddit,"""But, could you?...""",2025-04-26T22:51:34Z,1,Flakester,funny,2025-05-26T07:06:49.822625Z
mp8624g,1k8iwgs,reddit,"chewers are gross, used to work with one, him and his cup full of spit.",2025-04-26T23:14:09Z,1,CurrentlyLucid,funny,2025-05-26T07:06:49.822633Z
mp8ieza,1k8iwgs,reddit,Subtle,2025-04-27T00:29:16Z,1,lloydsmith28,funny,2025-05-26T07:06:49.822640Z
mp9yk7z,1k8iwgs,reddit,"Usually you pay double for that kind of action, Cotton.",2025-04-27T07:02:21Z,1,charliespannaway,funny,2025-05-26T07:06:49.822648Z
mpbeued,1k8iwgs,reddit," do something that detects if somthing solid has hit the urinal, and electrify the water, so the ax they pee it shocks their dick",2025-04-27T14:23:03Z,1,Omiyaru,funny,2025-05-26T07:06:49.822655Z
mpr2rzn,1k8iwgs,reddit,“allegedly pee”…,2025-04-29T23:46:06Z,1,Exerciseforfun2024,funny,2025-05-26T07:06:49.822662Z
mpw6ur5,1kbp640,reddit,"---      

>This is a friendly reminder to [read our rules](https://www.reddit.com/r/funny/wiki/rules). 
>
>Memes, social media, hate-speech, and [politics / political figures](https://www.reddit.com/r/funny/comments/160kuuf/reminder_any_political_content_will_earn_an/) are not allowed. 
>
>Screenshots of Reddit are expressly forbidden, as are TikTok videos.
>
>**Rule-breaking posts may result in bans.**
>
>Please also [be wary of spam](https://www.reddit.com/r/funny/wiki/spam).
>
---


*I am a bot, and this action was performed automatically. Please [contact the moderators of this subreddit](/message/compose/?to=/r/funny) if you have any questions or concerns.*",2025-04-30T19:31:27Z,1,AutoModerator,funny,2025-05-26T07:06:50.739879Z
mpwfmfm,1kbp640,reddit,"The lead singer of the offspring used to be a chemist and used to say ""you gotta keep em seperated"" when talking about samples in the lab. Thats where the hook came from",2025-04-30T20:14:16Z,28,upvote-button,funny,2025-05-26T07:06:50.739891Z
mpw74m8,1kbp640,reddit,"Congrats on your new business selling free-range, organic bunny slippers!",2025-04-30T19:32:49Z,12,BoarnotBoring,funny,2025-05-26T07:06:50.739899Z
mpw938e,1kbp640,reddit,This is so stupid and I love it.,2025-04-30T19:42:28Z,4,Madman888unreal,funny,2025-05-26T07:06:50.739907Z
mtuncsj,1ktmgjw,reddit,"---      

>This is a friendly reminder to [read our rules](https://www.reddit.com/r/funny/wiki/rules). 
>
>Memes, social media, hate-speech, and [politics / political figures](https://www.reddit.com/r/funny/comments/160kuuf/reminder_any_political_content_will_earn_an/) are not allowed. 
>
>Screenshots of Reddit are expressly forbidden, as are TikTok videos.
>
>**Rule-breaking posts may result in bans.**
>
>Please also [be wary of spam](https://www.reddit.com/r/funny/wiki/spam).
>
---


*I am a bot, and this action was performed automatically. Please [contact the moderators of this subreddit](/message/compose/?to=/r/funny) if you have any questions or concerns.*",2025-05-23T15:30:17Z,1,AutoModerator,funny,2025-05-26T07:06:51.766444Z
mtvnq9a,1ktmgjw,reddit,My Dad did this and I hate it. He could have answered the phone in almost any other room of the house but he would answer it where we were watching tv and make us mute it.,2025-05-23T18:22:04Z,9,SamuelYosemite,funny,2025-05-26T07:06:51.766458Z
mtuublj,1ktmgjw,reddit,I can imagine the serial killer sitting down on the couch lol,2025-05-23T16:02:38Z,6,Shadowwo1f05,funny,2025-05-26T07:06:51.766467Z
mtywq58,1ktmgjw,reddit,"If that’s his best bit, recommend doing it part time at best.",2025-05-24T06:36:54Z,5,kazmtron,funny,2025-05-26T07:06:51.766475Z
mu0amn9,1ktmgjw,reddit,You mean this is ALL THE MOMS,2025-05-24T13:46:52Z,1,Fit_Climate5155,funny,2025-05-26T07:06:51.766484Z
mtuq3dx,1ktmgjw,reddit,Too much! How did this guy get into my house?,2025-05-23T15:43:00Z,1,DavoTB,funny,2025-05-26T07:06:51.766492Z
mtveuy8,1ktmgjw,reddit,Nope.,2025-05-23T17:39:47Z,1,OutrageousEvent,funny,2025-05-26T07:06:51.766500Z
mr4bku0,1kh6a0a,reddit,"---      

>This is a friendly reminder to [read our rules](https://www.reddit.com/r/funny/wiki/rules). 
>
>Memes, social media, hate-speech, and [politics / political figures](https://www.reddit.com/r/funny/comments/160kuuf/reminder_any_political_content_will_earn_an/) are not allowed. 
>
>Screenshots of Reddit are expressly forbidden, as are TikTok videos.
>
>**Rule-breaking posts may result in bans.**
>
>Please also [be wary of spam](https://www.reddit.com/r/funny/wiki/spam).
>
---


*I am a bot, and this action was performed automatically. Please [contact the moderators of this subreddit](/message/compose/?to=/r/funny) if you have any questions or concerns.*",2025-05-07T19:31:28Z,1,AutoModerator,funny,2025-05-26T07:06:52.996793Z
mr4cn4d,1kh6a0a,reddit,"Atta girl, granny!",2025-05-07T19:36:42Z,5,SlideItIn100,funny,2025-05-26T07:06:52.996805Z
mr4ouw4,1kh6a0a,reddit,They see me rollin!,2025-05-07T20:35:09Z,4,lostalaska,funny,2025-05-26T07:06:52.996814Z
mr4d6pg,1kh6a0a,reddit,She’s got better wheels and better weed than me,2025-05-07T19:39:21Z,2,kate_shadee,funny,2025-05-26T07:06:52.996821Z
mr4kqr6,1kh6a0a,reddit,"Sounds like someone I need to meet.
(me, a single grandfather)",2025-05-07T20:16:03Z,2,RaelaltRael,funny,2025-05-26T07:06:52.996829Z
mr4ybkv,1kh6a0a,reddit,Might give it a shot.,2025-05-07T21:19:59Z,1,RaelaltRael,funny,2025-05-26T07:06:52.996836Z
mr5lgkz,1kh6a0a,reddit,"Driving under influence, leaving a trail of smoke… with a big smile on your face. Have a great and safe time, G, you rock. And turn up the volume, wanna know what‘s your soundtrack for the ride.",2025-05-07T23:26:27Z,1,Ok-Dragonfruit5801,funny,2025-05-26T07:06:52.996843Z
mrc8ndn,1kh6a0a,reddit,Love it.  Needs a peace sign!,2025-05-09T00:22:47Z,1,Greedy_Group2251,funny,2025-05-26T07:06:52.996851Z
mr7ufkn,1khm27b,reddit,"---      

>This is a friendly reminder to [read our rules](https://www.reddit.com/r/funny/wiki/rules). 
>
>Memes, social media, hate-speech, and [politics / political figures](https://www.reddit.com/r/funny/comments/160kuuf/reminder_any_political_content_will_earn_an/) are not allowed. 
>
>Screenshots of Reddit are expressly forbidden, as are TikTok videos.
>
>**Rule-breaking posts may result in bans.**
>
>Please also [be wary of spam](https://www.reddit.com/r/funny/wiki/spam).
>
---


*I am a bot, and this action was performed automatically. Please [contact the moderators of this subreddit](/message/compose/?to=/r/funny) if you have any questions or concerns.*",2025-05-08T09:43:42Z,1,AutoModerator,funny,2025-05-26T07:06:53.966154Z
mr80tf5,1khm27b,reddit,Freudian slip.,2025-05-08T10:43:12Z,27,RecommendationOnly41,funny,2025-05-26T07:06:53.966163Z
mr85jyd,1khm27b,reddit,Black cock down,2025-05-08T11:20:28Z,29,Interesting-Tank3249,funny,2025-05-26T07:06:53.966170Z
mr88zdf,1khm27b,reddit,The actual language that is just German and English smashed together is Dutch.,2025-05-08T11:45:10Z,17,Moose-Rage,funny,2025-05-26T07:06:53.966176Z
mr82art,1khm27b,reddit,How did you end up in a wheelchair? I was an incident involving a …….,2025-05-08T10:55:15Z,4,Meikle15,funny,2025-05-26T07:06:53.966183Z
mr8e1kl,1khm27b,reddit,entschuldigung,2025-05-08T12:19:19Z,4,The_Real_Pepe_Si1via,funny,2025-05-26T07:06:53.966189Z
mrbl3t2,1khm27b,reddit,Christ she literally said black cock on live tv 😂👀,2025-05-08T22:02:45Z,1,Unlucky-Meaning-4956,funny,2025-05-26T07:06:53.966195Z
mrcc6vw,1khm27b,reddit,*Worum handelt es sich genau bei dem Helikopter? Es ist ein Black Cock ähm Black Hawk... Entschuldigung und drei Piloten oder drei Piloten....*,2025-05-09T00:44:52Z,1,Tr0wAWAyyyyyy,funny,2025-05-26T07:06:53.966201Z
mrf7ds8,1khm27b,reddit,"Better ""Black Pork"" than ""Black Hawk Tuah"".",2025-05-09T14:09:16Z,1,framsanon,funny,2025-05-26T07:06:53.966208Z
mrgj6eq,1khm27b,reddit,There should be a black cock helicopter,2025-05-09T18:11:59Z,1,NotEntirelyShure,funny,2025-05-26T07:06:53.966214Z
mr7v4jf,1khm27b,reddit,Hehe,2025-05-08T09:50:43Z,0,Specific_Mud_64,funny,2025-05-26T07:06:53.966220Z
mr8iy4n,1khm27b,reddit,Just plugging the station. It is the BBC. It should be filled with blackocks,2025-05-08T12:50:04Z,0,jokersvoid,funny,2025-05-26T07:06:53.966227Z
mr8rc09,1khm27b,reddit,Entschuldigung indeed.,2025-05-08T13:38:16Z,0,LordTengil,funny,2025-05-26T07:06:53.966233Z
mr90lig,1khm27b,reddit,Black Cock Fuckschrauber,2025-05-08T14:26:12Z,0,the_nowhere_road,funny,2025-05-26T07:06:53.966239Z
mr9g8jw,1khm27b,reddit,big black Helicockter,2025-05-08T15:42:45Z,0,AndiArbyte,funny,2025-05-26T07:06:53.966245Z
mr9w89m,1khm27b,reddit,She knowns her search history !,2025-05-08T17:00:34Z,0,epSos-DE,funny,2025-05-26T07:06:53.966251Z
mreaxmj,1khm27b,reddit,The brain says what it wants,2025-05-09T10:34:28Z,0,Arrow2304,funny,2025-05-26T07:06:53.966257Z
mr8rhjz,1khm27b,reddit,"Damn, German chicks are hot when they attempt English.",2025-05-08T13:39:07Z,-2,ElectrikLettuce,funny,2025-05-26T07:06:53.966263Z
mrjac3i,1kj1cil,reddit,"---      

>This is a friendly reminder to [read our rules](https://www.reddit.com/r/funny/wiki/rules). 
>
>Memes, social media, hate-speech, and [politics / political figures](https://www.reddit.com/r/funny/comments/160kuuf/reminder_any_political_content_will_earn_an/) are not allowed. 
>
>Screenshots of Reddit are expressly forbidden, as are TikTok videos.
>
>**Rule-breaking posts may result in bans.**
>
>Please also [be wary of spam](https://www.reddit.com/r/funny/wiki/spam).
>
---


*I am a bot, and this action was performed automatically. Please [contact the moderators of this subreddit](/message/compose/?to=/r/funny) if you have any questions or concerns.*",2025-05-10T03:55:12Z,1,AutoModerator,funny,2025-05-26T07:06:55.660259Z
mrjrlmz,1kj1cil,reddit,I liked it,2025-05-10T06:22:32Z,13,thesneakymouse,funny,2025-05-26T07:06:55.660271Z
mrjone8,1kj1cil,reddit,Pretty sure this is just an extension of a Geico commercial or something.,2025-05-10T05:54:33Z,7,LostAbbott,funny,2025-05-26T07:06:55.660280Z
mrlu6rx,1kj1cil,reddit,I'd pay to watch this in theaters.,2025-05-10T15:59:13Z,7,Trama-D,funny,2025-05-26T07:06:55.660288Z
mrlwm6z,1kj1cil,reddit,What is the little kid doing at the end?,2025-05-10T16:12:35Z,5,aum-23,funny,2025-05-26T07:06:55.660296Z
mrmi29o,1kj1cil,reddit,"The one guy with the tape: ""Did you bring a VCR in that bag, too? Because all I have is a Blu-ray.""",2025-05-10T18:08:48Z,3,geekcrobinett,funny,2025-05-26T07:06:55.660303Z
mrjtl1u,1kj1cil,reddit,"Cabin in the woods or getting wasted in Cabo?  I choose the the abandoned insane asylum and the ouija board!  Wait no, on second thought, beach party it is!",2025-05-10T06:41:39Z,9,Bulky-Internal8579,funny,2025-05-26T07:06:55.660311Z
mrnhqmo,1kj1cil,reddit,I’d watch it lmao,2025-05-10T21:33:48Z,2,Basic_Purple8576,funny,2025-05-26T07:06:55.660319Z
mrofy6u,1kj1cil,reddit,Are we just posting old youtube videos now?,2025-05-11T01:11:18Z,1,Windyandbreezy,funny,2025-05-26T07:06:55.660327Z
mpedn2n,1k9hwvk,reddit,"---      

>This is a friendly reminder to [read our rules](https://www.reddit.com/r/funny/wiki/rules). 
>
>Memes, social media, hate-speech, and [politics / political figures](https://www.reddit.com/r/funny/comments/160kuuf/reminder_any_political_content_will_earn_an/) are not allowed. 
>
>Screenshots of Reddit are expressly forbidden, as are TikTok videos.
>
>**Rule-breaking posts may result in bans.**
>
>Please also [be wary of spam](https://www.reddit.com/r/funny/wiki/spam).
>
---


*I am a bot, and this action was performed automatically. Please [contact the moderators of this subreddit](/message/compose/?to=/r/funny) if you have any questions or concerns.*",2025-04-27T23:44:27Z,1,AutoModerator,funny,2025-05-26T07:06:56.579327Z
mpedz7o,1k9hwvk,reddit,Your ears are gonna smell fucking incredible,2025-04-27T23:46:26Z,20,Odd-Disaster9164,funny,2025-05-26T07:06:56.579339Z
mpefc58,1k9hwvk,reddit,Air pod on the rose.. from the grey?,2025-04-27T23:54:23Z,3,joe_ordan,funny,2025-05-26T07:06:56.579347Z
mpg6z88,1k9hwvk,reddit,"I had this once, but it was the spring to an edger. Was raking the grass for ages trying to find it, but it was never on the ground to begin with, it was in the bush a metre up.",2025-04-28T07:58:45Z,2,SumonaFlorence,funny,2025-05-26T07:06:56.579355Z
mphes7a,1k9hwvk,reddit,My daughter lost one of her airpods. It still had power so we tried locate it with the sound. It was very faint but we followed it from one corner of the room to another but couldn't pinpoint it. We would go from one spot of the room to another spot. Could hear it but couldn't find it. Turns out it fell into the hood part of the hoodie she was wearing.,2025-04-28T13:55:47Z,2,Why-did-i-reas-this,funny,2025-05-26T07:06:56.579363Z
mpnvlee,1k9hwvk,reddit,A bouquet of AirPods? 💐🎧,2025-04-29T14:15:46Z,1,itwaslikethisalready,funny,2025-05-26T07:06:56.579370Z
mpu2x5x,1kbg8ud,reddit,"---      

>This is a friendly reminder to [read our rules](https://www.reddit.com/r/funny/wiki/rules). 
>
>Memes, social media, hate-speech, and [politics / political figures](https://www.reddit.com/r/funny/comments/160kuuf/reminder_any_political_content_will_earn_an/) are not allowed. 
>
>Screenshots of Reddit are expressly forbidden, as are TikTok videos.
>
>**Rule-breaking posts may result in bans.**
>
>Please also [be wary of spam](https://www.reddit.com/r/funny/wiki/spam).
>
---


*I am a bot, and this action was performed automatically. Please [contact the moderators of this subreddit](/message/compose/?to=/r/funny) if you have any questions or concerns.*",2025-04-30T13:17:03Z,1,AutoModerator,funny,2025-05-26T07:06:57.603942Z
mpv4uah,1kbg8ud,reddit,No one cared who I was 'til I put on the Mitre hat.,2025-04-30T16:27:26Z,5,CySnark,funny,2025-05-26T07:06:57.603953Z
mpxd6w4,1kbg8ud,reddit,Forgot to illustrate kid diddling apparatus.,2025-04-30T23:08:30Z,4,MeanEYE,funny,2025-05-26T07:06:57.603961Z
mpxddlk,1kbg8ud,reddit,"""No, there is no Pope-arang.""",2025-04-30T23:09:33Z,1,FatQuack,funny,2025-05-26T07:06:57.603968Z
mq19mr0,1kbg8ud,reddit,They have much nicer perks than that,2025-05-01T15:37:38Z,1,Ok-Improvement-3670,funny,2025-05-26T07:06:57.603976Z
mqm7d8q,1kewzgw,reddit,"---      

>This is a friendly reminder to [read our rules](https://www.reddit.com/r/funny/wiki/rules). 
>
>Memes, social media, hate-speech, and [politics / political figures](https://www.reddit.com/r/funny/comments/160kuuf/reminder_any_political_content_will_earn_an/) are not allowed. 
>
>Screenshots of Reddit are expressly forbidden, as are TikTok videos.
>
>**Rule-breaking posts may result in bans.**
>
>Please also [be wary of spam](https://www.reddit.com/r/funny/wiki/spam).
>
---


*I am a bot, and this action was performed automatically. Please [contact the moderators of this subreddit](/message/compose/?to=/r/funny) if you have any questions or concerns.*",2025-05-04T23:02:28Z,1,AutoModerator,funny,2025-05-26T07:06:58.834290Z
mqmbplm,1kewzgw,reddit,Emo Philips paid me for video editing work in 1988 with cash that was hidden in his belt.,2025-05-04T23:27:42Z,30,voodoolintman,funny,2025-05-26T07:06:58.834301Z
mqnlgjw,1kewzgw,reddit,Classic Emo Philips,2025-05-05T04:17:52Z,2,An0d0sTwitch,funny,2025-05-26T07:06:58.834309Z
mqnqb97,1kewzgw,reddit,call me mister butterfingers.,2025-05-05T04:58:16Z,2,flargenhargen,funny,2025-05-26T07:06:58.834317Z
mqnnbhq,1kewzgw,reddit,I think this is the Oscar Meyer Lunchables car,2025-05-05T04:32:58Z,1,LakeSpecialist7633,funny,2025-05-26T07:06:58.834325Z
mqodakw,1kewzgw,reddit,No banana for scale?,2025-05-05T08:50:24Z,1,RiffyWammel,funny,2025-05-26T07:06:58.834332Z
mqsi4qv,1kewzgw,reddit,Vector: Origins,2025-05-05T23:00:31Z,0,Open_Youth7092,funny,2025-05-26T07:06:58.834340Z
mqv4zzz,1kewzgw,reddit,You're being watched,2025-05-06T11:05:26Z,0,Sensitive_Gold,funny,2025-05-26T07:06:58.834356Z
mrop7x1,1kjqbtn,reddit,"---      

>This is a friendly reminder to [read our rules](https://www.reddit.com/r/funny/wiki/rules). 
>
>Memes, social media, hate-speech, and [politics / political figures](https://www.reddit.com/r/funny/comments/160kuuf/reminder_any_political_content_will_earn_an/) are not allowed. 
>
>Screenshots of Reddit are expressly forbidden, as are TikTok videos.
>
>**Rule-breaking posts may result in bans.**
>
>Please also [be wary of spam](https://www.reddit.com/r/funny/wiki/spam).
>
---


*I am a bot, and this action was performed automatically. Please [contact the moderators of this subreddit](/message/compose/?to=/r/funny) if you have any questions or concerns.*",2025-05-11T02:12:05Z,1,AutoModerator,funny,2025-05-26T07:06:59.753802Z
mrosayh,1kjqbtn,reddit,"One more time, please",2025-05-11T02:33:04Z,2,VirginNsd2002,funny,2025-05-26T07:06:59.753814Z
mrzkbb2,1kjqbtn,reddit,"^(Doggo:) ""I told you when you asked me to play catch that I'm not very adept...I come from a long line of retrievers.""",2025-05-12T21:53:39Z,2,GANDORF57,funny,2025-05-26T07:06:59.753822Z
mrqrdnq,1kjqbtn,reddit,So did the cameraman.,2025-05-11T13:04:06Z,-1,Bennybonchien,funny,2025-05-26T07:06:59.753830Z
mqalrn8,1kdgchu,reddit,"---      

>This is a friendly reminder to [read our rules](https://www.reddit.com/r/funny/wiki/rules). 
>
>Memes, social media, hate-speech, and [politics / political figures](https://www.reddit.com/r/funny/comments/160kuuf/reminder_any_political_content_will_earn_an/) are not allowed. 
>
>Screenshots of Reddit are expressly forbidden, as are TikTok videos.
>
>**Rule-breaking posts may result in bans.**
>
>Please also [be wary of spam](https://www.reddit.com/r/funny/wiki/spam).
>
---


*I am a bot, and this action was performed automatically. Please [contact the moderators of this subreddit](/message/compose/?to=/r/funny) if you have any questions or concerns.*",2025-05-03T00:34:46Z,1,AutoModerator,funny,2025-05-26T07:07:01.492401Z
mqao7ui,1kdgchu,reddit,I have tickets to see them in Thanksgiving.,2025-05-03T00:49:33Z,22,fastrace25,funny,2025-05-26T07:07:01.492405Z
mqamrem,1kdgchu,reddit,"With their cover of Marvin Gaye's, ""Let's Get It On""",2025-05-03T00:40:43Z,9,insydnificantly,funny,2025-05-26T07:07:01.492407Z
mqapipi,1kdgchu,reddit,Inspiring to see a congress working together.,2025-05-03T00:57:24Z,7,Silent_HRH,funny,2025-05-26T07:07:01.492409Z
mqaq1g7,1kdgchu,reddit,Perfect unison!,2025-05-03T01:00:34Z,4,heymerideth,funny,2025-05-26T07:07:01.492411Z
mqbbs8x,1kdgchu,reddit,Don't Wattle Lose You Now,2025-05-03T03:21:25Z,2,Ok_Difference44,funny,2025-05-26T07:07:01.492413Z
mqaqhmg,1kdgchu,reddit,Just be careful two of those could be Rick n Morty,2025-05-03T01:03:18Z,1,Berns429,funny,2025-05-26T07:07:01.492415Z
mqb335o,1kdgchu,reddit,Tomsync,2025-05-03T02:22:15Z,1,philpalmer2,funny,2025-05-26T07:07:01.492417Z
mqbrm0f,1kdgchu,reddit,Only one girl showed up to the performance though,2025-05-03T05:28:08Z,1,magicarnival,funny,2025-05-26T07:07:01.492419Z
mqk46t4,1kdgchu,reddit,Turkey Tom and the Gravy Boys,2025-05-04T16:26:47Z,1,delicious_toothbrush,funny,2025-05-26T07:07:01.492421Z
msv8ojs,1kp5h9w,reddit,"---      

>This is a friendly reminder to [read our rules](https://www.reddit.com/r/funny/wiki/rules). 
>
>Memes, social media, hate-speech, and [politics / political figures](https://www.reddit.com/r/funny/comments/160kuuf/reminder_any_political_content_will_earn_an/) are not allowed. 
>
>Screenshots of Reddit are expressly forbidden, as are TikTok videos.
>
>**Rule-breaking posts may result in bans.**
>
>Please also [be wary of spam](https://www.reddit.com/r/funny/wiki/spam).
>
---


*I am a bot, and this action was performed automatically. Please [contact the moderators of this subreddit](/message/compose/?to=/r/funny) if you have any questions or concerns.*",2025-05-17T22:48:45Z,1,AutoModerator,funny,2025-05-26T07:07:02.490658Z
msvatxj,1kp5h9w,reddit,Splooting - it’s a thing…,2025-05-17T23:01:28Z,45,Acrobatic_Pace_5725,funny,2025-05-26T07:07:02.490671Z
msvgdvz,1kp5h9w,reddit,Cooling his sack.,2025-05-17T23:34:33Z,6,Specialist_Neck7502,funny,2025-05-26T07:07:02.490679Z
msv9max,1kp5h9w,reddit,Sploot butts,2025-05-17T22:54:20Z,10,Mexicaninja,funny,2025-05-26T07:07:02.490687Z
msviikl,1kp5h9w,reddit,"As my sister would say, their parachute broke",2025-05-17T23:47:38Z,3,AverageGamer2607,funny,2025-05-26T07:07:02.490694Z
msvjl2p,1kp5h9w,reddit,"Chillin, hanging out. Cooling off so to speak.",2025-05-17T23:54:23Z,3,BreadfruitBig7950,funny,2025-05-26T07:07:02.490702Z
msvl538,1kp5h9w,reddit,"There was a moment where my Beagle/French Bulldog was sitting on the stairs, back legs splayed like that, front legs standing, and I wish I got a picture. Like a derpy mermaid.",2025-05-18T00:04:26Z,3,tiressmoking,funny,2025-05-26T07:07:02.490709Z
msvdl8u,1kp5h9w,reddit,Sploot. ,2025-05-17T23:17:55Z,4,BaconFinder,funny,2025-05-26T07:07:02.490723Z
msvbtw7,1kp5h9w,reddit,"I'm the type that talks to their dogs, so when I see this, I always exclaim something to the effect of ""You're long-doggin' it!"" to try and pump em up.",2025-05-17T23:07:23Z,2,SavageSkillet,funny,2025-05-26T07:07:02.490731Z
msva5bo,1kp5h9w,reddit,Chillin.,2025-05-17T22:57:31Z,4,bourj,funny,2025-05-26T07:07:02.490739Z
msvehjf,1kp5h9w,reddit,Sploot! My pup sploots all the time. Especially when he wants to cool his belly on the tile.,2025-05-17T23:23:12Z,2,JaehaerysIVTarg,funny,2025-05-26T07:07:02.490746Z
msveqea,1kp5h9w,reddit,Doing da sploots,2025-05-17T23:24:39Z,2,No-Potential-3077,funny,2025-05-26T07:07:02.490754Z
mt2oe2z,1kp5h9w,reddit,Dog things. Don't think about it too much.,2025-05-19T05:03:10Z,1,originalghostfox007,funny,2025-05-26T07:07:02.490761Z
mtcx9wp,1kp5h9w,reddit,It’s called a **sploot**. There’s even a subreddit for it.,2025-05-20T20:32:24Z,1,Yoshichu25,funny,2025-05-26T07:07:02.490768Z
mtf9gar,1kp5h9w,reddit,"My dad used to call this ""Dead Hiney"". It always made me chuckle.",2025-05-21T04:56:19Z,1,Ascended_Nexus,funny,2025-05-26T07:07:02.490776Z
mth7es7,1kp5h9w,reddit,cools the eggs. the floor is probably cool,2025-05-21T14:19:46Z,1,Entire_Debate_7037,funny,2025-05-26T07:07:02.490783Z
mtu0b3e,1kp5h9w,reddit,Da dog doin eet,2025-05-23T13:37:31Z,1,Vikings_Pain,funny,2025-05-26T07:07:02.490791Z
msv9cph,1kp5h9w,reddit,"that position actually has a name, superman.  my pup did it until about 3-4 months old.  he would fall asleep like that right in the middle of the floor too. super adorable.

ETA: that floor probably feels really cool on his belly, gives him more surface area to contact the floor. dogs are so smart we don't deserve them",2025-05-17T22:52:46Z,1,trebor219,funny,2025-05-26T07:07:02.490798Z
msvd9n5,1kp5h9w,reddit,Supine sploot!,2025-05-17T23:16:00Z,1,Brief-Cartoonist-699,funny,2025-05-26T07:07:02.490806Z
msvfflh,1kp5h9w,reddit,Sphinxing.,2025-05-17T23:28:47Z,1,shiner820,funny,2025-05-26T07:07:02.490814Z
msvgzj4,1kp5h9w,reddit,Stretch like a cat,2025-05-17T23:38:10Z,1,Hawkeye2024,funny,2025-05-26T07:07:02.490821Z
msvjqa4,1kp5h9w,reddit,Quarter Chickening .... Cooling off its bits,2025-05-17T23:55:18Z,1,rangeo,funny,2025-05-26T07:07:02.490829Z
msvl6wz,1kp5h9w,reddit,Dog: I’m just chillin mate!,2025-05-18T00:04:47Z,1,Few_Ad_8627,funny,2025-05-26T07:07:02.490837Z
msvm7l6,1kp5h9w,reddit,Coolin dem Nuts.,2025-05-18T00:11:29Z,1,RegnarukDeez,funny,2025-05-26T07:07:02.490844Z
msvvl11,1kp5h9w,reddit,Cooling dem bawlz. Turn on the effin’ AC you cheap bastard.,2025-05-18T01:14:21Z,1,amcrambler,funny,2025-05-26T07:07:02.490852Z
msxicxc,1kp5h9w,reddit,Getting ready for special mission,2025-05-18T09:49:13Z,1,AssignmentNormal236,funny,2025-05-26T07:07:02.490859Z
msv9trx,1kp5h9w,reddit,We call that Frog Dog,2025-05-17T22:55:34Z,0,KernalSanders138,funny,2025-05-26T07:07:02.490867Z
msvcjzl,1kp5h9w,reddit,He's following the cops orders to the letter.,2025-05-17T23:11:43Z,0,aggressiveclassic90,funny,2025-05-26T07:07:02.490874Z
msvdqo0,1kp5h9w,reddit,Puplates,2025-05-17T23:18:48Z,0,farisfink,funny,2025-05-26T07:07:02.490881Z
msvpc5a,1kp5h9w,reddit,Super dogging.,2025-05-18T00:32:18Z,0,xdrymartini,funny,2025-05-26T07:07:02.490888Z
msvpjoi,1kp5h9w,reddit,Flying,2025-05-18T00:33:43Z,0,OrochiKarnov,funny,2025-05-26T07:07:02.490896Z
msvrl2m,1kp5h9w,reddit,"He’s looking at you like

“What?”",2025-05-18T00:47:24Z,0,raxmano,funny,2025-05-26T07:07:02.490904Z
msvs4yx,1kp5h9w,reddit,Feeling cute. Might hump the floor later.,2025-05-18T00:51:07Z,0,madeanotheraccount,funny,2025-05-26T07:07:02.490911Z
msvvol4,1kp5h9w,reddit,Chillin',2025-05-18T01:15:01Z,0,Safetosay333,funny,2025-05-26T07:07:02.490919Z
msw558o,1kp5h9w,reddit,Cooling off. Increasing surface area touching a cooler surface. Short haired dogs tend to overheat more readily than long haired dogs. Because they don’t primarily cool themselves with sweat glands but via panting. Long fur acts as insulation in cold or hot weather.,2025-05-18T02:20:02Z,0,dukerustfield,funny,2025-05-26T07:07:02.490926Z
mszi9fl,1kp5h9w,reddit,"We always called it Frog Dogging.

Yup, verified.. [https://www.urbandictionary.com/define.php?term=frog%20dogging](https://www.urbandictionary.com/define.php?term=frog%20dogging)",2025-05-18T17:32:26Z,0,Fratm,funny,2025-05-26T07:07:02.490934Z
mr4udb0,1kh8h2g,reddit,"---      

>This is a friendly reminder to [read our rules](https://www.reddit.com/r/funny/wiki/rules). 
>
>Memes, social media, hate-speech, and [politics / political figures](https://www.reddit.com/r/funny/comments/160kuuf/reminder_any_political_content_will_earn_an/) are not allowed. 
>
>Screenshots of Reddit are expressly forbidden, as are TikTok videos.
>
>**Rule-breaking posts may result in bans.**
>
>Please also [be wary of spam](https://www.reddit.com/r/funny/wiki/spam).
>
---


*I am a bot, and this action was performed automatically. Please [contact the moderators of this subreddit](/message/compose/?to=/r/funny) if you have any questions or concerns.*",2025-05-07T21:00:46Z,1,AutoModerator,funny,2025-05-26T07:07:03.510011Z
mr63mth,1kh8h2g,reddit,Its actually pretty lore accurate for that kid,2025-05-08T01:12:03Z,16,kolkitten,funny,2025-05-26T07:07:03.510023Z
mr4xllc,1kh8h2g,reddit,Lore accurate,2025-05-07T21:16:24Z,8,nrkenejejen,funny,2025-05-26T07:07:03.510032Z
mr5eomc,1kh8h2g,reddit,Hide your jaws.,2025-05-07T22:48:02Z,2,Relative_Picture_786,funny,2025-05-26T07:07:03.510040Z
mr6eybo,1kh8h2g,reddit,"I can't tell what's going on, can we get more borders?",2025-05-08T02:16:31Z,1,joestaff,funny,2025-05-26T07:07:03.510048Z
mrbq73v,1kh8h2g,reddit,Game?,2025-05-08T22:32:00Z,1,albiedam,funny,2025-05-26T07:07:03.510058Z
mrcq3b2,1kh8h2g,reddit,This is great 🤣🤣🤣,2025-05-09T02:10:51Z,1,SKSM10,funny,2025-05-26T07:07:03.510073Z
mrdj3ck,1kh8h2g,reddit,What a bizarre adventure that ghost child is on.,2025-05-09T05:50:17Z,1,ComfyFrame2272,funny,2025-05-26T07:07:03.510082Z
mre80yw,1kh8h2g,reddit,I think most of my brain cells just spontaneously combusted.,2025-05-09T10:07:18Z,1,LLuk333,funny,2025-05-26T07:07:03.510090Z
mrer2t2,1kh8h2g,reddit,Ha,2025-05-09T12:34:20Z,1,Pretend-Double5672,funny,2025-05-26T07:07:03.510097Z
mr4v082,1kh8h2g,reddit,hahaha,2025-05-07T21:03:47Z,-2,Charming_North4332,funny,2025-05-26T07:07:03.510105Z
mr5gmkc,1kh8h2g,reddit,How is this channel called again?,2025-05-07T22:59:03Z,0,ineB2019,funny,2025-05-26T07:07:03.510113Z
msdmf2n,1kmwk2t,reddit,"---      

>This is a friendly reminder to [read our rules](https://www.reddit.com/r/funny/wiki/rules). 
>
>Memes, social media, hate-speech, and [politics / political figures](https://www.reddit.com/r/funny/comments/160kuuf/reminder_any_political_content_will_earn_an/) are not allowed. 
>
>Screenshots of Reddit are expressly forbidden, as are TikTok videos.
>
>**Rule-breaking posts may result in bans.**
>
>Please also [be wary of spam](https://www.reddit.com/r/funny/wiki/spam).
>
---


*I am a bot, and this action was performed automatically. Please [contact the moderators of this subreddit](/message/compose/?to=/r/funny) if you have any questions or concerns.*",2025-05-15T01:49:36Z,1,AutoModerator,funny,2025-05-26T07:07:04.775049Z
msdt90j,1kmwk2t,reddit,"We have reached the point in history where parody is looking a hell of lot like reality, and vice versa.",2025-05-15T02:30:57Z,62,StrikingWedding6499,funny,2025-05-26T07:07:04.775061Z
mseabr9,1kmwk2t,reddit,"Still Ahead This Hour...

WORLD'S OLDEST ATTRACTIVE WOMAN

CELEBRATES

48TH BIRTHDAY",2025-05-15T04:28:47Z,10,GolDAsce,funny,2025-05-26T07:07:04.775069Z
msf0kbz,1kmwk2t,reddit,"seen this before, [never realized I had seen the dad's actor in Boardwalk Empire](https://youtu.be/wagTXcO23eY)",2025-05-15T08:36:28Z,6,rnhf,funny,2025-05-26T07:07:04.775077Z
msdpgf8,1kmwk2t,reddit,Future cop or politician!,2025-05-15T02:07:39Z,10,yParticle,funny,2025-05-26T07:07:04.775085Z
msfqb9t,1kmwk2t,reddit,Wouldn't look out of place on Fox News.,2025-05-15T12:17:50Z,5,AlienInOrigin,funny,2025-05-26T07:07:04.775093Z
mseseh5,1kmwk2t,reddit,"The quality was the only giveaway, this is too old to be real, i was actually uncertain untill the 1-minute mark...",2025-05-15T07:10:26Z,3,metji,funny,2025-05-26T07:07:04.775100Z
mpmj369,1kaipqf,reddit,"---      

>This is a friendly reminder to [read our rules](https://www.reddit.com/r/funny/wiki/rules). 
>
>Memes, social media, hate-speech, and [politics / political figures](https://www.reddit.com/r/funny/comments/160kuuf/reminder_any_political_content_will_earn_an/) are not allowed. 
>
>Screenshots of Reddit are expressly forbidden, as are TikTok videos.
>
>**Rule-breaking posts may result in bans.**
>
>Please also [be wary of spam](https://www.reddit.com/r/funny/wiki/spam).
>
---


*I am a bot, and this action was performed automatically. Please [contact the moderators of this subreddit](/message/compose/?to=/r/funny) if you have any questions or concerns.*",2025-04-29T08:08:00Z,1,AutoModerator,funny,2025-05-26T07:07:05.802423Z
mpmn19o,1kaipqf,reddit,Elderly Marge givin' him a gooood time,2025-04-29T08:51:10Z,33,Herobrine_King,funny,2025-05-26T07:07:05.802435Z
mpmmuz5,1kaipqf,reddit,You've never seen a wind noise cancelling microphone before?,2025-04-29T08:49:14Z,41,miba,funny,2025-05-26T07:07:05.802443Z
mpmo5p4,1kaipqf,reddit,British royal guard giving him head,2025-04-29T09:03:22Z,14,Rlionkiller,funny,2025-05-26T07:07:05.802451Z
mpmkgx1,1kaipqf,reddit,Mnamana…. Doo doooo doo doooo dooo,2025-04-29T08:23:01Z,19,FoatyMcFoatBase,funny,2025-05-26T07:07:05.802459Z
mpmkdc2,1kaipqf,reddit,"Oh Charlie Day, what will you get up to next.",2025-04-29T08:21:57Z,2,MeatSuzuki,funny,2025-05-26T07:07:05.802467Z
mpmozp3,1kaipqf,reddit,Its like old Marge simpson giving him head.,2025-04-29T09:12:29Z,2,daywall,funny,2025-05-26T07:07:05.802474Z
mpmuf8p,1kaipqf,reddit,It’s a Jim Henson mic.,2025-04-29T10:08:46Z,2,N/A,funny,2025-05-26T07:07:05.802482Z
mpmuvdh,1kaipqf,reddit,Pretty sure that's a Muppet going down on him,2025-04-29T10:13:08Z,2,erichw23,funny,2025-05-26T07:07:05.802490Z
mpn2ra4,1kaipqf,reddit,It’s a dead cat (mic windscreen).,2025-04-29T11:20:08Z,2,reddit_user13,funny,2025-05-26T07:07:05.802498Z
mps1wa2,1kaipqf,reddit,It looks like a muppet turned around to watch the reporter do his thing,2025-04-30T03:08:44Z,2,TimCanadien,funny,2025-05-26T07:07:05.802505Z
mpmj5wd,1kaipqf,reddit,Mic and mop 2-1 combo,2025-04-29T08:08:49Z,3,PrestigiousTax5322,funny,2025-05-26T07:07:05.802513Z
mpmjde2,1kaipqf,reddit,Yeti Facial.,2025-04-29T08:11:03Z,3,Working-Albatross-19,funny,2025-05-26T07:07:05.802521Z
mpmmoii,1kaipqf,reddit,It looks like a Muppet.,2025-04-29T08:47:17Z,2,mcolette76,funny,2025-05-26T07:07:05.802530Z
mpmns9o,1kaipqf,reddit,[Little bit higher](https://i.imgur.com/FIYg7uG.jpeg),2025-04-29T08:59:20Z,1,WakaWaka_,funny,2025-05-26T07:07:05.802538Z
mpmtslm,1kaipqf,reddit,Maybe he's interviewing Cousin It?,2025-04-29T10:02:32Z,1,GreyDaveNZ,funny,2025-05-26T07:07:05.802546Z
mpn2e9y,1kaipqf,reddit,Legit thought he was talking into a dogs arse...,2025-04-29T11:17:23Z,1,gbolly999,funny,2025-05-26T07:07:05.802553Z
mpn3i10,1kaipqf,reddit,Looks like a muppets going down on him.,2025-04-29T11:25:43Z,1,BlargerJarger,funny,2025-05-26T07:07:05.802561Z
mpn9qs7,1kaipqf,reddit,Cousin It,2025-04-29T12:10:04Z,1,sophie9709,funny,2025-05-26T07:07:05.802569Z
mpnaa45,1kaipqf,reddit,Mahna mahna🎵🎶,2025-04-29T12:13:38Z,1,Petersens_Arm,funny,2025-05-26T07:07:05.802576Z
mpnagox,1kaipqf,reddit,It’s an escaped Muppet,2025-04-29T12:14:48Z,1,Afraid_Form_6072,funny,2025-05-26T07:07:05.802584Z
mpncszl,1kaipqf,reddit,Chewbacka baby,2025-04-29T12:29:51Z,1,the_nowhere_road,funny,2025-05-26T07:07:05.802591Z
mpnli4z,1kaipqf,reddit,"Were I the photog, I would add two silly eyes to that and toward the end of the interview, slowly rotate and reveal them.",2025-04-29T13:21:41Z,1,wxrman,funny,2025-05-26T07:07:05.802598Z
mpo3erj,1kaipqf,reddit,That's a giant muppet dick.,2025-04-29T14:54:36Z,1,Laserous,funny,2025-05-26T07:07:05.802606Z
mpopam4,1kaipqf,reddit,Anyone got that gif of Charlie sheen hitting his erection with a newspaper?,2025-04-29T16:41:07Z,1,MadJesterXII,funny,2025-05-26T07:07:05.802613Z
mppa9jp,1kaipqf,reddit,That’s not a dead cat that’s a dead sheepdog,2025-04-29T18:19:47Z,1,adamjpq,funny,2025-05-26T07:07:05.802621Z
mppzat9,1kaipqf,reddit,Rabid muppet,2025-04-29T20:20:04Z,1,tangcameo,funny,2025-05-26T07:07:05.802630Z
mpqg7uz,1kaipqf,reddit,Needs googly eyes.,2025-04-29T21:42:36Z,1,sudomatrix,funny,2025-05-26T07:07:05.802644Z
mpqwow6,1kaipqf,reddit,"Damn, that's a Chewbacca",2025-04-29T23:12:22Z,1,aleqqqs,funny,2025-05-26T07:07:05.802657Z
mprjfyv,1kaipqf,reddit,Nice chest hair.,2025-04-30T01:20:04Z,1,regionalhuman,funny,2025-05-26T07:07:05.802669Z
mprntuy,1kaipqf,reddit,This looks like a skit from the Muppets.,2025-04-30T01:45:00Z,1,RabidPlaty,funny,2025-05-26T07:07:05.802682Z
mps98g3,1kaipqf,reddit,Bruv looks like he’s bout to be SA’d by a fucking muppet!,2025-04-30T03:58:27Z,1,Fantastic_Pie5655,funny,2025-05-26T07:07:05.802695Z
mpsefgk,1kaipqf,reddit,who is he interviewing ; Cousin Itt or a Muppett ??,2025-04-30T04:37:03Z,1,paclogic,funny,2025-05-26T07:07:05.802708Z
mpt7dv7,1kaipqf,reddit,Might need to trim that chest hair a bit there old mate.,2025-04-30T09:16:24Z,1,Paldasan,funny,2025-05-26T07:07:05.802731Z
mpw4s98,1kaipqf,reddit,That’s going to crawl onto his face and he’ll turn into the 4th member of ZZ Top.,2025-04-30T19:21:30Z,1,K_Rayner,funny,2025-05-26T07:07:05.802743Z
mq1wl0d,1kaipqf,reddit,That is a Muppet.,2025-05-01T17:29:29Z,1,glarbknot,funny,2025-05-26T07:07:05.802754Z
ms6snhh,1km1zz0,reddit,"---      

>This is a friendly reminder to [read our rules](https://www.reddit.com/r/funny/wiki/rules). 
>
>Memes, social media, hate-speech, and [politics / political figures](https://www.reddit.com/r/funny/comments/160kuuf/reminder_any_political_content_will_earn_an/) are not allowed. 
>
>Screenshots of Reddit are expressly forbidden, as are TikTok videos.
>
>**Rule-breaking posts may result in bans.**
>
>Please also [be wary of spam](https://www.reddit.com/r/funny/wiki/spam).
>
---


*I am a bot, and this action was performed automatically. Please [contact the moderators of this subreddit](/message/compose/?to=/r/funny) if you have any questions or concerns.*",2025-05-14T00:29:41Z,1,AutoModerator,funny,2025-05-26T07:07:06.821042Z
ms6t5i9,1km1zz0,reddit,Should have been 80085.,2025-05-14T00:32:44Z,13,thieh,funny,2025-05-26T07:07:06.821055Z
ms72unn,1km1zz0,reddit,55378008,2025-05-14T01:30:28Z,3,Few-Gas3143,funny,2025-05-26T07:07:06.821063Z
ms6yj80,1km1zz0,reddit,Kentucky humor.,2025-05-14T01:04:47Z,1,cmnorthauthor,funny,2025-05-26T07:07:06.821072Z
ms70jzx,1km1zz0,reddit,It's gotta be a BUber,2025-05-14T01:16:48Z,1,blogandmail,funny,2025-05-26T07:07:06.821080Z
ms79z1g,1km1zz0,reddit,Never Forgotten ,2025-05-14T02:11:52Z,1,cobalt_phantom,funny,2025-05-26T07:07:06.821088Z
ms733sc,1km1zz0,reddit,Early Intel assembly programmer.,2025-05-14T01:31:56Z,1,solatesosorry,funny,2025-05-26T07:07:06.821095Z
ms9tknk,1km1zz0,reddit,Snob,2025-05-14T14:07:48Z,0,Elkutter,funny,2025-05-26T07:07:06.821103Z
msgqdqo,1km1zz0,reddit,Why did he take the rear window wiper off tho?,2025-05-15T15:32:25Z,0,baranun,funny,2025-05-26T07:07:06.821111Z
ms6tpxo,1km1zz0,reddit,[deleted],2025-05-14T00:36:08Z,-1,N/A,funny,2025-05-26T07:07:06.821119Z
ms6uzpz,1km1zz0,reddit,Add bangladesh too in this map while you're at it😂,2025-05-14T00:43:49Z,-2,SsSsSyndrome,funny,2025-05-26T07:07:06.821126Z
mqsg0jc,1kfpd3e,reddit,"---      

>This is a friendly reminder to [read our rules](https://www.reddit.com/r/funny/wiki/rules). 
>
>Memes, social media, hate-speech, and [politics / political figures](https://www.reddit.com/r/funny/comments/160kuuf/reminder_any_political_content_will_earn_an/) are not allowed. 
>
>Screenshots of Reddit are expressly forbidden, as are TikTok videos.
>
>**Rule-breaking posts may result in bans.**
>
>Please also [be wary of spam](https://www.reddit.com/r/funny/wiki/spam).
>
---


*I am a bot, and this action was performed automatically. Please [contact the moderators of this subreddit](/message/compose/?to=/r/funny) if you have any questions or concerns.*",2025-05-05T22:48:40Z,1,AutoModerator,funny,2025-05-26T07:07:08.604180Z
mqskv8z,1kfpd3e,reddit,Right on,2025-05-05T23:15:54Z,5,Key-Engineering-2911,funny,2025-05-26T07:07:08.604192Z
mqt5aiq,1kfpd3e,reddit,Stay back 100 feet!,2025-05-06T01:11:45Z,2,brhotguy,funny,2025-05-26T07:07:08.604199Z
mqv0uwj,1kfpd3e,reddit,why are the mudflaps in the center instead of behind the wheels,2025-05-06T10:30:18Z,2,cthulhus_apprentice,funny,2025-05-26T07:07:08.604206Z
mrkza68,1kfpd3e,reddit,Wow,2025-05-10T13:01:23Z,1,Alarming-Scarcity-20,funny,2025-05-26T07:07:08.604213Z
mquww30,1kfpd3e,reddit,I'm doing that and surfing Reddit. Not a lot of difference in the end results ,2025-05-06T09:52:33Z,1,Magdovus,funny,2025-05-26T07:07:08.604221Z
mqyzyhg,1kgihcz,reddit,"---      

>This is a friendly reminder to [read our rules](https://www.reddit.com/r/funny/wiki/rules). 
>
>Memes, social media, hate-speech, and [politics / political figures](https://www.reddit.com/r/funny/comments/160kuuf/reminder_any_political_content_will_earn_an/) are not allowed. 
>
>Screenshots of Reddit are expressly forbidden, as are TikTok videos.
>
>**Rule-breaking posts may result in bans.**
>
>Please also [be wary of spam](https://www.reddit.com/r/funny/wiki/spam).
>
---


*I am a bot, and this action was performed automatically. Please [contact the moderators of this subreddit](/message/compose/?to=/r/funny) if you have any questions or concerns.*",2025-05-06T23:03:41Z,1,AutoModerator,funny,2025-05-26T07:07:09.898238Z
mqz2mka,1kgihcz,reddit,#JUST ICE FOR KIN LIN!,2025-05-06T23:18:24Z,59,Chyvalri,funny,2025-05-26T07:07:09.898250Z
mqzpgzs,1kgihcz,reddit,Look they don't spell so good but they went through the effort of painting a sign to offer their neighbors free materials. Based on the limited information available my impression of them is positive. Good neighbors. Might even be a self-aware joke.,2025-05-07T01:31:01Z,30,Space-Robot,funny,2025-05-26T07:07:09.898258Z
mqz1hkm,1kgihcz,reddit,Kin Lin has done no wrong!,2025-05-06T23:12:06Z,20,j-random,funny,2025-05-26T07:07:09.898266Z
mqz0sg7,1kgihcz,reddit,r/boneappletea,2025-05-06T23:08:17Z,26,Longjumping-Sweet280,funny,2025-05-26T07:07:09.898274Z
mqz3909,1kgihcz,reddit,I stand with Kin-Lin✊,2025-05-06T23:21:54Z,13,esfraritagrivrit,funny,2025-05-26T07:07:09.898281Z
mqz4szd,1kgihcz,reddit,I knew at one point I had moved more southerly when one day on FB marketplace I saw a chester draw for sale. 😂😂😂 In KY.,2025-05-06T23:30:30Z,7,WillowIntrepid,funny,2025-05-26T07:07:09.898288Z
mqz7hqy,1kgihcz,reddit,Why do I feel like I know their whole voting history from one sight?  😂,2025-05-06T23:45:32Z,7,kbt0413,funny,2025-05-26T07:07:09.898295Z
mqz1dol,1kgihcz,reddit,"Well... spelled just like it sounds, I guess.",2025-05-06T23:11:30Z,5,rhythmmchn,funny,2025-05-26T07:07:09.898302Z
mqzazq7,1kgihcz,reddit,Reminds me of a sign back in the 1960s stating “FREE RUSSIAN JEWS” and someone had written underneath “ Get One Today.”,2025-05-07T00:05:29Z,2,DadsRGR8,funny,2025-05-26T07:07:09.898309Z
mqzhcv7,1kgihcz,reddit,And a Mersaydis Bends in the driveway.,2025-05-07T00:43:01Z,2,quietflowsthedodder,funny,2025-05-26T07:07:09.898316Z
mqz3em4,1kgihcz,reddit,[deleted],2025-05-06T23:22:46Z,1,N/A,funny,2025-05-26T07:07:09.898323Z
mqz61i8,1kgihcz,reddit,/r/excgarated,2025-05-06T23:37:25Z,1,bucko_fazoo,funny,2025-05-26T07:07:09.898330Z
mqzfrrh,1kgihcz,reddit,Fun with phonetics.,2025-05-07T00:33:40Z,1,weird-oh,funny,2025-05-26T07:07:09.898338Z
mqzgjk0,1kgihcz,reddit,FREE HAT!,2025-05-07T00:38:13Z,1,WJM_3,funny,2025-05-26T07:07:09.898344Z
mqziqnb,1kgihcz,reddit,KIN LIN MUST BURN,2025-05-07T00:51:09Z,1,lkodl,funny,2025-05-26T07:07:09.898351Z
mqz4wmc,1kgihcz,reddit,"What's the 2-5-10 refer to? Are those cords?

Cause that doesn't look like 2 cords of wood.",2025-05-06T23:31:04Z,0,Own_Donut_2117,funny,2025-05-26T07:07:09.898358Z
mqze2v2,1kgihcz,reddit,Message still received,2025-05-07T00:23:32Z,0,geekaustin_777,funny,2025-05-26T07:07:09.898365Z
mqz6g15,1kgihcz,reddit,I could go for some hard wood,2025-05-06T23:39:39Z,0,SlideItIn100,funny,2025-05-26T07:07:09.898372Z
mqz9maa,1kgihcz,reddit,Free k in-lin,2025-05-06T23:57:29Z,0,unknownreddituser98,funny,2025-05-26T07:07:09.898379Z
mqzanw5,1kgihcz,reddit,Only after I know what he did,2025-05-07T00:03:34Z,0,stonedspagooter,funny,2025-05-26T07:07:09.898386Z
mqzbrfe,1kgihcz,reddit,I got some free hard wood too!,2025-05-07T00:09:58Z,0,Commercialfishermann,funny,2025-05-26T07:07:09.898394Z
mqzbu6y,1kgihcz,reddit,Okay my wine almost came outta my nose !!,2025-05-07T00:10:25Z,0,N/A,funny,2025-05-26T07:07:09.898400Z
mqzey6f,1kgihcz,reddit,"""hard wood"" 🍆 in 2 micro - 5 medium - and 10 BBC",2025-05-07T00:28:46Z,0,HalFlip,funny,2025-05-26T07:07:09.898407Z
mr04edi,1kgihcz,reddit,Freek Inlin,2025-05-07T02:58:04Z,0,ejroberts42,funny,2025-05-26T07:07:09.898414Z
mr06a3s,1kgihcz,reddit,You’re kinning me over here.,2025-05-07T03:10:09Z,0,RichardThund3r,funny,2025-05-26T07:07:09.898421Z
mr0dc35,1kgihcz,reddit,FREE MY BOY KIN LIN! HE AIN’T DO SHIT!,2025-05-07T03:58:10Z,0,MayOrMayNotBePie,funny,2025-05-26T07:07:09.898428Z
mr1lysu,1kgihcz,reddit,"Omg, I’ve seen this house. PA near Allentown right?",2025-05-07T10:56:25Z,0,Atheios569,funny,2025-05-26T07:07:09.898435Z
mqz39dk,1kgihcz,reddit,Mmm love me some kin-lin,2025-05-06T23:21:58Z,-1,coffeebeards,funny,2025-05-26T07:07:09.898442Z
mqzevsb,1kgihcz,reddit,Murican edukashun…,2025-05-07T00:28:22Z,-1,doc_roq,funny,2025-05-26T07:07:09.898450Z
mre3kux,1kie7uz,reddit,"---      

>This is a friendly reminder to [read our rules](https://www.reddit.com/r/funny/wiki/rules). 
>
>Memes, social media, hate-speech, and [politics / political figures](https://www.reddit.com/r/funny/comments/160kuuf/reminder_any_political_content_will_earn_an/) are not allowed. 
>
>Screenshots of Reddit are expressly forbidden, as are TikTok videos.
>
>**Rule-breaking posts may result in bans.**
>
>Please also [be wary of spam](https://www.reddit.com/r/funny/wiki/spam).
>
---


*I am a bot, and this action was performed automatically. Please [contact the moderators of this subreddit](/message/compose/?to=/r/funny) if you have any questions or concerns.*",2025-05-09T09:22:00Z,1,AutoModerator,funny,2025-05-26T07:07:10.799404Z
mre40lf,1kie7uz,reddit,Space travel ain’t cheap.,2025-05-09T09:26:39Z,5,xWrighty22,funny,2025-05-26T07:07:10.799417Z
mre44as,1kie7uz,reddit,"I thought this was a playpen with a child in it.

Business idea..",2025-05-09T09:27:44Z,3,72616262697473757775,funny,2025-05-26T07:07:10.799425Z
mrfvu3r,1kie7uz,reddit,The guys who take through the Kessel run only take cash.,2025-05-09T16:14:32Z,3,BackgroundGrade,funny,2025-05-26T07:07:10.799433Z
mrn1z4n,1kie7uz,reddit,Kingston MK Tesco. I see you.,2025-05-10T20:02:53Z,2,pabloq,funny,2025-05-26T07:07:10.799440Z
mql13q5,1kersm7,reddit,"---      

>This is a friendly reminder to [read our rules](https://www.reddit.com/r/funny/wiki/rules). 
>
>Memes, social media, hate-speech, and [politics / political figures](https://www.reddit.com/r/funny/comments/160kuuf/reminder_any_political_content_will_earn_an/) are not allowed. 
>
>Screenshots of Reddit are expressly forbidden, as are TikTok videos.
>
>**Rule-breaking posts may result in bans.**
>
>Please also [be wary of spam](https://www.reddit.com/r/funny/wiki/spam).
>
---


*I am a bot, and this action was performed automatically. Please [contact the moderators of this subreddit](/message/compose/?to=/r/funny) if you have any questions or concerns.*",2025-05-04T19:13:23Z,1,AutoModerator,funny,2025-05-26T07:07:12.304825Z
mql26bo,1kersm7,reddit,Hogwarts,2025-05-04T19:19:05Z,38,MegaBladeZX85,funny,2025-05-26T07:07:12.304837Z
mql2q64,1kersm7,reddit,plot twist - that's just a wallpaper on the garage door,2025-05-04T19:22:02Z,15,Putrid-Inevitable720,funny,2025-05-26T07:07:12.304846Z
mql3b2o,1kersm7,reddit,"Hang on, I know what to do... *runs full pelt at the wall* shit must be past 11am...",2025-05-04T19:25:08Z,12,Peter-Piper-Picks,funny,2025-05-26T07:07:12.304853Z
mql4uz1,1kersm7,reddit,That's where the Kool-Aid Man lives.,2025-05-04T19:33:27Z,12,kalgary,funny,2025-05-26T07:07:12.304861Z
mqlyv1x,1kersm7,reddit,Secret entrance to the Batcave,2025-05-04T22:12:46Z,4,JanitorKarl,funny,2025-05-26T07:07:12.304868Z
mqlsilc,1kersm7,reddit,Never read Harry Potter ?,2025-05-04T21:37:33Z,2,BenjiSBRK,funny,2025-05-26T07:07:12.304876Z
mqsvivb,1kersm7,reddit,The wall to Hogwarts?,2025-05-06T00:15:34Z,2,Jtiago44,funny,2025-05-26T07:07:12.304883Z
mqu8506,1kersm7,reddit,The Car of Amontillado.,2025-05-06T05:35:21Z,2,mmuffley,funny,2025-05-26T07:07:12.304891Z
mqye88y,1kersm7,reddit,Tank or bulldozer parked inside. That's not an order it's a recommendation.,2025-05-06T21:10:40Z,2,Mental_Thing_7899,funny,2025-05-26T07:07:12.304898Z
mql242f,1kersm7,reddit,Must progress further in the mission,2025-05-04T19:18:45Z,2,FistCookies,funny,2025-05-26T07:07:12.304906Z
mql2syg,1kersm7,reddit,Platform 9 and 3/4,2025-05-04T19:22:27Z,2,QueenScarebear,funny,2025-05-26T07:07:12.304913Z
mqlngxq,1kersm7,reddit,"This image smells like Baltimore, Md.",2025-05-04T21:10:40Z,1,non-number-name,funny,2025-05-26T07:07:12.304921Z
mqlyyki,1kersm7,reddit,What is it? lol,2025-05-04T22:13:20Z,1,Background-Shirt7115,funny,2025-05-26T07:07:12.304928Z
mqm9f78,1kersm7,reddit,Someone is in there 24/7,2025-05-04T23:14:30Z,1,Vegetable-Space6817,funny,2025-05-26T07:07:12.304935Z
mqn64jx,1kersm7,reddit,Rich people do this in Malibu CA except they make it look like a fake garage door to keep people from parking in front of their homes or to block beach access.,2025-05-05T02:31:49Z,1,thalassicus,funny,2025-05-26T07:07:12.304943Z
mqnwm3k,1kersm7,reddit,Harry Potter vibes,2025-05-05T05:55:56Z,1,Hawkeye2024,funny,2025-05-26T07:07:12.304950Z
mqota6m,1kersm7,reddit,"I had to check I didn't live this building once, but it's slightly different from that one. We had similar, it was a bin store for an apartment building but not only did it not fit the required bins it also used to get stuff fly tipped in it and people using it as a place to shoot up. 

Instead of solving the issues they just bricked it up.",2025-05-05T11:20:13Z,1,pumaofshadow,funny,2025-05-26T07:07:12.304957Z
mquhik8,1kersm7,reddit,Where in Hogwarts does it lead to?,2025-05-06T07:06:35Z,1,sadbot0001,funny,2025-05-26T07:07:12.304965Z
mqwl2bw,1kersm7,reddit,What's to the right of the picture?,2025-05-06T16:00:47Z,1,Maximum_Pound_5633,funny,2025-05-26T07:07:12.304972Z
mqlbt0b,1kersm7,reddit,Don't be mean! The Kool-Aid Man works on the other side of that wall.,2025-05-04T20:10:08Z,1,dblan9,funny,2025-05-26T07:07:12.304980Z
mqlhysc,1kersm7,reddit,Wiley Coyote vibes. Needs the fake tunnel painting.,2025-05-04T20:41:54Z,1,dkstr419,funny,2025-05-26T07:07:12.304987Z
mql1zj6,1kersm7,reddit, Very clever,2025-05-04T19:18:04Z,0,chris84126,funny,2025-05-26T07:07:12.305001Z
mql4j22,1kersm7,reddit,You should feel honored they went to such trouble just for you,2025-05-04T19:31:41Z,0,N/A,funny,2025-05-26T07:07:12.305008Z
mql7bcl,1kersm7,reddit,Brick wall themed garage door 😂,2025-05-04T19:46:27Z,0,Narrow_Can1984,funny,2025-05-26T07:07:12.305016Z
mql93bz,1kersm7,reddit,Bobs brick storage and sandwiches,2025-05-04T19:55:50Z,0,RiffyWammel,funny,2025-05-26T07:07:12.305023Z
mqlin9o,1kersm7,reddit,"Repaint it to say

No Barking
24 our ass red",2025-05-04T20:45:24Z,0,Resident_Cycle_5946,funny,2025-05-26T07:07:12.305031Z
msn905a,1ko4ibl,reddit,"---      

>This is a friendly reminder to [read our rules](https://www.reddit.com/r/funny/wiki/rules). 
>
>Memes, social media, hate-speech, and [politics / political figures](https://www.reddit.com/r/funny/comments/160kuuf/reminder_any_political_content_will_earn_an/) are not allowed. 
>
>Screenshots of Reddit are expressly forbidden, as are TikTok videos.
>
>**Rule-breaking posts may result in bans.**
>
>Please also [be wary of spam](https://www.reddit.com/r/funny/wiki/spam).
>
---


*I am a bot, and this action was performed automatically. Please [contact the moderators of this subreddit](/message/compose/?to=/r/funny) if you have any questions or concerns.*",2025-05-16T16:01:02Z,1,AutoModerator,funny,2025-05-26T07:07:13.430478Z
msnaut5,1ko4ibl,reddit,"That's Mike Angelo's ""Dave.""",2025-05-16T16:10:10Z,19,-PM_Me_Dat_Ass_Girl-,funny,2025-05-26T07:07:13.430491Z
msndc76,1ko4ibl,reddit,Fallen so far he turned into Diogenes,2025-05-16T16:22:20Z,12,Varjazzi,funny,2025-05-26T07:07:13.430499Z
msnf5ea,1ko4ibl,reddit,"The ancient version of the ""getting over it""",2025-05-16T16:31:10Z,6,Fierhold,funny,2025-05-26T07:07:13.430507Z
msncgey,1ko4ibl,reddit,Want to buy some me-flavored water?,2025-05-16T16:17:59Z,4,fichti,funny,2025-05-26T07:07:13.430515Z
msnbzhr,1ko4ibl,reddit,So hard he shrank....,2025-05-16T16:15:40Z,4,Cinemaphreak,funny,2025-05-26T07:07:13.430523Z
msna1o7,1ko4ibl,reddit,Even the greats can’t escape hard times.,2025-05-16T16:06:10Z,2,FazeJ99,funny,2025-05-26T07:07:13.430531Z
msnb0rs,1ko4ibl,reddit,That’s Michelangelo’s “Bert”. He had strong roots in the community. ,2025-05-16T16:10:58Z,2,ComprehensiveHavoc,funny,2025-05-26T07:07:13.430539Z
mspau07,1ko4ibl,reddit,That’s what happens when you’re into pot.,2025-05-16T22:16:31Z,1,iarahm,funny,2025-05-26T07:07:13.430547Z
mspue3z,1ko4ibl,reddit,Dumpster David,2025-05-17T00:26:35Z,1,Burpreallyloud,funny,2025-05-26T07:07:13.430555Z
msq1ycr,1ko4ibl,reddit,He’s tryin his best,2025-05-17T01:14:36Z,1,rerunderwear,funny,2025-05-26T07:07:13.430563Z
msqntiz,1ko4ibl,reddit,"Me flavoured water, 15 cents",2025-05-17T03:41:57Z,1,SVT6522,funny,2025-05-26T07:07:13.430571Z
msr2bxw,1ko4ibl,reddit,The good ole Bankruptcy Barrel. Many a divorced man has wound up in such a sorry state. ,2025-05-17T05:44:53Z,1,TwinFrogs,funny,2025-05-26T07:07:13.430579Z
msrijpp,1ko4ibl,reddit,maybe he's just washing balls in a barrel,2025-05-17T08:29:12Z,1,Arrow2304,funny,2025-05-26T07:07:13.430586Z
mss3kuj,1ko4ibl,reddit,From living in a gallery in Florence to a barrel in grandma's front yard. The housing crisis hitting really hard,2025-05-17T11:55:48Z,1,chino17,funny,2025-05-26T07:07:13.430594Z
mstt7td,1ko4ibl,reddit,Couchsurfing at Diogenes' place.,2025-05-17T17:56:11Z,1,corpus-luteum,funny,2025-05-26T07:07:13.430602Z
msy3nmt,1ko4ibl,reddit,Niagara Falls edition,2025-05-18T12:52:15Z,1,CosmoRacer,funny,2025-05-26T07:07:13.430610Z
msndaer,1ko4ibl,reddit,He’s gone to pot.,2025-05-16T16:22:06Z,1,blue_strat,funny,2025-05-26T07:07:13.430618Z
msnevgs,1ko4ibl,reddit,It’s Oscar’s cousin Dave! Not just any grouch can live in a garbage can.,2025-05-16T16:29:50Z,1,Nettius2,funny,2025-05-26T07:07:13.430626Z
msnexfx,1ko4ibl,reddit,Michael the Grouch,2025-05-16T16:30:06Z,1,thatjerkatwork,funny,2025-05-26T07:07:13.430633Z
msnho94,1ko4ibl,reddit,He became a cynic. ,2025-05-16T16:43:27Z,1,PhotoPhenik,funny,2025-05-26T07:07:13.430641Z
msnarq8,1ko4ibl,reddit,Barrel Rider,2025-05-16T16:09:44Z,0,FriarNurgle,funny,2025-05-26T07:07:13.430649Z
msnbvjb,1ko4ibl,reddit,I do hope he… um… grows a bit more “down there”….,2025-05-16T16:15:08Z,0,No-Accident69,funny,2025-05-26T07:07:13.430656Z
msncr0d,1ko4ibl,reddit,"In my 20s I used to live on a very steep hill in San Francisco and had a bust of Jerry Garcia that I had made in high school buried in some ivy in the front yard so it could overlook Mt. Tam in the distance.

One day when the cable guy was over, after seeing it he first fall over and nearly rolled down the hill then when he picked himself up off the ground he ran his truck while accusing me of being some kind of psycho killer with a body buried in my front yard.",2025-05-16T16:19:26Z,0,GratefuLdPhisH,funny,2025-05-26T07:07:13.430664Z
msnf1j1,1ko4ibl,reddit,His bush! 😳,2025-05-16T16:30:39Z,0,ConfidentDuck1,funny,2025-05-26T07:07:13.430671Z
msnihhw,1ko4ibl,reddit,Just doing what he gotta to be allowed back in Florida schools.,2025-05-16T16:47:19Z,0,--MobTowN--,funny,2025-05-26T07:07:13.430678Z
msnistz,1ko4ibl,reddit,"He just need to find new goal

Just give him a hammer so he could start Getting Over It",2025-05-16T16:48:50Z,0,YuuHikari,funny,2025-05-26T07:07:13.430686Z
msnjx2n,1ko4ibl,reddit,He's getting into pot,2025-05-16T16:54:15Z,0,calgeorge,funny,2025-05-26T07:07:13.430693Z
msnklhv,1ko4ibl,reddit,This just looks like r/warframe to me,2025-05-16T16:57:31Z,0,R0RSCHAKK,funny,2025-05-26T07:07:13.430701Z
msnq72a,1ko4ibl,reddit,"Well, conservatives are on the rise after all.",2025-05-16T17:24:45Z,0,Ok_Return_777,funny,2025-05-26T07:07:13.430708Z
msnqhwx,1ko4ibl,reddit,He’s following the school of Diogenes,2025-05-16T17:26:11Z,0,sakura608,funny,2025-05-26T07:07:13.430716Z
msntzbh,1ko4ibl,reddit,My neighbor has a statue of liberty in the center of his backyard fountain... she's holding an American flag and has been painted in life like colors.  To top it all off she has led lights around her neck at night..,2025-05-16T17:43:05Z,0,Brilliant_Rule9551,funny,2025-05-26T07:07:13.430732Z
msnwq0n,1ko4ibl,reddit,Planting his seed.,2025-05-16T17:56:24Z,0,Vegetable-Space6817,funny,2025-05-26T07:07:13.430740Z
mso0whz,1ko4ibl,reddit,Cold plunges are big everywhere now,2025-05-16T18:17:21Z,0,Woodwerkn,funny,2025-05-26T07:07:13.430748Z
mso9icd,1ko4ibl,reddit,Put suspenders on the barrel and over David's shoulders to make it look cool.,2025-05-16T19:01:01Z,0,20190419,funny,2025-05-26T07:07:13.430756Z
msoexv5,1ko4ibl,reddit,"""Me flavored water, 15 cents! Come taste my knees!""",2025-05-16T19:28:51Z,0,WhoStoleMyJacket,funny,2025-05-26T07:07:13.430764Z
msoeybh,1ko4ibl,reddit,He'll *get over it.*,2025-05-16T19:28:55Z,0,GoombaBro,funny,2025-05-26T07:07:13.430772Z
msofzu4,1ko4ibl,reddit,Or Oscar the Grouch is finally start to work on himself...,2025-05-16T19:34:17Z,0,SkylarAV,funny,2025-05-26T07:07:13.430779Z
msohnep,1ko4ibl,reddit,Ew David!,2025-05-16T19:42:48Z,0,TSgt_Yosh,funny,2025-05-26T07:07:13.430787Z
msp12fr,1ko4ibl,reddit,That’s Michelangelo’s Oscar la Groucho,2025-05-16T21:22:03Z,0,FleabottomFrank,funny,2025-05-26T07:07:13.430795Z
mqka0oc,1keojln,reddit,"---      

>This is a friendly reminder to [read our rules](https://www.reddit.com/r/funny/wiki/rules). 
>
>Memes, social media, hate-speech, and [politics / political figures](https://www.reddit.com/r/funny/comments/160kuuf/reminder_any_political_content_will_earn_an/) are not allowed. 
>
>Screenshots of Reddit are expressly forbidden, as are TikTok videos.
>
>**Rule-breaking posts may result in bans.**
>
>Please also [be wary of spam](https://www.reddit.com/r/funny/wiki/spam).
>
---


*I am a bot, and this action was performed automatically. Please [contact the moderators of this subreddit](/message/compose/?to=/r/funny) if you have any questions or concerns.*",2025-05-04T16:56:27Z,1,AutoModerator,funny,2025-05-26T07:07:14.502584Z
mqkefb6,1keojln,reddit,Many drugs were involved in the making of this film. 😂,2025-05-04T17:18:16Z,42,Pilea_Paloola,funny,2025-05-26T07:07:14.502596Z
mqlobt2,1keojln,reddit,"When you can’t stop dancing..

But still need to find your earring.",2025-05-04T21:15:13Z,15,joe_ordan,funny,2025-05-26T07:07:14.502604Z
mqkcn38,1keojln,reddit,That has to be at least a Bronze at the Olympics,2025-05-04T17:09:23Z,21,chuckwagon9,funny,2025-05-26T07:07:14.502612Z
mqknl74,1keojln,reddit,All the blood just rushed to my head. I'm going to go sit down for awhile.,2025-05-04T18:03:44Z,4,ParticularLower7558,funny,2025-05-26T07:07:14.502619Z
mqm3ch6,1keojln,reddit,My ACL and hammies said no.,2025-05-04T22:38:54Z,4,Maleficent_Bend_377,funny,2025-05-26T07:07:14.502627Z
mqr119i,1keojln,reddit,🤣🤣,2025-05-05T18:29:34Z,2,purrrrtycat,funny,2025-05-26T07:07:14.502634Z
mqym1w8,1keojln,reddit,"I went from “look at that crazy lunatic” to “damn, that’s truly impressive!!”",2025-05-06T21:49:07Z,2,mr6275,funny,2025-05-26T07:07:14.502641Z
mqkukyr,1keojln,reddit,He’s just trying not to fall over,2025-05-04T18:39:26Z,4,CordiallySuckMyBalls,funny,2025-05-26T07:07:14.502649Z
mqqdavr,1keojln,reddit,What song is this? Common reddit you got this please tell me.....,2025-05-05T16:35:46Z,1,phayzs,funny,2025-05-26T07:07:14.502656Z
mqqgqnt,1keojln,reddit,More like Hopping Flamingo 😂,2025-05-05T16:52:29Z,1,Brilliant-Writing831,funny,2025-05-26T07:07:14.502663Z
mqqy62z,1keojln,reddit,"I could do that - if I had a sense of balance, any rythm, a lot more strength, and loss 60 pounds.",2025-05-05T18:15:35Z,1,mooonguy,funny,2025-05-26T07:07:14.502670Z
mqsnc3l,1keojln,reddit,Very impressive,2025-05-05T23:29:31Z,1,ThinRevolution744,funny,2025-05-26T07:07:14.502678Z
mqsq78b,1keojln,reddit,I'd imagine this is what someone on the verge of learning how to fly Hitchhiker's Guide to the Galaxy style looks.,2025-05-05T23:45:31Z,1,Sound_mind,funny,2025-05-26T07:07:14.502685Z
mquhxev,1keojln,reddit,Migraines for the next few days.,2025-05-06T07:10:58Z,1,Iamnothungryyet,funny,2025-05-26T07:07:14.502692Z
mqxqjnj,1keojln,reddit,Tell me you're a virgin without making it too obvious,2025-05-06T19:18:15Z,1,FarmerMitch,funny,2025-05-26T07:07:14.502699Z
mqyccu8,1keojln,reddit,😵‍💫,2025-05-06T21:01:24Z,1,Shadowexx,funny,2025-05-26T07:07:14.502707Z
mqzybna,1keojln,reddit,Final Fent Boss,2025-05-07T02:21:00Z,1,Mother_Wash5691,funny,2025-05-26T07:07:14.502714Z
mqkolbp,1keojln,reddit,This isn't r/bunny,2025-05-04T18:08:49Z,1,Spirochrome,funny,2025-05-26T07:07:14.502729Z
mqnvc72,1keojln,reddit,"It may look silly, it may not be your favorite dance move but that shit is insanely difficult.  I want to see all the couch potatoes complaining here try this out. Dude must be in great shape and I, for one, thought this is very creative and looks actually really cool.",2025-05-05T05:43:49Z,1,Consistent-Soil-1818,funny,2025-05-26T07:07:14.502737Z
mqnji1t,1keojln,reddit,"I must've missed it, but at what point did he indicate that he was hopping away from the road and then proceed to jump directly through my windshield?",2025-05-05T04:02:33Z,1,R2LySergicD2,funny,2025-05-26T07:07:14.502744Z
mqlk1ku,1keojln,reddit,He’s looking for a lost contact lens,2025-05-04T20:52:46Z,0,MethChefJeff,funny,2025-05-26T07:07:14.502751Z
mqlcke1,1keojln,reddit,“Cocaines a hell of a drug”,2025-05-04T20:14:04Z,-1,SteveRS2000,funny,2025-05-26T07:07:14.502758Z
mqo9g2j,1keojln,reddit,Bomboclaaat!,2025-05-05T08:08:43Z,0,thefool83,funny,2025-05-26T07:07:14.502766Z
mqoethw,1keojln,reddit,"Ostrich dance, maybe?",2025-05-05T09:06:39Z,0,Worth-Cheesecake-998,funny,2025-05-26T07:07:14.502773Z
mqoiwu7,1keojln,reddit,Perpetual falling!,2025-05-05T09:49:09Z,0,handyandy314,funny,2025-05-26T07:07:14.502781Z
mqm730g,1keojln,reddit,This is possible because of his empty skull.,2025-05-04T23:00:49Z,-10,Vultor,funny,2025-05-26T07:07:14.502788Z
mt0y2my,1kpvwlp,reddit,"---      

>This is a friendly reminder to [read our rules](https://www.reddit.com/r/funny/wiki/rules). 
>
>Memes, social media, hate-speech, and [politics / political figures](https://www.reddit.com/r/funny/comments/160kuuf/reminder_any_political_content_will_earn_an/) are not allowed. 
>
>Screenshots of Reddit are expressly forbidden, as are TikTok videos.
>
>**Rule-breaking posts may result in bans.**
>
>Please also [be wary of spam](https://www.reddit.com/r/funny/wiki/spam).
>
---


*I am a bot, and this action was performed automatically. Please [contact the moderators of this subreddit](/message/compose/?to=/r/funny) if you have any questions or concerns.*",2025-05-18T22:09:54Z,1,AutoModerator,funny,2025-05-26T07:07:15.627404Z
mt188jb,1kpvwlp,reddit,"*Bactrian , just sayin.

Been there a few times, I thought it was awesome",2025-05-18T23:10:40Z,9,Jarringly,funny,2025-05-26T07:07:15.627416Z
mt0ynrp,1kpvwlp,reddit,Thats a great picture. Are you talking Peterborough Ontario?,2025-05-18T22:13:15Z,5,n_a77,funny,2025-05-26T07:07:15.627425Z
mt10h3s,1kpvwlp,reddit,"I haven’t been yet, only the Toronto zoo so far. Is it worth checking out? I’m up in the Lindsay area.",2025-05-18T22:23:49Z,1,n_a77,funny,2025-05-26T07:07:15.627433Z
mt57cpj,1kpvwlp,reddit,🙃,2025-05-19T16:20:46Z,1,Constant_Cultural,funny,2025-05-26T07:07:15.627440Z
mt5mva7,1kpvwlp,reddit,Ha!,2025-05-19T17:36:02Z,1,FrankiKMusic,funny,2025-05-26T07:07:15.627448Z
mr48gei,1kh5wd8,reddit,"---      

>This is a friendly reminder to [read our rules](https://www.reddit.com/r/funny/wiki/rules). 
>
>Memes, social media, hate-speech, and [politics / political figures](https://www.reddit.com/r/funny/comments/160kuuf/reminder_any_political_content_will_earn_an/) are not allowed. 
>
>Screenshots of Reddit are expressly forbidden, as are TikTok videos.
>
>**Rule-breaking posts may result in bans.**
>
>Please also [be wary of spam](https://www.reddit.com/r/funny/wiki/spam).
>
---


*I am a bot, and this action was performed automatically. Please [contact the moderators of this subreddit](/message/compose/?to=/r/funny) if you have any questions or concerns.*",2025-05-07T19:16:16Z,1,AutoModerator,funny,2025-05-26T07:07:16.942925Z
mr49y6f,1kh5wd8,reddit,I AM YOUR GOD NOW,2025-05-07T19:23:39Z,83,Mudlark-000,funny,2025-05-26T07:07:16.942937Z
mr4ke6v,1kh5wd8,reddit,Kinda reminds me of the dog that first crossed the new EU border earlier this year lmao.,2025-05-07T20:14:23Z,18,That_Independence923,funny,2025-05-26T07:07:16.942944Z
mr4wv6i,1kh5wd8,reddit,"Oh I see, when the seagull shows up they get praise.

but WHEN I CLIMB the Vatican all i get is jail sentence.",2025-05-07T21:12:46Z,8,Zetra3,funny,2025-05-26T07:07:16.942951Z
mr4dvpe,1kh5wd8,reddit,Johnathan Livingston Seapope,2025-05-07T19:42:45Z,7,robbie-3x,funny,2025-05-26T07:07:16.942958Z
mr55lnl,1kh5wd8,reddit,Haven't you heard?,2025-05-07T21:57:28Z,2,voxpopper,funny,2025-05-26T07:07:16.942965Z
mr5rpgv,1kh5wd8,reddit,Such a lovely crowd of people. For me to poop on!,2025-05-08T00:01:56Z,2,v4por,funny,2025-05-26T07:07:16.942972Z
mr6gdov,1kh5wd8,reddit,Mine,2025-05-08T02:25:10Z,2,BoogieM4Nx,funny,2025-05-26T07:07:16.942979Z
mr6wcd0,1kh5wd8,reddit,"Mine?

- That Seagull, probably.",2025-05-08T04:13:53Z,2,Grouchy-Engine1584,funny,2025-05-26T07:07:16.942986Z
mr64dm4,1kh5wd8,reddit,What a fucking waste of time lmaoooo,2025-05-08T01:16:20Z,5,SnowmanOk,funny,2025-05-26T07:07:16.942993Z
mr4qw9m,1kh5wd8,reddit,"> After the short reign of Pope Anterus, Fabian had come to Rome from the countryside when the new papal election began. ""Although present"", says Eusebius, Fabian ""was in the mind of none"". While the names of several illustrious and noble churchmen were being considered over the course of thirteen days, a dove suddenly descended upon the head of Fabian. To the assembled electors, this strange sight recalled the gospel scene of the descent of the Holy Spirit on Jesus at the time of his baptism by John the Baptist. The congregation took this as a sign that he was marked out for this dignity, and Fabian was at once proclaimed bishop by acclamation.

https://en.wikipedia.org/wiki/Pope_Fabian",2025-05-07T20:44:40Z,4,tyen0,funny,2025-05-26T07:07:16.943000Z
mr5ogi1,1kh5wd8,reddit,Larry!,2025-05-07T23:43:11Z,1,ConfidentDuck1,funny,2025-05-26T07:07:16.943007Z
mr6yzh1,1kh5wd8,reddit,Look at me. I am the pope now.,2025-05-08T04:34:16Z,1,jone6x,funny,2025-05-26T07:07:16.943014Z
mr8564k,1kh5wd8,reddit,i vote on the gull the gull will be the new pope,2025-05-08T11:17:34Z,1,evestraw,funny,2025-05-26T07:07:16.943021Z
mra482z,1kh5wd8,reddit,"The chosen one has flown atop its perch, and once absorbing all the praise, must fly away to spread its gospel.",2025-05-08T17:39:01Z,1,OperaBunny,funny,2025-05-26T07:07:16.943028Z
mrad6yy,1kh5wd8,reddit,Charlie Kelly is the new pope. It's always sunny in Vatican City.,2025-05-08T18:21:52Z,1,experienceTHEjizz,funny,2025-05-26T07:07:16.943035Z
mraxpiu,1kh5wd8,reddit,Mine!!,2025-05-08T20:02:56Z,1,Magikpoo,funny,2025-05-26T07:07:16.943042Z
mrb0pt0,1kh5wd8,reddit,Habemus Larus,2025-05-08T20:17:52Z,1,tacwombat,funny,2025-05-26T07:07:16.943049Z
mr7tt4f,1kh5wd8,reddit,And the new pope is..... steven... seagal,2025-05-08T09:37:25Z,1,ASD_AuZ,funny,2025-05-26T07:07:16.943056Z
mr4rgxk,1kh5wd8,reddit,Christians are hilarious,2025-05-07T20:47:22Z,-3,Radeboiii,funny,2025-05-26T07:07:16.943063Z
mr4szel,1kh5wd8,reddit,Pope Steven Seagal,2025-05-07T20:54:27Z,-2,wastemetime,funny,2025-05-26T07:07:16.943069Z
mr49inc,1kh5wd8,reddit,What does it mean when the seagull shits down the chimney? How does that factor in to the decision process?,2025-05-07T19:21:31Z,-3,Stu_Pendisdick,funny,2025-05-26T07:07:16.943077Z
mr55pb8,1kh5wd8,reddit,I think it's safe to assume there's going to be a new Pope.,2025-05-07T21:58:00Z,-1,mr_ji,funny,2025-05-26T07:07:16.943084Z
mr5ploy,1kh5wd8,reddit,"The holy spirit is represented as a dove, so I would imagine this seagull seems like a dove from affar.",2025-05-07T23:49:44Z,-1,Pretty-Purple8937,funny,2025-05-26T07:07:16.943090Z
mr48s3z,1kh5wd8,reddit,Funny?,2025-05-07T19:17:53Z,-15,Gregorygregory888888,funny,2025-05-26T07:07:16.943097Z
mr5uujh,1kh5wd8,reddit,It’s a sign!  It’s him from beyond! Vomit,2025-05-08T00:20:47Z,-2,defeatmyself3,funny,2025-05-26T07:07:16.943104Z
mr4r80q,1kh5wd8,reddit,Pope Seagal,2025-05-07T20:46:13Z,-4,Mission-Storm-4375,funny,2025-05-26T07:07:16.943111Z
mqqvtkh,1kfidx7,reddit,"---      

>This is a friendly reminder to [read our rules](https://www.reddit.com/r/funny/wiki/rules). 
>
>Memes, social media, hate-speech, and [politics / political figures](https://www.reddit.com/r/funny/comments/160kuuf/reminder_any_political_content_will_earn_an/) are not allowed. 
>
>Screenshots of Reddit are expressly forbidden, as are TikTok videos.
>
>**Rule-breaking posts may result in bans.**
>
>Please also [be wary of spam](https://www.reddit.com/r/funny/wiki/spam).
>
---


*I am a bot, and this action was performed automatically. Please [contact the moderators of this subreddit](/message/compose/?to=/r/funny) if you have any questions or concerns.*",2025-05-05T18:04:08Z,1,AutoModerator,funny,2025-05-26T07:07:18.390448Z
mqr04lm,1kfidx7,reddit,"wonder if the cat is thinking: ""these people be crazy""",2025-05-05T18:25:06Z,8,AdSpirited5019,funny,2025-05-26T07:07:18.390461Z
mqr3rg6,1kfidx7,reddit,"""Está loca esa abuela.""",2025-05-05T18:43:03Z,5,fulthrottlejazzhands,funny,2025-05-26T07:07:18.390469Z
mq3qx1b,1kcmaoy,reddit,"---      

>This is a friendly reminder to [read our rules](https://www.reddit.com/r/funny/wiki/rules). 
>
>Memes, social media, hate-speech, and [politics / political figures](https://www.reddit.com/r/funny/comments/160kuuf/reminder_any_political_content_will_earn_an/) are not allowed. 
>
>Screenshots of Reddit are expressly forbidden, as are TikTok videos.
>
>**Rule-breaking posts may result in bans.**
>
>Please also [be wary of spam](https://www.reddit.com/r/funny/wiki/spam).
>
---


*I am a bot, and this action was performed automatically. Please [contact the moderators of this subreddit](/message/compose/?to=/r/funny) if you have any questions or concerns.*",2025-05-01T23:03:30Z,1,AutoModerator,funny,2025-05-26T07:07:19.313481Z
mq3ufhe,1kcmaoy,reddit,"Yeah... something about this screams photoshop to me, but... I'm calling ""Catholic school.""",2025-05-01T23:23:22Z,13,aradraugfea,funny,2025-05-26T07:07:19.313492Z
mq3spcj,1kcmaoy,reddit,"Night classes available. 

Worried about cost? Ask about our Virgin Scholarship Fund!",2025-05-01T23:13:40Z,12,Open_Youth7092,funny,2025-05-26T07:07:19.313501Z
mq437l1,1kcmaoy,reddit,I’m always so drained after school!,2025-05-02T00:13:43Z,7,Bulky-Internal8579,funny,2025-05-26T07:07:19.313509Z
mq4c9fl,1kcmaoy,reddit,"They have one of these parishes by my parents house as well, but it’s called Most Precious Blood",2025-05-02T01:07:49Z,3,croven92,funny,2025-05-26T07:07:19.313516Z
mq5hnui,1kcmaoy,reddit,On the other side of the road from Precious Crips school.,2025-05-02T05:57:33Z,1,meesta_masa,funny,2025-05-26T07:07:19.313524Z
mq65dxk,1kcmaoy,reddit,I think the Crips school is next door,2025-05-02T10:00:17Z,1,CaveManta,funny,2025-05-26T07:07:19.313531Z
mqai0jq,1kcmaoy,reddit,It's Jesus shit.,2025-05-03T00:11:51Z,1,Front-Competition461,funny,2025-05-26T07:07:19.313538Z
mu2u15z,1kuk3m8,reddit,Argentina mentioned,2025-05-24T22:10:42Z,11,FeDeKutulu,funny,2025-05-26T07:07:20.236867Z
mu2rbaa,1kuk3m8,reddit,"""That it's finally me and you, and you and me
Just us... and your friend Steve""",2025-05-24T21:54:14Z,2,LeGama,funny,2025-05-26T07:07:20.236879Z
mu2t1is,1kuk3m8,reddit,Papa Smurf over there,2025-05-24T22:04:38Z,2,amcrambler,funny,2025-05-26T07:07:20.236887Z
mu3bnas,1kuk3m8,reddit,Gnomnitive Determination,2025-05-25T00:01:13Z,1,theSchrodingerHat,funny,2025-05-26T07:07:20.236895Z
mu2ypil,1kuk3m8,reddit,Maybe his name is Paul Liberty,2025-05-24T22:40:00Z,1,LupusDeusMagnus,funny,2025-05-26T07:07:20.236903Z
mu3fzzq,1kuk3m8,reddit,This has an r/accidentalrenaissance vibe.,2025-05-25T00:29:41Z,0,santathe1,funny,2025-05-26T07:07:20.236910Z
mu3akvg,1kuk3m8,reddit,Assuming this meant to be a date and the dude is a third wheel how can you look at that situation and have no dignity/self-respect to let them be lol,2025-05-24T23:54:24Z,-7,Frankly_Frank_,funny,2025-05-26T07:07:20.236917Z
mu1lim7,1kuhnzs,reddit,"---      

>This is a friendly reminder to [read our rules](https://www.reddit.com/r/funny/wiki/rules). 
>
>Memes, social media, hate-speech, and [politics / political figures](https://www.reddit.com/r/funny/comments/160kuuf/reminder_any_political_content_will_earn_an/) are not allowed. 
>
>Screenshots of Reddit are expressly forbidden, as are TikTok videos.
>
>**Rule-breaking posts may result in bans.**
>
>Please also [be wary of spam](https://www.reddit.com/r/funny/wiki/spam).
>
---


*I am a bot, and this action was performed automatically. Please [contact the moderators of this subreddit](/message/compose/?to=/r/funny) if you have any questions or concerns.*",2025-05-24T17:56:46Z,1,AutoModerator,funny,2025-05-26T07:07:21.850284Z
mu1oto4,1kuhnzs,reddit,“You’ll have no worries here. We’ve got our shit covered.” - their motto probably,2025-05-24T18:14:29Z,21,IrishHambo,funny,2025-05-26T07:07:21.850301Z
mu1t1x9,1kuhnzs,reddit,Bhole Hospitality usually smells like astroglide.,2025-05-24T18:37:38Z,10,MandatoryEvac,funny,2025-05-26T07:07:21.850309Z
mu1rwfk,1kuhnzs,reddit,At least it's not an A HOLE company.,2025-05-24T18:31:16Z,11,nerdariffic,funny,2025-05-26T07:07:21.850318Z
mu2md9s,1kuhnzs,reddit,"Weren't bholes some humongous Lovecraftian horrors? I'm not sure I would trust their ""hospitality"".",2025-05-24T21:24:43Z,3,SoTerribleOpinions,funny,2025-05-26T07:07:21.850326Z
mu3eqiw,1kuhnzs,reddit,Please tell me that’s the proctologist,2025-05-25T00:21:22Z,2,Motor-Chocolate-2808,funny,2025-05-26T07:07:21.850333Z
mu3kpqd,1kuhnzs,reddit,Where all your BHOLE wishes are our command.,2025-05-25T01:00:11Z,2,rebri,funny,2025-05-26T07:07:21.850342Z
mu4lufn,1kuhnzs,reddit,One step up from Ahole.,2025-05-25T05:37:47Z,2,Earthling1a,funny,2025-05-26T07:07:21.850350Z
mu4ugjy,1kuhnzs,reddit,Better then that DHOLE company,2025-05-25T07:00:49Z,2,Liz4rdKah-1ng,funny,2025-05-26T07:07:21.850357Z
mu4voef,1kuhnzs,reddit,Definitely an Indian owned business. It isn't b-hole. It's Bhole (Bho-layy) another name for Hindu God Shiva.,2025-05-25T07:12:54Z,2,Deep_Ray,funny,2025-05-26T07:07:21.850365Z
mu6esab,1kuhnzs,reddit,Still better than AHOLE Hospitality.,2025-05-25T14:36:48Z,2,virgilreality,funny,2025-05-26T07:07:21.850373Z
mu9pw4y,1kuhnzs,reddit,CEO: I am the great Cornholio! I need TP for my bunghole!,2025-05-26T01:27:20Z,2,CaptParadox,funny,2025-05-26T07:07:21.850381Z
mu1wo6r,1kuhnzs,reddit,Who doesn't appreciate a little B-hole hospitality?,2025-05-24T18:57:38Z,3,This_Site_Sux,funny,2025-05-26T07:07:21.850388Z
mu1mw4j,1kuhnzs,reddit,**Their turndown service comes with emotional damage**,2025-05-24T18:04:01Z,4,LustRiddle,funny,2025-05-26T07:07:21.850396Z
mu1suna,1kuhnzs,reddit,😂😂,2025-05-24T18:36:31Z,2,DNFGold,funny,2025-05-26T07:07:21.850403Z
mu24qjk,1kuhnzs,reddit,Bungholio,2025-05-24T19:43:48Z,2,iamskydaddy,funny,2025-05-26T07:07:21.850410Z
mu27lzf,1kuhnzs,reddit,"Side note- if you go check out that business, it’s down a muddy road and the parking is out back.",2025-05-24T20:00:36Z,2,pdxrider01,funny,2025-05-26T07:07:21.850417Z
mu1ndim,1kuhnzs,reddit,"Let me guess their tagline;

""BHole Hospitality: Come on in!""",2025-05-24T18:06:36Z,2,solthar,funny,2025-05-26T07:07:21.850425Z
mu1r0kl,1kuhnzs,reddit,"Aaaand I read that as ""Shaveport"".",2025-05-24T18:26:26Z,1,Plastic-Sentence9429,funny,2025-05-26T07:07:21.850432Z
mu1x222,1kuhnzs,reddit,It's pronounced Bo-lay.,2025-05-24T18:59:46Z,1,ToastAndASideOfToast,funny,2025-05-26T07:07:21.850444Z
mu20gta,1kuhnzs,reddit,Proctology group,2025-05-24T19:19:03Z,1,Short_Elevator_7024,funny,2025-05-26T07:07:21.850458Z
mu20jv4,1kuhnzs,reddit,The poor man’s AHole ?,2025-05-24T19:19:31Z,1,Coast_watcher,funny,2025-05-26T07:07:21.850470Z
mu21j8n,1kuhnzs,reddit,Beevis would be proud.,2025-05-24T19:25:09Z,1,jmugan,funny,2025-05-26T07:07:21.850483Z
mu26xl4,1kuhnzs,reddit,Their service stinks but their approach is pretty tight.,2025-05-24T19:56:40Z,1,Judgement915,funny,2025-05-26T07:07:21.850496Z
mu27kwk,1kuhnzs,reddit,"At least its not run by ""AHOLE Hospitality"".",2025-05-24T20:00:26Z,1,ilikeme1,funny,2025-05-26T07:07:21.850509Z
mu27ymh,1kuhnzs,reddit,LOOSE Bhole,2025-05-24T20:02:37Z,1,-ndi-,funny,2025-05-26T07:07:21.850519Z
mu28y38,1kuhnzs,reddit,I've heard it's not very comfortable and doesn't live up to the hype.,2025-05-24T20:08:22Z,1,Djolumn,funny,2025-05-26T07:07:21.850531Z
mu2awqm,1kuhnzs,reddit,When you can’t get it in the A hole.,2025-05-24T20:19:40Z,1,StickItInTheBuns,funny,2025-05-26T07:07:21.850544Z
mu2dudd,1kuhnzs,reddit,I’ve heard they’re kinda shitty,2025-05-24T20:36:09Z,1,MrNiceGuyPartySupply,funny,2025-05-26T07:07:21.850558Z
mu2qwc5,1kuhnzs,reddit,Ah I believe I know now where my car keys are...,2025-05-24T21:51:45Z,1,Hungry_War7524,funny,2025-05-26T07:07:21.850571Z
mu2rtof,1kuhnzs,reddit,So there's a cityblock-sized cthonian worm sleeping beneath?,2025-05-24T21:57:18Z,1,Zorothegallade,funny,2025-05-26T07:07:21.850585Z
mu2si8u,1kuhnzs,reddit,"Was at a medical facility (one building with a bunch of individual doctor's offices of different specialties), and one of the offices had a Dr. Bozho.  I took a picture of it but this community doesn't allow for pictures in the replies.",2025-05-24T22:01:24Z,1,DJDualScreen,funny,2025-05-26T07:07:21.850597Z
mu3ces9,1kuhnzs,reddit,How was tbe TP?,2025-05-25T00:06:12Z,1,Bishop_Bullwinkle813,funny,2025-05-26T07:07:21.850605Z
mu1zq4k,1kuhnzs,reddit,"At my job, we get bread from Bimbo bakery.",2025-05-24T19:14:49Z,0,Bladrak01,funny,2025-05-26T07:07:21.850612Z
mr29chu,1kgxe3c,reddit,"---      

>This is a friendly reminder to [read our rules](https://www.reddit.com/r/funny/wiki/rules). 
>
>Memes, social media, hate-speech, and [politics / political figures](https://www.reddit.com/r/funny/comments/160kuuf/reminder_any_political_content_will_earn_an/) are not allowed. 
>
>Screenshots of Reddit are expressly forbidden, as are TikTok videos.
>
>**Rule-breaking posts may result in bans.**
>
>Please also [be wary of spam](https://www.reddit.com/r/funny/wiki/spam).
>
---


*I am a bot, and this action was performed automatically. Please [contact the moderators of this subreddit](/message/compose/?to=/r/funny) if you have any questions or concerns.*",2025-05-07T13:29:39Z,1,AutoModerator,funny,2025-05-26T07:07:22.793861Z
mr29wvs,1kgxe3c,reddit,The book is a distraction.,2025-05-07T13:32:49Z,21,gimmethegist,funny,2025-05-26T07:07:22.793872Z
mr2ajtv,1kgxe3c,reddit,His underwear is still a distraction.,2025-05-07T13:36:21Z,9,VeneMage,funny,2025-05-26T07:07:22.793880Z
mr2ctc5,1kgxe3c,reddit,"> ""Be melting snow. Wash yourself of yourself. "" 

- a poem by Rumi that encourages self-reflection and transformation.",2025-05-07T13:48:37Z,5,steve_adr,funny,2025-05-26T07:07:22.793887Z
mr2e5oz,1kgxe3c,reddit,"Impossible, I am a distraction",2025-05-07T13:55:45Z,3,vacconesgood,funny,2025-05-26T07:07:22.793894Z
mr2jwz7,1kgxe3c,reddit,Where's the funny,2025-05-07T14:25:23Z,3,vanilla_disco,funny,2025-05-26T07:07:22.793901Z
mr2j4w1,1kgxe3c,reddit,Peepee still there,2025-05-07T14:21:28Z,0,Portocala69,funny,2025-05-26T07:07:22.793908Z
msgr9ja,1knba17,reddit,"---      

>This is a friendly reminder to [read our rules](https://www.reddit.com/r/funny/wiki/rules). 
>
>Memes, social media, hate-speech, and [politics / political figures](https://www.reddit.com/r/funny/comments/160kuuf/reminder_any_political_content_will_earn_an/) are not allowed. 
>
>Screenshots of Reddit are expressly forbidden, as are TikTok videos.
>
>**Rule-breaking posts may result in bans.**
>
>Please also [be wary of spam](https://www.reddit.com/r/funny/wiki/spam).
>
---


*I am a bot, and this action was performed automatically. Please [contact the moderators of this subreddit](/message/compose/?to=/r/funny) if you have any questions or concerns.*",2025-05-15T15:36:42Z,1,AutoModerator,funny,2025-05-26T07:07:23.712715Z
msjbequ,1knba17,reddit,"""I shall now ponder my existence for a moment before pretending that absolutely nothing happened.""",2025-05-15T23:21:26Z,12,discdraft,funny,2025-05-26T07:07:23.712736Z
msl374d,1knba17,reddit,Animal version of virtual reality ^(\*...minus the goggles.),2025-05-16T06:54:37Z,2,GANDORF57,funny,2025-05-26T07:07:23.712744Z
msh065v,1knba17,reddit,Our cat stares at the birds outside and he knows there is a screen on the open window...but stare at the birds long enough and forgets about the screen in the way.,2025-05-15T16:20:13Z,3,GMPollock24,funny,2025-05-26T07:07:23.712752Z
