comment_id,content_id,platform,content,created_at,score,author,source_name,crawl_time
mrjntlj,1kj1mad,reddit," The first time I heard Ween I was on a road trip from British Columbia to Phoenix with my buddy to go see the drag boat races at thunderbird speedway.

We did 36 hours non stop. Even stopped on the hoover dam in the middle of the night, broke out the Coleman stove and made Bailey's and coffee, try doing that now!

Anyway, we heard voodoo lady on the radio. When we got back into town I stopped at a phone booth, called the station, and sung it to them asking what song it was. They thought I was insane.

Good trip! Anyway, that's the first time I heard Ween.",2025-05-10T05:46:48Z,11,blackmoose,music,2025-05-26T07:00:37.696869Z
mrjdn7r,1kj1mad,reddit,Turn the town brown,2025-05-10T04:20:48Z,6,jayhawker202,music,2025-05-26T07:00:37.696881Z
mrk0eiu,1kj1mad,reddit,"That was an excellent cover, of a terrific song.

Now I need to go and find me a live version of Ween's Buenas Tardes Amigo!  I always loved that song.",2025-05-10T07:49:42Z,5,AsiaSkyly,music,2025-05-26T07:00:37.696890Z
mrnkimc,1kj1mad,reddit,This entire show is fantastic. One of the best live shows I’ve ever seen (on video). It’s in Chicago I believe.,2025-05-10T21:50:34Z,4,Appropriate_Try_2565,music,2025-05-26T07:00:37.696898Z
mrnje1z,1kj1mad,reddit,I will never get tired of Deaners shreddin. Makes me want to be a better guitar player,2025-05-10T21:43:45Z,3,HotSaltRaspberry,music,2025-05-26T07:00:37.696906Z
mro5dpc,1kj1mad,reddit,I’ll have some of whatever Gener is having,2025-05-11T00:01:39Z,1,brb9911,music,2025-05-26T07:00:37.696914Z
mrjf14h,1kj1mad,reddit,Fire 🔥,2025-05-10T04:31:50Z,1,N/A,music,2025-05-26T07:00:37.696922Z
mthrp30,1kryzq7,reddit,"Break It Down Again is my favorite TFF song, but this is definitely in the top 5.",2025-05-21T15:57:43Z,5,Ok_World_8819,music,2025-05-26T07:00:38.923666Z
mtnprdx,1kryzq7,reddit,It's crazy just how many bangers these guys put out. I wouldn't be surprised to find out there were some dealings with the devil in the background! Thanks for sharing.,2025-05-22T14:13:01Z,2,SorrowT-T,music,2025-05-26T07:00:38.923678Z
mte9dcd,1kqfnox,reddit,Fuck yeah! I love this song..  it's so accurate even to this day!!,2025-05-21T00:57:41Z,1,3r14nd,music,2025-05-26T07:00:39.800069Z
mt5mu5x,1kqfnox,reddit,I like B2k's version better.,2025-05-19T17:35:53Z,-6,Efficient_Occasion45,music,2025-05-26T07:00:39.800082Z
ms0kbxq,1kl401d,reddit,Bold of you to assume people are here to engage with new and exciting art and not for negativity and pop culture.,2025-05-13T01:17:48Z,13,Gatsbeard,music,2025-05-26T07:00:40.733524Z
ms0314g,1kl401d,reddit,"Sanitizing this subreddit is probably going to make no difference. the legal issues of performers are unlikely to influence the people that are posting here.    

I can't see people actually posting more music, more news items and more live entertainment stuff if the current and historical legal issues are removed from this subreddit.",2025-05-12T23:38:18Z,12,Bob_Spud,music,2025-05-26T07:00:40.733537Z
mrzbzah,1kl401d,reddit,But what about the karma??,2025-05-12T21:10:16Z,9,Old_One_I,music,2025-05-26T07:00:40.733545Z
mrzjggl,1kl401d,reddit,"nah, I like the current system",2025-05-12T21:49:07Z,10,metelepepe,music,2025-05-26T07:00:40.733553Z
ms15bnt,1kl401d,reddit,Hot take. The fake Genres are far more WTF. Aerosmith \[ALT POP ROCK POST BLUES NUE JAZZ\] LMAO :) !!!!!,2025-05-13T03:24:22Z,3,SoliPsik,music,2025-05-26T07:00:40.733560Z
ms2v2wb,1kl401d,reddit,"Perhaps also money / charts / industry shit, etc.",2025-05-13T12:20:16Z,2,a_o,music,2025-05-26T07:00:40.733567Z
ms33r9g,1kl401d,reddit,"This sub needs more people asking how to use a DAW and ""Am I wrong for liking a band my friends don't like?"".",2025-05-13T13:13:06Z,2,DiarrheaRadio,music,2025-05-26T07:00:40.733575Z
ms46hny,1kl401d,reddit,I just started blocking the users that post this junk. Most of the time it's a small handful of accounts doing the tabloid spamming. Cleaned my feed up nicely.,2025-05-13T16:28:59Z,2,The_Goatface,music,2025-05-26T07:00:40.733582Z
ms53ctz,1kl401d,reddit,Says a lot that people's favorite entertainers are often criminals,2025-05-13T19:06:17Z,2,Big_Position3037,music,2025-05-26T07:00:40.733589Z
ms5it1d,1kl401d,reddit,Music and crime have been entwined for decades.... there's no reason to seperate it now,2025-05-13T20:21:14Z,2,polomarkopolo,music,2025-05-26T07:00:40.733596Z
ms27rha,1kl401d,reddit,"No, crimes commited by musicians is aprt of music and i dont see why forcing positivity is needed.",2025-05-13T09:06:50Z,2,Faith_fulbestie,music,2025-05-26T07:00:40.733603Z
mq6raa9,1kczv5j,reddit,[Some ordinary Cockatoo has joined the chat.](https://www.youtube.com/watch?v=YBnHIZKVQkM),2025-05-02T12:44:50Z,26,rip1980,music,2025-05-26T07:00:41.698065Z
mq6zw1w,1kczv5j,reddit,Birds do it too.,2025-05-02T13:34:32Z,6,dstarpro,music,2025-05-26T07:00:41.698078Z
mq758or,1kczv5j,reddit,I’ve witnessed several different animals do this.,2025-05-02T14:02:32Z,6,emerican,music,2025-05-26T07:00:41.698086Z
mq6vmek,1kczv5j,reddit,Favorite artist: Seal. Favorite band: Phish.,2025-05-02T13:10:34Z,7,justabill71,music,2025-05-26T07:00:41.698094Z
mq72xgz,1kczv5j,reddit,Literally every bird I've ever played regge for is offended by this. Emu included.,2025-05-02T13:50:46Z,5,Repulsive-Neat6776,music,2025-05-26T07:00:41.698102Z
mq7jh31,1kczv5j,reddit,I've seen chicken dance to music to think only Humans can is very shortsighted.,2025-05-02T15:11:36Z,1,Interstellar-Metroid,music,2025-05-26T07:00:41.698110Z
mq7plf0,1kczv5j,reddit,Apparently those scientists never had pet birds.,2025-05-02T15:40:30Z,1,TheLegendTwoSeven,music,2025-05-26T07:00:41.698117Z
mq7nixz,1kczv5j,reddit,What is with this title? Lmao. Scientists maybe thought that when they still thought gods brought the rain or whatever. Dude when I was like 7 I saw a bird bobbing to music,2025-05-02T15:30:41Z,0,Power0fTheTribe,music,2025-05-26T07:00:41.698125Z
mq8590q,1kczv5j,reddit,"Tell that to this good dog! 


https://youtu.be/KBluUZ4NnZg?si=q4Bqc6JLaE5EfXpv",2025-05-02T16:54:37Z,0,edgarpickle,music,2025-05-26T07:00:41.698133Z
msstmvb,1koq1p8,reddit,"God Only Knows by The Beach Boys. 

Perfect pop song.",2025-05-17T14:45:19Z,51,DryProgress4393,music,2025-05-26T07:00:43.900592Z
mss5uru,1koq1p8,reddit,Street Spirit (Fade Out)- Radiohead,2025-05-17T12:13:15Z,50,denryhanger004,music,2025-05-26T07:00:43.900596Z
mss9lgi,1koq1p8,reddit,Everybody Wants to Rule the World,2025-05-17T12:40:35Z,30,KPR70,music,2025-05-26T07:00:43.900598Z
msrxi8f,1koq1p8,reddit,[Just like heaven](https://www.youtube.com/watch?v=n3nPiBai66M) by The Cure has to be about the most perfect 3 minutes of dreamy pop that ever came out of a recording studio.,2025-05-17T11:04:51Z,80,xtiaaneubaten,music,2025-05-26T07:00:43.900601Z
msrwxk3,1koq1p8,reddit,"In terms of a song that perfectly encapsulates the intended purpose, theme or emotion of the songwriter.

Comfortably Numb - Pink Floyd

Teenage Kicks - The Undertones

A Man I'll Never Be - Boston

God Only Knows - Beach Boys

Don't Follow - Alice in Chains",2025-05-17T10:59:37Z,20,Great-Needleworker23,music,2025-05-26T07:00:43.900603Z
mstk5ei,1koq1p8,reddit,In Your Eyes-Peter Gabriel,2025-05-17T17:08:39Z,16,GeniusInFrance719,music,2025-05-26T07:00:43.900605Z
mssyohp,1koq1p8,reddit,Careless Whisper,2025-05-17T15:13:11Z,15,Frogress,music,2025-05-26T07:00:43.900608Z
mstwhm4,1koq1p8,reddit,“Don’t Dream It’s Over” Crowded House,2025-05-17T18:14:02Z,15,natguy2016,music,2025-05-26T07:00:43.900610Z
mss0s1x,1koq1p8,reddit,Blondie - Heart of Glass,2025-05-17T11:33:07Z,30,sweat-it-all-out,music,2025-05-26T07:00:43.900612Z
msrvccn,1koq1p8,reddit,I Only Have Eyes For You by The Flamingoes,2025-05-17T10:44:47Z,13,Evelyn-Bankhead,music,2025-05-26T07:00:43.900615Z
mss7kwv,1koq1p8,reddit,Scarborough Fair/Canticle - Simon & Garfunkel,2025-05-17T12:26:03Z,13,FitSeeker1982,music,2025-05-26T07:00:43.900617Z
mssny3t,1koq1p8,reddit,"Paperback Writer - The Beatles

(Nice Dream) - Radiohead

8 Mile - Eminem

Rosanna - Toto

Long As I Can See The Light - CCR",2025-05-17T14:13:06Z,13,AgentOfMediocrity,music,2025-05-26T07:00:43.900619Z
mssq070,1koq1p8,reddit,Nude by Radiohead,2025-05-17T14:24:56Z,13,Majestic_Date9049,music,2025-05-26T07:00:43.900622Z
mss5gzw,1koq1p8,reddit,"As cliched as this answer is, “Stairway To Heaven” has it all. Pretty acoustic intro, an almost otherworldly feel in the instrumentation, a guitar solo that is so memorable you can sing along to it, a gradual buildup into hard rock that sounds nothing like the early portion of the song but retains the same mood, nonsensical lyrics that sound like they’re deep and meaningful and can therefore be interpreted just about any way the listener likes, and a phenomenally tight performance by four incredibly talented musicians who were each at the top of their game when it was recorded.   
  
As overplayed as it is, and as much as most of us have heard it enough to no longer notice any of that stuff, the song is just about the perfect example of rock music. There is a reason it’s become a cliche.",2025-05-17T12:10:20Z,28,percygreen,music,2025-05-26T07:00:43.900624Z
mst9zh7,1koq1p8,reddit,"Claire de Lune

Getz/Gilberto’s Girl from Ipanema

Take 5",2025-05-17T16:13:51Z,9,bangoperator,music,2025-05-26T07:00:43.900627Z
msum2qp,1koq1p8,reddit,Love will Tear us Apart - Joy D.,2025-05-17T20:36:42Z,10,nonpasmonnom,music,2025-05-26T07:00:43.900629Z
mstc32y,1koq1p8,reddit,"The Whole Of The Moon by The Waterboys 

It’s everything I could want from a song.",2025-05-17T16:25:17Z,8,stevemillions,music,2025-05-26T07:00:43.900631Z
msrwh9t,1koq1p8,reddit,Prince - Purple Rain,2025-05-17T10:55:28Z,25,LIPD14,music,2025-05-26T07:00:43.900633Z
mss1iwi,1koq1p8,reddit,"Blitzkrieg Bop 

  
Moonshake - Can",2025-05-17T11:39:16Z,7,Heuwender,music,2025-05-26T07:00:43.900635Z
mstqgji,1koq1p8,reddit,Wish You Were Here,2025-05-17T17:41:41Z,7,blokedog,music,2025-05-26T07:00:43.900638Z
msrw48d,1koq1p8,reddit,"Wire - “Outdoor Miner”

Scritti Politti - “The Sweetest Girl”

Robert Wyatt - “Shipbuilding”",2025-05-17T10:52:06Z,6,philament,music,2025-05-26T07:00:43.900640Z
msvfc0m,1koq1p8,reddit,"Cherub Rock - Smashing Pumpkins

Tom Sawyer- Rush",2025-05-17T23:28:11Z,5,convie,music,2025-05-26T07:00:43.900642Z
msrww2s,1koq1p8,reddit,"My first response to this question is always Marvin Gaye ""Let's Get it On"".",2025-05-17T10:59:15Z,14,libertinauk,music,2025-05-26T07:00:43.900644Z
mss97tf,1koq1p8,reddit,Viva la vida- Coldplay,2025-05-17T12:37:53Z,5,bkn_bitz,music,2025-05-26T07:00:43.900646Z
mssf5k6,1koq1p8,reddit,Year of the Cat,2025-05-17T13:18:17Z,5,profjamie4102005,music,2025-05-26T07:00:43.900649Z
mst1gq4,1koq1p8,reddit,Anything (literally anything) from All Things Must Pass by George Harrison. That whole album can just hit play and be the soundtrack to whatever life moment you're in.,2025-05-17T15:28:04Z,5,shoegalamstersm,music,2025-05-26T07:00:43.900651Z
mst1pke,1koq1p8,reddit,That's All by Genesis,2025-05-17T15:29:24Z,5,jupiterkansas,music,2025-05-26T07:00:43.900653Z
mst6630,1koq1p8,reddit,"Only In Dreams - Weezer

Philosophy - Ben Folds Five

If You Could Save Yourself You'd Save Us All - Ween

Impossible Germany - Wilco

Eponone - Ozma",2025-05-17T15:53:15Z,5,ImNotTheBossOfYou,music,2025-05-26T07:00:43.900656Z
msu22d6,1koq1p8,reddit,Seal -Crazy-,2025-05-17T18:45:17Z,5,vanniken,music,2025-05-26T07:00:43.900658Z
msugyi3,1koq1p8,reddit,The Smiths - there is a light that never goes out,2025-05-17T20:08:39Z,5,kndzr101,music,2025-05-26T07:00:43.900660Z
msw0jsc,1koq1p8,reddit,"Fool in the Rain - Led Zeppelin

Rocket - Smashing Pumpkins

Three Days - Jane's Addiction",2025-05-18T01:48:10Z,5,vsully360,music,2025-05-26T07:00:43.900663Z
msrvwcz,1koq1p8,reddit,"Weird Fishes/Arpeggi - Radiohead

Empire Ants - Gorillaz

Earthmover - Have a Nice Life

Sunglasses - Black Country, New Road

Dance Yrself Clean - LCD Soundsystem",2025-05-17T10:50:03Z,13,Dakotaraptor123,music,2025-05-26T07:00:43.900665Z
mss10ff,1koq1p8,reddit,Great Gig In The Sky-Floyd,2025-05-17T11:35:03Z,8,progmanjum,music,2025-05-26T07:00:43.900668Z
mss2p02,1koq1p8,reddit,"“Northern Lights” by the Bowerbirds
“Dogs” by Pink Floyd
“Mama, You’ve Been on My Mind” Bob Dylan",2025-05-17T11:48:47Z,4,championkid,music,2025-05-26T07:00:43.900670Z
mssfne2,1koq1p8,reddit,Wasted years: iron maiden,2025-05-17T13:21:31Z,4,zero_msgw,music,2025-05-26T07:00:43.900672Z
mssymcx,1koq1p8,reddit,“Another Space Song” by Failure,2025-05-17T15:12:51Z,3,Domanite75,music,2025-05-26T07:00:43.900675Z
mstmtka,1koq1p8,reddit,Boston More than a Feeling,2025-05-17T17:22:50Z,3,Extension-Hand-4286,music,2025-05-26T07:00:43.900677Z
msu11sc,1koq1p8,reddit,Could you be loved - Bob Marley,2025-05-17T18:39:32Z,5,sgw79,music,2025-05-26T07:00:43.900679Z
msu49wd,1koq1p8,reddit,Maybe dreams by Fleetwood Mac? I don't even like FM much but can't really say anything bad about that song lol just such a nice listen isn't it.,2025-05-17T18:57:45Z,4,N/A,music,2025-05-26T07:00:43.900681Z
msux850,1koq1p8,reddit,Shine On You Crazy Diamond (pts. 1-5) - Pink Floyd,2025-05-17T21:39:32Z,4,Comprehensive-Ad4436,music,2025-05-26T07:00:43.900684Z
mss9fu1,1koq1p8,reddit,"Take the long way home- supertramp 

Twilight- elo",2025-05-17T12:39:28Z,7,Theddt2005,music,2025-05-26T07:00:43.900686Z
mss6heh,1koq1p8,reddit,Instant Crush - Daft Punk,2025-05-17T12:17:57Z,3,Delta_Yukorami,music,2025-05-26T07:00:43.900688Z
mss7ya9,1koq1p8,reddit,"Heavy stuff:

Holy  Wars by Megadeath 

Reptile by Periphery",2025-05-17T12:28:47Z,3,jtnichol,music,2025-05-26T07:00:43.900691Z
mssb8ad,1koq1p8,reddit,Stand By Me - Ben E. King,2025-05-17T12:51:51Z,3,magnetncone,music,2025-05-26T07:00:43.900693Z
mssn2m6,1koq1p8,reddit,"Heroes - Bowie
Life On Mars? - Bowie
Teardrop - Massive Attack
Tomorrow, Wendy - Concrete Blonde (yes I know it's a cover)",2025-05-17T14:08:01Z,3,Madlister,music,2025-05-26T07:00:43.900695Z
msspxcm,1koq1p8,reddit,"Prefab Sprout:  Bonny

Tones on Tail:  Rain

Jeff Buckley:  Dream Brother",2025-05-17T14:24:29Z,3,moderniste,music,2025-05-26T07:00:43.900697Z
mssq3wo,1koq1p8,reddit,Shine ….Collective Soul ….Yesterday The Beatles …. Scenes from an Italian Restaurant Billy Joel…One Metallica….Mr. Brightside The KillersForeplay/Longtime….  Boston,2025-05-17T14:25:32Z,3,Lanky_Top_539,music,2025-05-26T07:00:43.900700Z
mst822u,1koq1p8,reddit,"Gonna take a look back and say Beethoven’s Synphony No 5. Not only are the opening chords iconic, but they immediately pull you in with intensity that’s contradicted by the ebb and flow of  relaxing melodies throughout the song. It’s a conversation, and an argument, and multiple layers of human emotion.",2025-05-17T16:03:25Z,3,EmperorSexy,music,2025-05-26T07:00:43.900702Z
mstch9y,1koq1p8,reddit,Rhapsody in Blue. George Gershwin.,2025-05-17T16:27:26Z,3,Pal_Smurch,music,2025-05-26T07:00:43.900705Z
mstk5bc,1koq1p8,reddit,"Straight to Hell - The Clash 


In My Life - The Beatles


Numerous Beatles songs (That's almost like cheating) 


Friend of the Devil (studio version) - Grateful Dead 


Naive Melody(This Must be the Place) - Talking Heads


Maybe this is becoming just people's favorite songs lol",2025-05-17T17:08:38Z,3,dank_fetus,music,2025-05-26T07:00:43.900707Z
msu15xm,1koq1p8,reddit,"great picks. i’d throw in “life on mars?” by bowie and “god only knows” by the beach boys, both feel timeless and perfectly built.",2025-05-17T18:40:11Z,3,blackeyedeggplant,music,2025-05-26T07:00:43.900709Z
msu19f9,1koq1p8,reddit,Midnight Train to Georgia and I like school of rock's cover of it better than the original,2025-05-17T18:40:44Z,3,bringthefunnyyo,music,2025-05-26T07:00:43.900711Z
msuap1z,1koq1p8,reddit,"Dylan said the perfect song is Wichita Lineman by Jimmy Webb.  It's certainly a good one.  

For me, it's Ready for the Storm by Dougie MacLean.",2025-05-17T19:34:07Z,3,ChapBob,music,2025-05-26T07:00:43.900714Z
msuasy5,1koq1p8,reddit,"Heart BPM by Fake Problems

On Melancholy Hill by Gorillaz

The Decline by NOFX

Dreams by The Cranberries",2025-05-17T19:34:43Z,3,OpenUpYerMurderEyes,music,2025-05-26T07:00:43.900716Z
msubjf6,1koq1p8,reddit,I’d love to change the world. (10 years after),2025-05-17T19:38:50Z,3,wski772005,music,2025-05-26T07:00:43.900721Z
msup39x,1koq1p8,reddit,"Sea and Sand - The Who

Basket Case - Green Day

Point/Counterpoint - Streetlight Manifesto

Medicine for Horses - Viagra Boys

Nissan Altima - DOECHII 

Live and Learn - Crush 40",2025-05-17T20:53:06Z,3,Seburon,music,2025-05-26T07:00:43.900723Z
msusapm,1koq1p8,reddit,“Interstate Love Song” by Stone Temple Pilots,2025-05-17T21:11:08Z,3,lovefist1,music,2025-05-26T07:00:43.900725Z
msuwmkq,1koq1p8,reddit,"Life on Mars - Bowie


The chord progression is god damn brilliant. It's very rare to find something like it in modern rock/pop music.


If anyone reading has the musical knowledge enough to give it a proper analysis and hasn't I highly recommend it. It's a very fun journey exploring the song.",2025-05-17T21:36:06Z,3,Bad-job-dad,music,2025-05-26T07:00:43.900727Z
msuzsmi,1koq1p8,reddit,"I am the walrus by the Beatles. 

Lyrically is pure nonsense. A song that’s sung just to make sounds a certain way. 

For me though how John’s sarcasm comes tearing through at all times. “Expert textpert don’t you think the joker laughs at you?”  Nonsense but it’s also urgent and demands your attention.",2025-05-17T21:54:31Z,3,epanek,music,2025-05-26T07:00:43.900729Z
msv4r4u,1koq1p8,reddit,"Like A Rolling Stone- Bob Dylan  
quite possibly the best folk song oat",2025-05-17T22:24:30Z,3,BrownSugar912,music,2025-05-26T07:00:43.900731Z
msvlw0v,1koq1p8,reddit,"For me, any song that provokes profound emotion is perfect (so a lot in my case 😅)

But my favorites are:

Save Rock and Roll by Fall Out Boy

Bobby Sox by Green Day

Careless Whisper by George Michael

Everything Black by Unlike Pluto and Mike Taylor",2025-05-18T00:09:22Z,3,LCcoolcraft,music,2025-05-26T07:00:43.900733Z
msvp36q,1koq1p8,reddit,"Little Wing, Metallica - One",2025-05-18T00:30:38Z,3,TheMajestic00,music,2025-05-26T07:00:43.900736Z
msvvtw5,1koq1p8,reddit,"Wicked Game by Chris Isaak.  It’s a master class of pop song writing- the lyrics, the guitar, the chord progression are perfect.  And the weird half-yodel in the vocal ensures it will stick in your head for days.",2025-05-18T01:16:02Z,3,Fragrant_Amphibian51,music,2025-05-26T07:00:43.900738Z
msw1qzh,1koq1p8,reddit,With Or Without You - U2,2025-05-18T01:56:23Z,3,CarbonatedBrainSauce,music,2025-05-26T07:00:43.900740Z
mssi71k,1koq1p8,reddit,Metallica - One,2025-05-17T13:37:57Z,6,takes_joke_literally,music,2025-05-26T07:00:43.900744Z
mss62jk,1koq1p8,reddit,September,2025-05-17T12:14:54Z,2,JonesHollywood,music,2025-05-26T07:00:43.900746Z
mssb2tg,1koq1p8,reddit,"I Write The Songs - Bruce Johnston.

I don't like Barry Manilow's verion. Bruce Johnston wrote it, and his version seems to have more meaning and depth.",2025-05-17T12:50:49Z,2,Lil_Chonk_3689,music,2025-05-26T07:00:43.900749Z
mssjxoe,1koq1p8,reddit,The Wreck of the Edmund Fitzgerald by Gordon Lightfoot. Tells an incredible (and true) story in a beautiful way,2025-05-17T13:48:53Z,2,Reasonable_Wasabi124,music,2025-05-26T07:00:43.900751Z
mssqryz,1koq1p8,reddit,"Dont know that its 'perfect', but I sure wish I had written it!:

Elemental - Tears for Fears

[https://youtu.be/0nowBbG-cm8](https://youtu.be/0nowBbG-cm8)",2025-05-17T14:29:22Z,2,IronRainBand,music,2025-05-26T07:00:43.900753Z
mssxmn4,1koq1p8,reddit,"Stand By Me - Ben E. King

That's Where It's At - Sam Cooke",2025-05-17T15:07:23Z,2,N/A,music,2025-05-26T07:00:43.900755Z
mst0ia6,1koq1p8,reddit,Rainbow: Stargazer,2025-05-17T15:22:54Z,2,Chocolat-Pralin,music,2025-05-26T07:00:43.900758Z
mst9s80,1koq1p8,reddit,"Right in Two, Tool.

Complex, simple, transitions, message, and--above all--the percussion.",2025-05-17T16:12:46Z,2,OblivionGrin,music,2025-05-26T07:00:43.900760Z
mstcbxa,1koq1p8,reddit,Colour My World - Chicago,2025-05-17T16:26:38Z,2,kheifert1,music,2025-05-26T07:00:43.900762Z
mstjk6j,1koq1p8,reddit,"Crazy how “perfect” can mean so many different things in music. For me:
Nina Simone – Sinnerman
Radiohead – Nude
What’s yos? I’m tryna expand my playlist with some gems.",2025-05-17T17:05:32Z,2,abogaaa,music,2025-05-26T07:00:43.900765Z
mstn88u,1koq1p8,reddit,"This is just me, this is my perfect song it's great in my eyes The line by 21 pilots",2025-05-17T17:25:01Z,2,Revengeinator,music,2025-05-26T07:00:43.900767Z
mstnuhh,1koq1p8,reddit,Mr Bluesky.,2025-05-17T17:28:15Z,2,Tobias---Funke,music,2025-05-26T07:00:43.900769Z
mstoa0q,1koq1p8,reddit,"BORN SLIPPY - UNDERWORLD

(listen LOUD)",2025-05-17T17:30:32Z,2,recovery_pig,music,2025-05-26T07:00:43.900771Z
mstxswi,1koq1p8,reddit,"In Spite of Ourselves, John Prine",2025-05-17T18:21:17Z,2,cheridontllosethatno,music,2025-05-26T07:00:43.900774Z
mstzxaz,1koq1p8,reddit,Perfect Day - Lou Reed. I don’t think the recording does the song justice though.,2025-05-17T18:33:13Z,2,PentUpPentatonix,music,2025-05-26T07:00:43.900776Z
msu01x9,1koq1p8,reddit,"Perfectly structured, in a classic rock music composition and construction:  [“Straight On”](https://youtu.be/BE2-gpM2tNc) by Heart (1978). 

Cool chugging fade-in intro (mirrored in the outro), Verse, Chorus, Verse, Chorus, Bridge, Guitar Solo, Verse, Chorus, Verse, Chorus, chugging outro.  

And it’s a great song, too!",2025-05-17T18:33:57Z,2,FlipMyWigBaby,music,2025-05-26T07:00:43.900778Z
msu894d,1koq1p8,reddit,Penelope - Pinback,2025-05-17T19:20:12Z,2,SoapyDoodle,music,2025-05-26T07:00:43.900780Z
msujl7m,1koq1p8,reddit,"Kiss of life - Sadé
Liberian Girl- Micheal Jackson
Footsteps in the dark-Isley Brothers
Everybody love the sunshine-Roy Ayer’s 
Computer love- Zapp
Living on a Prayer- Bon Jovi 
Here comes the sun- the Beatles",2025-05-17T20:23:03Z,2,Content-Type9023,music,2025-05-26T07:00:43.900783Z
msum863,1koq1p8,reddit,Into My Arms - Nick Cave and the Bad Seeds,2025-05-17T20:37:32Z,2,Unauthorised_Titbeak,music,2025-05-26T07:00:43.900785Z
msuqdzw,1koq1p8,reddit,[She's So High - Tal Bachman](https://m.youtube.com/watch?v=_ElORM9O-0U),2025-05-17T21:00:16Z,2,SnowshoeTaboo,music,2025-05-26T07:00:43.900787Z
msv4f90,1koq1p8,reddit,Harnessed In Slums by Archers Of Loaf,2025-05-17T22:22:27Z,2,Nizamark,music,2025-05-26T07:00:43.900790Z
msve7pw,1koq1p8,reddit,Pink Floyd - The Great Gig in the Sky,2025-05-17T23:21:36Z,2,Paula_Sub,music,2025-05-26T07:00:43.900792Z
msvgz8j,1koq1p8,reddit,"Dancing Queen - ABBA, not a thing I’d change about it, absolutely perfect",2025-05-17T23:38:07Z,2,WyomingPriest,music,2025-05-26T07:00:43.900795Z
msvoljj,1koq1p8,reddit,[From the Beginning](https://youtu.be/L6TJWem-k0A?si=g6-MbEUEtgzUybyY) - Emerson Lake & Palmer. It's gorgeous and dreamy and always puts me in a relaxing mood.,2025-05-18T00:27:16Z,2,thisgirlnamedbree,music,2025-05-26T07:00:43.900797Z
msvvf9h,1koq1p8,reddit,"Perfect Day - Lou Reed.
Having it as my funeral song.",2025-05-18T01:13:17Z,2,wyseguise,music,2025-05-26T07:00:43.900800Z
msw2318,1koq1p8,reddit,Back on the Chain Gang,2025-05-18T01:58:41Z,2,Wooden_Try1120,music,2025-05-26T07:00:43.900802Z
msw5o3j,1koq1p8,reddit,"On the Turning Away - Pink Floyd

Learning to Fly - Pink Floyd

What's Going On? - Marvin Gaye",2025-05-18T02:23:43Z,2,Unhappy-Video-1477,music,2025-05-26T07:00:43.900804Z
mss339j,1koq1p8,reddit,"Citizen Erased- Muse

Cosmic- Avenged Sevenfold",2025-05-17T11:51:56Z,3,Obvious_Spray_6733,music,2025-05-26T07:00:43.900807Z
mstuh7c,1koq1p8,reddit,Radio Ga Ga - Queen ,2025-05-17T18:02:57Z,3,Important-Trade-5506,music,2025-05-26T07:00:43.900809Z
msrxh6x,1koq1p8,reddit,"""My sweet lord"" is so money.

Hip Hop nominations:

Shook Ones - Mobb Deep

What we do - Freeway, Jay-Z, Beenie Segal",2025-05-17T11:04:35Z,2,EyeJustMight,music,2025-05-26T07:00:43.900811Z
msrz3ty,1koq1p8,reddit,Hotel California - The Eagles,2025-05-17T11:18:55Z,2,IOnlyPlayAsDefault,music,2025-05-26T07:00:43.900813Z
mss9hcb,1koq1p8,reddit,[THIS](https://www.youtube.com/watch?v=Mh4-eHQAKi4). Please cover it. And post it back here. I just really like it. Kinda needs covering. Or the artist needs to re-do it proper. I like it. Do you?,2025-05-17T12:39:45Z,1,mycoinreturns,music,2025-05-26T07:00:43.900815Z
mssa3y4,1koq1p8,reddit,Chips Ahoy - The Hold Steady,2025-05-17T12:44:08Z,1,Kugey_1968,music,2025-05-26T07:00:43.900818Z
mssdpz4,1koq1p8,reddit,Voice of the Soul - Death,2025-05-17T13:08:46Z,1,Ill_Sky6141,music,2025-05-26T07:00:43.900820Z
mssejuj,1koq1p8,reddit,"[Ça Fait Du Bien](https://youtu.be/E0INhiBHd44?si=ng_BgemoIF3OW0CK) by Fiori-Séguin

Everything feels so amazing about it",2025-05-17T13:14:18Z,1,Equivalent_Ferret900,music,2025-05-26T07:00:43.900822Z
mssfhvp,1koq1p8,reddit,"The Perfect Country Song:

You Never Even Called Me By My Name - David Allan Coe",2025-05-17T13:20:31Z,1,ZeroMoneyDown,music,2025-05-26T07:00:43.900825Z
mseimap,1kn0f7w,reddit,❤️ favorite PG song,2025-05-15T05:37:22Z,5,UFO-Band-Fanatic,music,2025-05-26T07:00:44.863558Z
mseix6j,1kn0f7w,reddit,"Great song but I really recommend people check out the later Peter Gabriel stuff. “So” is the most popular and accessible album. “Melt” is my favorite, and it’s a bit more experimental.",2025-05-15T05:40:03Z,4,MukdenMan,music,2025-05-26T07:00:44.863570Z
msu4tkq,1kp0ckc,reddit,Gawd this breaks my heart a little bit,2025-05-17T19:00:49Z,5,BlueberryJump,music,2025-05-26T07:00:45.785820Z
mswu6vs,1kp0ckc,reddit,the opening of Nirvana Unplugged is perhaps the ***only time*** i can instantly recognise the album just from the cheering crowd...,2025-05-18T05:40:03Z,4,morning_thief,music,2025-05-26T07:00:45.785832Z
msuh5mr,1kp0ckc,reddit,Long John Baldry did a fantastic version of this song in the 70’s.,2025-05-17T20:09:45Z,2,Infinite_Time_8952,music,2025-05-26T07:00:45.785841Z
msudq4h,1kp0ckc,reddit,I bet he asked Courtney that question many times.,2025-05-17T19:50:56Z,-6,Githil,music,2025-05-26T07:00:45.785849Z
mqbkdk8,1kdjxw0,reddit,"Check out ""Ragpicker's Dream"" as well. It ties a lot of themes from Steinbeck/the Great Depression to Britain during the Thatcher years, and does it brilliantly.",2025-05-03T04:25:40Z,17,duct_tape_jedi,music,2025-05-26T07:00:46.858344Z
mqct8k7,1kdjxw0,reddit,"My parents when I was six took me to a local swap meet. Lots of knock off Jordans, starter jackets and cds. 

I was casually eating my nachos when my dad ran up to me and mom yelling he had found bootleg live concert at a small hole in the wall club in my town. Dire Straits live at Jimmy’s Saloon (not the name of the place) 1984. The seating capacity is like 25 drunks in the whole place.

He pays a ridiculous amount of money for the cd, my kid sized brain couldn’t imagine paying $15 for a shitty live concert. 

I had totally forgotten about the cd by the time dinner rolled in.

Half way through dinner, dad brings in the portable cd player and puts in the Dire Straits bootleg cd.

Mom and I had to convince him to turn it down. He was beyond ecstatic about this cd. At one point dad stood up from his chair and literally patted himself on the back for making such an awesome purchase.

The sound quality would be what you would expect. Terrible. Next you could only make out half the lyrics, which ranged from half decent singing to yelling, and at one point it was clear that somebody in the band was crying.

Did this deter my dad from playing this shit off and on at dinner for the next 12 years before I went to college? No, he eventually was able to sing along to the cd. We would have dinner and dad would be rocking out while mom and I did our best not to ruin his dream.

At one point my dad took the cd to some professional music studios to see if they could fix the audio.

Eventually he gave up and played the cd as is for the rest of my time at home before college.

My second year of college I became friends with someone that was a Dire Straits super fan. I explained the whole swap meet story, my dad’s dinner routine, going to the music studios. 

He became very interested in the bootleg seeing as Dire Straits was tour somewhere else the day of that recording.

It had never occurred to me to check the tour schedule for the band. The same night I called to ask pops to make me some mp3s and email them over. But I couldn’t reach him. I said fuck it, I’ll call tomorrow.

Late that night I got a call from mom. Dad had been in a head on collision. He made it to the hospital but died of his injuries.

We had a funeral and went through all his stuff. Where I came upon the bootleg cd. 

Just looking at it made me burst into uncontrollable tears, some laughter but overall just missed my pops.

I decided to drive back to college rather than flying, I figured I would decompress more on the long drive home.

At one point I decided to play the cd. And on the very first track I noticed it. It was very subtle, but it was there clear as day. I could hear my dad talking to my mom. He was feeding her the next lines in the song. 

I almost crashed the car I was so stunned at this realization.

I eventually pulled the car into a 24 hour gas’s station and carefully listened the every song. All these years and I had never noticed it was my parents out on a date night doing karaoke. 

I called my mom a couple weeks later and she finally let me in on the secret.

She wasn’t allowed to tell me the truth until I figured it out it was mom and dad singing.

We shared a some great belly laughs in that moment. I hung up the phone and walked to my computer and played the album on repeat while I made dinner.

Every now and then I’ll play a track or two to my kids. They’ll never understand, but it fills my heart with joy to know my dad is still here in a small way with us.",2025-05-03T11:38:50Z,11,RMRdesign,music,2025-05-26T07:00:46.858351Z
mqbji7n,1kdjxw0,reddit,"If you’re even vaguely into Brit folk/country , The Notting Hill billies album  ‘Missing; Presumed Having a Good Time” was weirdly good.",2025-05-03T04:18:35Z,8,peakology,music,2025-05-26T07:00:46.858355Z
mqbojbk,1kdjxw0,reddit,"It‘s different, but no less good for all that. I’m a Knopfler completist, and think his solo work stands up incredibly well. 

He also chooses his musical partners very very well.",2025-05-03T05:00:45Z,7,Sitheref0874,music,2025-05-26T07:00:46.858360Z
mqbjzts,1kdjxw0,reddit,I love ragpickers dream,2025-05-03T04:22:33Z,4,abigstupidjerk,music,2025-05-26T07:00:46.858364Z
mqblx6j,1kdjxw0,reddit,"Tracker is one of the best albums I’ve ever heard.  And I’m speaking as a big fan of music but a general fan of Dire Straights.  I don’t think I’ve ever actually listened to a Dire Straights album honestly.

 But boy do I have a soft spot for Tracker",2025-05-03T04:38:26Z,5,Patternsonpatterns,music,2025-05-26T07:00:46.858368Z
mqbkwk4,1kdjxw0,reddit,We can get Wild and Rutiger are incredible works of art.,2025-05-03T04:30:02Z,4,RecipeConsistent,music,2025-05-26T07:00:46.858372Z
mqc24um,1kdjxw0,reddit,Absolutely.  Ragpickers dream is in my top ten albums. Going home (the theme song from local hero) is an epic instrumental that brings a tear to my eye when I hear it. So many great tracks and collaborations.,2025-05-03T07:09:49Z,3,steve_of,music,2025-05-26T07:00:46.858376Z
mqc32q4,1kdjxw0,reddit,I think he's solo stuff is waaay better than his Dire Straights stuff.  Not even close,2025-05-03T07:19:23Z,3,rooigevaar,music,2025-05-26T07:00:46.858380Z
mqc6npx,1kdjxw0,reddit,His soundtrack work is also great. The Princess Bride obviously a stand out. ,2025-05-03T07:56:31Z,3,getyerhandoffit,music,2025-05-26T07:00:46.858384Z
mqdkmhx,1kdjxw0,reddit,I think it reaches the same heights but not as consistently,2025-05-03T14:33:56Z,3,boboclock,music,2025-05-26T07:00:46.858387Z
mqdkzap,1kdjxw0,reddit,"I liked the first decade or so of solo Knopfler. Sailing to Philadelphia and All The Roadrunning are masterpieces.

But at some point he started making super mellow records that all sounded the same, and all had insanely long running times. I miss his guitar playing especially. I’m sure the lyrics are nice but that’s not why I listen to music.",2025-05-03T14:35:52Z,3,AnalogWalrus,music,2025-05-26T07:00:46.858391Z
mqcpcff,1kdjxw0,reddit,"Despite the lack of Sultans of Swing popularity, most of us guitar nerds agree.",2025-05-03T11:06:38Z,2,N/A,music,2025-05-26T07:00:46.858396Z
mqdfm4u,1kdjxw0,reddit,"If by solo, you mean his work with Emmy Lou Harris then yes.",2025-05-03T14:06:26Z,2,JustARealTreat,music,2025-05-26T07:00:46.858400Z
mqe3ie6,1kdjxw0,reddit,The man is a master and a genius whether he’s playing with others or singing in the shower. ,2025-05-03T16:13:11Z,2,mtgfan1001,music,2025-05-26T07:00:46.858403Z
mqedcds,1kdjxw0,reddit,I love the album he did with Chet Atkins.,2025-05-03T17:04:07Z,2,Johnny_Alpha,music,2025-05-26T07:00:46.858407Z
mqf2lhz,1kdjxw0,reddit,"I really love his song “Get Lucky.” My grandfather was a bit of a wanderer in his early years and it makes me think of him each time I hear it, like a warm, comforting blanket for me. I also love the work he did on his Local Hero album for the film too.",2025-05-03T19:14:22Z,2,FruscianteChord,music,2025-05-26T07:00:46.858411Z
mqc2ku4,1kdjxw0,reddit,"Um... 

...all of us?",2025-05-03T07:14:20Z,3,datenschwanz,music,2025-05-26T07:00:46.858415Z
mqblyvv,1kdjxw0,reddit,Umm…. I never gave it any thought.  Is there something you’d recommend?,2025-05-03T04:38:49Z,1,RandyRhoadsLives,music,2025-05-26T07:00:46.858418Z
mqbo8yk,1kdjxw0,reddit,Not as good but he wrote some really great songs. Goodbye to Bonaparte is a fav of mine as is the Going home song.,2025-05-03T04:58:16Z,1,JediMasterZao,music,2025-05-26T07:00:46.858422Z
mqbr7ca,1kdjxw0,reddit,I don’t know.,2025-05-03T05:24:26Z,1,a-borat,music,2025-05-26T07:00:46.858426Z
mqc931p,1kdjxw0,reddit,Came here to say Princess Bride is timeless ^^,2025-05-03T08:21:48Z,1,Large-Bed-8650,music,2025-05-26T07:00:46.858430Z
mu065kw,1kdjxw0,reddit,"Io. A me piace tantissimo vedere come la sua musica si è evoluta e come soprattutto i testi siano diventati molto più complessi e personali. Apprezzo moltissimo che non abbia voluto ripetersi e che continui ad evolversi come artista, sperimentando sempre e producendo sempre canzoni di ottimo livello.",2025-05-24T13:19:54Z,1,Annabianchi,music,2025-05-26T07:00:46.858434Z
mqbijrl,1kdjxw0,reddit,"nope, you're the only one.",2025-05-03T04:11:01Z,1,jupiterkansas,music,2025-05-26T07:00:46.858438Z
mqbj7s7,1kdjxw0,reddit,TIL Mark Knopfler had a solo career,2025-05-03T04:16:15Z,0,VonVader,music,2025-05-26T07:00:46.858442Z
mqbrysm,1kdjxw0,reddit,"I find them equally good!

I’m not into it, either way.

But technically my answer is “yes.”",2025-05-03T05:31:21Z,0,Paedroyhml,music,2025-05-26T07:00:46.858445Z
mqbnds9,1kdjxw0,reddit,No.,2025-05-03T04:50:49Z,-1,j2e21,music,2025-05-26T07:00:46.858449Z
mqc94vu,1kdjxw0,reddit,i equally dont care about either. is that what youre askiing?,2025-05-03T08:22:21Z,0,C-3Pinot,music,2025-05-26T07:00:46.858453Z
mqa6fxk,1kddjt5,reddit,"I think around that time there was a lot of flow between trip hop, acid jazz, and sample heavy electronica. Simple Things is a great song/album, but it's SO core trip-hop that I don't know what to recommend other than the classics (Portishead, Massive Attack, Tricky etc). I'll try to give some artists and a song or two each to start you off. You'll notice a heavy lean into Ninja Tune artists here (and Astralwerks secondarily), and truly I think they're the most faithful label for this sort of music. Truthfully if you just go to the pages for those labels you'll probably find some interesting stuff.

* If you want to explore acid jazz check out Mr. Scruff (Honeydew), Bonobo (Days To Come, Tides), DJ Food (The Crow), the Herbaliser (Something Wicked), Cinematic Orchestra (All That You Give), Berry Weight (Yeti's Lament), Hidden Orchestra (Spoken), Nightmares on Wax (Les Nuits).
* For sample heavy stuff, consider Lemon Jelly (The Staunton Lick) The Avalanches (ETOH), Dirty Art Club (Girls In June).
* Some outside options would be Charlotte Day Wilson (Work), Fink (early albums were pure techno but he evolved into slow vibey blues, hard to pick one), The Beta Band (Broke), Roots Manuva (Clockwork).
* Ninja Tune // New Releases playlist on Spotify is really good. Standouts right now in your direction are Nilufer Yanya (Cold Heart), the Yukimi + Little Dragon album (Sad Makeup)

Hope this isn't unwelcome. If you have any input, I can try and tailor the recs better.


Edit: Tribe Called Quest if you like hip hop and jazz riffs as well.",2025-05-02T23:04:28Z,40,meantussle,music,2025-05-26T07:00:48.149389Z
mqa3xlk,1kddjt5,reddit,"Air - Premiers Symptomes/Moon Safari

Tricky - Maxinquaye/Angels with Dirty Faces

The Sound Defects - The Iron Horse

Groove Armada - Vertigo

Múm - almost anything

Massive Attack - Mezzanine",2025-05-02T22:50:11Z,19,AkimahenkaCat,music,2025-05-26T07:00:48.149402Z
mqalgx7,1kddjt5,reddit,Maybe Morcheeba?,2025-05-03T00:32:58Z,11,Ejmct,music,2025-05-26T07:00:48.149411Z
mqac1c5,1kddjt5,reddit,"Holy fucking thank you, I totally forgot about this band and was thinking about Tricky and Massive Attack the other day. Cheers friend. Love it. 

Edit: Also, Sneaker Pimps - six underground",2025-05-02T23:36:24Z,6,cpt_morgan___,music,2025-05-26T07:00:48.149419Z
mqae10u,1kddjt5,reddit,"This is such a good sub. Some classics I need to re listen to and some new stuff to get into. 

Thanks  everyone. Today is going to be a fun music day for sure",2025-05-02T23:48:01Z,4,TheKaptone,music,2025-05-26T07:00:48.149426Z
mqabwbt,1kddjt5,reddit,"zero 7 ""the garden"" has been in my rotation for like 20 years, also Morcheeba is probably along the lines you are looking for",2025-05-02T23:35:35Z,3,C-3Pinot,music,2025-05-26T07:00:48.149434Z
mqdesai,1kddjt5,reddit,"I’m a pretty huge TripHop fan. Listened for years as the scene burgeoned and worked in record shops during that time.

“Upbeat, daytime” and “lighter, sunnier vibes” isn’t exactly a niche Trip-hop fills well. Most triphop definitely veers more towards dirty, funky, slow, and nighttime vibes. So there are only a very recommendations I can make, Thievery Corporation’s album Mirror Conspiracy and the Reggae-influenced Richest Man in Babylon and Estero Breath from Another is about it

Honestly, I think you should look into the adjacent genre of Acid Jazz to get those lighter, sunnier vibes you are looking for. Here are several recommendations I haven’t seen listed yet:

Air - any album

LTJ Bukem - Journey Inward

Koop - any album

Thievery Corporation - Songs for Saudade

Dhizan and Kamien - several albums; Refreaked, Gran Reserva

Goldfrapp 

St Germain

DJ Cam - specifically Summer in Paris",2025-05-03T14:01:46Z,3,EsseLeo,music,2025-05-26T07:00:48.149442Z
mqa3g2v,1kddjt5,reddit,"Cut Chemist ""The Audience's Listening""

Beth Orton ""The Other Side of Daybreak""

Wax Tailor ""Tales Of The Forgotten Melodies""",2025-05-02T22:47:22Z,2,SandboxSurvivalist,music,2025-05-26T07:00:48.149450Z
mqa5xb5,1kddjt5,reddit,"His live DJ sets are the best:
https://youtube.com/@marshmusician?feature=shared
I’m a big fan of Zero 7 and this DJ is different in that I actually like the stuff and I generally hate DJ playlists.",2025-05-02T23:01:30Z,2,400footceiling,music,2025-05-26T07:00:48.149461Z
mqa8zsj,1kddjt5,reddit,This is very borderline trip hop but Saint Etienne’s Foxbase Alpha comes to mind. Super light and airy specifically the song spring,2025-05-02T23:18:58Z,2,lil-pizza-slice,music,2025-05-26T07:00:48.149468Z
mqadmb5,1kddjt5,reddit,Maxinquaye is a trailblazer,2025-05-02T23:45:36Z,2,deliciousjenkins,music,2025-05-26T07:00:48.149476Z
mqamjuq,1kddjt5,reddit,"Morcheeba is a great listen, Emancipator - Safe in the Steep Cliffs (LP) is brilliant as well. Check out Clubroot for a more future garage vibe, Phaeleh too. Barry Can't Swim, Thievery Corporation, Elder Island, iamamiwhoami, Submotion Orchestra, Syntax, SAULT and Overseer will all tickle your fancy for this kind of music.
   
Happy discovering!",2025-05-03T00:39:27Z,2,griffaliff,music,2025-05-26T07:00:48.149483Z
mqaocej,1kddjt5,reddit,"Archive - Londinium

Doesn’t get mentioned much but one of the best mid 90’s trip hop albums.",2025-05-03T00:50:18Z,2,hippityhoponpop,music,2025-05-26T07:00:48.149491Z
mqaswo4,1kddjt5,reddit,"no one mentioned this album, have a listen, I think fits the requirement pretty well: esthero - breath from another

another that hasn't been mentioned is dj krush, jaku is top trip hop material",2025-05-03T01:18:15Z,2,kytdkut,music,2025-05-26T07:00:48.149498Z
mqax39m,1kddjt5,reddit,RJD2 - Deadringer,2025-05-03T01:44:17Z,2,vendiagramistaken,music,2025-05-26T07:00:48.149506Z
mqazyat,1kddjt5,reddit,"Air, Bonobo, Bibio, Andy Schauf, Magic City Hippies, Maye, Tori Y Moi (specifically on the album ‘What For?’), Vulfpeck.

Not all of these artist are trip hop per se but they all have a bit of that dreamy seventies psychedelic funk vibe that Zero 7 is know for. ",2025-05-03T02:02:05Z,2,Czarchitect,music,2025-05-26T07:00:48.149514Z
mqb0jxz,1kddjt5,reddit,"Check out Morcheeba, Thievery Corporation, Air, and Boards of Canada.",2025-05-03T02:05:53Z,2,allothernamestaken,music,2025-05-26T07:00:48.149521Z
mqcni1b,1kddjt5,reddit,Morcheeba,2025-05-03T10:50:14Z,2,neagrigore,music,2025-05-26T07:00:48.149529Z
mqate1u,1kddjt5,reddit,"Absolutely love this, lots of new suggestions to get stuck in to!

I love everything Zero 7 have done including their latest album but I've always felt that if they had continued making music in the same vein as their first two or three albums, by now they might sound something like

- Cold Air by The Hics
- Buster Keaton or Average Fruit by Quadron 
- Cure by Moonchild
- One by Cleo Sol

They should hopefully all scratch the itch! If you like those tracks be sure to explore more of each of them obviously. If it's more the beats/production element you're after then Black Sands by Bonobo is gold, or maybe some Maribou State.",2025-05-03T01:21:12Z,1,Illa-J,music,2025-05-26T07:00:48.149536Z
mqb3vdl,1kddjt5,reddit,"Pepe deluxe - the beat experience  specifically, but the whole album supersound 

Yppah - tiny pause a more modern take on trip hop",2025-05-03T02:27:27Z,1,Playtek,music,2025-05-26T07:00:48.149543Z
mqb5qji,1kddjt5,reddit,"J A.C by Tosca (Richard Dorfmeister from Kruder  and Dorfmeister which also has some great tubes) is more eclectic with a cool mix of vocalists. 

Thievery corporation - checkout their live set on kexp. 

Morcheeba - Prefer the original singer

Sia was a guest singer in Zero 7 for a few tracks and also sang on one of my favourite Hilltop Hoods songs - I Love It. Had no idea it was the same person until about a year ago. Also had  no idea it was her when unstoppable was played non stop by content creators on YouTube.",2025-05-03T02:39:54Z,1,richants,music,2025-05-26T07:00:48.149551Z
mqblwpg,1kddjt5,reddit,"Would encourage going down the collaborator rabbit-hole…Sia, Mozez, Sophie Barker. Some good stuff there. Echoing others with Tricky, Thievery Corp., and Moorcheba

Mozez-So Still album is a good one:

https://m.youtube.com/watch?v=b5D22VCGkmI&pp=0gcJCdgAo7VqN5tD

https://m.youtube.com/watch?v=GrIiJuKHoRM

Newer: Allan Rayman, Two Feet, Dennis Lloyd, Carpetman

https://m.youtube.com/watch?v=awD_x4RiCdM

https://m.youtube.com/watch?v=xRE7TzBN0lU",2025-05-03T04:38:19Z,1,napashadow,music,2025-05-26T07:00:48.149558Z
mqbo57p,1kddjt5,reddit,[DJ Bram - Memberz Only](https://www.mixcloud.com/schiffty/members-only-dj-bram/),2025-05-03T04:57:22Z,1,brasschaos,music,2025-05-26T07:00:48.149566Z
mqbuy1f,1kddjt5,reddit,"Some great recommendations here, didn’t see Tina Dico on here - Scandinavian singer who features on Zero7 album.  In the Red and Count to Ten albums worth a spin",2025-05-03T05:59:11Z,1,cowie71,music,2025-05-26T07:00:48.149573Z
mqcdvbw,1kddjt5,reddit,Kid Loco,2025-05-03T09:12:54Z,1,Nilesong,music,2025-05-26T07:00:48.149581Z
mqcf0br,1kddjt5,reddit,Sneaker pimps - Becoming X,2025-05-03T09:25:18Z,1,falter,music,2025-05-26T07:00:48.149588Z
mqdh6he,1kddjt5,reddit,zero 7 mentioned!,2025-05-03T14:15:11Z,1,SuperDrooper,music,2025-05-26T07:00:48.149596Z
mqds8gv,1kddjt5,reddit,"Fila Brazilia, plus all of the above. All great recommendations.",2025-05-03T15:14:22Z,1,Jibwah,music,2025-05-26T07:00:48.149603Z
mq3ugjp,1kcm8n2,reddit,Sam -  Sturgill Simpson,2025-05-01T23:23:32Z,70,Local-Friendship8166,music,2025-05-26T07:00:50.824726Z
mq3rczw,1kcm8n2,reddit,"Seamus by Pink Floyd 
The Puppy Song by Harry Nilsson 
Gonna Buy Me A Dog by The Monkees 
Hey Bulldog & Martha My Dear by The Beatles",2025-05-01T23:06:03Z,46,ArdRi6,music,2025-05-26T07:00:50.824731Z
mq40pbk,1kcm8n2,reddit,Bron-Y-Aur Stomp - Led Zeppelin,2025-05-01T23:59:03Z,37,_no_bozos,music,2025-05-26T07:00:50.824733Z
mq3u0lk,1kcm8n2,reddit,LOBO   Me and You and A Dog Named Boo,2025-05-01T23:21:04Z,23,Ok-Knee2636,music,2025-05-26T07:00:50.824736Z
mq3z996,1kcm8n2,reddit,Too Many Puppies - Primus,2025-05-01T23:50:44Z,23,bearinlife,music,2025-05-26T07:00:50.824738Z
mq41tkn,1kcm8n2,reddit,Beatles Martha my dear,2025-05-02T00:05:32Z,22,lazydracula,music,2025-05-26T07:00:50.824740Z
mq4ah51,1kcm8n2,reddit,Paw - Jessie,2025-05-02T00:57:03Z,19,ambiguityperpetuity,music,2025-05-26T07:00:50.824743Z
mq42b7n,1kcm8n2,reddit,"Can’t believe no one’s said this yet:

[Me and My Arrow - Harry Nilsson](https://www.youtube.com/watch?v=tGyY2oKJecc)",2025-05-02T00:08:24Z,17,cactuschaser,music,2025-05-26T07:00:50.824745Z
mq3v4th,1kcm8n2,reddit,Death of a Martian- Red Hot Chili Peppers,2025-05-01T23:27:21Z,15,GoBlue2007,music,2025-05-26T07:00:50.824748Z
mq4fkbr,1kcm8n2,reddit,The Fauves - Dogs Are the Best People https://g.co/kgs/FtWNTfe,2025-05-02T01:27:33Z,12,bozmonaut,music,2025-05-26T07:00:50.824750Z
mq426wc,1kcm8n2,reddit,"Ween - Fluffy
Ty Segall - My Best Friend",2025-05-02T00:07:41Z,13,kidAfromouterspace,music,2025-05-26T07:00:50.824752Z
mq3tnkn,1kcm8n2,reddit,"Sublime - ""I Love My Dog"", and ""Lou Dog Went to the Moon"".",2025-05-01T23:19:01Z,24,neptune_bay,music,2025-05-26T07:00:50.824754Z
mq436ns,1kcm8n2,reddit,Me & My Dog -- boygenius,2025-05-02T00:13:33Z,12,fieldguide,music,2025-05-26T07:00:50.824756Z
mq43cz3,1kcm8n2,reddit,Aesop Rock - Ruby '81,2025-05-02T00:14:36Z,12,OMC-WILDCAT,music,2025-05-26T07:00:50.824759Z
mq3zz36,1kcm8n2,reddit,"https://youtu.be/j5bIW882OR8?si=hrGUuXs8cikx-7i_
Terriers by Kids in the Hall",2025-05-01T23:54:52Z,10,CaptainShipwrexk,music,2025-05-26T07:00:50.824761Z
mq4yfj0,1kcm8n2,reddit,Ol' Red! Scrolled forever trying to find this and nothing?!,2025-05-02T03:24:28Z,11,JSarsh98,music,2025-05-26T07:00:50.824764Z
mq43pr3,1kcm8n2,reddit,[The Stooges - I Wanna Be Your Dog](https://www.youtube.com/watch?v=3gsWt7ey6bo),2025-05-02T00:16:40Z,18,mongotongo,music,2025-05-26T07:00:50.824766Z
mq3u1ac,1kcm8n2,reddit,[Stubb - A Dub](https://www.youtube.com/watch?v=SoD9DOxQOtw) by Mr. Bungle,2025-05-01T23:21:10Z,9,JoeFelice,music,2025-05-26T07:00:50.824768Z
mq42udq,1kcm8n2,reddit,"""Sometimes I don't Mind"" - The Suicide Machines

""Dogs"" - Pink Floyd

""Annie Dog"" - The Smashing Pumpkins

""I Love You, Always forever"" - Donna Lewis
(I don't think this about dogs, but I sing it to my dogs, because the message is what counts)",2025-05-02T00:11:32Z,8,SweetSexiestJesus,music,2025-05-26T07:00:50.824770Z
mq45c5k,1kcm8n2,reddit,Half of Viagra Boy's discography is about dogs,2025-05-02T00:26:19Z,8,FakeLittleLiarBirds,music,2025-05-26T07:00:50.824772Z
mq3tx2o,1kcm8n2,reddit,"Feed Jake by Pirates of the Mississippi isn't really about a dog, but I did like it when I was little.",2025-05-01T23:20:31Z,6,EmilyDawning,music,2025-05-26T07:00:50.824774Z
mq47467,1kcm8n2,reddit,I Love My Dog - Cat Stevens,2025-05-02T00:37:02Z,7,krokus_headhunter,music,2025-05-26T07:00:50.824776Z
mq42at9,1kcm8n2,reddit,[Suicide Machines - Sometimes I Don't Mind](https://www.youtube.com/watch?v=lEr9Fy3C-Yw),2025-05-02T00:08:20Z,13,r0botdevil,music,2025-05-26T07:00:50.824778Z
mq3rfn7,1kcm8n2,reddit,C. Brown by Widespread Panic.  It's about Charlie Brown from Snoopy's perspective.,2025-05-01T23:06:28Z,7,shelldon_conch,music,2025-05-26T07:00:50.824780Z
mq42hm5,1kcm8n2,reddit,"Fluffy by Ween

Little Dogs by Mudhoney",2025-05-02T00:09:27Z,7,Nizamark,music,2025-05-26T07:00:50.824782Z
mq44b0n,1kcm8n2,reddit,Dogs like socks -psychostick,2025-05-02T00:20:11Z,6,PM_ME_WHAT_YOU_COOK,music,2025-05-26T07:00:50.824784Z
mq4u6i6,1kcm8n2,reddit,Ruby 81 - Aesop Rock,2025-05-02T02:55:53Z,6,charlesthefish,music,2025-05-26T07:00:50.824786Z
mq3rcmx,1kcm8n2,reddit,**How Much Is That Doggie in the Window?** (by Patty Page),2025-05-01T23:05:59Z,16,LexiiConn,music,2025-05-26T07:00:50.824788Z
mq3se6a,1kcm8n2,reddit,"For a good old hillbilly song about a dog, try Grandpa Jones’, “Old Blue”.",2025-05-01T23:11:55Z,4,Moonshadow306,music,2025-05-26T07:00:50.824790Z
mq3ueln,1kcm8n2,reddit,"""Puppy Love"" by This Wild Life

Honestly the lyrics do sound like it could be about a person, but when I saw the band live once, they introduced the song by talking about the dog that inspired the song, & how dogs love you no matter what.",2025-05-01T23:23:14Z,5,iamnumber47,music,2025-05-26T07:00:50.824792Z
mq4c10v,1kcm8n2,reddit,"Dirty Old Egg-Suckin’ dog by Johnny Cash. He didn’t write the original but it’s a damn good version. And I’ll toss in Big Mama Thornton’s original of Hound Dog as a contender. However, ultimate dog love song has to be Sam by Sturgill Simpson, as somebody else has already said.",2025-05-02T01:06:24Z,5,_leafy_sea_dragon_,music,2025-05-26T07:00:50.824795Z
mq40s59,1kcm8n2,reddit,Bron-Y-Aur Stomp by Led Zeppelin,2025-05-01T23:59:30Z,8,Belper34,music,2025-05-26T07:00:50.824797Z
mq3uvev,1kcm8n2,reddit,Gracie.  Ryan Adams and the cardinals.,2025-05-01T23:25:54Z,4,Straight_Grade4151,music,2025-05-26T07:00:50.824799Z
mq3vf8d,1kcm8n2,reddit,Since You Got a Dog by Chixdiggit!,2025-05-01T23:28:59Z,4,7FingerLouie,music,2025-05-26T07:00:50.824801Z
mq3vguj,1kcm8n2,reddit,"Sad one


[Royksöpp: Like An Old Dog](https://youtu.be/-QtTr6bATlo)",2025-05-01T23:29:14Z,4,KrivUK,music,2025-05-26T07:00:50.824803Z
mq43uwh,1kcm8n2,reddit,Puttin' on the Dog by Tom Waits,2025-05-02T00:17:30Z,4,Nixplosion,music,2025-05-26T07:00:50.824806Z
mq453wh,1kcm8n2,reddit,"Shannon by Henry Gross, if you don't mind crying",2025-05-02T00:24:58Z,5,Super_Appearance_212,music,2025-05-26T07:00:50.824808Z
mq45gab,1kcm8n2,reddit,Sadie by Joanna Newsom. Bring a hankie.,2025-05-02T00:27:02Z,3,losboats,music,2025-05-26T07:00:50.824810Z
mq47ynj,1kcm8n2,reddit,"“What I Got” by Sublime references Brad Nowell’s Dalmatian

“Used to Love Her” by Guns N Roses

“Dead Puppies” by Ogden Edsl

“Dog Song” by Nellie McKay",2025-05-02T00:42:03Z,4,TriTri14,music,2025-05-26T07:00:50.824812Z
mq4hu3l,1kcm8n2,reddit,Bron-Y-Aur Stomp is about Robert Plant’s dog.,2025-05-02T01:41:01Z,4,timeaisis,music,2025-05-26T07:00:50.824815Z
mq4kr94,1kcm8n2,reddit,"Everything Reminds me of my Dog - Jane
Siberry",2025-05-02T01:58:19Z,4,bop999,music,2025-05-26T07:00:50.824817Z
mq4r8xv,1kcm8n2,reddit,"Kids in the hall - Terriers

https://youtu.be/j5bIW882OR8?si=XeYhz207YpxL5MMJ",2025-05-02T02:37:14Z,4,Square_Huckleberry53,music,2025-05-26T07:00:50.824819Z
mq51itn,1kcm8n2,reddit,Weezer - I Want A Dog [https://youtu.be/BcjmEOby3Vc?si=jugdN72-zJlv3Qou](https://youtu.be/BcjmEOby3Vc?si=jugdN72-zJlv3Qou),2025-05-02T03:46:05Z,4,Jo3bot,music,2025-05-26T07:00:50.824821Z
mq51xdt,1kcm8n2,reddit,Old King - Neil Young,2025-05-02T03:48:55Z,4,HS_HowCan_That_BeQM,music,2025-05-26T07:00:50.824823Z
mq54db6,1kcm8n2,reddit,snoopy  and the red barron,2025-05-02T04:06:35Z,5,Mysterious-End-3512,music,2025-05-26T07:00:50.824826Z
mq3szhb,1kcm8n2,reddit,"This was a b-side, but it's a sweet slice of indie. [Mew - Bones (Song for Albert)](https://youtu.be/T-Rrr5PqgTo?si=eESfdoAGWS1-Bs9P)",2025-05-01T23:15:14Z,3,a_horde_of_rand,music,2025-05-26T07:00:50.824828Z
mq3uelh,1kcm8n2,reddit,"I can't think of any dog songs, but there's 'Kitty' by The Presidents of the United States of America",2025-05-01T23:23:14Z,3,youngatbeingold,music,2025-05-26T07:00:50.824830Z
mq3vbcw,1kcm8n2,reddit,Paul Leary’s History of Dogs album.,2025-05-01T23:28:23Z,3,liveforeachmoon,music,2025-05-26T07:00:50.824832Z
mq4225t,1kcm8n2,reddit,‘Jessie’ by the band Paw.,2025-05-02T00:06:55Z,3,Thatremodelingchick,music,2025-05-26T07:00:50.824834Z
mq4676w,1kcm8n2,reddit,For Wanda by A Silver Mt. Zion,2025-05-02T00:31:33Z,3,CountACAB,music,2025-05-26T07:00:50.824836Z
mq468sm,1kcm8n2,reddit,Maggie’s Song by Chris Stapleton is a sweet tribute,2025-05-02T00:31:49Z,3,dry_cocoa_pebbles,music,2025-05-26T07:00:50.824838Z
mq475ui,1kcm8n2,reddit,"Draggin the Line. Tommy James. Has one of my favorite lines about a dog, but it's not only about Sam. 

My dog Sam eats purple flowers

Ain't got much, but what we got's ours

We dig snow and rain and the bright sunshine



Move It On Over - Hank Williams. But I'm partial to George Thorogood's cover.",2025-05-02T00:37:18Z,3,Cosmicdusterian,music,2025-05-26T07:00:50.824840Z
mq48ndh,1kcm8n2,reddit,Shannon by Henry Gross,2025-05-02T00:46:09Z,3,ResidentHourBomb,music,2025-05-26T07:00:50.824843Z
mq4cvj1,1kcm8n2,reddit,"Me and you and a dog named, “Boo”",2025-05-02T01:11:33Z,3,Otterpup67,music,2025-05-26T07:00:50.824845Z
mq4etlf,1kcm8n2,reddit,"Fat Dog by Dr Dog

Runaway Jim by Phish",2025-05-02T01:23:05Z,3,foley23,music,2025-05-26T07:00:50.824847Z
mq4fgpe,1kcm8n2,reddit,"I got a dog
His name is Blue
He sings real good
He sings “baroooo!”",2025-05-02T01:26:56Z,3,ace915,music,2025-05-26T07:00:50.824850Z
mq4gy3i,1kcm8n2,reddit,Martha My Dear by The Beatles. It's about Paul McCartney's sheepdog.,2025-05-02T01:35:47Z,3,Federal-Ruin2276,music,2025-05-26T07:00:50.824852Z
mq4hgbv,1kcm8n2,reddit,"[A Dog Will Love You When Nobody Else Will](https://youtu.be/nwis_yuJeKY) by Will Sprott

Will Sprott is also part of Shannon & The Clams w Shannon Shaw, + used to front\* The Mumlers - one of my absolute all time favorites!

\*edit: spelling!",2025-05-02T01:38:44Z,3,chazriverstone,music,2025-05-26T07:00:50.824854Z
mq4jlwn,1kcm8n2,reddit,King by Neil young,2025-05-02T01:51:30Z,3,Poopiepaunts,music,2025-05-26T07:00:50.824856Z
mq4jmwi,1kcm8n2,reddit,Who Rescued Who by Kathleen Edwards,2025-05-02T01:51:40Z,3,va2wv2va,music,2025-05-26T07:00:50.824858Z
mq4sdqs,1kcm8n2,reddit,"Jane Siberry - Everything Reminds Me of My Dog


Also

Pet Shop Boys - I Want a Dog (but knowing the PSB the song is probably not about dogs and instead about geopolitics, revolution, homosexuality, or some other deep subject…)",2025-05-02T02:44:21Z,3,comox,music,2025-05-26T07:00:50.824860Z
mq4uiz1,1kcm8n2,reddit,"“Wild Old Dog” by Patty Griffin is beautiful, deep, and heart breaking",2025-05-02T02:58:09Z,3,JuneauInThePrarie,music,2025-05-26T07:00:50.824862Z
mq4wjcu,1kcm8n2,reddit,"There was an entire album called Dog Songs written about dogs in pop culture (Beethoven, Santa’s Little Helper, etc.) written for charity to help dogs affected by a natural disaster. I think it’s available on Bandcamp",2025-05-02T03:11:25Z,3,Ghost-hat,music,2025-05-26T07:00:50.824865Z
mq4ycnw,1kcm8n2,reddit,Me and You and a Dog named Boo,2025-05-02T03:23:55Z,3,Lishyjune,music,2025-05-26T07:00:50.824867Z
mq4zkz2,1kcm8n2,reddit,"""Martha My Dear"" by The Beatles/Paul McCartney. ",2025-05-02T03:32:27Z,3,TorontoRider,music,2025-05-26T07:00:50.824869Z
mq531be,1kcm8n2,reddit,Echoes On “A” Street - Dropkick Murphys is about Matt Kelly’s (their drummers) dog,2025-05-02T03:56:48Z,3,hahayeahokaybud,music,2025-05-26T07:00:50.824871Z
mq5fzyz,1kcm8n2,reddit,"Martha My Dear - The Beatles 
Can I Take My Hounds to Heaven? - Tyler Childers 
Dogs Like Socks - Psychostick",2025-05-02T05:42:17Z,3,RagaireRabble,music,2025-05-26T07:00:50.824873Z
mq3rhf7,1kcm8n2,reddit,Pink Floyd - Dogs,2025-05-01T23:06:46Z,5,naptown-hooly,music,2025-05-26T07:00:50.824876Z
mq3rlav,1kcm8n2,reddit,Fuck a dog - blink-182,2025-05-01T23:07:21Z,3,IAHawkeye182,music,2025-05-26T07:00:50.824878Z
mq3rrvh,1kcm8n2,reddit,Sam by Sturgill Simpson is a beautiful requiem song.  ,2025-05-01T23:08:24Z,2,estatefamilyguilds,music,2025-05-26T07:00:50.824880Z
mq3s0h6,1kcm8n2,reddit,[Bugler - The Byrds](https://youtu.be/ksnEnEbzLmc?feature=shared),2025-05-01T23:09:45Z,2,Tumblebug_bumpercars,music,2025-05-26T07:00:50.824882Z
mq3sd8p,1kcm8n2,reddit,"Every dog has its day, Let’s Active",2025-05-01T23:11:46Z,2,SHighwatt,music,2025-05-26T07:00:50.824884Z
mq3tebf,1kcm8n2,reddit,"Dog Party - Scott Henderson. The whole album is about dogs, some from their point of view, plus Scott Henderson scorches his guitar. 🔥🔥🔥",2025-05-01T23:17:35Z,2,powdered_dognut,music,2025-05-26T07:00:50.824887Z
mq3u76b,1kcm8n2,reddit,"[Tiki Taane x Paw Justice - Enough is Enough](https://youtu.be/_D9dI_cXtUU?si=YpeEsh7bKV1lWQ0y) (2013, New Zealand)

Anti-dog abuse song, with reference to illegal dog fighting.",2025-05-01T23:22:05Z,2,Bob_Spud,music,2025-05-26T07:00:50.824889Z
mq3uerr,1kcm8n2,reddit,"The one I wrote about my dog, Ewok.",2025-05-01T23:23:15Z,2,MouthPoop,music,2025-05-26T07:00:50.824891Z
mq3vwzz,1kcm8n2,reddit,"“Dogs don’t do drugs”- Gals Panic

“ I wanna pet your dog”- Texas Toast Chainsaw      Massacre",2025-05-01T23:31:47Z,2,Infamous-Noise-5434,music,2025-05-26T07:00:50.824893Z
mq3wsbu,1kcm8n2,reddit,Puppies are Forever (Sia),2025-05-01T23:36:45Z,2,Brunette_Bebe,music,2025-05-26T07:00:50.824896Z
mq42gcs,1kcm8n2,reddit,"""Who Am I?""",2025-05-02T00:09:15Z,2,flearhcp97,music,2025-05-26T07:00:50.824898Z
mq42v38,1kcm8n2,reddit,Static-X - Dirthouse,2025-05-02T00:11:39Z,2,MuttinoCobley,music,2025-05-26T07:00:50.824900Z
mq44s4e,1kcm8n2,reddit,Unfortunately 'Fucking the Dog' by GG Allin is the only thing that comes to mind that hasn't been mentioned here yet...,2025-05-02T00:23:03Z,2,MrNostaforta,music,2025-05-26T07:00:50.824903Z
mq44sbt,1kcm8n2,reddit,"On the Woof?

Bark in the USA?",2025-05-02T00:23:05Z,2,prustage,music,2025-05-26T07:00:50.824906Z
mq45dvn,1kcm8n2,reddit,Doggy by Animal Collective,2025-05-02T00:26:37Z,2,jakechin,music,2025-05-26T07:00:50.824908Z
mq462fv,1kcm8n2,reddit,"Sleep In The Heat by PUP 

I apologize ahead of time 😭",2025-05-02T00:30:44Z,2,nineeighteen83,music,2025-05-26T07:00:50.824910Z
mq46g3x,1kcm8n2,reddit,Old Yeller!!,2025-05-02T00:33:03Z,2,watadoo,music,2025-05-26T07:00:50.824912Z
mq46lfe,1kcm8n2,reddit,He's a Good Dog - by Fred Eaglesmith.,2025-05-02T00:33:56Z,2,trees_are_beautiful,music,2025-05-26T07:00:50.824914Z
mq46whh,1kcm8n2,reddit,Harvey by Alex G,2025-05-02T00:35:46Z,2,three-eyed-crow,music,2025-05-26T07:00:50.824917Z
mq47bit,1kcm8n2,reddit,"The Baying of The Hounds - Opeth
I Love My Dog - Cat Stevens 
Rain Dogs - Tom Waits 

Okay I may be playing fast and loose with “about dogs” but they are good songs.",2025-05-02T00:38:13Z,2,naw380,music,2025-05-26T07:00:50.824919Z
mq47v56,1kcm8n2,reddit,Hey Packy-Loudon Wainwright III,2025-05-02T00:41:29Z,2,pdxbert,music,2025-05-26T07:00:50.824921Z
mq48g0b,1kcm8n2,reddit,Dogs by Keller Williams,2025-05-02T00:44:56Z,2,DetectiveNo1084,music,2025-05-26T07:00:50.824923Z
mq48ork,1kcm8n2,reddit,"Whole album by Bill Frisell - Good Dog, Happy Man",2025-05-02T00:46:23Z,2,Foreign-Job9906,music,2025-05-26T07:00:50.824926Z
mq48v9s,1kcm8n2,reddit,Misfits by The Kinks. “Because you know what they say….”,2025-05-02T00:47:27Z,2,Roodie_Cant_Fail,music,2025-05-26T07:00:50.824928Z
mq48xd3,1kcm8n2,reddit,The whole song is about a guy who hates people but goes to parties to pet the dogs there. [https://www.youtube.com/watch?v=VeYMBZ4iGok](https://www.youtube.com/watch?v=VeYMBZ4iGok),2025-05-02T00:47:48Z,2,HaCo111,music,2025-05-26T07:00:50.824930Z
mq49ybh,1kcm8n2,reddit,half of viagra boys' catalog,2025-05-02T00:53:55Z,2,BuffaloOk4312,music,2025-05-26T07:00:50.824932Z
mq4a1kl,1kcm8n2,reddit,"For Wanda - A Silver Mt Zion

Ozma - Shannon & the Clams",2025-05-02T00:54:28Z,2,makesupwordsblomp,music,2025-05-26T07:00:50.824934Z
mq4adpl,1kcm8n2,reddit,My Flea Has Dogs by Caspar Babypants is a certified banger,2025-05-02T00:56:29Z,2,kawicz,music,2025-05-26T07:00:50.824937Z
mq4anom,1kcm8n2,reddit,Best Friend - Candlebox,2025-05-02T00:58:07Z,2,EuphoricMoose8232,music,2025-05-26T07:00:50.824939Z
mq4az9f,1kcm8n2,reddit,"You reminded me of this song I found just the other day, it's a new one but pretty good imo. It's called ""Huntley"" by Kevin Atwater.",2025-05-02T01:00:02Z,2,-JXter-,music,2025-05-26T07:00:50.824941Z
mq4b59k,1kcm8n2,reddit,Fanny Dog - Ty Segall,2025-05-02T01:01:02Z,2,EuphoricMoose8232,music,2025-05-26T07:00:50.824943Z
mq4cese,1kcm8n2,reddit,Black Dog by AJJ,2025-05-02T01:08:43Z,2,OnceUponASlime,music,2025-05-26T07:00:50.824946Z
mq4ckg6,1kcm8n2,reddit,This song is about his cat but could apply to any pet [Old 97's - Murder (Or a Heart Attack](https://youtu.be/dlKmYiLN-7Q?si=HalZlkzoXCU-rGP7),2025-05-02T01:09:41Z,2,i_shmell_paap,music,2025-05-26T07:00:50.824948Z
mtqbdln,1kt1ftl,reddit,More information about the accident flight: https://www.youtube.com/watch?v=m0EvonKFzcA,2025-05-22T21:48:32Z,2,Trematode,music,2025-05-26T07:00:51.723609Z
mqhm43y,1kebx0u,reddit,RIP,2025-05-04T04:55:58Z,16,hellomoto186,music,2025-05-26T07:00:52.935363Z
mqhmums,1kebx0u,reddit,A Titan,2025-05-04T05:02:15Z,6,NoGreenGood,music,2025-05-26T07:00:52.935374Z
mqis2y3,1kebx0u,reddit,"I just read about his horrible accident in r/news. Just awful. My heart goes out to his family, friends and his music community. Stay safe everyone.",2025-05-04T11:44:02Z,2,chimarya,music,2025-05-26T07:00:52.935382Z
mpwlhoo,1kbpp00,reddit,Tackling the real issues,2025-04-30T20:42:20Z,-9,DrivingForFun,music,2025-05-26T07:00:53.874255Z
mpu1rs6,1kbe2xa,reddit,"I don’t understand how a guy who not only shreds on a guitar, but can compose the guitar parts for entire metal/rock albums has “no musical experience”. Sounds to me like he has a ton of musical experience, just not in a big tour",2025-04-30T13:10:30Z,158,calebmke,music,2025-05-26T07:00:54.805970Z
mpttzne,1kbe2xa,reddit,Alice cooper can go blow smoke.,2025-04-30T12:24:08Z,-83,tactslave,music,2025-05-26T07:00:54.805983Z
mp4loje,1k886lt,reddit,So old should be called the Face Lifts.,2025-04-26T11:06:05Z,18,pm_me_yo_creditscore,music,2025-05-26T07:00:55.733613Z
mp5j1w2,1k886lt,reddit,"No Ronnie Lane = No Faces.

He was the spirit of the band. A gentle soul with an extraordinary amount of talent taken from the world too soon.

One of the cool things I remember hearing about Rod Stewart is that he paid a lot of Ronnie's medical bills after he was diagnosed with MS and couldn't perform any longer.

Pour one out for Ronnie:

[https://www.youtube.com/watch?v=9w5Vg12N2jg](https://www.youtube.com/watch?v=9w5Vg12N2jg)",2025-04-26T14:44:31Z,8,KingRabbit_,music,2025-05-26T07:00:55.733623Z
mp7xez4,1k886lt,reddit,https://i.redd.it/e6e0aux199xe1.gif,2025-04-26T22:24:44Z,3,Dr-Stinkyfist,music,2025-05-26T07:00:55.733629Z
mp5sjpu,1k886lt,reddit,Ooh La La and Stay with Me are absolute classics and I will not be swayed otherwise ,2025-04-26T15:34:29Z,2,Legoman92,music,2025-05-26T07:00:55.733636Z
mp8ney1,1k886lt,reddit,Has anyone been to Rod Stewart’s chic new eatery in LA named The Art of Stew,2025-04-27T01:00:28Z,2,ProjectConfident8584,music,2025-05-26T07:00:55.733642Z
mp598j1,1k886lt,reddit,They were so good with Ronnie Lane. The Small Faces were far better.,2025-04-26T13:49:48Z,0,Bajecco,music,2025-05-26T07:00:55.733648Z
mp62in9,1k886lt,reddit,No thank you,2025-04-26T16:26:47Z,-4,bowleggedgrump,music,2025-05-26T07:00:55.733654Z
msp43o4,1koc14b,reddit,"""When this video was first broadcast, audiences feared it was real, and that jam would be pumped into their homes through the screen""

\- Philomena Cunk",2025-05-16T21:38:31Z,18,cynical_genx_man,music,2025-05-26T07:00:57.152701Z
msqpra9,1koc14b,reddit,I'm gonna send the link to this video to my mate Paul.,2025-05-17T03:56:56Z,7,nayrlladnar,music,2025-05-26T07:00:57.152713Z
mspowft,1koc14b,reddit,"Slow this bad boy down to .75x speed and you have one of the hardest, grimiest beats going.",2025-05-16T23:52:08Z,5,Speechisanexperiment,music,2025-05-26T07:00:57.152734Z
mspjxr4,1koc14b,reddit,The 90’s were not kind to epileptics. ,2025-05-16T23:21:39Z,2,Czarchitect,music,2025-05-26T07:00:57.152742Z
msxb6o3,1koc14b,reddit,Mislabelled as Pop when it's clearly a Belgian Techno Anthem!!,2025-05-18T08:33:13Z,1,Ruffdawg,music,2025-05-26T07:00:57.152749Z
mq3d9i6,1kckh7r,reddit,"Not a song, but Chief Keef caught a violation of probation for a YouTube video of him holding firearms",2025-05-01T21:47:21Z,74,VictoriousRex,music,2025-05-26T07:00:59.009355Z
mq3ihrw,1kckh7r,reddit,Lil Durk is going down for murder and other charges largely due to his songs where he describes what happened. He's still awaiting trial so it's not all said and done but the case against him is overwhelming.,2025-05-01T22:15:48Z,46,Novel-Education-2687,music,2025-05-26T07:00:59.009362Z
mq3fxle,1kckh7r,reddit,"Can't resist

[https://www.youtube.com/watch?v=14WE3A0PwVs](https://www.youtube.com/watch?v=14WE3A0PwVs)",2025-05-01T22:01:38Z,83,tiger0204,music,2025-05-26T07:00:59.009367Z
mq3o5ia,1kckh7r,reddit,Rap snitches tellin all their business. Sit in the court and be their own star witness.,2025-05-01T22:47:48Z,80,jessicabbage,music,2025-05-26T07:00:59.009371Z
mq3lv3w,1kckh7r,reddit,"that one fella who had murder on his mind
aks mac11s glocks and 9s",2025-05-01T22:34:49Z,21,N/A,music,2025-05-26T07:00:59.009375Z
mq3pms7,1kckh7r,reddit,Bobby Shmurda got caught up with his only viral hit 😂,2025-05-01T22:56:12Z,20,SaysIvan,music,2025-05-26T07:00:59.009379Z
mq3ef6i,1kckh7r,reddit,"Britain's Metropolitan Police have an entire unit of officers, Project Alpha, who spend a large proportion of their time listening to drill songs and scrutinising the lyrics for clues to crimes potentially committed by the rappers. (The jury is out on whether it works.)",2025-05-01T21:53:30Z,29,RadioLiar,music,2025-05-26T07:00:59.009383Z
mq3tm55,1kckh7r,reddit,X-Raided was convicted with his album Phsyco Active being used as evidence. He was in prison for like 25 years and released a lot of dope shit that was recorded from him rapping over the phone.,2025-05-01T23:18:48Z,8,Sowny,music,2025-05-26T07:00:59.009387Z
mq3jkk4,1kckh7r,reddit,That dumbass stitches rapped about selling drugs all the time then got arrested for it.,2025-05-01T22:21:49Z,7,d3r3k1,music,2025-05-26T07:00:59.009392Z
mq3v68l,1kckh7r,reddit,"Fetty Wap 


https://youtube.com/shorts/iFbsT4DB-88",2025-05-01T23:27:35Z,8,Aureus01,music,2025-05-26T07:00:59.009396Z
mq3p5cw,1kckh7r,reddit,"Back in grandmas day, 2 live crew was arrested for performing their songs.",2025-05-01T22:53:27Z,5,todd0x1,music,2025-05-26T07:00:59.009400Z
mq3jptq,1kckh7r,reddit,I know they were trying to use Thug’s lyrics against him in court.,2025-05-01T22:22:39Z,7,BenTramer,music,2025-05-26T07:00:59.009404Z
mq3ivkj,1kckh7r,reddit,Hurricane chris had a song(that i cant remember that) got him arrested.,2025-05-01T22:17:57Z,3,ArUsure,music,2025-05-26T07:00:59.009408Z
mq4flp0,1kckh7r,reddit,"YMW Melly ""Murder on My Mind""",2025-05-02T01:27:47Z,3,RepresentativeNo8081,music,2025-05-26T07:00:59.009412Z
mq3cu4d,1kckh7r,reddit,Tay K - The Race,2025-05-01T21:45:06Z,10,eedabaggadix,music,2025-05-26T07:00:59.009417Z
mq3wbna,1kckh7r,reddit,X-Raided,2025-05-01T23:34:08Z,3,SirDunkMcNugget,music,2025-05-26T07:00:59.009421Z
mq45em5,1kckh7r,reddit,"Boston has a very representative example of this somewhat recently with G Fredo.

https://www.justice.gov/usao-ma/pr/member-violent-boston-gang-sentenced-nine-years-prison-racketeering-and-drug-offenses

The city does a great job with the police force to address violence, yielding us as the safest city in America (despite what that douche canoe blow hard from DHS says).

One of the videos where he raps about his gang member killing someone detailing how they did it: https://youtu.be/_x1zWjpMSMA?si=j0Ozzvp5GX6RuMai

But he rapped about the crimes he committed and is now in jail.",2025-05-02T00:26:44Z,2,RogueInteger,music,2025-05-26T07:00:59.009425Z
mq4x9m3,1kckh7r,reddit,"Not rap, but Cannibal Corpse’s lead singer had songs called “I have guns in my house for murder” and “my house is full of skulls” and lo and behold, police searched his house and found 80 guns and 3 skulls",2025-05-02T03:16:23Z,1,razors98,music,2025-05-26T07:00:59.009429Z
mq3j9v6,1kckh7r,reddit,He had information only the cops and the perp would know and there was other evidence. Ignoramuses bullshitting about how bad they are aren't going to be arrested for bragging.,2025-05-01T22:20:08Z,1,mekonsrevenge,music,2025-05-26T07:00:59.009433Z
mq4gpq0,1kckh7r,reddit,C-Bo,2025-05-02T01:34:25Z,1,abracadaver707,music,2025-05-26T07:00:59.009437Z
mq4hukm,1kckh7r,reddit,"I tried, but in looking for a Spotify playlist that somebody might have compiled such a theme. Don't see one.",2025-05-02T01:41:05Z,1,kdssek,music,2025-05-26T07:00:59.009442Z
mq4l87l,1kckh7r,reddit,"KShordy - on yo ass

This man literally details the exact shooting he is in prison for. 

The story itself is nuts (and goes deep into the back and forth of Duval drill) but this guy essentially cut holes in the back of his hoodie’s hood and wore it backwards as a mask on a drill. Got in a shootout, got hit, cops came — crazy shit",2025-05-02T02:01:09Z,1,SaveMeSomeBleach,music,2025-05-26T07:00:59.009446Z
mq4mf0r,1kckh7r,reddit,C-Bo,2025-05-02T02:08:12Z,1,ChewieBee,music,2025-05-26T07:00:59.009450Z
mq4ug0m,1kckh7r,reddit,CB4 - Sweat From My Balls,2025-05-02T02:57:37Z,1,UrgeToKill,music,2025-05-26T07:00:59.009454Z
mq4wb9j,1kckh7r,reddit,"Maxo Kream made a music video a few years back that was filmed at a park in Houston with a bunch of his friends and totally not Crip members showing up brandishing weapons. The issue? It turns out possessing a forearm as a convicted felon is in fact a crime.

https://pitchfork.com/news/maxo-kream-music-video-leads-to-20-arrests-on-gun-charges-report/",2025-05-02T03:09:56Z,1,ArdillasVoladoras,music,2025-05-26T07:00:59.009458Z
mq5aq18,1kckh7r,reddit,There’s some rap lawyer whose name I never remember that my best friend tells me to call if he ever snaps and kills somebody.,2025-05-02T04:56:25Z,1,PondRides,music,2025-05-26T07:00:59.009462Z
mq6e7oc,1kckh7r,reddit,The Race - Tay-K,2025-05-02T11:16:14Z,1,coldcoffee909,music,2025-05-26T07:00:59.009466Z
mq6ihpb,1kckh7r,reddit,"Semi-unrelated, and I don't know if anything ever came of it, but a long time ago my friend showed me a music video where the lyrics and video basically teach you how to cook crack because the guy is talking about getting the ingredients and mixing them in the appropriate order and shows shots of it being cooked up. It doesn't give step by step instructions, but it's probably enough to get someone curious to try. 

Some rappers are nuts.",2025-05-02T11:47:21Z,1,Repulsive-Neat6776,music,2025-05-26T07:00:59.009471Z
mq6mfxr,1kckh7r,reddit,2 Live Crew,2025-05-02T12:14:07Z,1,Rocking_Ronnie,music,2025-05-26T07:00:59.009475Z
mq6pwy4,1kckh7r,reddit,Young thug an a lot of his boys from YSL,2025-05-02T12:36:19Z,1,BurgerKang42,music,2025-05-26T07:00:59.009479Z
mq7eif0,1kckh7r,reddit,"Here's a pretty extensive write-up of cases BET did in 2023: https://www.bet.com/article/w9idu1/rap-lyrics-court-history-young-thug-trial

I worked on a video report featuring several lower profile rappers who had their lyrics and images used as evidence in court about 23 minutes in here: https://youtu.be/iVKZIT5ECsM?si=fEUjIsxKaduOD_Hl",2025-05-02T14:47:56Z,1,durrellojello,music,2025-05-26T07:00:59.009483Z
mq7vvq9,1kckh7r,reddit,Stitches had a song called I Sell Cocaine.,2025-05-02T16:10:10Z,1,pdxscout,music,2025-05-26T07:00:59.009487Z
mq813rw,1kckh7r,reddit,In the 90s there were Senate hearing over the content of rap lyrics.,2025-05-02T16:35:03Z,1,Leptonshavenocolor,music,2025-05-26T07:00:59.009492Z
mqalpy7,1kckh7r,reddit,Compton Rapper Gun Rack had a solid alibi claiming he was at his cousin's birthday party at Red Lobster during Darnell's murder but he slipped up by mentioning that he had a shell fish allergy in his multi platinum selling record titled I killed Darnell Simmons. Investigators had him dead to rights after that.,2025-05-03T00:34:29Z,1,FPFresh123,music,2025-05-26T07:00:59.009496Z
mqnmx17,1kckh7r,reddit,"A man who helped to murder two people rapped about it later. The rap was used against him at his trial. 

https://torontosun.com/news/local-news/mandel-ghastly-rap-video-causes-accused-killer-mark-smichs-former-friend-to-break-down",2025-05-05T04:29:41Z,1,Calm-Jello4802,music,2025-05-26T07:00:59.009500Z
mt6mg47,1kckh7r,reddit,"Gunrack…well almost for darnell simmons!


https://m.youtube.com/watch?v=14WE3A0PwVs&pp=ygUca2V5IGFuZCBwZWVsZSByYXAgY29uZmVzc2lvbg%3D%3D",2025-05-19T20:31:19Z,0,assassbaby,music,2025-05-26T07:00:59.009504Z
mt469nr,1kq8wb1,reddit,"Three thoughts...

* Sometimes there is a song that, once released, now feels impossible to imagine it never existing.  That guitar, that riff, is just amazing.  A true classic and that Jack can get that out of a guitar, and not just out of studio production, seems to the level of musician we're talking about.
* Meg is a great drummer because she doesn't overplay the song.  99% of drummers would try to add flourishes, solos and fills to the song to show their presence.  Not Meg.  Sometimes it's far better to have someone drums who gets it - play your part, play it well, in time, with great tone.
* 3:00.  Jack is from Detroit.  There was online debate about the meaning of him pointing to his hand at the 3-minute mark and so much odd speculation.  Every Michigander has a map.  It's our hand.  Jack is one of ours.",2025-05-19T13:06:08Z,17,CrimsonFeetofKali,music,2025-05-26T07:01:00.588891Z
mt4ay89,1kq8wb1,reddit,"One of those songs I feel like I’ve heard enough, then actually listen to it and remember how good it is (along with the whole album)",2025-05-19T13:34:10Z,3,JimFlamesWeTrust,music,2025-05-26T07:01:00.588903Z
mt729ue,1kq8wb1,reddit,"My favorite thing about this song is that you can sing ""Sweet Dreams (Are Made of This)"" whenever the guitar hits and it fits perfectly.",2025-05-19T21:52:13Z,1,chelicerate-claws,music,2025-05-26T07:01:00.588911Z
mt7jngw,1kq8wb1,reddit,I watched my friend loop this maybe..15 years ago(?) in a pub while he was doing a sound check and people lost their minds. Life was good back then.,2025-05-19T23:32:17Z,1,Abeifer,music,2025-05-26T07:01:00.588919Z
mt3s49g,1kq8wb1,reddit,Classic,2025-05-19T11:29:51Z,1,CompetitiveBagrun,music,2025-05-26T07:01:00.588926Z
mt1syh4,1kpzmco,reddit,Maybe the best thing we've created yes. But when I think about wether I'd rather be blind or deaf I think I'd much rather be deaf. There's a lot of beautiful things in the world that can only be seen. ,2025-05-19T01:18:30Z,24,imalittleC-3PO,music,2025-05-26T07:01:01.768613Z
mt1y403,1kpzmco,reddit,Without it I would be so lost.,2025-05-19T01:51:06Z,17,DJ_Jballz,music,2025-05-26T07:01:01.768624Z
mt1zxp8,1kpzmco,reddit,I am not convinced that we created music. Maybe we discovered it.,2025-05-19T02:02:20Z,18,nolabrew,music,2025-05-26T07:01:01.768632Z
mt1vk7d,1kpzmco,reddit,I’d say music is the greatest ART FORM. Just my opinion.,2025-05-19T01:35:01Z,9,Artistic-Cut1142,music,2025-05-26T07:01:01.768639Z
mt1tj4r,1kpzmco,reddit,Yes I think so too.,2025-05-19T01:22:07Z,5,darthmcchub,music,2025-05-26T07:01:01.768646Z
mt1wrpy,1kpzmco,reddit,That and cheese,2025-05-19T01:42:41Z,5,timeaisis,music,2025-05-26T07:01:01.768653Z
mt1uibh,1kpzmco,reddit,"Language, Agriculture, Medicine, Sterilization/Sanitation, Education, Community, Refrigeration, the Wheel...

But I like music too.",2025-05-19T01:28:20Z,3,RoomerHasIt,music,2025-05-26T07:01:01.768660Z
mt365gq,1kpzmco,reddit,"Information is not knowledge.

Knowledge is not wisdom.

Wisdom is not truth.

Truth is not beauty.

Beauty is not love.

Love is not music.

Music is THE BEST.


Frank Zappa",2025-05-19T07:57:09Z,3,Manfrenjensenjen,music,2025-05-26T07:01:01.768667Z
mt42ez3,1kpzmco,reddit,I always think music is the closet thing to actual magic that we can create. In a sense music is magic.,2025-05-19T12:42:08Z,3,Masterofunlocking1,music,2025-05-26T07:01:01.768674Z
mt2ckuq,1kpzmco,reddit,"I think any of the art forms (writing, painting, music, movies, magic, etc) are beautiful and showcase humanity at its best, but so are things like physicists using physics to create MRI machines to save lives or scientists developing tools to explore outer space.",2025-05-19T03:27:21Z,2,SquarePositive9,music,2025-05-26T07:01:01.768681Z
mt3d4le,1kpzmco,reddit,"I really appreciate that there really is a little something for absolutely everyone in the world.

We started with a beat... Whilst in the womb and hearing that heart beat of our mother's 🙏🏾💓",2025-05-19T09:11:58Z,2,Freedumb00,music,2025-05-26T07:01:01.768688Z
mt3egvy,1kpzmco,reddit,"To the people that really connect passionately to music, sure. I have friends that don’t really care about music one way or another. Also have friends that do not care much about food. Camping and hiking, drugs, painting, sex, theater, golf. Some people derive no joy from these things to others it’s their reason for living.",2025-05-19T09:26:14Z,2,badabatalia,music,2025-05-26T07:01:01.768696Z
mt3kddm,1kpzmco,reddit,"Neanderthals created bone flutes approx 50,000 years ago. 
Music predates humans.",2025-05-19T10:24:53Z,2,Urist_Macnme,music,2025-05-26T07:01:01.768703Z
mt3a1w0,1kpzmco,reddit,"No music, no life!!",2025-05-19T08:39:17Z,2,smaksandewand,music,2025-05-26T07:01:01.768710Z
mt2f7oy,1kpzmco,reddit,Music and video games,2025-05-19T03:47:16Z,1,1999_1982,music,2025-05-26T07:01:01.768727Z
mt2knse,1kpzmco,reddit,This is like asking the bricks sub if bricks are awesome.,2025-05-19T04:31:10Z,1,byOlaf,music,2025-05-26T07:01:01.768736Z
mt2md2n,1kpzmco,reddit,"No, life's greatest thing is to crush your enemies, see them driven before you, and to hear the lamentations of their women.",2025-05-19T04:45:32Z,1,Doombah,music,2025-05-26T07:01:01.768743Z
mt2qemp,1kpzmco,reddit,Yes.,2025-05-19T05:21:14Z,1,Ok-Impress-2222,music,2025-05-26T07:01:01.768750Z
mt35c40,1kpzmco,reddit,"# ""Without music, life would be a mistake"" 

That quote is attributed to Friedrich Nietzsche.

It appears in his book ""Twilight of the Idols,"" which he wrote in 1888 and published in 1889.

It's perhaps noteworthy that Claude Debussy only began composing ""Clair de Lune"" after that. 

(I wonder whether Nietzsche ever got to hear it performed.)",2025-05-19T07:48:36Z,1,the_interlink,music,2025-05-26T07:01:01.768757Z
mt3c65p,1kpzmco,reddit,Yes. ,2025-05-19T09:01:41Z,1,Monkeywrench08,music,2025-05-26T07:01:01.768764Z
mt49z0o,1kpzmco,reddit,Music is basically magic.,2025-05-19T13:28:21Z,1,MajikNinja85,music,2025-05-26T07:01:01.768771Z
mt4edd9,1kpzmco,reddit,The first thing you hear in the womb is a beat of your mother's heart. Life creates music.,2025-05-19T13:53:15Z,1,he6rt6gr6m,music,2025-05-26T07:01:01.768778Z
mt50855,1kpzmco,reddit,"Yes - to quote Adam Buxton, ""Sometimes it's all that stands between me and the abyss.""",2025-05-19T15:45:26Z,1,mechanicalabrasion11,music,2025-05-26T07:01:01.768785Z
mt566bh,1kpzmco,reddit,Sex and then music,2025-05-19T16:14:53Z,1,NuNuMcG,music,2025-05-26T07:01:01.768792Z
mt5j3zo,1kpzmco,reddit,Top 5 at least,2025-05-19T17:18:11Z,1,InvestmentFun3981,music,2025-05-26T07:01:01.768799Z
mt5vre8,1kpzmco,reddit,Listening to music makes me feel complete. Life would have been boring for me without it.,2025-05-19T18:18:36Z,1,Dismal_Nobody6750,music,2025-05-26T07:01:01.768806Z
mt8uzn0,1kpzmco,reddit,"There's a multitude of things that I can think of that could match what music brings to the table, but instead of listing examples, I'll just say that it really boils down to how much emotion something can give you",2025-05-20T04:46:54Z,1,ChiptuneKitchen,music,2025-05-26T07:01:01.768813Z
mta2q4h,1kpzmco,reddit,"It’s one of the only things that makes sense anymore…I also think of it as a universal language.

It’s so intriguing, it’s the perfect combination of math/numbers and intuition…it satisfies both sides of the brain and can evoke emotion even without words.

And no single note does that, it’s either the combination of notes into chords, and/or the relationship between two or more notes in succession, otherwise, it’s just a meaningless tone.

It requires attention, yet it can be ignored.

It’s both the greatest gift in life, as well as such an intriguing tool that being a musician is a blessing and a curse, as once you begin learning the theory, you can’t just “listen” to music without dissecting every single note, chord, tempo, percussion, progression, infliction, instrument, technique, delivery, mixing method, etc.",2025-05-20T11:41:32Z,1,4lfred,music,2025-05-26T07:01:01.768820Z
mt245hl,1kpzmco,reddit,"For some of us, it’s really up there. Wife and kids, sex (let’s be honest here), affecting a positive change to the world or environments that I am in, seeing myself or my kids progress at something, these are my greatest things. But then maybe music.",2025-05-19T02:28:36Z,1,Middle_Baker_2196,music,2025-05-26T07:01:01.768826Z
mt298r8,1kpzmco,reddit,This is beautiful,2025-05-19T03:03:14Z,0,iam_justblake,music,2025-05-26T07:01:01.768833Z
mt29pv7,1kpzmco,reddit,Yes,2025-05-19T03:06:32Z,0,cossa68,music,2025-05-26T07:01:01.768840Z
mt2f6ky,1kpzmco,reddit,It’s right up there. But I can think of some outdoor experiences that beat music. And one indoor experience. ;),2025-05-19T03:47:02Z,0,jawisi,music,2025-05-26T07:01:01.768848Z
mt2i70n,1kpzmco,reddit,"Music and mathematics and sex are all equally important to the human experience. Some things are more equal than others, of course. :)",2025-05-19T04:10:48Z,0,Hamlerhead,music,2025-05-26T07:01:01.768855Z
mt3tuvj,1kpzmco,reddit,"I think so. Nothing else is like music, it’s just built into being human.",2025-05-19T11:43:03Z,0,colorful-sine-waves,music,2025-05-26T07:01:01.768862Z
mt2m1my,1kpzmco,reddit,"No, it’s having a huge orgasm while simultaneously ripping a satisfying fart.",2025-05-19T04:42:53Z,-1,Timeformayo,music,2025-05-26T07:01:01.768869Z
msrbkoe,1komtua,reddit,Such a soulful take on Sabbath. Charles Bradley is the man.,2025-05-17T07:15:47Z,6,Jay_Ban,music,2025-05-26T07:01:02.684899Z
msuiaps,1komtua,reddit,One of the best cover songs ever.,2025-05-17T20:16:02Z,4,chazza7,music,2025-05-26T07:01:02.684912Z
mqgzytd,1ke8y4e,reddit,Really great song.,2025-05-04T02:11:41Z,5,EmployOk5086,music,2025-05-26T07:01:03.836394Z
mqh9ace,1ke8y4e,reddit,"Man, I really miss SYL, but I'm actually happy that Devin packed it in when he did rather than keep it going while not feeling it and putting out something more mediocre and watered down like some bands do.",2025-05-04T03:15:58Z,5,RogueFoLife,music,2025-05-26T07:01:03.836412Z
mqgzd0e,1ke8y4e,reddit,I forgot about Strapping Young Lad!🤘🏻🤘🏻,2025-05-04T02:07:41Z,4,beardostein,music,2025-05-26T07:01:03.836424Z
mqhcvya,1ke8y4e,reddit,"City is so good, but Alien is a masterpiece.",2025-05-04T03:42:48Z,5,landos_moustache,music,2025-05-26T07:01:03.836436Z
mqiggxg,1ke8y4e,reddit,Devin before Devin \\m/,2025-05-04T09:56:10Z,3,-Sybylle-,music,2025-05-26T07:01:03.836447Z
mqh3z8j,1ke8y4e,reddit,"SYL made music videos?

MTV has failed me.",2025-05-04T02:38:51Z,1,proboscisjoe,music,2025-05-26T07:01:03.836460Z
mqh7wfu,1ke8y4e,reddit,"Love this band. Remember picking up their debut without ever having heard them before because they were on Century Media. I really enjoyed it but when I heard *City* that blew me away. 

I connect with these records in a way that I just can't with any of Devin Townsend's other work.",2025-05-04T03:05:55Z,1,KneeHighMischief,music,2025-05-26T07:01:03.836472Z
mqfpxsi,1ke3hfj,reddit,I love this song 💗,2025-05-03T21:23:00Z,3,Old_One_I,music,2025-05-26T07:01:04.831501Z
mqi352o,1ke3hfj,reddit,The most metal song to ever metal in the history of metal.,2025-05-04T07:37:10Z,2,RudeCriminal,music,2025-05-26T07:01:04.831514Z
mplsf8z,1kac482,reddit,Saw them live last year opening for Muse. After all these years she still owns the stage like a queen,2025-04-29T04:07:57Z,9,Ordinary-Perry,music,2025-05-26T07:01:05.752503Z
mpl7ezm,1kac482,reddit,I LOVED this video. I played this whole album on repeat for months when  it came out 😂,2025-04-29T01:55:19Z,6,dxguy,music,2025-05-26T07:01:05.752526Z
mplcop7,1kac482,reddit,She's so great!,2025-04-29T02:26:11Z,5,JabbaMamaE,music,2025-05-26T07:01:05.752545Z
mpmzypi,1kac482,reddit,Forgot how much of a banger this is,2025-04-29T10:58:10Z,3,woppatown,music,2025-05-26T07:01:05.752560Z
mplrsmn,1kac482,reddit,Such an emotionally charged song. Her vocals and range are so powerful in this! Def rocked out to this on my iPod back in the day,2025-04-29T04:03:19Z,2,nagz_,music,2025-05-26T07:01:05.752575Z
mplmvnh,1kac482,reddit,"Clear eyes, steady voice,  
no sway in the gentle step—  
truth anchors the soul.",2025-04-29T03:29:13Z,1,N/A,music,2025-05-26T07:01:05.752589Z
mplhgxh,1kac482,reddit,"The guy in the video is my doppelganger

https://preview.redd.it/4i7n24z5voxe1.jpeg?width=1620&format=pjpg&auto=webp&s=47ad61fbb1c76a742b94d6b9343beeccf63b0dc5",2025-04-29T02:55:24Z,-1,CullenLX87,music,2025-05-26T07:01:05.752604Z
mple98a,1kac482,reddit,She married her therapist. What a shame.,2025-04-29T02:35:35Z,-12,Sad_Mistake_5237,music,2025-05-26T07:01:05.752613Z
mph99wm,1k9v30r,reddit,"You can do this! I was a heavily daily user for 25 years. I wasn’t fully able to quit until I started the right medication for my ADHD but when I finally did, it was the biggest relief of my adult life. I’m so grateful to cannabis and the ways that it got me through, and I do hope one day I can have a healthier relationship with it. But the anxiety that came from both using it and needing it was too much. I’m two years out now! Never thought I would see the day.

If you still struggle, consider checking in with your doctor about starting or changing medication to support what you might be might be self-medicating for.",2025-04-28T13:24:19Z,27,myputer,music,2025-05-26T07:01:06.778667Z
mpje9ov,1k9v30r,reddit,![gif](giphy|SJkrl8WemSdZDRrT2T|downsized),2025-04-28T19:53:11Z,13,adb142,music,2025-05-26T07:01:06.778680Z
mpmgdd9,1k9v30r,reddit,"I used to be a heavy, heavy, HEAVY smoker for over a decade. It's surprising how little I ended up missing it. As much fun as it was, I don't feel clouded every day anymore; I even have energy to do thing now! If you ever need someone to reach out to when having craving, hit me up.",2025-04-29T07:39:19Z,2,maikeru44,music,2025-05-26T07:01:06.778688Z
mphpmjd,1k9v30r,reddit,Check out r/leaves. Good luck homie,2025-04-28T14:52:46Z,2,Zannishi_Hoshor,music,2025-05-26T07:01:06.778696Z
mpi852d,1k9v30r,reddit,"If you're doing this for any other reason than for you, please don't underestimate the power of fake piss.",2025-04-28T16:25:20Z,-13,loldotpuppies,music,2025-05-26T07:01:06.778704Z
mq5ch1p,1kcr1az,reddit,"Don't just write a song,  write a cheque. 🤣",2025-05-02T05:11:01Z,2,FranksWateeBowl,music,2025-05-26T07:01:07.746669Z
mq62d2a,1kcr1az,reddit,Something to talk about is one of my all time favorite songs.  Love Bonnie.,2025-05-02T09:29:53Z,1,JBmadera,music,2025-05-26T07:01:07.746683Z
mq9b46v,1kcr1az,reddit,"One of my favorites is her early album, “Give It Up”.",2025-05-02T20:17:22Z,1,wandahickey,music,2025-05-26T07:01:07.746692Z
mpovni4,1kas1kg,reddit,I shall raise my glass and listen to Spirit of '76 in your honor. Godspeed.,2025-04-29T17:11:18Z,5,CobaltOne,music,2025-05-26T07:01:08.725178Z
mpozrk2,1kas1kg,reddit,RIP,2025-04-29T17:30:24Z,3,InvestmentFun3981,music,2025-05-26T07:01:08.725190Z
mtoug6s,1ksux04,reddit,job done.,2025-05-22T17:29:22Z,20,maxipencilz,music,2025-05-26T07:01:09.745883Z
mtozll7,1ksux04,reddit,Well you bloody well did! Every time it comes on I'm staggered at just how well the lyrics capture the working class vibe and fabric.,2025-05-22T17:53:25Z,10,fucking_righteous,music,2025-05-26T07:01:09.745889Z
mtohq3a,1ksux04,reddit,The theory that this song is about Justine Frischmann is very interesting,2025-05-22T16:29:01Z,7,NixonsTapeRecorder,music,2025-05-26T07:01:09.745893Z
mtrzu2q,1ksux04,reddit,And the Shatner cover is amazing.,2025-05-23T03:50:36Z,3,TIPtone13,music,2025-05-26T07:01:09.745897Z
mtqzotv,1ksux04,reddit,"I really thought this song was a cover when it first came out


it was so familiar ",2025-05-23T00:05:22Z,2,bozmonaut,music,2025-05-26T07:01:09.745901Z
msfr6o3,1kn39ij,reddit,"My favorite bittersweet song 

It was my partner’s and mine song",2025-05-15T12:23:25Z,3,bitterbuffaloheart,music,2025-05-26T07:01:10.770418Z
msgwhk4,1kn39ij,reddit,This is really good.,2025-05-15T16:02:00Z,3,Lee_Know_is_a_badass,music,2025-05-26T07:01:10.770422Z
msk2hh8,1kn39ij,reddit,Great song.,2025-05-16T02:08:01Z,1,whoisoliver,music,2025-05-26T07:01:10.770425Z
mprpu7s,1kb4stx,reddit,"Great song, fantastic video. Love Donald Sutherland in this.",2025-04-30T01:56:23Z,4,bugspotter,music,2025-05-26T07:01:12.100631Z
mpryeaq,1kb4stx,reddit,My favorite song of Kate,2025-04-30T02:46:54Z,4,Chocolat-Pralin,music,2025-05-26T07:01:12.100637Z
mrexxmz,1kihnvy,reddit,RATM preaching about our one-party state since '91.,2025-05-09T13:16:12Z,6,AechCutt,music,2025-05-26T07:01:13.124269Z
mrixp6o,1kihnvy,reddit,I saw them open a headlining festival slot with this song when I was 15. On their first reunion tour. Unforgettable. One of their best tunes.,2025-05-10T02:25:55Z,1,night_dude,music,2025-05-26T07:01:13.124272Z
mu01r7y,1ku6u9d,reddit,"It's not rare at all, it's misdiagnosed, I wish people would stop saying that.

I have congenital hydrocephalus and it also isn't rare.

It is treatable.",2025-05-24T12:52:01Z,6,Brave_Specific5870,music,2025-05-26T07:01:14.151527Z
mrvc2tg,1kkhceh,reddit,For what it's worth King Gizz started streaming every gig they are allowed to. I wish they'd film the screen more because Jason Galea is a madman.,2025-05-12T05:53:08Z,66,Heuwender,music,2025-05-26T07:01:15.278824Z
mruuwuv,1kkhceh,reddit,I dont know if it is the band but there are heaps of complete flaming lips concerts on YouTube.,2025-05-12T03:26:51Z,15,steve_of,music,2025-05-26T07:01:15.278836Z
mrumfa2,1kkhceh,reddit,There’s no incentive for them to do that because people won’t pay for things like that anymore. Why would they go to the trouble?,2025-05-12T02:26:10Z,37,lowfreq33,music,2025-05-26T07:01:15.278844Z
mrvs6f6,1kkhceh,reddit,Tons of artists stream their concerts on Nugs or other platforms.,2025-05-12T08:40:00Z,7,OldRancidSoups,music,2025-05-26T07:01:15.278852Z
mrumhc4,1kkhceh,reddit,"There's really not much value in it. The recording from the VJ wouldn't have the music, and it won't be a normal looking video size since the LED walls are usually some weird shape or resolution. It also might be impossible to record, especially on big shows where there are multiple media servers working in tandem, all at different resolutions and weird sizes. Watching the raw output of a media server can actually be quite confusing without the pixel map to guide you on which part of the video goes where physically on stage.",2025-05-12T02:26:34Z,14,edinc90,music,2025-05-26T07:01:15.278859Z
mrvk2t4,1kkhceh,reddit,maybe it gives the live concerts a mystique not to release not sure like if they released why would peeps pay to come?,2025-05-12T07:12:40Z,5,GregJamesDahlen,music,2025-05-26T07:01:15.278868Z
mruxauu,1kkhceh,reddit,No one buys DVDs anymore so artist don't release whole concerts as much.,2025-05-12T03:45:18Z,3,SatV089,music,2025-05-26T07:01:15.278875Z
mrybuqf,1kkhceh,reddit,"[https://www.youtube.com/user/Bloodstockfestivals](https://www.youtube.com/user/Bloodstockfestivals)

The most recent upload was 5 days ago.",2025-05-12T18:09:44Z,1,Martipar,music,2025-05-26T07:01:15.278883Z
mrzsmn5,1kkhceh,reddit,"Metallica still does it. They record *everything*

Every live show they put up on some service for purchase, if you attended the show you get it for free, and they are always uploading stuff onto YouTube.",2025-05-12T22:39:53Z,1,ZombieJesus1987,music,2025-05-26T07:01:15.278891Z
ms1pt30,1kkhceh,reddit,Look up CUP.CCTV on Instagram! 😁,2025-05-13T06:05:19Z,1,ChumpedUpRecords,music,2025-05-26T07:01:15.278905Z
msnzjds,1kkhceh,reddit,Check out [Nugs.net](http://Nugs.net)Tons of live shows a short time after they happened.  Audio and  some video.,2025-05-16T18:10:25Z,1,levi070305,music,2025-05-26T07:01:15.278913Z
mrwgkqn,1kkhceh,reddit,Hate5six baybee. Dude is constantly shooting live shows.,2025-05-12T12:17:54Z,1,amorningofsleep,music,2025-05-26T07:01:15.278920Z
mrwpvk6,1kkhceh,reddit,"I love concert videos. Wish they would do more.  I saw kanye (the old kanye)  live about 5 times and his concerts were TOP TIER. glow in the dark tour, the life of pablo tour , even the watch the throne tour with Jay z. Would love to re watch and relive those experiences. 


More recently, kendrick has released a couple concerts with the Mr morale tour on Amazon prime and ive also watched the pop out concert and thw supercool performance multiple times! I would love to see his current concert with sza! 


Dua Lipa has released a live concert from royal Albert hall which is really good too.


Edit: spelling",2025-05-12T13:17:09Z,1,Oje_a,music,2025-05-26T07:01:15.278928Z
mrw8xco,1kkhceh,reddit,You're just following the wrong artists my friend. Pretty Lights does this. Every show is live streamed and recorded. They got drones the fly over the crowd and over the stage for close up of the artists. https://youtu.be/6VaY3v9Row0?si=F4EDvXcIyrTNhQhB,2025-05-12T11:21:37Z,0,queen_ravioli,music,2025-05-26T07:01:15.278936Z
mrv1d7r,1kkhceh,reddit,"Most ""artists"" these days are studio based and you can pick out live prerecorded tracks easily.  There is not much zeppelin esque talent out there working solo on stage currently.",2025-05-12T04:18:03Z,-11,fromwhichofthisoak,music,2025-05-26T07:01:15.278944Z
mrvukh0,1kkhceh,reddit,"As a concert goer, I hate seeing cameras onstage",2025-05-12T09:06:05Z,-5,Evelyn-Bankhead,music,2025-05-26T07:01:15.278952Z
mqts90n,1kfuzqe,reddit,This popped up on shuffle this morning. Still sounds as fresh and vital as ever,2025-05-06T03:31:51Z,5,philament,music,2025-05-26T07:01:16.368019Z
mqugly7,1kfuzqe,reddit,Rakim was very briefly better at rapping than everybody else. Not that he quickly fell off—Pharoahe Monch and Nas were just right behind him.,2025-05-06T06:57:10Z,2,BeatenPathos,music,2025-05-26T07:01:16.368031Z
mqtxv1x,1kfuzqe,reddit,Love these two! Love Pete Rock & CL Smooth too!,2025-05-06T04:12:35Z,1,blackeyesamurai,music,2025-05-26T07:01:16.368040Z
mquwkie,1kfuzqe,reddit,Listen to the lyrics. This is when rappers were trying to educate kids to not do stuff like rob people or give cops a reason to mess with you.,2025-05-06T09:49:19Z,-1,Rocky_Vigoda,music,2025-05-26T07:01:16.368047Z
mqbuct2,1kdldl4,reddit,"This was released in about 30 years ago, not 2011.",2025-05-03T05:53:36Z,16,Bob_Spud,music,2025-05-26T07:01:17.288524Z
mqbt1f6,1kdldl4,reddit,BY ORDER OF THE PEAKY FUCKIN' BLINDERS,2025-05-03T05:41:11Z,13,SVN7_C4YOURSELF,music,2025-05-26T07:01:17.288538Z
mqbqzny,1kdldl4,reddit,[deleted],2025-05-03T05:22:29Z,4,N/A,music,2025-05-26T07:01:17.288547Z
mqby6y4,1kdldl4,reddit,The truth is that I really enjoyed watching this version. Top quality for me.,2025-05-03T06:30:39Z,2,Dismal_Nobody6750,music,2025-05-26T07:01:17.288555Z
mqdxhx9,1kdldl4,reddit,indie rock?,2025-05-03T15:41:52Z,2,thEjesuslIzardX74,music,2025-05-26T07:01:17.288562Z
mqe0n6o,1kdldl4,reddit,Arctic Monkeys made a cool energetic version of this back in the day.,2025-05-03T15:58:10Z,2,larsvondank,music,2025-05-26T07:01:17.288570Z
mqfyrzs,1kdldl4,reddit,Album might have been remastered then but it's much older than 2011,2025-05-03T22:14:59Z,1,HereComesTheWolfman,music,2025-05-26T07:01:17.288578Z
mpuqpu4,1kbgms8,reddit,Well that sucks,2025-04-30T15:19:03Z,16,InvestmentFun3981,music,2025-05-26T07:01:18.247898Z
mpv0es4,1kbgms8,reddit,I never used their service but I do have a couple VMP releases and they were really nice quality with some cool extras.,2025-04-30T16:05:44Z,14,Chaos_Dunks,music,2025-05-26T07:01:18.247910Z
mpushjh,1kbgms8,reddit,was a cool service while it worked. a bit expensive though,2025-04-30T15:27:37Z,7,matva55,music,2025-05-26T07:01:18.247918Z
mpv39w3,1kbgms8,reddit,"I cancelled my membership last year after having it for almost 5. 

The writing was on the wall and you could really tell. The selection was getting worse, they stopped international shipping, the sales they had were still above the cost at another vendor. The prices kept going up and they would have long delays on orders. I used the last big of my store credit to get some albums that I was on the fence about and dipped. They really stopped caring about their customers.",2025-04-30T16:19:43Z,7,Everythingsthesame,music,2025-05-26T07:01:18.247926Z
mpwfe7w,1kbgms8,reddit,">According to the report, one subscriber named Stewart Eastham claimed he is still owed over $1,000 (£750) by the company due to missing pre-orders and membership fees.


I mean, VMP charged a premium for their stuff but how do you rack up $1,000 worth of unfulfilled preorders before you're like, ""Hmmm, something's wrong here, maybe I should stop giving these people my money...""??? ",2025-04-30T20:13:08Z,8,RiversCuomosBaldSpot,music,2025-05-26T07:01:18.247934Z
mq0hvmr,1kbgms8,reddit,"Canceled my membership years ago. The service was never an issue, but their collection never really jived with me plus the cost was steep.",2025-05-01T13:15:02Z,1,Directorshaggy,music,2025-05-26T07:01:18.247941Z
mtwaezm,1ktsy1o,reddit,Alllllright.,2025-05-23T20:16:46Z,4,Changoleo,music,2025-05-26T07:01:19.167238Z
mu4979j,1ktsy1o,reddit,I always choke up when I hear Roy singing and the empty rocky chair rocking back and forth.,2025-05-25T03:49:50Z,2,thesuavedog,music,2025-05-26T07:01:19.167250Z
mrcv025,1khzot4,reddit,Always enjoyed this cover,2025-05-09T02:42:13Z,3,Raider03,music,2025-05-26T07:01:20.088996Z
mpwf91k,1kboldd,reddit,"While this version still rocks, it’s definitely the inferior of the two released versions. 

Check out the original on their debut album Fresh Fruit for Rotting Vegetables. It’s less polished, faster and angrier, which I believe fits their type of music much better than the slowed down and more polished version you get on the album shown above.

Great band, they did a lot to push forward the genre of Punk. Lastly, fuck Tipper Gore for all of eternity. Although, she did make it easy for 14 year old me to know which edited albums not to buy.",2025-04-30T20:12:26Z,4,FurysGoodEye,music,2025-05-26T07:01:21.010031Z
mtbhsoy,1kr8qf4,reddit,Truly truly truly outrageous.,2025-05-20T16:22:11Z,7,LupinThe8th,music,2025-05-26T07:01:22.039261Z
mtbzi12,1kr8qf4,reddit,But what about The Misfits? I heard their songs are better.,2025-05-20T17:46:41Z,7,Wishilikedhugs,music,2025-05-26T07:01:22.039278Z
mtbwfhh,1kr8qf4,reddit,Some of those original Jem songs are catchy af.,2025-05-20T17:32:18Z,6,Templar-235,music,2025-05-26T07:01:22.039289Z
mtbv1sn,1kr8qf4,reddit,The whole Jem series is available on Tubi if anyone's interested. It's a great nostalgia watch.,2025-05-20T17:25:49Z,3,chefsinblack,music,2025-05-26T07:01:22.039300Z
mtby83k,1kr8qf4,reddit,is it still Britta Phillips?,2025-05-20T17:40:42Z,5,brown-tube,music,2025-05-26T07:01:22.039310Z
mtbfeg6,1kr8qf4,reddit,Real music making a comeback.,2025-05-20T16:10:20Z,6,TimeGhost_22,music,2025-05-26T07:01:22.039325Z
mtgcugv,1kr8qf4,reddit,Jem! ..Truly outrageous!,2025-05-21T11:14:53Z,1,gregd303,music,2025-05-26T07:01:22.039336Z
mtk76xg,1kr8qf4,reddit,"The movie remake  was a crazed choice that I can only assume was greenlit due to cocaine. But Juliette Lewis was in it and the first single they released from it was truly a bop for its time just like the old-school Jem soundtrack. 


https://youtu.be/CdHiRYJIhcA?si=DjuomQjNAJBYHPSM",2025-05-21T23:04:16Z,1,Ill_Assumption_4414,music,2025-05-26T07:01:22.039348Z
mu4lrbs,1kurw0k,reddit,"This is one of my favorite tracks from the late 80's that almost everyone has forgotten about.

Haunting voice and music.",2025-05-25T05:37:00Z,7,exmojo,music,2025-05-26T07:01:22.954427Z
mu4n201,1kurw0k,reddit,Classic for spinning on the dancefloor at a goth club.,2025-05-25T05:48:57Z,3,EvLokadottr,music,2025-05-26T07:01:22.954432Z
mu6w6i6,1kurw0k,reddit,Always loved this song when it played on MTV in the 80’s.  It’s been in my regular rotation since I came across it again on the iTunes Store in the early 2000’s.,2025-05-25T16:05:52Z,2,Wuzzy_Gee,music,2025-05-26T07:01:22.954436Z
mrd2wuz,1ki91fd,reddit,Getting a pair of noise cancelling headphones helped me not listen to music so loud on my own. I also wear earplugs at any concert I attend. My ears don’t ring nearly as much as they used to.,2025-05-09T03:37:13Z,207,Abtino11,music,2025-05-26T07:01:24.474873Z
mrd3vq2,1ki91fd,reddit,"It’s a cumulative effect, the more you listen to loud music the more it can damage your hearing. You’ll feel shame briefly but tinnitus is forever unless you turn it down",2025-05-09T03:44:30Z,98,Strawbuddy,music,2025-05-26T07:01:24.474880Z
mrd5mku,1ki91fd,reddit,"Kids threw fireworks at my head repeatedly when I was a very young child, please trust me when I say you don’t want tinnitus. It is a lifetime of misery. Please take care of your ears.",2025-05-09T03:57:38Z,33,BALLSTORM,music,2025-05-26T07:01:24.474884Z
mrd7wxi,1ki91fd,reddit,"I have tinnitus. I don’t feel any shame about it, that is a bit extreme. 

Just turn your shit down and realize that what ever damage has been done is done. You’re not going to lose your hearing, if you’ve done any damage it will just be a bit annoying for the rest of your life. 

Trust me, you’ll be ok. Just slightly irritated at certain times.",2025-05-09T04:15:17Z,17,tasimm,music,2025-05-26T07:01:24.474888Z
mrd3y1s,1ki91fd,reddit,"You should be concerned.

Until they figure out how to repair/regrow ear hair cells, once you fry them, you lose hearing permanently.

For me, it was a single concert that destroyed the upper frequencies and gave me permanent tinnitus.

Take care of your teeth, take care of your ears, and while I'm at it, eat good food and exercise!",2025-05-09T03:45:00Z,39,exitof99,music,2025-05-26T07:01:24.474892Z
mrd4eag,1ki91fd,reddit,"if you have an iphone you can limit the volume and it also tells you your average decibels and gives warnings

https://preview.redd.it/hnvglqsohoze1.jpeg?width=1179&format=pjpg&auto=webp&s=3fa921883f462923deebe00467694cb2a8c78c4c",2025-05-09T03:48:23Z,13,Curious-Spaceman91,music,2025-05-26T07:01:24.474896Z
mrd5fq6,1ki91fd,reddit,"Yeah, definitely turn it down!!
Im 62 played in bands for years, never used any ear protection 
And im really paying for it now",2025-05-09T03:56:11Z,4,VeterinarianNo8824,music,2025-05-26T07:01:24.474900Z
mrd5zfm,1ki91fd,reddit,"its not even hearing loss that's an issue, its tinnitus. if you don't have the mental capacity to handle ringing 24/7, lower your volume. luckily i adjusted and i am use to it, but man i do wish it was gone",2025-05-09T04:00:20Z,7,Cautious-Plum-8245,music,2025-05-26T07:01:24.474904Z
mrdaxbr,1ki91fd,reddit,I recommend over-the-ear headphones for music since the vibrations don't penetrate your ears as bad as earbuds that are placed in the ear.  Earplugs at concerts are also recommended.,2025-05-09T04:39:41Z,7,scorpion_71,music,2025-05-26T07:01:24.474908Z
mrd6qf1,1ki91fd,reddit,"I carry a set of earplugs in a little case on my keychain. I use them quite a bit. If you learn the proper technique to put the earplugs in you can hear a lot even with them in, they just take the edge off.  I go to our local hockey games and the volume is so loud for the music and announcements that my watch gives me warnings for over 90db.  Just wear the earplugs, I’m 51 and I still have fantastic hearing. I go to my parents house and their TV is so loud to me, I sometimes turn it down a bit when they aren’t watching.",2025-05-09T04:06:07Z,3,harrismi7,music,2025-05-26T07:01:24.474912Z
mrdo2i2,1ki91fd,reddit,"I can tell you from experience you most definitely want to protect your ears. 

I used to be in a band for 10 years, and the first 3 maybe 4, I developed tinnitus real bad on my left ear. And then finally started to wear ear plugs, and good ones too not the cheap shit. I was 16 at the time, I’m about to hit 40 in a few weeks and that shit is still going strong.

Don’t get me wrong I love listening to music on full blast because I can truly feel each note from every instrument. But listening at a low volume is okay too. 

So PROTECT your fuckin ears!",2025-05-09T06:37:57Z,3,Riverboatcaptain123,music,2025-05-26T07:01:24.474916Z
mrd8dhc,1ki91fd,reddit,Then stop it already.,2025-05-09T04:18:54Z,2,Superphilipp,music,2025-05-26T07:01:24.474919Z
mrd8mbg,1ki91fd,reddit,You don't want tinnitus,2025-05-09T04:20:51Z,2,Electricengineer,music,2025-05-26T07:01:24.474923Z
mrdhh4p,1ki91fd,reddit,"Yeah, don't do that",2025-05-09T05:35:28Z,2,N/A,music,2025-05-26T07:01:24.474927Z
mre4i2y,1ki91fd,reddit,...stop?,2025-05-09T09:31:49Z,2,brikouribrikouri,music,2025-05-26T07:01:24.474938Z
mre698u,1ki91fd,reddit,Turn it down. You can stop things from getting worse.,2025-05-09T09:49:55Z,2,Troubador222,music,2025-05-26T07:01:24.474942Z
mrer6fu,1ki91fd,reddit,You’ll be fine. Just do better now. It takes a lot to really damage your hearing.,2025-05-09T12:35:00Z,2,UnderH20giraffe,music,2025-05-26T07:01:24.474946Z
mrdjle5,1ki91fd,reddit,"You won’t go deaf, but as someone who blasted his ears with music for all of my teens I can tell you now you better get comfortable with tinnitus.",2025-05-09T05:54:59Z,4,StrangledByTheAux,music,2025-05-26T07:01:24.474950Z
mrd4lwl,1ki91fd,reddit,Stop listening to loud music eitherway 👍,2025-05-09T03:49:59Z,3,bearinlife,music,2025-05-26T07:01:24.474953Z
mrd2n2n,1ki91fd,reddit,Do you have hearing loss now? There are apps where you can roughly measure.,2025-05-09T03:35:12Z,2,CombAny687,music,2025-05-26T07:01:24.474957Z
mrd479r,1ki91fd,reddit,"are you listening to loud music at moderate volumes or loud music at loud volumes?

you won’t go deaf but you can permanently damage your hearing and end up with tinnitus if you subject your ears to sustained loud noises often enough.",2025-05-09T03:46:56Z,1,BadMachine,music,2025-05-26T07:01:24.474961Z
mrdjz4z,1ki91fd,reddit,"The best time to take care of your hearing is from childhood. The next best time is today. 

Our brains interpret loud music as better than quieter music. It’s deeply unsatisfying to turn something way down at once, so you have to trick your brain by doing it a little at a time. 

My method is that I never turn it way down at once. I turn it down one notch then wait. After a few minutes when I’m accustomed to the new level, I turn it down another notch. Keep at it until it’s unsatisfactory, then turn it back up one notch. 

I also have a db meter on my phone that I use to check environmental levels, and some iso headphones to block out outside noise.",2025-05-09T05:58:34Z,1,Maskatron,music,2025-05-26T07:01:24.474965Z
mrdkkcn,1ki91fd,reddit,Omg but loud music is ssoooooooooo Ooo good..,2025-05-09T06:04:06Z,1,Bizzlebanger,music,2025-05-26T07:01:24.474969Z
mrdlztr,1ki91fd,reddit,"Somehow I listened to blasting music in my headphones most nights from ages 18-21, and came out without tinnitus. Others get it after one concert. I don't think you can control your fate.",2025-05-09T06:17:43Z,1,kabekew,music,2025-05-26T07:01:24.474973Z
mrdno32,1ki91fd,reddit,"Things that will help:

- good quality noise cancelling headphones
- starting with volume low to begin and increase incrementally slowly and top out at lower levels
- wearing ear plugs to gigs
- having regular breaks from headphones

If you take appropriate steps consistently it shouldn't be too much of a problem where you'll get early on set deafness. 

I would especially pay attention to having regular breaks from headphones, this is really important. Ear plugs as well. I play in a noise rock band that practices weekly at gig volume and I have no issues with tinnitus etc because of good ear plugs.",2025-05-09T06:33:58Z,1,spangdandled,music,2025-05-26T07:01:24.474976Z
mrdo7hg,1ki91fd,reddit,"I spent my teens/20's doing the same. Was never loud enough to turn down...

My hearing started to go in my early 30's but it wasn't that noticeable. 

By the time I was 35 it was obvious I was dealing with significant clarity loss. 

By the time I was 40 I was unable to function in society as I simply could not understand what anyone was saying, even if they were right in my face, so dealing with normal interactions like cashiers etc became stressful.

Hearing aids don't really help with the clarity loss. Sure they let me hear water running or clocks ticking, but I'm still unable to understand speech. 

5 years after getting hearing aids for the first time I was in need of new ones. $6000 was more than I could afford but thankfully my state has a program that gives them for free if you are still working. 

My latest hearing test showed significant decrease *after* getting the hearing aids, so the chances are I could go 90% deaf before I turn 60. 

White Zombie was cool and all... but so not worth it. The lack of hearing has turned me from a smooth and confident social talker into an anxiety riddled recluse that intentionally shuts himself off from the world to avoid the stress/anxiety of being treated like a toddler because I can't hear. 

Yes, the damage is done, but you can mitigate it if you stop early enough.",2025-05-09T06:39:20Z,1,MaestroLogical,music,2025-05-26T07:01:24.474980Z
mrdqt6u,1ki91fd,reddit,Yeah that is stupid.,2025-05-09T07:05:21Z,1,BeatenPathos,music,2025-05-26T07:01:24.474984Z
mrds75r,1ki91fd,reddit,"The best time to stop fucking up your ears was yesterday. The second best time is today.

Hearing damage is an incremental problem. The longer you do it, the worse it gets, and you can never go back. So if you stop now, at least you put a stop to self-inflicted further damage.",2025-05-09T07:19:49Z,1,kytheon,music,2025-05-26T07:01:24.474988Z
mrdta3s,1ki91fd,reddit,"Generally speaking 80-85db+ is the point where if listened to long enough and loud enough you will cause damage. 

For context: A rock show can go up to 100db+ 

While you can’t reverse damage, you can get on top of it now by being more mindful/aware of how loud you are listening to songs in future sessions and dial back the volume.  

As a general rule of thumb: If other people around you can hear what you are listening to from earphones/headphones, then it is too loud.  

Source: I’m a drummer.",2025-05-09T07:31:19Z,1,ld20r,music,2025-05-26T07:01:24.474992Z
mrdz68j,1ki91fd,reddit,"No reason to feel stupid, just consider it moving forward. 

I spent years and years going to loud concerts and shows starting as a teenager and never started using ear plugs until a few years ago. I don’t feel like It was really talked about or encouraged the way it is today.",2025-05-09T08:34:21Z,1,Alarming-Archer1657,music,2025-05-26T07:01:24.474996Z
mre0a38,1ki91fd,reddit,"I have some of the best hearing out of anyone I know.  I’m 40 now, and as soon as I had my first cd player I listened to that thing pretty much non stop from ages 13-17.  Always max volume.  Constantly looking for more bass, better headphones.  Granted headphones and earbuds are generally much more powerful these days,  but after I got my first car then comes the sound system.  From 17 to not really sure, I’d guess 26 ish I blasted music.  You could drive around parking lots and set off certain car alarms.  Parents and girlfriend heard me coming minutes before I arrived at night.  I don’t know if it’s a one off thing, or if I’m lucky, but I don’t think it did anything to my hearing.  I don’t think it was wise at all,  but if you’re concerned I think you can prevent any long term effects by just watching the volume from now on, and don’t worry about what might have been done already.",2025-05-09T08:46:24Z,1,FLCLHero,music,2025-05-26T07:01:24.474999Z
mre5h8e,1ki91fd,reddit,"My (m56) hearing has always been excellent (I was even accused of cheating on my audiometry test before I was deployed to the Balkans twenty five years ago!)   
  
Don't know if I'm just lucky but my ears have been trough a lot, and I don't have any signs of hearing damage. 

When i was younger I worked in noisy conditions (construction), I always listened music full blast, I've been exposed to a lot of gunfire, I've spent hours upon hours on a noisy motorbike wearing an open face helmet exposing myself to terrible wind noise (even on a bike with straight pipes the wind noise completely drowns out the exhaust sound @ higher speeds).  In the last few years I've started wearing earplugs on longer trips because the noise is so exhausting. 

ON the other hand I have a friend who got permanent  hearing damage from one single gunshot, so I guess luck comes in to play?",2025-05-09T09:42:06Z,1,kaaredump,music,2025-05-26T07:01:24.475003Z
mreaa39,1ki91fd,reddit,"Turn down. 
Old musician here. 
16 hour days 7 days a week for 27 years. LOUD.
DAMAGE HAS BEEN DONE",2025-05-09T10:28:31Z,1,shapednoise,music,2025-05-26T07:01:24.475007Z
mref86a,1ki91fd,reddit,B  b,2025-05-09T11:10:07Z,1,missingpatrice,music,2025-05-26T07:01:24.475011Z
mrej7ja,1ki91fd,reddit,"The impact to your hearing can be concerning but what i would be significantly more concerned with would be developing tinnitus,I'm speaking from experience turn the volume down.",2025-05-09T11:40:31Z,1,Borgalicious,music,2025-05-26T07:01:24.475015Z
mrend99,1ki91fd,reddit,"Theres no reason to feel ashamed. I get thats hard to internalize but you're not bad at your core for listening to loud music. 

You're not going to go deaf. When I was young I listened to music at full volume for *years*. I spent 7 years of my early adulthood working live events without earplugs. Multiple times I ran a camera standing in front of double 18"" subwoofer stacks for entire concerts with no earplugs and a director screaming into my intercom at full volume. 

Guess what? I'm not deaf! BUT, I do have tinnitus in both ears, and ive certainly damaged my hearing to a degree. It is what it is. I still enjoy music immensely and I listen to lower volume, higher fidelity headphones / speakers. Yes sometimes im hard of hearing at dinners or parties or whatever, but so be it. I just tell people ""Sorry, i have hearing damage"". 

So.... try not to dwell on what you've done wrong and just focus on moving forward. You cant change what youve already done but you *haven't ruined anything*. 

Just get some nicer headphones, good earplugs, and keep the volume down from here out.",2025-05-09T12:09:46Z,1,JacksGallbladder,music,2025-05-26T07:01:24.475019Z
mrfnitc,1ki91fd,reddit,What!?,2025-05-09T15:32:24Z,1,Biomecaman,music,2025-05-26T07:01:24.475023Z
mrfzx80,1ki91fd,reddit,"It's true. You will. I did. A bit. There's better equipment you can get these days that less damaging, but nouse is noise. And your ear drums can only take so much. Learn about frequencies and which ones are the more damaging. Then use an equaliser to lower the levels.",2025-05-09T16:35:30Z,1,graemo72,music,2025-05-26T07:01:24.475027Z
mrg9k96,1ki91fd,reddit,Volume buttons. ,2025-05-09T17:24:02Z,1,bizoticallyyours83,music,2025-05-26T07:01:24.475031Z
mrgqn50,1ki91fd,reddit,Start learning ASL just in case,2025-05-09T18:49:50Z,1,Rare-Monitor5379,music,2025-05-26T07:01:24.475035Z
mrgth3i,1ki91fd,reddit,"This is one reason I don't wear headphones (the other being that I don't need to have music blasting in my ears when I am out and about in the world. I find it disconnects me from what's going on).

We all know that loud headphones damage hearing and it's just too important to me. Once tinnitus sets in and you realize nothing can be done about it, it's devastating.

Lose the headphones. Wear earplugs. You won't regret it.",2025-05-09T19:04:20Z,1,Cominginbladey,music,2025-05-26T07:01:24.475039Z
mrhw10j,1ki91fd,reddit,"55yo rock guy. I’ve listened to & played music loud for the majority of my life. My job also is kind of loud. Lots of tools & machinery. 
Protect your hearing. 
I’m not saying I’m deaf or that I need hearing aids. I’m just saying that there’s a noticeable decline. 
So protect your hearing, young uns.",2025-05-09T22:30:34Z,1,ItsYourCousinArnie,music,2025-05-26T07:01:24.475043Z
mrq2s9y,1ki91fd,reddit,"I only use headphones a few times per year now, avoid them if you can, a car speaker or a jbl flip speaker I can handle way more volume but when it’s right next to year ear and you’re listening all the time I promise you you’re playing with fire. Over ear ones are a little better, a lot of AirPods users and similar products I wouldn’t be surprised if a lot of them have major hearing loss as they get older",2025-05-11T09:30:23Z,1,Top_Knowledge_3993,music,2025-05-26T07:01:24.475047Z
mrd4svh,1ki91fd,reddit,"Its the loudness and the length of time.

If you usually listen through bluetooth headphones you're more than likely fine. They get loud, but they don't get LOUD.

If you've been using IEMs on a dedicated headphone amplifier.. yeah you can hurt yourself pretty bad, pretty quickly if you aren't mindful.

Industrial exposure, wind noise, and modern live sound are the worst offenders.

But listen, even if you somehow lost most of your hearing already, ITS STILL WORTH PROTECTING.

If you can understand a typical conversation without having to ask everyone to repeat themselves multiple times.. just turn it down a little. You'll adapt. Wear plugs at shows. There are lots of nice options these days that turn it down without muffling.",2025-05-09T03:51:25Z,1,nrfx,music,2025-05-26T07:01:24.475056Z
mrd8ojm,1ki91fd,reddit,"Noise cancelling helps and don't turn it above 80% and you'll be fine. I've been to dozens of heavy metal/ nu-metal/rock live shows without issue (audiologist tested) but you know what it was that finally got me? Alcohol and sinus infections/fevers. If you really care about your hearing and overall health, quit binge drinking and take care of yourself. Take it from someone who has spent well over $10,000 and countless hours on tinnitus therapy and audiologists.",2025-05-09T04:21:21Z,1,zephyr220,music,2025-05-26T07:01:24.475060Z
mrdhdz0,1ki91fd,reddit,I always clean my ears after using headphones.,2025-05-09T05:34:41Z,1,BeeQueenbee60,music,2025-05-26T07:01:24.475064Z
mrd37jn,1ki91fd,reddit,What?,2025-05-09T03:39:28Z,0,SillyFunnyWeirdo,music,2025-05-26T07:01:24.475068Z
mrdkh1b,1ki91fd,reddit,"People talking about noise canceling headphones. Please dont listen to them simply stay away from headphones, forever. Get hearing protection, use it religiously. Protect what you still have, its the only thing you can do right now.",2025-05-09T06:03:14Z,0,Waiwirinao,music,2025-05-26T07:01:24.475072Z
mrd59dx,1ki91fd,reddit,Stop stressing about irrelevant shit you can't control. Turn your music down a little and move on.,2025-05-09T03:54:51Z,-5,Sellot4pe,music,2025-05-26T07:01:24.475076Z
mrdgmyb,1ki91fd,reddit,It’s all lies. I’ve listened to my headphones at 100% for 30+ years and I’m not any less hearing that my peers. Lies,2025-05-09T05:28:03Z,-5,concerts85701,music,2025-05-26T07:01:24.475080Z
mrd3g4v,1ki91fd,reddit,I'm 53 and have been wearing headphones loud daily for 40 years and i have great hearing.,2025-05-09T03:41:16Z,-10,GlitteringResolve906,music,2025-05-26T07:01:24.475084Z
mq1d4oc,1kc9r55,reddit,"Just listen to M83's ""Midnight City"" on repeat.",2025-05-01T15:54:48Z,51,BroseppeVerdi,music,2025-05-26T07:01:28.092777Z
mq0xn6r,1kc9r55,reddit,Nightcall by Kavinsky,2025-05-01T14:38:48Z,106,Ecstatic-Ad-6552,music,2025-05-26T07:01:28.092781Z
mq0tz7u,1kc9r55,reddit,Myth by Beach House is an all time driving song imo,2025-05-01T14:20:22Z,19,pajarorojo,music,2025-05-26T07:01:28.092784Z
mq0ugq4,1kc9r55,reddit,Telegraph Road by Dire Straits.,2025-05-01T14:22:49Z,18,Reality_Defiant,music,2025-05-26T07:01:28.092786Z
mq0vcey,1kc9r55,reddit,"Riders on the Storm, by The Doors.",2025-05-01T14:27:15Z,44,HugeLoquat3905,music,2025-05-26T07:01:28.092788Z
mq15hc6,1kc9r55,reddit,"Radar Love!  ""I've been driving all night my hand's wet on the wheel.""",2025-05-01T15:17:25Z,14,vengeful_bunny,music,2025-05-26T07:01:28.092790Z
mq0zc2n,1kc9r55,reddit,"I enjoyed ""Steppin’ Out"" - Joe Jackson. Try it some night driving over the I-195 Julia Tuttle Causeway to Miami Beach, with the windows down.",2025-05-01T14:47:08Z,15,PrincePeasant,music,2025-05-26T07:01:28.092792Z
mq12h8q,1kc9r55,reddit,Intro - The xx,2025-05-01T15:02:40Z,13,Ineedpronnao,music,2025-05-26T07:01:28.092795Z
mq169bo,1kc9r55,reddit,Night Drive - Jimmy Eat World,2025-05-01T15:21:10Z,12,TheSilverNoble,music,2025-05-26T07:01:28.092797Z
mq0wy5m,1kc9r55,reddit,"Golden Earring, Radar Love. 

Pretty much the entire Parliament catalog. 

Animals, Pink Floyd - just the whole album. 

Billy Idol hits can be helpful. 

Cool for cats. 

Violent Femmes add it up, I prefer the hits album but anything with the title track works. Throw the crow soundtrack into that too. The first one. 

Jungle - as in the genre. Just straight up gritty, dark beats. You can stream this any time on jungletrain dot net. ",2025-05-01T14:35:19Z,24,Littlebotweak,music,2025-05-26T07:01:28.092799Z
mq13oao,1kc9r55,reddit,Any synthwave,2025-05-01T15:08:34Z,10,rpadilla388,music,2025-05-26T07:01:28.092801Z
mq0wyqu,1kc9r55,reddit,"“Racing in the Street” - Bruce Springsteen & the E Street Band (bonus if it’s the *Live: 1975-1985* version or the alternate take from *The Promise*)

Edit: typo",2025-05-01T14:35:23Z,9,ApartmentUpstairs582,music,2025-05-26T07:01:28.092803Z
mq0vo2r,1kc9r55,reddit,The Cure - [A Forest (extended version)](https://youtu.be/mGck4umodlk),2025-05-01T14:28:52Z,6,Macronaut,music,2025-05-26T07:01:28.092805Z
mq10dgl,1kc9r55,reddit,Satellite - Guster,2025-05-01T14:52:16Z,7,ActualGrandeur,music,2025-05-26T07:01:28.092807Z
mq17q6w,1kc9r55,reddit,Passenger - Deftones,2025-05-01T15:28:18Z,6,aclashofthings,music,2025-05-26T07:01:28.092809Z
mq1crxx,1kc9r55,reddit,Black Magic Woman - Santana,2025-05-01T15:53:00Z,7,Kuramafont,music,2025-05-26T07:01:28.092811Z
mq1ff3s,1kc9r55,reddit,"Cars and Girls - Prefab Sprout

Drive - the Cars

Midnight Special - Creedence Clearwater Revival

Roam - B52's",2025-05-01T16:06:14Z,7,fantomenace8,music,2025-05-26T07:01:28.092813Z
mq10wp6,1kc9r55,reddit,"Los Angeles by The Midnight

Indifference by Pearl Jam

Wake Up Dead Man by U2

Good Arms vs Bad Arms by Frightened Rabbit",2025-05-01T14:54:56Z,4,tamammothchuk,music,2025-05-26T07:01:28.092816Z
mq15am7,1kc9r55,reddit,"“No Ordinary Love” by Sade

![gif](giphy|3hFnmKXnpYOQg)",2025-05-01T15:16:30Z,4,DirtyBallBatman,music,2025-05-26T07:01:28.092818Z
mq1r533,1kc9r55,reddit,Obstacle 1 - Interpol,2025-05-01T17:03:38Z,4,My_Bad_00,music,2025-05-26T07:01:28.092820Z
mq0wgpa,1kc9r55,reddit,Make art not friends by sturgill Simpson,2025-05-01T14:32:52Z,3,Alaska_Pipeliner,music,2025-05-26T07:01:28.092822Z
mq12bt7,1kc9r55,reddit,Bonobo- Eyes Down. Zero 7- Look Up ,2025-05-01T15:01:55Z,5,nonaffiliated,music,2025-05-26T07:01:28.092824Z
mq16zii,1kc9r55,reddit,"Radar love
I love a rainy night",2025-05-01T15:24:42Z,5,stabbingrabbit,music,2025-05-26T07:01:28.092826Z
mq199yq,1kc9r55,reddit,Wicked Game - Chris Isaak,2025-05-01T15:35:54Z,5,Pooperism,music,2025-05-26T07:01:28.092829Z
mq1qx9z,1kc9r55,reddit,"Phantogram - When I'm Small

Karina Rykman - Elevator",2025-05-01T17:02:36Z,4,OmegaPhthalo,music,2025-05-26T07:01:28.092831Z
mq1r8i3,1kc9r55,reddit,Subterranean Homesick Alien by Radiohead ,2025-05-01T17:04:06Z,4,Joysticksummoner,music,2025-05-26T07:01:28.092833Z
mq0y20u,1kc9r55,reddit,"Moonlight Drive. The Doors
Valentines Day. Bruce Springsteen
Friend of the Devil. Grateful Dead",2025-05-01T14:40:50Z,3,tracklesswastes,music,2025-05-26T07:01:28.092835Z
mq169af,1kc9r55,reddit,"Un Simple History - Thievery Corporation

Optimistic - Radiohead 

Nights in white satin- moody blues band  🔥🔥🔥",2025-05-01T15:21:10Z,3,ComprehensiveLow9670,music,2025-05-26T07:01:28.092837Z
mq1cjk3,1kc9r55,reddit,"Randy by Justice 


https://youtu.be/hw3d9KTYHIE",2025-05-01T15:51:52Z,3,Merciless972,music,2025-05-26T07:01:28.092840Z
mq1sacl,1kc9r55,reddit,State Trooper by Bruce Steinmanstein.,2025-05-01T17:09:08Z,3,Ur_hindu_friend,music,2025-05-26T07:01:28.092842Z
mq0uo5c,1kc9r55,reddit,Hermanos Gutiérrez - Barrio Hustle (and pretty much all of their songs) is my go to,2025-05-01T14:23:52Z,2,Gloomy-Arachnid8090,music,2025-05-26T07:01:28.092844Z
mq0v5s5,1kc9r55,reddit,Three Hours Past Midnight by Colin James,2025-05-01T14:26:19Z,2,N/A,music,2025-05-26T07:01:28.092846Z
mq0ve13,1kc9r55,reddit,Tompskin square park. Mumford and sons,2025-05-01T14:27:28Z,2,N/A,music,2025-05-26T07:01:28.092848Z
mq0wiun,1kc9r55,reddit,Anything by Darci and Amir Obe,2025-05-01T14:33:11Z,2,Alkazami,music,2025-05-26T07:01:28.092850Z
mq0xj81,1kc9r55,reddit,Night Rider - Joji,2025-05-01T14:38:15Z,2,Best765,music,2025-05-26T07:01:28.092852Z
mq0zgn8,1kc9r55,reddit,"These are obvious choices but stuff from the movie drive 




https://youtu.be/a1uYzuAFfrQ?si=EiGbs9OPZ7dguBQ-




https://youtu.be/MV_3Dpw-BRY?si=qwAPjpK5yKOIloBX


And another chromatics song
Night drive:
https://youtu.be/MZauPDAqfX8?si=Esbz0K4CD-TvVQag


The whole 2007 album ""night drive""
Is probably a good choice.
https://youtu.be/MZauPDAqfX8?si=Esbz0K4CD-TvVQag",2025-05-01T14:47:46Z,2,arturordc,music,2025-05-26T07:01:28.092855Z
mq0zx8u,1kc9r55,reddit,“The High Road” by the Feelies.,2025-05-01T14:50:03Z,2,Artistic_Split_8471,music,2025-05-26T07:01:28.092857Z
mq105lq,1kc9r55,reddit,[Kimberly Gruen - Late Night Drive](https://open.spotify.com/track/0YhvEc35fvwsYSqcr9IlAu?si=PlmLZ-nwTtimLY927jQyxQ),2025-05-01T14:51:12Z,2,Loose-Analysis1018,music,2025-05-26T07:01:28.092859Z
mq12v4f,1kc9r55,reddit,can’t fight - lianne la havas,2025-05-01T15:04:33Z,2,Fantastic_Mall2397,music,2025-05-26T07:01:28.092861Z
mq14we8,1kc9r55,reddit,Summertime Voodoo - Highly Suspect,2025-05-01T15:14:34Z,2,dusky_thrust,music,2025-05-26T07:01:28.092863Z
mq17am7,1kc9r55,reddit,"Woman Driving, Man Sleeping - 
Eels",2025-05-01T15:26:12Z,2,topicalsatan,music,2025-05-26T07:01:28.092865Z
mq18i30,1kc9r55,reddit,REM - Can’t get there from here,2025-05-01T15:32:04Z,2,MoreTrifeLife,music,2025-05-26T07:01:28.092867Z
mq19zso,1kc9r55,reddit,The Back Seat Of My Car - Paul McCartney (from the album Ram),2025-05-01T15:39:24Z,2,stephaughn,music,2025-05-26T07:01:28.092869Z
mq1arz9,1kc9r55,reddit,Wrapped Around Your Finger - The Police,2025-05-01T15:43:13Z,2,ReactiveCypress,music,2025-05-26T07:01:28.092871Z
mq1asjw,1kc9r55,reddit,It’s Late by A Beacon School,2025-05-01T15:43:18Z,2,horderBopper,music,2025-05-26T07:01:28.092873Z
mq1awcy,1kc9r55,reddit,"It's against all the laws of Humanity to drive at night without ""Radar Love""

""Twilight Zone"" works too",2025-05-01T15:43:48Z,2,Silent-Revolution105,music,2025-05-26T07:01:28.092875Z
mq1b4l2,1kc9r55,reddit,anything by Beach House,2025-05-01T15:44:57Z,2,mau10000,music,2025-05-26T07:01:28.092878Z
mq1bbja,1kc9r55,reddit,"6s to 9s by Big Wild

Fanfare by Magic City Hippies

Red Carnation by Magpie Jay

68 by Nolan Taylor

Brendan by Ripe",2025-05-01T15:45:53Z,2,Cornysam,music,2025-05-26T07:01:28.092880Z
mq1bsmh,1kc9r55,reddit,"Man, you need a Skeler night drive mix. youtube skeler and his night drive mixes are pretty insane",2025-05-01T15:48:13Z,2,WillNeighbor,music,2025-05-26T07:01:28.092882Z
mq1byqj,1kc9r55,reddit,"Naming the Elephant - Cog

Home Invasion / Regret #9 - Steven Wilson

World’s on Fire - The Butterfly Effect",2025-05-01T15:49:02Z,2,general_porpoise,music,2025-05-26T07:01:28.092884Z
mq1c10z,1kc9r55,reddit,Girl on the Moon - Foreigner,2025-05-01T15:49:21Z,2,GingersForHarambe,music,2025-05-26T07:01:28.092886Z
mq1cd9g,1kc9r55,reddit,"The classic John Denver Country Roads can play on repeat for hours and never get old!  Even if he is full of shit, man.",2025-05-01T15:51:00Z,2,jim182182,music,2025-05-26T07:01:28.092889Z
mq1com4,1kc9r55,reddit,"There is a collection of curated mixes by famous artists, producers, dj's, et cetera called ""Late Night Tales"". I highly recommend starting with the Bonobo one. Quite fantastic.",2025-05-01T15:52:33Z,2,Martianmallo,music,2025-05-26T07:01:28.092891Z
mq1cww8,1kc9r55,reddit,Stan.,2025-05-01T15:53:42Z,2,PsychologicalFix7820,music,2025-05-26T07:01:28.092893Z
mq1czr9,1kc9r55,reddit,"Lord Huron - Wait By the River
The New Basement Tapes - When I Get My Hands On You
Kings of Leon - Closer
Eddie Rabbit - Drivin My Life Away (different vibe, but great driving song)",2025-05-01T15:54:06Z,2,schmads09,music,2025-05-26T07:01:28.092895Z
mq1dcl5,1kc9r55,reddit,"Cinematic Orchestra. Lots of good songs. In particular, ""Flite"" ""Burn Out"" ""Channel 1 Suite""",2025-05-01T15:55:52Z,2,nonaffiliated,music,2025-05-26T07:01:28.092897Z
mq1dftd,1kc9r55,reddit,The Midnight - Sunset,2025-05-01T15:56:19Z,2,Stryker412,music,2025-05-26T07:01:28.092899Z
mq1drxu,1kc9r55,reddit,"Dance yourself clean lcd sound system 

Hard better faster stronger daft punk",2025-05-01T15:57:58Z,2,mark_vader,music,2025-05-26T07:01:28.092901Z
mq1dziw,1kc9r55,reddit,Ride on - ac dc,2025-05-01T15:59:02Z,2,dofrogsbite,music,2025-05-26T07:01:28.092904Z
mq1e39i,1kc9r55,reddit,Coming Up Close by Til Tuesday,2025-05-01T15:59:33Z,2,beigereige,music,2025-05-26T07:01:28.092906Z
mq1ebl0,1kc9r55,reddit,Us and Them by Pink Floyd,2025-05-01T16:00:43Z,2,houstonman6,music,2025-05-26T07:01:28.092908Z
mq1em9g,1kc9r55,reddit,"Pretty much any Darkways song will work, but I recommend Young Again, More Than Dreams, and I Like The Night

They're all synthwave/darkwave",2025-05-01T16:02:13Z,2,LCcoolcraft,music,2025-05-26T07:01:28.092910Z
mq1exfq,1kc9r55,reddit,Gorillaz - Andromeda,2025-05-01T16:03:47Z,2,Platinumbwizaard,music,2025-05-26T07:01:28.092912Z
mq1lq3i,1kc9r55,reddit,Radar Love,2025-05-01T16:37:29Z,2,Johnnyhellhole,music,2025-05-26T07:01:28.092914Z
mq1mcj2,1kc9r55,reddit,"Radar Love, by Golden Earring.",2025-05-01T16:40:29Z,2,xSelf-referential,music,2025-05-26T07:01:28.092917Z
mq1qu77,1kc9r55,reddit,"Driving songs. My go to is anything by Blair Joscelyn. Thats his artist name. Austrailian musician that you have likely heard on commercials in the US at some point. Hes more well known as Moog from the youtube channel Mighty Car Mods where he cohosts alongside Marty. He doesnt do any singing himself as far as i know, but has other artists sing. Smooth and perfect for getting lost in the music and road passing by. 

One of my favorites would have to be Chasing Midnight feat. Erin Renee.",2025-05-01T17:02:11Z,2,nightkil13r,music,2025-05-26T07:01:28.092919Z
mq1r2q1,1kc9r55,reddit,[Summer](https://youtu.be/8CDXBHpvC04?si=xE5EaVlVMtgMQN72) by Vanilla,2025-05-01T17:03:19Z,2,BalonyDanza,music,2025-05-26T07:01:28.092922Z
mq1r7yd,1kc9r55,reddit,Dramamine,2025-05-01T17:04:01Z,2,KingCourtney__,music,2025-05-26T07:01:28.092924Z
mq1rwij,1kc9r55,reddit,a hard's day night by the beatles,2025-05-01T17:07:18Z,2,Few_Maybe_1593,music,2025-05-26T07:01:28.092926Z
mq1rz5u,1kc9r55,reddit,B Tribe,2025-05-01T17:07:39Z,2,Careless-Owl9231,music,2025-05-26T07:01:28.092928Z
mq1s0wu,1kc9r55,reddit,Saturday by Yo La Tengo,2025-05-01T17:07:53Z,2,apeters2,music,2025-05-26T07:01:28.092930Z
mq1s4eu,1kc9r55,reddit,"""Late Night Getaway Drive"" by W O L F C L U B",2025-05-01T17:08:22Z,2,Cancyrus,music,2025-05-26T07:01:28.092932Z
mq1s9ug,1kc9r55,reddit,After dark by Mr Kitty,2025-05-01T17:09:04Z,2,Maaintaaaiin,music,2025-05-26T07:01:28.092934Z
mq1sgw8,1kc9r55,reddit,Outlaw Heart by Tiger Army,2025-05-01T17:10:00Z,2,Miskalsace,music,2025-05-26T07:01:28.092937Z
mq1sjss,1kc9r55,reddit,Ruled by Secrecy by Muse,2025-05-01T17:10:24Z,2,DankStew,music,2025-05-26T07:01:28.092939Z
mq1srhm,1kc9r55,reddit,Resonance - Home,2025-05-01T17:11:26Z,2,Impossible-Touch9470,music,2025-05-26T07:01:28.092941Z
mq1t5qu,1kc9r55,reddit,"Go With the Flow - Queens of the Stone Age

Genesis - Justice

Something About Us - Daft Punk

Passenger - Deftones",2025-05-01T17:13:21Z,2,Rhykos28,music,2025-05-26T07:01:28.092944Z
mq1tdln,1kc9r55,reddit,Radar Love,2025-05-01T17:14:23Z,2,CardMechanic,music,2025-05-26T07:01:28.092946Z
mq1to51,1kc9r55,reddit,Radar Love,2025-05-01T17:15:46Z,2,barroyo20,music,2025-05-26T07:01:28.092948Z
mq1u2jg,1kc9r55,reddit,Nude - Radiohead,2025-05-01T17:17:40Z,2,mjb169,music,2025-05-26T07:01:28.092950Z
mq1u2pg,1kc9r55,reddit,"Know Thyself by Aaron Anomalous

[https://youtu.be/AMiLFgBoFWA](https://youtu.be/AMiLFgBoFWA)",2025-05-01T17:17:41Z,2,Novel-Position-4694,music,2025-05-26T07:01:28.092952Z
mq1uiyk,1kc9r55,reddit,Thievery Corporation: Lebanese Blonde,2025-05-01T17:19:48Z,2,pizzahuman,music,2025-05-26T07:01:28.092954Z
mq1umm2,1kc9r55,reddit,"I work nights. I listen to a lot of Spotify. 

Murder of Crows by The Order of the Fly. Siguiendo la Luna by Los Fabulosos Cadillacs. Self Control by Laura Branigan or the original version by Raf, both are good. Drive by The Cars. Sunglasses at Night by Corey Hart. End of the Night by Robert Parker feat. Doubleboy. Cadillac by Cobra Man. I Love the Night by Blue Öyster Cult. Satan’s a Woman by Twin Temple. Shooting Shark by Blue Öyster Cult.",2025-05-01T17:20:17Z,2,Night_Inspector,music,2025-05-26T07:01:28.092957Z
mq1umng,1kc9r55,reddit,Pretty much the whole OK Computer album but for me most prominently Subterranean Homesick Alien,2025-05-01T17:20:17Z,2,ALA02,music,2025-05-26T07:01:28.092959Z
mq1w0t0,1kc9r55,reddit,"Open road song - Eve 6
 https://youtu.be/A_rucSbtl5E?feature=shared",2025-05-01T17:26:52Z,2,Silverlyon,music,2025-05-26T07:01:28.092961Z
mq1w67h,1kc9r55,reddit,Powerlines by tame impala,2025-05-01T17:27:33Z,2,UnusualBee1621,music,2025-05-26T07:01:28.092963Z
mq1w9pj,1kc9r55,reddit,Ocean Drive by Duke Dumont,2025-05-01T17:28:01Z,2,big-shirtless-ron,music,2025-05-26T07:01:28.092965Z
mq1wer1,1kc9r55,reddit,I feel like the new Skrillex album is actually what you need,2025-05-01T17:28:40Z,2,Particular_Tea6122,music,2025-05-26T07:01:28.092967Z
mq1wgg9,1kc9r55,reddit,Stylo - Gorillaz,2025-05-01T17:28:53Z,2,kiefenator,music,2025-05-26T07:01:28.092969Z
mq25dgy,1kc9r55,reddit,"In the air tonight, Phil Collins.

Black velvetine, Lenny Kravitz.

Miami vice (the show and movie) soundtracks offer up many great ones.  
In the air tonight might be the most iconic night driving scene, music score ever.",2025-05-01T18:11:30Z,2,laughguy220,music,2025-05-26T07:01:28.092972Z
mq268dq,1kc9r55,reddit,"Passenger Seat by Death Cab for Cutie

Fast Car by Tracy Chapman

Wild Side by Suki Waterhouse

Might not be the vibe you're looking for, but I love listening to these while driving.",2025-05-01T18:15:42Z,2,spiral-bone,music,2025-05-26T07:01:28.092974Z
mq293ww,1kc9r55,reddit,Check out “I’m just a singer in a rock and roll band” and “Question” by The Moody Blues. Their catalog has a few great driving songs. “Big Money” or “Spirit of Radio” by Rush are also bangers.,2025-05-01T18:30:00Z,2,slowpoke2013,music,2025-05-26T07:01:28.092976Z
mq2dqkw,1kc9r55,reddit,Big Log… Robert Plant,2025-05-01T18:52:43Z,2,CAP_GYPSY,music,2025-05-26T07:01:28.092978Z
mq39gzq,1kc9r55,reddit,"One of my go to bands in the summer or late night drives is The War On Drugs. Check out the songs Pain, Under the Pressure, Red Eyes and An Ocean Beneath the Waves.",2025-05-01T21:27:32Z,2,UntilTheEnd685,music,2025-05-26T07:01:28.092980Z
mq0x5h7,1kc9r55,reddit,Lights by Journey,2025-05-01T14:36:19Z,3,N/A,music,2025-05-26T07:01:28.092982Z
mq15bvd,1kc9r55,reddit,Sunglasses at night by Corey Hart,2025-05-01T15:16:41Z,2,farfetchedfrank,music,2025-05-26T07:01:28.092984Z
mq16w7p,1kc9r55,reddit,I don’t know how you feel about Kanye West but if you’re able to separate the artist from the art spaceships is good one.,2025-05-01T15:24:16Z,2,Paloozaz,music,2025-05-26T07:01:28.092986Z
mq0ydlt,1kc9r55,reddit,"[Harley-Davidson: Road Songs – 2 x Cassette (Compilation), 1994 \[r21570616\] | Discogs](https://www.discogs.com/release/21570616-Various-Harley-Davidson-Road-Songs)",2025-05-01T14:42:25Z,1,dont_ama_73,music,2025-05-26T07:01:28.092989Z
mq1fq47,1kc9r55,reddit,Peripheral Vision (the whole album) by Turnover,2025-05-01T16:07:46Z,1,JxSnaKe,music,2025-05-26T07:01:28.092991Z
mq1gog4,1kc9r55,reddit,"Looprider by Boris, I listen to it every time I’m on a plane but imagine it could also be good for night driving",2025-05-01T16:12:30Z,1,Key_Leg9565,music,2025-05-26T07:01:28.092993Z
mu1jzyj,1kugxk7,reddit,"Mt 1st concert was DP. I was 13 or 14.

Made in Japan is a must !",2025-05-24T17:48:50Z,12,MoochoMaas,music,2025-05-26T07:01:29.212527Z
mu24l9b,1kugxk7,reddit,Burn is low-key my favorite Purple song and album,2025-05-24T19:42:57Z,9,AnalogWalrus,music,2025-05-26T07:01:29.212538Z
mu1im6j,1kugxk7,reddit,Machine Head was released when I was in 8th grade.. It changed my life.,2025-05-24T17:41:35Z,8,Careless_Spring_6764,music,2025-05-26T07:01:29.212544Z
mu2daqi,1kugxk7,reddit,I'm a Highway Star,2025-05-24T20:33:07Z,8,DangRascal,music,2025-05-26T07:01:29.212551Z
mu1otqt,1kugxk7,reddit,I love Perfect Stranger but it sorely misses a guitar solo!,2025-05-24T18:14:30Z,7,harlotstoast,music,2025-05-26T07:01:29.212557Z
mu1pt7y,1kugxk7,reddit,I love Purple. Paice is so underrated.,2025-05-24T18:19:51Z,7,GhostofTinky,music,2025-05-26T07:01:29.212564Z
mu28mpb,1kugxk7,reddit,Ian Gillan has one of the greatest voices in rock.  So powerful and controlled.,2025-05-24T20:06:30Z,5,Stephen_Dann,music,2025-05-26T07:01:29.212572Z
mu2eb1v,1kugxk7,reddit,"I’m an old guy and I love to hear young people getting into classic rock. Not the stuff you hear 5 times a day on the radio, but the lesser known stuff. I was in jr. high school when Deep Purple came out. I agree that they are right up top. Keep exploring music!",2025-05-24T20:38:46Z,6,Itchy-Background8982,music,2025-05-26T07:01:29.212579Z
mu1gxnl,1kugxk7,reddit,Live they were amazing.,2025-05-24T17:32:48Z,4,lgm22,music,2025-05-26T07:01:29.212585Z
mu1iuip,1kugxk7,reddit,Listen to some Rainbow if you haven’t already.,2025-05-24T17:42:48Z,3,BadLuck-BlueEyes,music,2025-05-26T07:01:29.212592Z
mu36lyc,1kugxk7,reddit,Blackmore was a very influential guitarist for the metal that followed in the 80s. It's a shame that his arrogance overshadowed his notoriety.,2025-05-24T23:29:25Z,5,tun3man,music,2025-05-26T07:01:29.212598Z
mu47711,1kugxk7,reddit,"Blackmore is my guitar idol. He's influenced me more than any other guitarist, he just makes it look and sound so effortless. 

Other bands got me into music and playing, but Blackmore in Deep Purple and Rainbow changed how I played guitar fundamentally.",2025-05-25T03:34:18Z,4,DaedalusRaistlin,music,2025-05-26T07:01:29.212605Z
mu1i828,1kugxk7,reddit,"Fireball is one of my favourite tracks of all-time. Great album too.

Deep Purple were great overall. They had a huge sound, great vocals and a killer drummer.",2025-05-24T17:39:33Z,3,Great-Needleworker23,music,2025-05-26T07:01:29.212612Z
mu1lzsi,1kugxk7,reddit,"Im so glad to see some love for Come Taste the Band, wonderful album. My favourite was always Stormbringer. I've got rid of most of my vinyl over the years but I can't bear to part with my Deep Purple albums. I'd also suggest trying some Mark 1. 

https://youtu.be/toonXjN2wTM?si=r_q_GIBkV0fnQm1y",2025-05-24T17:59:15Z,3,libertinauk,music,2025-05-26T07:01:29.212619Z
mu1ncmh,1kugxk7,reddit,Was there when they were inducted into the RnR Hall of Fame. Quality dudes.,2025-05-24T18:06:28Z,3,eyedeabee,music,2025-05-26T07:01:29.212625Z
mu1nzcm,1kugxk7,reddit,"i fucking love deep purple, ESPECIALLY for driving. hush is an elite driving song",2025-05-24T18:09:53Z,3,haseks_adductor,music,2025-05-26T07:01:29.212632Z
mu2cg4o,1kugxk7,reddit,I'm on the other side of  of the age equation and I agree that Deep Purple was the best. Followed by Sabbath and then Zeppelin even though Led Zeppelin Iii was the first album i ever bought.,2025-05-24T20:28:24Z,3,HeavyMetalBluegrass,music,2025-05-26T07:01:29.212638Z
mu23vwy,1kugxk7,reddit,"Deep Purple is timeless. Love them because when they play, even your neighbors become fans",2025-05-24T19:38:50Z,2,Dazzling_Form5267,music,2025-05-26T07:01:29.212645Z
mu3656l,1kugxk7,reddit,"The first album I ever bought was “Machine Head”. The second was “Made in Japan”. 

To this day I still think that MIJ is one of the finest live concert albums ever made. Deep Purple was at the top of its game, and they just rock the living crap out of every song. “Highway Star” is so intense compared to the Machine Head version, and Strange Kind of Woman” is amazing. No backing tracks, no autotune, no click track, just five great musicians absolutely killing it. It does not get better imo. 

They are still two of my favorite albums.",2025-05-24T23:26:28Z,2,lanky_planky,music,2025-05-26T07:01:29.212651Z
mu4n2vr,1kugxk7,reddit,"I've been a big fan for a long time, they are easily one of my favorite rock bands with Sab, Zep and Rush.

Don't sleep on the Steve Morse era, there are some really good albums there. Dude is an amazing player, but obviously had some really huge shoes to fill.",2025-05-25T05:49:10Z,2,paranoid_70,music,2025-05-26T07:01:29.212658Z
mu28672,1kugxk7,reddit,Favorite tours are 1987 with Blackmore and 2004 playing all of Machine Head.,2025-05-24T20:03:51Z,1,odinskriver39,music,2025-05-26T07:01:29.212664Z
mu2wqek,1kugxk7,reddit,"The original lineup was: Blackmore, Evans, Lord, Paice and Simper.",2025-05-24T22:27:35Z,1,Chocolat-Pralin,music,2025-05-26T07:01:29.212670Z
mu3jt6p,1kugxk7,reddit,"Never been big on Deep Purple.

Saw them in concert though. Good enough show.

Heard Smoke on the Water on the radio today and had a new appreciation for it.

Tommy Bolin's Private Eyes is one of my favorite albums. Love me some Post Toastee!",2025-05-25T00:54:24Z,1,bigtrumanenergy,music,2025-05-26T07:01:29.212677Z
mu4ykpp,1kugxk7,reddit,"i love deep purple. i have my own head canon that their live album in japan influenced the whole countrys J-rock

however, what i sort of got was they didnt have a good relationship with the rest of the music industry like led zeppelin and sabbath and that explains why theyre often left out of history. but theyre well known w metalheads, which has always been squarely underground with occasional appearances with mainstream. i consider deep purple as one of those chapters that did.

i think black sabbath would have been more obscure if the osbournes didnt have their own TV show and ozzy didnt have a successful solo career with a guitarist that was often compared with van halen. being on the industrys side has its perks",2025-05-25T07:42:03Z,1,GripSock,music,2025-05-26T07:01:29.212683Z
mqva6mi,1kg2bq8,reddit,Still hits like it’s scoring a heist scene in your soul.,2025-05-06T11:44:50Z,3,Edgeless_SPhere,music,2025-05-26T07:01:30.125334Z
mqvqgjb,1kg2bq8,reddit,This song has helped to dial in tens of thousands of subwoofers in people’s home HiFi systems.,2025-05-06T13:28:22Z,3,CreamyAlgorithms,music,2025-05-26T07:01:30.125351Z
mqvk385,1kg2bq8,reddit,Hearing this song live the bass just resonates into your bones.,2025-05-06T12:50:37Z,2,PrimusSkeeter,music,2025-05-26T07:01:30.125362Z
mqz9xsb,1kg2bq8,reddit,Also this: https://soundcloud.com/smashmashups/january-2004-slow-angel-kylie,2025-05-06T23:59:19Z,1,sadandshy,music,2025-05-26T07:01:30.125374Z
mu2hjtx,1ku9qou,reddit,"This is happening to all kinds of musicians. Two festivals, Mad with Power and Prog Power, have been massively affected. Even after paying for visas and expediting them, these bands can’t come to the US to play.",2025-05-24T20:56:54Z,18,blarges,music,2025-05-26T07:01:31.251454Z
mu1fb6t,1ku9qou,reddit,Hope he likes the weather in El Salvador.,2025-05-24T17:24:26Z,-136,JiveChicken00,music,2025-05-26T07:01:31.251467Z
msolunq,1koaa9y,reddit,The music scenes in Sinners are phenomenal!,2025-05-16T20:04:21Z,6,D4nM4rL4r,music,2025-05-26T07:01:32.172118Z
msp16el,1koaa9y,reddit,I'm not really into horror as a genre but I went into this movie blind with friends. It's more about the blues than it is about vampires. If you have any interest in music and music history and haven't seen the film yet I highly recommend it.,2025-05-16T21:22:38Z,4,night_dude,music,2025-05-26T07:01:32.172131Z
msrn1ga,1ko99py,reddit,Written by Suicide (Alan Vega & co),2025-05-17T09:18:10Z,1,Bob_Spud,music,2025-05-26T07:01:33.062102Z
mry83f9,1kkvoy0,reddit,Yea we’re a little passed “shocking” at this point,2025-05-12T17:51:36Z,65,Temporary-Rest3621,music,2025-05-26T07:01:34.029185Z
mry5rce,1kkvoy0,reddit,Diddy looking done.,2025-05-12T17:40:26Z,15,johnnyjazbo,music,2025-05-26T07:01:34.029196Z
mrzgiwl,1kkvoy0,reddit,I feel really bad for Justin Beiber. He got dragged into this life as a teenager.,2025-05-12T21:33:46Z,17,Ketra,music,2025-05-26T07:01:34.029204Z
ms0halk,1kkvoy0,reddit,Epstein Jr.,2025-05-13T00:59:43Z,5,kain459,music,2025-05-26T07:01:34.029212Z
ms2nasq,1kkvoy0,reddit,Click bait is riddled with ads that prevent reading it,2025-05-13T11:26:24Z,3,motherSHIPDB9,music,2025-05-26T07:01:34.029219Z
mrz7agu,1kkvoy0,reddit,"> Combs created a human centipede with himself at the front, Kanye West at the back and Justin Bieber in the middle.

Wow, I wasn't expecting that.",2025-05-12T20:46:29Z,15,Githil,music,2025-05-26T07:01:34.029227Z
mrzxest,1kkvoy0,reddit,Just change the sub to r/pdiddy already,2025-05-12T23:07:24Z,3,dexatrosin,music,2025-05-26T07:01:34.029234Z
msfqp0v,1kkvoy0,reddit,what could be considered shocking when talking about Diddy?,2025-05-15T12:20:17Z,1,Lurnatic,music,2025-05-26T07:01:34.029241Z
ms0pwcr,1kkvoy0,reddit,Diddy do it?,2025-05-13T01:50:16Z,-1,R-Dragon_Thunderzord,music,2025-05-26T07:01:34.029249Z
mqmahug,1ker5s8,reddit,"A lot of people say this album was when the band abandoned their roots, but damn is it filled with bangers.",2025-05-04T23:20:46Z,5,R_V_Z,music,2025-05-26T07:01:34.938114Z
mqpi6yt,1ker5s8,reddit,RIP Alexi!,2025-05-05T13:59:51Z,3,GiantWaterBottle,music,2025-05-26T07:01:34.938127Z
mq5uemp,1kcvg28,reddit,My favorite Stone Roses song! 👍 Their whole debut album is stellar! 🥇,2025-05-02T08:05:23Z,3,theweightofdreams8,music,2025-05-26T07:01:36.166973Z
mq84iba,1kcvg28,reddit,"I wish this ""sound"" stuck around a lot longer. It got interrupted by the rave trend and then turned into brit pop too fast",2025-05-02T16:51:11Z,2,Bad-job-dad,music,2025-05-26T07:01:36.166993Z
mthqpc2,1krzfcq,reddit,I always upvote Lou Reed.,2025-05-21T15:53:00Z,3,wraithnix,music,2025-05-26T07:01:37.089927Z
mthgpth,1krzfcq,reddit,This is specifically for those who want proof that music from the ‘70s is better than any other era.,2025-05-21T15:05:28Z,2,Oblidoblido,music,2025-05-26T07:01:37.089940Z
mthvkl1,1krzfcq,reddit,"The 3 minute intro was an instrumental piece that guitarist Steve Hunter was working on.  Figured that it would make for a nice live intro to Sweet Jane, so they tacked it on. 

Fun fact, guitarists Steve Hunter and Dick Wagner were fired from Lou Reed's band after this album,  because they were TOO good. They stole all of Lou's thunder on stage and became the main focus at every concert.",2025-05-21T16:16:30Z,2,thewhitedeath,music,2025-05-26T07:01:37.089948Z
mtkpffa,1krzfcq,reddit,I absolutely love this album!,2025-05-22T00:49:08Z,2,GCoughlin,music,2025-05-26T07:01:37.089956Z
mtigbi8,1krzfcq,reddit,"The same music dubbed over another performance's video:

[https://www.youtube.com/watch?v=a4VuHHqIBqI](https://www.youtube.com/watch?v=a4VuHHqIBqI)",2025-05-21T17:54:06Z,1,bebopbrain,music,2025-05-26T07:01:37.089964Z
msi7nzc,1knhgcz,reddit,">Singer’s Attorney Calls Lawsuit ‘Manufactured’

As opposed to a naturally occurring lawsuit?",2025-05-15T19:52:26Z,10,SamPlinth,music,2025-05-26T07:01:38.003974Z
msi9j25,1knhgcz,reddit,Smokey Robinson is still alive? That is wild to me,2025-05-15T20:01:34Z,2,Night-Gardener,music,2025-05-26T07:01:38.003990Z
msi7mrz,1knhgcz,reddit,"“Some of them were fearful [going to the police] would affect their immigration status.”

That is so sad and terrifying, and it’s why so many individuals working laborious jobs put up with mistreatment. It is not illegal to be undocumented. Everyone deserves to be safe and respected at work. ",2025-05-15T19:52:16Z,4,JoanJettEnthusiast,music,2025-05-26T07:01:38.004003Z
msi8qas,1knhgcz,reddit,Tears of a Clown.,2025-05-15T19:57:40Z,2,knightress_oxhide,music,2025-05-26T07:01:38.004014Z
msjiqzk,1knhgcz,reddit,Green-Eyed Monster,2025-05-16T00:05:03Z,1,RumpsWerton,music,2025-05-26T07:01:38.004026Z
mrfwrtr,1kikmrh,reddit,"""All Eyez On Me"" - 2pac",2025-05-09T16:19:20Z,38,shittypersonality,music,2025-05-26T07:01:39.026711Z
mrfjv8h,1kikmrh,reddit,downvoted on the music board for talking about music. fuck reddit at this point,2025-05-09T15:13:49Z,22,seitansaves,music,2025-05-26T07:01:39.026736Z
mrfj6qt,1kikmrh,reddit,Bravado by lord,2025-05-09T15:10:22Z,6,0luckyman,music,2025-05-26T07:01:39.026747Z
mrfygn8,1kikmrh,reddit,"Really cool song. 

Albums/artists with somewhat similiar vibes:

22, A Million, Blonde, Alt J, James Blake, Yeezus and Drake’s r&b songs.

https://m.youtube.com/watch?v=YJNi7aRwUzU",2025-05-09T16:27:59Z,3,UnfairCrab960,music,2025-05-26T07:01:39.026754Z
mrgewe7,1kikmrh,reddit,"I always get reminded of Right Where It Belonds by Nine Inch Nails when I listen to it, but I think it's mainly how it builds up",2025-05-09T17:50:37Z,3,buzz94,music,2025-05-26T07:01:39.026761Z
mrhlmr2,1kikmrh,reddit,Sleep Token has a few songs that have a similar vibe.,2025-05-09T21:31:09Z,3,IrrelevantLeprechaun,music,2025-05-26T07:01:39.026768Z
mri0q2p,1kikmrh,reddit,"Lots of Joji songs have a similar vibe. Particularly ""Slow Dancing in the Dark""",2025-05-09T22:58:42Z,3,plith,music,2025-05-26T07:01:39.026775Z
mrgh2sf,1kikmrh,reddit,Lifetime - Tobiahs,2025-05-09T18:01:21Z,1,TenBodyBlade,music,2025-05-26T07:01:39.026782Z
mrgh4pv,1kikmrh,reddit,I thought of Slow Motion by third eye blind. It’s chill but dark and not exactly the same vibe but maybe close. Am I selling it?,2025-05-09T18:01:37Z,1,Allodoxia,music,2025-05-26T07:01:39.026789Z
mrgjbzh,1kikmrh,reddit,I'd love to find more songs like it as well! What he did with his voice is unique and I just like the buildup. Reminds me of Kanye's 808's but with more bass and reverb in the vocals and less autotuney sounding.,2025-05-09T18:12:45Z,1,bunglesnacks,music,2025-05-26T07:01:39.026796Z
mribp7w,1kikmrh,reddit,Dream On by Depeche Mode maybe?,2025-05-10T00:04:42Z,1,Imretardnice,music,2025-05-26T07:01:39.026803Z
mrihmdm,1kikmrh,reddit,"I don’t know if these give you the same kind of feels, as I’m unfamiliar with Bo Burnham, but maybe one of these gems might give you a similar vibe. Enjoy!

 
[This Mortal Coil - Song to the Siren](https://youtu.be/HFWKJ2FUiAQ?si=O7GxnKsm_nTp7aST)

[Morcheeba - The Sea](https://youtu.be/--wy8QmLlM8?si=w8cqcH4JbGNJ6ACy)

[Portishead - Glory Box](https://youtu.be/yAKX51r7erw?si=106IFV1hgd9fFUMH)

[Massive Attack - Dissolved Girl](https://youtu.be/ABQjT6gDKu0?si=_WnKavmSQwLspbhC)

[Flume - Never Be Like You](https://youtu.be/Ly7uj0JwgKg?si=AuBkT-sKtzK0Mr_u)",2025-05-10T00:41:53Z,1,jptabor01,music,2025-05-26T07:01:39.026810Z
mrij32g,1kikmrh,reddit,"This is a long shot, but... Sisters of Mercy comes to mind. 

[sisters](https://youtu.be/VoecC69i0Vg?si=v7GGWfShtXi-Dxn6)",2025-05-10T00:51:07Z,1,darthshaver,music,2025-05-26T07:01:39.026817Z
mrj6lnd,1kikmrh,reddit,"St Vincent has a song called Slow Disco, but you’ll be looking for another version she does called Fast Slow Disco. This version hits that similar feeling youre looking for. If it’s too upbeat then check out regular Slow Disco haha but that is way more mellow than All Eyes on Me like string quartet. 

TLDR; St Vincent- Fast Slow Disco ",2025-05-10T03:27:18Z,1,Tilopud_rye,music,2025-05-26T07:01:39.026824Z
mrjdppp,1kikmrh,reddit,Tears For Fears,2025-05-10T04:21:22Z,1,thepain73,music,2025-05-26T07:01:39.026831Z
mrk96zg,1kikmrh,reddit,Yea all eyes on me is very positive if you ignore the lyrics,2025-05-10T09:20:37Z,1,ThisAltDoesntExist_,music,2025-05-26T07:01:39.026838Z
mrk9ibf,1kikmrh,reddit,Yea all eyes on me is very positive if you ignore the lyrics,2025-05-10T09:23:57Z,1,ThisAltDoesntExist_,music,2025-05-26T07:01:39.026845Z
mrg3tbt,1kikmrh,reddit,"I am in the same boat as you dude.  Check out:

Going Home
by Ásgeir Trausti

Same mood and meaningful lyrics. Gives me the same type of chills",2025-05-09T16:55:07Z,1,TheflavorBlue5003,music,2025-05-26T07:01:39.026852Z
mrgc01z,1kikmrh,reddit,That’s a great tune and he won a Grammy for it. Lyrics are on point too. Maybe plug it into pandora and go from there?,2025-05-09T17:36:15Z,1,Shigglyboo,music,2025-05-26T07:01:39.026859Z
mrfykji,1kikmrh,reddit,"All eyes on you
Klankarussel

https://music.youtube.com/watch?v=iLTs2AezqWw&si=qguXl4Ximqe2Cdvv

Chill and bassy with a wonderful breakdown",2025-05-09T16:28:33Z,0,Ponk2k,music,2025-05-26T07:01:39.026867Z
mr3zmwn,1kh35u5,reddit,This is only fun for me.,2025-05-07T18:33:39Z,7,stillcore,music,2025-05-26T07:01:40.866261Z
mr3mdzc,1kh35u5,reddit,"I don't like emo at all but this slaps. 

J. Robbins is the most underrated producer ever. This album, like so many others of his, sounds exactly how it should.",2025-05-07T17:31:02Z,5,2020steve,music,2025-05-26T07:01:40.866274Z
mr41e2d,1kh35u5,reddit,classic!,2025-05-07T18:42:09Z,3,halfaloafofkungfoo,music,2025-05-26T07:01:40.866283Z
mr4q96e,1kh35u5,reddit,Heard this in a skate video like 20 years ago and it still rocks,2025-05-07T20:41:37Z,3,Victory33,music,2025-05-26T07:01:40.866291Z
mr44j71,1kh35u5,reddit,One of my favorite albums.  Saw them live for their first reunion years ago here in NYC.  Great show and there was a small group of very rowdy Irish fans there in the crowd who were awesome too,2025-05-07T18:57:11Z,2,MohawkElGato,music,2025-05-26T07:01:40.866299Z
mr48rk9,1kh35u5,reddit,Great great album. I think I saw that these guys may be touring this year?,2025-05-07T19:17:49Z,2,inkyblinkypinkysue,music,2025-05-26T07:01:40.866307Z
mr5thwa,1kh35u5,reddit,"Damn, this takes me back!",2025-05-08T00:12:37Z,2,horseradish_is_gross,music,2025-05-26T07:01:40.866315Z
mrscfni,1kk4ve1,reddit,"Used to see these guys on MuchMusic all the time. Absolute bops and footage of their live shows always looked like a ton of fun.

Was confused when I heard they did a song with Nelly Furtado because their music styles just seemed so different but it was GOOD.",2025-05-11T18:18:31Z,9,reddfawks,music,2025-05-26T07:01:42.720047Z
mru87r0,1kk4ve1,reddit,"Oh man, this brings me back to high school.",2025-05-12T00:54:05Z,3,ZombieJesus1987,music,2025-05-26T07:01:42.720059Z
mrurdhm,1kk4ve1,reddit,Oh man. I love this track. The hook is catchy as hell.,2025-05-12T03:00:41Z,2,DjCyric,music,2025-05-26T07:01:42.720068Z
mrv5pwz,1kk4ve1,reddit,"They still are really talented, mad child has been through some shit though but I think he’s been doing a lot better he’s put out a ton of really good solo work. As a group the single Faceless kings came out last year and is solid.",2025-05-12T04:54:57Z,2,evlgns,music,2025-05-26T07:01:42.720076Z
mpsf9sq,1kb7ym0,reddit,Gran Tourismo is a fantastic album.,2025-04-30T04:43:35Z,6,delifte,music,2025-05-26T07:01:44.773887Z
mpufymd,1kb7ym0,reddit,One of the most under-appreciated bands out of Europe during that era.  Add in Komeda and Sahara Hotnights.,2025-04-30T14:26:27Z,2,CrimsonFeetofKali,music,2025-05-26T07:01:44.773899Z
mu82sy3,1kvafrk,reddit,"Wild that *2001: A Space Odyssey* isn’t mentioned until the 12th paragraph.

https://youtu.be/0ZoSYsNADtY",2025-05-25T19:42:10Z,2,Keikobad,music,2025-05-26T07:01:45.791097Z
mrp8etv,1kjshaa,reddit,The intro to this song is everything,2025-05-11T04:31:15Z,5,amguz5150,music,2025-05-26T07:01:46.714334Z
mrp75mk,1kjshaa,reddit,"This whole album is a masterpiece. My mom would listen to doo-wop when I was younger and I got into grunge in high school, so when I heard this album, their sound instantly clicked with me.",2025-05-11T04:20:59Z,6,Matt_Benatar,music,2025-05-26T07:01:46.714348Z
mrrrmuj,1kjshaa,reddit,JASON CROPPER!,2025-05-11T16:28:52Z,1,chdude3,music,2025-05-26T07:01:46.714356Z
mrp6jbg,1kjs90s,reddit,Bro this is fucking amazing wtfffff,2025-05-11T04:15:58Z,2,iam_justblake,music,2025-05-26T07:01:47.742863Z
mrpaqsp,1kjs90s,reddit,"Don’t give it up! No matter what stay with the music. It’s important for the atmosphere, the sky and stars and especially the souls reaching out for joy! There’s music to be made and played! 
Life is like the waves of the ocean. There are ebbs and flows and swells and stillness. Like music! 
Seek it out or create something new. GL",2025-05-11T04:50:42Z,2,PiPie1957,music,2025-05-26T07:01:47.742875Z
mrpdq7s,1kjs90s,reddit,"It’s good, but even if it wasn’t… if it makes YOU feel something that’s all that matters, and you should keep working off that feeling it gives you. Others will feel it too.",2025-05-11T05:17:03Z,2,gastapo67,music,2025-05-26T07:01:47.742884Z
mrpj0yh,1kjs90s,reddit,"If you need someone to talk, I'm here. If you're not comfortable talking to some random stranger on the Internet (which I'm sure you're not and completely understand why), then talk to a good friend or family member you can rely on. If that's not an option, maybe talk to an animal, or even a plant. I know it sounds silly, but even venting to a literal rock- to move towards getting your fears, anxieties, and struggles off your chest- is a healthy thing to do, regardless of the listener's response... or lack thereof. And keep listening to music. Depending on what's helping you rn, I can give you some song/artist recs, if you'd like. Be warned, though, I have eclectic taste and mostly listen to ""darker"" themed music. So if that's a no for you, don't listen to me. My music will *not* help. Especially because I listen to a lot of metal, rock, k-rock, k-pop, and dark pop (that's what I call it, at least). I also listen to classical, which can help soothe nerves, depending on who you are. In any case, I hope this comment helps to some degree, and I hope your situation gets better. Sending virtual hugs, good vibes, and hopes for healing your way. Take care! :)",2025-05-11T06:05:32Z,1,Public_Duck8105,music,2025-05-26T07:01:47.742892Z
mrpl3or,1kjs90s,reddit,"This is a lot better than a lot of the stuff I check out from the sub. Good voice, strong hook, well produced, and a digestible structure. 

I think you'd really have something if you allowed the song to evolve and build a little more. Maybe get creative with compositions throughout your songs. Because you've got a good ear for catchy melodies and can deliver on that front. I just felt like by the end I didn't necessarily want to hear the same exact chorus and hook melody again.",2025-05-11T06:25:50Z,1,nohumanape,music,2025-05-26T07:01:47.742900Z
mqr25jw,1kfinme,reddit,"I do this anyway… I’ll get hooked on an album and listen to it exclusively for a month or two before moving on. 

Right now, it’s Meteor’s Defender of the Fleet album.",2025-05-05T18:35:08Z,34,AscendingNike,music,2025-05-26T07:01:50.581956Z
mqr04zh,1kfinme,reddit,Manchester Orchestra - A Black Mile to the Surface,2025-05-05T18:25:09Z,24,Sexiarsole,music,2025-05-26T07:01:50.581959Z
mqretjj,1kfinme,reddit,Daft Punk Random Access Memories,2025-05-05T19:37:53Z,21,Cdesese,music,2025-05-26T07:01:50.581961Z
mqr0wvg,1kfinme,reddit,"Good Apollo, I'm Burning Star IV, Volume One: From Fear Through the Eyes of Madness -Coheed & Cambria",2025-05-05T18:28:58Z,35,HawkFeller,music,2025-05-26T07:01:50.581964Z
mqr3vf9,1kfinme,reddit,Viagr Aboys,2025-05-05T18:43:36Z,35,kushharvey,music,2025-05-26T07:01:50.581966Z
mqr1lck,1kfinme,reddit,Mezzanine,2025-05-05T18:32:20Z,24,alexandervolk,music,2025-05-26T07:01:50.581968Z
mqr49af,1kfinme,reddit,"I'd be fine with OK Computer,  Kid A or In Rainbows from Radiohead",2025-05-05T18:45:31Z,24,buckwheat92,music,2025-05-26T07:01:50.581970Z
mqqyu5k,1kfinme,reddit,"Right now, I’m going Lord Huron “Vide Noir”",2025-05-05T18:18:50Z,21,monoXstereo,music,2025-05-26T07:01:50.581972Z
mqqz4xr,1kfinme,reddit,KoRn - Follow the leader.,2025-05-05T18:20:18Z,21,tythihoz,music,2025-05-26T07:01:50.581974Z
mqr0san,1kfinme,reddit,"Clair Obscur Expedition 33 OST

Because I will likely be listening to only that for the next month anyway.",2025-05-05T18:28:19Z,18,tinythunder,music,2025-05-26T07:01:50.581976Z
mqr30qk,1kfinme,reddit,Helplessness Blues,2025-05-05T18:39:24Z,10,runofthemillbastard,music,2025-05-26T07:01:50.581978Z
mqradvc,1kfinme,reddit,Megadeth - Rust in Peace,2025-05-05T19:15:44Z,10,Super_Opposite_6151,music,2025-05-26T07:01:50.581980Z
mqqzcak,1kfinme,reddit,Alkaline Trio - *Good Mourning*,2025-05-05T18:21:17Z,8,amorningofsleep,music,2025-05-26T07:01:50.581982Z
mqr2trf,1kfinme,reddit,For length and variety I’m going with Exile On Main St. if it were a year or the rest of my life I might think harder about it. But I’d be happy with that for 30 days.,2025-05-05T18:38:27Z,7,TheHumanCanoe,music,2025-05-26T07:01:50.581984Z
mqr7gt9,1kfinme,reddit,Pretty Hate Machine by Nine Inch Nails,2025-05-05T19:01:12Z,7,Cheap-Blueberry-9439,music,2025-05-26T07:01:50.581986Z
mqra6k9,1kfinme,reddit,Pantera - Great Southern Trendkill,2025-05-05T19:14:43Z,6,MetalHeadJakee,music,2025-05-26T07:01:50.581988Z
mqrednm,1kfinme,reddit,Superunknown,2025-05-05T19:35:42Z,7,Evelyn-Bankhead,music,2025-05-26T07:01:50.581992Z
mqree5u,1kfinme,reddit,Alice In Chains unplugged,2025-05-05T19:35:46Z,6,bornrottenn,music,2025-05-26T07:01:50.581994Z
mqqz02m,1kfinme,reddit,"King Crimson - ""Starless""

(Over 23 CDs, 2 Blu-ray audio discs and 2 DVDAs, it is a limited edition box set featuring studio and live recordings – many previously unreleased – from King Crimson's celebrated mid-1970s live line-up.)",2025-05-05T18:19:39Z,11,theknyte,music,2025-05-26T07:01:50.581996Z
mqr4sn1,1kfinme,reddit,The War On Drugs - A Deeper Understanding,2025-05-05T18:48:09Z,6,folkgetaboutit,music,2025-05-26T07:01:50.581998Z
mqqznw8,1kfinme,reddit,The Joshua Tree,2025-05-05T18:22:52Z,10,LarsOnTheDrums42,music,2025-05-26T07:01:50.582000Z
mqr95lx,1kfinme,reddit,"Tool - 10000 Days. 

I just love that album.",2025-05-05T19:09:36Z,11,craipz,music,2025-05-26T07:01:50.582002Z
mqr1p0q,1kfinme,reddit,Kind of Blue - Miles Davis,2025-05-05T18:32:50Z,11,GabrielaM11,music,2025-05-26T07:01:50.582004Z
mqr3a2h,1kfinme,reddit,The Mars Volta - Lucro Sucio,2025-05-05T18:40:41Z,6,dognameddrew,music,2025-05-26T07:01:50.582006Z
mqr3nuu,1kfinme,reddit,Goose - Everything Must Go,2025-05-05T18:42:34Z,4,IllustriousLength318,music,2025-05-26T07:01:50.582008Z
mqr4fqe,1kfinme,reddit,Aphex Twin - Selected Ambient Works Vol. II,2025-05-05T18:46:23Z,4,Liquid_Lunch_1991,music,2025-05-26T07:01:50.582010Z
mqr8h9t,1kfinme,reddit,Tom Petty - Wildflowers,2025-05-05T19:06:15Z,6,D_Dumps,music,2025-05-26T07:01:50.582012Z
mqr8jvo,1kfinme,reddit,"AudioSlave by AudioSlave, listen too it often and have done for 20 years so another month would be a joy",2025-05-05T19:06:36Z,5,BCBUK,music,2025-05-26T07:01:50.582014Z
mqr8ri5,1kfinme,reddit,"Since it's pretty new, I'm going with Skeleta by Ghost. I love the album, I think it's great, but I haven't listened to it enough to get like, a lot of tiny details out of it, or pick up on all the little nuances and all that, so I would welcome the opportunity!",2025-05-05T19:07:40Z,5,djdiphenhydramine,music,2025-05-26T07:01:50.582016Z
mqraqwq,1kfinme,reddit,Sum 41 - Does this look Infected,2025-05-05T19:17:33Z,5,Mehdals_,music,2025-05-26T07:01:50.582018Z
mqrccha,1kfinme,reddit,Fleetwood Mac - Rumours,2025-05-05T19:25:29Z,5,drae-,music,2025-05-26T07:01:50.582020Z
mqqzci8,1kfinme,reddit,OK Computer,2025-05-05T18:21:19Z,8,Fxate,music,2025-05-26T07:01:50.582022Z
mqr0v8m,1kfinme,reddit,To Lose My Life... - White Lies,2025-05-05T18:28:44Z,3,Rhykos28,music,2025-05-26T07:01:50.582024Z
mqr1xs2,1kfinme,reddit,Fontaines D.C - Romance Deluxe Edition,2025-05-05T18:34:03Z,4,bennydthatsme,music,2025-05-26T07:01:50.582026Z
mqr47vk,1kfinme,reddit,Are You Experienced?,2025-05-05T18:45:19Z,5,Truizm,music,2025-05-26T07:01:50.582029Z
mqr4rpi,1kfinme,reddit,"I tend to do this anyway for a couple months when an anticipated album drops. Right now it's Skeleta, the new Ghost album. Good summer jams",2025-05-05T18:48:02Z,4,crunchyfoliage,music,2025-05-26T07:01:50.582031Z
mqr9mqi,1kfinme,reddit,Rush Counterparts,2025-05-05T19:11:59Z,4,himenokuri,music,2025-05-26T07:01:50.582033Z
mqrarhn,1kfinme,reddit,The Low End Theory-ATCQ,2025-05-05T19:17:38Z,4,homechicken20,music,2025-05-26T07:01:50.582035Z
mqrgvod,1kfinme,reddit,I could go a month on just about any album I enjoy,2025-05-05T19:48:02Z,4,mrbadxampl,music,2025-05-26T07:01:50.582037Z
mqrq0cl,1kfinme,reddit,This is how I usually listen to music. I live with albums for a while and get to know the songs.  Recently it’s been the new Panda Bear and the new Richard Dawson albums. Either one of those. Or maybe Street Legal by Bob Dylan. I never get tired of that one.,2025-05-05T20:32:08Z,5,BroadIntroduction575,music,2025-05-26T07:01:50.582039Z
mqr6eqb,1kfinme,reddit,Mayhem - Lady Gaga,2025-05-05T18:56:00Z,7,bgriffith29,music,2025-05-26T07:01:50.582041Z
mqr1wam,1kfinme,reddit,Spirit of Eden - Talk Talk,2025-05-05T18:33:51Z,3,ThemBadBeats,music,2025-05-26T07:01:50.582043Z
mqr402c,1kfinme,reddit,The Future Sound of London - Archived Environmental Views,2025-05-05T18:44:15Z,3,alibloomdido,music,2025-05-26T07:01:50.582045Z
mqr4t62,1kfinme,reddit,Literally been doing that with Viagr Aboys - Viagra Boys. Last month it was Mirrored - Battles,2025-05-05T18:48:14Z,3,Appreciate_Cucumber,music,2025-05-26T07:01:50.582047Z
mqr6xoh,1kfinme,reddit,[deleted],2025-05-05T18:58:35Z,3,N/A,music,2025-05-26T07:01:50.582049Z
mqr7gsk,1kfinme,reddit,Knocked Loose - A different shade of blue.,2025-05-05T19:01:12Z,3,Chillynuggets,music,2025-05-26T07:01:50.582051Z
mqr8ju0,1kfinme,reddit,"Television, *Marquee Moon*. Works for whatever mood I'm in and has enough musical and lyrical density to keep me satisfied.",2025-05-05T19:06:35Z,3,VampireOnHoyt,music,2025-05-26T07:01:50.582053Z
mqr9qb4,1kfinme,reddit,"Easy, 'Shut Up And Play Yer Guitar'",2025-05-05T19:12:29Z,3,Workforyuda,music,2025-05-26T07:01:50.582055Z
mqra04u,1kfinme,reddit,"""If I Should Fall from Grace with God"" by the Pogues. I tend to like lyrical poetry and traditional instrumentation in folk music. I don't know if I could survive a month listening to just one person sing with a handful of accompanying instruments in one style. The expanded version of this album has really impressive variety for fitting really well into my musical tastes.",2025-05-05T19:13:50Z,3,KNNLTF,music,2025-05-26T07:01:50.582057Z
mqrb1e1,1kfinme,reddit,King Gizzard and the Lizard Wizard - Live at Red Rocks '22. It's 9 hours long. Checkmate.,2025-05-05T19:18:59Z,3,twosuitsluke,music,2025-05-26T07:01:50.582059Z
mqrchy6,1kfinme,reddit,"I’m obsessed with Tame Impala atm, so one of those albums 🤩",2025-05-05T19:26:14Z,3,AnonymousFellowAlien,music,2025-05-26T07:01:50.582061Z
mqrd19s,1kfinme,reddit,"PetroDragonic Apocalypse; or, Dawn of Eternal Night: An Annihilation of Planet Earth and the Beginning of Merciless Damnation",2025-05-05T19:28:56Z,3,LabRatTestingMice,music,2025-05-26T07:01:50.582063Z
mqrd7fj,1kfinme,reddit,Shadows collide with people - John frusciante,2025-05-05T19:29:48Z,3,dillonbrooksstan,music,2025-05-26T07:01:50.582065Z
mqrdfx0,1kfinme,reddit,Can it be the same one i listened to last month?,2025-05-05T19:30:59Z,3,DarkIllusionsMasks,music,2025-05-26T07:01:50.582067Z
mqrdgsk,1kfinme,reddit,NIИ - *Ghosts V: Together*,2025-05-05T19:31:07Z,3,MarilynManson2003,music,2025-05-26T07:01:50.582069Z
mqrgjcf,1kfinme,reddit,Take me back to eden - Sleep Token,2025-05-05T19:46:21Z,3,Deep_Relationship960,music,2025-05-26T07:01:50.582071Z
mqrh4t2,1kfinme,reddit,currently In the wake of Poseidon - King Crimson,2025-05-05T19:49:16Z,3,asap_anxiety33,music,2025-05-26T07:01:50.582073Z
mqri1xo,1kfinme,reddit,"Hazards of Love - The Decemberists.

I could listen to The Queen's Rebuke for hours alone. The transition to it from The Abduction of Margaret is phenomenal and made it one of my favorite albums ever. 

Shara Nova (My Brightest Diamond) sings the part of the Queen, and her voice just has the most intimidating presence. Think if Lady Galadriel was the singer for a rock band.",2025-05-05T19:53:43Z,3,BuckysKnifeFlip,music,2025-05-26T07:01:50.582075Z
mqriag5,1kfinme,reddit,The cure - disintegration,2025-05-05T19:54:51Z,3,dounisaur,music,2025-05-26T07:01:50.582077Z
mqrjjrq,1kfinme,reddit,any death cab for cutie album. pure vibes man,2025-05-05T20:00:55Z,3,indigomilkkap,music,2025-05-26T07:01:50.582079Z
mqrkhgj,1kfinme,reddit,Someone already posted Viagr Aboys so actually I’m going with my heart - it’s Imaginal Disk by Magdalena Bay,2025-05-05T20:05:28Z,3,UnusualKaleidoscope6,music,2025-05-26T07:01:50.582081Z
mqro3u9,1kfinme,reddit,Dire Straits Brothers in Arms,2025-05-05T20:22:54Z,3,Cultural-Problem-107,music,2025-05-26T07:01:50.582084Z
mqrqr8v,1kfinme,reddit,"Remember when we used to do this, well, always before the iPod?  I’d have like MAX four records in my car at a time unless I was planning a long drive—and then it was WELL thought out which ones would come from home.

My answer: AIR 10,000Hz Legend.",2025-05-05T20:35:47Z,3,danbozek,music,2025-05-26T07:01:50.582086Z
mqrro89,1kfinme,reddit,"Ehhh are there loopholes?

Like I’ll take the 4 LP Nuggets or STAX records compilation. 

But if it had to be a single proper album:

 Beatles - Revolver

Or

Blood Orange - Cupid Deluxe 

Or

Chemical Brothers - Surrender

I can’t decide.",2025-05-05T20:40:13Z,3,catheterhero,music,2025-05-26T07:01:50.582088Z
mqrw43s,1kfinme,reddit,Zappa in New York,2025-05-05T21:01:58Z,3,dcris64,music,2025-05-26T07:01:50.582090Z
mqrwoqk,1kfinme,reddit,"Invincible by Michael Jackson. I think, this is the most underrated album ever. I can listen to it all day.",2025-05-05T21:04:49Z,3,matveyryazanov5,music,2025-05-26T07:01:50.582092Z
mqs06cw,1kfinme,reddit,Bruno’s mars Doo woops & Hooligans straight bangers,2025-05-05T21:22:33Z,3,DaSennaa,music,2025-05-26T07:01:50.582095Z
mqra5np,1kfinme,reddit,"Not even out yet, but Sleep Token's album that comes out this Friday. Even in Arcadia.",2025-05-05T19:14:35Z,5,Hybrid_256,music,2025-05-26T07:01:50.582097Z
mqrqyyk,1kfinme,reddit,…..do people not regularly listen to one album for an entire month without issue?,2025-05-05T20:36:50Z,6,Organizedchaos90,music,2025-05-26T07:01:50.582099Z
mqr0ajd,1kfinme,reddit,"Ween - Quebec

Failure - Magnified

Down - NOLA

Interpol - Antics

Mr. Bungle - Self Titled

Those are a few I distinctly remember listening to repeatedly for at least a month when I first heard them.",2025-05-05T18:25:55Z,4,R0AF,music,2025-05-26T07:01:50.582101Z
mqr41lx,1kfinme,reddit,"Powerslave, Seventh son, piece of mind, number of the beast or somewhere in time by Iron Maiden….any one of those",2025-05-05T18:44:27Z,4,NotDukeOfDorchester,music,2025-05-26T07:01:50.582103Z
mqr6cka,1kfinme,reddit,It will always be Jagged Little Pill for me.,2025-05-05T18:55:43Z,3,chocolateandcoffee,music,2025-05-26T07:01:50.582106Z
mqroxcn,1kfinme,reddit,Master of Puppets would be my pick right now.,2025-05-05T20:26:51Z,4,SleekCapybara,music,2025-05-26T07:01:50.582108Z
mqr1lxv,1kfinme,reddit,"I just need one tube, grandfather’s clock. I need those to rhythm my breathing while I workout everyday. I need it",2025-05-05T18:32:25Z,2,Soltaengboi,music,2025-05-26T07:01:50.582110Z
mqr1ooj,1kfinme,reddit,did that once: it's Interstellar (Hans Zimmer),2025-05-05T18:32:48Z,2,raghavdabba,music,2025-05-26T07:01:50.582112Z
mqr2ox2,1kfinme,reddit,"STORMBRINGER by Deep Purple, awesome just listen to it",2025-05-05T18:37:48Z,2,zantzinner,music,2025-05-26T07:01:50.582114Z
mqr4myy,1kfinme,reddit,Wide awake - parquet courts,2025-05-05T18:47:23Z,2,Froyobliss,music,2025-05-26T07:01:50.582117Z
mqr5pa0,1kfinme,reddit,Young Sick Camellia - St. Paul & The Broken Bones,2025-05-05T18:52:36Z,2,Xmeik,music,2025-05-26T07:01:50.582119Z
mqr64di,1kfinme,reddit,Pulp's Different Class is my #1 desert island disc,2025-05-05T18:54:38Z,2,Few-Hotel-9592,music,2025-05-26T07:01:50.582121Z
mqr6ws2,1kfinme,reddit,"The chief - Jidenna

The storytelling is amazing and something about his vocals really soothes me. It’s got upbeat hip hop tracks, and more chill tracks as well. A little of everything IMO",2025-05-05T18:58:28Z,2,Drewabble,music,2025-05-26T07:01:50.582123Z
mqr7l4a,1kfinme,reddit,"For new ones id go Palmyra, flipturn, The Toxhards, Beach Bunny as a toss up. ",2025-05-05T19:01:47Z,2,Sybertron,music,2025-05-26T07:01:50.582125Z
mqr7sjs,1kfinme,reddit,"That would be Turn by Signa for me, easily",2025-05-05T19:02:48Z,2,strraand,music,2025-05-26T07:01:50.582127Z
mqr8j65,1kfinme,reddit,One Wayne G by Mac DeMarco. It's 8.5 hours long,2025-05-05T19:06:30Z,2,CannaPaul91,music,2025-05-26T07:01:50.582130Z
mqr90cw,1kfinme,reddit,That’s easy. Depeche Mode - Violator.,2025-05-05T19:08:52Z,2,Opposite-Ice-1855,music,2025-05-26T07:01:50.582132Z
mqr9dns,1kfinme,reddit,"The Return of the Dream Canteen. A lot of songs to choose, several vibes going on, relatively recent. Pretty cool",2025-05-05T19:10:43Z,2,Hard-_,music,2025-05-26T07:01:50.582134Z
mqrbuen,1kfinme,reddit,In Rainbows - Radiohead,2025-05-05T19:22:58Z,2,celestialmechanic,music,2025-05-26T07:01:50.582136Z
mqrc7tz,1kfinme,reddit,Sound & Fury by Sturgill Simpson,2025-05-05T19:24:50Z,2,timbillyosu,music,2025-05-26T07:01:50.582138Z
mqrcx1g,1kfinme,reddit,"I'm on a The Beth's binge, so Expert in a Dying Field.",2025-05-05T19:28:20Z,2,Blargosaurus,music,2025-05-26T07:01:50.582140Z
mqrcxnn,1kfinme,reddit,Probably a new one from a group I know i like,2025-05-05T19:28:25Z,2,jkmhawk,music,2025-05-26T07:01:50.582142Z
mqrd2rv,1kfinme,reddit,Gaga - Mayhem,2025-05-05T19:29:09Z,2,notacrook,music,2025-05-26T07:01:50.582144Z
mqrdmaf,1kfinme,reddit,"Had you asked me this a year ago I would've said Phantoma.  Because that's basically what I did for the entire first month after it released.  And honestly it's good enough I'd probably go ahead and still say Phantoma.

That or else it would be the other album I keep running on repeat lately: Chasing Euphoria.",2025-05-05T19:31:54Z,2,AwardImmediate720,music,2025-05-26T07:01:50.582146Z
mqrdo2z,1kfinme,reddit,"Right now, Mayhem by Lady Gaga",2025-05-05T19:32:09Z,2,e-fox,music,2025-05-26T07:01:50.582149Z
mqre0xr,1kfinme,reddit,Gypsy guitars 2- Angelo Debarre,2025-05-05T19:33:56Z,2,ProfessorShowbiz,music,2025-05-26T07:01:50.582151Z
mqreot9,1kfinme,reddit,Foo Fighters - Wasting Light,2025-05-05T19:37:14Z,2,BriMaster9000,music,2025-05-26T07:01:50.582153Z
mqrf2vx,1kfinme,reddit,Mathieu Santos “Fan Fiction”  - I’ve had the song The Narrow Land in my head for two months.  Sort of Indie Ennio Morricone,2025-05-05T19:39:09Z,2,Fleenix,music,2025-05-26T07:01:50.582155Z
mqrfp1x,1kfinme,reddit,"""Dulcinea"" by Toad the Wet Sprocket. It's a 10/10 album.",2025-05-05T19:42:11Z,2,ObjectReport,music,2025-05-26T07:01:50.582157Z
mqrfx3t,1kfinme,reddit,Fortitude- Gojira,2025-05-05T19:43:17Z,2,Key_Leg9565,music,2025-05-26T07:01:50.582159Z
mqrgdqk,1kfinme,reddit,"A Perfect Circle's ""Mer de Noms""",2025-05-05T19:45:35Z,2,kiplos,music,2025-05-26T07:01:50.582161Z
mqrgt6u,1kfinme,reddit,Hey Rosetta - Seeds,2025-05-05T19:47:42Z,2,rungenies,music,2025-05-26T07:01:50.582163Z
mqrhbsq,1kfinme,reddit,"Any Cars or Til Tuesday album, certainly.",2025-05-05T19:50:13Z,2,Abomb_is_Unbannable,music,2025-05-26T07:01:50.582166Z
mqgwsrl,1ke6rd5,reddit,Saw them a couple times in the early oughts. Was surprised at how tight they were. Their bassist was incredible.,2025-05-04T01:50:57Z,3,talllongblackhair,music,2025-05-26T07:01:51.459963Z
mqgg7bl,1ke6rd5,reddit,"…. That ending, too
(3:10..)",2025-05-04T00:02:51Z,2,itsallcosmica,music,2025-05-26T07:01:51.459975Z
mqgnkh6,1ke6rd5,reddit,Great album. I saw them at the Cure's Curiosa Festival when it came to Randall's Island in 2004.,2025-05-04T00:50:26Z,2,jeweynougat,music,2025-05-26T07:01:51.459983Z
mqgj17q,1ke6rd5,reddit,"Saw them in Summer 2007 at the Norfolk Scope with a group of Polish kids I befriended. We were all in our 20s, incredible night. Calla opened up for them which imo outshined Interpol.

If anyone in their 20s is reading this please go out and make memories. Don’t shut yourselves in because you will never get those years back",2025-05-04T00:20:58Z,2,SoapyDoodle,music,2025-05-26T07:01:51.459990Z
mqgjruf,1ke6rd5,reddit,"As a singer, he’s only gotten better though. In that respect, 2022 Interpol was SOLID. Watching Paul Banks early 2000 live videos can sometimes be cringe-y lololol",2025-05-04T00:25:47Z,1,itsallcosmica,music,2025-05-26T07:01:51.459997Z
mtfxh1v,1krsz4u,reddit,"Absolutely brilliant, all of them and don't forget Jeff Coffin ;-)",2025-05-21T08:50:28Z,16,_LB,music,2025-05-26T07:01:52.534897Z
mtgsy8x,1krsz4u,reddit,Pound for pound one of the most talented ensembles ever ensembled.  Esp w Howard Levy on harmonica,2025-05-21T13:02:18Z,14,william-o,music,2025-05-26T07:01:52.534910Z
mth343x,1krsz4u,reddit,"He's amazing.

[One of my favorite videos featuring Bela](https://youtu.be/rVl1ibykWZU)",2025-05-21T13:58:07Z,8,DoctorBaconite,music,2025-05-26T07:01:52.534918Z
mth4rvh,1krsz4u,reddit,"They've always been on a genre trajectory I dont love necessarily (in that confluence of jammy and folky and jazz fusiony), and I ONLY mention that because personal taste aside I will defend those generational talents (3 of the same generation? Unbelievable) as fervently as any of their biggest fans. ""Geniuses"" doesnt even begin, they're tapping into something higher. Cosmic savants maybe? Futureman's rig alone is otherworldly.",2025-05-21T14:06:34Z,6,sightlab,music,2025-05-26T07:01:52.534926Z
mtfyt78,1krsz4u,reddit,"Saw them with Futureman as the opening at Park West pavilion on lake Erie. Had to have been around 2004 ish. Don't think I've seen anything quite like that before or since 

I'd completely forgotten about that show until I read this😀",2025-05-21T09:04:23Z,5,ArchaicBrainWorms,music,2025-05-26T07:01:52.534933Z
mtfyhox,1krsz4u,reddit,Bela is one of the best banjo players of the generation.,2025-05-21T09:01:02Z,8,Frost-Folk,music,2025-05-26T07:01:52.534941Z
mtgwfeu,1krsz4u,reddit,Love them!  I grew up in Virgina Beach and got to see them play a bunch of small venues back in the day.  My favorite being at the beach stage (King Neptune Park…around 30th st).,2025-05-21T13:22:16Z,3,herbfriendly,music,2025-05-26T07:01:52.534949Z
mtgwv1j,1krsz4u,reddit,"Great stuff, well played and well recorded. 

Flight of the Cosmic Hippo is a test track for me, as well being a cracking tune.",2025-05-21T13:24:42Z,3,NeighborhoodLeft2699,music,2025-05-26T07:01:52.534956Z
mthgm51,1krsz4u,reddit,The Live at the Quick DVD was on repeat for a couple of years there. Amazing talents.,2025-05-21T15:04:59Z,3,pickanotherusername,music,2025-05-26T07:01:52.534964Z
mtgbou2,1krsz4u,reddit,So good,2025-05-21T11:05:50Z,2,Man_Fried,music,2025-05-26T07:01:52.534971Z
mth8it5,1krsz4u,reddit,A moment so close is my favorite song of theirs. A friend played the outbound album when it came out and I listen to that song every once and a while since. I mostly listen to metal too.,2025-05-21T14:25:18Z,2,SilverBackGuerilla,music,2025-05-26T07:01:52.534978Z
mth9a4h,1krsz4u,reddit,"Grateful to have seen them live frequently (the Flecktones as well as Bela, Coffin and the Wootens in different projects) when I lived in Nashville in the early 2000s",2025-05-21T14:29:01Z,2,PaidByTheNotes,music,2025-05-26T07:01:52.534986Z
mthrjd6,1krsz4u,reddit,So awesome. Every member is a ridiculously talented musician. Saw them perform outdoors at a zoo. They had to turn it down so they didn't scare the animals.,2025-05-21T15:56:58Z,2,ericjgriffin,music,2025-05-26T07:01:52.534993Z
mtif72x,1krsz4u,reddit,Love them I think they are touring in the fall !,2025-05-21T17:48:56Z,2,quietworlock22,music,2025-05-26T07:01:52.535001Z
mtikuu5,1krsz4u,reddit,"Although not credited as a full time member, a shout out to Sam Bush. He and Victor Wooten trading riffs is a highlight for me.",2025-05-21T18:15:42Z,2,Affectionate_Reply78,music,2025-05-26T07:01:52.535009Z
mtitonx,1krsz4u,reddit,"So. Damn. Good. If I was to critique anything, it would be the band’s name, I hate it.",2025-05-21T18:58:28Z,2,gratusin,music,2025-05-26T07:01:52.535016Z
mtjis6x,1krsz4u,reddit,"They're playing a few shows soon, finally, just fyi. Check it out.",2025-05-21T20:57:30Z,2,randysbosssauce,music,2025-05-26T07:01:52.535024Z
mtjrztz,1krsz4u,reddit,"Saw the Austin City Limits show they formed for, and have been a super fan ever since. Never get tired of their music. Bela Fleck and the Flecktones, and Snarky Puppy are always the answer to my favorite band.",2025-05-21T21:41:36Z,1,Dojustly,music,2025-05-26T07:01:52.535031Z
mtjs4gh,1krsz4u,reddit,They’re spectacular.,2025-05-21T21:42:15Z,1,Differentdog,music,2025-05-26T07:01:52.535038Z
mtk6qx3,1krsz4u,reddit,Probably the most talented group of musicians I've ever seen in the same place at the same time.,2025-05-21T23:01:47Z,1,IAmAMahonBone,music,2025-05-26T07:01:52.535046Z
mtkfhz6,1krsz4u,reddit,Loved them for decades,2025-05-21T23:51:12Z,1,uninteresting_handle,music,2025-05-26T07:01:52.535053Z
mtozho2,1krsz4u,reddit,"I’ve listened to snippets of them and thought there good but likely good in a technical highly listenable sense  like a lot of Jazz fusion and even bluegrass more than anything else.

Bella Fleck’s The Imposter and My bluegrass Heart is great though.",2025-05-22T17:52:55Z,1,spinosaurs70,music,2025-05-26T07:01:52.535061Z
mty5p55,1krsz4u,reddit,"Absolutely genius. I have been a fan from the start. It was VH1 which aired the Sinister Minister video and my mind was blown. I would have been 16. While old school MTV gets a ton of praise, old school VH1 seems to get none, but they opened my eyes to Flecktones, Adrian Belew, Tuck and Patti, and so many other incredible musicians.  I saw the Flecktones very first show in LA which was June, 1990 at the Roxy. Years later I was speaking to Victor and he didn't even remember that show - I certainly did. During a bass solo a woman parted the audience to do the praise gesture, basically genuflecting, for the band to see. I saw every LA area show for years to come, and even flew out to the second Bonnaroo basically to see them at a festival setting. Those early shows were so exhilarating, and very funny - lots of little bits that they've since dropped, like strumming each other's instruments, and choreographed movements. Later, I went to plenty of Wooten and Fleck solo shows and clinics. It is hard to express how important this band has been to me as a musician and human being. So pleased that I'll be seeing them again in August at The Ford. 

In my top 5 most influential bands of all time.",2025-05-24T02:54:14Z,1,Odd-Smell-1125,music,2025-05-26T07:01:52.535068Z
mu6kv2h,1krsz4u,reddit,Not my cup of tea.,2025-05-25T15:08:32Z,1,captainbeautylover63,music,2025-05-26T07:01:52.535076Z
mqe85qy,1kdx0kr,reddit,Murmur is just a superb album and that opener sets the pace and standard.,2025-05-03T16:37:38Z,4,simagus,music,2025-05-26T07:01:53.471454Z
mqenglw,1kdx0kr,reddit,"The first remix is fun, the Mitch Easter one not so much for me. Are the other three tracks just the original versions re-released?",2025-05-03T17:54:41Z,1,Junkstar,music,2025-05-26T07:01:53.471465Z
mqejy5x,1kdx0kr,reddit,"To put this in perspective, this was originally released less than one year after Led Zeppelin's unfortunate demise.",2025-05-03T17:37:09Z,1,N/A,music,2025-05-26T07:01:53.471472Z
mplrkeq,1kacmsw,reddit,Important song in music history in regards to mp3 technology,2025-04-29T04:01:40Z,3,DippyHippie420,music,2025-05-26T07:01:54.455017Z
mpo6aq1,1kacmsw,reddit,Love this song.,2025-04-29T15:08:38Z,1,broc944,music,2025-05-26T07:01:54.455030Z
mp8c9kw,1k8qhkp,reddit,"Glad you are enjoying Reddit! I’m not sure if you want other music related subreddits but 

r/letstalkmusic 

And 

r/musicsuggestions 

Are fun to dip into.",2025-04-26T23:50:35Z,4,thesaltwatersolution,music,2025-05-26T07:01:55.416638Z
mtepozi,1krmxo8,reddit,"Hey you, good lookin’ female…. Come here.",2025-05-21T02:34:57Z,1,El_refrito_bandito,music,2025-05-26T07:01:56.339277Z
mtes3ly,1krmxo8,reddit,Figured it was topical for New Orleans tonight,2025-05-21T02:49:55Z,1,wyvernpiss,music,2025-05-26T07:01:56.339289Z
msln18f,1knx6ud,reddit,![gif](giphy|Dx7dlEnZ9nk8wzmMVj),2025-05-16T10:17:44Z,3,Willing-Neck-7417,music,2025-05-26T07:01:57.771803Z
msnq0j1,1knx6ud,reddit,It’s a great song thanks for posting!,2025-05-16T17:23:51Z,2,otterpop21,music,2025-05-26T07:01:57.771816Z
mt0jixg,1knx6ud,reddit,Classic great song and album,2025-05-18T20:50:04Z,2,Advanced_Strategy646,music,2025-05-26T07:01:57.771825Z
mrf6fyg,1kij1ha,reddit,An amazing voice. An awesome band. Jeff is sorely missed. Such a tragic and odd death. R.I.P Jeff.,2025-05-09T14:04:07Z,4,amber_room,music,2025-05-26T07:01:58.902561Z
mrf7199,1kij1ha,reddit,"Phenomenal track, still the best version",2025-05-09T14:07:22Z,3,Ponk2k,music,2025-05-26T07:01:58.902579Z
mrhphv5,1kij1ha,reddit,"26 upvotes only?

You need the Gen X crowd on here!",2025-05-09T21:52:39Z,3,duncthefunk78,music,2025-05-26T07:01:58.902592Z
mrivdh0,1kij1ha,reddit,"I think this song gets forgotten sometimes in the ""greatest ever covers"" conversation. Yes, All Along The Watchtower deserves its spot on the mountaintop. But this is IMO one of the great records of all time and had a similarly outsized impact compared to the original that Jimi's Watchtower did.",2025-05-10T02:10:37Z,2,night_dude,music,2025-05-26T07:01:58.902604Z
mqbzqhv,1kdmn7l,reddit,"In my humble opinion, the greatest punk album ever",2025-05-03T06:46:03Z,7,treegee,music,2025-05-26T07:01:59.821537Z
mqc2le6,1kdmn7l,reddit,"Three words.


Pro


Skater


2",2025-05-03T07:14:29Z,6,DuncneyForever,music,2025-05-26T07:01:59.821549Z
mq8su6g,1kd7tsg,reddit,The lyrics to this one are \*chef's kiss\*,2025-05-02T18:46:44Z,6,azad_ninja,music,2025-05-26T07:02:00.743363Z
mq8pojg,1kd7tsg,reddit,"Tool. Is wish I had learned about them earlier in my life. But the jobs that I worked throught the years, had these middle of the road greatest hits pop songs channels on the radio all day. And I liked to listen to Prince, Muse and   classical stuff. So I never got around to it, untill Drumeo (youtube channel about drumming) showed me the drumming by Danny Carey during the song Pneuma. And since then I've been very happy to have listened to pretty much all their songs. It's great stuff.

And I fully recommend watching that life performance of Pneuma. It shows what an incredible skilfull drummer Carey is.",2025-05-02T18:31:11Z,6,PurpleYoda319,music,2025-05-26T07:02:00.743379Z
mqd6la9,1kd7tsg,reddit,"imo one of their best, if not the best song",2025-05-03T13:13:01Z,3,meissullo,music,2025-05-26T07:02:00.743391Z
mq5iq87,1kctmwo,reddit,"The buildup during the bridge in “Drain You” by Nirvana….. the slow build, the scream with the pick slide, exploding back into the verse.",2025-05-02T06:07:37Z,15,N/A,music,2025-05-26T07:02:02.191393Z
mq64ggc,1kctmwo,reddit,"‘I know someday you’ll have a beautiful life, I know you’ll be a star…in somebody else’s sky…’. Black by Pearl Jam.",2025-05-02T09:51:17Z,12,Anne-with-an-e-77,music,2025-05-26T07:02:02.191403Z
mq5ixkc,1kctmwo,reddit,"« I will wait, even if it takes forever, I will wait..even if it takes a lifetime, I will wait »
Bee Gees - Nights on Broadway",2025-05-02T06:09:35Z,9,WilliamSheers,music,2025-05-26T07:02:02.191409Z
mq5j7k4,1kctmwo,reddit,"Life's what you make it - Talk Talk
 From the opening note, that shit is 🔥",2025-05-02T06:12:15Z,9,Rickthee,music,2025-05-26T07:02:02.191414Z
mq5iyj4,1kctmwo,reddit,At 1:04: Tragedy by The Bee Gees. Those harmonies are unlike anything else.,2025-05-02T06:09:50Z,9,Kit_McFlavor_Butter,music,2025-05-26T07:02:02.191418Z
mq5ier4,1kctmwo,reddit,Pink Floyd comfortably numb 4:30,2025-05-02T06:04:37Z,16,Kotaro458,music,2025-05-26T07:02:02.191423Z
mq5lywb,1kctmwo,reddit,The entire song of nutshell by Alice in Chains always gets my 100% undivided attention.,2025-05-02T06:39:05Z,7,RandomBloke2021,music,2025-05-26T07:02:02.191428Z
mq6jrbh,1kctmwo,reddit,"""It's the terror of knowing what this world is about

Watching some good friends screaming, ""Let me out""

- Under Pressure",2025-05-02T11:56:05Z,8,Such_Tea4707,music,2025-05-26T07:02:02.191433Z
mq5qldt,1kctmwo,reddit,The breakdown in Domination by Pantera,2025-05-02T07:25:34Z,5,WillemDaForrest,music,2025-05-26T07:02:02.191438Z
mq657xz,1kctmwo,reddit,"[Jethro Tull - Locomotive Breath](https://youtu.be/c4JqvK3Fwn8?si=Q_CccYt98OkVMZ9y) - the bit where it kicks in after the piano intro is a candidate but it is eclipsed by the bit at 2:48 where the flute (I know, bear with me) solo starts.",2025-05-02T09:58:42Z,4,mrstorey,music,2025-05-26T07:02:02.191443Z
mq5gvmi,1kctmwo,reddit,"Free Fallin' - Tom Petty. 

The harmonies on ""Ventura Boulevard"". I don't know why, but every time...",2025-05-02T05:50:17Z,7,quitewrongly,music,2025-05-26T07:02:02.191447Z
mq5kz97,1kctmwo,reddit,"Mine is also Alone by Heart. Well, I don't exactly ""listen""... I also belt out the words.

ETA: all of the song. Not a specific moment.",2025-05-02T06:29:21Z,5,mysteriousmistress66,music,2025-05-26T07:02:02.191452Z
mq61crh,1kctmwo,reddit,"Hey OP. Good question. For me, it’s when I hear the opening notes of Rock Steady by Aretha. 

Waiting for her to hit the word “rock” when she starts singing is just pure Aretha and spine-tingling - her power, her technique, her complete confidence - there’s no-one that ever been quite as complete as her. You can just hear that it ain’t no game with Aretha. 

I’m off to listen to it now.",2025-05-02T09:19:23Z,5,yearsofpractice,music,2025-05-26T07:02:02.191457Z
mq5jx80,1kctmwo,reddit,Feel Good Inc - Gorillaz at 1:21,2025-05-02T06:19:03Z,3,AccurateInternal878,music,2025-05-26T07:02:02.191462Z
mq5kmwt,1kctmwo,reddit,Cirice by Ghost 3:21,2025-05-02T06:26:02Z,3,skyfall_essence11,music,2025-05-26T07:02:02.191467Z
mq5kouq,1kctmwo,reddit,"NIИ - *Letting Go While Holding On* 

5:10 - 9:39.",2025-05-02T06:26:33Z,3,MarilynManson2003,music,2025-05-26T07:02:02.191472Z
mq623am,1kctmwo,reddit,"Bass solo at the end of Maxwell Murder by Rancid

https://www.youtube.com/watch?v=TVck6FuVXfA

Starts at 00:59",2025-05-02T09:27:04Z,3,VictorChaos,music,2025-05-26T07:02:02.191477Z
mq63h8o,1kctmwo,reddit,That beautiful 30 seconds of Hey There Delilah that starts with “A thousand miles seems pretty far…”,2025-05-02T09:41:24Z,3,StandardBee6282,music,2025-05-26T07:02:02.191481Z
mq62d4j,1kctmwo,reddit,In The Air Tonight - Phil Collins,2025-05-02T09:29:54Z,5,kamasushi,music,2025-05-26T07:02:02.191486Z
mq5nmch,1kctmwo,reddit,When Duane Allman and Dickie Betts trade solos on Blue Sky.,2025-05-02T06:55:14Z,2,wyld-stallynz,music,2025-05-26T07:02:02.191491Z
mq5pqey,1kctmwo,reddit,"Golden Brown - The Stranglers, actually the whole song, particularly at 2:48",2025-05-02T07:16:36Z,2,ApollonVero,music,2025-05-26T07:02:02.191496Z
mq5pqj6,1kctmwo,reddit,"Great King Rat by Queen 
Keep Yourself Alive by Queen",2025-05-02T07:16:38Z,2,Freddie_Bulsara,music,2025-05-26T07:02:02.191501Z
mq5raj9,1kctmwo,reddit,Pray by Illenium - The whole song,2025-05-02T07:32:56Z,2,DR4k0N_G,music,2025-05-26T07:02:02.191506Z
mq5slki,1kctmwo,reddit,Little bass lick in Paul Simon’s You Can Call Me Al,2025-05-02T07:46:39Z,2,riadsala,music,2025-05-26T07:02:02.191511Z
mq5w8vc,1kctmwo,reddit,"The Year of The Cat 4:08

[https://youtu.be/Ak\_MTXQALa0?si=BdeFe9vmKQVZ73At&t=248](https://youtu.be/Ak_MTXQALa0?si=BdeFe9vmKQVZ73At&t=248)",2025-05-02T08:25:08Z,2,Squand0r,music,2025-05-26T07:02:02.191516Z
mq6fy8c,1kctmwo,reddit,Any of Larry Carlton's solos in Kid Charlemagne - just HTF did he come up with those and they're all so fluid with the changes,2025-05-02T11:29:17Z,2,islandsimian,music,2025-05-26T07:02:02.191521Z
mq7ou8o,1kctmwo,reddit,The resolve of the guitar break in Television's Marquis Moon.,2025-05-02T15:36:55Z,2,land_beaver,music,2025-05-26T07:02:02.191526Z
mq5h7kv,1kctmwo,reddit,A good bass solo.,2025-05-02T05:53:19Z,3,i__hate__stairs,music,2025-05-26T07:02:02.191530Z
mq5m03y,1kctmwo,reddit,Bryson tiller - DONT,2025-05-02T06:39:25Z,1,DREADSORRY,music,2025-05-26T07:02:02.191535Z
mq5md12,1kctmwo,reddit,There’s a moment in Lost Tribe - Angel where the music strips away and this drum track kick in taking the song is a completely new direction. It’s really quite special (to me anyway) and o always lose myself in that section,2025-05-02T06:42:53Z,1,roydogaroo,music,2025-05-26T07:02:02.191540Z
mq5mp62,1kctmwo,reddit,"Nuclear Family by Green Day 1:34

I love a good bass interlude",2025-05-02T06:46:10Z,1,LCcoolcraft,music,2025-05-26T07:02:02.191545Z
mq5nli8,1kctmwo,reddit,That's gonna depend Some songs it's a [solo](https://youtu.be/eph7ywfPlH0?t=218). sometimes it's a particular verse. And sometimes it's because a [really well known song sampled that bit](https://youtu.be/A4JWkW0oROg?t=129),2025-05-02T06:55:00Z,1,bloodyell76,music,2025-05-26T07:02:02.191550Z
mq5su4z,1kctmwo,reddit,2.25 into Strawberry Letter 23 by The Brothers Johnson. 50 seconds of pure psychedelic groove.,2025-05-02T07:49:07Z,1,Dead-O_Comics,music,2025-05-26T07:02:02.191555Z
mq5tlhm,1kctmwo,reddit,"Ohoo  For me, it’s the bridge in ""No Role Modelz"" by J. Cole when the beat drops right before he goes into the line “I’m the one who got the city buzzin’...” It just hits different every time. It’s like everything stops, and you're in that moment. What about that Alone moment at 2:04, though? What's happening there for you?",2025-05-02T07:56:57Z,1,abogaaa,music,2025-05-26T07:02:02.191560Z
mq5tnrt,1kctmwo,reddit,"Cliff’s bass solo, Orion - Metallica",2025-05-02T07:57:37Z,1,WiggleMyTimbers,music,2025-05-26T07:02:02.191565Z
mq5y6r0,1kctmwo,reddit,"The moment in the last verse in ""Glasses"" by Jonathan Colton where the instruments fall out and he's just singing about radiators and floorboards",2025-05-02T08:46:00Z,1,NightShroom,music,2025-05-26T07:02:02.191570Z
mq64l5r,1kctmwo,reddit,"[In Every Dream Home A Heartache - the Fields of the Nephilim](https://youtu.be/LlGNHIqCAFE?si=5M7uZ4b0_sPP9nQ4) cover of the Roxy Music song.

The bit where the guitars kick in at 3:55 is one of those moments.",2025-05-02T09:52:33Z,1,mrstorey,music,2025-05-26T07:02:02.191575Z
mq64v5q,1kctmwo,reddit,[Groundhogs - Split Pt 2](https://youtu.be/LUDyvUQt32w?si=dkd29juw5xT4V-Bv) - when the guitar solo kicks in at 2:50,2025-05-02T09:55:16Z,1,mrstorey,music,2025-05-26T07:02:02.191580Z
mq65gwv,1kctmwo,reddit,[Cream - White Room](https://youtu.be/QgobtoGEnn0?si=JIAkgqasKJPEtTUv) when the final guitar solo starts at 4:00,2025-05-02T10:01:05Z,1,mrstorey,music,2025-05-26T07:02:02.191585Z
mq66jeg,1kctmwo,reddit,"Beta Radio - A place for me. 

Toward the end of the song when everything stops and the horns start playing the stacking melody that build with each refrain. It stops me in my tracks every time.",2025-05-02T10:11:23Z,1,cyclejones,music,2025-05-26T07:02:02.191590Z
mq69sp7,1kctmwo,reddit,"At my previous job the radio station would be different daily. On classic rock day I would blurt out, ""Allman Brothers Band"" to the department of filled cubicles. Funny how most of the people would quietly listen. My supervisor hated Neil Young. Ha ha!",2025-05-02T10:40:54Z,1,meandorrine,music,2025-05-26T07:02:02.191595Z
mq6l2j2,1kctmwo,reddit,Lazy eye - Silversun Pickups 2:45 *Sunshine!*,2025-05-02T12:05:00Z,1,tinpants44,music,2025-05-26T07:02:02.191601Z
mq6lfze,1kctmwo,reddit,Gimme Shelter - when Merry Clayton's voice cracks near the end,2025-05-02T12:07:30Z,1,frog2112,music,2025-05-26T07:02:02.191606Z
mq6of9z,1kctmwo,reddit,"""Black"" by Pearl Jam. Whole song, but from 3.15 in particular",2025-05-02T12:26:57Z,1,iMaccHunt,music,2025-05-26T07:02:02.191611Z
mq6qw4j,1kctmwo,reddit,"All of ""Brand New Key..."" 
Or when David sings, ""You have a face with a view!""",2025-05-02T12:42:24Z,1,MaXiMuM105,music,2025-05-26T07:02:02.191617Z
mq6rjko,1kctmwo,reddit,"Guitar solo from let it be, the Beatles.",2025-05-02T12:46:23Z,1,Potaatolongster,music,2025-05-26T07:02:02.191622Z
mq6susp,1kctmwo,reddit,The beginning of Hey Nineteen by Steely Dan (or Peg).,2025-05-02T12:54:17Z,1,QuiGonColdGin,music,2025-05-26T07:02:02.191627Z
mq6u12e,1kctmwo,reddit,Highly suspect- Lydia 2:25-2:46,2025-05-02T13:01:17Z,1,Super-Deluxe,music,2025-05-26T07:02:02.191632Z
mq6v9es,1kctmwo,reddit,"the guitar solos in metal meltdown (judas priest), the bass at the intro of hairspray queen (nirvana) and when thorne baker sings in city of fallen angels (mkultra, teenage disaster)

![gif](giphy|cHqUlvvPvperS)",2025-05-02T13:08:31Z,1,fvneraria,music,2025-05-26T07:02:02.191637Z
mq6vw1f,1kctmwo,reddit,Ahead By A Century by the Hip.,2025-05-02T13:12:06Z,1,GhostChips42,music,2025-05-26T07:02:02.191642Z
mq6w76j,1kctmwo,reddit,"The way the harmonica starts Broken Window Serenade by Whiskey Myers. The way he plays it just screams ""come along for the ride,"" and sets the stage for one of the most tragic stories with a tempo/musical progression that builds in a way most sad songs do not. 

Seriously, even if you hate country music, give that song a shot.",2025-05-02T13:13:52Z,1,chrisschieman,music,2025-05-26T07:02:02.191647Z
mq6w8yt,1kctmwo,reddit,"Pantera, a ton of moments. Shattered outro. Floods outro. Domination breakdown. Walk solo. Etc.",2025-05-02T13:14:08Z,1,EviLiu,music,2025-05-26T07:02:02.191652Z
mq6wpn2,1kctmwo,reddit,"Ice ice baby….i mean it’s right there in the lyrics….”stop, collaborate and listen”",2025-05-02T13:16:48Z,1,jonnyredshorts,music,2025-05-26T07:02:02.191662Z
mq6z9go,1kctmwo,reddit,the first notes and chord of Everything In Its Right Place by Radiohead,2025-05-02T13:31:04Z,1,kaerin_,music,2025-05-26T07:02:02.191666Z
mq726pv,1kctmwo,reddit,VICARIOUSLY *IIIIIIIIIIIIIIIII* LIVE WHILE THE WHOLE WORLD DIES. MUCH BETTER YOU THAN *IIIIIIIIIIIIIIII*.,2025-05-02T13:46:54Z,1,warhawks,music,2025-05-26T07:02:02.191670Z
mq73bc5,1kctmwo,reddit,"Desperado. 

Elaine, can you give me just a minute?",2025-05-02T13:52:43Z,1,ProfessorRoyHinkley,music,2025-05-26T07:02:02.191674Z
mq75jba,1kctmwo,reddit,I lose it every time there is a really good bass solo/break.,2025-05-02T14:04:02Z,1,judelaynie,music,2025-05-26T07:02:02.191677Z
mq78ugb,1kctmwo,reddit,"I’m not sure. Though I do know which song makes people stop, collaborate, and listen.",2025-05-02T14:20:31Z,1,Bostonterrierpug,music,2025-05-26T07:02:02.191681Z
mq7kbly,1kctmwo,reddit,Metalingus by Alter Bridge,2025-05-02T15:15:35Z,1,Standard_Cockman_88,music,2025-05-26T07:02:02.191685Z
mq7qbte,1kctmwo,reddit,The moment in Misunderstood by Wilco when the drums arrive with glorious backwards reverb,2025-05-02T15:43:56Z,1,CrazySmooth263,music,2025-05-26T07:02:02.191688Z
mq7vbdt,1kctmwo,reddit,"The part of ""Rap God"" where Eminem goes into hyper-speed. Crazy",2025-05-02T16:07:27Z,1,cookie_400,music,2025-05-26T07:02:02.191692Z
mq7vv5s,1kctmwo,reddit,"OVERWHELMED AS ONE WOULD BE, PLACED IN MY POSITION",2025-05-02T16:10:05Z,1,misterpickles69,music,2025-05-26T07:02:02.191696Z
mq82zc2,1kctmwo,reddit,pink floyd echoes @ 18:13 gets me everytime.,2025-05-02T16:43:59Z,1,N/A,music,2025-05-26T07:02:02.191700Z
mq85bdv,1kctmwo,reddit,":45 into ‘Happiness Is A Warm Gun’ by The Beatles 

6:18 into ‘Born Under A Bad Sign’ by Jimi Hendrix 

1:55 into ‘This Flight Tonight by Joni Mitchell 

1:44 into ‘Cmon Everybody by Led Zeppelin 

1:25 into ‘Hey’ by The Pixies

3:11 -3:29 into ‘One Headlight’ by The Wallflowers ",2025-05-02T16:54:55Z,1,Coug-Ra,music,2025-05-26T07:02:02.191703Z
mq87u4p,1kctmwo,reddit,"Pink Floyd - Dogs. I forget the time stamp but you’ll know it when you hear it

Edit: 14:21 - couldn’t even comment without listening to it lol",2025-05-02T17:06:42Z,1,bigthog,music,2025-05-26T07:02:02.191707Z
mq8j5zx,1kctmwo,reddit,"Queen  - The Prophet Song 

Freddie's vocal breakdown makes me cry everytime. The man is harmonizing with a choir of himself, for God's sake.",2025-05-02T17:59:45Z,1,cheddarpopcornland,music,2025-05-26T07:02:02.191711Z
mq8jyxw,1kctmwo,reddit,Psychosocial by Slipknot,2025-05-02T18:03:33Z,1,JimVivJr,music,2025-05-26T07:02:02.191714Z
mq8pdrh,1kctmwo,reddit,"Judith by A Perfect Circle 2.22
‘Even though he’s the one…’, when the music gets just a bit low in volume to explode afterwards. Well… the entire songs gives me the shivers every time.
https://youtu.be/xTgKRCXybSM?si=3U82JmEL2WtimfIf",2025-05-02T18:29:42Z,1,jaikens,music,2025-05-26T07:02:02.191722Z
mq8urn2,1kctmwo,reddit,"Master of puppets interlude. I am not a massive Metallica fan but everytime I hear this... Just stfu, I'm crying.",2025-05-02T18:56:16Z,1,georgetheshepherd,music,2025-05-26T07:02:02.191725Z
mq8ylii,1kctmwo,reddit,HOMEGROWN ALLIGATOR,2025-05-02T19:15:12Z,1,SourdoughSandbag,music,2025-05-26T07:02:02.191729Z
mqa3ry7,1kctmwo,reddit,St Paul & Broken Bones “LivWithoutU” at 2:48 when those horns hit.,2025-05-02T22:49:17Z,1,red20354,music,2025-05-26T07:02:02.191732Z
mqix2fp,1kctmwo,reddit,"Dots and Dashes by Silversun Pickups

Bass solo in 2nd verse on Apologize by The Warning",2025-05-04T12:22:23Z,1,DifficultCat2000,music,2025-05-26T07:02:02.191736Z
mq5qd59,1kctmwo,reddit,Tough call. I think I'm gonna take the cop out and say it depends on my mood on any given day lol,2025-05-02T07:23:09Z,0,SwtSub,music,2025-05-26T07:02:02.191740Z
mu6gxmh,1kv3dk4,reddit,alright now sing it again >:(,2025-05-25T14:48:12Z,1,seitansaves,music,2025-05-26T07:02:03.303111Z
msqjqol,1koivug,reddit,"I remember when they started playing this on the radio on the 80's or '90s. It was a lost 'B' side or something and since we'd all listened to Zep to death at that point it was fresh, imagine a fresh Zep song.

 That's what it was then. Awesome song.",2025-05-17T03:11:33Z,8,blackmoose,music,2025-05-26T07:02:04.328698Z
msqlj20,1koivug,reddit,"The last 2 albums John Bonham started doing this push-pull washy style drumming with the cymbals, it made every song 10x better. You can tell because everything after lost its magic, RiP Mr Bonham.",2025-05-17T03:24:44Z,2,Same-Temperature9472,music,2025-05-26T07:02:04.328711Z
msqse60,1koivug,reddit,"One of my favorite Zep tunes, but it annoys me how on all the digital versions the ending gets faded out too soon. (On the 7"" single there's some extra guitar strumming at the very end.)",2025-05-17T04:18:07Z,2,junkdrawerbrain,music,2025-05-26T07:02:04.328735Z
msnx8he,1ko747i,reddit,"I don't think the ending is about Pink. The film version ends with children cleaning up debris, which I interpret as the younger generation picking up the pieces of the older generations. They're also picking up bricks, maybe the first bricks of their own walls that they will build once they're older. Obviously this is not relevant to the album itself, but I think it paints a clearer picture of what Roger was trying to communicate. To me, the cyclical nature of the album just symbolizes how this pattern of trauma leading to self destruction has repeated and will continue to repeat from generation to generation.",2025-05-16T17:58:54Z,65,Jade-Melody,music,2025-05-26T07:02:05.352274Z
msnzogs,1ko747i,reddit,"It doesn't end, it's just a cycle that repeats itself. PINKs demons are there regardless of the music and since they haven't been dealt with properly like all trauma it just gets passed down to the next generation.

Isn't this where we came in?",2025-05-16T18:11:08Z,29,OnlyFearOfDeth,music,2025-05-26T07:02:05.352286Z
msorsxq,1ko747i,reddit,"While I wouldn’t consider it exactly canonical, Roger performed an alternate ending in the Berlin Wall concert, which added “The Tide is Turning” between The Trial and Outside the Wall. 

This alternate ending implies a certain amount of hope for Pink, and for the world at large, of being able to get out of the loop of ego it’s stuck in.",2025-05-16T20:34:35Z,10,Bears_On_Stilts,music,2025-05-26T07:02:05.352295Z
msr2dgk,1ko747i,reddit,He gets kicked out of his band and goes on to a moderately successful solo career.,2025-05-17T05:45:17Z,6,Hot-Story8788,music,2025-05-26T07:02:05.352303Z
msp19r0,1ko747i,reddit,">And as to those who would point out that the album re-cycles to the beginning, implying that Pink didn't die, I don't interpret it that way.

If you're familiar with Finnegan's Wake by James Joyce it follows a similar loop.  The first line in the novel is the second half of the sentence that ends the book.  That could be an intentional reference indicating that it's a similar endless loop of life and death.",2025-05-16T21:23:07Z,8,tacknosaddle,music,2025-05-26T07:02:05.352311Z
msrk4mp,1ko747i,reddit,"The whole hallucination ends with the metaphorical collapse of his wall, leaving him vulnerable and confused. He has a chance to start again and somehow become a decent human being, or to mess it up again in some way.",2025-05-17T08:46:24Z,4,TFFPrisoner,music,2025-05-26T07:02:05.352318Z
msp2t1l,1ko747i,reddit,"Great conversation! I think it's worth noting that  in the process of making the movie, Floyd (though maybe largely / mostly Waters) had a lot of time to work on the script and come up with more cogent storyline and ending. But the album itself, when they showed up in the studio, was more a collection of disparate songs than any sort of coherent story.  Check out some of the great interviews that producer Bob Ezrin has done in the past five or six years, they're all over the web in text, audio, and video format. He doesn't frame it this way, but I'd say he deserves full credit as a fellow band member, not for so much for his musical contributions but for the production which made it into such a marketable and widely lauded concept album. Not to say that Waters wouldn't deny, contradict and disagree with everything he has to say! But still, they're fascinating interviews.",2025-05-16T21:31:25Z,2,frank_mania,music,2025-05-26T07:02:05.352326Z
msphp6b,1ko747i,reddit,"How about this? (I just came up with it) 
In The Flesh - Pink is about to be born 
The Thin Ice - Pink is born 
Another Brick In The Wall pt 1 - Pink's father goes off to war.
The Happiest Days Of Our Lives - Pink starts school 
And so forth until he is reincarnated and it all starts over again.",2025-05-16T23:07:48Z,4,ArdRi6,music,2025-05-26T07:02:05.352334Z
mt9uwdk,1ko747i,reddit,"My interpretation; Pink's wall is torn down, there is the potential that he's now a more open, better person so on the surface it looks like a happy ending.

But then it circles back to the opening of the album; Pink hasn't dealt with his traumas. He has torn down a wall, but without addressing his issues he's simply going to build another one and go through it all again.",2025-05-20T10:40:03Z,1,ItIsAboutABicycle,music,2025-05-26T07:02:05.352342Z
msoyrnz,1ko747i,reddit,The Mexicans knock it down,2025-05-16T21:10:00Z,-12,dodadoler,music,2025-05-26T07:02:05.352350Z
msizcec,1knkh9h,reddit,"Well, that sucks.

Clicked the link, to find out the only stop near me is literally tomorrow! Oh well. Too late to plan anything now.

Maybe they should have announced the tour a little sooner than the day before it starts...",2025-05-15T22:11:03Z,2,theknyte,music,2025-05-26T07:02:06.242228Z
msj4q9z,1knkh9h,reddit,That's awesome. No Omaha!,2025-05-15T22:42:11Z,1,Icedoverblues,music,2025-05-26T07:02:06.242241Z
msj56ao,1knkh9h,reddit,Nuh uh!,2025-05-15T22:44:50Z,1,cristinacuadra,music,2025-05-26T07:02:06.242249Z
mtdx5rl,1knkh9h,reddit,Who is the first opener?,2025-05-20T23:45:22Z,1,CapableChemistry197,music,2025-05-26T07:02:06.242257Z
mruemx6,1kkgrsg,reddit,Wishing your mothers a happy Mother's Night.,2025-05-12T01:35:20Z,1,BloopBloop515,music,2025-05-26T07:02:07.706807Z
mpbbt69,1k94726,reddit,Go Your Own Way ... Fleetwood Mac,2025-04-27T14:05:57Z,42,LavishnessOk4798,music,2025-05-26T07:02:08.967558Z
mpbdwtz,1k94726,reddit,Just about the entire Rumours album by Fleetwood Mac,2025-04-27T14:17:53Z,37,Kyoujinchan79,music,2025-05-26T07:02:08.967562Z
mpbgbtp,1k94726,reddit,"""You Oughta Know"" Alanis Morissette.",2025-04-27T14:31:10Z,27,desertkayaker,music,2025-05-26T07:02:08.967564Z
mpbb7hm,1k94726,reddit,"""I don't care anymore"" by Phil Collins. Feel like it matches your situation and it's also one of the best drumming songs ever!",2025-04-27T14:02:26Z,17,rwapp,music,2025-05-26T07:02:08.967566Z
mpbcchg,1k94726,reddit,"Stevie Nicks has been singing ""Go Your Own Way"" in front of Lindsey Buckingham for decades. God bless her.",2025-04-27T14:09:02Z,35,MrRichardSuc,music,2025-05-26T07:02:08.967568Z
mpb99jk,1k94726,reddit,Dancing On My Own by Robyn is either gonna hit just right or just wrong,2025-04-27T13:51:05Z,15,dixondarling,music,2025-05-26T07:02:08.967572Z
mpb90jm,1k94726,reddit,My Brave Face by Paul McCartney,2025-04-27T13:49:37Z,27,superexhausted,music,2025-05-26T07:02:08.967575Z
mpb9mhy,1k94726,reddit,Eyes without a face - Billy Idol,2025-04-27T13:53:12Z,7,vinnybankroll,music,2025-05-26T07:02:08.967577Z
mpbboqc,1k94726,reddit,Silver Spring .... Fleetwood Mac,2025-04-27T14:05:14Z,8,LavishnessOk4798,music,2025-05-26T07:02:08.967579Z
mpb9h8q,1k94726,reddit,Burn - Ray LaMontagne,2025-04-27T13:52:21Z,4,BayouBoogie,music,2025-05-26T07:02:08.967581Z
mpb9ksz,1k94726,reddit,"Brilliant Disguise by Bruce Springsteen, kinda.",2025-04-27T13:52:56Z,5,anark_xxx,music,2025-05-26T07:02:08.967584Z
mpbifhj,1k94726,reddit,"“ Sail On” Lionel Ritchie, 
“ Operator” Jim Croce,",2025-04-27T14:42:36Z,5,BigDeloresInYoFace,music,2025-05-26T07:02:08.967586Z
mpc4fr5,1k94726,reddit,Tracks Of My Tears Smokey Robinson,2025-04-27T16:37:23Z,4,fiftyshadesofdoug,music,2025-05-26T07:02:08.967588Z
mpbe3k8,1k94726,reddit,Our Lady Peace-wipe that smile off your face,2025-04-27T14:18:55Z,3,lamedwayne,music,2025-05-26T07:02:08.967590Z
mpbgpzw,1k94726,reddit,"Fighter by Christina Aguilera

My Sacrifice by Creed, it's more of like getting back in touch with your old self that you forgot so kind of....",2025-04-27T14:33:18Z,3,karnyboy,music,2025-05-26T07:02:08.967592Z
mpb8ehx,1k94726,reddit,Brave by Sara Bareilles? Perhaps?,2025-04-27T13:45:53Z,5,Nixplosion,music,2025-05-26T07:02:08.967594Z
mpbampc,1k94726,reddit,Not quite what you asked for but abcdfu - gayle,2025-04-27T13:59:04Z,4,nevergnastop,music,2025-05-26T07:02:08.967596Z
mpbboim,1k94726,reddit,"she lies and says she's in love with him


it sounds like this isnt exactly the phase you are in (or the exact circumstances), but catharsis can be found examining the parts youve already moved past.


In Pearl Jam's Betterman, the protagonist is at sort of grim odds of having identified that the person in her life is a problem, but is not quite to the 'being empowered enough to do anything about it' stage. 


the tone of the song and the general uplifting sound of the music hint at an upward mobility that contrasts with the lyrics. 


I think if you do your best to focus on the you that exists outside of him   AND  do what you said - act unbothered and like he is irrelevant - eventually you will be unbothered and he will be irrelevant. Or at least not relevant on the 'things that can fuck with me like that' scale",2025-04-27T14:05:12Z,4,willbekins,music,2025-05-26T07:02:08.967598Z
mpbancj,1k94726,reddit,Lady Lie- Rainbow Kitten Surprise,2025-04-27T13:59:11Z,2,TallJaguar3792,music,2025-05-26T07:02:08.967600Z
mpbfits,1k94726,reddit,The Greatest Performance of My Life by Shirley Bassey,2025-04-27T14:26:49Z,2,grecomic,music,2025-05-26T07:02:08.967602Z
mpbkj6k,1k94726,reddit,"Dont think twice by Bob Dylan. Also Johnny Cash's cover. Really captures that ""fine, f u im outta here"" sentiment.",2025-04-27T14:53:50Z,2,LordLettucePrey,music,2025-05-26T07:02:08.967604Z
mpbnx41,1k94726,reddit,You Lie... And Yo Breath Stank by Infectious Grooves,2025-04-27T15:11:37Z,2,Global-Pomelo3131,music,2025-05-26T07:02:08.967606Z
mpboxna,1k94726,reddit,"Hatebreed - Destroy Everything

Terror - Overcome

Kittie, Otep, and Wicked Wisdom have a few songs that meet the vibe as well.

&#x200B;

If you're looking for something chill, try

Milo Meskins - Stranger/Friends?!

&#x200B;

If you'd prefer some hardcore punk, thrash, metal, etc... to help vent, I've got a few songs and playlists on Spotify that might help release some pent up anger.

Better out than in, Shrek says!

![gif](giphy|TIGP3k4gNAqvza2KJK)",2025-04-27T15:16:57Z,2,BoogieWoogieWho,music,2025-05-26T07:02:08.967608Z
mpc8tm3,1k94726,reddit,"Don't Think Twice, It's Alright",2025-04-27T16:59:44Z,2,PleaseJustLetsNot,music,2025-05-26T07:02:08.967610Z
mpcbha6,1k94726,reddit,Put On A Happy Face - Tony Bennett,2025-04-27T17:13:01Z,2,Orgasmo3000,music,2025-05-26T07:02:08.967612Z
mpdghh3,1k94726,reddit,Drunk II - Mannequin P***Y,2025-04-27T20:42:08Z,2,yourstrulytony,music,2025-05-26T07:02:08.967614Z
mpbeej3,1k94726,reddit,I'm Not Mad by Halsey,2025-04-27T14:20:36Z,3,vanillatcube,music,2025-05-26T07:02:08.967616Z
mpb8xau,1k94726,reddit,burn - three days grace,2025-04-27T13:49:04Z,3,CrystalSplicer,music,2025-05-26T07:02:08.967618Z
mpbfr4c,1k94726,reddit,August by Taylor Swift. About a summer fling from the perspective of the other woman.,2025-04-27T14:28:05Z,2,chelsoak69,music,2025-05-26T07:02:08.967620Z
mpbbsp4,1k94726,reddit,Betrayal by bullet for my valentine,2025-04-27T14:05:52Z,1,Klaus-Mikaelson91,music,2025-05-26T07:02:08.967622Z
mpbbuwt,1k94726,reddit,A Man I'll Never Be .... Boston,2025-04-27T14:06:13Z,1,LavishnessOk4798,music,2025-05-26T07:02:08.967625Z
mpbc8fe,1k94726,reddit,"[Hold Your Head Up](https://www.youtube.com/watch?v=jvfxI9yD2dM), by Argent. [Lyrics](https://genius.com/Argent-hold-your-head-up-lyrics).",2025-04-27T14:08:23Z,1,hospicedoc,music,2025-05-26T07:02:08.967627Z
mpbet3n,1k94726,reddit,"""Not Crying"" by Flight of the Conchords  
  

I'm not crying  
It's just been raining  
On my face  
And if you think you see some tear tracks down my cheeks  
Please. please, don't tell my mates",2025-04-27T14:22:51Z,1,tehkobe,music,2025-05-26T07:02:08.967629Z
mpbi7fa,1k94726,reddit,Don't turn around,2025-04-27T14:41:24Z,1,Edigophubia,music,2025-05-26T07:02:08.967631Z
mpbmvyk,1k94726,reddit,Nothing compares to You,2025-04-27T15:06:12Z,1,strtjstice,music,2025-05-26T07:02:08.967633Z
mpbovzt,1k94726,reddit,"“Brave Faces, Everyone” by Spanish Love Songs. The song but also really the whole album",2025-04-27T15:16:43Z,1,TheSwissArmy,music,2025-05-26T07:02:08.967635Z
mpbqv4s,1k94726,reddit,Hate you better by Suicidal Tendencies,2025-04-27T15:27:07Z,1,Delicious_Progress48,music,2025-05-26T07:02:08.967638Z
mpbyj25,1k94726,reddit,Son House - Grinnin’ in Your Face,2025-04-27T16:06:28Z,1,Tristan2353,music,2025-05-26T07:02:08.967640Z
mpc0kni,1k94726,reddit,The song title is pretty on the nose lol but Brave Face by Another Sky.,2025-04-27T16:17:04Z,1,Subtox,music,2025-05-26T07:02:08.967642Z
mpc33sj,1k94726,reddit,"Not sure if the song is perfect but here’s a snippet of lyrics from Rush. 
Song is called Bravest Face

Though we might have precious little
It's still precious


In the softest voice there's an acid tongue

In the oldest eyes there's a soul so young

In the shakiest will there's a core of steel

On the smoothest ride there's a squeaky wheel

In the sweetest child there's a vicious streak

In the strongest man there's a child so weak

In the whole wide world there's no magical place
So you might as well rise, put on your bravest face

Oh, you might as well rise, put on your bravest face. 

While Rush music isn’t everybody’s cup of tea , I find that most people can find something relevant in their lyrics. 
Truly an amazing group. 

Stay strong.   You’ll be alright. 

All the best. ",2025-04-27T16:30:21Z,1,nodogma2112,music,2025-05-26T07:02:08.967644Z
mpc37te,1k94726,reddit,Ode To No One - Smashing Pumpkins ,2025-04-27T16:30:56Z,1,Coug-Ra,music,2025-05-26T07:02:08.967646Z
mpc7dcr,1k94726,reddit,"Animosity by The Warning. I don't think it's about a romantic relationship, but the lyrics could be interpreted that way.",2025-04-27T16:52:32Z,1,YesOrNoWhichever,music,2025-05-26T07:02:08.967648Z
mpc8dxc,1k94726,reddit,Pale Blue Eyes by Lou Reed.,2025-04-27T16:57:34Z,1,stephwithstars,music,2025-05-26T07:02:08.967651Z
mpccnl5,1k94726,reddit,Gwen Stefani- Cool,2025-04-27T17:18:51Z,1,briyo76isme,music,2025-05-26T07:02:08.967653Z
mpcw2ff,1k94726,reddit,brave faces everyone by spanish love songs,2025-04-27T18:56:32Z,1,Buttalicous,music,2025-05-26T07:02:08.967655Z
mpd1pi1,1k94726,reddit,Don't look back in anger seems to be about something in that vicinity.,2025-04-27T19:26:00Z,1,applebott,music,2025-05-26T07:02:08.967657Z
mpdds9h,1k94726,reddit,"That sounds like such a tough situation, and I totally get why you'd want to act unbothered while protecting yourself. It's hard to be around someone who betrayed your trust, but you're right to prioritize your emotional well-being. As for songs, I’d suggest “Cry Me a River” by Justin Timberlake — it’s got that ‘I’m over you’ vibe. “Irreplaceable” by Beyoncé is another great one for when you’re ready to move on and put your boundaries up. For a more empowering anthem, “Fighter” by Christina Aguilera is perfect for channeling that strength while you navigate this. Keep your head high, and you'll get through this even stronger! 💪💯",2025-04-27T20:28:31Z,1,abogaaa,music,2025-05-26T07:02:08.967659Z
mpdmo50,1k94726,reddit,Cee Lo Green’s biggest hit.,2025-04-27T21:13:54Z,1,Johnny_B_Asshole,music,2025-05-26T07:02:08.967661Z
mpfyrdk,1k94726,reddit,I Will Survive. I prefer the Cake version of the song.,2025-04-28T06:32:07Z,1,Easy_Part_983,music,2025-05-26T07:02:08.967663Z
mpimyz2,1k94726,reddit,"Patty Smyth, Good Bye To You!",2025-04-28T17:37:16Z,1,R-T-R,music,2025-05-26T07:02:08.967665Z
mpbbi97,1k94726,reddit,Give me 24 hours and I’ll try to find this post again and I’ll give you a link.  I’m currently recording in the studio. See what I come up with… x,2025-04-27T14:04:11Z,1,Additional_Tax_5729,music,2025-05-26T07:02:08.967667Z
mpbkjgo,1k94726,reddit,Happier than Ever - Billie Eillish,2025-04-27T14:53:52Z,1,zychicmoi,music,2025-05-26T07:02:08.967669Z
mpblxwt,1k94726,reddit,"Im not sure what genres your music taste normally falls into but I personally say skip the brave face theme, embrace the fact that you're angry at someone and just roll with that because god damn it sometimes it's truly a relief to just get mad. As a metalhead I can say wholeheartedly that the song ""pure hatred"" by Chimaira has definitely let me mentally blow off some steam on more than a few occasions.",2025-04-27T15:01:13Z,0,Timidhobgoblin,music,2025-05-26T07:02:08.967672Z
mpbmarr,1k94726,reddit,"Fighter by Christina Aguilera. A little over the top maybe, but strong and to the point. Edited for correct song title.",2025-04-27T15:03:06Z,0,LordLettucePrey,music,2025-05-26T07:02:08.967674Z
mpbvanx,1k94726,reddit,Wow that's wrong I'm am single and interested,2025-04-27T15:49:49Z,-2,Asleep-Fun-514,music,2025-05-26T07:02:08.967676Z
mu5wooc,1kuvztn,reddit,"IMO, a perfect pop song. So melodic, well arranged and sincere.",2025-05-25T12:51:26Z,7,lanky_planky,music,2025-05-26T07:02:09.958956Z
mu4w93k,1kuvztn,reddit,I will always and forever associate this song with the Breaking Bad finale.,2025-05-25T07:18:42Z,8,4LostSoulsinaBowl,music,2025-05-26T07:02:09.958970Z
mu4s45t,1kuvztn,reddit,jesus. this song feels like a kmart in the 90’s.,2025-05-25T06:37:50Z,2,Practical_Worker8631,music,2025-05-26T07:02:09.958979Z
mtfw6ro,1krrn5s,reddit,"Rap rock is such a naff sounding genre. 

Anyway this is one of my all time favourites, morello is a genius",2025-05-21T08:36:54Z,3,DAD_SONGS_see_bio,music,2025-05-26T07:02:12.670702Z
mt740s2,1kqn1zw,reddit,"This song is utterly amazing and so bizarre in structure. But it's definitely the funkiest Doors record.

And basically, everything here is perfectly syncronised while being so distinct. Riffs, drums, rhythms, that odd guitar solo. Strange lyrics. Strange title. Weird in unison.",2025-05-19T22:01:53Z,7,BloopingGosh,music,2025-05-26T07:02:13.646686Z
msvl9na,1kp6rug,reddit,FYI for anyone looking to do this it does not seem to apply to the Apple Family or Apple One plans. Cool for the music-only plans though,2025-05-18T00:05:18Z,33,Um_Hello_Guy,music,2025-05-26T07:02:14.609635Z
msxif52,1kp6rug,reddit,OP I take it from your post that you're in UK? Because if so there should be a way for you to save an extra 3-4%.,2025-05-18T09:49:51Z,8,Racxie,music,2025-05-26T07:02:14.609648Z
mswa06u,1kp6rug,reddit,Huh there you go.  Thanks.  It’s not heaps but a little bit of money saved over the year. ,2025-05-18T02:54:23Z,5,Littman-Express,music,2025-05-26T07:02:14.609657Z
msvny9x,1kp6rug,reddit,"Thanks for the heads up, I didn’t know about this. Since 2019 ive been using my friend for a student discount. It wasn’t until recently that I had to get a regular price plan :/",2025-05-18T00:22:58Z,4,Monsterlobster1,music,2025-05-26T07:02:14.609664Z
msvnpa6,1kp6rug,reddit,This is also in the settings app under subscriptions. They aren’t really hiding it.,2025-05-18T00:21:18Z,8,Snorp69,music,2025-05-26T07:02:14.609672Z
msw8xxt,1kp6rug,reddit,Good to know thanks 🙏,2025-05-18T02:46:47Z,3,Mondai88,music,2025-05-26T07:02:14.609680Z
msvvrdm,1kp6rug,reddit,I’m going to sue because I didn’t see the options for a discount!,2025-05-18T01:15:33Z,8,mrgreen4242,music,2025-05-26T07:02:14.609687Z
msz42j4,1kp6rug,reddit,which country does this applies at? I don't see that option in EU,2025-05-18T16:18:29Z,1,leaflock7,music,2025-05-26T07:02:14.609695Z
mszvo11,1kp6rug,reddit,"I’m in Canada and in the app when I go to my account it lists all the subscription options (individual monthly, individual annual, family, student). There’s no place where it only shows me monthly. ",2025-05-18T18:42:25Z,1,aljauza,music,2025-05-26T07:02:14.609703Z
ms0nrcf,1kl4t4j,reddit,"Uhhh i have news for you about dv, headline writer...",2025-05-13T01:37:50Z,35,helendestroy,music,2025-05-26T07:02:15.591246Z
mrzhh81,1kl4t4j,reddit,"By Jenna Sundel and Joshua Rhett Miller - Reporter (Live News): 

The high-profile federal sex trafficking case against Sean ""Diddy"" Combs got underway in Lower Manhattan on Monday, with the rapper and disgraced mogul's defense team making clear in opening statements that their client was a sexual deviant and abuser — but argued that his sexual proclivities, drug use and documented history of domestic violence also did not make him guilty of the government's claims he was the mastermind of a criminal racketeering enterprise.

""We will not shy away from the things he did, but we will not own the things he did not do,"" defense attorney Teny Geragos told jurors in opening statements. ""He is physical, he is a drug user, you may know of his love of baby oil. Is that a federal crime? No.""

Read more: [https://www.newsweek.com/diddy-trial-recap-day-1-sex-trafficking-cassie-2071180](https://www.newsweek.com/diddy-trial-recap-day-1-sex-trafficking-cassie-2071180)",2025-05-12T21:38:46Z,5,newsweek,music,2025-05-26T07:02:15.591258Z
ms3jlg8,1kl4t4j,reddit,So definitely a criminal.,2025-05-13T14:37:19Z,3,Spybee3110,music,2025-05-26T07:02:15.591266Z
mqcvcx1,1kdr60t,reddit,Meow the Jewels,2025-05-03T11:55:20Z,2,XOXITOX,music,2025-05-26T07:02:16.513160Z
mpz21h9,1kc0i1i,reddit,Radar love,2025-05-01T05:35:54Z,53,dodadoler,music,2025-05-26T07:02:18.071614Z
mpywiwt,1kc0i1i,reddit,Night Call - Kavinsky,2025-05-01T04:50:08Z,60,sleepyrivertroll,music,2025-05-26T07:02:18.071619Z
mpyyqtb,1kc0i1i,reddit,The whole album of Dummy - Portishead,2025-05-01T05:07:10Z,23,Gay_Asian_Boy,music,2025-05-26T07:02:18.071622Z
mpzpthj,1kc0i1i,reddit,I’m on fire- Bruce Springsteen,2025-05-01T09:42:19Z,12,DrBrinkley,music,2025-05-26T07:02:18.071625Z
mpz158o,1kc0i1i,reddit,Did anyone say Passenger by Deftones yet?,2025-05-01T05:27:51Z,12,FakeLittleLiarBirds,music,2025-05-26T07:02:18.071628Z
mq08d6q,1kc0i1i,reddit,"6 Underground by the sneaker pimps, the version without the “one, two, one two”Sample in the background (long story about the rights and band members)",2025-05-01T12:15:17Z,6,CarlySortof,music,2025-05-26T07:02:18.071630Z
mpz330m,1kc0i1i,reddit,Ghostride- crumb,2025-05-01T05:45:34Z,5,Shitport318,music,2025-05-26T07:02:18.071633Z
mpz5zfe,1kc0i1i,reddit,"You could give Jazzmatazz by GURU a try. Track 3, When You're Near is my favorite, but it's an interesting experimental (for the time) up-tempo jazzy hip-hop mix.  
  
Songs are great, but the thing that keeps me awake and alert on late night drives are comedy tracks. I could listen to that one guy talk about bacon allllll night. Gaffigan, John Pinette, FLUFFY!,  whatever cycles through Pandora comedy shuffle. It makes the miles disappear quick.",2025-05-01T06:12:48Z,5,Boating_Enthusiast,music,2025-05-26T07:02:18.071635Z
mpyzty4,1kc0i1i,reddit,"Free -6LACK

The Color Violet -Tory Lanez

Smokin’ Love - Stick Figure. Collie Buddz",2025-05-01T05:16:24Z,4,Curious_Cap_3143,music,2025-05-26T07:02:18.071638Z
mpz3b0v,1kc0i1i,reddit,Odesza - Late Night,2025-05-01T05:47:38Z,4,regulator227,music,2025-05-26T07:02:18.071640Z
mpz8fhz,1kc0i1i,reddit,"Diamonds on My Windshield - Tom Waits

Nightcrusing - Fishmans",2025-05-01T06:36:47Z,4,haxoreni,music,2025-05-26T07:02:18.071643Z
mq0lnb8,1kc0i1i,reddit,Night moves -Bob Seger,2025-05-01T13:36:18Z,4,Elsecaller,music,2025-05-26T07:02:18.071646Z
mpyztag,1kc0i1i,reddit,"Red Right Hand
Nick Cave & the Bad Seeds",2025-05-01T05:16:15Z,8,worldsmostforemost,music,2025-05-26T07:02:18.071648Z
mpz5zlh,1kc0i1i,reddit,Ain't No Sunshine my Bill Withers,2025-05-01T06:12:51Z,7,CrashTestKing,music,2025-05-26T07:02:18.071651Z
mpywu11,1kc0i1i,reddit,"Mazzy Star - Ghost on a highway

Ike Quebec - Blue Friday

Morphine - The Night

Boy Harsher - Lost 

This Mortal Coil - I Am the Cosmos/Alone

Duster - Chocolate And Mint

Beach House - Masquerade 

Type O Negative - Can’t Lose You

Massive Attack - Angle

Radiohead - The Amazing World of Orgy

The Smile - We don’t know what Tomorrow Brings

I didn’t see the last sentence on your message, this is a edit. I’ll try to find songs similar to what you’re looking for I just got to look through my playlist. I don’t have a car but the songs I put down are ones that I would put on while night driving.


Mr Rager is an incredible song by the way.",2025-05-01T04:52:27Z,6,PaintConsistent5932,music,2025-05-26T07:02:18.071654Z
mpz9cny,1kc0i1i,reddit,Jar of Flies EP is my go to for late night driving.,2025-05-01T06:45:59Z,3,RandomBloke2021,music,2025-05-26T07:02:18.071656Z
mpztc94,1kc0i1i,reddit,"I only listen to sea shanties and Rammstein, so I'm not much help",2025-05-01T10:17:04Z,3,Fillin_McDrillin,music,2025-05-26T07:02:18.071659Z
mq01m3z,1kc0i1i,reddit,Riders On The Storm,2025-05-01T11:27:26Z,3,krokus_headhunter,music,2025-05-26T07:02:18.071661Z
mq0cs91,1kc0i1i,reddit,Crazy Train,2025-05-01T12:44:18Z,3,looloose,music,2025-05-26T07:02:18.071664Z
mpyxpgr,1kc0i1i,reddit,Kids In The Street by THE ALL-AMERICAN REJECTS,2025-05-01T04:58:53Z,2,No_Capital1308,music,2025-05-26T07:02:18.071667Z
mpz0jwd,1kc0i1i,reddit,"Shihad - [Feel the Fire](https://youtu.be/UJeBBh26UyU?si=5ETpQBegtTi1fUnw)

Shihad - [Debs Night Out](https://youtu.be/tQR_eR_TT5I?si=tqxfBAQz2aCnPZSR)

The Datsuns - [Waiting for your time to come](https://youtu.be/WP9cUPhuc2Q?si=piPGbFzmffhmOt5y)

The Datsuns - [Eye of the Needle ](https://youtu.be/hEI1qBO7SeA?si=KluUy0yVQ688vBB6)

The Datsuns - [Somebody Better](https://youtu.be/X-in6JWyYIs?si=pjGlTRx9p6prAbsI)",2025-05-01T05:22:38Z,2,Derail185,music,2025-05-26T07:02:18.071669Z
mpz1eoy,1kc0i1i,reddit,"Basically the whole of Lorde's first album, Pure Heroine. Especially Ribs. Honestly, half of Melodrama could be on there too.",2025-05-01T05:30:14Z,2,night_dude,music,2025-05-26T07:02:18.071672Z
mpz2de6,1kc0i1i,reddit,Arawa by Electric Youth,2025-05-01T05:38:56Z,2,zeronerdsidecar,music,2025-05-26T07:02:18.071675Z
mpz4wd0,1kc0i1i,reddit,Watch- Manfred Mann’s Earth Band (the entire album),2025-05-01T06:02:25Z,2,JerichoOban,music,2025-05-26T07:02:18.071678Z
mpz6sgg,1kc0i1i,reddit,Real gone by Sheryl Crow,2025-05-01T06:20:35Z,2,jose-antonio-felipe,music,2025-05-26T07:02:18.071681Z
mpz7xgz,1kc0i1i,reddit,New Values- Iggy Pop(whole album),2025-05-01T06:31:50Z,2,Human-Country-5846,music,2025-05-26T07:02:18.071693Z
mpzt16j,1kc0i1i,reddit,A fav of mine on a long stretch of highway is The Protomen - Breaking Out. Preferably from the album but that song alone is killer,2025-05-01T10:14:05Z,2,Vaiden_Kelsier,music,2025-05-26T07:02:18.071696Z
mq02o6f,1kc0i1i,reddit,Radar Love by Golden Earring. Classic driving song.,2025-05-01T11:35:18Z,2,Struykert,music,2025-05-26T07:02:18.071698Z
mq02u3i,1kc0i1i,reddit,"""Drivers Seat"" - Sniff 'n' the tears",2025-05-01T11:36:31Z,2,iMaccHunt,music,2025-05-26T07:02:18.071701Z
mq02x8p,1kc0i1i,reddit,Radar Love,2025-05-01T11:37:10Z,2,cleanyour_room,music,2025-05-26T07:02:18.071704Z
mq065o8,1kc0i1i,reddit,"Moonlight Drive, The Doors",2025-05-01T12:00:13Z,2,iamacowmoo,music,2025-05-26T07:02:18.071707Z
mq08pcw,1kc0i1i,reddit,Midnight City - M83,2025-05-01T12:17:33Z,2,GlassAnimals710,music,2025-05-26T07:02:18.071709Z
mq0dz6n,1kc0i1i,reddit,"   NSU by cream.

Be careful with your speed when this comes on. Because you will want to drive really fast.

Manic depression by jimi hendrix.",2025-05-01T12:51:47Z,2,arkofjoy,music,2025-05-26T07:02:18.071712Z
mq0gdjx,1kc0i1i,reddit,"Los Angeles - The Midnight.

Had never heard of them before seeing them open for Chromeo. Absolutely blown away gow good they were live for a synthwave band.

Honorable mention to Runaway - Electric Youth",2025-05-01T13:06:13Z,2,AnAngryPirate,music,2025-05-26T07:02:18.071715Z
mq0hjk9,1kc0i1i,reddit,Phish - Fukuoka Jam #1. Available on most if not all platforms.,2025-05-01T13:13:06Z,2,mikes_mound,music,2025-05-26T07:02:18.071724Z
mpyyf4s,1kc0i1i,reddit,"[*The Background World*](https://www.youtube.com/watch?v=nDIjTaPt9co), by NiN.

I don't think it fits the styles of those songs you listed, but this is a contemplative song that slows down my playlist nicely and makes me think about where I am and who I'm becoming. I find late night drives are a time for that, and this song reminds me of driving in the country at 1am in the fog. It's not as intense as some of Trent's other stuff, but it hits quite the same.

I personally trim the song and end it around 5:30, though. From 4:04 until 11:44 is just the same beat repeated, getting more deep fried and distorted each time, and I'm usually good to move on to the next song after a minute of it. However, it's got a point to it: Trent Reznor was 52 when he made that song, and it repeats 52 times, representing how each year just gets more muddled and forgotten as time goes on and on, blending into each other, losing meaning.",2025-05-01T05:04:30Z,2,TildeGunderson,music,2025-05-26T07:02:18.071727Z
mpyx6n5,1kc0i1i,reddit,I’ve never heard of any of those songs you mentioned so won’t list any I was going to suggest. But I’ll go check them out and see if I have any recommendations after that.,2025-05-01T04:55:00Z,1,Ok-Metal-4719,music,2025-05-26T07:02:18.071729Z
mpyzu8p,1kc0i1i,reddit,"Lv matic birmingham 

Just the beat and his flow is really chill",2025-05-01T05:16:29Z,1,Ok-Astronomer-5396,music,2025-05-26T07:02:18.071732Z
mpz09ca,1kc0i1i,reddit,Hometown - French 79,2025-05-01T05:20:05Z,1,LiquidSquids,music,2025-05-26T07:02:18.071735Z
mpz09ng,1kc0i1i,reddit,"Alright. My suggestion isn't on brand with your examples but it's one letter off so I'm still gonna recommend it, and it's a dope late night driving song. Night Diving - Thrice",2025-05-01T05:20:09Z,1,devoalexander,music,2025-05-26T07:02:18.071737Z
mpz1ar2,1kc0i1i,reddit,"Strange Religion - Mark Lanegan
New Sensations -Lou Reed",2025-05-01T05:29:15Z,1,QuirkyPop1607,music,2025-05-26T07:02:18.071740Z
mpz1ifk,1kc0i1i,reddit,"no more rain - MAARTE

[https://open.spotify.com/track/6YcXgFYq7W2JauJFwYPSmq?si=903a8ad032274101](https://open.spotify.com/track/6YcXgFYq7W2JauJFwYPSmq?si=903a8ad032274101)",2025-05-01T05:31:10Z,1,Forward_Caramel_4020,music,2025-05-26T07:02:18.071743Z
mpz3d1b,1kc0i1i,reddit,"Anything by Night Sins. 

I just got into them and its a whole vibe.",2025-05-01T05:48:09Z,1,Empty_Graves,music,2025-05-26T07:02:18.071746Z
mpz3smj,1kc0i1i,reddit,"[""Hands Off the Wheel"" \~ Oleander](https://www.youtube.com/watch?v=0WShXmPMyUs)",2025-05-01T05:52:11Z,1,FajenThygia,music,2025-05-26T07:02:18.071749Z
mpz3unq,1kc0i1i,reddit,"The entire [Catching Z's album by Zeds Dead](https://www.youtube.com/watch?v=H7fbnizq8cA)

It's downtempo electronic and it's ***amazing***. Many nights have been spent relaxing or late night driving or dozing off to songs there. It's such a floaty dreamscape vibe, it's magical

The highlights for me: Lost Birds (fav on the album, I love this song so much it's one of my favorite edm songs period), phuket surprise, desert fractal (second favorite on the album), late night drive, over and over, 93 till now",2025-05-01T05:52:42Z,1,Warm_Shoulder3606,music,2025-05-26T07:02:18.071751Z
mpz4qx3,1kc0i1i,reddit,"I'm Waiting Here - Lykke Li

5 Seconds - Twin Shadows

Digital Verscicolor - Glass Candy",2025-05-01T06:01:00Z,1,RadIsMyFavoriteColor,music,2025-05-26T07:02:18.071754Z
mpz56ag,1kc0i1i,reddit,https://open.spotify.com/album/2ITJBRqMwZ0luWBnnZQ4Hq?si=gnmn-hOkTf6j0Flf4mc_Gg,2025-05-01T06:05:02Z,1,shelldon_conch,music,2025-05-26T07:02:18.071757Z
mpz5swq,1kc0i1i,reddit,Digital Versicolor by Glass Candy,2025-05-01T06:11:04Z,1,bleedmaizeandblue13,music,2025-05-26T07:02:18.071760Z
mpz5tux,1kc0i1i,reddit,This: https://open.spotify.com/track/1f7HqbQE80yeJWpSEHJZO3?si=mTvivJbDR1-Oxm2w-QTByw,2025-05-01T06:11:19Z,1,ObjetivoLaLuna,music,2025-05-26T07:02:18.071763Z
mpz61rt,1kc0i1i,reddit,"[Lost Highway Soundtrack](https://youtube.com/playlist?list=PLjDvaXwceFJToZgUXb3o-DWYfAVrfwAKR&feature=shared)

[Kavinsky - Nightcall](https://youtu.be/kIO2OHa9HDQ?feature=shared) and other songs off the Drive soundtrack",2025-05-01T06:13:27Z,1,thisolddog1,music,2025-05-26T07:02:18.071766Z
mpz6cpn,1kc0i1i,reddit,Broken Crown 🤌 Mumford and Sons with the windows rolled down rolling wild and free,2025-05-01T06:16:23Z,1,Particular-Dig-8758,music,2025-05-26T07:02:18.071768Z
mpz6g7v,1kc0i1i,reddit,"https://open.spotify.com/playlist/49WX3vpUL5fTg2DpKhGqF9?si=qunKhrnMRG6H-7n9cEmn9g&pi=KbCzBoY1QkyFO

Bunch of music that has a late-night energy to it. Granted I picked some of these for more of a late night walk, or late night on the water, or on a plane etc. But still great as a driving playlist. A lot of different stuff here.",2025-05-01T06:17:19Z,1,IonHazzikostasIsGod,music,2025-05-26T07:02:18.071771Z
mpz8xfx,1kc0i1i,reddit,Jawbreaker - Dear You,2025-05-01T06:41:50Z,1,shhhhhasecret,music,2025-05-26T07:02:18.071774Z
mpz9l3e,1kc0i1i,reddit,"Velvet Acid Christ - Ghost in the Circuit

Saki Kaskas - Afterlife

Dopamine - Flat Out",2025-05-01T06:48:18Z,1,MuttinoCobley,music,2025-05-26T07:02:18.071777Z
mpzc3q5,1kc0i1i,reddit,"Primitive Radio Gods - Standing Outside A Broken Phone Booth With Money In My Hand

MS Mr - Hurricane

Silversun Pickups - Lazy Eye

Arcade Fire - Reflektor

Warren Zevon - Werewolves of London

Have fun drive!",2025-05-01T07:13:48Z,1,Iron_Butterflyy,music,2025-05-26T07:02:18.071780Z
mpzdllq,1kc0i1i,reddit,https://open.spotify.com/track/11If5KjbrLXd7FE522mHRJ?si=gJA-21PMSy61s0gHgY96zg&context=spotify%3Aalbum%3A1qJ8n8n6EJEqBH9q5kiGla,2025-05-01T07:29:44Z,1,Rikurs_Musik,music,2025-05-26T07:02:18.071783Z
mpzet41,1kc0i1i,reddit,I have a public playlist on youtube. One of my lists is called road trips. My name on youtube is legion4it. Enjoy.,2025-05-01T07:42:46Z,1,legion4it,music,2025-05-26T07:02:18.071785Z
mpzjz7w,1kc0i1i,reddit,"Fusion - Perfume

Krack - Soulwax",2025-05-01T08:39:12Z,1,The_LionTurtle,music,2025-05-26T07:02:18.071788Z
mpznjvh,1kc0i1i,reddit,"David Crosby - if only I could remember my name 
Yuuf - in the sun 
Froglord - the mystic toad",2025-05-01T09:18:05Z,1,Doggsleg,music,2025-05-26T07:02:18.071791Z
mpzskra,1kc0i1i,reddit,M.E.- Gary Numan,2025-05-01T10:09:39Z,1,CallMeWhatYouWilll,music,2025-05-26T07:02:18.071794Z
mpzthma,1kc0i1i,reddit,Molly Hatchet.  Flirtin With Disaster.,2025-05-01T10:18:27Z,1,DarkIllusionsMasks,music,2025-05-26T07:02:18.071800Z
mpzvw9m,1kc0i1i,reddit,Seoul City - Jennie,2025-05-01T10:40:35Z,1,khai_____,music,2025-05-26T07:02:18.071803Z
mpzy7mh,1kc0i1i,reddit,Love me some synthwave when it comes to night driving,2025-05-01T11:00:26Z,1,carbondalio,music,2025-05-26T07:02:18.071806Z
mpzyt8c,1kc0i1i,reddit,"Feedback - Boy Deluxe

Little Dark Age - MGMT

After Dark - Mr.Kitty

And one for sunset driving in the city:

Roca Bye Baby - Seafood Sam",2025-05-01T11:05:21Z,1,RokkakuPolice,music,2025-05-26T07:02:18.071808Z
mpzzfb4,1kc0i1i,reddit,Acid Rain - Lorn,2025-05-01T11:10:20Z,1,orbitalchimp,music,2025-05-26T07:02:18.071811Z
mpzzfn6,1kc0i1i,reddit,"Everybody wants to rule the world - Tears for fears

after dark - Mr. kitty

vanished - Crystal Castles

Everlong - foo fighters 

That's all I could think of so I'm just putting them out there.",2025-05-01T11:10:25Z,1,victor-furr,music,2025-05-26T07:02:18.071814Z
mpzzycr,1kc0i1i,reddit,anything from Harry Smith's Anthology of American Folk. The field recording nature of it--especially combined with the stillness is late night driving--really transfers you through time,2025-05-01T11:14:35Z,1,neuroboy,music,2025-05-26T07:02:18.071816Z
mq006rt,1kc0i1i,reddit,M83- Outro,2025-05-01T11:16:27Z,1,Hopper13,music,2025-05-26T07:02:18.071819Z
mq02n2h,1kc0i1i,reddit,You might like my [Late Night Mood playlist](https://open.spotify.com/playlist/3gvYAGJmBY67Tplx946DJR?si=f3bb0e3ffd2a443d).,2025-05-01T11:35:05Z,1,Saffpop,music,2025-05-26T07:02:18.071821Z
mq03kkm,1kc0i1i,reddit,"Fast Car - Tracey Chapman 

Red Barchetta - Rush",2025-05-01T11:41:56Z,1,Classic_rock_fan,music,2025-05-26T07:02:18.071824Z
mq04bjn,1kc0i1i,reddit,I like to listen to automatic for the people by R.E.M. when I drive at night,2025-05-01T11:47:17Z,1,talkmc,music,2025-05-26T07:02:18.071827Z
mq07odv,1kc0i1i,reddit,"Ok this isn't for late night, but hear me out... 

The whole album:
Incubus Morning view at sunrise. 

Drove to California and it definitely hits different at that hour",2025-05-01T12:10:37Z,1,BurntTXsurfer,music,2025-05-26T07:02:18.071829Z
mq08ovr,1kc0i1i,reddit,"Night air- Jamie Woon

Passenger- deftones 

Sleep apnea- chevelle 

Reptile- periphery 

Swim to the moon- between the buried and me

Windowpane- Opeth",2025-05-01T12:17:28Z,1,Underwater_Grilling,music,2025-05-26T07:02:18.071832Z
mq09cuc,1kc0i1i,reddit,"The Dead. 

Any show anytime.",2025-05-01T12:21:54Z,1,MoRockoUP,music,2025-05-26T07:02:18.071834Z
mq0aq9u,1kc0i1i,reddit,Ship of fools Robert Plant,2025-05-01T12:31:01Z,1,Liquado,music,2025-05-26T07:02:18.071837Z
mq0b29v,1kc0i1i,reddit,Night moves - Bob Seager.,2025-05-01T12:33:12Z,1,Hairy_While,music,2025-05-26T07:02:18.071840Z
mq0bbw4,1kc0i1i,reddit,"3 Hours -  Nick Drake

The Other One - Grateful Dead   April 26, 1972 - Jahrhunderthalle Frankfurt, Hundred Year Hall - One of the longest and spaciest ever.",2025-05-01T12:34:58Z,1,UrbaneSurfer,music,2025-05-26T07:02:18.071842Z
mq0betf,1kc0i1i,reddit,"If you like Mr. Rager, try the whole album Entergalactic by Kid Cudi",2025-05-01T12:35:29Z,1,N/A,music,2025-05-26T07:02:18.071845Z
mq0bojg,1kc0i1i,reddit,"Not a fan of Dave Mathews, but the live concert from Central Park ‘two step’ is a great night song",2025-05-01T12:37:15Z,1,wski772005,music,2025-05-26T07:02:18.071848Z
mq0bv6i,1kc0i1i,reddit,AFTER DARK BY MR. KITTY,2025-05-01T12:38:27Z,1,yardbarkr,music,2025-05-26T07:02:18.071851Z
mq0cga7,1kc0i1i,reddit,“Night Drive” – Ari Lennox,2025-05-01T12:42:11Z,1,Pretty_Computer_5864,music,2025-05-26T07:02:18.071853Z
mq0e15c,1kc0i1i,reddit,"Nothing but the Wheel - Peter Wolf, originally by Patti Loveless. It's about driving late at night after a breakup.",2025-05-01T12:52:07Z,1,NauvooMetro,music,2025-05-26T07:02:18.071856Z
mq0ewkt,1kc0i1i,reddit,"Patrick Watson - Tracy's Waters

Trust me on this, perfect song for late night moonlit drive.",2025-05-01T12:57:26Z,1,kinghodjii,music,2025-05-26T07:02:18.071859Z
mq0fawc,1kc0i1i,reddit,Tearing Me Up - Bob Moses,2025-05-01T12:59:48Z,1,DonnyGetTheLudes,music,2025-05-26T07:02:18.071862Z
mq0gzgv,1kc0i1i,reddit,Entire Upchurch catalog.,2025-05-01T13:09:49Z,1,zackkcaz25,music,2025-05-26T07:02:18.071865Z
mq0hocy,1kc0i1i,reddit,Motor Spirit,2025-05-01T13:13:52Z,1,bdub10981,music,2025-05-26T07:02:18.071867Z
mq0hxz7,1kc0i1i,reddit,The Scotts by kid cudi and Travis Scott,2025-05-01T13:15:25Z,1,yardbarkr,music,2025-05-26T07:02:18.071870Z
mq0i179,1kc0i1i,reddit,"[Driving at Night](https://www.youtube.com/watch?v=mSA3Wmsf5o4) by Joe Satriani

/thread",2025-05-01T13:15:56Z,1,zappafrank2112,music,2025-05-26T07:02:18.071873Z
mq0iq89,1kc0i1i,reddit,Porcupine Tree - Arriving Somewhere But Not Here,2025-05-01T13:19:55Z,1,databeestje,music,2025-05-26T07:02:18.071876Z
mq0iqiy,1kc0i1i,reddit,Into the Night - Jeremy and the Harlequins,2025-05-01T13:19:57Z,1,otterdisaster,music,2025-05-26T07:02:18.071879Z
mq0jh63,1kc0i1i,reddit,Look up the “drive” sound track. Fantastic night driving music,2025-05-01T13:24:07Z,1,AdhesivenessNo1634,music,2025-05-26T07:02:18.071881Z
mq0jumu,1kc0i1i,reddit,"▪︎ Blue Nile - The Downtown Lights

▪︎ Mylo - Valley of the Dolls

▪︎ The Radio Dept. - Heaven's on Fire",2025-05-01T13:26:16Z,1,goldenalcid,music,2025-05-26T07:02:18.071884Z
mq0ke80,1kc0i1i,reddit,"One of my favorites is the album Vodoo Trucker by Deadbolt, great driving music. 

Other ones I love for middle of the night driving are, the Sunset Mission Album by Bohren & der Club of Gore, and The Sunsetters Motel by Shadowdream.",2025-05-01T13:29:17Z,1,sagesnail,music,2025-05-26T07:02:18.071886Z
mq0mtd1,1kc0i1i,reddit,Late Night Driving - Harry Styles,2025-05-01T13:42:43Z,1,TomBradyGoat1212,music,2025-05-26T07:02:18.071889Z
mq0o2k1,1kc0i1i,reddit,Van Halen II and Fair Warning. Night time driving goat albums.,2025-05-01T13:49:34Z,1,ghoti00,music,2025-05-26T07:02:18.071892Z
mq0od9b,1kc0i1i,reddit,Stranglehold by Te* N***nt.,2025-05-01T13:51:11Z,1,ghoti00,music,2025-05-26T07:02:18.071895Z
mq0ozvs,1kc0i1i,reddit,"The entire Desire album *Escape*

Basically the entire catalog of Chromatics

Basically Johnny Jewel’s entire catalog",2025-05-01T13:54:30Z,1,DubbleDiller,music,2025-05-26T07:02:18.071897Z
mq0qcu0,1kc0i1i,reddit,Hey Pete - Type0neg,2025-05-01T14:01:43Z,1,Sad-Drive-6339,music,2025-05-26T07:02:18.071900Z
mq0r0gi,1kc0i1i,reddit,"Lay Lady Lay - Bob Dylan

Riders On The Storm - The Doors

From The Beginning - ELP

Can’t Find My Way Home - Traffic",2025-05-01T14:05:11Z,1,idiotzrul,music,2025-05-26T07:02:18.071903Z
mq0s1zd,1kc0i1i,reddit,Just about anything from Angels and Airwaves.,2025-05-01T14:10:36Z,1,Queasy_Turnover,music,2025-05-26T07:02:18.071906Z
mpcku1t,1k99wc4,reddit,Completely blown away after seeing them live in 1984.,2025-04-27T17:58:53Z,3,ComfortableGlobal820,music,2025-05-26T07:02:19.071063Z
mpddgtc,1k99wc4,reddit,Fantastic share!,2025-04-27T20:26:55Z,3,Gullible_Key6660,music,2025-05-26T07:02:19.071075Z
mtma5mf,1ksk7zw,reddit,Panic at the Bistro,2025-05-22T07:43:06Z,74,NIKK-C,music,2025-05-26T07:02:20.744237Z
mtmm3v8,1ksk7zw,reddit,Siouxsie and the Bad Cheese,2025-05-22T09:46:14Z,43,jonnypanicattack,music,2025-05-26T07:02:20.744243Z
mtmp0mi,1ksk7zw,reddit,Beers for Fears,2025-05-22T10:13:39Z,41,drfraglittle,music,2025-05-26T07:02:20.744247Z
mtmyj9n,1ksk7zw,reddit,Soy Division,2025-05-22T11:31:06Z,41,TimmiT401K,music,2025-05-26T07:02:20.744250Z
mtmi71g,1ksk7zw,reddit,The off spring rolls,2025-05-22T09:06:30Z,35,avg_quality_person,music,2025-05-26T07:02:20.744254Z
mtmfaxv,1ksk7zw,reddit,"Buffalo Wing Field

Lolly Hatchet

Beans of the Stone Age",2025-05-22T08:36:29Z,26,KermitTheArgonian,music,2025-05-26T07:02:20.744257Z
mtmgb64,1ksk7zw,reddit,Veal Young,2025-05-22T08:47:00Z,19,Simple-Anywhere3406,music,2025-05-26T07:02:20.744260Z
mtmvvol,1ksk7zw,reddit,Rolling Scones,2025-05-22T11:11:20Z,17,Autodr83,music,2025-05-26T07:02:20.744263Z
mtm71be,1ksk7zw,reddit,Death Cab for Kewpie,2025-05-22T07:11:30Z,33,Top_Presentation7515,music,2025-05-26T07:02:20.744266Z
mtmcxlf,1ksk7zw,reddit,"Red Hot Chilli Peppers.

Wait...",2025-05-22T08:11:31Z,35,xsneakyxsimsx,music,2025-05-26T07:02:20.744269Z
mtmvtu2,1ksk7zw,reddit,Flan Halen,2025-05-22T11:10:57Z,33,Annual_Dependent9312,music,2025-05-26T07:02:20.744272Z
mtn17fo,1ksk7zw,reddit,Meatallica: Grill em All,2025-05-22T11:49:48Z,16,N/A,music,2025-05-26T07:02:20.744275Z
mtmzwn5,1ksk7zw,reddit,Godspeed you black empanada,2025-05-22T11:40:50Z,16,raptorcunthrust,music,2025-05-26T07:02:20.744279Z
mtn454u,1ksk7zw,reddit,A Tribe Called Quiche?,2025-05-22T12:09:33Z,16,nighthawk_md,music,2025-05-26T07:02:20.744282Z
mtn16sd,1ksk7zw,reddit,Amy steak house,2025-05-22T11:49:42Z,14,moofacemoo,music,2025-05-26T07:02:20.744285Z
mtmmv5y,1ksk7zw,reddit,Fish,2025-05-22T09:53:28Z,13,Round_Raspberry_8516,music,2025-05-26T07:02:20.744288Z
mtmwebk,1ksk7zw,reddit,"Simple Flan

Bread Zeppelin 

Berry Manilow",2025-05-22T11:15:18Z,11,MrShannoui,music,2025-05-26T07:02:20.744291Z
mtmtg69,1ksk7zw,reddit,A Wedge Sevenfold,2025-05-22T10:52:12Z,10,llobotommy,music,2025-05-26T07:02:20.744294Z
mtn309z,1ksk7zw,reddit,"Dire Crepes

Steely Flan

Grateful Bread (this is an actual bakery in seattle)",2025-05-22T12:01:58Z,9,SkyRepresentative309,music,2025-05-26T07:02:20.744298Z
mto1b1q,1ksk7zw,reddit,Durian Durian,2025-05-22T15:09:47Z,10,jonnypanicattack,music,2025-05-26T07:02:20.744301Z
mtmciks,1ksk7zw,reddit,Food fighters.,2025-05-22T08:07:12Z,19,Chuggo,music,2025-05-26T07:02:20.744304Z
mtmtcsa,1ksk7zw,reddit,"Richard Cheese and Lounge Against The Machine.

I replaced no words in that sentence.",2025-05-22T10:51:28Z,9,Basementdwell,music,2025-05-26T07:02:20.744307Z
mtmv2qd,1ksk7zw,reddit,Limp Bizkit and Gravy,2025-05-22T11:05:05Z,7,zpc28,music,2025-05-26T07:02:20.744310Z
mtmvtm8,1ksk7zw,reddit,"Beetles, Grateful Bread, Crosby, Stills & Hash, Jefferson Starfruit, Blintz 182, Bread Zeppelin, Michael Jackfruit, Explosions in the Pie",2025-05-22T11:10:54Z,9,andropogon09,music,2025-05-26T07:02:20.744313Z
mtn2grm,1ksk7zw,reddit,"Ham!  (that's ""Ham!"", not ""Ham"")  
  
I get you didn't ask for song titles, but you may know some of their hits such as ""Bake me supper before you Goji"", ""Caterer's Whisper / Careless Whisker"", ""Freedom Fries"", ""Ham Wrap! (enjoy what you do)""

 Also let's not forget their contemporaries Soy George and Culture Club Sandwich (""Korma Chameleon"", ""Runaway Sushi Train"", ""Church of the Poison Mince"" etc)",2025-05-22T11:58:20Z,7,slyzspyz,music,2025-05-26T07:02:20.744317Z
mtmwjz3,1ksk7zw,reddit,"Flan Halen

Wu Tang Clams

The Chives

Linkin Pork",2025-05-22T11:16:29Z,6,Saethwyr,music,2025-05-26T07:02:20.744320Z
mtmz6yj,1ksk7zw,reddit,Bullet for my Clementine,2025-05-22T11:35:50Z,7,CapLob,music,2025-05-26T07:02:20.744323Z
mtmzro4,1ksk7zw,reddit,30 snickers to mars,2025-05-22T11:39:51Z,7,CapLob,music,2025-05-26T07:02:20.744326Z
mtmm9zc,1ksk7zw,reddit,This is a lighter alternative to the porn film name game.,2025-05-22T09:47:52Z,6,jonnypanicattack,music,2025-05-26T07:02:20.744329Z
mtmqiq9,1ksk7zw,reddit,"Weird Al's been doing this for decades, only it's usually the song titles and lyrics, not the band name itself.",2025-05-22T10:27:17Z,6,chr0nicpirate,music,2025-05-26T07:02:20.744333Z
mtn93rv,1ksk7zw,reddit,"Pearl Ham

The Cure(d)

Front Lime Assembly

Puy Division 

New Hor d'oeuvres",2025-05-22T12:40:57Z,6,jonathing,music,2025-05-26T07:02:20.744336Z
mtnaayn,1ksk7zw,reddit,Alice in Chai?,2025-05-22T12:48:08Z,6,nighthawk_md,music,2025-05-26T07:02:20.744339Z
mtmhyfn,1ksk7zw,reddit,System of a Prawn,2025-05-22T09:04:01Z,15,hissoc,music,2025-05-26T07:02:20.744343Z
mtmlx3s,1ksk7zw,reddit,Death Chips,2025-05-22T09:44:25Z,5,jonnypanicattack,music,2025-05-26T07:02:20.744346Z
mtmmu3i,1ksk7zw,reddit,Canned Meat,2025-05-22T09:53:11Z,8,CurtisKobainowicz,music,2025-05-26T07:02:20.744349Z
mtn0xot,1ksk7zw,reddit,Back street corn,2025-05-22T11:47:57Z,4,TheFillth,music,2025-05-26T07:02:20.744353Z
mtn3ngj,1ksk7zw,reddit,Bread Zeppelin?,2025-05-22T12:06:19Z,4,nighthawk_md,music,2025-05-26T07:02:20.744356Z
mtn3tzx,1ksk7zw,reddit,The Rolling Scones?,2025-05-22T12:07:31Z,4,nighthawk_md,music,2025-05-26T07:02:20.744359Z
mtn9qb8,1ksk7zw,reddit,"Vegegarden

Pea-52s

Beet Beet King

Mariah Peary",2025-05-22T12:44:41Z,4,oldirtygaz,music,2025-05-26T07:02:20.744362Z
mtnmosr,1ksk7zw,reddit,Yeastie Boys!,2025-05-22T13:57:12Z,5,johnyryall,music,2025-05-26T07:02:20.744365Z
mtm9eyd,1ksk7zw,reddit,Tina Tuna / Babes in Soyland,2025-05-22T07:35:25Z,7,One_Preece_At_A_Time,music,2025-05-26T07:02:20.744368Z
mtn5syo,1ksk7zw,reddit,Flaming Chips,2025-05-22T12:20:21Z,3,land_beaver,music,2025-05-26T07:02:20.744371Z
mtnd891,1ksk7zw,reddit,"Deep Pickle

Beef Sabbath 

Spam Halen

Meatallica",2025-05-22T13:05:19Z,3,mud_sha_sha_shark,music,2025-05-26T07:02:20.744374Z
mtnmsd2,1ksk7zw,reddit,"* Ted Nougat
* Kid Roquefort
* The Feta Band
* Morris Day & The Thyme
* Bronski Beet
* The Beastie Boysenberries
* Depeche à la Mode",2025-05-22T13:57:43Z,3,Monsieur_Moneybags,music,2025-05-26T07:02:20.744377Z
mtovdu9,1ksk7zw,reddit,"ABBA-Zaba

Buns 'n' Roses

Pear Jam

Fondue Fighters

Nine Inch Nachos

Drink-182",2025-05-22T17:33:44Z,3,Fearchar,music,2025-05-26T07:02:20.744380Z
mtp2iy4,1ksk7zw,reddit,Tom Penne and the Pasta Makers,2025-05-22T18:07:18Z,3,Adventurous-Hall-209,music,2025-05-26T07:02:20.744383Z
mtpf5z6,1ksk7zw,reddit,"Croissant, Dills and Hash",2025-05-22T19:08:13Z,3,alanz01,music,2025-05-26T07:02:20.744386Z
mtph6ci,1ksk7zw,reddit,Pho Fighters,2025-05-22T19:18:02Z,3,WarkMahlberg69,music,2025-05-26T07:02:20.744390Z
mtpqaz1,1ksk7zw,reddit,"Motley Stew

The Grateful Bread

Fall Out Poi

The Blue Man Grouper

The Rolling Scones",2025-05-22T20:02:51Z,3,thisgirlnamedbree,music,2025-05-26T07:02:20.744393Z
mtpzhpb,1ksk7zw,reddit,Tom Petty and the Tarte Makers,2025-05-22T20:47:03Z,3,Strange-Access-8612,music,2025-05-26T07:02:20.744397Z
mtmoczq,1ksk7zw,reddit,The Black Dahlia Burger,2025-05-22T10:07:35Z,5,thebadgersnadgers89,music,2025-05-26T07:02:20.744401Z
mtml6h7,1ksk7zw,reddit,Grilling in the name by Rage Against the Cuisine,2025-05-22T09:37:03Z,4,dmooortin,music,2025-05-26T07:02:20.744404Z
mtmx78r,1ksk7zw,reddit,Veal Young,2025-05-22T11:21:19Z,2,artwarrior,music,2025-05-26T07:02:20.744408Z
mtmxs8t,1ksk7zw,reddit,Greengage,2025-05-22T11:25:40Z,2,Catastrophist89,music,2025-05-26T07:02:20.744411Z
mtn4pf9,1ksk7zw,reddit,Electric Trix,2025-05-22T12:13:13Z,2,Iron_Butterflyy,music,2025-05-26T07:02:20.744414Z
mtn6pkr,1ksk7zw,reddit,Black Flan,2025-05-22T12:26:09Z,2,BadSmash4,music,2025-05-26T07:02:20.744417Z
mtn7rit,1ksk7zw,reddit,"Mac Sabbath (real band, they play McDonalds inspired Black Sabbath covers) 
Squid (real band, one of my favorites) 
Fish (Phish)",2025-05-22T12:32:44Z,2,O_G_Douggy_Nutty,music,2025-05-26T07:02:20.744421Z
mtn90lv,1ksk7zw,reddit,Tame Chihuahua,2025-05-22T12:40:25Z,2,theriverrr,music,2025-05-26T07:02:20.744424Z
mtnh2vc,1ksk7zw,reddit,Bagels of Death Metal,2025-05-22T13:27:04Z,2,jawisi,music,2025-05-26T07:02:20.744427Z
mtnho8v,1ksk7zw,reddit,The Bugles,2025-05-22T13:30:18Z,2,Californiadude86,music,2025-05-26T07:02:20.744430Z
mtnhwoy,1ksk7zw,reddit,Grapefruit bread,2025-05-22T13:31:36Z,2,thewNYC,music,2025-05-26T07:02:20.744433Z
mtni6kt,1ksk7zw,reddit,Ginger baker,2025-05-22T13:33:09Z,2,thewNYC,music,2025-05-26T07:02:20.744436Z
mtnjx22,1ksk7zw,reddit,Korn,2025-05-22T13:42:33Z,2,BitterPaper3191,music,2025-05-26T07:02:20.744440Z
mtnm4b5,1ksk7zw,reddit,Meatallica,2025-05-22T13:54:14Z,2,Tikiboo,music,2025-05-26T07:02:20.744443Z
mtnoqq4,1ksk7zw,reddit,Hamstein,2025-05-22T14:07:52Z,2,ThatChadLad,music,2025-05-26T07:02:20.744447Z
mtnsdkz,1ksk7zw,reddit,A vegan diner/punk venue called Against Meat!,2025-05-22T14:26:03Z,2,djdiphenhydramine,music,2025-05-26T07:02:20.744450Z
mtnsyg6,1ksk7zw,reddit,Minted lamb of god / Captain Beeftart,2025-05-22T14:28:54Z,2,One_Preece_At_A_Time,music,2025-05-26T07:02:20.744453Z
mtnv4lb,1ksk7zw,reddit,"We used to replace song lyrics in my kitchen.

“You know where you are? You’re in the kitchen baby, you’re gonna fry”",2025-05-22T14:39:40Z,2,pandagoodboy,music,2025-05-26T07:02:20.744457Z
mtnvn45,1ksk7zw,reddit,Emerson Lake and Parma,2025-05-22T14:42:11Z,2,Ecoaardvark,music,2025-05-26T07:02:20.744460Z
mtnxdnf,1ksk7zw,reddit,"Halfway cooks. 

https://youtu.be/pVYkmU0ciKA?si=Lh4HlVWzBhgxp4qV",2025-05-22T14:50:40Z,2,dofrogsbite,music,2025-05-26T07:02:20.744463Z
mtnzeu6,1ksk7zw,reddit,"* Beef-52’s
* Panic! at the Crisco
* Dr!nk
* Rouxy Lewis and the Stews",2025-05-22T15:00:32Z,2,ResettisReplicas,music,2025-05-26T07:02:20.744467Z
mto2xq2,1ksk7zw,reddit,Stone tempeh pilots,2025-05-22T15:17:40Z,2,MoreThanWYSIWYG,music,2025-05-26T07:02:20.744470Z
mto3sox,1ksk7zw,reddit,Nutellica,2025-05-22T15:21:48Z,2,MoreThanWYSIWYG,music,2025-05-26T07:02:20.744474Z
mto3yln,1ksk7zw,reddit,Bruce Springsteen and the E Street Banana,2025-05-22T15:22:36Z,2,pee_diddy,music,2025-05-26T07:02:20.744477Z
mto4v9x,1ksk7zw,reddit,Corn,2025-05-22T15:26:58Z,2,redfont,music,2025-05-26T07:02:20.744480Z
mto6l1i,1ksk7zw,reddit,"Dying Feed Us

Cannoli Corpse

Cradle of Fish

Between the Buried and Meat 

Rotting Crisps

Guns N Rosé

Limp Biscuit (this one feels like cheating)

Marylin Macron",2025-05-22T15:35:09Z,2,Oradi,music,2025-05-26T07:02:20.744483Z
mto7rbm,1ksk7zw,reddit,Grateful Bread,2025-05-22T15:40:42Z,2,phunky-betch,music,2025-05-26T07:02:20.744486Z
mtoc7yz,1ksk7zw,reddit,The Jimi Drumsticks Experience,2025-05-22T16:02:01Z,2,TheCarrzilico,music,2025-05-26T07:02:20.744490Z
mtodg1g,1ksk7zw,reddit,Sid Knishes.  Johnny Au Gratin.  The Romaines.  Loaves and Rockets.  Eclectic Bite Orchestra.  Pickleback.  Los Deli Rio.  Ted Nougat.  Talking Breads.  Cooker T. Buns N Roses. Carlos Sangria.  Grahamcracker Nash.  Tupac Saltshakur.  Radiobread.  Almond Brothers. Stevie Wonderbread. The Peach Boys.  Bob Mermelade.  James Brown Gravy.  Chuckberry Pie.  Elvis Parsley.  ,2025-05-22T16:08:05Z,2,Phreakiture,music,2025-05-26T07:02:20.744493Z
mtolrd1,1ksk7zw,reddit,The White Tripes,2025-05-22T16:48:40Z,2,WKAngmar,music,2025-05-26T07:02:20.744496Z
mtombec,1ksk7zw,reddit,Bachman Drive Turnovers,2025-05-22T16:51:17Z,2,WKAngmar,music,2025-05-26T07:02:20.744499Z
mtomftj,1ksk7zw,reddit,The Tragically Dip,2025-05-22T16:51:52Z,2,Many-Waters,music,2025-05-26T07:02:20.744503Z
mtomhi9,1ksk7zw,reddit,Coque au Van Halen,2025-05-22T16:52:05Z,2,whyvrmn,music,2025-05-26T07:02:20.744506Z
mtoog74,1ksk7zw,reddit,Meshuggah Cookies,2025-05-22T17:01:17Z,2,Potentatetial,music,2025-05-26T07:02:20.744510Z
mtopp30,1ksk7zw,reddit,Bread Zeppelin,2025-05-22T17:07:18Z,2,insearchofthingz,music,2025-05-26T07:02:20.744513Z
mtoqstd,1ksk7zw,reddit,Breadie Van Halen,2025-05-22T17:12:28Z,2,insearchofthingz,music,2025-05-26T07:02:20.744517Z
mtor06x,1ksk7zw,reddit,Boneless Thugs-N-Harmony,2025-05-22T17:13:26Z,2,insearchofthingz,music,2025-05-26T07:02:20.744520Z
mtor3qf,1ksk7zw,reddit,De La Roll,2025-05-22T17:13:53Z,2,insearchofthingz,music,2025-05-26T07:02:20.744523Z
mtorl68,1ksk7zw,reddit,100% Beef Franks Sinatra,2025-05-22T17:16:09Z,2,insearchofthingz,music,2025-05-26T07:02:20.744527Z
mtorm6m,1ksk7zw,reddit,Snack Sabbath. Shrimp Biscuit. Corn? Meal Young.,2025-05-22T17:16:17Z,2,east_van_dan,music,2025-05-26T07:02:20.744531Z
mtorn42,1ksk7zw,reddit,"I’ll stop now, sorry. Hahaha, this is the best game ever",2025-05-22T17:16:24Z,2,insearchofthingz,music,2025-05-26T07:02:20.744534Z
mtotn3k,1ksk7zw,reddit,Ribeye Blind,2025-05-22T17:25:40Z,2,WKAngmar,music,2025-05-26T07:02:20.744538Z
mtottol,1ksk7zw,reddit,Lunchbox 20,2025-05-22T17:26:29Z,2,WKAngmar,music,2025-05-26T07:02:20.744541Z
mtou2wq,1ksk7zw,reddit,Marrowsmith,2025-05-22T17:27:40Z,2,WKAngmar,music,2025-05-26T07:02:20.744544Z
mtouc73,1ksk7zw,reddit,Radiobread,2025-05-22T17:28:51Z,2,WKAngmar,music,2025-05-26T07:02:20.744548Z
mtp6spq,1ksk7zw,reddit,"Cream

Known for songs like Bohemian Rhapsoda, Seven Seas of Rye, and Another One Bites the Crust.",2025-05-22T18:27:47Z,2,gdmfsoabrb,music,2025-05-26T07:02:20.744551Z
mtpccv4,1ksk7zw,reddit,"* Falafel Out Boy
* Death Cab for Smoothie
* Sunny Egg Realest Crepe
* Foodgazi",2025-05-22T18:54:39Z,2,InfernalWedgie,music,2025-05-26T07:02:20.744554Z
mtpfz2t,1ksk7zw,reddit,Bread Zeppelin,2025-05-22T19:12:09Z,2,laundro_mat,music,2025-05-26T07:02:20.744557Z
mtpg08h,1ksk7zw,reddit,Wu Tang Clam,2025-05-22T19:12:19Z,2,laundro_mat,music,2025-05-26T07:02:20.744560Z
mtpycog,1ksk7zw,reddit,Roasting pumpkins,2025-05-22T20:41:34Z,2,Race2TheGrave,music,2025-05-26T07:02:20.744567Z
mtdo3yy,1krhrrd,reddit,">heavy metal

![gif](giphy|G4ZNYMQVMH6us)",2025-05-20T22:53:43Z,11,ImGilbertGottfried,music,2025-05-26T07:02:21.734450Z
mtemrr0,1krhrrd,reddit,Killer guitar lines by EVH.,2025-05-21T02:17:22Z,5,Quanqiuhua,music,2025-05-26T07:02:21.734463Z
mtg3ywo,1krhrrd,reddit,it ain't HM but man it's good to see Eddie VH again.,2025-05-21T09:57:31Z,3,YZYSZN1107,music,2025-05-26T07:02:21.734476Z
mtgx5qt,1krhrrd,reddit,"My favorite band ever. Sadly, this is just about when the Diamond Dave personality consumed DLR and he became a caricature of himself. I don't blame the VH brothers for getting tired of it after a while. It must've been exhausting.

But we'll always have Diver Down and Women and Children First to remember the good times.",2025-05-21T13:26:24Z,2,Meet_the_Meat,music,2025-05-26T07:02:21.734485Z
mryq8c2,1kl19n7,reddit,"Natalie Cole with her father Nat King Cole, singing Unforgettable?",2025-05-12T19:21:03Z,264,TheVelveteenReddit,music,2025-05-26T07:02:22.761946Z
mryrqpm,1kl19n7,reddit,"Nat King Cole was an incredible talent, and so was his daughter Natalie. Both gone before their respective times due to smoking (Nat) and drugs (Natalie).",2025-05-12T19:28:38Z,30,notprocrastinatingok,music,2025-05-26T07:02:22.761958Z
mryq8ok,1kl19n7,reddit,Natalie Cole and Nat King Cole,2025-05-12T19:21:06Z,10,inkyblinkypinkysue,music,2025-05-26T07:02:22.761967Z
mryqcnl,1kl19n7,reddit,"Natalie Cole and Nat King Cole, maybe? Although if memory serves, that was just a single",2025-05-12T19:21:40Z,8,philament,music,2025-05-26T07:02:22.761974Z
mryvo14,1kl19n7,reddit,"Hank Sr. and Hank Jr. on ""There's A Tear in My Beer""",2025-05-12T19:48:26Z,6,UniversalDonorLord,music,2025-05-26T07:02:22.761982Z
mrz9lon,1kl19n7,reddit,Nat King Cole and his daughter Natalie Cole. ,2025-05-12T20:58:08Z,5,DrBlankslate,music,2025-05-26T07:02:22.761990Z
mrz1xjr,1kl19n7,reddit,You mean the original “AI duet” before AI was even a thing? Legendary move,2025-05-12T20:19:37Z,6,Pretty_Computer_5864,music,2025-05-26T07:02:22.761998Z
mrzpt4b,1kl19n7,reddit,Natalie Cole,2025-05-12T22:23:49Z,2,BootlegFerrari,music,2025-05-26T07:02:22.762005Z
mrz6k2m,1kl19n7,reddit,I saw Natalie at Disney World with Houdini as opener,2025-05-12T20:42:49Z,1,Tord29,music,2025-05-26T07:02:22.762012Z
mrtevpo,1kkc9z3,reddit,One of my very favorite solo songs from Pete Townshend! 🥇,2025-05-11T21:51:07Z,6,theweightofdreams8,music,2025-05-26T07:02:23.959545Z
mrwn9bn,1kkc9z3,reddit,"The album, Empty Glass, is great. A meditation on alcoholism made at a time when Townshend was essentially wasted, morning to night, downing 2 bottles of Remy Martin everyday.",2025-05-12T13:01:25Z,3,KingRabbit_,music,2025-05-26T07:02:23.959559Z
mru6tfc,1kkc9z3,reddit,[Don’t forget the ambient mix!](https://youtu.be/HXVD4LoS87Q?si=jazT4LaD0Dz1c_a6),2025-05-12T00:45:06Z,2,TheBestMePlausible,music,2025-05-26T07:02:23.959568Z
msoovss,1kkc9z3,reddit,"Yeah, good old Pete, his love of kiddie  porn is just something I respect !",2025-05-16T20:19:45Z,1,BPJ725,music,2025-05-26T07:02:23.959576Z
mrudx94,1kkc9z3,reddit,Who are the other musicians?  Phillips on drums?,2025-05-12T01:30:37Z,1,Abraham_Lingam,music,2025-05-26T07:02:23.959584Z
mrmwgs7,1kjhsi0,reddit,Do you make music yourself? If not I’d definitely recommend it! Nothing like actually doing the thing you want to be more familiar with,2025-05-10T19:30:53Z,17,dieharderthanhard,music,2025-05-26T07:02:25.016763Z
mrn17p7,1kjhsi0,reddit,"You’re already halfway there - if music moves you that deeply, the theory will just give words to what your heart already knows.",2025-05-10T19:58:31Z,8,elowenashray,music,2025-05-26T07:02:25.016767Z
mrmuwr4,1kjhsi0,reddit,"Glad you love it mate, me too.

What country are you in? You could do a TAFE course (or community college maybe in the States? Unsure of other countries equivalents) on music or music industry related fields.

I.e. affordable tertiary education options.

Failing that, start hanging out with musicians.

Good luck!",2025-05-10T19:21:48Z,4,WaltzingBosun,music,2025-05-26T07:02:25.016769Z
mrmyu3b,1kjhsi0,reddit,"study it, study music or even the history of it and any of its genre, i found it quite interesting",2025-05-10T19:44:42Z,3,scaaaawrs,music,2025-05-26T07:02:25.016772Z
mrn05vt,1kjhsi0,reddit,Get a subscription to Wondrium and listen to the courses by Prof Robert Greenberg,2025-05-10T19:52:26Z,3,aleforbreakfast,music,2025-05-26T07:02:25.016774Z
mrn46yo,1kjhsi0,reddit,"I don't recommend going through the whole 30 year process of dissecting the magic of everything you love until it is gone. 

But there should be a happy medium.  I think what I would do is learn what keys are,  and what chord tones and non chord tones are.  Those two things are the basis for every cool tune that you've been impressed with. 

Get a guitar and learn the chords in the key of G. That's G major, A minor,  B minor,  C major,  D major,  E minor,  ... and well that's plenty.  Learn a bunch of songs in basic cowboy-chord format. There are millions that use just those.  Then when you hear something different than that used,  it will likely be somebody doing some kind of cool key change move,  so you should get the intended magical feeling. Like if a song goes from key of G, to E flat or B flat or even F, it feels like stepping into another world. 

Also,  a major melodic trick is chord vs non-chord tones.  For example if the chord is C, and the singer sings C, E, or G on a main beat, it sounds normal,  but if they sing,  like,  D (not just to pass between C and E but on an emphasized beat over the c chord,  like where you'd expect them to sing C) it gives a melancholy sound.  That's pretty dang magical. 

Other magical things about music are to do with the arrangement.  Like in the chorus,  maybe they decided to explode everything out with a big choir of voices and a little subtle synth and some tambourine or whatever,  you can pretty much understand what makes what effect in that regard if you just listen for it and pay attention. 

If you want to spend a little money,  the absolute best value investment punch is $200 (sometimes less) on Sennheiser / Drop HD6xx headphones.  You will hear tons of detail and hear where everything is and the way it was meant to be heard.",2025-05-10T20:15:30Z,3,Edigophubia,music,2025-05-26T07:02:25.016776Z
mrn79tw,1kjhsi0,reddit,"Read this book. Its great.

This Is Your Brain on Music by Daniel Levitin",2025-05-10T20:32:58Z,2,RYzaMc,music,2025-05-26T07:02:25.016778Z
mrmw5ta,1kjhsi0,reddit,Shrooms,2025-05-10T19:29:05Z,5,Sonzscotlandz,music,2025-05-26T07:02:25.016780Z
mrmv4d1,1kjhsi0,reddit,"learn these things 

music theory general knowledge 
music history & music appreciation in the genre you are interested in.

we are in 2025. Tons of information around in the internet.

last but not least. Learn an instrument of your choice. Do you understand more and appreciate even more",2025-05-10T19:23:01Z,4,ChannelSuspicious438,music,2025-05-26T07:02:25.016783Z
mrmydpy,1kjhsi0,reddit,Watching Rick Beato on yt wouldn’t hurt.,2025-05-10T19:42:04Z,2,scorpious,music,2025-05-26T07:02:25.016785Z
mrmznat,1kjhsi0,reddit,"Learn.    
Google is your friend.    

https://www.musictheory.net/lessons",2025-05-10T19:49:27Z,1,Bechimo,music,2025-05-26T07:02:25.016787Z
mrn0lqv,1kjhsi0,reddit,"Learning how to play an instrument/songs. Not just riffs or motifs but the whole song. Once I joined a cover band and began to study multiple instrument parts in order to try and recreate the song live, it really developed and furthered my love of music, because now there are so many more little nuances and irregularities I can identify and enjoy than I could before.",2025-05-10T19:54:59Z,1,devmoostain666,music,2025-05-26T07:02:25.016789Z
mrn4iuz,1kjhsi0,reddit,"Read some biographies, watch some podcasts.  A good one for classical music is Dave Hurwitz.",2025-05-10T20:17:22Z,1,ChapBob,music,2025-05-26T07:02:25.016792Z
mrn8rld,1kjhsi0,reddit,"Music Starts with Chords in a specific key ,well reg Rock,Jazz,Blues songs do ..hip hop basically uses samples of beats or drum sequencers with hundreds of beats,sounds,diff drum kits ,you can add or take away sounds on the Fly. 

I had a 16 track drum sequencer for House Music I used for recording guitar instrumentals  but you can go under the headphones and play with that thing for hours ,it doesn't work now unfortunately but it was like 700$ where a reg drum machine is like 80-120$",2025-05-10T20:41:24Z,1,Odd-Explanation2035,music,2025-05-26T07:02:25.016794Z
mrnebze,1kjhsi0,reddit,"There are so many levels to understand about music... technical, economic, cultural, political, aesthetic, neurochemical... I recommend picking one and diving in.",2025-05-10T21:13:22Z,1,DiscouragesCannibals,music,2025-05-26T07:02:25.016796Z
mrnnha1,1kjhsi0,reddit,"Check out the book [How Music Works](https://a.co/d/6qMqlZz) by David Byrne from Talking Heads. 

That's a good place to start.",2025-05-10T22:08:38Z,1,HighBiased,music,2025-05-26T07:02:25.016799Z
mrns40w,1kjhsi0,reddit,"Love this!! Music is so wonderful. Study/learn an instrument, learn music history, watch music documentaries!",2025-05-10T22:37:52Z,1,blackheartden,music,2025-05-26T07:02:25.016801Z
mrntsjg,1kjhsi0,reddit,"i listen to music every day and recently when ive actually been getting into genres and not just specific songs, ive gotten myself into learning electric guitar so i can play some of my favorite songs. Even though im a beginner i rlly enjoy playing.",2025-05-10T22:48:45Z,1,NJXEDITZ,music,2025-05-26T07:02:25.016803Z
mrnuvyy,1kjhsi0,reddit,Get a recoding studio/ music synthesizer for your computer and start playing and creating.,2025-05-10T22:55:43Z,1,Several_Ad2072,music,2025-05-26T07:02:25.016805Z
mro2ley,1kjhsi0,reddit,Don't understand it....feel it,2025-05-10T23:44:03Z,1,AgingBadly667,music,2025-05-26T07:02:25.016807Z
mroh5d2,1kjhsi0,reddit,"Learning Music Theory can be fun. There are so many paths to learn, even only on youtube alone, nevermind books. That can start to teach you the ""rules"" of music, and help you understand how artists follow them to create songs, and further, how they bend or break those rules in their creations. 

Honestly, I only dabbled, I was one of the millions who picked up an instrument during the pandemic (guitar), but the world that opened up was very cool and very rewarding. It turned me onto youtube channels like Rick Beato's Everything Music, which I love. He's a great Music Communicator the way say, Bill Nye is for science or Julia Child is for cooking.",2025-05-11T01:19:14Z,1,CollateralSandwich,music,2025-05-26T07:02:25.016810Z
mroifdh,1kjhsi0,reddit,"Same here...from a very young age, I was just really into music.  And always pondered things like ""why did they choose to change the pitch of their voice that ONE time repeating the same words in the chorus than they did the other times?""  or ""what made them think to add that extra note in that instrument there?""  One of my favorite classes I ever took in college was Music Appreciation.  Loved that class and kept up with reading, studying, and learning.  I grew up before the internet so I always had to go to the library to find out info and subscribe to magazines.  Lucky for us now, we can take online classes, go to music artists websites, go to music based websites, Reddit, etc. 

Check out some colleges and schools in your area that teach music theory, music appreciation, and maybe take some lessons. 

Also, look into Music Frission.  And read this:   [https://www.discovery.com/science/Getting-Chills-from-Music](https://www.discovery.com/science/Getting-Chills-from-Music)",2025-05-11T01:27:43Z,1,Serious-Lack9137,music,2025-05-26T07:02:25.016812Z
mrovpfd,1kjhsi0,reddit,"Learn an instrument and actively listen to music, as In try to listen and name each instrument your hear in a song.",2025-05-11T02:56:40Z,1,soundalchemist,music,2025-05-26T07:02:25.016814Z
mrozyse,1kjhsi0,reddit,Your happiness makes me happy.,2025-05-11T03:26:58Z,1,mecartistronico,music,2025-05-26T07:02:25.016817Z
mrp6ftr,1kjhsi0,reddit,"Music makes you high--I can see that.  It's great, right?  Not everyone experiences this, so count yourself very lucky!",2025-05-11T04:15:11Z,1,Meow_My_O,music,2025-05-26T07:02:25.016819Z
mrsmugg,1kjhsi0,reddit,"Learn an instrument... and I mean actually learn it, learn musical theory, learn scales, learn to read music, learn time signatures...   If you are still in school, take a music course.",2025-05-11T19:15:47Z,1,PrimusSkeeter,music,2025-05-26T07:02:25.016821Z
mrmzixl,1kjhsi0,reddit,"Yep, kpop is one of the reasons why I started studying Korean. It will be my third language on top of Spanish and English. Music connects people in many ways!",2025-05-10T19:48:44Z,0,N/A,music,2025-05-26T07:02:25.016823Z
mrnkkcs,1kjhsi0,reddit,🙄,2025-05-10T21:50:52Z,0,Quirky-Industry6037,music,2025-05-26T07:02:25.016825Z
mrmxyu1,1kjhsi0,reddit,Settle down lol,2025-05-10T19:39:41Z,-1,Howard_Cosine,music,2025-05-26T07:02:25.016828Z
mqhe1pa,1keab0m,reddit,Great guitar playing. I enjoyed the harmony and the Hiluxes whippping cookies in the background!,2025-05-04T03:51:33Z,2,mthockeydad,music,2025-05-26T07:02:25.933025Z
mqhqe65,1keab0m,reddit,Holy shit this is very very good.,2025-05-04T05:33:44Z,2,brihamedit,music,2025-05-26T07:02:25.933038Z
mporjcf,1kar9lj,reddit,"I saw him play once, he kept a trumpet in a holster like a gunslinger. Dick kicked ass",2025-04-29T16:51:52Z,4,Strawbuddy,music,2025-05-26T07:02:26.968113Z
mprvez5,1kar9lj,reddit,He was doing Beach Music ( California ) before the Wilson Boys were thought of.  Original Surf Guitar Hero !,2025-04-30T02:28:50Z,2,GeezerRocker,music,2025-05-26T07:02:26.968125Z
mpfs4y7,1k9ldoi,reddit,Nice Video,2025-04-28T05:28:49Z,1,NebulasNexus,music,2025-05-26T07:02:28.089894Z
mpfw6tl,1k9ldoi,reddit,The 1st time a girl stole an album from me was this album. Despised her for the theft but loved the things she did. So an even-ish trade.,2025-04-28T06:06:39Z,1,D4nM4rL4r,music,2025-05-26T07:02:28.089906Z
mphfmmi,1k9ldoi,reddit,I was stationed at Minot Air Force Base when this came out.  Everyone on my street on base housing got to listen to it along with me.,2025-04-28T14:00:23Z,1,broc944,music,2025-05-26T07:02:28.089914Z
mu9g3vx,1kvh3ai,reddit,"I hear it frequently on Siriusxm altnation. It hasn’t disappeared, just may not be played in mainstream radio.",2025-05-26T00:25:52Z,43,Humble-Pineapple-329,music,2025-05-26T07:02:29.418123Z
mu9jyns,1kvh3ai,reddit,"I love the song, but it came out in a time where ""Stomp Clap Hey"" songs were getting overdone and was a casualty in the rejection of those artists",2025-05-26T00:50:02Z,79,HillbillyMan,music,2025-05-26T07:02:29.418130Z
mu9q0bl,1kvh3ai,reddit,I listen to it regularly. I really like Dirty Paws by them as well.,2025-05-26T01:28:05Z,21,United-Kale-2385,music,2025-05-26T07:02:29.418134Z
mu9kuht,1kvh3ai,reddit,"They just fucking crushed it on [Tiny Desk](https://youtu.be/GZ-kXZsUa_w?si=GJx4pzOqeOgYxQQS)* and that's how I know about them.

\* Sorry,it was KEXP",2025-05-26T00:55:38Z,25,rebug,music,2025-05-26T07:02:29.418139Z
mu9ifdo,1kvh3ai,reddit,"Great tune!  Still gets regular spins over here along with these songs with a similar vibe:

The Middle East - [Blood](https://youtube.com/watch?v=E7SSC3ex-bA)

George Ezra - [Budapest](https://youtube.com/watch?v=wQ5k_fvscJk)

Lord Huron - [Ends of the Earth](https://youtube.com/watch?v=3rgByhRXjjc)

The Lumineers - [Ho Hey](https://youtube.com/watch?v=zvCBSSwgtg4)

Edward Sharpe and the Magnetic Zeros - [Home](https://youtube.com/watch?v=DHEOF_rcND8)

Phillip Phillips - [Home](https://youtube.com/watch?v=kfb20spfUeQ)

Passenger - [Let Her Go](https://youtube.com/watch?v=lRVTVB94zTg)

Of Monsters And Men - [Little Talks](https://youtu.be/ghb6eDopW8I?si=98xR4SNiv0AIQSVh)

A Great Big World - [Say Something](https://youtube.com/watch?v=tV3uXVBydcI)

Harry Styles - [Sign of the Times](https://youtube.com/watch?v=OLj8EcECKxk)

Ray LaMonntagne - [You Are the Best Thing](https://youtube.com/watch?v=pkntWssHboY)",2025-05-26T00:40:33Z,29,refillwill,music,2025-05-26T07:02:29.418143Z
mu9lcca,1kvh3ai,reddit,Love that song! I always thought the line “this ship will carry our bodies safe to shore” sounded like “this shrimp and caviar” lol,2025-05-26T00:58:46Z,9,ContactHonest2406,music,2025-05-26T07:02:29.418147Z
mu9q2lb,1kvh3ai,reddit,"That song was all over the place in 2012-2013. While it's good, I'm more of a ""Mountain Sound"" guy",2025-05-26T01:28:29Z,7,toddles822,music,2025-05-26T07:02:29.418151Z
mu9n92t,1kvh3ai,reddit,"That entire album is killer, I have it on vinyl.",2025-05-26T01:10:41Z,7,Snackdoc189,music,2025-05-26T07:02:29.418155Z
mu9uozp,1kvh3ai,reddit,I also like their song Alligator,2025-05-26T01:58:09Z,6,PandaLunch,music,2025-05-26T07:02:29.418159Z
mu9hkln,1kvh3ai,reddit,"Thanks to your post, I went back and listened to it again. This song is kinda nostalgic for me because I used to listen to it a lot when I was young, but I didn’t understand a word they were saying.

Now I’m grown up and I noticed that the lyrics are way sadder than what I imagined, overall I was happy to re experience it again.

Thanks for the nostalgia trip, OP!",2025-05-26T00:35:09Z,9,Waluigiisgod,music,2025-05-26T07:02:29.418162Z
mu9mlx1,1kvh3ai,reddit,"this song is super nostalgic for me. I started taking guitar lessons in 2010 when I was like 6 years old. the music store I took lessons at put on a mini concert every year of student bands called Rockcital. in 2013 when I was 10, I played Little Talks in a band with a bunch of older kids probably in high school or early college at that time. So much fun and one of my favorite core childhood memories.",2025-05-26T01:06:46Z,6,DaylightX4449,music,2025-05-26T07:02:29.418166Z
mu9qjwb,1kvh3ai,reddit,The Dunkin’ on my block wears it out,2025-05-26T01:31:36Z,3,Icy-Whale-2253,music,2025-05-26T07:02:29.418170Z
muadhzf,1kvh3ai,reddit,"This song was very popular just after my husband died. We had recently bought a small farm and only lived in it a few months before he died. Popular advice ( and pretty decent, really) is not to make any big changes for a year after the death of a loved one. The rest of the time l lived there, this song was kind of my theme. 
'You're gone, gone, gone away
I watched you disappear
All that's left is a ghost of you
Now we're torn, torn, torn apart
There's nothing we can do
Just let me go, we'll meet again soon
Now wait, wait, wait for me, please hang around
I'll see you when I fall asleep'",2025-05-26T04:05:02Z,3,ForsakenHelicopter66,music,2025-05-26T07:02:29.418175Z
mu9h924,1kvh3ai,reddit,"It’s my alarm. They have a few other good songs to me “rororo”, “under the dome”",2025-05-26T00:33:07Z,2,Fathletic231,music,2025-05-26T07:02:29.418179Z
mu9hnrs,1kvh3ai,reddit,i love this song! it’s always been one of my favs,2025-05-26T00:35:43Z,2,pandqueen13,music,2025-05-26T07:02:29.418182Z
mu9k2hp,1kvh3ai,reddit,It’s saved to my Spotify and so I do still listen to it from time to time. Apparently I saved it to a playlist one I named ‘Isolation’ during covid,2025-05-26T00:50:43Z,2,amusebooch,music,2025-05-26T07:02:29.418185Z
mu9l410,1kvh3ai,reddit,My local radio still plays it often,2025-05-26T00:57:17Z,2,drstu3000,music,2025-05-26T07:02:29.418189Z
mu9ln7w,1kvh3ai,reddit,love it,2025-05-26T01:00:40Z,2,tmolesky,music,2025-05-26T07:02:29.418193Z
mu9m67l,1kvh3ai,reddit,"If you’re OMAM fan, you need to check out their movie TIU where they travel around Iceland and play in cool settings :) https://youtu.be/2gFSr2bzaVI?feature=shared

And the Cabin Sessions https://youtu.be/Y25LDO6OLzQ?feature=shared

Little Talks video https://youtu.be/ghb6eDopW8I?feature=shared",2025-05-26T01:04:00Z,2,HusavikHotttie,music,2025-05-26T07:02:29.418197Z
mu9m7b1,1kvh3ai,reddit,"One of my favourites!...went through a songs with ""Hey!"" phase. [https://www.youtube.com/watch?v=ghb6eDopW8I](https://www.youtube.com/watch?v=ghb6eDopW8I)",2025-05-26T01:04:11Z,2,beowolff,music,2025-05-26T07:02:29.418201Z
mu9mzoy,1kvh3ai,reddit,Do you miss their little talks?,2025-05-26T01:09:06Z,2,TitShark,music,2025-05-26T07:02:29.418205Z
mu9pb2y,1kvh3ai,reddit,"Of Monsters and Men.   
Covers Yeah, Yeah, Yeahs live in the studio 

https://youtu.be/iwS2jTC9azs?si=_BPDykLxw4iPn9Xj

Covers Post Malone live in the studio 

https://youtu.be/bpFOm2wN4kM?si=rzgnC8zZTE6RaYsm",2025-05-26T01:23:37Z,2,0luckyman,music,2025-05-26T07:02:29.418209Z
mu9qyg9,1kvh3ai,reddit,Still in rotation for my Campfire Somgs Repertoire,2025-05-26T01:34:17Z,2,Nykcul,music,2025-05-26T07:02:29.418212Z
mu9rmeb,1kvh3ai,reddit,This live session is great if you enjoy them https://youtu.be/Y25LDO6OLzQ?si=bdpOrnrPay4wXV-7,2025-05-26T01:38:38Z,2,SquizzOC,music,2025-05-26T07:02:29.418216Z
mu9tgs0,1kvh3ai,reddit,"Yeah, I liked it too",2025-05-26T01:50:23Z,2,KeeperofAmmut7,music,2025-05-26T07:02:29.418220Z
mu9vdxl,1kvh3ai,reddit,Comes up on my Spotify 2000’s shuffle.,2025-05-26T02:02:31Z,2,formerNPC,music,2025-05-26T07:02:29.418224Z
muawtp9,1kvh3ai,reddit,"My youngest had a phase last year where it was Little Talks nonstop, and then another with Mountain Sounds.",2025-05-26T06:48:42Z,1,GargantuChet,music,2025-05-26T07:02:29.418228Z
muahabh,1kvh3ai,reddit,I listen to this song all the time.,2025-05-26T04:33:59Z,1,ghoti00,music,2025-05-26T07:02:29.418232Z
muahkpy,1kvh3ai,reddit,"I feel like this is a pretty classic, unforgettable song. It was everywhere when it came out. It wasn't ""Somebody I used to know"" popular, but it was played all over. Why isn't it played as much today? It's damn near 15 years later, lol.  No one's playing ""Call me maybe"" everywhere anymore either.",2025-05-26T04:36:14Z,1,OrdrSxtySx,music,2025-05-26T07:02:29.418236Z
muai6en,1kvh3ai,reddit,Guitar Hero is where I discovered the song!,2025-05-26T04:40:58Z,1,plaguedbullets,music,2025-05-26T07:02:29.418241Z
muaiaxd,1kvh3ai,reddit,"Yes! I saw them right before they released an album they were starting a tour for, so, naturally, no one had heard half the songs they were playing yet (album was released a week or two after) That ended up being on of my favorite concerts because I was super impressed how well they got the audience into songs we hadn't heard yet. So much energy, and just really great at working the crowd

They've had a number of smaller releases in addition to their album. Lonely Weather is a beautiful song, too, though not peppy and the title describes the feeling perfectly",2025-05-26T04:41:58Z,1,whichwitch9,music,2025-05-26T07:02:29.418245Z
muaja1u,1kvh3ai,reddit,I went to karaoke recently and a pair sang this song. It was a great throwback!,2025-05-26T04:49:37Z,1,PeriwinkleSprinkle,music,2025-05-26T07:02:29.418249Z
muaqdr1,1kvh3ai,reddit,My ex and I used to duet this song on ukulele all the time. Bittersweet memories.,2025-05-26T05:49:37Z,1,falconfoxbear,music,2025-05-26T07:02:29.418254Z
muarzpn,1kvh3ai,reddit,"I saw it done when the band were guests on “The Graham Norton Show”. It was really catchy.

[Little Talks on Graham Norton](https://youtu.be/kWRf09i6Z_s?feature=shared)",2025-05-26T06:04:00Z,1,Kotukunui,music,2025-05-26T07:02:29.418258Z
muas55o,1kvh3ai,reddit,I still hear it on the radio all the time!,2025-05-26T06:05:22Z,1,FieldMouseMedic,music,2025-05-26T07:02:29.418262Z
muas9l2,1kvh3ai,reddit,"One of my favs from the genre, My *Head Is An Animal* is an amazing album overall.",2025-05-26T06:06:31Z,1,Guitar_Mayhem,music,2025-05-26T07:02:29.418266Z
muatqax,1kvh3ai,reddit,They still make really good music.,2025-05-26T06:20:00Z,1,PreparationX,music,2025-05-26T07:02:29.418271Z
muavqxo,1kvh3ai,reddit,They did a cover of the song “circles” that is amazing. Be sure to give it a listen!,2025-05-26T06:38:48Z,1,Asuma01,music,2025-05-26T07:02:29.418276Z
mu9hcck,1kvh3ai,reddit,"There's a Vevo version on YouTube that transitions it into a melancholy, slow version that makes it even better in my mind",2025-05-26T00:33:42Z,1,platinumarks,music,2025-05-26T07:02:29.418280Z
mu9m1nk,1kvh3ai,reddit,"Great song, and one of my all-time favorite music videos.",2025-05-26T01:03:11Z,1,DiscouragesCannibals,music,2025-05-26T07:02:29.418284Z
