comment_id,content_id,platform,content,created_at,score,author,source_name,crawl_time
mro280f,1kjm0ew,reddit,Look up roguelikes/roguelites. Perfect for picking up and playing a run and then putting it down. ,2025-05-10T23:41:43Z,9,DamnImAwesome,gaming,2025-05-25T19:55:57.126848Z
mrnqo9q,1kjm0ew,reddit,"Balatro, 
Rocket League, 
Slay the Spire,",2025-05-10T22:28:41Z,5,N/A,gaming,2025-05-25T19:55:57.126859Z
mrnqzd0,1kjm0ew,reddit,Cup head,2025-05-10T22:30:40Z,5,placebooooo,gaming,2025-05-25T19:55:57.126865Z
mrnrtmu,1kjm0ew,reddit,Ratchet and Clank.,2025-05-10T22:36:00Z,6,skartarisfan,gaming,2025-05-25T19:55:57.126873Z
mrntney,1kjm0ew,reddit,"I will swear by ""infamous second son"" only because when ps4 launched it was dry and that game in particular was one of the few games I've 100% purely from not wanting to put it down. It was also the first andonly infamous game I've played 💯✌🏾",2025-05-10T22:47:50Z,3,Competitive-Gur-9217,gaming,2025-05-25T19:55:57.126880Z
mrnvlsf,1kjm0ew,reddit,Spyro Reignited,2025-05-10T23:00:19Z,3,BenjyMLewis,gaming,2025-05-25T19:55:57.126887Z
mrnx6el,1kjm0ew,reddit,"Teenage Mutant ninja turtles shredder's revenge great old school beat em up, about 5 minutes per level",2025-05-10T23:10:19Z,3,bigdave44,gaming,2025-05-25T19:55:57.126894Z
mrssalt,1kjm0ew,reddit,Just cause,2025-05-11T19:46:17Z,3,NoVictory7153,gaming,2025-05-25T19:55:57.126899Z
mrnqfll,1kjm0ew,reddit,Far cry,2025-05-10T22:27:09Z,2,Animalcrossingmad26,gaming,2025-05-25T19:55:57.126903Z
mrnrgcn,1kjm0ew,reddit,Celeste comes to mind. Instant respawn as soon as you die and is as fast paced as you want it to be.,2025-05-10T22:33:41Z,2,spookymemeformat,gaming,2025-05-25T19:55:57.126907Z
mro5n5u,1kjm0ew,reddit,Crash Bandicoot is my go to,2025-05-11T00:03:22Z,2,Mister_Sosotris,gaming,2025-05-25T19:55:57.126911Z
mrpjaaw,1kjm0ew,reddit,Resogun.,2025-05-11T06:08:00Z,2,Leramar89,gaming,2025-05-25T19:55:57.126916Z
mrss9il,1kjm0ew,reddit,Just cause,2025-05-11T19:46:07Z,2,NoVictory7153,gaming,2025-05-25T19:55:57.126923Z
mru072d,1kjm0ew,reddit,Furi,2025-05-12T00:02:20Z,2,-darknessangel-,gaming,2025-05-25T19:55:57.126930Z
ms9h7lc,1kjm0ew,reddit,Earth Defense Force 5. Trust me.,2025-05-14T12:59:24Z,2,pink_sock_parade,gaming,2025-05-25T19:55:57.126937Z
mrnpxnz,1kjm0ew,reddit,Ghostrunner,2025-05-10T22:24:00Z,2,Abject_Muffin_731,gaming,2025-05-25T19:55:57.126942Z
mrnr5c4,1kjm0ew,reddit,"Deep rock galactic, really fun and addicting game, would highly recommend.",2025-05-10T22:31:44Z,1,Bruh69420_____,gaming,2025-05-25T19:55:57.126946Z
mrnrxso,1kjm0ew,reddit,"Balatro, Slay the Spire, Vampire Survivors (this one a bit less pick up and play as runs are meant to be up to 30 min but can still be quick)",2025-05-10T22:36:45Z,1,Vilified_D,gaming,2025-05-25T19:55:57.126950Z
mrns87o,1kjm0ew,reddit,Snowrunner,2025-05-10T22:38:36Z,1,flerberflerb,gaming,2025-05-25T19:55:57.126953Z
mrntijr,1kjm0ew,reddit,Hotline Miami 1 + 2 and The Hong Kong Massacre are a blast.,2025-05-10T22:46:57Z,1,carbonqubit,gaming,2025-05-25T19:55:57.126957Z
mro1qwj,1kjm0ew,reddit,Little nightmares,2025-05-10T23:38:46Z,1,KN1GHTMARES42,gaming,2025-05-25T19:55:57.126961Z
mromfcw,1kjm0ew,reddit,Bloodborne any day for me.,2025-05-11T01:53:29Z,1,JEETMOLANKAR,gaming,2025-05-25T19:55:57.126965Z
mromo3b,1kjm0ew,reddit,Armored core fires of rubicon is pretty sweet,2025-05-11T01:55:05Z,1,Lead_AsBest0s84,gaming,2025-05-25T19:55:57.126969Z
mroo0jf,1kjm0ew,reddit,Gta 5,2025-05-11T02:04:01Z,1,Sohailsp10,gaming,2025-05-25T19:55:57.126973Z
mrovvtj,1kjm0ew,reddit,Any wrestling game,2025-05-11T02:57:56Z,1,johnnyboi18,gaming,2025-05-25T19:55:57.126977Z
mrp5s7x,1kjm0ew,reddit,"I used to play the hell out of Sparkle and Sparkle 2. Kind of like Zuma if you remember that old game. 


If I'm trying to turn my brain off, music and a game like that or rocket league are pretty good to go after you're done learning the ropes. ",2025-05-11T04:09:57Z,1,shawn0fthedead,gaming,2025-05-25T19:55:57.126980Z
mrpbwkh,1kjm0ew,reddit,Dead Cells,2025-05-11T05:00:47Z,1,Mediakiller,gaming,2025-05-25T19:55:57.126984Z
mrpkgy8,1kjm0ew,reddit,Cuphead,2025-05-11T06:19:36Z,1,QuiteFatty,gaming,2025-05-25T19:55:57.126988Z
mrpnhqx,1kjm0ew,reddit,"Hot Wheels Unleashed

Marble It Up 

Onrush

THPS 1+2",2025-05-11T06:49:50Z,1,Joelypoely88,gaming,2025-05-25T19:55:57.126991Z
mrpv2dt,1kjm0ew,reddit,"Rollerdrome.....oh, wait......nevermind......",2025-05-11T08:07:21Z,1,General_X9,gaming,2025-05-25T19:55:57.126997Z
ms3koyq,1kjm0ew,reddit,"The Binding of Isaac

A zelda-ish rogue like dungeon crawler.

Cool item interactions. Over 1000 different items.",2025-05-13T14:42:47Z,1,Bn_scarpia,gaming,2025-05-25T19:55:57.127004Z
mrnqs1o,1kjm0ew,reddit,Street Fighter IV. My favorite of the Street Fighter series,2025-05-10T22:29:22Z,0,theassassintherapist,gaming,2025-05-25T19:55:57.127008Z
mqdl9nn,1kdscpl,reddit,"The modded original Wii is one of the best ways to play old games on old CRTs through emulation.


Good to know it's not going away ",2025-05-03T14:37:25Z,7,ITCHYisSylar,gaming,2025-05-25T19:55:58.193364Z
mqdi40x,1kdscpl,reddit,Gotta go anonymous,2025-05-03T14:20:18Z,3,homelessscootaloo,gaming,2025-05-25T19:55:58.193371Z
mqiyst1,1kdscpl,reddit,Nice,2025-05-04T12:34:56Z,1,ComplexWrangler1346,gaming,2025-05-25T19:55:58.193375Z
mqj0eak,1kdscpl,reddit,Hmm interesting,2025-05-04T12:45:52Z,1,Norpsely,gaming,2025-05-25T19:55:58.193378Z
mqtmwev,1kdscpl,reddit,Why does anyone care about this at this point? The wii is ancient. Just use the stolen code already.,2025-05-06T02:55:29Z,0,mind_mine,gaming,2025-05-25T19:55:58.193381Z
mq4ix7d,1kcpbvy,reddit,"What does he like? How old is he?  Anything to steer ... there are a lot of games out there!  
Its tough (my wife has similar problems and can't do fine control anymore, with MS) but a lot of games don't require ninja reflexes and constant movement.  Almost anything at all that isn't constant fast paced combat or reflex testing arcade may be viable.",2025-05-02T01:47:26Z,6,Independent_Art_6676,gaming,2025-05-25T19:55:59.202474Z
mq4inir,1kcpbvy,reddit,[removed],2025-05-02T01:45:51Z,3,N/A,gaming,2025-05-25T19:55:59.202483Z
mq4jxm8,1kcpbvy,reddit,"Most games work well with Adaptive controllers, if I am not mistaken. Third-person perspective games should work quite well, like GTA V or Red Dead Redemption 2. Both are quite Violent, though. Not sure how young your Nephew is.   
  
If you're already getting him Game Pass. You would have quite a library of games to try out, and let him decide which is fun. Provided that you're getting the standard Subscription for him? Hope he enjoys it!",2025-05-02T01:53:27Z,3,lalaboy_draws,gaming,2025-05-25T19:55:59.202490Z
mq68hfb,1kcpbvy,reddit,"Shoutout to you and your crew for setting him up like that. Honestly, Forza Horizon is a perfect pick — also check out Stardew Valley or Spiritfarer. Slower pace, super chill, and both can be played with minimal input. Big respect",2025-05-02T10:29:18Z,3,laraklausme,gaming,2025-05-25T19:55:59.202495Z
mq5s597,1kcpbvy,reddit,"Maybe something turn based?

Baldurs Gate 3 or XCOM 2 both feature turn based combat that you can take at your pace whilst also being challenging strategically.

Bonus points for Baldurs Gate if he's into D&D",2025-05-02T07:41:56Z,2,04cusse,gaming,2025-05-25T19:55:59.202501Z
mqlro62,1kcpbvy,reddit,He's going to love gamepass. Over a hundred games to choose from and try out. Love to hear what you're doing!!!!,2025-05-04T21:33:03Z,1,Far_Zone_9512,gaming,2025-05-25T19:55:59.202507Z
mq1718i,1kcbdj2,reddit,"Borderlands. Nothing objectively bad I can say about the art style. But it's the only game that I physically can't play, because of eyestrain.",2025-05-01T15:24:57Z,20,Strange_Compote_4592,gaming,2025-05-25T19:56:00.497612Z
mq415vu,1kcbdj2,reddit,Does the 2010 shit brown filter count?,2025-05-02T00:01:43Z,11,BlazingShadowAU,gaming,2025-05-25T19:56:00.497627Z
mq18w0h,1kcbdj2,reddit,[removed],2025-05-01T15:34:00Z,21,N/A,gaming,2025-05-25T19:56:00.497632Z
mq3xkdu,1kcbdj2,reddit,"Ultra realistic triple A style. More often that not it just means there's so much detail and clutter on screen that it's hard to see the important bits, so now they have to overcompensate with UI elements and yellow paint. Not to mention it's just boring to look at",2025-05-01T23:41:11Z,8,Rouge_means_red,gaming,2025-05-25T19:56:00.497637Z
mq19u28,1kcbdj2,reddit,Always had a dislike for Chibi art style. Seeing it brought in for the Pokemon Diamond/Pearl remakes made me sad.,2025-05-01T15:38:37Z,13,sliced-bread-no2,gaming,2025-05-25T19:56:00.497642Z
mq1rfif,1kcbdj2,reddit,"There was a period in the early and mid 2010s where a lot of Japanese action games had a very strange plastic look to them -- think like Resident Evil 5, Metal Gear: Revengeance, Bayonetta, etc -- that I just cannot stand and I can't quite articulate why beyond the fact it's ugly and stiff.",2025-05-01T17:05:02Z,6,Hidden_Beck,gaming,2025-05-25T19:56:00.497648Z
mq41r0q,1kcbdj2,reddit,"The Psychonauts series are great games. Lots of people like the art style, but I'm not one of them.",2025-05-02T00:05:06Z,6,Showdown5618,gaming,2025-05-25T19:56:00.497653Z
mq28hyy,1kcbdj2,reddit,The Walking Dead and The Borderlands. The art style kind of makes me nauseous after some time.,2025-05-01T18:26:57Z,4,ResponseSingle9275,gaming,2025-05-25T19:56:00.497658Z
mq1k0dg,1kcbdj2,reddit,"Ill get some flack for this one.. Those low res over pixelized games, most often seen in indie games. Ok, I get it, its simpler and cheaper to develop/design. But most of the times they are nothing but unnecessary nostalgia bait for times when low res pixel games were only way. But its not the same. I grew up with low pixel games, I dont want to see them anymore

Dont get me wrong, I know there are plenty of good games and im just an ignorant bastard, but still. I really dislike new games that try for that low res pixel style. Games like stardew valley and celeste are examples for this. Im not denying, lot of people claim that they are amazing games.. alas..",2025-05-01T16:29:00Z,12,Rasty_lv,gaming,2025-05-25T19:56:00.497664Z
mq17b67,1kcbdj2,reddit,[removed],2025-05-01T15:26:17Z,16,N/A,gaming,2025-05-25T19:56:00.497668Z
mq26b77,1kcbdj2,reddit,"Love the game, but I’m not fond of the character design in SCHEDULE 1.",2025-05-01T18:16:05Z,6,Superb_Wealth4092,gaming,2025-05-25T19:56:00.497674Z
mq2iutb,1kcbdj2,reddit,Hot take i liked undertales but not deltarune's i know there's a community that will spit on me for that but i accept the consequences.,2025-05-01T19:17:57Z,3,NorthAverage6662,gaming,2025-05-25T19:56:00.497679Z
mq2tp0z,1kcbdj2,reddit,I never liked borderlands or games like it,2025-05-01T20:10:09Z,3,drabberlime047,gaming,2025-05-25T19:56:00.497685Z
mq3sdub,1kcbdj2,reddit,"I'm not a fan of the cell-shaded stuff in NFS: Unboud.


I swear the devs of those games (outside of 2015 and Heat) will try anything _but_ make a good street racing game.",2025-05-01T23:11:52Z,3,MadmanMarkMiller,gaming,2025-05-25T19:56:00.497704Z
mq193ty,1kcbdj2,reddit,"Pixel graphics.

I grew up with them and have no desire to continue experiencing them.

Which is kinda rough. It's a very popular art style. 

That's not to say I want 4k ray traced hyper realistic graphics for everything. Just not pixel.",2025-05-01T15:35:04Z,6,ThisIsMyCouchAccount,gaming,2025-05-25T19:56:00.497709Z
mq18mzh,1kcbdj2,reddit,"Personally, I'm not a fan of games that have overly large weapons that are disproportionate to the characters wielding them, or games where female characters go into battle with more cleavage and ass out than armor on. I'm sure they're damn fun and entertaining games, but the aesthetics of them are just too silly for me to take seriously.",2025-05-01T15:32:46Z,7,tvbvt,gaming,2025-05-25T19:56:00.497715Z
mq1qm2m,1kcbdj2,reddit,"Most of the time I don't care for games that try to look as realistic as possible. I get enough of that in real life.

Give me anime stylized games or something else, it's just so much nicer.",2025-05-01T17:01:06Z,2,ManaAlchemist,gaming,2025-05-25T19:56:00.497720Z
mq3hovg,1kcbdj2,reddit,"I didn't vibe with No More Heroes 3 as much as the others because of the change in art style, tbh. I don't *hate* it, but it has none of the charm or uniqueness of the style in 1 & 2. It feels too polished for a NMH game.",2025-05-01T22:11:20Z,2,crocicorn,gaming,2025-05-25T19:56:00.497725Z
mq61df3,1kcbdj2,reddit,"World of Warcraft. Everything is so exagerared it feels ridiculous to me.  Could never play any title in the series because of that, actually.

Also Squarenix' games in general. Many of them have characters with porcelain skin and everything is always so clean it's weird. This is specially funny because back then square did the most beautiful 3d games, but now it feels so... I dont know, fake?

Oh and the worst is minecraft. Im unable to play it without graphic mods. The blocky look is not the problem, but the lifeless colors and texture that look like jpgs that are still being reposted since the 90s.",2025-05-02T09:19:34Z,2,ToyMasamune,gaming,2025-05-25T19:56:00.497730Z
mq1b6xr,1kcbdj2,reddit,"JRPGs
I do not like anime style",2025-05-01T15:45:16Z,5,thatradiogeek,gaming,2025-05-25T19:56:00.497735Z
mq1hnpj,1kcbdj2,reddit,Those Japanese games where characters have 3m long 50cm wide swords. It repulses me to no end.,2025-05-01T16:17:21Z,4,AIpheratz,gaming,2025-05-25T19:56:00.497741Z
mq1pru2,1kcbdj2,reddit,Final Fantasy IX would probably be my favorite jrpg if the game didn’t have such a cute aesthetic,2025-05-01T16:57:08Z,4,chiji_23,gaming,2025-05-25T19:56:00.497747Z
mq1t1fe,1kcbdj2,reddit,"Bioshock: Infinite, modern day FPS games (wacky, too colorful, mismatched character designs/skins) and hero shooters (bland, Pixar look), and 3D-chibi styles.",2025-05-01T17:12:47Z,3,josephfry4,gaming,2025-05-25T19:56:00.497753Z
mq1tmfr,1kcbdj2,reddit,"Unpopular opinion: Dishonored (and Deathloop). The character models are too exaggerated for the realistic environments and story. It’s just a little too “hey look how quirky and goofy our characters look, but also please take our game very seriously.” They look cartoonish just for the sake of it. Also the buildings and cities are obviously crafted in a way to look imposing and gothic but are kind of just boring and stale and blocky once you get used to it. The map designs and gameplay are pretty amazing tho.",2025-05-01T17:15:32Z,2,restrainedjubilation,gaming,2025-05-25T19:56:00.497759Z
mq1978e,1kcbdj2,reddit,"While there are plenty of movies whose art style/direction I don’t like, I usually dig most games’ art styles including the ones you don’t like 😅

Off the top of my head I found Seaman kind of off putting, but that was probably part of the point. Also maybe the Earth Defence Force games because while again it’s meant to be part of their “charm”, I don’t find the purposeful lazy PS2 style graphics terribly charming.",2025-05-01T15:35:32Z,2,shutyourbutt69,gaming,2025-05-25T19:56:00.497764Z
mq22djw,1kcbdj2,reddit,Atelier franchise. I absolutely hate the aliased hand-drawn look.,2025-05-01T17:56:57Z,2,Kratos_BOY,gaming,2025-05-25T19:56:00.497771Z
mq2aurs,1kcbdj2,reddit,"I’ve never seen pixel art that I personally enjoy. I’m not denigrating the style at all, I can appreciate the unique artistry that goes into it… but it just doesn’t appeal to me in the same way it seems to appeal to many others. I’ve only ever enjoyed pixel games *despite* the art.

Also if there’s a name for the style that the Souls games use… yeah, it’s not for me either.",2025-05-01T18:38:36Z,2,CassieFace103,gaming,2025-05-25T19:56:00.497777Z
mq62uqa,1kcbdj2,reddit,Zelda Breath of the Wild and Tears of the Kingdom. I hate this artstyle. The Zelda artstyle peaked at Twilight Princess for me.,2025-05-02T09:35:01Z,1,_Buldozzer,gaming,2025-05-25T19:56:00.497783Z
mq1bsvc,1kcbdj2,reddit,The Dragon Quest art style is sadly keeping me from playing the games. It just doesn't look appealing to me 😔.,2025-05-01T15:48:15Z,2,M-Adyn,gaming,2025-05-25T19:56:00.497790Z
mq18y8w,1kcbdj2,reddit,Hades for me. Before hating me I know I am missing out a great game because of my preferred art style.,2025-05-01T15:34:19Z,1,Equal-Association818,gaming,2025-05-25T19:56:00.497796Z
mq5c9s4,1kcbdj2,reddit,Blue Prince,2025-05-02T05:09:19Z,1,unsaved_progress,gaming,2025-05-25T19:56:00.497803Z
mq2pxi5,1kcbdj2,reddit,"As much I love the actual game Dragons Crown on ps vita and ps4, I actually really don’t like the art animation to it",2025-05-01T19:52:01Z,1,ElijahWillDraw,gaming,2025-05-25T19:56:00.497809Z
mq3nzpi,1kcbdj2,reddit,"I absolutely just do-not-care for Journey. I get it, I get why people like it, 100% not for me.",2025-05-01T22:46:53Z,1,kdebones,gaming,2025-05-25T19:56:00.497815Z
mq3tji0,1kcbdj2,reddit,"I'm pretty much over the graphics on games like Borderlands and XIII. Comic book style was a fun gimmick for a minute, but I feel like it's passed it's prime",2025-05-01T23:18:23Z,1,Low_Recommendation85,gaming,2025-05-25T19:56:00.497821Z
mq48jvu,1kcbdj2,reddit,"Any game with a chibi style. I've never been a fan of that and games like Disgaea have went away from Pixel art and more toward the chibi style, which means I'll never play those series because I absolutely despise that art style.",2025-05-02T00:45:35Z,1,kirkyeehee,gaming,2025-05-25T19:56:00.497831Z
mq5kiee,1kcbdj2,reddit,"Generally, JRPGs. 

I don't like the cartoon style Japanese art (like Persona) and I also don't really like the more 3D anime looking style like Final Fantasy etc. Don't like their architecture design, character design, character personality, narratives etc.

Basically, there just isn't much I like about JRPGs at all.",2025-05-02T06:24:47Z,0,CutMeLoose79,gaming,2025-05-25T19:56:00.497838Z
mq1wbjm,1kcbdj2,reddit,Persona games. Just doesnt click for me,2025-05-01T17:28:15Z,-1,Top_Green_3162,gaming,2025-05-25T19:56:00.497844Z
mpsm8ow,1kb92lk,reddit,"Price increases on accessories would be pretty damn noticeable. I can see consoles also going up in some way.

Games I find that the publishers might eat those costs though at least for standard editions. The Collectors Edition market is screwed.",2025-04-30T05:41:32Z,40,Baha05,gaming,2025-05-25T19:56:01.836955Z
mpsmved,1kb92lk,reddit,Digital titles are generally not subject to import tariffs but parts and hardwares will be hit very hard.,2025-04-30T05:47:07Z,16,Elyx_117,gaming,2025-05-25T19:56:01.836967Z
mpsoo4d,1kb92lk,reddit,Vkb stopped shipping to USA.,2025-04-30T06:03:27Z,4,eerrcc1,gaming,2025-05-25T19:56:01.836974Z
mpsp2la,1kb92lk,reddit,Gamer's Nexus just put out a video on this very topic this week. Watch it on their YouTube channel.,2025-04-30T06:07:10Z,3,ryzouken,gaming,2025-05-25T19:56:01.836980Z
mpst9w8,1kb92lk,reddit,"I honestly don't care.  I'm more concerned with the price of groceries and bills, and keeping my job to actually buy those necessities, than I am the price of gaming.


Companies were announcing and releasing $500-700 consoles, and over priced video cards, yet now I'm supposed to care about the price of gaming?  No thanks!


Ill stick to my Switch 1, Series S, my retro collection, and subscription and cloud gaming to fit my gaming needs.",2025-04-30T06:47:24Z,7,ITCHYisSylar,gaming,2025-05-25T19:56:01.836987Z
mpsnv2f,1kb92lk,reddit,"Retro gaming accessories are going to have some issues.  We've seen hyperkin firing off tariffs already across the board.  Like someone else said, the board game industry is fucked.  So much is made in China, the US manufacturing doesn't exist.  Many of the publishers went to kickstarter for advertising, and that's gonna wreck them as they've got the money already and can't add tariffs to their prices.  CCGs will be fine, but let's be fair they've been subsidizing the tabletop market for decades now.",2025-04-30T05:56:04Z,3,JBThunder,gaming,2025-05-25T19:56:01.836993Z
mq87xbn,1kb92lk,reddit,"Software generally isn’t tariffed.     Physical goods are.  

Anything physical will be effected.    Software alone should be relative untouched.    Except for the greed factor.",2025-05-02T17:07:07Z,2,No-Plan-4083,gaming,2025-05-25T19:56:01.836999Z
mpsmyws,1kb92lk,reddit,"Not sure about how large the impact will be to video games since digital downloads are unaffected, but expect hardware to spike in price and scarcity across the board.

The tabletop gaming industry though, is in danger of getting wiped out. Most tabletop stuff is produced in China and indie devs are already cutting close margins before tariffs. But now after tariffs, a lot of board games are going to become unaffordable to produce, including projects that are done or nearing completion and aren't getting shipped. It's going to be a really sad upcoming few years for the industry.",2025-04-30T05:47:59Z,3,Kamioni,gaming,2025-05-25T19:56:01.837005Z
mpsn0yo,1kb92lk,reddit,"It will likely affect gaming everywhere, not just the US. 

The cost will likely be shared between different markets to avoid raising the prices in the US to a level that will hurt sales.",2025-04-30T05:48:30Z,4,IlyasBT,gaming,2025-05-25T19:56:01.837011Z
mpsmi0l,1kb92lk,reddit,Shit will likely get anywhere from noticeably to sizably more expensive. It'll likely price out a chunk of people who didn't even vote for him.,2025-04-30T05:43:48Z,2,TheRetroGoat,gaming,2025-05-25T19:56:01.837017Z
mpsn3bw,1kb92lk,reddit,"brother you may struggle with basic needs, gaming should not be a big concern",2025-04-30T05:49:06Z,2,N/A,gaming,2025-05-25T19:56:01.837024Z
mq23a5v,1kb92lk,reddit,You were ahead of your time and didn’t even know it 🤦🏻‍♂️🤦🏻‍♂️,2025-05-01T18:01:16Z,1,Dear-Junket2857,gaming,2025-05-25T19:56:01.837030Z
mq7pitw,1kb92lk,reddit,Companies should separate the original price from the tariff.,2025-05-02T15:40:09Z,1,Old_Relationship3460,gaming,2025-05-25T19:56:01.837036Z
mq824b5,1kb92lk,reddit,"Besides for prices of consoles, accessories and games. This is a possible snowball effect if jobs are affected. When people lose jobs the entertainment industries get affected. Which means people may buy less games and accessories. Which then lowers the profits and causes companies to reduce staff. If that happens there is less content being created with lower quality.",2025-05-02T16:39:52Z,1,lockedfornow,gaming,2025-05-25T19:56:01.837045Z
mq8ex8n,1kb92lk,reddit,"Well, the Xbox pricing. Sony pricing is next. And gamers will spend less. And people will lose more jobs.

It’s almost as if the economists predicted this.",2025-05-02T17:39:50Z,1,MiddleSecurity8734,gaming,2025-05-25T19:56:01.837051Z
mq8lf0t,1kb92lk,reddit,"If it's digital, it shouldn't be affected at all.",2025-05-02T18:10:25Z,1,N/A,gaming,2025-05-25T19:56:01.837058Z
mq9ckmm,1kb92lk,reddit,"You guys have made it quite clear, no outside products. 


Do let us know how you get on making those controller factories. 


Best of luck!",2025-05-02T20:24:33Z,1,cool_and_froody,gaming,2025-05-25T19:56:01.837064Z
mpsn822,1kb92lk,reddit,"I think maybe companies will just start producing in places that has the lowest tariffs until there halted or ship through different places. I might be misunderstanding it but I think apple for example is going to start making iPhone in India now instead of china and those will be imported to the us instead, or the ones in china will now go to India something like that. Or I’m guessing there is going to be somewhat shady ways companies will smuggle there product without the tariff cost, or ship from one place. store it in a warehouse then ship from the warehouse to another so it’s not counted as coming from x",2025-04-30T05:50:17Z,1,Practical-Aside890,gaming,2025-05-25T19:56:01.837071Z
mpsogft,1kb92lk,reddit,Crazy people hear about this shit and the first thing they think of is gaming ,2025-04-30T06:01:28Z,0,Fantastic-Morning218,gaming,2025-05-25T19:56:01.837078Z
mpslxck,1kb92lk,reddit,Buyers are going to buy... all we can expect is to pay for what our government is doing right now.,2025-04-30T05:38:46Z,0,No_Welcome_1154,gaming,2025-05-25T19:56:01.837085Z
mpsogmi,1kb92lk,reddit,"I saw calculations showing up to tripled cost on many electronic devices due to tariffs on many parts, the fact that they need to know where everything comes from in more detail inside, supply chain disruptions etc. and tripled costs will mean a lot of people can't afford it anymore.",2025-04-30T06:01:31Z,0,StrictlyInsaneRants,gaming,2025-05-25T19:56:01.837091Z
mq7rd9e,1kb92lk,reddit,"The gaming industry is not fighting the tariffs in a smart way.

They need to all team up, increase prices by an absurd amount and wait for the politicians to give up.",2025-05-02T15:48:49Z,0,Fire_is_beauty,gaming,2025-05-25T19:56:01.837098Z
mtcx8zj,1krerdl,reddit,God i hate that. Msg dev,2025-05-20T20:32:16Z,1,Norpsely,gaming,2025-05-25T19:56:02.691858Z
mrbchc9,1khypcx,reddit,"This looks like it concerns the stakes in the anime industry these companies have, not video games.",2025-05-08T21:16:17Z,20,Hanzo_The_Ninja,gaming,2025-05-25T19:56:03.621888Z
mraq1qq,1khypcx,reddit,">To promote this partnership, Sony and BNHD jointly invest ten billion yen in Gaudiy.

>By using the latest technologies, such as blockchain and LLMs, Gaudiy gives fans new experiences.

Saved everyone a click. It's the same nonsense buzzwords every business has used for the last 5 years.",2025-05-08T19:25:11Z,14,Iggy_Slayer,gaming,2025-05-25T19:56:03.621898Z
mrbl0ca,1khypcx,reddit,Can't really find anything about Gaudiy Inc - not even a wikipedia page???,2025-05-08T22:02:12Z,4,2Scribble,gaming,2025-05-25T19:56:03.621903Z
mrdodof,1khypcx,reddit,Hope this fails. dont need ai bullshit or more censored anime,2025-05-09T06:41:01Z,3,Yaminoari,gaming,2025-05-25T19:56:03.621908Z
mrkkp4u,1khypcx,reddit,Lots of Stars,2025-05-10T11:12:52Z,1,DJ-prismatic,gaming,2025-05-25T19:56:03.621913Z
mr0ar0n,1kgnuia,reddit,"Not alot of them are casual but heroes of the storm is easy to get into, it doesn’t get as complex as league and scaling is based on leveling IIRC instead of building certain items. Games are typically sub 30 minute and occasionally sub 20 as well.",2025-05-07T03:40:10Z,62,Wazzzup3232,gaming,2025-05-25T19:56:05.538651Z
mr0c2i0,1kgnuia,reddit,"Casual and MOBA don't really mix. However, heroes of the storm would be a good choice for their Quick Matches [usually 20-30 minutes] with fast que times and no rules. But the general player is at a point where they are all pretty skillful since the community is strong and stayed the test of time. 

Super casual = Pokemon Unite. No real communication of voice or text to avoid toxic behaviors. 10 minute matches only. A lot of free characters with simple gameplay. There's very few details needed to perform or know how to play.",2025-05-07T03:49:23Z,27,Lexail,gaming,2025-05-25T19:56:05.538663Z
mr0qqd2,1kgnuia,reddit,I miss Monday Night Combat...,2025-05-07T05:46:09Z,7,Neoxite23,gaming,2025-05-25T19:56:05.538670Z
mr0cv42,1kgnuia,reddit,Another vote for Heroes of the Storm. Still a very fun and active MOBA!,2025-05-07T03:54:56Z,17,MetalPixel,gaming,2025-05-25T19:56:05.538676Z
mr0qjl9,1kgnuia,reddit,"Pokemon Unite is good, Heroes of the Storm is great. Honestly League of Legends Wild Rift is pretty good as well, but the playerbase is insanely toxic",2025-05-07T05:44:28Z,4,wejunkin,gaming,2025-05-25T19:56:05.538683Z
mr0amje,1kgnuia,reddit,"Heroes of the Storm is still imo the best moba. It's much more action focused and less ""grind mobs to earn gold"". It's also not as toxic as most mobas. Games are typically 20-25ish minutes.",2025-05-07T03:39:18Z,22,Magnon,gaming,2025-05-25T19:56:05.538698Z
mr0tq7k,1kgnuia,reddit,"Heroes of the Storm. League of Legends/LoL ARAM mode. DotA 2 turbo mode. Smite. These are the main names in the MOBA genre currently and have been for quite a while. Not really a ton of people making MOBAs anymore these days. Even the mobile market isn't pumping out MOBAs like they used to.

Some lesser known, maybe a little less traditional MOBAs  
Sirocco: Boat moba. Just launched so lotta people are new and learning.  
Eternal Return: Anime battle-royale. can be a bit overwhelming at first, and not super popular in NA, but definitely a good time and matches aren't too long.  
Omega Strikers: 3v3 soccer/air-hockey moba. Game is kind of on life support but still has a small playerbase. Pretty sure it's on switch and mobile as well. Matches are short and full of action.",2025-05-07T06:13:58Z,3,eczemau,gaming,2025-05-25T19:56:05.538706Z
mr16hmg,1kgnuia,reddit,"only heroes of the storm comes to mind. could also try dota 2 ""turbo"". its dota but you get like double the gold, double the exp and no penalty for dying. its more centered around fighting than farming mobs all day. it shortens the games down from the usual 40-60min to like 20-35 on avg.",2025-05-07T08:23:39Z,3,AlexRaEU,gaming,2025-05-25T19:56:05.538714Z
mr1cpsw,1kgnuia,reddit,"No such thing mate, run for the hills - MOBAs are **THE** Single *MOST* toxic place to be on the web. I fear for your sanity if you go in casually, the rustards will have a field day trolling you to oblivion.",2025-05-07T09:30:25Z,3,bdrumev,gaming,2025-05-25T19:56:05.538721Z
mr0d4a5,1kgnuia,reddit,"Everyone said HotS and Pokemon Unite already, so I’ll add Brawl Stars — not a traditional MOBA but a lot of the same core concepts",2025-05-07T03:56:40Z,5,FishWash,gaming,2025-05-25T19:56:05.538727Z
mr0bykw,1kgnuia,reddit,"Came here to say Pokemon Unite and I'm afraid there is no casual Moba out there that comes close.

I've been waiting for LoL Wild Rift to come to consoles, but kinda gave up hope.",2025-05-07T03:48:36Z,4,-CL4MP-,gaming,2025-05-25T19:56:05.538733Z
mr177ut,1kgnuia,reddit,"I'm throwing my hat in for another Heroes of the storm vote. It's hands down the best MOBA even in its current state. I prayge every day for them to get funding to add more content. Good match times, great characters, TONS of map variety,  you can build the characters to play in different ways. It's all so good!",2025-05-07T08:31:41Z,2,HungryNoodle,gaming,2025-05-25T19:56:05.538739Z
mr0c2qi,1kgnuia,reddit,Supervive,2025-05-07T03:49:26Z,2,Hot_Slice,gaming,2025-05-25T19:56:05.538746Z
mr0e7m3,1kgnuia,reddit,You can always try r/ShouldIbuythisgame,2025-05-07T04:04:23Z,1,Makototoko,gaming,2025-05-25T19:56:05.538772Z
mr16vox,1kgnuia,reddit,Star wars Hunters is short 6 minute matches and more casual aligned. All of the content is now unlocked as they are killing the game in a couple of months but may scratch a temporary itch.,2025-05-07T08:27:58Z,1,celebradar,gaming,2025-05-25T19:56:05.538803Z
mr1axpk,1kgnuia,reddit,"Technically brawlstars is a casual moba you can play on phone, not a bad game and the f2p model is not the worst one.  

I have logged 2000hours in dota2 and such so I can vouch that brawlstars is not bad",2025-05-07T09:11:34Z,1,black_bass,gaming,2025-05-25T19:56:05.538841Z
mr1ljkn,1kgnuia,reddit,Try Smite 2 and play arena or assault,2025-05-07T10:53:00Z,1,Tenshizanshi,gaming,2025-05-25T19:56:05.538848Z
mr1x58q,1kgnuia,reddit,"any moba really, aslong as you play against ai and not players.",2025-05-07T12:16:57Z,1,lowerdark,gaming,2025-05-25T19:56:05.538860Z
mr293jh,1kgnuia,reddit,"I've been making a casual ""mini-moba"" called Mech Tech for the past 6 years. It's not out yet, so I don't think I can recommend it to you just yet OP. But if any moba players see this, I'd be interested in hearing your thoughts! The twist of the game is that you spawn your own creeps from within your base. So you switch between playing as the hero and commander on the fly! [https://x.com/sam\_makes\_games/status/1919362033763377487](https://x.com/sam_makes_games/status/1919362033763377487)",2025-05-07T13:28:12Z,1,sam_makes_games,gaming,2025-05-25T19:56:05.538870Z
mr3nitl,1kgnuia,reddit,Smite 2. Very casual in my opinion as someone coming from 10+ years of DotA/DotA 2.,2025-05-07T17:36:25Z,1,Normal_Feature_9103,gaming,2025-05-25T19:56:05.538883Z
mr5rvgy,1kgnuia,reddit,Pokemon Unite is semi-casual and the only mobile game i've ever been impressed with ( also plays on switch ),2025-05-08T00:02:55Z,1,Neat-Ad2953,gaming,2025-05-25T19:56:05.538889Z
mr6gpoj,1kgnuia,reddit,Another upvote for Sirocco. You’re a boat! Gameplay feels pretty casual so far.,2025-05-08T02:27:14Z,1,she_who_reddits,gaming,2025-05-25T19:56:05.538897Z
mr6sfmv,1kgnuia,reddit,"I really enjoyed Supervive when I had a friend to play it with a few months back. It’s probably considered a Battle Royale but the controls and gameplay are very Moba feeling. Playing solo was less fun, but I never felt bad about letting the randoms down or the need to get into ranked.",2025-05-08T03:44:49Z,1,hoboken515,gaming,2025-05-25T19:56:05.538902Z
mr7zzqp,1kgnuia,reddit,As many said. Heroes of the Storm is where its at. Thread closed.,2025-05-08T10:36:07Z,1,Chajos,gaming,2025-05-25T19:56:05.538909Z
mrh06lz,1kgnuia,reddit,"Hots, if the servers are even up yet.

Very approachable, easy to just pickup and play.",2025-05-09T19:39:10Z,1,HiCracked,gaming,2025-05-25T19:56:05.538916Z
msv0gvz,1kgnuia,reddit,"Heroes of the storm, still lots of activity and people, such a fantastic game, i will always play it",2025-05-17T21:58:32Z,1,BreadfruitNaive6261,gaming,2025-05-25T19:56:05.538922Z
mr0nyz2,1kgnuia,reddit,Battlerite,2025-05-07T05:21:34Z,1,TheRoblock,gaming,2025-05-25T19:56:05.538939Z
mr0pg2c,1kgnuia,reddit,Haha casual moba hahahahaha ,2025-05-07T05:34:38Z,1,S1DC,gaming,2025-05-25T19:56:05.538945Z
mr0bhd8,1kgnuia,reddit,Smite was a good one cause they had a load of casual modes that where faster paced then the main mode and were generally more popular as well. Idk if Smite 2 still has those modes but that was always the casual mobs for me.,2025-05-07T03:45:15Z,0,Japajoy,gaming,2025-05-25T19:56:05.538950Z
mr0n4x3,1kgnuia,reddit,League of legends,2025-05-07T05:14:26Z,-1,420blz,gaming,2025-05-25T19:56:05.538956Z
mr0xf73,1kgnuia,reddit,"Smite is interesting due to the variety of game mode that are popular. Including fixed queue time, when they say next game is in 40 seconds, it's in 40 seconds, period.",2025-05-07T06:49:51Z,0,195cm_100kg_27cm,gaming,2025-05-25T19:56:05.538964Z
mr1b72r,1kgnuia,reddit,Paladins,2025-05-07T09:14:21Z,0,Patrickplus2,gaming,2025-05-25T19:56:05.538970Z
mr0iq0k,1kgnuia,reddit,dota 2,2025-05-07T04:38:04Z,-6,Technicalorrece,gaming,2025-05-25T19:56:05.538977Z
mr16oc0,1kgnuia,reddit,"League of Legends ARAM, not summoner's rift",2025-05-07T08:25:44Z,-3,PoopNukem123,gaming,2025-05-25T19:56:05.538982Z
mu2vmh7,1kun6dk,reddit,"Nier:Automata was a masterpiece. 

Also, RDR2 and Death Stranding. Immersive is the word I would use to describe them.",2025-05-24T22:20:38Z,21,butrumM,gaming,2025-05-25T19:56:07.438348Z
mu3070s,1kun6dk,reddit,"FFXIV for me, it has amazing music in all genres!!! even sometimes the music composition is related to the lore from the ground up",2025-05-24T22:49:21Z,7,monpg,gaming,2025-05-25T19:56:07.438367Z
mu309p8,1kun6dk,reddit,Pretty much any Final Fantasy or Kingdom Hearts game.,2025-05-24T22:49:50Z,7,joshghz,gaming,2025-05-25T19:56:07.438379Z
mu3li8r,1kun6dk,reddit,Brutal legend for sure,2025-05-25T01:05:19Z,6,jesterflesh,gaming,2025-05-25T19:56:07.438392Z
mu2uznx,1kun6dk,reddit,"Nier: Automata

I can't believe no one mentioned it already. One of the greatest game soundtracks of all time.

Hollow Knight is up there too.",2025-05-24T22:16:41Z,15,whereballoonsgo,gaming,2025-05-25T19:56:07.438405Z
mu2u0j3,1kun6dk,reddit,Donkey Kong,2025-05-24T22:10:36Z,11,ZylonBane,gaming,2025-05-25T19:56:07.438418Z
mu2wc1e,1kun6dk,reddit,"No More Heroes 1 & 2  
MadWorld  
Anarchy Reigns  
God Hand  
Final Fantasy VIII  
Castlevania (pretty much the entire series)

EDIT: also the Katamari series. Can't believe I forgot that.",2025-05-24T22:25:03Z,5,crocicorn,gaming,2025-05-25T19:56:07.438430Z
mu2zcfd,1kun6dk,reddit,Hotline Miami,2025-05-24T22:44:01Z,4,TastyBirds,gaming,2025-05-25T19:56:07.438443Z
mu36bhr,1kun6dk,reddit,"Final Fantasy, Persona, Tokyo Mirage Sessions, Silent Hill, Metal Gear, XenoGears/Saga/Blade, .Hack, Devil May Cry, Astral Chain, Monster Hunter",2025-05-24T23:27:35Z,5,WorkingBorder6387,gaming,2025-05-25T19:56:07.438456Z
mu5b93p,1kun6dk,reddit,Cyberpunk 2077,2025-05-25T09:52:12Z,6,friedchickensundae1,gaming,2025-05-25T19:56:07.438468Z
mu2wsh7,1kun6dk,reddit,"Persona series.

If Sonic's games were as consistently excellent as the music the games would probably be as beloved as Mario or something.",2025-05-24T22:27:57Z,9,PM_ME_STEAMKEYS_PLS,gaming,2025-05-25T19:56:07.438482Z
mu3z7xi,1kun6dk,reddit,Jet set radio future,2025-05-25T02:36:07Z,3,Panpancanstand,gaming,2025-05-25T19:56:07.438495Z
mu50ls8,1kun6dk,reddit,Chrono Cross is on another level.,2025-05-25T08:02:19Z,4,cosmicjellyfishx,gaming,2025-05-25T19:56:07.438510Z
mu2u2e2,1kun6dk,reddit,Mario galaxy 1 and 2,2025-05-24T22:10:55Z,5,able_standard2244,gaming,2025-05-25T19:56:07.438524Z
mu2u7wb,1kun6dk,reddit,"The Xenoblade Chronicles Trilogy plus its DLCs and Xenoblade Chronicles X. If you liked Expedition 33, youll like XC3 storywise in my opinion. But theyre all good",2025-05-24T22:11:52Z,3,papasfritasbruh,gaming,2025-05-25T19:56:07.438546Z
mu36s4s,1kun6dk,reddit,The Witcher 3,2025-05-24T23:30:31Z,3,Vetizh,gaming,2025-05-25T19:56:07.438557Z
mu409ot,1kun6dk,reddit,Sonic Adventure Battle 2,2025-05-25T02:43:16Z,3,callmemommy___,gaming,2025-05-25T19:56:07.438568Z
mu47oqq,1kun6dk,reddit,"God of War 2018 & Ragnarok 

Eternal Strands 

Journey 

Abzu

Sea of Stars",2025-05-25T03:38:05Z,3,Clarkers15,gaming,2025-05-25T19:56:07.438580Z
mu4lbxx,1kun6dk,reddit,The Messenger,2025-05-25T05:33:03Z,3,Danistar34,gaming,2025-05-25T19:56:07.438594Z
mu2tx96,1kun6dk,reddit,Far Cry 3 Blood Dragon,2025-05-24T22:10:02Z,6,MT1120,gaming,2025-05-25T19:56:07.438607Z
mu2ydd5,1kun6dk,reddit,"Everything Supergiant has made, especially Hades and (still in Early Access) Hades 2!",2025-05-24T22:37:52Z,5,Troldann,gaming,2025-05-25T19:56:07.438621Z
mu2v5t9,1kun6dk,reddit,"The Nier series

Drakengard Series 

Ace Combat

Shadow of the Colossus",2025-05-24T22:17:45Z,5,tarnishedsol,gaming,2025-05-25T19:56:07.438634Z
mu2xemf,1kun6dk,reddit,"Fez

Risk of Rain 

Tetrisphere",2025-05-24T22:31:50Z,2,Zealousideal_Cup416,gaming,2025-05-25T19:56:07.438645Z
mu2y4px,1kun6dk,reddit,Mega Man 2. Go listen to the Bit Brigade covers.,2025-05-24T22:36:20Z,2,Dysthymike,gaming,2025-05-25T19:56:07.438656Z
mu2yook,1kun6dk,reddit,Fallout. Tony hawk series,2025-05-24T22:39:51Z,2,SantaCruzinNotLosin,gaming,2025-05-25T19:56:07.438670Z
mu2yv2i,1kun6dk,reddit,Payday 2,2025-05-24T22:40:59Z,2,CT1914Clutch,gaming,2025-05-25T19:56:07.438682Z
mu5al5j,1kun6dk,reddit,Half life jungle song,2025-05-25T09:45:28Z,2,lowerdark,gaming,2025-05-25T19:56:07.438695Z
mu5qlw7,1kun6dk,reddit,The Flame and the Flood.,2025-05-25T12:08:39Z,2,maxpowerphd,gaming,2025-05-25T19:56:07.438708Z
mu63htm,1kun6dk,reddit,Hades and Risk of rain both have great metal soundtracks.,2025-05-25T13:34:10Z,2,Waatulakula,gaming,2025-05-25T19:56:07.438722Z
mu2vu8l,1kun6dk,reddit,"Chrono Cross, Chrono Trigger... honestly anything by Mitsuda but those two are his best imo

Donkey Kong Country series, especially 2

Mario Galaxy 1/2

FFIX, FF6, FFX, FFVII (remakes especially)

Persona 5",2025-05-24T22:21:58Z,4,OhVeryClever,gaming,2025-05-25T19:56:07.438738Z
mu2uboh,1kun6dk,reddit,Devil May Cry series has some baller soundtracks if you like MGR:R. If you like metal and guitar riffs then both Doom 2016 and Eternal. If you also like atmospheric and chill music then there’s Silent Hill games.,2025-05-24T22:12:31Z,2,WillieBHardCox,gaming,2025-05-25T19:56:07.438749Z
mu2um7a,1kun6dk,reddit,Wreckfest. Rock the Fuck On.,2025-05-24T22:14:20Z,1,Gizzo04,gaming,2025-05-25T19:56:07.438762Z
mu2vquq,1kun6dk,reddit,"Street Fighter 2.

Streets of Rage series.",2025-05-24T22:21:23Z,1,Greybur,gaming,2025-05-25T19:56:07.438773Z
mu2x7ng,1kun6dk,reddit,"Divinity 2.

And very old but gold : Total Annihilation and Street Fighter 2.",2025-05-24T22:30:37Z,1,Centcinquante,gaming,2025-05-25T19:56:07.438785Z
mu2xc9y,1kun6dk,reddit,"The World Ends With You

Neon White

Astral Chain

Spiderman and Venom - Maximum Carnage (Genesis)",2025-05-24T22:31:25Z,1,Immediate_Way_8866,gaming,2025-05-25T19:56:07.438797Z
mu2xjpm,1kun6dk,reddit,"Original Soundtrack: Chrono Trigger, Doom/Doom Eternal, Hollow Knight

Licensed/Existing tracks: Jet Set Radio Future/Bomb Rush Cyberfunk, Kinetica, GTA Vice City",2025-05-24T22:32:42Z,1,DarkrootGarden,gaming,2025-05-25T19:56:07.438808Z
mu2xys2,1kun6dk,reddit,Two of my favorite game soundtracks are **Lost Odyssey** and **Prey** (2017).  There are many other games with great music but these two were absolute standouts for me.,2025-05-24T22:35:19Z,1,LexiiConn,gaming,2025-05-25T19:56:07.438821Z
mu2zwp4,1kun6dk,reddit,Maybe I'm biased cuz I love metal but DOOM is just so good. E1M1 is timeless imo.,2025-05-24T22:47:33Z,1,ZombieFruitNinja,gaming,2025-05-25T19:56:07.438833Z
mu30j3i,1kun6dk,reddit,"Okami
Xenoblade Chronicles
Horizon",2025-05-24T22:51:29Z,1,KymiBwo,gaming,2025-05-25T19:56:07.438845Z
mu317a9,1kun6dk,reddit,Tetris effect. I get in the zone.,2025-05-24T22:55:41Z,1,Quijybo69,gaming,2025-05-25T19:56:07.438858Z
mu31xn6,1kun6dk,reddit,Warhammer 40k: Chaos Gate (1998),2025-05-24T23:00:18Z,1,Carlton_U_MeauxFaux,gaming,2025-05-25T19:56:07.438870Z
mu3afrz,1kun6dk,reddit,"Even if you don't want to play Gran Turismo, then games have the best menu/lobby music.  I've been driving around listening to the various soundtracks this week. Should be it's own genre it's so distinct.",2025-05-24T23:53:29Z,1,CasioOceanusT200,gaming,2025-05-25T19:56:07.438883Z
mu3anut,1kun6dk,reddit,"Bayonetta


Cobalt  Core


Zone of Enders 2


Midnight Club 2


Tempest 2000",2025-05-24T23:54:54Z,1,icebergslim3000,gaming,2025-05-25T19:56:07.438896Z
mu3begp,1kun6dk,reddit,"Xenoblade Chronicles Series

Was one of the main inspirations for E33’s OST along with Nier Automata.

Basically the undisputed champion of area themes

[Gaur Plains](https://youtu.be/UDJtsfR51To?si=NMcZGSlmFZ0h2_5O) (classic)

[Sylvalum Night](https://youtu.be/cDbh3lLi1ZY?si=ycGvHM1LIq_lpUut)

[Mor Ardain](https://youtu.be/Tx3AbguQZHU?si=bd9DI93PdFvlYU81)

[Gormott](https://youtu.be/3HU8t4pNfnY?si=5vKRZdxyT3zj69iI)

[The Great Sea Stirs](https://youtu.be/8dWEjRLzn2c?si=bCle6AtSqvzzvzOR)

[Aurora Shelf](https://youtu.be/AvhxIR3IiJc?si=E2XikfA0lkCGar7p)

The rest of the soundtrack is God Tier too don’t get me wrong but the area themes are so standout compared to other games. Like most games with a focus on explorable large worlds use ambience and rarely have the music presented in a way that is forefront in your mind. Xenoblade just says nah you will always be hearing some bangers bro. Don’t care about immersion.",2025-05-24T23:59:37Z,1,PalpitationTop611,gaming,2025-05-25T19:56:07.438908Z
mu3dzh4,1kun6dk,reddit,Far Cry 5,2025-05-25T00:16:28Z,1,zithftw,gaming,2025-05-25T19:56:07.438920Z
mu3ftla,1kun6dk,reddit,If you liked the FS games and enjoyed the music in Expedition 33 you will love Lies of P. It's an absolute crime no one has mentioned it yet.,2025-05-25T00:28:32Z,1,Depresso137,gaming,2025-05-25T19:56:07.438932Z
mu3ii9y,1kun6dk,reddit,Doom ilike metal music,2025-05-25T00:46:00Z,1,aizenfirst,gaming,2025-05-25T19:56:07.438943Z
mu3l9fi,1kun6dk,reddit,"Castlevania 2: Simon's Quest is still considered to be one of the best game soundtracks ever created. Personally, I agree .-.",2025-05-25T01:03:44Z,1,Remarkable-Stock-527,gaming,2025-05-25T19:56:07.438956Z
mu3lssh,1kun6dk,reddit,Secret of Mana,2025-05-25T01:07:12Z,1,mrbadxampl,gaming,2025-05-25T19:56:07.438967Z
mu3ohmm,1kun6dk,reddit,The Mass Effect series,2025-05-25T01:24:43Z,1,TheUnknown285,gaming,2025-05-25T19:56:07.438978Z
mu3pvlo,1kun6dk,reddit,Metal Hellsinger,2025-05-25T01:33:55Z,1,CthulhuWorshipper59,gaming,2025-05-25T19:56:07.438989Z
mu3qklt,1kun6dk,reddit,Payday 2!,2025-05-25T01:38:23Z,1,whyzerowl,gaming,2025-05-25T19:56:07.439001Z
mu3s56o,1kun6dk,reddit,umineko ,2025-05-25T01:48:35Z,1,Dreaming_Dreams,gaming,2025-05-25T19:56:07.439012Z
mu3wopt,1kun6dk,reddit,"Death stranding, had some unique songs tbh",2025-05-25T02:19:11Z,1,BreedOfOne,gaming,2025-05-25T19:56:07.439024Z
mu40lxg,1kun6dk,reddit,"Jet set radio

Deus Ex: human revolution

Mirror's edge",2025-05-25T02:45:37Z,1,m_djallo,gaming,2025-05-25T19:56:07.439036Z
mu41fm8,1kun6dk,reddit,original Medal of Honor (Michael Giacchino),2025-05-25T02:51:22Z,1,IgloosRuleOK,gaming,2025-05-25T19:56:07.439048Z
mu42hau,1kun6dk,reddit,SimCity 4 has a lot of bangers,2025-05-25T02:58:52Z,1,bhmantan,gaming,2025-05-25T19:56:07.439059Z
mu46uqa,1kun6dk,reddit,Doom 2016 and Doom Eternal.,2025-05-25T03:31:43Z,1,Mr_Wrecksauce,gaming,2025-05-25T19:56:07.439071Z
mu4astb,1kun6dk,reddit,Persona 4 and AC odyssey 😅 besides RDR2,2025-05-25T04:02:30Z,1,Able-Appearance1970,gaming,2025-05-25T19:56:07.439083Z
mu4ayf5,1kun6dk,reddit,"Transistor. Same people that made Hades. It really just blew me away. Its a shorter game \~6 hours base. The whole OST is on youtube. Also, every piece of artwork of this game is like wallpaper worthy.",2025-05-25T04:03:44Z,1,LuxSnow,gaming,2025-05-25T19:56:07.439095Z
mu4btvo,1kun6dk,reddit,Anything by the VR studio Stress Level Zero has really good music.,2025-05-25T04:10:42Z,1,jimothy23123,gaming,2025-05-25T19:56:07.439106Z
mu4ctsa,1kun6dk,reddit,"If you own a 360, Lost Odyssey",2025-05-25T04:18:48Z,1,Neemoman,gaming,2025-05-25T19:56:07.439117Z
mu4evlh,1kun6dk,reddit,"\-Blasphemous

\-Warhammer 40k: Mechanicus

\-Darkest Dungeon

\-Spyro

\-FTL

\-Into the Breach

\-Diablo

\-Halo

\-Elder Scrolls

\-Ori

Some I didn't see mentioned.",2025-05-25T04:35:58Z,1,Ecstatic_Prize775,gaming,2025-05-25T19:56:07.439129Z
mu4fi6s,1kun6dk,reddit,"Doom eternal, devil may cry 5, witcher 3, ac4 black flag",2025-05-25T04:41:14Z,1,SIGAAMDAD,gaming,2025-05-25T19:56:07.439140Z
mu4hqm2,1kun6dk,reddit,"FF13, Melty Blood, Undernight, Xenogears, Chrono Trigger, Secret of Mana, PSO2, FFXIV, Dragon Quest",2025-05-25T05:00:34Z,1,Infiniteparadigm_,gaming,2025-05-25T19:56:07.439152Z
mu4inve,1kun6dk,reddit,Doom (2016) and Doom Eternal,2025-05-25T05:08:47Z,1,Apart-Mode1986,gaming,2025-05-25T19:56:07.439163Z
mu4k0l8,1kun6dk,reddit,"Final Fantasy VI

Castlevania II: Simon's Quest",2025-05-25T05:20:58Z,1,Help_An_Irishman,gaming,2025-05-25T19:56:07.439176Z
mu4kmmx,1kun6dk,reddit,"Fez has an amazing chiptune soundtrack. For metal there is Doom 2016. Another good one is from Splice, very calming piano music.


Most games have good, epic soundtracks but the above 3 are the ones I can put on outside of the game and don't feel like game soundtracks.",2025-05-25T05:26:37Z,1,project-shasta,gaming,2025-05-25T19:56:07.439187Z
mu4plc6,1kun6dk,reddit,"Psychonauts 2 had a great ost, but then again everything Peter McConnell does over at Double Fine is pure bliss.

Disco Elysium's ost was also incredible. The vibe and atmosphere of the siundscaoe meshes so damn well with the game's art design, it really elevates the whole experience.",2025-05-25T06:12:57Z,1,Nag_uil,gaming,2025-05-25T19:56:07.439199Z
mu4r2zq,1kun6dk,reddit,"My three picks:

Furi

Blue Reflection (a very meh game though)

The Last Remnant

Anarchy Reigns was already mentioned but boy those tracks are groovy. It deserves an honorable mention.",2025-05-25T06:27:37Z,1,PointlessPotion,gaming,2025-05-25T19:56:07.439210Z
mu4rvkc,1kun6dk,reddit,Nier Automata and Doom Eternal,2025-05-25T06:35:31Z,1,robz9,gaming,2025-05-25T19:56:07.439222Z
mu4syjw,1kun6dk,reddit,"The Elder Scroll V: Skyrim Special Edition, makes you blend in with its immersive open world",2025-05-25T06:46:09Z,1,zekeshio,gaming,2025-05-25T19:56:07.439234Z
mu4txco,1kun6dk,reddit,The Witcher 3 soundtrack is perfection,2025-05-25T06:55:37Z,1,-maffu-,gaming,2025-05-25T19:56:07.439245Z
mu4xxhh,1kun6dk,reddit,Casette Beasts 👌,2025-05-25T07:35:31Z,1,Emperor-Universe,gaming,2025-05-25T19:56:07.439258Z
mu4yydo,1kun6dk,reddit,Final fantasy 13 or just about any sonic game,2025-05-25T07:45:48Z,1,Ambitious_Foot7897,gaming,2025-05-25T19:56:07.439269Z
mu4zlr6,1kun6dk,reddit,"Call of Duty: Vanguard. No, really. Bear McCreary killed the score. Each character has their own badass themes.",2025-05-25T07:52:12Z,1,NovaStrainReddit,gaming,2025-05-25T19:56:07.439281Z
mu51lnu,1kun6dk,reddit,"Nier Automata

Final Fantasy 7 Rebirth (well... all versions of 7)

Silent Hill 2 (OG and remake)

Metroid Prime

Risk of Rain 2",2025-05-25T08:12:22Z,1,dataDyne_Security,gaming,2025-05-25T19:56:07.439292Z
mu51vlp,1kun6dk,reddit,"Final Fantasy Tactics, the philharmonic versions.


https://youtube.com/playlist?list=PLtluGaz2_O6QImd7WPhuAyatttcAV8BN0&si=tHz-0LtNdmVecLRI",2025-05-25T08:15:11Z,1,Mediumtim,gaming,2025-05-25T19:56:07.439304Z
mu52ocv,1kun6dk,reddit,"-Katana Zero

-Dead Cells

-Ace Attorney

-Guilty Gear

-Rivals of Aether

-Minecraft

-Castlevania

-Stardew Valley

-The Escapists


...and a lot more. Hope you find a good game!",2025-05-25T08:23:27Z,1,TheSOTL,gaming,2025-05-25T19:56:07.439315Z
mu55dy6,1kun6dk,reddit,"Mario and Zelda game, Nier Replicant and Automata and Expedition 33",2025-05-25T08:51:10Z,1,echoess84,gaming,2025-05-25T19:56:07.439328Z
mu5684z,1kun6dk,reddit,"Most of the Sonic the Hedgehog games. The games themselves range from dogshit to peak but the soundtracks are probably the most consistent thing about them. I love [Knight of the Wind](https://www.youtube.com/watch?v=pNB4Cy4mftI) from Sonic and the Black Knight and can sing the whole thing from memory. If I had to choose recommend one, it would be Sonic Frontiers' soundtrack. [I'm Here](https://www.youtube.com/watch?v=mUJS9ystZlc) (and its [Revisited version](https://www.youtube.com/watch?v=bKxf0NQyb0c)), [Find Your Flame](https://www.youtube.com/watch?v=4gzIL8_G4Xs), [Undefeatable](https://www.youtube.com/watch?v=u_FRDqHT5y0), [Break Through It All](https://www.youtube.com/watch?v=AzSIuBwPAKs) and [One Way Dream](https://www.youtube.com/watch?v=TYtGaUQLJC0) all never fail to make me really emotional (especially in the context of the characters having grown up by this game).",2025-05-25T08:59:47Z,1,Sportadrop,gaming,2025-05-25T19:56:07.439338Z
mu59jlw,1kun6dk,reddit,"Quake 2

Deus ex human revolution

C&C Red Alert

Mass Effect trilogy

Diablo 1",2025-05-25T09:34:38Z,1,seab1010,gaming,2025-05-25T19:56:07.439350Z
mu5bxs6,1kun6dk,reddit,More often than not I become so immersed in the action that I don't really end up paying that much attention to the music. Mafia DE was different tho. Absolutely loved it.,2025-05-25T09:59:06Z,1,Seriator-301,gaming,2025-05-25T19:56:07.439362Z
mu5e4wi,1kun6dk,reddit,It's ancient but legendary- Total Annihilation.,2025-05-25T10:21:02Z,1,Evakron,gaming,2025-05-25T19:56:07.439374Z
mu5fpt5,1kun6dk,reddit,Genshin Impact and Honkai Star Rail,2025-05-25T10:36:27Z,1,LivingPapaya8,gaming,2025-05-25T19:56:07.439386Z
mu5i88i,1kun6dk,reddit,"Lies of P

Close your eyes...",2025-05-25T10:59:26Z,1,Malabingo,gaming,2025-05-25T19:56:07.439398Z
mu5ip57,1kun6dk,reddit,"Windbound, small Indie game with some of the best music ive heard in games",2025-05-25T11:03:39Z,1,Pleasant-Guava-6780,gaming,2025-05-25T19:56:07.439409Z
mu5j756,1kun6dk,reddit,Journey,2025-05-25T11:08:03Z,1,Kraeh_,gaming,2025-05-25T19:56:07.439421Z
mu5jwid,1kun6dk,reddit,"Myst and Riven had amazing soundtracks.  Braid, but I’m pretty sure thar was licensed from a stock library.  Basically any JRPG from Square Enix.  No Man’s Sky.  Okami.  There’s some stuff from the Fallout series, and not just the music on the on game radio.  The whole Batman Arkham series is appropriately dark and moody.  Minecraft, both ambient and the discs.",2025-05-25T11:14:15Z,1,Craxin,gaming,2025-05-25T19:56:07.439432Z
mu5ne37,1kun6dk,reddit,"The Final Fantasy games have a lot of great music.

The Castlevania games do too if that's the type of music you're into.

And the original Sims 1 soundtrack is just nostalgic to me, but also objectively good.

And this might be a weird one, but the Old School Runescape music goes hard. Mmo and rpg music can sometimes be a bit bland and generic, but almost every Runescape track has a lot of personality.",2025-05-25T11:43:35Z,1,imperfect_imp,gaming,2025-05-25T19:56:07.439443Z
mu5unkp,1kun6dk,reddit,Hyper Light Drifter,2025-05-25T12:37:42Z,1,vandalhandle,gaming,2025-05-25T19:56:07.439455Z
mu6315n,1kun6dk,reddit,Divinity Original Sin 1&2 and Baldurs Gate 3. All made by Borislav Slavov.,2025-05-25T13:31:23Z,1,Vinon,gaming,2025-05-25T19:56:07.439466Z
mu67yj8,1kun6dk,reddit,Driv3r,2025-05-25T13:59:55Z,1,Relatively_happy,gaming,2025-05-25T19:56:07.439478Z
mu68rja,1kun6dk,reddit,Lies of P,2025-05-25T14:04:22Z,1,andersdigital,gaming,2025-05-25T19:56:07.439489Z
mu6cc3z,1kun6dk,reddit,The Witcher 3 and AC: Valhalla are my favorites for music.,2025-05-25T14:23:39Z,1,Evil_Space_Penguins,gaming,2025-05-25T19:56:07.439501Z
mu6gc63,1kun6dk,reddit,Nobody probably mentioned this yet but I like the music from Spiritfarer. Really fits with the game's theme.,2025-05-25T14:45:09Z,1,zoruanna,gaming,2025-05-25T19:56:07.439512Z
mu6t6qg,1kun6dk,reddit,[The Flame in the Flood](https://www.youtube.com/watch?v=wQTPAb2Np3g),2025-05-25T15:50:40Z,1,lrrevenant,gaming,2025-05-25T19:56:07.439525Z
mu6wdw6,1kun6dk,reddit,"hotline miami 1&2, ghostrunner ",2025-05-25T16:06:56Z,1,Fantastic-Secret8940,gaming,2025-05-25T19:56:07.439607Z
mu6yh21,1kun6dk,reddit,"Wasteland 3. The songs during boss fights are epic and great. 

Tainted Grail : Fall of Avalon. I’m only a little into the game but the music is good",2025-05-25T16:17:40Z,1,h0sti1e17,gaming,2025-05-25T19:56:07.439621Z
mu727na,1kun6dk,reddit,Warframe,2025-05-25T16:36:37Z,1,fnv_fan,gaming,2025-05-25T19:56:07.439631Z
mttr5au,1ktcb23,reddit,"It might just be me but I don't like telling my friends when I'm gaming. I keep my status offline. 

Nothing against them but they or one of them may get sucked into a game and want to play all the time with everyone. I might get one of those ""oh I see you online"" let's play ""x"".

I have like a 10 yr back log and I like to play any game at any time or I might be hooked on a game like The Division 2.

I prefer to play with friends at specific times like only on Thursdays or something. Anyone else like this?",2025-05-23T12:46:28Z,4,LevelMeasurement2859,gaming,2025-05-25T19:56:08.626027Z
mtt42r7,1ktcb23,reddit,"Literally every modern system can ""Brick"" your system if you go against the TOS. It's in the PS5 TOS as well as the Xbox systems. Nintendo is the newest to gain this ability with the switch 2 and people are suddenly aware that they own nothing?",2025-05-23T09:56:49Z,2,Linkledoit,gaming,2025-05-25T19:56:08.626039Z
mttt75w,1ktcb23,reddit,What’s the best multiplayer “work together” game? I’m talking like It Takes Two or Split Fiction type of games.,2025-05-23T12:58:09Z,2,callmemommy___,gaming,2025-05-25T19:56:08.626049Z
mttug1i,1ktcb23,reddit,"I don't buy or install games that use DRM or Kernel Anti-Cheats, and you shouldn't either:

Kernel Anti-Cheats are overly intrusive, their effectiveness doesn't justify the means. Intrusions lead to more intrusions as the previous ones become normalized. Your PC is a personal environment and it's important to protect the freedom within it. These companies want more control over your environment, that freedom is a threat to them. Even if Windows ends up restricting the scope of it's Kernel, those companies win, because the result is a more closed OS. Linux may be an alternative seeing a recent burst of popularity, but if Linux begins to see mainstream popularity, it won't be long before control mechanisms follow.

DRM is also purely about control. Piracy is not an issue but rather an excuse. Piracy is a bastion of accessibility and preservation, but also it serves as a motivation to merit for companies. Any speculative loss from piracy is negligable, and DRM like Denuvo are extremely costly. However these DRM give lots of control over individuals, particularly in a time where companies want the content to conform to a rigid ideology, without private modification.

Freedom is fragile and worth protecting, don't let the facade of ""good reasons"", defeatism, or apathy inhabit you. Money speaks, don't buy.",2025-05-23T13:05:17Z,2,FluffySheepCritic,gaming,2025-05-25T19:56:08.626058Z
mttvvzg,1ktcb23,reddit,How often does Devil May Cry HD Collection and Devil May Cry 4 Special Edition goes on sale?,2025-05-23T13:13:22Z,2,Need_Sleeep,gaming,2025-05-25T19:56:08.626066Z
mttwg9b,1ktcb23,reddit,"Started playing Kena: Bridge of Spirits, because it was advertised as a cozy Indie game with Pixar animations and vibes.. WHY is it that I'm  getting bodied by Angry Groot around every corner?",2025-05-23T13:16:27Z,2,Benched_ExplorerTTV,gaming,2025-05-25T19:56:08.626075Z
mtuskqj,1ktcb23,reddit,"Guys I had an assignment that wanted me to write a piece of real world writing, so I wrote about my favorite game lol.

Warframe is one of the greatest free-to-play games ever made. Firstly, the game is 100% free to play. Everything in the game, from weapons to warframes, is obtainable with enough time. The game’s microtransactions only serve to accelerate your progression through the game, as well as buying cosmetics. Warframe is a horde shooter, 99% of the game is centered around PVE, therefore there’s no competition between players, and also less toxicity. Do you know why games like Elden Ring, Helldivers 2, Warhammor 40k are so popular? Because they lack a competitive aspect, and you can just relax, grind, and have fun. Not to mention Warframe’s community is incredibly inclusive and welcoming. Warframe has been out for 12 years. The playerbase and community is made up of older players, returning players, and new players. Warframes community is inclusive because these older players help newer players. This can be by giving them in game resources, valuable items, knowledge, etc. Also as said before, the lack of PVP attributes to Warframes positive community. Speaking of knowledge Warframe is a game based on knowledge. The more knowledge you have, the better you can understand the game. This is where people criticize Warframe, because when new players start the game, there’s a small tutorial but nothing else. The complexity of Warframe makes alot of new players quit early into the game and its lack of player guidance is evident.

(Open to constructive criticism and opinions)",2025-05-23T15:54:26Z,2,BemusuaI,gaming,2025-05-25T19:56:08.626084Z
mtv5njm,1ktcb23,reddit,I underestimated the learning curve for Wrath of The Righteous. Anyone got recommendations for other CRPGs to try before the Pathfinder games that are easier to understand but will prepare me for Wrath of The Righteous? Some kind of middle ground between Baldur's Gate 3 and Pathfinder? Alternatively i wouldn't mind some sort of resource/guide to the Pathfinder system to help beginners get a better grasp of it. The tutorials included in the game aren't sufficient.,2025-05-23T16:56:43Z,2,ZaDu25,gaming,2025-05-25T19:56:08.626092Z
mtwwknh,1ktcb23,reddit,"finally, a place where my rambling and questionable life choices get a standing ovation. gonna treat this like my diary but cooler.",2025-05-23T22:15:03Z,2,Ch3rry_babie,gaming,2025-05-25T19:56:08.626100Z
mtxj17c,1ktcb23,reddit,I just thought I would say that I'm super proud of my husband who launched his first solo developed game today. I think it's a ton of dedication and I watched him work on it for a whole year . If you'd like to check it out this is the link: \[Quail Crossing\](https://store.steampowered.com/app/3398430/Quail\_Crossing/ ),2025-05-24T00:29:27Z,2,wisetortle,gaming,2025-05-25T19:56:08.626108Z
mtypp7q,1ktcb23,reddit,can someone recommend me a roguelike deckbuilder like balatro? i dont really like slay the spire because of the fighting elements of the game (unless you can somehow convince me). i also like mr magpie's harmless card game. extra points if the game is on mobile as well!,2025-05-24T05:30:03Z,2,trained_deadhead,gaming,2025-05-25T19:56:08.626116Z
mtsipuc,1ktcb23,reddit,anyone else here just dreaming about the weekend? plans or nah?,2025-05-23T06:26:14Z,2,Winter-Offer7134,gaming,2025-05-25T19:56:08.626123Z
mtt9hfc,1ktcb23,reddit,"Just bought Clair Obscure, played the first 3 hours and Im not getting all the hype about it, only the beggining of the game are slow? Does it picks it up quickly?",2025-05-23T10:45:14Z,2,oholandesvoador,gaming,2025-05-25T19:56:08.626131Z
mtvpca3,1ktcb23,reddit,"Would anyone play a game that teaches you a new language, but throws you into ridiculous situations to do it? Basically first level is learning how to order from a coffee shop, but delves into accidentally becoming a spy? Basically rosetta stone, but fun?",2025-05-23T18:30:03Z,2,Disaterman,gaming,2025-05-25T19:56:08.626139Z
mtss90w,1ktcb23,reddit,I won a claw machine for a girl. Actually my friend won it with my money but she doesn’t know that lmao,2025-05-23T07:57:48Z,1,Correct_Way_8842,gaming,2025-05-25T19:56:08.626146Z
mtt3vsr,1ktcb23,reddit,"The last time I played Morrowind, I wanted to beat up a rat to improve my character's Hand-to-Hand skill. I did the same to a slaughterfish and a dreugh. Just a way for me to remember how different ways to fight work. At least my character has a high agility attribute",2025-05-23T09:55:00Z,1,HorseyNight19,gaming,2025-05-25T19:56:08.626154Z
mtxuw7k,1ktcb23,reddit,"Death Stranding 2: On the Beach, a new game is coming next month. the game seems interesting. 

the game is coming 26 june 2025",2025-05-24T01:45:21Z,1,Pokeballz4Life,gaming,2025-05-25T19:56:08.626161Z
mtsi0ly,1ktcb23,reddit,Was the PlayStation Eye toy ahead of its time or just a gimmick?,2025-05-23T06:19:49Z,1,Royal_Butterscotch53,gaming,2025-05-25T19:56:08.626169Z
mtstrws,1ktcb23,reddit,"I miss physical copies of games with little goodies inside, like a map of the game world. Now you mostly see it in limited quantity and expensive collector's editions. For PC the normal copies might not have a physical version at all.",2025-05-23T08:13:15Z,1,Uranium92V2,gaming,2025-05-25T19:56:08.626177Z
mtt81ly,1ktcb23,reddit,"What’s a game you loved as a kid but can barely stand to play now, and why? I’ll go first: GoldenEye 007. Absolute classic, but those controls did not age well…",2025-05-23T10:32:49Z,1,VeronicaaNight,gaming,2025-05-25T19:56:08.626184Z
mttdphq,1ktcb23,reddit,"Any favorite Let's Players? I watched a Last of Us, and then a Doom Play (different streamers) a long while back. Both I liked because they were done after the guy clearly knew the game, so went through it making no mistakes or figuring things out, but just showing the story and badassness of the games.",2025-05-23T11:18:20Z,1,Kevtron,gaming,2025-05-25T19:56:08.626192Z
mtumnqv,1ktcb23,reddit,"Gays what do you think about thematic store what have Inspired with «Ficsit», a company from Satisfactory?
I really need all of yours opinions",2025-05-23T15:27:01Z,1,moffud_3,gaming,2025-05-25T19:56:08.626199Z
mtykpcc,1ktcb23,reddit,I would laugh my ass off if no-one bought Borderlands 4 on release just to stick it to Randy.,2025-05-24T04:46:43Z,1,Artistic-Blueberry12,gaming,2025-05-25T19:56:08.626207Z
mpldtoj,1k9ojw6,reddit,TheUsedMisfit - steam & PlayStation  :D,2025-04-29T02:32:56Z,1,eveabyss,gaming,2025-05-25T19:56:09.506341Z
mpnxige,1k9ojw6,reddit,Steam and PS: wildAstroboy,2025-04-29T14:25:26Z,1,vawn,gaming,2025-05-25T19:56:09.506355Z
mpqqubq,1k9ojw6,reddit,"Just a question here I couldnt find any clips about it, but when playing Assassin's Creed Odyssey, has anyone ever tried completing the legacy of the first blade dlc before doing the blind king quest? If so did the extra info change the dialog with the blind man at all?",2025-04-29T22:40:10Z,1,Particular-Clock-708,gaming,2025-05-25T19:56:09.506364Z
mprfzad,1k9ojw6,reddit,miss rick grimes on steam 🙌🏼,2025-04-30T01:00:12Z,1,Ok_Rooster2790,gaming,2025-05-25T19:56:09.506371Z
mpjwu7q,1k9ojw6,reddit,What are friends?,2025-04-28T21:27:09Z,1,OrranVoriel,gaming,2025-05-25T19:56:09.506381Z
mpg9qqr,1k9ojw6,reddit,[deleted],2025-04-28T08:29:12Z,-1,N/A,gaming,2025-05-25T19:56:09.506389Z
mphvsdj,1k9ojw6,reddit,"Well, Dota 2 and Rainbow six siege 
BDMute is my gamertag
Find me on steam",2025-04-28T15:24:03Z,0,GamingNewsWithUs,gaming,2025-05-25T19:56:09.506397Z
ms0ov36,1kl97lb,reddit,[Human Fall Flat](https://store.steampowered.com/app/477160/Human_Fall_Flat/) is popular among streamers,2025-05-13T01:44:13Z,12,jgrahl,gaming,2025-05-25T19:56:10.579485Z
ms0hz1q,1kl97lb,reddit,Most Bethesda games pre fallout 76.,2025-05-13T01:03:51Z,13,PM-ME_UR_TINY-TITS,gaming,2025-05-25T19:56:10.579498Z
ms0lfmg,1kl97lb,reddit,"Red Faction: Guerilla had some janky physics from what I remember. Great game, though.",2025-05-13T01:24:17Z,7,8u2n0u7,gaming,2025-05-25T19:56:10.579507Z
ms0lxwl,1kl97lb,reddit,Goat Simulator. It's all about the jank.,2025-05-13T01:27:16Z,12,biff64gc2,gaming,2025-05-25T19:56:10.579516Z
ms1h7rw,1kl97lb,reddit,Qwop,2025-05-13T04:51:08Z,4,Kachelpiepn,gaming,2025-05-25T19:56:10.579525Z
ms3k5tw,1kl97lb,reddit,Just Cause.,2025-05-13T14:40:08Z,3,Zealousideal_Cup416,gaming,2025-05-25T19:56:10.579540Z
ms0jn03,1kl97lb,reddit,There was a Patrick Star game released somewhat recently that I’ve seen videos on the incredibly strange physics of. Seems fun to mess around with.,2025-05-13T01:13:45Z,5,cookie-crisps,gaming,2025-05-25T19:56:10.579549Z
ms0lyoh,1kl97lb,reddit,Only Up,2025-05-13T01:27:24Z,2,levi07,gaming,2025-05-25T19:56:10.579557Z
ms0m8ah,1kl97lb,reddit,"Oblivion, both OG and Remaster.",2025-05-13T01:28:59Z,2,Freaknproud,gaming,2025-05-25T19:56:10.579565Z
ms2gkni,1kl97lb,reddit,Mass Effect 1. Bullying Geth Colossi with the Mako never gets old. Being a biotic god and flinging enemies all over is fun.,2025-05-13T10:32:45Z,2,HandsomeBoggart,gaming,2025-05-25T19:56:10.579574Z
ms2om4p,1kl97lb,reddit,Crackdown 1 or 2.,2025-05-13T11:36:07Z,2,IssaScott,gaming,2025-05-25T19:56:10.579582Z
ms3lgms,1kl97lb,reddit,Team fortress 2,2025-05-13T14:46:38Z,2,7Shinigami,gaming,2025-05-25T19:56:10.579591Z
ms3v3ta,1kl97lb,reddit,"Okay I have the perfect game for you my friend. It's called Hammerfight and it's on steam for free nowadays. 


You basically control a flying machine akin to the first robotnik boss on Sonic for the Genesis, and attack by using your momentum to swing the sword/hammer/flail that is attached to your ship. 


It's not a *GREAT* game but it's incredibly unique and fun. ",2025-05-13T15:33:39Z,2,internetlad,gaming,2025-05-25T19:56:10.579600Z
ms4dank,1kl97lb,reddit,Moving out,2025-05-13T17:01:44Z,2,BeesBeUponMe,gaming,2025-05-25T19:56:10.579610Z
ms0rmn7,1kl97lb,reddit,Saints Row Reboot,2025-05-13T02:00:12Z,1,Quixkster,gaming,2025-05-25T19:56:10.579619Z
ms0sgu0,1kl97lb,reddit,Dying Light 2 has a fair amount of Eurojank.  You can kill most bosses by dropkicking them into the environment.,2025-05-13T02:04:45Z,1,K1ttredge,gaming,2025-05-25T19:56:10.579629Z
ms12110,1kl97lb,reddit,Jurassic Park Trespasser,2025-05-13T03:02:29Z,1,b_ootay_ful,gaming,2025-05-25T19:56:10.579637Z
ms18rey,1kl97lb,reddit,Manual Samual,2025-05-13T03:48:24Z,1,ConaMoore,gaming,2025-05-25T19:56:10.579646Z
ms1f8vy,1kl97lb,reddit,Max Payne 2 : The Fall of Max Payne,2025-05-13T04:35:55Z,1,DexLeMaffo,gaming,2025-05-25T19:56:10.579655Z
ms1fibh,1kl97lb,reddit,Bethesda games,2025-05-13T04:37:54Z,1,Littletweeter5,gaming,2025-05-25T19:56:10.579664Z
ms1t7n2,1kl97lb,reddit,"It's mostly fun if you find a good group rather than by yourself, but Arma 3 fools you into a sense of normalcy with its milsim nature only to surprise you with (unintended) reality-breaking ragdoll physics and pinball vehicles.",2025-05-13T06:37:42Z,1,Open-Swimmer-1755,gaming,2025-05-25T19:56:10.579673Z
ms27192,1kl97lb,reddit,Oblivion,2025-05-13T08:59:08Z,1,Flanelman2,gaming,2025-05-25T19:56:10.579682Z
ms3ive8,1kl97lb,reddit,"Gotta throw in My Summer Car. The physics are so wonky that assembling the car feels like a fever dream, but somehow it’s hilarious when your engine explodes because you forgot a bolt.",2025-05-13T14:33:40Z,1,briefcaseW,gaming,2025-05-25T19:56:10.579691Z
ms3lxqh,1kl97lb,reddit,"I mean, most [Rockstar Games](https://media1.tenor.com/m/sh9SgARkVe8AAAAd/physics-red.gif) will - eventually - wig out if you try to move too fast or push hard enough to break something

And then there's the entirety of Bethesda's output xD",2025-05-13T14:49:00Z,1,2Scribble,gaming,2025-05-25T19:56:10.579699Z
ms59zzv,1kl97lb,reddit,Dark Messiah of Might and Magic there's even a kick button.,2025-05-13T19:39:00Z,1,Beytran70,gaming,2025-05-25T19:56:10.579708Z
ms69z9t,1kl97lb,reddit,"Kerbal Space Program has \*mostly\* great physics, but when things do get janky it can be quite hilarious. And you can use the otherwise-good physics to create quite a bit of intentional jank.",2025-05-13T22:42:13Z,1,bscotchAdam,gaming,2025-05-25T19:56:10.579716Z
ms6xlbf,1kl97lb,reddit,Wobbly Life,2025-05-14T00:59:14Z,1,PsychoFaithful,gaming,2025-05-25T19:56:10.579725Z
ms7vn24,1kl97lb,reddit,QWOP,2025-05-14T04:37:10Z,1,rockman_x,gaming,2025-05-25T19:56:10.579734Z
ms8vyko,1kl97lb,reddit,Half Sword,2025-05-14T10:29:42Z,1,Front-Bird8971,gaming,2025-05-25T19:56:10.579743Z
mr4qlr1,1kh6y0n,reddit,"Star Craft 2 has an excellent CO-OP feature! Might be tough for a 9 year old, but it is GREAT.",2025-05-07T20:43:17Z,15,BronzyPuppet92,gaming,2025-05-25T19:56:11.596256Z
mr4m6iz,1kh6y0n,reddit,I think the widest available easy entry point to RTS is likely Halo Wars. Much easier than CnC or Starcraft.,2025-05-07T20:22:56Z,6,conker2021,gaming,2025-05-25T19:56:11.596265Z
mr4zeop,1kh6y0n,reddit,Age of mythology would be a good one. Pretty straight forward.,2025-05-07T21:25:26Z,4,Sackmastertap,gaming,2025-05-25T19:56:11.596272Z
mr55h4r,1kh6y0n,reddit,"You could play age of empires (or maybe age of mythology, because mythological beasts are dope) skirmish against your son and just let them play around without worrying that someone will attack them.

I once played a custom rule with my brother. We selected a small map and the goal was to collect all the resources on the map. No attacking or infinite resources (like farms) allowed. After we cleaned up the whole map we ended the game and looked who gathered the most resources.",2025-05-07T21:56:49Z,4,Siukslinis_acc,gaming,2025-05-25T19:56:11.596278Z
mr4ixst,1kh6y0n,reddit,"This is going to sound crazy, but the Wargame series. There is no resource production, you get a certain number of points every few minutes and can spend it on units that you pre-select in a ""deck"".

The co-op is excellent and the CPU can be easy to difficult. Very little Micro required either, it's more about tactics, combined arms, line of sight etc.",2025-05-07T20:07:13Z,3,AZData_Security,gaming,2025-05-25T19:56:11.596283Z
mr4j9hd,1kh6y0n,reddit,"BFME 2, Halo Wars are like my first RTS.
Anything where you can wall/barrier in for a set time too like the old C&C games or custom rules for anything else like AoE 🤷",2025-05-07T20:08:50Z,3,Nyx-i,gaming,2025-05-25T19:56:11.596290Z
mr4m42x,1kh6y0n,reddit,"Northgard would be great for this! There are two modes specifically for co-op, conquest and bifrost. Don't worry about the DLC clans at first, they go on sale for $1 regularly.",2025-05-07T20:22:37Z,3,dibella989,gaming,2025-05-25T19:56:11.596295Z
mr6pfbm,1kh6y0n,reddit,"Warhammer 40K. Dawn of War.
(Just pray he doesn't learn about the tabletop.)

Command & Conquer
(Any or all)

Stellaris
(If he likes space)",2025-05-08T03:23:55Z,3,Kamina_cicada,gaming,2025-05-25T19:56:11.596302Z
mr6t2km,1kh6y0n,reddit,Age of Empires 3 has a cool map where there's a big ocean in the middle and I remember playing 2v2 on that ALL the time when I was younger. Could do that against computer. Gives your son a nice big time to build before worrying about enemy hitting land.,2025-05-08T03:49:25Z,3,florodude,gaming,2025-05-25T19:56:11.596310Z
mr4l6pg,1kh6y0n,reddit,"There's a /r/RealTimeStrategy subreddit! The enthusiasts there might have some good ideas. 

I first learned with Warcraft 1 when I was about your kid's age, by myself though, unfortunately. C&C: Red Alert 3 has a co-op campaign. I know there are others but my brain's not letting me remember any.",2025-05-07T20:18:10Z,2,Zaemz,gaming,2025-05-25T19:56:11.596315Z
mrcwx8q,1kh6y0n,reddit,A little more niche but Halo wars slaps,2025-05-09T02:55:05Z,2,Mormanades,gaming,2025-05-25T19:56:11.596322Z
mrd7q7r,1kh6y0n,reddit,Original StarCraft. I think you can get it free from Blizzard but there’s also a remastered version that you pay for.,2025-05-09T04:13:50Z,2,PantherX69,gaming,2025-05-25T19:56:11.596328Z
mr5om21,1kh6y0n,reddit,Halo wars,2025-05-07T23:44:05Z,2,ausgirl86,gaming,2025-05-25T19:56:11.596335Z
mr4j4tg,1kh6y0n,reddit,Godsworn is a good choice imo. Or starcraft 2,2025-05-07T20:08:11Z,1,SickDarius,gaming,2025-05-25T19:56:11.596342Z
mr4tv0c,1kh6y0n,reddit,"I'd say start with something really basic that fits his interests. A graphic adventure would be ideal if that kind of thing appeals to him. Something like Day of the Tentacle Remastered would be ideal to start. Maybe a Yugioh card game? Heroes of the Storm, especially with Cho'gall would be a nice last step before going for an RTS.",2025-05-07T20:58:26Z,1,Kotanan,gaming,2025-05-25T19:56:11.596348Z
mr4xdu0,1kh6y0n,reddit,"I played C&C, AOE, Starcraft, Warcraft when I was 11. I'm pretty sure your child should be able to pick it up at his age now considering how much more exposed kids are with technology compared to our time. If I'm not mistaken Starcraft 1 is free in Battlenet that both you and him can co-op to fight against some bots?",2025-05-07T21:15:19Z,1,zerosixonefive,gaming,2025-05-25T19:56:11.596355Z
mr5b8bt,1kh6y0n,reddit,Dawn of war  1 with easy enemies x,2025-05-07T22:28:24Z,1,Ok_Song4090,gaming,2025-05-25T19:56:11.596362Z
mr5c2bg,1kh6y0n,reddit,"9-Bit armies and Red Alert 3 have co-op campaigns and both have highly customisable skirmish options (penalties on AI, economy options and what not). Both games have a very vibrant colour palette that may be more appealing for a child.",2025-05-07T22:33:07Z,1,Pockysocks,gaming,2025-05-25T19:56:11.596369Z
mr5l0kx,1kh6y0n,reddit,Age of Empires 4. I was playing the first one at 9 years old in 1999,2025-05-07T23:24:00Z,1,Influence_X,gaming,2025-05-25T19:56:11.596375Z
mr6faq5,1kh6y0n,reddit,Start with the classic age of empires 2. I'd start my kid on that. Learn some history too.,2025-05-08T02:18:35Z,1,Probicus,gaming,2025-05-25T19:56:11.596382Z
mr6qvj7,1kh6y0n,reddit,"I think the total war Warhammer games are pretty great for beginners because most fights have an auto resolve feature you can use which makes it so you don't have to do basically any fight you don't want to, so if he sees that the auto resolve says it's a victory then he can try to do it himself and is far more likely to win.",2025-05-08T03:33:54Z,1,waferking42,gaming,2025-05-25T19:56:11.596389Z
mr6xtqc,1kh6y0n,reddit,"Zero-K is a free RTS inspired by Total Annihilation. Might be a little complex for a beginner but on the lower difficulties its very easy and has a great range of units and deformable terrain, plus a tutorial style campaign that does a good job at slowly introducing more units and how to use them.   
Homeworld is an amazing space RTS series that looks incredible and is a lot of fun, but again probably a bit on the more complicated side, depending your 3d spatial conceptualisation.   
Starcraft is an old favourite too.",2025-05-08T04:25:11Z,1,MortisEx,gaming,2025-05-25T19:56:11.596397Z
mr7ll5o,1kh6y0n,reddit,Doesn't Red Alert 3 have an entire co-op campaign?,2025-05-08T08:09:44Z,1,DS_Inferno,gaming,2025-05-25T19:56:11.596404Z
mr7yp3q,1kh6y0n,reddit,I managed with most quicker paced rts games growing up. Command and conquer is still the fave.,2025-05-08T10:24:33Z,1,SirColdTea,gaming,2025-05-25T19:56:11.596410Z
mr82b03,1kh6y0n,reddit,All I can come up with is Red Alert 3. It had coop campaign but you'll need to tweak it and install additional soft to make it work since official servers are no longer available,2025-05-08T10:55:18Z,1,Lash_Sirby,gaming,2025-05-25T19:56:11.596418Z
mr90ysr,1kh6y0n,reddit,"My first experience was Starcraft, though I was a bit older than 9. Maybe 11 or 12ish. From there I moved on to Age of Empires and Command and Conquer as well. I didn't play Warcraft until later and didn't like it so much.

RTS is kinda hard to break into without any prior PC gaming experience. You might want to start him off on another genre just to get comfortable with the Mouse and Keyboard first. I know I was already playing a bunch of other PC games before I tried Starcraft so the controls felt natural to me even though I never played it before.",2025-05-08T14:28:02Z,1,VCJunky,gaming,2025-05-25T19:56:11.596423Z
mr92qui,1kh6y0n,reddit,"Age of empires 3. It has a sandbox mode, where you can just focus on the building aspect. And it has a treaty mode where you can put a timer on that makes it that you and the computer can't attack (for example) for 30 minutes.",2025-05-08T14:36:54Z,1,Interesting_Word_546,gaming,2025-05-25T19:56:11.596430Z
mri8ccl,1kh6y0n,reddit,consider Factorio.  It'll help develop map awareness and M&K controls with a little bit of combat.,2025-05-09T23:44:07Z,1,extortioncontortion,gaming,2025-05-25T19:56:11.596436Z
mrj87ws,1kh6y0n,reddit,Halo Wars or Halo Wars 2. Playable with game pad even. 🎮,2025-05-10T03:39:19Z,1,ZeeBuffer,gaming,2025-05-25T19:56:11.596442Z
mr4i3se,1kh6y0n,reddit,Mini empires on Roblox.,2025-05-07T20:03:07Z,1,Shaber1011,gaming,2025-05-25T19:56:11.596449Z
mr4i305,1kh6y0n,reddit,I would start him in something like Minecraft to get use to keyboard and mouse.   Worked well for my kids.,2025-05-07T20:03:00Z,0,ScrewWorkn,gaming,2025-05-25T19:56:11.596456Z
mq10un8,1kbrt8z,reddit,All I want is better writing than 3... Please make the story good.,2025-05-01T14:54:39Z,7,NotVainest,gaming,2025-05-25T19:56:12.890860Z
mpx23ns,1kbrt8z,reddit,looks neat despite a wild randy sighting but i wish they could have shown what next to no loading time looks like,2025-04-30T22:06:29Z,26,farbekrieg,gaming,2025-05-25T19:56:12.890873Z
mq0ofg3,1kbrt8z,reddit,Looks like they significantly decreased all that visual pollution which is fantastic. BL3 and TTWL were hard for me to look at after a while.,2025-05-01T13:51:30Z,10,trephine50,gaming,2025-05-25T19:56:12.890882Z
mpz0sev,1kbrt8z,reddit,3 was just so cringe i dont see myself playing the 4th,2025-05-01T05:24:43Z,15,trizthefren,gaming,2025-05-25T19:56:12.890890Z
mpz5583,1kbrt8z,reddit,I’d buy that for a dollar,2025-05-01T06:04:46Z,9,MasterUmmBees,gaming,2025-05-25T19:56:12.890900Z
mpwzgud,1kbrt8z,reddit,I already have the week off for this launch 😍,2025-04-30T21:52:31Z,11,snugglesmacks,gaming,2025-05-25T19:56:12.890909Z
mq5s8tp,1kbrt8z,reddit,I'll buy it only if there is a mode with no story -- NPCs constantly babbling is so annoying when you coop,2025-05-02T07:42:58Z,2,Goupilverse,gaming,2025-05-25T19:56:12.890918Z
mq1a6xl,1kbrt8z,reddit,Can anyone just be fucking positive about a sequel these days? I think this looks awesome.,2025-05-01T15:40:22Z,-2,stead10,gaming,2025-05-25T19:56:12.890927Z
mq3jphx,1kbrt8z,reddit,I don't understand how people can still be excited for these games.,2025-05-01T22:22:36Z,-4,FlamingGnats,gaming,2025-05-25T19:56:12.890935Z
mpwx88x,1kbrt8z,reddit,"I'll admit. I laughed at ""Tim"". You have my attention",2025-04-30T21:40:49Z,-10,Dr_Popodopolus,gaming,2025-05-25T19:56:12.890944Z
mpx8xna,1kbrt8z,reddit,"No Brothers in Arms news yet.

YOU WANT ME? FUARKING TAKE ME. TAKE MEEEEEEEEEEEE!!!",2025-04-30T22:44:35Z,-15,N/A,gaming,2025-05-25T19:56:12.890952Z
mpym7sk,1kbrt8z,reddit,[deleted],2025-05-01T03:34:15Z,-55,N/A,gaming,2025-05-25T19:56:12.890961Z
mpksg6l,1kaayoa,reddit,https://en.wikipedia.org/wiki/E.V.O.:_Search_for_Eden,2025-04-29T00:27:24Z,55,TheParadoxigm,gaming,2025-05-25T19:56:13.908602Z
mpksq99,1kaayoa,reddit, E.V.O.: Search for Eden,2025-04-29T00:29:02Z,7,jerwong,gaming,2025-05-25T19:56:13.908614Z
mpkx30t,1kaayoa,reddit,"I remember the hitboxes and hit stun being absolutely nightmarish. Whether you were a long necked dinosaur or a human with a stone axe, there were enemies that bordered on unhittable, and bosses like the giant bee could get you to 0 from max health in seconds because you were locked in place.",2025-04-29T00:54:27Z,5,AmazingMrSaturn,gaming,2025-05-25T19:56:13.908622Z
mplecrm,1kaayoa,reddit,"I started to scroll past this, thought what if its for EVO, as thats the old school game i always randomly miss, and i scroll back and i was right ha ha.  Such a great game from time long past",2025-04-29T02:36:11Z,4,locofspades,gaming,2025-05-25T19:56:13.908630Z
mpksshy,1kaayoa,reddit,"And if the listed answer isn't the one you're looking for, the best sub for this is r/tipofmyjoystick 

A sub whose specialty is answering ""what was this game, it's right on the tip of my...""",2025-04-29T00:29:23Z,8,Darkstar7613,gaming,2025-05-25T19:56:13.908638Z
mpkw39t,1kaayoa,reddit,"I went to the end of the game as a Dino, human sucks.",2025-04-29T00:48:40Z,6,MizuhoChan,gaming,2025-05-25T19:56:13.908646Z
mpkt3ct,1kaayoa,reddit,"My fav SNES game.


First grindy game and taught me about evolution.",2025-04-29T00:31:09Z,5,OrangeYawn,gaming,2025-05-25T19:56:13.908654Z
mpqy3ri,1kaayoa,reddit,"Yeah, E.V.O. Super grindy, but so, so worth it.",2025-04-29T23:20:03Z,2,Pure-Mycologist193,gaming,2025-05-25T19:56:13.908661Z
mpkytd6,1kaayoa,reddit,"As everyone has mentioned, it's EVO. And I loved that game as a kid, and as a teenager, and as an adult. Amazing game, and it did teach me in it's own way about evolution. Just like SIM Earth taught me about global warming, cooling, evolution, algae blooms, natural disasters, and poking Gaia in the eye.

I'm really glad other people remember the game as well. The sprite design on it's own was beautiful.",2025-04-29T01:04:40Z,3,Vern1138,gaming,2025-05-25T19:56:13.908669Z
mpso9jt,1kaayoa,reddit,"Ah yes, EVO. You had a good childhood. That game actually had a banger soundtrack too.",2025-04-30T05:59:43Z,1,VCJunky,gaming,2025-05-25T19:56:13.908678Z
mrzuul1,1kl68zu,reddit,"Legend of Grimrock, if somehow you haven't come across it yet",2025-05-12T22:52:32Z,8,JoshMakingGames,gaming,2025-05-25T19:56:14.918180Z
mrzwv52,1kl68zu,reddit,Undernauts: Labyrinth of Yomi.,2025-05-12T23:04:11Z,5,origami_snake,gaming,2025-05-25T19:56:14.918190Z
ms36zta,1kl68zu,reddit,"Barony is a good one. But it is on the harder and unforgiving side, plus has full coop support.",2025-05-13T13:31:23Z,2,TheRobot99,gaming,2025-05-25T19:56:14.918196Z
ms0u57r,1kl68zu,reddit,Y'all remember Arcana on SNES?,2025-05-13T02:14:09Z,4,DJ_K-K,gaming,2025-05-25T19:56:14.918202Z
ms00oox,1kl68zu,reddit,"NIS America published a few titles that I liked, Labyrinth of Refrain and Labyrinth of Galleria I loved it.

Other dungeon crawlers published by NIS that I played are Operation Babel games, Stranger of Sword City and Saviors of Sapphire Wings, these ones are not as great as the ones I mentioned above but it might be worth mentioning.

Then we have Mary Skelter games made by Idea Factory, they are great dungeon crawlers.

7th Dragon series is pretty good also, but they are not on PC unfortunately, only on consoles.

One that I actually played recently on steam is called Touhou Artificial Dream in Arcadia, it's a Touhou fangame, if you are familiar with Touhou you are gonna like this, but even if you are not, judging by dungeon crawler mechanics alone, I think this game is pretty good and charming.

I might also mention Undernauts, I feel like this one is more obscure than others but I liked it.

And finally to finish this list off, you can check out Class of Heroes games, they were initially for consoles only, but they got a PC port recently, you can find them on steam.

I guess that's good enough for now, I hope you find something you didn't play it yet here.",2025-05-12T23:25:46Z,3,Lipefe2018,gaming,2025-05-25T19:56:14.918209Z
ms4p6wd,1kl68zu,reddit,"Obligatory Persona Q mention if you liked Etrian Odyseey, since thats basically a crossover game between the two series.",2025-05-13T17:58:26Z,1,Kamakaziturtle,gaming,2025-05-25T19:56:14.918216Z
ms4yzm4,1kl68zu,reddit,"SMT Strange Journey is very similar to Etrian Odyssey (also Atlus). IDK if I'd call it modern as it came out in 2009, and you basically have to emulate it at this point unless you wanna shell out for a physical copy on DS/3DS. But if you missed it, it's a good one! 

Lunacid was really fun but is less of a Etrian Odyssey thing and more of a King's Field thing. 

  
Wizardy had a remake come out like a year ago, I havent tried it myself, but maybe give it a look.",2025-05-13T18:45:09Z,1,HadesWTF,gaming,2025-05-25T19:56:14.918223Z
ms58itt,1kl68zu,reddit,"Dunno about battle system, but I enjoyed ""operencia: the stolen sun"".

Also, ""cryptmaster"" looks interesting.",2025-05-13T19:31:38Z,1,Siukslinis_acc,gaming,2025-05-25T19:56:14.918229Z
ms5ngdc,1kl68zu,reddit,How modern? Might and Magic X just got Steam achievements. It's pretty fun.,2025-05-13T20:43:27Z,1,mrjane7,gaming,2025-05-25T19:56:14.918235Z
ms61ssz,1kl68zu,reddit,"I miss the AD&D Eye of the Beholder series. Those games had such an awesome atmosphere. The only thing I can think of is Legends of Gimrock, which is basically just like another Eye game.",2025-05-13T21:56:56Z,1,ISpewVitriol,gaming,2025-05-25T19:56:14.918242Z
ms8b3j9,1kl68zu,reddit,I’d advise you to get your hands on a Vita because there are like 15 of these on there.,2025-05-14T06:56:08Z,1,Less_Party,gaming,2025-05-25T19:56:14.918250Z
mscs9b7,1kl68zu,reddit,"Might & Magic series. If you're ok with old school you can start with 3, otherwise 6, 7 and 8 are true classics.",2025-05-14T22:56:15Z,1,Additional-Duty-5399,gaming,2025-05-25T19:56:14.918256Z
mrztt4i,1kl68zu,reddit,"Zanki Zero seems fun and has a unique setting.

I've only played 1 chapter so far though",2025-05-12T22:46:36Z,1,Vadun,gaming,2025-05-25T19:56:14.918262Z
ms05caq,1kl68zu,reddit,Someone has already recommended Legend of Grimrock which is a solid pick. Another similar game I had a great time with and is pretty cheap is Devil Spire.,2025-05-12T23:50:52Z,1,Fluffy-Traffic4778,gaming,2025-05-25T19:56:14.918268Z
ms0dp13,1kl68zu,reddit,I played Tower of Mask and really enjoyed it. It’s cheap but has some creative new gimmicks. Not a long game but fun.,2025-05-13T00:38:29Z,1,Vathrik,gaming,2025-05-25T19:56:14.918275Z
ms0iw0e,1kl68zu,reddit,"If you enjoy FP dungeon crawlers with more of a focus on puzzles, Vaporum and Vaporum: Lockdown are great. Very BioShock-esque atmosphere too.",2025-05-13T01:09:17Z,1,Pedagogicaltaffer,gaming,2025-05-25T19:56:14.918282Z
ms1yqwr,1kl68zu,reddit,"Demon Gaze, Labyrinth of Refrain/Galleria, Undernauts, Zanki Zero comes to mind.

I havent played these fully, but theres also Operation Abyss, Mary Skelter, Stranger of Sword City, The Lost Child.",2025-05-13T07:32:37Z,1,adelkander,gaming,2025-05-25T19:56:14.918288Z
mrztrvh,1kl68zu,reddit,"Sorry I don’t have any recommendations, but I’m interested in what others have to suggest.",2025-05-12T22:46:24Z,0,AbundlaSticks,gaming,2025-05-25T19:56:14.918295Z
mrjdr39,1kj1ktc,reddit,"Seems interesting. 

I love Earthbound but hate Undertale so that comparison is a double edged sword to me.",2025-05-10T04:21:39Z,2,jaywinner,gaming,2025-05-25T19:56:15.811865Z
mrklav8,1kj1ktc,reddit,"Look outside has been really good, definitely worth the price. I've had a lot of fun with it but haven't really had time to finish it, I think I'm like maybe half way through? Will definitely be finishing it at some point",2025-05-10T11:18:02Z,2,itsatrapinch_ttv,gaming,2025-05-25T19:56:15.811877Z
mrjc8yp,1kj1ktc,reddit,"Bought,  haven't played yet because Oblivion and E33",2025-05-10T04:09:53Z,1,PhoenixTineldyer,gaming,2025-05-25T19:56:15.811884Z
mrnsvc9,1kj1ktc,reddit,Is it turn based combat?,2025-05-10T22:42:46Z,1,AIpheratz,gaming,2025-05-25T19:56:15.811891Z
mr9ro59,1khtbtd,reddit,"The plasma pistol is pretty useless in Halo campaigns on the easier difficulties (outside of disabling vehicles I guess), but being able to 2-shot elites with it is a godsend on Legendary. ",2025-05-08T16:38:41Z,19,NepheliLouxWarrior,gaming,2025-05-25T19:56:17.151427Z
mr9k3jt,1khtbtd,reddit,"In most Pokemon games, any move that isn't an attack is pretty unnecessary. Because you will oneshot most encounters anyway.

It takes challenges or romhacks/fangames or tournaments for utility moves to truly become important or useful to use.",2025-05-08T16:01:17Z,26,Mad_Moodin,gaming,2025-05-25T19:56:17.151449Z
mra44dx,1khtbtd,reddit,"The main mechanic of the Atelier RPG games is its alchemy system, for crafting consumables and equipment. But unless you're playing on one of the unlockable difficulties, you barely need to engage with the system, and just auto-crafting your way through normal mode is a valid way of beating it",2025-05-08T17:38:32Z,7,Rouge_means_red,gaming,2025-05-25T19:56:17.151464Z
mraaio3,1khtbtd,reddit,"I'd say most of the character action sub-genre falls into this boat, with the deeper tools/tech being mostly/completely irrelevant on lower difficulties but key to success on higher difficulties.

Maybe one of the best examples is Dodge Offset in Bayonetta 1. If you hold attack during a dodge it will save your place in the combo string and let you start from there after dodging. On lower difficulties it's not really that useful, you have Witch Time after all (complete time stop when perfectly dodging an attack.) There isn't even an in-game explanation on the tutorial level explaining how offset works.

But on the max difficulty the game disables Witch Time (outside of specific actions/moments) and most of the enemy lineup is replaced with ""large"" body type enemies who don't react to your hits and will just combo as they see fit. So your only competent option for actually executing combo strings is by making use of dodge offset. 

Speaking from personal experience the max difficulty is incredibly painful and feels near impossible until you understand this.",2025-05-08T18:08:55Z,5,Jellozz,gaming,2025-05-25T19:56:17.151478Z
mrairmx,1khtbtd,reddit,"Alien Isolation, on easier difficulties it’s not too hard to sneak around and occasionally use item or two to get away.

On Nightmare I had such unbelievably limited resources I found myself using the smoke bombs wayyy more because they were cheap to craft and unbelievably useful. Similarly I found myself using electrical rewires on the map to create smoke, placing flares in a location and then purposefully backtracking to a different spot etc

I’m never playing that game on nightmare again but I definitely used totally different tools and had a different play style then my first play through.",2025-05-08T18:49:09Z,4,QueenStuff,gaming,2025-05-25T19:56:17.151493Z
mr9h0n4,1khtbtd,reddit,In Persona the bonus damage from hitting Technicals and Weak Points on higher difficulties is increased,2025-05-08T15:46:30Z,8,UnsorryCanadian,gaming,2025-05-25T19:56:17.151507Z
mrb8h0e,1khtbtd,reddit,Payday 2 has perk decks that either require you to kill a bunch of shit or be surrounded by enemies. On lower difficulties there simply isn't enough enemies to activate your perks consistently. So some of those decks barely function until higher difficulties where you're fighting off an entire state's worth of cops,2025-05-08T20:55:44Z,3,MJR_Poltergeist,gaming,2025-05-25T19:56:17.151521Z
mr9hmob,1khtbtd,reddit,"The Sengoku Basara games have a few attacks that convert enemies to your side. The attack itself deals damage though so if the enemy is too weak, they'll die before being converted.",2025-05-08T15:49:26Z,6,Pawn_Of_Fate,gaming,2025-05-25T19:56:17.152371Z
mr9j3y6,1khtbtd,reddit,"From that title I was like “I’m not sure what this guys actually asking, but the answer is probably car mechanic simulator”.

Then I realized what you meant by mechanics/tools.",2025-05-08T15:56:31Z,6,supermancini,gaming,2025-05-25T19:56:17.152397Z
mr9jmu4,1khtbtd,reddit,[deleted],2025-05-08T15:59:02Z,2,N/A,gaming,2025-05-25T19:56:17.152413Z
mrat971,1khtbtd,reddit,"It comes out in every single game that allows options of choice where health and damage gets scaled.

one can dislike back4blood for many reasons, but one of the laziest slop reviews i saw was gmanlives complaining that you had no reason to take anything other than an SMG, because he only played on recruit the lowest difficulty and refused to play on higher.

Its why you need to play on certain difficulties to play certain playstyles, one that came to me was when i played remnant 1 dlc with a friend and we put it on nightmare mode which made enemies far tougher, which allowed my friend to play a sniper build to deal with big enemies, and i made a status effect build that reduced the armor values of all enemies while dealing spread damage, which before that playing on lower difficulties there was zero point in doing.

The bad side to this is kinda how silly it can get, by that i mean slag from BL2 became kinda a prime target for this as on the lower difficulties it was like +100% damage but you didnt need it, and on the hardest difficulty it became +200% more damage so you kinda ""had to"" use slag or you were losing out on a ton of damage.

the modern doom games also in some parts has a similar problem where on harder difficulties there is a ""correct way"" to kill enemies because all other options is a nerfgun and this option is a oneshot, which at that point its not really a choice anymore in how you deal with the enemy, and could just as well have been replaced with a button prompt saying ""oneshot now""",2025-05-08T19:41:08Z,2,ZoulsGaming,gaming,2025-05-25T19:56:17.152509Z
mrbu580,1khtbtd,reddit,"The ability to retreat/evacuate a mission in XCOM 1/2 is probably never used by anyone not doing an Iron Man run, but when you take away the ability to revert to an earlier save, you begin to see the value in taking a tactical loss (losing a mission) in exchange for keeping more of your squad alive to fight another day and preserve your overall run.

Iron Man is brutal, but mechanics like that really bring the strategic layer to life in a way that most similar games can't ever match.",2025-05-08T22:55:13Z,2,EaterOfPenguins,gaming,2025-05-25T19:56:17.152750Z
mrdvg1t,1khtbtd,reddit,"In Nioh you don't really need crafting/upgrading on your first playthrough. It's kinda tedious and not worth it since gear gets outdated quickly.

But it becomes a core mechanic on higher difficulties and most people can't progress without using it.",2025-05-09T07:54:24Z,2,meero_mdk,gaming,2025-05-25T19:56:17.152765Z
mrf07vz,1khtbtd,reddit,"Kingdom Hearts 2 is the epitome of this. On anything below Critical, you can just press X and triangle to win the whole game. This is why Xaldin is typically a wall for casual players, he's the only boss that demands you press square before you press triangle to win.

On Critical, you'll actually have to make use of things like magic, summons, and items that are completely ignorable otherwise. You'll also need to become familiar with the completely hidden, but essential, Revenge Value system that bosses have.",2025-05-09T13:29:27Z,2,Deldris,gaming,2025-05-25T19:56:17.152781Z
mr9iwmv,1khtbtd,reddit,"Eating, drinking, and associated effects",2025-05-08T15:55:32Z,4,raisedeyebrow4891,gaming,2025-05-25T19:56:17.152796Z
mr9r6dc,1khtbtd,reddit,Un call of duty black ops 6 zombie a lot of the stuff become really good when playing un guided,2025-05-08T16:36:16Z,1,bwedlo,gaming,2025-05-25T19:56:17.152813Z
mrac07f,1khtbtd,reddit,"This is a bit tangential, but I think some League of Legends champions might fit this description. 

There are a few characters that just seem bad in low elo, but they're actually pretty good in high elo games.

I'm afraid to give out specific examples because that game seems to change all the time (also I haven't played in years and I was never that good anyway), but Aurelion Sol always seemed to fit that description.",2025-05-08T18:16:05Z,1,mooman860,gaming,2025-05-25T19:56:17.152829Z
mraqv8k,1khtbtd,reddit,What??? The magnum in L4D2 is king regardless of difficulty,2025-05-08T19:29:15Z,1,Luddite_Literature,gaming,2025-05-25T19:56:17.152844Z
mrdfd5j,1khtbtd,reddit,"I would say that settlement system in fallout 4 is good benefit in survival mode, because it gives you reason to build settlements even if it for you dump your loot, grow your crops or save your game",2025-05-09T05:17:12Z,1,Ok_Mouse_2203,gaming,2025-05-25T19:56:17.152860Z
mrdirmw,1khtbtd,reddit,"In Balatro, certain jokers and cards destroy other jokers. on certain difficulties, there are modified jokers called eternal jokers. they cannot be sold or destroyed. if you use a card that would destroy a non-eternal joker, it wouldn’t be destroyed.",2025-05-09T05:47:17Z,1,jimothy23123,gaming,2025-05-25T19:56:17.152875Z
mrdvgik,1khtbtd,reddit,"Weapon arts are nice to have on lower difficulties in Fire Emblem Three Houses, but they become your main tool for dealing with enemies on Maddening because they become such stat balls that your own units just can't contend with generally. 

The same thing is true for gambits, which on lower difficulties are mostly just for monster enemies. On Maddening they are much more useful to stall all enemies since killing huge groups in one turn is a lot harder.",2025-05-09T07:54:33Z,1,Nikita2337,gaming,2025-05-25T19:56:17.152891Z
mre6hix,1khtbtd,reddit,"Temp buffs (potions, weapon oils, special food, etc)

Parrying",2025-05-09T09:52:12Z,1,nailbunny2000,gaming,2025-05-25T19:56:17.152906Z
mrlfe1f,1khtbtd,reddit,"In Minecraft, the chance of a zombie turning a villager into a zombie goes up with the difficulty. The expectation is that by doing this, villages at night become harder to defend. But in reality, it makes zombifying and curing villagers for discounts far easier.",2025-05-10T14:38:23Z,1,imperfect_imp,gaming,2025-05-25T19:56:17.152922Z
mr9wltr,1khtbtd,reddit,"While it's never outright *bad,* the default sidearm in Robocop: Rogue City becomes god-tier with later-game upgrades.",2025-05-08T17:02:23Z,0,entity2,gaming,2025-05-25T19:56:17.152939Z
mr62rap,1khdoiu,reddit,"What are ""all platforms""? YouTube only shows 81 million views, which is a lot, but a far cry from their claim that half a billion people watched it.",2025-05-08T01:07:01Z,16,Paperdiego,gaming,2025-05-25T19:56:18.162332Z
mr62bcs,1khdoiu,reddit,"> Rockstar released the second trailer for Grand Theft Auto VI on Tuesday, and the company tells The Hollywood Reporter that it has received over 475 million views across platforms.

> For comparison, the first trailer for the game, which was released all the way back in 2023, saw a relatively modest 93 million views in the same window (that trailer was a YouTube exclusive, and the biggest non-music video launch at the time on the platform). The company claims that the trailer release is the biggest video launch of all time. In the film space, the Deadpool & Wolverine trailer debuted to 365 million views in its first 24 hours, while The Fantastic Four: First Steps debuted to more than 200 million.

> And that demand extends to the soundtrack. The trailer’s featured song was “Hot Together” by The Pointer Sisters (written by Sharon Robinson), and Spotify says that streams of the song soared by 182,000% since its release (no, that isn’t a typo). GTA games feature music heavily via the in-game radio stations, on missions and in cut scenes.",2025-05-08T01:04:26Z,4,ReaddittiddeR,gaming,2025-05-25T19:56:18.162340Z
mr6q76a,1khdoiu,reddit,Breaking it's own record😂,2025-05-08T03:29:11Z,2,Sohailsp10,gaming,2025-05-25T19:56:18.162345Z
mr6bnr3,1khdoiu,reddit,"I'm guessing this figure also includes various streaming platforms like TIKTOK, BILLBILL, etc. platforms.",2025-05-08T01:57:07Z,1,chuxuanyi9,gaming,2025-05-25T19:56:18.162349Z
mr6uk5f,1khdoiu,reddit,"At least 3 of those views are mine, can't wait to get my mitts on this. I have to say this GTA looks to appeal the most to anyone looking for a little relationship romance with their nefarious criminal deeds.",2025-05-08T04:00:21Z,1,MazaFox94,gaming,2025-05-25T19:56:18.162352Z
mrux6xo,1khdoiu,reddit,Whole lotta nothing in that trailer,2025-05-12T03:44:27Z,1,Edrunner2049,gaming,2025-05-25T19:56:18.162356Z
mr6igr2,1khdoiu,reddit,"Now I kinda feel proud to have seen it when it was at around 25,000 views. I feel like I'm in a special club.",2025-05-08T02:38:02Z,0,entity2,gaming,2025-05-25T19:56:18.162360Z
mr6l5e3,1khdoiu,reddit,"its not gonna be any different from the past 5 gtas... PS5 kids think its amazing bc they barely eat anymore... Xbox kids are anorexic 


the girl is almost fat too.. not that good",2025-05-08T02:55:11Z,-6,Upper-Window-6608,gaming,2025-05-25T19:56:18.162363Z
mrs5jqb,1khdoiu,reddit,"GTA 6 won't shut down gaming.
It won't have a 1000 hour campaign.
The online will have some kind of paywall or mission timer to prevent you from playing 48 hours straight.

Relax.",2025-05-11T17:41:55Z,-6,Next_Adeptness8574,gaming,2025-05-25T19:56:18.162367Z
mpe1yzi,1k9fpiv,reddit,"Prey 2017 has Mooncrash, which is a roguelike",2025-04-27T22:37:21Z,7,080087,gaming,2025-05-25T19:56:19.213431Z
mpe37v2,1k9fpiv,reddit,cod zombies?,2025-04-27T22:44:09Z,6,miraklee,gaming,2025-05-25T19:56:19.213437Z
mpethwh,1k9fpiv,reddit,"Yakuza/Like a Dragon are stacked with minigames soo fleshed out, they're sidegames in their own right, I feel it fits this criteria perfectly ",2025-04-28T01:21:18Z,5,thechickenpriest,gaming,2025-05-25T19:56:19.213442Z
mpdvizr,1k9fpiv,reddit,Gwent,2025-04-27T22:02:05Z,6,dubbzy104,gaming,2025-05-25T19:56:19.213446Z
mpe4tbf,1k9fpiv,reddit,"Hitman: World of Tomorrow is awesome enough as it is, and then they went and added Escalations.",2025-04-27T22:53:07Z,3,twonha,gaming,2025-05-25T19:56:19.213449Z
mpecnpj,1k9fpiv,reddit,"Warframe, but it depends what you consider a “side mode” haha.",2025-04-27T23:38:42Z,3,JustPlayDaGame,gaming,2025-05-25T19:56:19.213453Z
mpecbc4,1k9fpiv,reddit,"Streets of Rage 4 with the Mr X Nightmare DLC

Portal 2 Co-op

Bloodstained RotN as Bloodless/Zangetsu and all the extra modes in that game",2025-04-27T23:36:41Z,2,Tormentigator,gaming,2025-05-25T19:56:19.213456Z
mpdvhij,1k9fpiv,reddit,I always immediately think of the side-scrolling beat em up mode in Tekken 3. Mortal Kombat's done a few but it never holds up as well on its own.,2025-04-27T22:01:52Z,3,I_Am_Sharticus_,gaming,2025-05-25T19:56:19.213460Z
mpeegxd,1k9fpiv,reddit,"The Last of Us II has the ""No return"" mode, i've been playing a few sessions and i'm having a lot of fun.",2025-04-27T23:49:19Z,1,david-deeeds,gaming,2025-05-25T19:56:19.213464Z
mpege6i,1k9fpiv,reddit,Don't know if it counts but I liked The Forgotten Saga in AC Valhalla.,2025-04-28T00:00:41Z,1,daddyjacobd,gaming,2025-05-25T19:56:19.213468Z
mpegfym,1k9fpiv,reddit,I like resident evil 4 remake arcade mode,2025-04-28T00:00:59Z,1,Opposite_Step7560,gaming,2025-05-25T19:56:19.213472Z
mpekoty,1k9fpiv,reddit,"Idk if this is the kinda stuff you are lookin for but maybe… 

Starcraft 2 coop mode. It takes normal campaign missions and adds more to them.

space marine 2 coop missions. They run parallel to the main story offering the perspectives of your allies as they support the protaganist

Riftbreaker is getting an overhaul soon that will add replayble randomly generated missions

Minecraft’s april fools update called ‘Craftmine’ offers a full roguelite experience",2025-04-28T00:26:55Z,1,Daldoria,gaming,2025-05-25T19:56:19.213475Z
mpg82z3,1k9fpiv,reddit,Far Cry 5 has some good modes especially the Vietnam mode was good,2025-04-28T08:10:48Z,1,Specific_Mine_7317,gaming,2025-05-25T19:56:19.213479Z
mpguiuc,1k9fpiv,reddit,Ghostwire Tokyo its DLC implimented a good roguelike,2025-04-28T11:47:34Z,1,xKagatox,gaming,2025-05-25T19:56:19.213483Z
mph4dp5,1k9fpiv,reddit,"Witcher 3.

You travel around from tavern to tavern building your Gwent deck by beating other players and buying cards from merchants.


Also there's a side quest where you find a girl and save the world or something.",2025-04-28T12:54:30Z,1,Random_Guy_47,gaming,2025-05-25T19:56:19.213487Z
mphhtrh,1k9fpiv,reddit,Yakuza series.,2025-04-28T14:12:18Z,1,ShopCartRicky,gaming,2025-05-25T19:56:19.213490Z
mpju6zs,1k9fpiv,reddit,"Less a game mode, but what comes to mind for me is the card game in Final Fantasy 8. I swear i put more hours playing cards than i did the main story.",2025-04-28T21:13:09Z,1,ImtheKingofUP,gaming,2025-05-25T19:56:19.213494Z
mpkwtjt,1k9fpiv,reddit,I put a lot of hours into Chao Garden in Sonic Adventure 2.,2025-04-29T00:52:56Z,1,Kinglurker2,gaming,2025-05-25T19:56:19.213497Z
mpmq9jc,1k9fpiv,reddit,"Ff8 / 14 / maybe others card game

Ffx water ball game",2025-04-29T09:26:19Z,1,TheAlmightyLootius,gaming,2025-05-25T19:56:19.213501Z
mpefgmx,1k9fpiv,reddit,"MLB The Show 2016 had a Conquest mode that allowed you to conquer tiles in a grid-based strategy game of mini battles. The goal was kinda like Risk, only taking over the US with your preferred MLB team.


Banjo Tooie had an entire Mario Party type multiplayer mode that worked like a game show and included a bunch of mini games playable in the main game. It had a game show host and kept score all along the way just like in Mario Party.",2025-04-27T23:55:08Z,0,Triltaison,gaming,2025-05-25T19:56:19.213505Z
mpegh8x,1k8x2gp,reddit,"Why does fire suck in video games?

Like, I get VFX fire isn't easy to make, but I also feel like more devs need to put more effort into making fire more effective and realistic in video games.

I wanna see fire combust all in its path when you deploy a flamethrower, choke enemies out and block the sky with smoke. I wanna see it spread throughout buildings, interiors, grassy landscapes,  wooden structures, vehicles, reignite, cause explosions, mix with gases and a lot of other crazy shit fire does in real life. 

I wanna see it burn buildings down and collapse them and make it really hard to control and extinguish. I wanna see it *BURN THE WORLD.*

But video game companies for the most part treat fire as poorly as they treat swimming. I've never seen a game where fire is used in its full potential. Its always limited in some way and its really lowkey frustrating to watch. And on top of that it usually does low damage.",2025-04-28T00:01:12Z,3,swagonflyyyy,gaming,2025-05-25T19:56:20.296078Z
mpazycf,1k8x2gp,reddit,"I don't game, don't own any gaming consoles etc But I was interested in Clair Obscur:expedition 33. It looks interesting, but is it just wandering around and fighting? Are there story lines to figure out or puzzles like MYST? Or do you just collect things and fight?",2025-04-27T12:52:11Z,3,Speckled-fish,gaming,2025-05-25T19:56:20.296088Z
mpabgnz,1k8x2gp,reddit,"Hello. I'm for the time of local home lan and lan partys time of cs 1.5 time and I've been playing BattleBits Remasterd for a while, it's fun, the right speed as in not to slow, god bits for battlefield series and just plain fun getting drunk in the weekend and playing with some people.

Sadly it feels like and are looking like the servers are dying out. 

I'm looking for a similar game

I've tried;  
CoD, Hell let loos, Battlefield 1, Day Z +++

So I'm looking for suggestions and using r/gaming as an potential library for games to try out. Most games I'm looking for should at least have co-op functions, I want to play with a friend.",2025-04-27T09:16:06Z,2,RJKanstad,gaming,2025-05-25T19:56:20.296094Z
mpac9gf,1k8x2gp,reddit,"More like I can't decide, might flip coin.

Between FE 3 house and Unicorn overlord which good for short session per day (15-30 mins)? Kind of busy but want to try droping my toe in it.",2025-04-27T09:24:41Z,2,Repulsive-Turn-5652,gaming,2025-05-25T19:56:20.296101Z
mpag0hv,1k8x2gp,reddit,"Hi 👋 I know absolutely nothing about gaming. My boyfriend loves it and I want to get him a birthday present in relation to Skyrim or Oblivion so I thought I’d ask for some advice here ◡̈ 
If you play these games, what’s something you wish you had when you were playing? (I don’t know if I could gift him something in game?). Otherwise, what’s a good idea for a physical gift in relation to these games?
TIA from a gamers gf 🥰",2025-04-27T10:04:45Z,2,Kitten_Pitten,gaming,2025-05-25T19:56:20.296108Z
mpb8aov,1k8x2gp,reddit,"I have another question, is it allowed to talk about Nintendo in this sub? i dont know if its obvious either way but, i just got here and i dont see anything related to nintendo around here, and when i comment on something on the matter i got downvotes pretty quickly...",2025-04-27T13:45:14Z,2,billcollection,gaming,2025-05-25T19:56:20.296115Z
mpbnvo8,1k8x2gp,reddit,"I have a question, my mum (60)  has been given an Xbox for Christmas from me and my sister's because she wanted to play with my sister online when she is home alone as she gets bored. 

However, all of the games she has are quite complicated she has vision problems so can't see the small writing on the game or the aiming button etc, I am wondering if anyone knows any simple, older friendly shooting games on Xbox (preferably includes with game-pass). If they're online that would be even better !",2025-04-27T15:11:24Z,2,Direct_Grade_6750,gaming,2025-05-25T19:56:20.296122Z
mpc1otu,1k8x2gp,reddit,Hi guys,2025-04-27T16:22:56Z,2,Rrip197,gaming,2025-05-25T19:56:20.296128Z
mpc6rw4,1k8x2gp,reddit,Question. What neckbands are yall using for gaming?,2025-04-27T16:49:28Z,2,Exotic-Product-7472,gaming,2025-05-25T19:56:20.296135Z
mpefsld,1k8x2gp,reddit,"how to be good at FPS games like battlefield, COD, and delta force?


growing up I didn't have access to a good computer, so I didn't play any COD or battlefield game at all.
when I started college i got a budget laptop and when valorant came out I started playing it because it is the only game that my laptop can run
I learned its mechanics but I feel like the switch from a tactical shooter game like valorant to games like battlefield and COD is hard 
 I tried to learn by playing but it is hard especially when I don't know how to make a good loadout for a weapon",2025-04-27T23:57:06Z,2,flux-10,gaming,2025-05-25T19:56:20.296141Z
mpfvrul,1k8x2gp,reddit,"My pc can't hack it ... Kingdom Come Deliverance. I'm about to overclock and see how it goes.

Intel i7, Win11, 16gb RAM, AORUS DDR4 mb, generic monitor (60hz 3440x1440), HDD 2TB SATA SSD, + 465G SAMSUNG SSD EVO plus. 

Plus attempting a few other things, watch for the smoke!",2025-04-28T06:02:36Z,2,A_British_Villain,gaming,2025-05-25T19:56:20.296148Z
mpalgoq,1k8x2gp,reddit,"if AI is so accessible nowadays, plus instant translator utilities like google translate have been around for over 10 years for now, why there is still such small variety of languages in games? i know that mods etc exist, i just don't see why companies won't massively make in-game options to play the game in any language using ai translation",2025-04-27T10:58:16Z,1,Ok_Sector_4298,gaming,2025-05-25T19:56:20.296154Z
mpaqhcw,1k8x2gp,reddit,Renplay and rpg makers can't truely replace flash games,2025-04-27T11:41:50Z,1,thegrimmemer,gaming,2025-05-25T19:56:20.296161Z
mpatl0t,1k8x2gp,reddit,Has anyone used gravastar keyboards and/or mice?,2025-04-27T12:06:27Z,1,Kitchen_Ad_3244,gaming,2025-05-25T19:56:20.296168Z
mpcakg7,1k8x2gp,reddit,"How old a game should be in order to become ""outdated"". I feel destiny2, titanfall2, witcher 3, horizon zero dawn, batman arkham knight, skyrim, fallout, infamous second son etc. Are still relevant, even if some of them are almost 10 yrs, or even over 10 yrs.",2025-04-27T17:08:28Z,1,Big-Rip25,gaming,2025-05-25T19:56:20.296174Z
mpcekn6,1k8x2gp,reddit,Are there any Xbox games for $5 that you guys would recommend?,2025-04-27T17:28:13Z,1,Indorapter128,gaming,2025-05-25T19:56:20.296181Z
mpcrpxw,1k8x2gp,reddit,"Me (f) and my lil sister are looking for some 2 player games that can be played together. She’s in NC and I’m in IN. We like games like left for dead, portal, splatoon, dreamlight valley. We specifically like crime-y stuff. She’s 20 and I’m 28. Must be cross compatible bc I have pc Xbox switch and she has switch ps5",2025-04-27T18:34:07Z,1,Zestyclose-Round-397,gaming,2025-05-25T19:56:20.296187Z
mpd03z9,1k8x2gp,reddit,Anyone know how I can play with my stepson in the same Xbox series X?,2025-04-27T19:17:36Z,1,Adventurous_Fish_101,gaming,2025-05-25T19:56:20.296194Z
mpeofxl,1k8x2gp,reddit,If you could remake one game from the PS2 or OG XB days what would it be ?,2025-04-28T00:49:58Z,1,MiLKD-GAMING,gaming,2025-05-25T19:56:20.296201Z
mpf1f6p,1k8x2gp,reddit,"Not sure if this should be a post, but I’m early 40’s. Got a PS5 not too long ago. I have no idea what to play. Outside of the Arkham games, MLB The Show, and the first Spider-Man game (which I’m not a huge fan of, TBH), I know nothing about popular games from the last…forever? I’ve heard Shadow of the Colossus is good? But, I’m not sure if that’s available for PS5.


Any/all recommendations are welcome.",2025-04-28T02:10:18Z,1,hammnbubbly,gaming,2025-05-25T19:56:20.296207Z
mpfonu0,1k8x2gp,reddit,"Recently played Firewatch and enjoyed it, recommendations for similar emotional narrative based games?",2025-04-28T04:58:41Z,1,Main-Boysenberry-914,gaming,2025-05-25T19:56:20.296214Z
mphn301,1k8x2gp,reddit,"I’m super excited to play expedition 33, but not sure if I’m better off with my 3060 on an 39” ultrawide or my ps5. Tried the new 3d mark and got ~2000 points, but I’m not sure what that compares to. ",2025-04-28T14:39:46Z,1,bangarang_0,gaming,2025-05-25T19:56:20.296221Z
mpb78a0,1k8x2gp,reddit,"I think this question has been asked a million times already but, do you think the switch 2 will be more successful than the first one? im actually curious...and i know it already sold out but, will it keep this momentum?",2025-04-27T13:38:44Z,0,billcollection,gaming,2025-05-25T19:56:20.296228Z
mtr9dfl,1ksuhxa,reddit,Ia! Ia! Cthulhu Ftahgn!,2025-05-23T01:03:33Z,3,responsible_use_only,gaming,2025-05-25T19:56:23.609673Z
mttau91,1ksuhxa,reddit,"I like the visuals, I will check it out!",2025-05-23T10:56:10Z,1,Kendogar,gaming,2025-05-25T19:56:23.609690Z
mtaoa93,1kr5gay,reddit,"Discord channels for specific games will always have people requesting for teams to play. 

Generally you’ll have much better luck compared to random matches, vast majority will have a microphone and not be an asshole for example.",2025-05-20T13:55:49Z,20,Dull_Half_6107,gaming,2025-05-25T19:56:24.597811Z
mtc80nf,1kr5gay,reddit,Grindr,2025-05-20T18:27:49Z,9,PriorDetective4285,gaming,2025-05-25T19:56:24.597824Z
mtfv80r,1kr5gay,reddit,Hell let lose/ dayz enjoyer here:),2025-05-21T08:26:24Z,2,Weekly_Spread_4127,gaming,2025-05-25T19:56:24.597832Z
mtoidvl,1kr5gay,reddit,I'd like to know the same thing 😭,2025-05-22T16:32:17Z,2,Emperor-Universe,gaming,2025-05-25T19:56:24.597842Z
mttwoyg,1kr5gay,reddit,I also wanna know. I basically only play one multiplayer game (league of legends) but it sucks because people are so goddamn toxic. More than half the people that add me I delete or never play with more than a few times cause they flame others or just behave shitty when a minor thing happen ;__; the last 2 stopped playing because I wasn't single and one of them were very disappointed and claimed I shouldn't play with other men other than my partner. He doesn't like the same games as me 😭,2025-05-23T13:17:48Z,2,Hollowismyname,gaming,2025-05-25T19:56:24.597849Z
mtc5k38,1kr5gay,reddit,"Enter a quick match and say ""Nice!"" when your teammate(s) did something great, I encourage just being a supportive bro to up each other's ego, eventually you'll get a friend request and keep on gaming together.

I would advise to only do these comments when your team is out of combat range (if it's a fast past game) otherwise it would distract or annoy them, wouldn't want to aggravate them and make them impulsively tell you to shut up.",2025-05-20T18:15:45Z,3,AeonWaryk,gaming,2025-05-25T19:56:24.597855Z
mtb9g1e,1kr5gay,reddit,posts like this help a lot!,2025-05-20T15:41:04Z,1,ovsko,gaming,2025-05-25T19:56:24.597862Z
mte2kmo,1kr5gay,reddit,"Do you watch any game streamers? See if they are big enough to have a discord community. Id find friends on there as you somehow both watch the same streamer, there has to be something in common right? I know theres always good folks to play games with on the Summit1g discord.",2025-05-21T00:17:23Z,1,Mochinpra,gaming,2025-05-25T19:56:24.597869Z
mtfzhud,1kr5gay,reddit,Join a discord channel. Said many times it seems.,2025-05-21T09:11:38Z,1,Mysterious_Touch_454,gaming,2025-05-25T19:56:24.597875Z
mthn2sn,1kr5gay,reddit,"Find discord groups for the games you want to play, get active in the discord and play pick up games with people, add the ones you like as friends",2025-05-21T15:35:50Z,1,TrickOut,gaming,2025-05-25T19:56:24.597882Z
mtj5olw,1kr5gay,reddit,Stream,2025-05-21T19:56:01Z,1,Lunarcomplex,gaming,2025-05-25T19:56:24.597889Z
mtau8wk,1kr5gay,reddit,Hi there I'm trying to make new friends u wanna play with mee,2025-05-20T14:26:46Z,1,Arthur__07,gaming,2025-05-25T19:56:24.597895Z
mtcn803,1kr5gay,reddit,I need people to play cod and warzone with! My K/D is 1.34 no big deal😎,2025-05-20T19:42:23Z,-4,DobeyStole,gaming,2025-05-25T19:56:24.597902Z
msnn4g9,1ko5xoz,reddit,"If you love pixel horror, check out World of Horror, Faith: The Unholy Trinity, and Lone Survivor
All fantastic creepy vibes with that retro aesthetic.",2025-05-16T17:09:51Z,10,trending_zone,gaming,2025-05-25T19:56:25.659406Z
msnn8sc,1ko5xoz,reddit,2Dark was really good!  It's storyline is probably one for the darkest I've played in a video game.,2025-05-16T17:10:26Z,3,Superflyt56,gaming,2025-05-25T19:56:25.659418Z
msnphzu,1ko5xoz,reddit,"Omori. It's psychological horror.

At first it might seem a bit too cutesy if you're looking for horror specifically, but the horror aspect is real, especially later in the story. This is a game that truly makes you care about the characters.",2025-05-16T17:21:23Z,3,BenjyMLewis,gaming,2025-05-25T19:56:25.659425Z
msnq6nc,1ko5xoz,reddit,Fear and hunger but you probably just shouldn't play it,2025-05-16T17:24:42Z,3,milkgoddaidan,gaming,2025-05-25T19:56:25.659432Z
msnt7fh,1ko5xoz,reddit,Corpse party for a horror pixel game and Ender Lilies for a metroidvania though it's not horror.,2025-05-16T17:39:19Z,3,PrismaticNova,gaming,2025-05-25T19:56:25.659438Z
msntqju,1ko5xoz,reddit,"I used to play a browser trilogy on Kongregate called Deep Sleep (and Deeper Sleep and Deepest Sleep). It's a point and click horror game, scared the shit out of me as a kid. It has good atmosphere, but I don't know if it's a flash game, and if it got ruffle integration to play without it. Worth a try imo.",2025-05-16T17:41:55Z,3,TactlessTortoise,gaming,2025-05-25T19:56:25.659444Z
msnxy7c,1ko5xoz,reddit,You can try Claire or Maybe even crow country?,2025-05-16T18:02:25Z,3,Alchemistwolf21,gaming,2025-05-25T19:56:25.659450Z
msnqea7,1ko5xoz,reddit,Faith,2025-05-16T17:25:43Z,2,thatradiogeek,gaming,2025-05-25T19:56:25.659456Z
msomr4p,1ko5xoz,reddit,Mouthwash.,2025-05-16T20:08:56Z,2,Pheronia,gaming,2025-05-25T19:56:25.659463Z
msp58pe,1ko5xoz,reddit,"Ib


Witch's House


Mad Father



Corpse Party (there's pixel art ones)


Crooked Man",2025-05-16T21:44:47Z,2,stallion8426,gaming,2025-05-25T19:56:25.659469Z
msnlo4y,1ko5xoz,reddit,"According To Jim: Season 5, Episode 8.",2025-05-16T17:02:44Z,1,Prestigious_Beat6310,gaming,2025-05-25T19:56:25.659475Z
msnn2eg,1ko5xoz,reddit,"So I’m afraid I don’t actually have an answer for you, but I want to point out I used to see this ad on YouTube for a fake game that looked just like Pokémon but was really spooky. Like it started off looking very wholesome and like a Pokémon copy, but then it had dead bodies lying around and creepy sprite enemies etc. The whole thing has an amazing vibe and I was bummed to realize it was not at all representative of the actual game.",2025-05-16T17:09:34Z,1,ReluctantlyHuman,gaming,2025-05-25T19:56:25.659482Z
msnra5o,1ko5xoz,reddit,Puppet Combo makes PS1 style horror games like Nun Massacre or Stay out of The House,2025-05-16T17:29:59Z,1,capyisslay,gaming,2025-05-25T19:56:25.659488Z
mso3low,1ko5xoz,reddit,Lone Survivor is a pretty cool 2D Silent Hill-like,2025-05-16T18:31:07Z,1,AdNo266,gaming,2025-05-25T19:56:25.659494Z
mso3oce,1ko5xoz,reddit,"Omori, kindergarten 1and2,OFF,corpse party,five nights at Freddy's has pixel mini games and most lore is explained trough pixel art,corpse party, pokemon fangame (It's not exactly horror but it does have a lot of horror elements trough gameplay) adventure red beta , it's not exactly pixel art but art style is giving old vibes:bad parenting mr red face and mouthwash,hmm maybe mega man battle network(game isn't horror but if you think about it for just a second it does have some psychological horror ),Lisa the painful(idk what the game is about), fallout 1and2,mad father, house...",2025-05-16T18:31:29Z,1,Angela5782,gaming,2025-05-25T19:56:25.659500Z
msotbjd,1ko5xoz,reddit,"I haven’t bought it yet since I’m waiting on a sale but there’s Raging Bytes. 

https://youtu.be/s2fFJHHeSok?si=lyyRHCikP6fF_5i8",2025-05-16T20:42:11Z,1,Mando316,gaming,2025-05-25T19:56:25.659506Z
mspu6q8,1ko5xoz,reddit,"Retrorealms Arcade bundle has a cool Halloween and Ash vs Evil Dead double feature. They’re really good if you’re into old SNES type action platformers. 

And also check out Five Nights at Freddy's: Into the Pit, that’s another pixel based horror game.",2025-05-17T00:25:17Z,1,stoksyxl,gaming,2025-05-25T19:56:25.659512Z
mspza1m,1ko5xoz,reddit,Signalis,2025-05-17T00:57:28Z,1,PacoTaco,gaming,2025-05-25T19:56:25.659518Z
msqfcx4,1ko5xoz,reddit,"""Shut in"" is a good pixel horror, it's a 2d side scroller with old point and click logic puzzle solving (fixing a broken pickaxe with molasses type puzzles) 

The whole premise is you are the titular Shut in and your self conscience tells you that you should probably go outside, yet your house is a nightmarish labyrinth waiting to kill you at every turn and your narrarator can't wait to insult you for your laziness, intelligence or both.

It's a slow atmosphere kind of horror rather than run from the monster sort of horror",2025-05-17T02:41:00Z,1,Kooper_H,gaming,2025-05-25T19:56:25.659525Z
msr399q,1ko5xoz,reddit,"Tenebris Somnia. Not released yet but there’s a demo. It’s a 2d pixel art horror game, but with live action cutscenes, which is really interesting and new (at least that I’ve seen)",2025-05-17T05:53:30Z,1,Public_Bad_4950,gaming,2025-05-25T19:56:25.659544Z
msr6lcf,1ko5xoz,reddit,Lakeview Cabin Collection!,2025-05-17T06:25:42Z,1,darksmall,gaming,2025-05-25T19:56:25.659550Z
msrdrar,1ko5xoz,reddit,World of horror. I still need to play it,2025-05-17T07:38:35Z,1,wimpLimpson,gaming,2025-05-25T19:56:25.659558Z
mss1hga,1ko5xoz,reddit,Splatterhouse,2025-05-17T11:38:56Z,1,ZylonBane,gaming,2025-05-25T19:56:25.659567Z
mss6h2i,1ko5xoz,reddit,"I played a pretty cute and fun (albeit short) pixel horror game called Kandinhale last week. It’s free to play on steam and doesn’t have any sort of gacha mechanics, just a lil top down RPG. I think it also released on steam last week. 

You have an hour timer to beat the game and there’s seven different endings which is pretty cool for such a small game. Would recommend for a quick play one afternoon",2025-05-17T12:17:53Z,1,SwanCo,gaming,2025-05-25T19:56:25.659573Z
mst1ade,1ko5xoz,reddit,"Basinstroke, from puppy Games. Its 3d voxel graphic but give it a view.",2025-05-17T15:27:08Z,1,rick_regger,gaming,2025-05-25T19:56:25.659580Z
mst8eah,1ko5xoz,reddit,Moonscars,2025-05-17T16:05:16Z,1,Neolamprologus99,gaming,2025-05-25T19:56:25.659586Z
msu0b7q,1ko5xoz,reddit,Look out,2025-05-17T18:35:24Z,1,ckrono,gaming,2025-05-25T19:56:25.659593Z
msu24w5,1ko5xoz,reddit,Yuppie Psycho -> The Count Lucanor,2025-05-17T18:45:40Z,1,KenfoxDS,gaming,2025-05-25T19:56:25.659600Z
mszr061,1ko5xoz,reddit,The Count Lucanor has a creepy atmosphere to it even though it isn’t a pure horror game. It’s really great as well and I recommend you at least give it a look if you’re not familiar with it.,2025-05-18T18:17:30Z,1,CoconutFit3558,gaming,2025-05-25T19:56:25.659606Z
mt1ux8k,1ko5xoz,reddit,"Viviette


Evil Tonight


Decarnation",2025-05-19T01:30:59Z,1,MagicalHopStep,gaming,2025-05-25T19:56:25.659614Z
mt302lz,1ko5xoz,reddit,who’s lila ,2025-05-19T06:54:00Z,1,Fantastic-Secret8940,gaming,2025-05-25T19:56:25.659621Z
mtdo5df,1ko5xoz,reddit,"Black Souls (Incredible story with hard-to-stomach material)

It's to Fear and Hunger what F&H is to other games",2025-05-20T22:53:56Z,1,OfficerSlard,gaming,2025-05-25T19:56:25.659627Z
ms33zkf,1kllf3v,reddit,"There's a whole genre under the ""hentai"" tag which can be played 1 handed.",2025-05-13T13:14:24Z,12,Few_Highlight1114,gaming,2025-05-25T19:56:26.633609Z
ms32wex,1kllf3v,reddit,Vampire Survivors,2025-05-13T13:08:04Z,4,mr-photo,gaming,2025-05-25T19:56:26.633618Z
ms33omk,1kllf3v,reddit,"Divinity Original Sin 1+2, Stardew Valley, Papers Please and pretty much any Strategy game if you are into that.",2025-05-13T13:12:41Z,3,FeistyCandy1516,gaming,2025-05-25T19:56:26.633626Z
ms36ce7,1kllf3v,reddit,Slay the Spire is great for one-handed play. It’s fully playable with just the mouse and can be pretty addictive if you're into deckbuilders.,2025-05-13T13:27:42Z,3,Mediocre_Process9171,gaming,2025-05-25T19:56:26.633633Z
ms37eqn,1kllf3v,reddit,"Most turn-based tactical games should work perfectly - stuff like Solasta (II), Jagged Alliance 3, Rogue Trader, any 4X game. Others that should work fine are top-down strategy/management games with pause - Rimworld, Pathfinder: Kingmaker and Wrath of the Righteous, for example.

It might also be helpful to use a Logitech G600 (or another mouse with additional buttons); It's got 12 programmable thumb buttons, which can help *immensely* if you only have one hand available. edit: Just realized, you only got the left hand, so that's not so helpful (the mouse is right-handed).",2025-05-13T13:33:46Z,3,The_Corvair,gaming,2025-05-25T19:56:26.633640Z
ms571oj,1kllf3v,reddit,Online card games like Hearthstone or MTGA.,2025-05-13T19:24:19Z,2,jantefanten,gaming,2025-05-25T19:56:26.633647Z
ms335si,1kllf3v,reddit,"Tactics Ogre Reborn, Civilization 5, 6, or 7",2025-05-13T13:09:37Z,1,MrPlatinumsGames,gaming,2025-05-25T19:56:26.633654Z
ms39962,1kllf3v,reddit,Pokémon!,2025-05-13T13:43:55Z,1,Forthedeal,gaming,2025-05-25T19:56:26.633661Z
ms3big6,1kllf3v,reddit,Stroker for Commodore 64,2025-05-13T13:56:00Z,1,Zealousideal_Cup416,gaming,2025-05-25T19:56:26.633668Z
ms3e6jt,1kllf3v,reddit,Xcom 2,2025-05-13T14:09:54Z,1,EndlessFantasyX,gaming,2025-05-25T19:56:26.633674Z
ms48y9p,1kllf3v,reddit,Any kind of strategy rpg type games would probably be good. Something like XCom or Disgaea would probably be fun and pretty easy to play with one hand.,2025-05-13T16:41:03Z,1,Special_Setting_4521,gaming,2025-05-25T19:56:26.633681Z
ms4cs3h,1kllf3v,reddit,XCOM 2 is awesome,2025-05-13T16:59:17Z,1,BeesBeUponMe,gaming,2025-05-25T19:56:26.633687Z
ms5lnou,1kllf3v,reddit,"EarthBound for snes was made with the ability to play one handed.

That said, many retro games can be played with remapped controls (ie, left stick. L1, l2, l3, dpad, select)",2025-05-13T20:34:45Z,1,bobby3eb,gaming,2025-05-25T19:56:26.633693Z
ms6orgx,1kllf3v,reddit,"[Miracle Fly](https://store.steampowered.com/app/395140/Miracle_Fly/) can be played with just the mouse! This game is a true hidden gem. So much content!

[Bubbles the Cat](https://store.steampowered.com/app/945580/Bubbles_the_Cat/) is free and requires only one button. It's a precision platformer, but the main character moves automatically so it just requires timing.

[Tactical Nexus](https://store.steampowered.com/app/1141290/Tactical_Nexus/) is a puzzle game disguised as an RPG where the order in which you fight enemies and collect items and powerups will determine how far you make it in each stage. It can be quite unforgiving at the start, but clearing stages with a good enough score even for just a bronze medal gives you metaprogression that can then be used in every stage to make your life easier... or harder, if you want to reach even higher score thresholds! The difficulty in this game cannot be overstated. It can be controlled entirely with the mouse, with *lots* of keyboard hotkeys.",2025-05-14T00:06:35Z,1,GolbatDanceFloor,gaming,2025-05-25T19:56:26.633700Z
ms8ceb5,1kllf3v,reddit,Hearthstone or Nubbys Number Factory. Maybe GeoGuessr? :D,2025-05-14T07:09:08Z,1,tapsel,gaming,2025-05-25T19:56:26.633706Z
mscu9tg,1kllf3v,reddit,Minecraft,2025-05-14T23:07:34Z,1,Narrow_Afternoon_912,gaming,2025-05-25T19:56:26.633713Z
mse7fk0,1kllf3v,reddit,"Unpacking, Potion Craft, Galaxy Burger, Gourdlets, Sticky Business, Huniepop series, Tiny Glade, A Little To the Left, Cats (or Dogs) Organized Neatly, Coffee Talk +2, Good Pizza Great Pizza, Little Inferno, Islanders, Banished, Organ Trail, Oregon Trail, Slay the Princess, Townscaper, Yes Your Grace.

If I think of any others I will add them lol.",2025-05-15T04:07:15Z,1,FryJPhilip,gaming,2025-05-25T19:56:26.633719Z
mr7m0s1,1khjz8a,reddit,Five Nights at Freddy's,2025-05-08T08:14:23Z,12,xIO3Y,gaming,2025-05-25T19:56:27.723369Z
mr7m136,1khjz8a,reddit,Celeste had a [film adaptation made…](https://www.imdb.com/title/tt0106582/),2025-05-08T08:14:28Z,9,WeightlossTeddybear,gaming,2025-05-25T19:56:27.723377Z
mr7gudk,1khjz8a,reddit,"Haven't watched any of these yet, but: Cuphead, Dead Cells, and Vampire Survivors, off the top of my head. The last one hasn't been released yet, I think.",2025-05-08T07:19:49Z,6,nkuxrc,gaming,2025-05-25T19:56:27.723383Z
mr7rg1q,1khjz8a,reddit,"There's an excellent short film based on Papers, Please

[www.youtube.com/watch?v=YFHHGETsxkE](http://www.youtube.com/watch?v=YFHHGETsxkE)",2025-05-08T09:12:35Z,6,JWitjes,gaming,2025-05-25T19:56:27.723387Z
mr7gm1i,1khjz8a,reddit,"Hotline Miami, you can try this. It iss one of those games that's got the perfect vibe for a TV adaptation, but I haven’t seen anything solid on that front. It's so cinematic already, I feel like it’d make a sick series",2025-05-08T07:17:28Z,10,PriceFantastic8,gaming,2025-05-25T19:56:27.723391Z
mr80jsj,1khjz8a,reddit,Iron lung will have a movie by Markiplier,2025-05-08T10:40:55Z,5,unoum,gaming,2025-05-25T19:56:27.723399Z
mr7ibma,1khjz8a,reddit,"Uwe Boll made 3 video game movies, none of which are considered very good.

House of the Dead (loosely successful)

Alone in the Dark (flop)

Postal (earned 1% of its budget at the box office, a total commercial failure, a $15,000,000 that earned $150,000)

Super Mario Bros (1993) is the worst telling of a very good story, ever. They even have Lance Henrickson but you can't recognize him, and he does that thing where you blow feathers out of you hand to make it look like you coughed feathers, but he does it in a very ""first rehearsal"" kind of way and just looks awful. They just did every single thing in the worst possible way.

Commando is a completely unrelated game to the much beloved Arnold Schwarzenegger action comedy shoot-'em-up movie Commando, but both were released in 1985.

""Street Fighter"" compared to the PG-13 Mortal Kombat nobody wanted, ""Street Fighter"" does a generally good job of telling a plausible story that brings all the game characters together to fight in a way that reminds you of the game.

Johnny Cage is the hero of the first ""Mortal Kombat"" and is based upon Jean-Claude Van Damme, the game itsekf is based loosely upon Van Damme's _Bloodsport_, but he refused to let them use his likeness in the game.

Van Damme stars as Guile in ""Street Fighter"".",2025-05-08T07:35:20Z,3,zerooskul,gaming,2025-05-25T19:56:27.723404Z
mr7rxcq,1khjz8a,reddit,"Hong Kong Masscare is like a 90s Hong Kong John woo action film.  

Great fun too",2025-05-08T09:17:41Z,2,mac2o2o,gaming,2025-05-25T19:56:27.723408Z
mr7zlai,1khjz8a,reddit,"It's not out yet, but I believe Clair obscur: Expedition 33 is getting a live-action movie.",2025-05-08T10:32:35Z,2,GreenTurtle69420,gaming,2025-05-25T19:56:27.723413Z
mr82dhm,1khjz8a,reddit,"Five nights at Freddy's (it has comics,books,one movie,soon they will make one more),Omori has manga so there is chance?",2025-05-08T10:55:51Z,2,Angela5782,gaming,2025-05-25T19:56:27.723417Z
mr84kip,1khjz8a,reddit,"Night in the Woods is one that comes to mind - there were talks about adapting it into a series a while back. Also, Cuphead actually got a Netflix show, and that game started as a passion project by a tiny team. Would love to see something like Hyper Light Drifter get a full animated treatment too.",2025-05-08T11:13:02Z,2,Practical-Command859,gaming,2025-05-25T19:56:27.723421Z
mr8zgm6,1khjz8a,reddit,"First off, I have a big interest in this topic - so many amazing stories in the indie game space that could be incredible adaptations. There’s a couple that are in the works, I read that they’re adapting firewatch, but you never know with development cycles.",2025-05-08T14:20:32Z,2,pmish,gaming,2025-05-25T19:56:27.723425Z
mr92rqj,1khjz8a,reddit,"It was confirmed to be going to Netflix about 3 months ago, but the guy who made John Wick is doing a Sifu movie.",2025-05-08T14:37:01Z,2,9_to_5_till_i_die,gaming,2025-05-25T19:56:27.723429Z
mr9e0sh,1khjz8a,reddit,"Until Dawn just came out, and Sleeping Dogs is in production.",2025-05-08T15:32:05Z,2,diuturnal,gaming,2025-05-25T19:56:27.723433Z
mra9hsv,1khjz8a,reddit,Not an indie game but uncharted had a fan film staring Nathan Fillion that’s really good,2025-05-08T18:04:01Z,2,Caot_Butters,gaming,2025-05-25T19:56:27.723437Z
mr7ihk0,1khjz8a,reddit,Clair Obscur is already being developed into a movie,2025-05-08T07:37:05Z,1,Munchy2k,gaming,2025-05-25T19:56:27.723441Z
mr7mv3j,1khjz8a,reddit,"Angels of Death , pretty sure it's an indie game that got adapted to an anime",2025-05-08T08:23:30Z,1,leo412,gaming,2025-05-25T19:56:27.723445Z
mqh5ied,1ke9qdv,reddit," VR - Thrill of the fight, Superhot and Pistolwhip. That shit will whip u into shape in 20 mins a day.",2025-05-04T02:49:16Z,19,Pikauterangi,gaming,2025-05-25T19:56:29.175815Z
mqh5x7p,1ke9qdv,reddit,if you are worried about fat. Consider total caloric intake first. excersise alone won't get rid of it.,2025-05-04T02:52:02Z,68,AimlessSavant,gaming,2025-05-25T19:56:29.175829Z
mqh5arg,1ke9qdv,reddit,"Play a souls game and every time you die, you do a set of push ups/sit ups/planks/wall sits.",2025-05-04T02:47:51Z,27,Doodah18,gaming,2025-05-25T19:56:29.175837Z
mqh5ta7,1ke9qdv,reddit,I know people with sit stand desks and have the treadmills that have no bars so it slide under their desk.,2025-05-04T02:51:18Z,11,Infinite-Bee1166,gaming,2025-05-25T19:56:29.175845Z
mqh88pp,1ke9qdv,reddit,"They make mini treadmills for walking at desks, could be used for gaming. Lets you walk while working",2025-05-04T03:08:22Z,8,HotmailsInYourArea,gaming,2025-05-25T19:56:29.175853Z
mqhac2q,1ke9qdv,reddit,"If you’re gonna start. Go slow and Just keep in mind you won’t see any results til weeks or months later. The key thing is not to lose focus and keep at it. And rest is very important, it is needed to let your body recover. This includes rest days and good nights sleep.",2025-05-04T03:23:41Z,5,kenjiro_uchiha,gaming,2025-05-25T19:56:29.175860Z
mqh8fmm,1ke9qdv,reddit,Go outside and play a real game of something,2025-05-04T03:09:45Z,14,mowegl,gaming,2025-05-25T19:56:29.175867Z
mqhm1ch,1ke9qdv,reddit,Nintendo's ring fit adventure,2025-05-04T04:55:20Z,3,themagicone222,gaming,2025-05-25T19:56:29.175874Z
mqmh7y6,1ke9qdv,reddit,"If your goal is to lose weight, that starts with dieting. Most people drink their extra calories through soda, lemonade, beer, etc. Could try cutting out those.",2025-05-04T23:59:40Z,3,Mediocre_Ear8144,gaming,2025-05-25T19:56:29.175881Z
mqh87sc,1ke9qdv,reddit,recumbent bike + controller if you want to get some cardio but it's also easier to eat 500 less calories than it is to do intense cardio for hours lol,2025-05-04T03:08:11Z,4,bonebrah,gaming,2025-05-25T19:56:29.175888Z
mqkm7ct,1ke9qdv,reddit,"I would consider a stationary bike. About 9 years ago, I moved to a new state and realized that I had not been doing myself any favors health-wise back where I used to live. So I got a cheap stationary bike, set it up in front of my TV, and started riding it at least an hour a day while playing RPGs. Low impact on your joints, great cardio, and finally got through some of the longer games out at the time. Win, win, and win lol.

Also, reduced caloric intake is clutch. If it seems daunting, break down your current dietary habits and pick smaller battles to win. Soda, alcohol, snack foods, and desserts are low hanging fruit that can make a major difference with time.",2025-05-04T17:56:43Z,2,Dull_Rabbit,gaming,2025-05-25T19:56:29.175895Z
mque9is,1ke9qdv,reddit,Theres a guy that streams using a stand up desk and walkimg treadmill.,2025-05-06T06:33:25Z,2,Electronic_Algae5426,gaming,2025-05-25T19:56:29.175901Z
mqh5bue,1ke9qdv,reddit,Vr,2025-05-04T02:48:03Z,2,xRoyalewithCheese,gaming,2025-05-25T19:56:29.175908Z
mqh8zvk,1ke9qdv,reddit,Go touch grass. Lack of time is the laziest excuse possible,2025-05-04T03:13:51Z,4,sandman_br,gaming,2025-05-25T19:56:29.175914Z
mqh602d,1ke9qdv,reddit,If using a controller it’s easy (others have given options) but if M+KB only thing I’ve done while gaming is get an under desk elliptical. It keeps your legs moving which is better than sitting still. I’m following to get any good m+kb ideas.,2025-05-04T02:52:34Z,1,Ok-Metal-4719,gaming,2025-05-25T19:56:29.175921Z
mqh667r,1ke9qdv,reddit,You could try getting an adjustable standing desk and alternate between standing and sitting on a 30 minute timer.,2025-05-04T02:53:45Z,1,AimlessSavant,gaming,2025-05-25T19:56:29.175929Z
mqh6hsv,1ke9qdv,reddit,"I'm the same way so i got a standing desk and a walking pad. You can't exercise your way out of a bad diet but it's been good to play for games that dont require a lot of precision (Minecraft, most controller games, Balatro)",2025-05-04T02:56:00Z,1,ConspicuousBassoon,gaming,2025-05-25T19:56:29.175935Z
mqh8c49,1ke9qdv,reddit,"A recumbent stationary bike will give you the best cardio (and strengthen your legs on higher resistance settings) while still allowing enough torso control and hand dexterity to comfortably game. Equipment like treadmills will only work at low settings. Anything more than walking speed will make gaming difficult (and dangerous). 

Honestly though, doing two things at once is just going to cause you to do both half-ass. How many hours a week do you game? Fitting in 3-4 hours of exercise a week by itself is completely doable for most people. You can break it up into short 30 min a day workouts or do an hour 3-4 days/wk.",2025-05-04T03:09:02Z,1,Maggins,gaming,2025-05-25T19:56:29.175944Z
mqh8lz2,1ke9qdv,reddit,Standing desk is a life saver. If I’m playing something with cutscenes I’ll do squats with a kettlebell while I’m watching or even just stretch.,2025-05-04T03:11:02Z,1,extracelestrial,gaming,2025-05-25T19:56:29.175950Z
mqh9c70,1ke9qdv,reddit,VR and Synth Riders. Crank it up to 3x speed.,2025-05-04T03:16:20Z,1,undeadsasquatch,gaming,2025-05-25T19:56:29.175957Z
mqh9ey9,1ke9qdv,reddit,Push-ups on loading screens,2025-05-04T03:16:54Z,1,HumbleCookieDog,gaming,2025-05-25T19:56:29.175964Z
mqh9rdh,1ke9qdv,reddit,"I had a stationary recumbent bike and would turn up the resistance,start playing Rocket League and exercise away.  Making a break on goals I would start pedaling so fast for some reason.
Burned off 30lbs in a few months and met some cool people online.",2025-05-04T03:19:27Z,1,zombie-jaw,gaming,2025-05-25T19:56:29.175971Z
mqhbtvn,1ke9qdv,reddit,"If you play competitive games, you can do push-ups or work out or what not either while waiting for your match to queue up, or as a punishment after every match.  I heard one for the online yu-gi-oh game where whenever someone hitting you with one of those REALLY LONG card comboes that basically guarantees you lost, just do push-ups while it's happening until its done since it usually means you're done anyway.",2025-05-04T03:34:54Z,1,Bladebrent,gaming,2025-05-25T19:56:29.175978Z
mqhc3lv,1ke9qdv,reddit,"Bluetooth a controller to your PC. Connect your PC to you TV, such as with a SteamLink. Set up your stairmaster etc in front of that TV. Enjoy an hour of guilt-free gaming as you spin your feet in circles.

You don't need a lot of time to build muscle. Half an hour a week will do the trick. You don't need a lot of time to loose weight - eat less and smarter. But cardio exercise is good for you in a bunch of ways that haven't anything to do with weight loss.

I do an hour a day on an eliptical machine, with a bluetooth controller. (Hitman or Skyrim, 90% of the time. Also, I'm pretty old.) Pick a game where accuracy isn't all that important.

If you can't get the game going to the screen, watch speed runs. Serious Sam speed runs are great.",2025-05-04T03:36:55Z,1,dnew,gaming,2025-05-25T19:56:29.175985Z
mqhcd5z,1ke9qdv,reddit,"Everytime you think about it while gaming, clench your abs, not excessively, but not for a second, hold it for a breath. Do this enough you'll have underlying abs.

When I play turn based games I do push-ups etc... In-between maps, free weights of you got em.

You can kind of exercise your forearms, hold your arms in front of yourself vertically, now rotate your wrists from left to right, do that until your forearms are tired.",2025-05-04T03:38:54Z,1,zeus1911,gaming,2025-05-25T19:56:29.175993Z
mqhemvn,1ke9qdv,reddit,"VR. I'd recommend Pistol Whip or Beat Saber, offhand.",2025-05-04T03:56:05Z,1,tolacid,gaming,2025-05-25T19:56:29.176000Z
mqhg5jk,1ke9qdv,reddit,"I take a break evey two hours and go for a walk 15 minutes.Thst is how I balance gaming and healthy lifestyle,besides watching my calorie intake eating healthier food and workout.",2025-05-04T04:07:55Z,1,bijelo123,gaming,2025-05-25T19:56:29.176008Z
mqhgayt,1ke9qdv,reddit,"There are those stationary bike pedal things you can get. You can just absentmindedly be peddling away while gaming. Maybe even hook up a dynamo so you can use it to recharge some controller batteries as an added bonus.

You could also get some leg and/or arm weights and just wear them around the house or wherever. It may not seem like much, but an extra 5lbs around the ankles or wrists will add up over the course of a day.",2025-05-04T04:09:06Z,1,FreddyForshadowing,gaming,2025-05-25T19:56:29.176023Z
mqhrjx4,1ke9qdv,reddit,"I play emulated games on my phone while doing cardio on a stationary bike.

Sometimes it's acual mobile games like Solo Leveling Arise.

I use an 8Bitdo phone gamepad.",2025-05-04T05:44:13Z,1,_TheEndGame,gaming,2025-05-25T19:56:29.176030Z
mqhs0sb,1ke9qdv,reddit,"Nintendo Switch and an exercise bike.


Or 


Nintendo Switch and a joy con in each hand while on the treadmill.  Takes some practice to not run off the side, but you'll get used to it.",2025-05-04T05:48:30Z,1,ITCHYisSylar,gaming,2025-05-25T19:56:29.176037Z
mqi0f9j,1ke9qdv,reddit,"Get an adjustable standing desk, get used to standing for longer and longer, then consider getting a walking pad, to treadmill away as you work when you work your way up to it.

Also consider getting a quest, beat saber isnt designed as a fitness game but it does get you moving and is a lot of fun (which is the most important thing to consistency), then maybe try something like fit xr down the line",2025-05-04T07:09:36Z,1,KelwalaBear,gaming,2025-05-25T19:56:29.176046Z
mqj3nej,1ke9qdv,reddit,Kinect sports on the good old 360,2025-05-04T13:07:28Z,1,asdfghqwertz1,gaming,2025-05-25T19:56:29.176054Z
mqj6kl6,1ke9qdv,reddit,Dumbbells when you get loading screens,2025-05-04T13:25:53Z,1,BlindingsunYo,gaming,2025-05-25T19:56:29.176061Z
mqjcuj2,1ke9qdv,reddit,"Consider health over gaming tbh. As you age it wont get better. An older coworker awhile ago explained to me he exercised in his 20s and 30s to feel good and now its to not feel bad. 

Im almost that age now and I get it fully. 

Also, muscle is from exercising, weight is done in the kitchen. Definitely do both.",2025-05-04T14:02:43Z,1,CaterpillarReal7583,gaming,2025-05-25T19:56:29.176070Z
mqjdgav,1ke9qdv,reddit,Recumbent exercise bike works for me,2025-05-04T14:06:06Z,1,Ok_Employment3125,gaming,2025-05-25T19:56:29.176080Z
mqjhqxj,1ke9qdv,reddit,"A standing desk, with a desk treadmill under it. Walk while you game (wouldn't advise going over 2-2.5 mph). Also, some VR games are great exercise! Can highly recommend Beat Saber and Ragnarock. But like other commenters said: you can't outrun a bad diet. Run the numbers, see where you can make changes without it feeling like you're starving yourself, and get that extra movement in.",2025-05-04T14:29:40Z,1,Ew_Its_Mike,gaming,2025-05-25T19:56:29.176090Z
mqmg859,1ke9qdv,reddit,"Buy a exercise bike , I’ll play a game of Madden on it sometimes feel like it’s real doable",2025-05-04T23:53:46Z,1,TMKY502,gaming,2025-05-25T19:56:29.176098Z
mqmvq5b,1ke9qdv,reddit,"Standing desk + treadmill set it to the walk setting, and walk while you play. I would recommend, an adjustable standing desk so you can also sit down, when needed.",2025-05-05T01:27:44Z,1,AlarmingDiamond9316,gaming,2025-05-25T19:56:29.176104Z
mqn4e2x,1ke9qdv,reddit,"Pokemon Go, literally three quarters of the game is walking",2025-05-05T02:20:49Z,1,Patient_Concern1102,gaming,2025-05-25T19:56:29.176110Z
mqngyle,1ke9qdv,reddit,Do you interested in GPS based mobile game? like a Pokemon Go or Monster Hunter Now.,2025-05-05T03:43:38Z,1,NervousAnt1152,gaming,2025-05-25T19:56:29.176117Z
mqp4uob,1ke9qdv,reddit,Standing desk with a treadmill and walk while you game,2025-05-05T12:41:44Z,1,HAX4L1F3,gaming,2025-05-25T19:56:29.176124Z
mr17hwg,1ke9qdv,reddit,"Maybe just stand and run in place while gaming with a controller?

If you're serious about wanting to be in shape, then combining fitness with gaming isn't gonna do it. You need a certain level of discipline that just doesn't work with only exercising when you're gaming. 

Go to the gym. Fitness and physical progress have a similar reward circuitry to many kinds of gaming.",2025-05-07T08:34:42Z,1,Low-Commercial-5364,gaming,2025-05-25T19:56:29.176131Z
mr946sy,1ke9qdv,reddit,"Set a timer. Every 20 or 30 minutes, pause the game and do an excercise. Sit-ups, push-ups, leg lifts, planks, burpees, etc. If you can't pause, do it at the end of every match, at a checkpoint, or after you die.",2025-05-08T14:44:02Z,1,10ea,gaming,2025-05-25T19:56:29.176139Z
mrdgock,1ke9qdv,reddit,Try playing with Thrill of the Fight (VR),2025-05-09T05:28:23Z,1,SD456,gaming,2025-05-25T19:56:29.176146Z
mqh7i2l,1ke9qdv,reddit,"sure, go outside and go for a little walk and get some sunshine and fresh air. play the game of loving yourself.",2025-05-04T03:03:04Z,1,ChainLC,gaming,2025-05-25T19:56:29.176154Z
mqh5847,1ke9qdv,reddit,"Get a stair climber. Good luck!

Oh, and uh…start off slow. 🤣

I hesitate to say treadmill unless you can get one that has a decent incline. Then it would be worth having. Incline treadmill is a terrific way to burn calories without sacrificing your accuracy by a large margin in an FPS.",2025-05-04T02:47:21Z,1,Technical-Step-5350,gaming,2025-05-25T19:56:29.176160Z
mqh5bml,1ke9qdv,reddit,You have a Switch? Get one of the cardio boxing games. I did it during the pandemic is that coupled with a low carb diet did a lot for me.,2025-05-04T02:48:01Z,0,MSotallyTober,gaming,2025-05-25T19:56:29.176167Z
mqhj79h,1ke9qdv,reddit,go to a gym and taking exercising seriously instead of wanting some magic solution so you can game at the same time.,2025-05-04T04:31:56Z,-2,baddazoner,gaming,2025-05-25T19:56:29.176175Z
mpozx55,1kathkq,reddit,"The Old Republic was good for me as a Star Wars fan and especially as a person who doesn’t have the patience to get too far into the weeds of typical MMO complexity. It’s got interesting stories with voice acting and even diverging paths based on your choices. I feel like it’s great for more casual MMO gamers. 

It might be lacking in endgame content but idk for sure. It’s been a while since I played. 

Ultimately I really enjoyed it.",2025-04-29T17:31:07Z,40,FiveGuysisBest,gaming,2025-05-25T19:56:31.512394Z
mpp1yny,1kathkq,reddit,"Guild Wars 2. 

It's even free to play up to a certain level if you want to try it out.",2025-04-29T17:40:35Z,40,ThisIsMyCouchAccount,gaming,2025-05-25T19:56:31.512404Z
mpoylbt,1kathkq,reddit,The Elder Scrolls Online is pretty decent. Buy to Play.,2025-04-29T17:25:01Z,35,SmartBookkeeper6571,gaming,2025-05-25T19:56:31.512412Z
mpoyhxn,1kathkq,reddit,Old school runescape,2025-04-29T17:24:34Z,61,No_Way_482,gaming,2025-05-25T19:56:31.512418Z
mpoy25n,1kathkq,reddit,FF14 is still popular. Eve Online if you like space. Phantasy Star Online if you like animey. I think New World is still around.,2025-04-29T17:22:35Z,34,theassassintherapist,gaming,2025-05-25T19:56:31.512425Z
mpp0y67,1kathkq,reddit,Mabinogi is fun,2025-04-29T17:35:54Z,6,DamonOfTheSpire,gaming,2025-05-25T19:56:31.512432Z
mpp16lm,1kathkq,reddit,"Been awhile since I’ve dabbled but I hear Guild Wars 2 is still going strong. 
Really enjoyed that one.",2025-04-29T17:36:59Z,25,Gryfon2020,gaming,2025-05-25T19:56:31.512440Z
mpp7m2x,1kathkq,reddit,Gw2 or FFXIV also WoW,2025-04-29T18:06:57Z,6,Kvothezy,gaming,2025-05-25T19:56:31.512447Z
mppphno,1kathkq,reddit,"I'm not big on MMOs but I love Elder Scrolls Online and periodically come back to it. It helps that I'm huge on Elder Scrolls lore and ESO has been really good at respecting established lore (at least as good as the mainline games anyways) and adds to in interesting ways.

Some other quick pros:

* Huge map. You can explore each major province of Tamriel so if you've ever wanted to see the Hist Trees of the Black Marsh, or the Summerset Isles, this game delivers

* Easy to hop into multiplayer content. Dungeons, PvP matches, and Cyrodil massive open faction warfare are all a fast travel or instance queue away.

* All the above is optional, you can ignore other players if you want though I generally have had good experiences there

* Questing and writing for it is solid enough. It honestly varies by Expansion. The Morrowind is a great expac for quests",2025-04-29T19:33:28Z,6,PM_ME_UR__SECRETS,gaming,2025-05-25T19:56:31.512454Z
mpp1jy5,1kathkq,reddit,"It's an older MMO now run by fans, but City of Heroes was always a good time: https://forums.homecomingservers.com/",2025-04-29T17:38:42Z,16,Omnitographer,gaming,2025-05-25T19:56:31.512461Z
mpp4kp6,1kathkq,reddit,I really enjoy ESO but probably because it's a good single player experience. It's not a traditional MMORPG.,2025-04-29T17:52:39Z,10,BlackScienceJesus,gaming,2025-05-25T19:56:31.512468Z
mpp0y7b,1kathkq,reddit,Daoc eden!!!,2025-04-29T17:35:55Z,4,anothertendy,gaming,2025-05-25T19:56:31.512474Z
mpp2dd3,1kathkq,reddit,Final Fantasy XI,2025-04-29T17:42:28Z,11,Notacka,gaming,2025-05-25T19:56:31.512487Z
mpp8yfo,1kathkq,reddit,"Bit off the beaten track but if you like Warhammer at all, Return of Reckoning is free and of course it's all about PvP. Fans brought back the game after it shut down years ago and it's still lively and getting considerable updates!",2025-04-29T18:13:27Z,5,Epitaphi,gaming,2025-05-25T19:56:31.512494Z
mppctdy,1kathkq,reddit,If you like a good story i highly recommend ff14. It has a free trail that you can play unlimited time including the first and second expansion.,2025-04-29T18:32:06Z,6,Nitr09025,gaming,2025-05-25T19:56:31.512500Z
mpoyim8,1kathkq,reddit,wow,2025-04-29T17:24:40Z,25,lowbeat,gaming,2025-05-25T19:56:31.512507Z
mppl49l,1kathkq,reddit,Dark age of Camelot. There's a free shard called Eden. Great pve even better pvp and huge populations. There are 3 realms (factions) that battle it out and you can see battles with 600+ players,2025-04-29T19:12:13Z,3,NOTcreative-,gaming,2025-05-25T19:56:31.512514Z
mpp2pjr,1kathkq,reddit,World of Warcraft,2025-04-29T17:44:03Z,8,BlindingsunYo,gaming,2025-05-25T19:56:31.512520Z
mpoxzql,1kathkq,reddit,"Throne and Liberty is fools gold. First 25-50 hours it feels incredible and then it shows its ugly pay to win guild based head. 

New World has a PHENOMENAL leveling experience but a hollow endgame. I still recommend it to players who just want to level up and do dungeons and have a good time. 

Pantheon is by all accounts a terrible game but I have several friends who are crazy addicted so it must be doing something right ",2025-04-29T17:22:15Z,9,DamnImAwesome,gaming,2025-05-25T19:56:31.512527Z
mpp2uw7,1kathkq,reddit,"I’m gonna be the only one on here recommending this probably, but fallout 76 has come a long, long, long way since it’s shitty launch, and is now a really fun MMORPG",2025-04-29T17:44:44Z,9,G0ttaB3KiddingM3,gaming,2025-05-25T19:56:31.512540Z
mppbq15,1kathkq,reddit,"Final Fantasy 14 is a good one. 

Start on the free trial (NOT the starter edition with free game time, the actual free trial) and it lets you play up tot the end of the second expansion and lvl 70. 

Good main story

All classes on one character

Music slaps hard

300+ hours of main story easy.

Recent graphical update

Pretty friendly community on the whole

Lots of it solo-able for when you're not feeling it.

All content is still there. (Excepting some condensed quests in 2.0-2.55)",2025-04-29T18:26:49Z,6,freakytapir,gaming,2025-05-25T19:56:31.512547Z
mpoy5qp,1kathkq,reddit,Mmorpeger genre isn't really doing too hot these days,2025-04-29T17:23:02Z,8,Magnon,gaming,2025-05-25T19:56:31.512554Z
mpp3u5z,1kathkq,reddit,"I have played MMO's but never get far in any of them. So, if someone doesn't mind, what do people mean and what do people want with ""end game"" content?",2025-04-29T17:49:13Z,2,joestradamus_one,gaming,2025-05-25T19:56:31.512561Z
mpp4lir,1kathkq,reddit,Guild wars 2 or OSRS,2025-04-29T17:52:45Z,2,Ok-Emu-2881,gaming,2025-05-25T19:56:31.512567Z
mpp7iem,1kathkq,reddit,"Albion Online, if you are ok with full loot pvp",2025-04-29T18:06:27Z,2,skinless77,gaming,2025-05-25T19:56:31.512574Z
mpq8wyv,1kathkq,reddit,Wizard101 is a decent mmo even if it is a bit dated. Turn based combat isn't for everyone but it still has a strong community.,2025-04-29T21:05:44Z,2,Eman2417,gaming,2025-05-25T19:56:31.512581Z
mpqgzzt,1kathkq,reddit,Wow is the only correct answer. Ff14 is also decent.,2025-04-29T21:46:37Z,2,zenotds,gaming,2025-05-25T19:56:31.512588Z
mpp5lhw,1kathkq,reddit,"You’re going to hear a bunch of recommendations here but at the end of the day the answer is WoW. Everyone starts a new mmo and eventually stops that mmo, because it didn’t scratch the same itch WoW did",2025-04-29T17:57:21Z,4,JayD21,gaming,2025-05-25T19:56:31.512595Z
mpoxp6o,1kathkq,reddit,"If you like spaceships, Eve Online",2025-04-29T17:20:54Z,3,The_Bombsquad,gaming,2025-05-25T19:56:31.512602Z
mpp2alg,1kathkq,reddit,"Lord of the Rings Online if you're a lore nerd, Tolkien or not. (And if you aren't a Tolkien nerd now, you'll probably become one if you stick around long enough.)

If capes are your thing, City of Heroes Homecoming for old-school tab targeting (and old-school character models), DC Universe Online for something more action oriented. Avoid Champions Online. It was a zombie game long before the original studio got wiped out in Embracer's FAFO collapse.",2025-04-29T17:42:07Z,4,LegendOfVinnyT,gaming,2025-05-25T19:56:31.512610Z
mpoz0rz,1kathkq,reddit,WOW hardcore,2025-04-29T17:26:58Z,3,spajdrex,gaming,2025-05-25T19:56:31.512616Z
mpp6t6u,1kathkq,reddit,"Wow, Guild wars 2 or RuneScape


I don't recommend much else




The Old Republic feels like an inferior WoW but with a better story



FFXiV is a really inferior wow that has you reading and looking a loading screens more than actually playing the game . It's story is either amazing if you love that anime weeb stuff, or aweful if you don't 



They have probably the best raids and boss fights tho, really epic stuff. The game could be something special if you could just do that instead of the MSQ like you can in wow.







To me what makes Wow special is how big and open the maps are.


It feels like the actual WORLD of warcraft, instead of a bunch of small zones.




Both GW and FF have flying mounts, but you gotta fly to the next door/loading screen to leave the small zone. The zones are so small it barely even warrents the ability to fly.



With wow you can set your character to autofly and just go afk for 5 minutes and find youre still not there yet.




I can fly around, battling and catching pets like I'm in Pokemon and kill the other players I see.



That level of freedom for me is why WoW hasn't been beat yet.




Also GW visuals aren't the best imo. Even when it was new I didn't like the way it looked. Reminds me of fable 2. It looks blurry, like I'm looking at the game with greesy smudged up glasses.




By all means GW does do questing better and it's pvp isn't bad, but it's self contained in it's own little thing, where as with wow it's really more open.





Wow to me is the superior game out of all these by far and it is my favorite game.



I just don't play it because at this point I just want something ELSE.




RuneScape is special, it's not a wow clone, it is its own game.



Its the only game out of all these where I actually felt like the world was something alive and able to be explored.



Ya know youee actually doing stuff in town and thats special.



Usually towns in mmos are just hubs where players hang out and chat or wait for queue or something


In RuneScape the cities are an actual part of the game so youre always seeing other players doing stuff.




Like you can just spend all day with a friend baking in Varrok



You can just walk in people's houses,talk to them, get quests or just use their stuff to make stuff.




I always thought the perfect mmo would be like RuneScape but with combat as good as wow/LoL and open world pvp and player housing


I was hoping Albion was gonna be that, but Albion is kinda just go out and farm resources while worrying about players killing you, the towns and world don't offer much in terms of immersion or stories.




Here's hoping for that riot mmo


At the very least the pvp should be dope",2025-04-29T18:03:04Z,2,Easy-Preparation-234,gaming,2025-05-25T19:56:31.512623Z
mpp4ciz,1kathkq,reddit,"If you enjoy retro, Guild Wars (the first one) is on sale right now for it's 20 years old celebration. It's a blast, unique gameplay and surprisingly highly popular right now",2025-04-29T17:51:35Z,1,Sigardius,gaming,2025-05-25T19:56:31.512631Z
mpp555i,1kathkq,reddit,City of heroes,2025-04-29T17:55:15Z,1,Thor4269,gaming,2025-05-25T19:56:31.512637Z
mpp5frw,1kathkq,reddit,"Star Trek Online, Elder Scrolls Online, and Eve online if you're a fan of spreadsheets and resources management on a very large scale",2025-04-29T17:56:37Z,1,trevmc1,gaming,2025-05-25T19:56:31.512644Z
mpp6ch5,1kathkq,reddit,OSRS,2025-04-29T18:00:51Z,1,Reddit-Realist,gaming,2025-05-25T19:56:31.512652Z
mpp7jdb,1kathkq,reddit,Ashes of creation is wiping soon. ,2025-04-29T18:06:35Z,1,ChadPowers200_,gaming,2025-05-25T19:56:31.512659Z
mpp7rh9,1kathkq,reddit,EverQuest is still going strong. We can always use new players.,2025-04-29T18:07:41Z,1,fcsevenxiii,gaming,2025-05-25T19:56:31.512666Z
mpp8lcz,1kathkq,reddit,"Depends what kind of gameplay and visuals etc. you are looking for.

I can recommend MapleStory but it certainly is very specific taste. Beautiful sprite art and animations, fantastic music, chill gameplay and tough bosses which require party play until game eventually powercreeps them to soloable level. 15 years+ worth of content and lore. \~50 classes to play which are all viable.

It is incredibly grind heavy but that was one part that I greatly enjoyed about it. Doing your map rotations for over an hour while chatting with friends and guildmates or if you get bored of the game music, watching youtube or listening to audiobooks. It turns into relaxing hand activity when you get your rotations into your muscle memory.

I only stopped playing when my only advancement left was getting extremely rare boss drops which would often break when trying to enhance them. Months or even year of playing the end game with no gain breaks even the most hardcore fan.

End note: The end game takes more than a year to reach.",2025-04-29T18:11:41Z,1,RedEyedPig,gaming,2025-05-25T19:56:31.512673Z
mpp9iiz,1kathkq,reddit,"Lord of The Rings Online, still going strong and had its 18th anniversary this week",2025-04-29T18:16:09Z,1,neagah,gaming,2025-05-25T19:56:31.512680Z
mppcijc,1kathkq,reddit,"I think it depends on what you want from an MMO.
Want clean, responsive combat with good end game raids, probably wanna try WoW. 
Want a more chill story driven experience, FFXIV has got your back. 
Want to get addicted and waste thousands of hours of your life just to see a number go up, Old School RuneScape is right there.",2025-04-29T18:30:39Z,1,WackoLlama,gaming,2025-05-25T19:56:31.512687Z
mppjhge,1kathkq,reddit,Stay away from MapleStory,2025-04-29T19:04:19Z,1,Arazthoru,gaming,2025-05-25T19:56:31.512694Z
mppjj03,1kathkq,reddit,Try FF14’s free trial. Will give you hundreds of hours of content before you have to make the decision to pay.,2025-04-29T19:04:31Z,1,Brees504,gaming,2025-05-25T19:56:31.512701Z
mppjxwx,1kathkq,reddit,RuneScape,2025-04-29T19:06:32Z,1,TheCCA2022,gaming,2025-05-25T19:56:31.512708Z
mppki3h,1kathkq,reddit,"Old School Runescape still has a thriving player base, and the Devs continue to pump out new content.",2025-04-29T19:09:14Z,1,UnconstitutionalSoap,gaming,2025-05-25T19:56:31.512716Z
mppl7py,1kathkq,reddit,"Warcraft Classic Anniversary realm is dope if you want to go back to the early 2000s But with some modern quality of life upgrades like having dual spec, instant mail, and removing the debuff limit. 

I just farted around and it over the weekend and it really brought me back. The leveling is so slow and you have to group up without the dungeon finder that it really does bring everyone together to start talking and I made friends quicker than I have in another online game in a while 

I wouldn't play it without that anniversary realm quality of life upgrades though lol. Dual spec is a must",2025-04-29T19:12:41Z,1,NarrowBoxtop,gaming,2025-05-25T19:56:31.512723Z
mppn3x9,1kathkq,reddit,"RuneScape. If there was a way I could replay it for the first time, I wouldn't hesitate.",2025-04-29T19:21:53Z,1,NewfoundDG,gaming,2025-05-25T19:56:31.512731Z
mppnrtb,1kathkq,reddit,World of Warcraft classic,2025-04-29T19:25:04Z,1,MothMan66,gaming,2025-05-25T19:56:31.512738Z
mpprua1,1kathkq,reddit,"I would suggest Final Fantasy xiv,  it has a free trial that you can play the base game, and the first two expansions heavensward and stormblood. You can play as much and as long as you want with no limit on how long.

You can play every class on one character and can change on the fly by just swapping weapons.",2025-04-29T19:44:50Z,1,SWAT_Omega,gaming,2025-05-25T19:56:31.512745Z
mppsejj,1kathkq,reddit,"Guild Wars 2

  
Oldschool runescape

  
World of Warcraft

  
FFXIV

  
those are the best ones atm",2025-04-29T19:47:29Z,1,Justos,gaming,2025-05-25T19:56:31.512752Z
mppykit,1kathkq,reddit,Lineage 2 C4,2025-04-29T20:16:36Z,1,TrancEdition,gaming,2025-05-25T19:56:31.512759Z
mppzf5o,1kathkq,reddit,"FF14 is good and has a good community. (Really good trial option) From what I remember. 
Wow is always a good option especially with all the different servers now. 
GW2 has a good f2P model. 
Star wars the old Republic if you enjoy storytelling. 

Eve Online looks interesting and complex but it has the highest subscription model out of all of them as far as I know. I believe there is a in-game currency that you can use to pay for it. Would be down to try the game with someone.",2025-04-29T20:20:38Z,1,Affectionate_Sir9792,gaming,2025-05-25T19:56:31.512766Z
mpq40im,1kathkq,reddit,"Warframe is technically a MMORPG, but it might not be what you're looking for. However, I do 1,000% recommend it simply because it's a great, 99.99% FTP game with great Devs and community",2025-04-29T20:42:18Z,1,GolettO3,gaming,2025-05-25T19:56:31.512774Z
mpqdv3w,1kathkq,reddit,"I would say Guildwars 1/2 and SWTOR. Used to love WoW but it doesn’t hit the same, too many people min/maxing or trying to rush content.",2025-04-29T21:30:31Z,1,Due_City_5760,gaming,2025-05-25T19:56:31.512780Z
mpqxh6c,1kathkq,reddit,WOW is the goat and has free play to a certain level.  EVE Online is free if you want to ruin your life.,2025-04-29T23:16:39Z,1,BeaAurthursDick,gaming,2025-05-25T19:56:31.512787Z
mpqypcf,1kathkq,reddit,"If you like end game raiding and busy work, but dont give a shit about the story being good, or making any sense:  World of Warcraft. Has a sub (15 to 17 a month) and buy game.

If you like RP (of varying types) and don't mind a lot of main story (or even if story is important to you) to get the end game content:  Final Fantasy XIV (has a sub and buy game)

If you're a furry but want what i feel is a more down to earth and desicated base regardless:  Guild Wars 2 (i didn't like the story but that was at release and my friend says it got better (hes the furry)). (No sub, but you have to buy the game)

If you don't mind a cool story but a generally meh end game:  Star Wars the old republic.  (Though I haven't played in forever.  The story was fun.)  Has a sub and I think you also buy the game.

There's also little niche mmos out there and korean style mmo if you don't mind pay 2 win but most at least are free to try.  

I fully expect to get down voted because mmo players REALLY LIKE their mmo and hate all the others.  I've definitely been guilty of that when I was younger. Of the ones I named specifically I have personally played but I played wow for a long time and now I play FF14

There's also a lot of details which when you get into them are important so I tried to generalize.  

I also don't know where to put elder scrolls online I feel like it's a very mid to fun game overall but nothing really stands out, unlike the ff RP community and wows raiding scene.  But I also played it for about 2 months on release.",2025-04-29T23:23:23Z,1,GED9000,gaming,2025-05-25T19:56:31.512794Z
mpr4e9l,1kathkq,reddit,"If you are bored, I can recommend you the, objectively, ultimate video to answer that question.

Not because you should play number 1, but you get a sneak peak at literally every MMORPG of the current century that got mentioned anywhere on the internet. 

https://youtu.be/NlbbZc0jhL0?si=F2-PGs8E3jbKrbHa

If you’re deciding between the two big ones, FFXIV and WoW, my personal experience as a player of both is: WoW is at its peak (leaving out its prime back then) and FFXIV is at its lowest point (ignoring its initial launch). But that’s a expansion thing that can change pretty much every time.

Also, you get much faster into the endgame in WoW, since you’re only playing the last + current expansion to get there. In FFXIV you have to dump (literal) hundreds of hours into the main story of all expansions to get there.

But, ffxivs community is worlds away in terms of friendliness and helping beginners, WoWs community got a borderline grind mindset.

So you can decide between getting into the endgame slow but chill, or getting thrown into the pool and eventually gate kept by the community.",2025-04-29T23:55:00Z,1,iMaexx_Backup,gaming,2025-05-25T19:56:31.512801Z
mprzmt2,1kathkq,reddit,Ultima Online Outlands,2025-04-30T02:54:33Z,1,buttunz,gaming,2025-05-25T19:56:31.512807Z
mps0o3i,1kathkq,reddit,"world of warcraft but specifically the private server called Turtle WoW. it feels like a true vanilla+ experience, with all classes and specs viable, new zones, instances and raids, loot, etc. My absolute favourite thing though is that bots, gold selling and GDKPs are banned so it makes for a pretty healthy economy.",2025-04-30T03:01:01Z,1,Polison112,gaming,2025-05-25T19:56:31.512815Z
mpsfufg,1kathkq,reddit,"Elder Scroll Online is amazing, try it! :-D",2025-04-30T04:47:59Z,1,-VoodooChild,gaming,2025-05-25T19:56:31.512822Z
mpsid3a,1kathkq,reddit,Recently picked up GW2 and loving it. There's so much to do and so far the player base has been nothing but friendly.,2025-04-30T05:08:00Z,1,rubixcube101,gaming,2025-05-25T19:56:31.512829Z
mpska2a,1kathkq,reddit,RuneScape,2025-04-30T05:24:17Z,1,DiehardCasual,gaming,2025-05-25T19:56:31.512836Z
mpskwcv,1kathkq,reddit,"Currently playing Throne And Liberty. It's free so it's a worth a look if you want to try something new.

If you're willing to pay, I recommend Final Fantasy XIV.",2025-04-30T05:29:43Z,1,VCJunky,gaming,2025-05-25T19:56:31.512843Z
mpsnxqg,1kathkq,reddit,"Elder Scrolls Online. Good lore, story, voice acting. Solo and new player friendly. Very good community.",2025-04-30T05:56:44Z,1,Zoro_Messatsu,gaming,2025-05-25T19:56:31.512850Z
mpsv98r,1kathkq,reddit,"Star Citizen, around 50 buck for starter, no sub and you can get everything meaningful with ingame money.

Takes a beefy PC and it has bugs since ""early access"".",2025-04-30T07:06:54Z,1,Mysterious_Touch_454,gaming,2025-05-25T19:56:31.512857Z
mpsxmoz,1kathkq,reddit,"Guild Wars 2 is great, and completely free to play until you want to buy the DLC's to add to the story. No sub required either.

Also recommended is New World. Buy the game, but no sub required, and really fun to play now it's been updated numerous times. Superb soundtrack too.",2025-04-30T07:31:27Z,1,wisperingdeth,gaming,2025-05-25T19:56:31.512864Z
mpt00gf,1kathkq,reddit,World of Warcraft. You'll never find lore so rich anywhere,2025-04-30T07:56:36Z,1,FrekvensYR,gaming,2025-05-25T19:56:31.512871Z
mpt304g,1kathkq,reddit,"Used to play Aion a lot when I was a kid. I have very fond memories of it, had a blast. Still played a bit of classic when it came out but the feeling was not the same anymore",2025-04-30T08:28:50Z,1,Tidus15,gaming,2025-05-25T19:56:31.512878Z
mpt7gaj,1kathkq,reddit,"Turtle WoW. It's a private server based on Classic WoW and adds on top of it: subtle class changes, new dungeons, raids, zones, quests, etc. All very respectful of the Classic WoW philosophy. What SoD should have been, in summary.",2025-04-30T09:17:08Z,1,Strange-Exchange,gaming,2025-05-25T19:56:31.512885Z
mptlxhp,1kathkq,reddit,"The Old Republic for sure. The Lord of the Rings Online is also incredible, but it can get pricey when you want the expansions. Another great option is Guild Wars 2.

Overall, I recommend The Old Republic Online and Final Fantasy XIV (which comes with a free trial that lasts the first 3 expansions completely).",2025-04-30T11:28:54Z,1,DataSurging,gaming,2025-05-25T19:56:31.512892Z
mptsbbz,1kathkq,reddit,Oldschool Runescape is a good one.,2025-04-30T12:13:21Z,1,ReallyShady32,gaming,2025-05-25T19:56:31.512899Z
mpu0gvj,1kathkq,reddit,Guild Wars 2. For around $25-30 you get the full game and the first two expansions. And no subscribtion fees whatsoever. It's arguably the biggest bang for buck title in gaming.,2025-04-30T13:02:57Z,1,Oliver_Boisen,gaming,2025-05-25T19:56:31.512906Z
mpu9ym2,1kathkq,reddit,Final Fantasy 14 is amazing and free to start,2025-04-30T13:55:32Z,1,Rma209,gaming,2025-05-25T19:56:31.512913Z
mpxn6og,1kathkq,reddit,If u like really good combat and epic raids go with lost ark,2025-05-01T00:04:36Z,1,pinguleyy,gaming,2025-05-25T19:56:31.512920Z
mpxrec1,1kathkq,reddit,"Also looking for some good MMO, were I can ply a Healer.",2025-05-01T00:28:58Z,1,AlarmingDiamond9316,gaming,2025-05-25T19:56:31.512927Z
mpzfgbm,1kathkq,reddit,the only one i can recommend doesn't really exist anymore. well... it does exist but due to server populations the game got streamlined. game is ffxi but if you do try it out it'd be best to find a private vanilla server,2025-05-01T07:49:38Z,1,incogacct1,gaming,2025-05-25T19:56:31.512934Z
mq6xr0t,1kathkq,reddit,"World of Warcraft, works best if you have 8+ hours of free time each day (fellow players will agree).",2025-05-02T13:22:41Z,1,Loud-Ad1284,gaming,2025-05-25T19:56:31.512941Z
mqcjbt6,1kathkq,reddit,"[https://www.youtube.com/watch?v=NlbbZc0jhL0](https://www.youtube.com/watch?v=NlbbZc0jhL0)

this video lists and ranks over 240 active MMORPGS by rating they have gotten from media sources over the last 20 years",2025-05-03T10:10:26Z,1,Agarillobob,gaming,2025-05-25T19:56:31.512948Z
mpoyxq5,1kathkq,reddit,Warframe completely f2p and it's only getting more popular,2025-04-29T17:26:36Z,2,MrAnderson902,gaming,2025-05-25T19:56:31.512955Z
mpozjyg,1kathkq,reddit,Black Desert,2025-04-29T17:29:25Z,1,Angelissa_x,gaming,2025-05-25T19:56:31.512962Z
mpozj4f,1kathkq,reddit,ESO,2025-04-29T17:29:19Z,1,dwolfe127,gaming,2025-05-25T19:56:31.512969Z
mpp19hy,1kathkq,reddit,New World is pretty cool,2025-04-29T17:37:21Z,1,Classic-Vanilla2717,gaming,2025-05-25T19:56:31.512976Z
mpp2lj9,1kathkq,reddit,"Osrs, wow classic, hell wow retail",2025-04-29T17:43:32Z,1,Routine-Duck6896,gaming,2025-05-25T19:56:31.512983Z
mpp2pwh,1kathkq,reddit,"The top three that I play are :

\* ESO - I love this because of the community, content, and how easy it is to get into, Both the Guilds I'm with help me immensely. I'm a healer, and I'm BAD XD but they don't get upset, they let me take part, which feels nice!

\* Warframe - Space Ninjas, It's a Bat Sh\*t Insane game, IMO, super fun, so much to do, 12 years later, still don't know what I'm doing, but I'm having fun with the shiney frames XD.

\* Guild Wars 2 - I play this solo, this one I take at a more casual pace, I love how different it is, I play as a some tree like person and own half the expansions, so much content, the world is very busy,

So I would recommend these 3, especially as I've not really grown up on MMO's, always had a GF and it limited my time on games like these, but of late, being more career focused and being single, I find I can really ""deep dive"" into MMORPG's.",2025-04-29T17:44:06Z,1,Nanganoid3000,gaming,2025-05-25T19:56:31.512990Z
mpp8dgc,1kathkq,reddit,"Runescape 

(alternative) 

Black desert online

Sometimes you get sucked in for weeks.

No subscription

Bought the game for 5 bucks

ID say this game offers more than FF14 because there's more to do in combat rather than just wait for cool downs auto battler. FF14 just has the name going for them.",2025-04-29T18:10:38Z,1,Naroyto,gaming,2025-05-25T19:56:31.512997Z
mpp0f9c,1kathkq,reddit,"Elder scrolls online, Guild Wars 2, final fantasy 14


Just not WoW.",2025-04-29T17:33:28Z,-3,greatcirclehypernova,gaming,2025-05-25T19:56:31.513004Z
mpq3cxm,1kathkq,reddit,"Honestly, there still is only one mmo, and it's still WoW. 

Every other mmo lost the battle.",2025-04-29T20:39:14Z,-2,Noobphobia,gaming,2025-05-25T19:56:31.513011Z
mpp4v8b,1kathkq,reddit,"The ones I am playing  at the moment are:

Final Fantasy 14 

The First Descendant",2025-04-29T17:53:58Z,0,Gravuerc,gaming,2025-05-25T19:56:31.513018Z
mpp26cp,1kathkq,reddit,Not one.,2025-04-29T17:41:34Z,-1,VelociRotaBlades,gaming,2025-05-25T19:56:31.513025Z
mqgtber,1kathkq,reddit,"Final Fantasy XI Horizons private server. Free


Final Fantasy XIV. Around $13 a month


World of Warcraft. $15 a month


Elder Scrolls Online. Buy then play at no extra cost but be disadvantaged, or pay its subscription.


That's really all there is that's any good. Everything else is cheap poorly made crap.",2025-05-04T01:28:10Z,0,AlphariusHailHydra,gaming,2025-05-25T19:56:31.513031Z
mpp189z,1kathkq,reddit,"Honestly?  I'm in your boat but it's pretty hard to find something good these days.  I've tried a few lately, and the only one I genuinely had fun with was Elder Scrolls Online.  Almost every other MMORPG is just jam packed with pay to win garbage, or they're so entrenched with the super wealthy players (Eve) you can't get a foothold or progress without getting stomped.",2025-04-29T17:37:11Z,-1,ZeusHatesTrees,gaming,2025-05-25T19:56:31.513038Z
mppgsmx,1kathkq,reddit,"there's this one called real life bro, you can level up skills, have social interactions, engage in complex combat, interact with the economy and so much more.",2025-04-29T18:51:14Z,-2,HerederoDeAlberdi,gaming,2025-05-25T19:56:31.513044Z
mpp0k0m,1kathkq,reddit,"Avoid them?

Just me?

Ok.",2025-04-29T17:34:05Z,-12,skadalajara,gaming,2025-05-25T19:56:31.513051Z
mtektyq,1kqy1v1,reddit,"I have a new version, but I know unity can output web versions, can unity point me in the right direction of how to figure that out? sometimes the youtube crap is overwhelming, i'd like to know if there's a good video out there, or a text tutorial with pictures maybe? I'd love for more people to play my game.",2025-05-21T02:05:32Z,1,threebillion6,gaming,2025-05-25T19:56:32.403214Z
mtmo7qb,1kqy1v1,reddit,I'm game! How do I access it?,2025-05-22T10:06:14Z,1,FLBoustead,gaming,2025-05-25T19:56:32.403225Z
mt9d53l,1kqy1v1,reddit,[removed],2025-05-20T07:37:45Z,1,N/A,gaming,2025-05-25T19:56:32.403232Z
mt9f2qg,1kqy1v1,reddit,I just created my itch.io page today also. Some people are concerned but I'm literally just a new dev dipping my toes in.,2025-05-20T07:58:14Z,1,threebillion6,gaming,2025-05-25T19:56:32.403240Z
mt9cfs3,1kqy1v1,reddit,[deleted],2025-05-20T07:30:12Z,0,N/A,gaming,2025-05-25T19:56:32.403247Z
msyxv9n,1kpd2pq,reddit,"Did the ""profile picture"" for this subreddit change? I remember it was on a white background instead of black",2025-05-18T15:45:27Z,4,Bukki13,gaming,2025-05-25T19:56:33.417073Z
msyhmwt,1kpd2pq,reddit,[deleted],2025-05-18T14:18:11Z,3,N/A,gaming,2025-05-25T19:56:33.417085Z
msy74xh,1kpd2pq,reddit,So this came up in a conversation at work: Do you think the guy who made the first microtransaction feels the way Oppenheimer felt towards the bomb?,2025-05-18T13:15:13Z,2,Gorguf62,gaming,2025-05-25T19:56:33.417092Z
mt105qa,1kpd2pq,reddit,"whats a good PSU for a gaming setup?  i have eyes on apc BR1500MS2.

what are peoples experiences with under desk elliptical or standing desk treadmills (is there something that can do both?) when gaming or working for long times (3+hours)",2025-05-18T22:21:58Z,2,alex140i,gaming,2025-05-25T19:56:33.417099Z
msxaq3k,1kpd2pq,reddit,Is there a confirmation release date for switch 2.0 in Europe? I saw June 5 but I don't know if that's universal across the world,2025-05-18T08:28:16Z,1,athenamalis,gaming,2025-05-25T19:56:33.417105Z
mt1smtc,1kpd2pq,reddit,"I’m better dead than living in this world, but I like life 1000% when i know I will win, or if I know I won. You know, does anyone have the mark of the beast btw ?",2025-05-19T01:16:28Z,1,Fearless_Sort_8310,gaming,2025-05-25T19:56:33.417112Z
mt2e5ac,1kpd2pq,reddit,"So I've renewed my interest in gaming, began years back with first LOZ in mid-80's I think ?  I picked it up again with BOTW last fall and am about to finish Immortals Fenyx Rising so I'm on the look out for a new game.  ( Saving Tears of the Kingdom for the next pandemic )  I'm sure there are tons of games that include puzzles, exciting quests, enemy engagement, just need to be pointed in that direction. Thank you in advance :)",2025-05-19T03:39:07Z,1,Affectionate_Bag9014,gaming,2025-05-25T19:56:33.417118Z
mt2k8io,1kpd2pq,reddit,"Which Chrono Trigger game was recently released (like in the past year)? I've looked at my local game shops online (in Australia) but they don't have any Chrono Trigger games for sale...

I swear I've seen lots of positive reviews for a new chrono trigger game recently. And was it a brand new Chrono Trigger or just a re-release?",2025-05-19T04:27:37Z,1,Charrzooka,gaming,2025-05-25T19:56:33.417124Z
msy34sj,1kpd2pq,reddit,Hmm,2025-05-18T12:48:41Z,0,Norpsely,gaming,2025-05-25T19:56:33.417131Z
msvepf2,1kp64ir,reddit,"Helldivers 2

Warframe

Borderlands",2025-05-17T23:24:30Z,12,gameboy00,gaming,2025-05-25T19:56:34.434553Z
msvk2rs,1kp64ir,reddit,"Space marine 2

And as others suggested, helldivers 2 and warframe are both great.",2025-05-17T23:57:33Z,8,Rolled_a_nat_1,gaming,2025-05-25T19:56:34.434566Z
msvg9l7,1kp64ir,reddit,Halo Master Chief Collection.,2025-05-17T23:33:48Z,12,Doctorsavage985,gaming,2025-05-25T19:56:34.434575Z
msve7kc,1kp64ir,reddit,[deleted],2025-05-17T23:21:35Z,11,N/A,gaming,2025-05-25T19:56:34.434584Z
msver6t,1kp64ir,reddit,Remnant 1 and 2! \* I see you wanted something with a campaign / story so I extra recommend this!,2025-05-17T23:24:47Z,7,Epitaphi,gaming,2025-05-25T19:56:34.434593Z
msvf36b,1kp64ir,reddit,Ready or Not is what my buddies and I have been on for a while. Hard to find a good coop shooter that meets all our interests but that one's been popular for us,2025-05-17T23:26:45Z,3,LuckyBob046,gaming,2025-05-25T19:56:34.434602Z
msvhsu9,1kp64ir,reddit,"I was looking more for games that have a campagne/Story Mode to Finish, for example like:

- Borderlands 
- Halo
- Killing Floor",2025-05-17T23:43:11Z,2,GamerNico98DE,gaming,2025-05-25T19:56:34.434612Z
msvvzus,1kp64ir,reddit,"Left 4 Dead 2 is always a classic.

  
Warframe, Space Marine 2, Helldivers 2, DRG also",2025-05-18T01:17:08Z,2,Aradamis,gaming,2025-05-25T19:56:34.434622Z
msvw4gh,1kp64ir,reddit,Space Marine 2,2025-05-18T01:18:01Z,2,Anubra_Khan,gaming,2025-05-25T19:56:34.434631Z
msvf2wh,1kp64ir,reddit,"Helldivers 2

Spread some managed democracy god dammit.",2025-05-17T23:26:42Z,2,Wah-Fu,gaming,2025-05-25T19:56:34.434640Z
msvgh7n,1kp64ir,reddit,Darktide and Helldivers and deep rock,2025-05-17T23:35:06Z,2,almo2001,gaming,2025-05-25T19:56:34.434648Z
msvfkfn,1kp64ir,reddit,Helldivers 2,2025-05-17T23:29:34Z,1,UncommonWater,gaming,2025-05-25T19:56:34.434657Z
msvik3q,1kp64ir,reddit,"Looks like the entire Gears of War series is on PC. Think it's even couch co-op, but it's been a while since I've played those with anyone else.",2025-05-17T23:47:54Z,1,FreddyForshadowing,gaming,2025-05-25T19:56:34.434666Z
msvmihv,1kp64ir,reddit,"I play a lot of games with a co op buddy and these are some shooters we've enjoyed recently: Dying light 2, dead island 1 and 2, space marine 2, darktide, BL3, far cry 6, remnant 2, division 2, payday 2, tiny tinas.",2025-05-18T00:13:27Z,1,BigSmackisBack,gaming,2025-05-25T19:56:34.434676Z
msvsjp3,1kp64ir,reddit,"Earth Defense Force 5/6, they have a lot of replay value with the different difficulties / 4 classes to play as.",2025-05-18T00:53:52Z,1,DemonShadow423,gaming,2025-05-25T19:56:34.434686Z
msvuz4b,1kp64ir,reddit,"Titan fall 2, the coop mode is really good there. 

If you want a coop campaign, then space marine 2 is a fun time.",2025-05-18T01:10:15Z,1,GinKenshin,gaming,2025-05-25T19:56:34.434696Z
mswvzhq,1kp64ir,reddit,"Remnant 1 and 2, Delta Force, Six days in falluja,
Back 4 blood, ready or not, ghost recon wildlands/breakpoint, world war z, state of decay 2, gears 1, 4 and 5, sniper elite 2,3,4 and 5 (plus resistance)
Far cry 5,6 and new dawn, all of the Halos, shadow warrior 2, outriders, warhammer 40k darktide, deep rock galactic, warhammer 40k deathwing, fear 3.

I have plenty more, but i'm on my phone and the steam app is kinda bad",2025-05-18T05:57:10Z,1,Steven_Blunt,gaming,2025-05-25T19:56:34.434706Z
msx3tiq,1kp64ir,reddit,Earth Defense Force 5,2025-05-18T07:16:07Z,1,Less_Party,gaming,2025-05-25T19:56:34.434715Z
msxh9fu,1kp64ir,reddit,Roboquest  and gunfire reborn,2025-05-18T09:37:40Z,1,varyl123,gaming,2025-05-25T19:56:34.434723Z
mt4uc5m,1kp64ir,reddit,Helldivers 2,2025-05-19T15:15:49Z,1,VOIDYOUTH,gaming,2025-05-25T19:56:34.434733Z
mtdc8zl,1kp64ir,reddit,"Ghost Recon Wildlands and Breakpoint. 
Far Cry 3-6
Outriders
Remnant",2025-05-20T21:48:07Z,1,deansmythe,gaming,2025-05-25T19:56:34.434741Z
msx7s56,1kp64ir,reddit,Black ops 3. Either the campaign or zombies.,2025-05-18T07:57:18Z,0,MentalReturd,gaming,2025-05-25T19:56:34.434750Z
mqf8coj,1kdm0vo,reddit,"Chris here! One of 2 members of Nerd Sloth Creative where we have a youtube channel that focuses mainly on Indie Games with lets play series, demos of upcoming games, and Top 5 or Top 10 recommendation vids based on themes or other games. We also have information there about our twice-weekly podcast Indie Game Arcade that deep dives into the newest indie games each week... so if Indie Games are your thing, feel free to pop over and say hi and check out or content: [https://www.youtube.com/nerdsloth](https://www.youtube.com/nerdsloth)",2025-05-03T19:46:28Z,5,Slurrednerd,gaming,2025-05-25T19:56:35.815744Z
mqfz1pe,1kdm0vo,reddit,"Straight up ACTION in Hell Let Loose, a WW2 inspired Milsim! Become the difference on the battlefield and DESTROY the enemy team with style. If you love killstreaks, fast paced compilations, and team wipes then this is the place for you. Join us today and DESTROY YOUR ENEMY! TO VICTORY!

Video - [https://www.youtube.com/shorts/ka9iIN4OV24](https://www.youtube.com/shorts/ka9iIN4OV24) 

Channel - [www.youtube.com/channel/UCs6d731gBFfNNSP26rtdI9Q/](http://www.youtube.com/channel/UCs6d731gBFfNNSP26rtdI9Q/)

Mad Respect to All

\-IRONSIDE",2025-05-03T22:16:37Z,3,MeringueAgitated753,gaming,2025-05-25T19:56:35.815750Z
mqf1lbe,1kdm0vo,reddit,"Hello everyone\~! I'm V3LCRO\~! The Host of Sticky Fingers Gaming! I am a small content creator that inspires a multi-genre atmosphere! Stop by my channel if you like music, gaming, media content and more! I stream a couple of times a week, as well as make my own music for the streams! I play many games, but as of late EFT/Marvel Rivals have been my main jams. 

\-Thanks! Come visit my page and say hi! [https://www.youtube.com/@StickEFingies](https://www.youtube.com/@StickEFingies)",2025-05-03T19:08:51Z,1,-V3LCR0-,gaming,2025-05-25T19:56:35.815754Z
mqevllg,1kdm0vo,reddit,[removed],2025-05-03T18:36:35Z,1,N/A,gaming,2025-05-25T19:56:35.815757Z
mqfkspb,1kdm0vo,reddit,Hi! I just published this video on my small YouTube channel about my obsession with video games even though I'm an old fart gamer with clumsy hands and a slow reaction time... 😜 Here's a bit of my story (along with footage of me dying in a lot of games)… Thanks!  [https://www.youtube.com/watch?v=Q8agJPJ7whA](https://www.youtube.com/watch?v=Q8agJPJ7whA),2025-05-03T20:54:35Z,1,zyuvi00,gaming,2025-05-25T19:56:35.815760Z
mqby79y,1kdm0vo,reddit,"I make videos for gamers looking to improve their health and fitness with basic tips and tricks, and have some fun gaming inspired workouts 💪",2025-05-03T06:30:45Z,0,maxmodefitness,gaming,2025-05-25T19:56:35.815764Z
mqdr3fr,1kdm0vo,reddit,"Greetings One and All!

I’m [Red Angel](https://youtube.com/@redangelponderings?si=1AxyS6tVqD3RGmaZ), I do mini video editorials, reviews, long form video essays and first impressions on various forms of media with a focus on video games.  

In my latest video, I present a character analysis of Yuna from Final Fantasy X & X-2 and speak about how her character has grown between the two games. As well as how public perception of her focal game has colored their reaction to her as a character. 

https://www.youtube.com/watch?v=ruRKXbjNHRM",2025-05-03T15:08:22Z,-4,redangelx3,gaming,2025-05-25T19:56:35.815767Z
mqc4bpz,1kdm0vo,reddit,"Hello everyone, im Anazz from morocco, i have my own youtube channel called AnazzRedDead where i upload games and news about games. I try to be unique with my style of editing!! so if you are interested here is the link to my channel [https://www.youtube.com/@AnazzRedDead/](https://www.youtube.com/@AnazzRedDead/) Thank you !!",2025-05-03T07:32:18Z,-6,AnazzRedDead,gaming,2025-05-25T19:56:35.815770Z
mqbvqv1,1kdm0vo,reddit,"I make gaming videos and shorts on youtube.

[It's fun.](https://www.youtube.com/@LexGlad)",2025-05-03T06:06:53Z,-6,LexGlad,gaming,2025-05-25T19:56:35.815773Z
mqdvotk,1kdm0vo,reddit,"Hey, my friend just started streaming on twitch. She is a German streamer and she usually streams Valorant or small cozy games. It would help her a lot if you could follow her and help her reach a bigger audience :)  
Her twitch: [https://www.twitch.tv/sola\_decidenti](https://www.twitch.tv/sola_decidenti)",2025-05-03T15:32:30Z,-5,OwnMathematician971,gaming,2025-05-25T19:56:35.815777Z
mqcy5iv,1kdm0vo,reddit,"Hey r/gaming crew! I'm BDMute,
 a dad gamer bringing fresh vibes to @GamingNewsWithus! With 27 subs and aiming for 1K, my channel dives into the latest gaming news-think GTA VI updates, EA shakeups, and more-plus epic AC Shadows takedowns and Minecraft Hypixel wins! I mix real-life dad life with gaming passion-join me! What's your favorite game? Comment below! Check it out: 
https://www.youtube.com/GamingNewsWithus
 #GamingDad

#GamingNews #SelfPromotionSaturday",2025-05-03T12:15:57Z,-7,GamingNewsWithUs,gaming,2025-05-25T19:56:35.815780Z
mqc122v,1kdm0vo,reddit,"Hi yes.  I started a channel in 2023. It's called Wumpus Gaming.  I play Crusader Kings 3, Stellaris, Baldurs Gate , Zero Sievert, Planet Crafters and other similar games in those genres. I also use my channel to talk about the challenges of living with Mental Health problems in a world that is increasingly hostile to us.  I have around 111 subs as I write this.  I've recently started doing collaborations with other Crusader Kings 3 YouTubers such as Grayzo, you should check him out he's taught me a bit about being a YouTuber.",2025-05-03T06:59:05Z,-7,panda2502wolf,gaming,2025-05-25T19:56:35.815783Z
mqdq38m,1kdm0vo,reddit,"Black Myth Wukong Non White Boss Fight Chapter 3 | How To Beat Non White Boss Wukong Part 79
https://youtu.be/ql-QpjkhARQ Subscribe for more gaming content ✔️",2025-05-03T15:03:02Z,-8,gaming__4life,gaming,2025-05-25T19:56:35.815786Z
mq7332z,1kd1dtk,reddit,Maybe check out the state of decay games.,2025-05-02T13:51:32Z,51,Ok-Emu-2881,gaming,2025-05-25T19:56:36.882589Z
mq733kr,1kd1dtk,reddit,"It sounds like you should look into State of Decay 2. If you have a PC, then definitely check out Project Zomboid.",2025-05-02T13:51:36Z,41,zmbslyr,gaming,2025-05-25T19:56:36.882601Z
mq733en,1kd1dtk,reddit,"Honestly 7 days to die sounds right up your ally, You can customize the settings so you can kinda just live off the loot rather than having to do any grinding. This uses mostly guns/baseball bats and what not. There is a bit of fantasy relative to your weapons, Like they can be stacked with more damage by adding mods to them.",2025-05-02T13:51:35Z,17,Ok_Zombie_2782,gaming,2025-05-25T19:56:36.882609Z
mq73o17,1kd1dtk,reddit,Project Zomboid is oh so good.,2025-05-02T13:54:32Z,18,CH4OT1CN1C3,gaming,2025-05-25T19:56:36.882616Z
mq73jww,1kd1dtk,reddit,Gonna throw out Days Gone. I really enjoyed it.,2025-05-02T13:53:56Z,22,Fluffy-The-Fierce,gaming,2025-05-25T19:56:36.882624Z
mq73i7e,1kd1dtk,reddit,State of Decay 2.  Great game. Fun as hell. Think it’s free on games pass.,2025-05-02T13:53:41Z,10,Crytin09,gaming,2025-05-25T19:56:36.882631Z
mq74czw,1kd1dtk,reddit,Project Zomboid 🙌,2025-05-02T13:58:04Z,9,PresidentZombie,gaming,2025-05-25T19:56:36.882638Z
mq738qc,1kd1dtk,reddit,"State of Decay.  It's a 3rd person game, but sounds similar to what you want.",2025-05-02T13:52:21Z,6,Cosmonate,gaming,2025-05-25T19:56:36.882645Z
mq73rhw,1kd1dtk,reddit,"You mentioned offline dayz, but I would also suggest online pve only servers. They have strict rules against pvp and make the map feel more alive than if you played offline.",2025-05-02T13:55:01Z,5,plainasplaid,gaming,2025-05-25T19:56:36.882652Z
mq79py4,1kd1dtk,reddit,Project Zomboid,2025-05-02T14:24:50Z,4,zjarekk,gaming,2025-05-25T19:56:36.882658Z
mq74b6j,1kd1dtk,reddit,"This is my recommended list:   
1) State of Decay 2  
2) 7 Days to Die  
3) Days Gone",2025-05-02T13:57:48Z,3,Loud-Ad1284,gaming,2025-05-25T19:56:36.882665Z
mq76zne,1kd1dtk,reddit,"Zomboid is the only option, everything else is just inferior.",2025-05-02T14:11:20Z,4,MagsHype,gaming,2025-05-25T19:56:36.882673Z
mq7f9k1,1kd1dtk,reddit,The Walking Dead: Saints & Sinners is basically this but it's VR,2025-05-02T14:51:34Z,3,oliferro,gaming,2025-05-25T19:56:36.882680Z
mq75loz,1kd1dtk,reddit,"State of Decay 2 and Project Zomboid are what you're looking for. Zomboid is way more realistic, SoD2 is more cinematic. Like, I had a Zomboid character catch pneumonia and die in the middle of winter. That was fun.",2025-05-02T14:04:22Z,2,GrimJesta,gaming,2025-05-25T19:56:36.882688Z
mq7h9m0,1kd1dtk,reddit,dayz mod for arma 2,2025-05-02T15:01:06Z,2,N/A,gaming,2025-05-25T19:56:36.882695Z
mq7lhd3,1kd1dtk,reddit,The Last Stand: Aftermath might be one to check out.,2025-05-02T15:21:02Z,2,SirCris,gaming,2025-05-25T19:56:36.882703Z
mr44sk3,1kd1dtk,reddit,7d2d could be a shout,2025-05-07T18:58:25Z,1,abductionplays,gaming,2025-05-25T19:56:36.882710Z
mq74po3,1kd1dtk,reddit,State of Decay 2 definitely.,2025-05-02T13:59:52Z,1,Rarglar,gaming,2025-05-25T19:56:36.882717Z
mq75brg,1kd1dtk,reddit,Days Gone is what you're looking for,2025-05-02T14:02:58Z,1,stangerwasgood,gaming,2025-05-25T19:56:36.882725Z
mq73yj5,1kd1dtk,reddit,"Like others said, State of Decay, or if you don’t mind isometric view, Project Zomboid. PZ is the single most in-depth zombie survival game on the market and it ain’t even close. In PZ, if you’re wearing heavy clothing in the summer, you will become damp. In other words, your characters actually sweat in PZ.",2025-05-02T13:56:00Z,1,IamSkudd,gaming,2025-05-25T19:56:36.882732Z
mq759lv,1kd1dtk,reddit,Haven't played it all that much but had a lot of fun with No One Survived when I did. It's a bit janky but I loved the (unpolished) vibe.,2025-05-02T14:02:40Z,1,NikTh_,gaming,2025-05-25T19:56:36.882740Z
mq75ose,1kd1dtk,reddit,"if u want hardcore, try project zomboid. it basically sims game with zombies. if u want more chill version, try state of decay 2.",2025-05-02T14:04:48Z,1,aunghtetnaing,gaming,2025-05-25T19:56:36.882748Z
mq78a56,1kd1dtk,reddit,"Well there was The Game of Survival Instinct where You play as Daryl, is has a linear history, with some levels, it's good but only an 8 at Best and 7 if You are objective, is set befote he met The group",2025-05-02T14:17:44Z,1,Themuzucujata1432,gaming,2025-05-25T19:56:36.882757Z
mq79g0f,1kd1dtk,reddit,"7 Days to Die. Husband and I have been playing it off and on since it came out years ago. I loot, he builds. Also fine solo.",2025-05-02T14:23:29Z,1,MAXMEEKO,gaming,2025-05-25T19:56:36.882765Z
mq7c7pe,1kd1dtk,reddit,I don't know how old you are but the resident evil series basically ushered this genre into games,2025-05-02T14:36:54Z,1,Massive-Insect-sting,gaming,2025-05-25T19:56:36.882773Z
mq7lnc0,1kd1dtk,reddit,Project Zomboid,2025-05-02T15:21:49Z,1,Influence_X,gaming,2025-05-25T19:56:36.882781Z
mq7ntck,1kd1dtk,reddit,"-7 days to die is decent. It's constantly evolving. PC only. 
It's a survival/crafting/builder. Can play online, solo, or in a group of buddies. 
The premise is every 7th day, you have to survive a zombie horde attacking. You build your base and defend it through various means. Guns, traps, etc. 

There are people that offer you jobs for goods, but no NPCs in your base with you. Only friends and you in there. 

It's pretty realistic, and will get some decent playtime on your first run through. It's not really a game you ""win"" at though, given the genre. 

-State of decay 1 and 2 is another pretty popular one. I have very little experience with these though. 

-project zomboid. It's very stylized, but almost tediously realistic.",2025-05-02T15:32:02Z,1,methiel,gaming,2025-05-25T19:56:36.882788Z
mq8art5,1kd1dtk,reddit,"DayZ has a huge map. Realistic survival.

Water is scarce, you'll have to hunt and scavenge for food... AND it has PvE only servers and even role play servers if you really want to immerse yourself",2025-05-02T17:20:26Z,1,Apathetic420,gaming,2025-05-25T19:56:36.882796Z
mq8njdb,1kd1dtk,reddit,Ok the only real answer to this is Project Zomboid (PC/Steam) or 7 Days To Die (Console/PC/Steam),2025-05-02T18:20:40Z,1,Calmdat,gaming,2025-05-25T19:56:36.882803Z
mq75zgv,1kd1dtk,reddit,Maybe Void or Surroundead,2025-05-02T14:06:19Z,0,Lifmunk9,gaming,2025-05-25T19:56:36.882810Z
mq7ne3c,1kd1dtk,reddit,"State of decay on the higher difficulties, 7 days to die, project zomboid, days gone on survival 2 ",2025-05-02T15:30:01Z,0,vivifafa2000,gaming,2025-05-25T19:56:36.882817Z
mq81xl2,1kd1dtk,reddit,PROJECT ZOMBOID,2025-05-02T16:38:59Z,0,Boulderdrip,gaming,2025-05-25T19:56:36.882824Z
mq832dh,1kd1dtk,reddit,Into the Dead: Our Darkest Days.,2025-05-02T16:44:22Z,0,FryJPhilip,gaming,2025-05-25T19:56:36.882832Z
mq8gn1u,1kd1dtk,reddit,I loved Days Gone. It really scratched that Walking Dead open world game itch for me,2025-05-02T17:47:54Z,0,CT1914Clutch,gaming,2025-05-25T19:56:36.882839Z
mq8o8i8,1kd1dtk,reddit,Days gone and Dying light are both great straight forward zombie games. Dying light is more arcadey with all the parkour but it's still a ton of fun.,2025-05-02T18:24:03Z,0,erikyromero,gaming,2025-05-25T19:56:36.882847Z
mq9b9m7,1kd1dtk,reddit,7 days to die ,2025-05-02T20:18:07Z,0,JoeSiff,gaming,2025-05-25T19:56:36.882854Z
mq9bsoj,1kd1dtk,reddit,Another game that just came out is Survivalist: Invisible Strain. I think I would recommend State of Decay 2 or Project Zomboid over it but it's still a fun game.,2025-05-02T20:20:43Z,0,Colinzz,gaming,2025-05-25T19:56:36.882862Z
mq9f7f7,1kd1dtk,reddit,Days Gone. I had doubts before playing but it's really good.,2025-05-02T20:37:27Z,0,No-Professional-2504,gaming,2025-05-25T19:56:36.882869Z
mq9fphs,1kd1dtk,reddit,"State of Decay is probably as close as you are going to get. Base building, survivor recruiting (first contact groups will be wary of you until you gain their trust), daily supply upkeep required. You can setup ""supply line outposts"" but are limited in how many so you have to decide on a steady source of food vs a steady source of building materials/medical supplies/ammo. You have to keep rotating your playable character so they can eat/sleep/heal and so other characters grow with skills. Balance roles among your survivor colony - medics, builders, fighters, leaders, cooks, etc. there are so many layers to it. 

The least realistic thing about it is the zombie (but c'mon, you can't be realistic AND have zombies). They are a few different zombie classes and in the second game (arguably the better of the 2) you have to destroy specialized nests called hearts in order to ""clear"" parts of the map. 

Can be played 100% single players, and you can even disable the live services features. I recommend the game and am looking forward to #3 coming out soon.",2025-05-02T20:39:55Z,0,Jf2611,gaming,2025-05-25T19:56:36.882882Z
mpvfrdn,1kblyct,reddit,The whole premise of the game is to figure out why The Paintress writes the number every year and the associated age goes poof. (And to stop her),2025-04-30T17:20:18Z,39,Alexandurrrrr,gaming,2025-05-25T19:56:38.138970Z
mpwx79v,1kblyct,reddit,"The prologue explains what happens, that is to say whenever the Paintress changes said number, everyone over that age dies.  This is how everyone knew they were going to die ahead of time.

As for what this is happening, thats something that the expeditions are being sent to find out.",2025-04-30T21:40:40Z,17,Kamakaziturtle,gaming,2025-05-25T19:56:38.138981Z
mpw4dv0,1kblyct,reddit,"I'm in Act III currently and don't worry, all your questions get answered.

Imma leave it at that... 😂",2025-04-30T19:19:31Z,7,TheChristianGamerGuy,gaming,2025-05-25T19:56:38.138988Z
mpvfruw,1kblyct,reddit,You can put it together if you listen to Sophie while running to the harbor. You learn a little more from Maelle while talking to her on the harbor. And you should 100% have figured it out when you get to the continent because of the cutscene,2025-04-30T17:20:22Z,10,MCas86,gaming,2025-05-25T19:56:38.138995Z
mqstmkr,1kblyct,reddit,"Without spoiling, whenever The Paintress (the big woman) wakes up and writes a number (it counts down, it started at 100) everyone that age and older dies.

Sophie was 33, so she died at the beginning. Gustave is 32, so he’s “the oldest man in Lumière” like Maelle said. Next year, the number will countdown to 32 and Gustave + Lune would die, which is why they go on the Expeditions. They’re basically using the last year of their life to try to find out why the Paintress kills people every year, and how to stop it.

As for the actual “Why does the Paintress kill all those people every year”, thats not answered yet and is a huge part of the story.

Edit: the reason people want to stop her is, obviously, because eventually all humans will be wiped out since it’s the age and older. So they’re pretty desperate to stop her.",2025-05-06T00:04:47Z,4,Snake-8398,gaming,2025-05-25T19:56:38.139002Z
mpvfvqv,1kblyct,reddit,Nope. The game is showing you instead of telling you. The whole game is like that.,2025-04-30T17:20:53Z,9,StarmanDX_,gaming,2025-05-25T19:56:38.139010Z
mpvfntn,1kblyct,reddit,"You didn’t miss anything, just keep playing.",2025-04-30T17:19:50Z,6,Simple_Bort,gaming,2025-05-25T19:56:38.139018Z
mpvql8j,1kblyct,reddit,"That's literally the point of the expeditions, to find out. To find out why every year, this huge monster paints a new number on a huge tower, and everyone at that age or older, just dies.",2025-04-30T18:11:42Z,3,JHMfield,gaming,2025-05-25T19:56:38.139024Z
mpvg088,1kblyct,reddit,maybe try to stop looking at your phone while playing story-heavy games,2025-04-30T17:21:29Z,9,StatementCareful522,gaming,2025-05-25T19:56:38.139032Z
mpvfss4,1kblyct,reddit,This is a core part of the story's mystery.  It gets answered over the course of the game.,2025-04-30T17:20:30Z,2,Quekers,gaming,2025-05-25T19:56:38.139039Z
mpvg0zg,1kblyct,reddit,"I don't think you're supposed to know. It's just a thing that's happened since The Fracture happened 67 years ago and I don't think the characters in the world know either. I'm 10ish hours in and they've never really explained that stuff, but I assume it'll become clear later.",2025-04-30T17:21:35Z,2,BaZing3,gaming,2025-05-25T19:56:38.139046Z
mq1bydh,1kblyct,reddit,You are not supposed to know everything until like end of act 2 and act 3.  The game will not spell you out the plot like you are an idiot,2025-05-01T15:49:00Z,2,SnooConfections3877,gaming,2025-05-25T19:56:38.139054Z
mrlxzg0,1kblyct,reddit,"If you put careful effort into the first hour of this game. Locating the minds, absorbing the game often at a walking, slight joging pace, and reading into the story and feeling it... Well,,when the Paintress stands, and you feel the size and scope of your surroundings and breathe this scene in,,, feeling the symphony drawing to the climax... and cut to the Flower Pedals...ITS the most DRAMATIC scene I HAVE EVER EXPERIENCED IN ANY GAME/MOVIE u name it! For me,, that scene swept the gaming world off it's feet. Well,, this o'l man anyways, and that is not easily done.",2025-05-10T16:20:08Z,2,CAPAFELLA_4K_LiVE,gaming,2025-05-25T19:56:38.139061Z
mpvh0gc,1kblyct,reddit,"From what I gathered in the start, people at (or above?) the age of the number go poof. Given that Maelle calls Gustave 'the oldest man in Lumière', assuming he is 32 - which is why he's going on the expedition, using the last year of his life find out why people go poof and to stop it. Also mentioned is Maelle could just live another 9 years in peace (16+9 = 25; 33-9 = 24, so she would poof when the number hit 25?)",2025-04-30T17:26:17Z,1,wattur,gaming,2025-05-25T19:56:38.139068Z
mpvm136,1kblyct,reddit,One of the beautiful things about this game is it doesnt explain.  Like a well written book the plot unravels slowly feeding you tidbits of information.  I still dont know whats going on exactly after 25 hours but its definitely building to something epic and im here for it.,2025-04-30T17:50:04Z,1,iknowthatidontno,gaming,2025-05-25T19:56:38.139076Z
mqbu1f0,1kblyct,reddit,"You won’t get the full picture until the end, but it’s worth the wait. If you want to spoil it for yourself, I’m sure you can find your answer out there on the interwebs. It’s really an amazing story.",2025-05-03T05:50:33Z,1,Old-Disk-4153,gaming,2025-05-25T19:56:38.139083Z
ms03szm,1kblyct,reddit,"Why did the people turn against the painters? Weren't they created by painters? Why not give the people all the attributes except trying to kill the paintress?

Maybe we could say"" the people of Lumiére were living happily until Renoir came on the seen."" After all, he is the reason why they die each year. So this would have sparked the expeditions.

However, I still ask the question. Why would the paintress warn the people in the way she did? This only allowed them to become curious. Secondly, the paintress still had to use the Renoir copy to protect herself from the expeditions. 

It seems to me that the painting would have been destroyed either way.

Am I thinking too deep here? What are your folks thought?",2025-05-12T23:42:33Z,1,Teethous,gaming,2025-05-25T19:56:38.139090Z
mu3y4zh,1kurzw3,reddit,People are still going to downvote the opinions they don't like.,2025-05-25T02:28:56Z,302,dokidokipanic,gaming,2025-05-25T19:56:44.020897Z
mu427nj,1kurzw3,reddit,Gamers pretend they want innovation but complain when games try something new. They don't like something for what it is but instead hate it because it isn't what they thought it should be.,2025-05-25T02:56:56Z,222,fidelacchius42,gaming,2025-05-25T19:56:44.020914Z
mu44exz,1kurzw3,reddit,You don't have to play games you don't like.,2025-05-25T03:13:10Z,104,jodybot9000000000,gaming,2025-05-25T19:56:44.020924Z
mu43fpt,1kurzw3,reddit,bad games deserve remakes more than good ones because good ones are still good,2025-05-25T03:05:53Z,201,zharkos,gaming,2025-05-25T19:56:44.020935Z
mu4fjpq,1kurzw3,reddit,"Not all games need ""difficult"" combat to be great. It's okay if it's a little ""basic."" Sometimes, the story is what's most important, and if you can't enjoy a game because the combat is ""too easy"" for you, then it's not for you and that's okay. It doesn't make a game bad, though.",2025-05-25T04:41:36Z,84,That253Chick,gaming,2025-05-25T19:56:44.020945Z
mu4epk0,1kurzw3,reddit,"I think people put Nintendo on waaaaaay to high a pedestal, and I grew up on those games.",2025-05-25T04:34:34Z,103,uglyzombie,gaming,2025-05-25T19:56:44.020956Z
mu488u2,1kurzw3,reddit,I don't like Souls-likes because they are too difficult to make them enjoyable,2025-05-25T03:42:24Z,154,Puketapu3067,gaming,2025-05-25T19:56:44.020967Z
mu3zm1z,1kurzw3,reddit,"I didn't enjoy BOTW. It was bland to me.

Not necessarily as hot a take now, but man, when I said that back in 2017 or whatever it was like fighting words to some!

TOTK was decent but neither are on my top 10 for Zelda games.",2025-05-25T02:38:46Z,146,Essential_Piplup,gaming,2025-05-25T19:56:44.020978Z
mu4mqbb,1kurzw3,reddit,"When people say shit like ""X is overrated"", or ""i tried X game and hated it despite it being a beloved title"", replace x with dark souls, outer wilds, shadow of the colossus, silent hill 2, etc what they don't realise is that the game was made for a very niche audience that just happened to gain a cult following, of course the majority and by extension you won't enjoy it. Doesnt mean it's a bad game. 


No idea how much of an ""unpopular opinion"" that is but there you have it ",2025-05-25T05:45:58Z,32,Complete-Primary993,gaming,2025-05-25T19:56:44.020989Z
mu4sbua,1kurzw3,reddit,Stop making me manage pets in games that aren't focused on having pets.,2025-05-25T06:39:56Z,9,IJourden,gaming,2025-05-25T19:56:44.021000Z
mu3xyqm,1kurzw3,reddit,"5/10 isn't a bad game, it's simply a mediocre one. 7 is very good and 8 is excellent.",2025-05-25T02:27:46Z,70,King_Kvnt,gaming,2025-05-25T19:56:44.021010Z
mu425pk,1kurzw3,reddit,I like the Fallout 3 and New Vegas power armor system better than Fallout 4’s,2025-05-25T02:56:32Z,49,KingTobia_II,gaming,2025-05-25T19:56:44.021020Z
mu3xy7t,1kurzw3,reddit,I like video games.,2025-05-25T02:27:40Z,59,bobface222,gaming,2025-05-25T19:56:44.021030Z
mu4363m,1kurzw3,reddit,Breath of the Wild is one of the most overrated games in the last 10 years. It's a solid 7/10 but most of the ratings are higher just because it's a Zelda/Nintendo game. If it wasn't a Zelda game barely anyone would ever talk about it.,2025-05-25T03:03:55Z,92,Maniac5,gaming,2025-05-25T19:56:44.021041Z
mu40ska,1kurzw3,reddit,I got a good bit of downvotes the other day for saying Final Fantasy 2 was shitty  so I guess that,2025-05-25T02:46:54Z,9,HagBolder,gaming,2025-05-25T19:56:44.021051Z
mu3zbeo,1kurzw3,reddit,A majority of gamers don't know what a truly bad game is.,2025-05-25T02:36:46Z,57,SirBoggle,gaming,2025-05-25T19:56:44.021061Z
mu41xde,1kurzw3,reddit,Gamers as a group don't actually know what will make us happy and developers should literally never listen to keyboard jockies.,2025-05-25T02:54:53Z,99,saoirsebran,gaming,2025-05-25T19:56:44.021071Z
mu43g2e,1kurzw3,reddit,"I’ve have never played WoW, and never cared too.",2025-05-25T03:05:57Z,23,didgeridont_pls,gaming,2025-05-25T19:56:44.021081Z
mu3zuw6,1kurzw3,reddit,Gacha games are always dogshit. Zero exceptions. Every single one.,2025-05-25T02:40:27Z,60,Relative_Falcon_8399,gaming,2025-05-25T19:56:44.021091Z
mu449e1,1kurzw3,reddit,"I liked Assassin's Creed Origins and Odyssey; Valhalla was crappy though. Also on that note, I can't stand Black Flag, I think it was one of the worst ones in the series. Just see it as a pirate game disguised as an AC game, and if Origins and Odyssey get called out for not being a 'true Assassin's Creed' game then so should Black Flag in my opinion.",2025-05-25T03:12:01Z,28,Lt_Wait4it_Dan,gaming,2025-05-25T19:56:44.021101Z
mu48c9j,1kurzw3,reddit,"The scene in Gears of War 2 where Dom's wife dies is bad writing and the point I put the series down forever.

So Marcus and Dom fight there way down into the center of the earth, fight through hell, ready to do anything in search of Dom's wife. Nothing will stop them. They'll kill for her, they would die for her. They eventually find her catatonic and...instead of trying literally anything to *fix* her, they mercy-kill shoot her. At this point in the story they know nothing at all about what is wrong with her. I literally don't know what was wrong with her. It could perhaps be fixed by a good night's sleep, or a chemical detox of some kind, but instead these two men, ready to do anything, choose to try nothing. To be clear, I don't mind that she dies, again, I don't know what is wrong with her, but they don't *try* anything at all before shooting her. She might be un-fixable, but they cannot possibly know that yet. I don't even think they move her out of the room they find her, but I may be misremembering.",2025-05-25T03:43:08Z,12,Smart_Ass_Dave,gaming,2025-05-25T19:56:44.021111Z
mu45c6p,1kurzw3,reddit,"Too many gamers have forgotten how losing can be a rewarding experience and get outraged when they do.  
Too many gamers have also forgotten what simple play is. Playing to play, not for progression, achievement, winning, etc. Playing simply to play.",2025-05-25T03:20:08Z,45,RiseUpMerc,gaming,2025-05-25T19:56:44.021121Z
mu46u3u,1kurzw3,reddit,"Souls games are overrated. And I spit on people calling games that have dodge, block, and parry - ""soulslike"".. get bent.",2025-05-25T03:31:35Z,47,bristleback90,gaming,2025-05-25T19:56:44.021130Z
mu42nse,1kurzw3,reddit,The far cry games have been terrible since Far Cry 3 released. Every subsequent release is just far cry 3 with a different coat of paint.,2025-05-25T03:00:11Z,30,Ghostfistkilla,gaming,2025-05-25T19:56:44.021140Z
mu3zcso,1kurzw3,reddit,"DLC is not a replacement for Unlockables just because you don't have them when you startup the game.

People here always seem to assume the worst with DLC (even had people say that fighting games could ""*easily double their roster size if they weren't being cheap*"") but not only is most DLC made post launch, they're often given their own budget and just straight up WOULD NOT HAPPEN without the option to add via Download.  That's not to say companies don't try to scam people with DLC (they absolutely do), but people on reddit seem to always assume to worst every single time no matter what it is.

People seem to think if it was 20 years ago, games would just have **ALL** the DLC released over a 4 year period included in the base game; when in reality, it's closer to when a game would get a sequel or updated version a year later that was basically the same game but with more levels and characters.",2025-05-25T02:37:01Z,31,Bladebrent,gaming,2025-05-25T19:56:44.021150Z
mu4vcrc,1kurzw3,reddit,"Most games should be shorter and smaller than they are.  

 Too many people would rather play a game with 5 hours of quality content and 50 hours of low effort filler than a game that was 8 hours long and perfect the whole way through, and unfortunately that's reflected in the games produced.",2025-05-25T07:09:44Z,10,IJourden,gaming,2025-05-25T19:56:44.021161Z
mu4a2fp,1kurzw3,reddit,"I hate how the enemy ai works in many games (Sniper Elite, Far Cry are two that come to mind): When one enemy sees you or hears a single shot, all the other enemies instantly pinpoint target you, even if you’re out of their line of sight or behind cover, and they can shoot you through walls or terrain. That’s not how combat works, guys.",2025-05-25T03:56:41Z,5,Bovine_Arithmetic,gaming,2025-05-25T19:56:44.021172Z
mu4xjkt,1kurzw3,reddit,I truly hate roguelikes and I hate that so many indie devs are obsessed with them,2025-05-25T07:31:37Z,4,OldPyjama,gaming,2025-05-25T19:56:44.021187Z
mu580ad,1kurzw3,reddit,"I don't like Elden Ring, come from someone who finished Sekiro, Souls 3, Souls Remake before that, and finished AC 6 and BB after Elden Ring",2025-05-25T09:18:32Z,5,rowgw,gaming,2025-05-25T19:56:44.021196Z
mu3yjvv,1kurzw3,reddit,Red Dead 2 is an amazing technical achievement but a bad video game.,2025-05-25T02:31:38Z,70,MammothAsk391,gaming,2025-05-25T19:56:44.021206Z
mu4tqvy,1kurzw3,reddit,"Playing games in hard mode isn’t the flex some people think it is. 

You play games to prove you’re better than people. 

I play games to have fun and, preferably, enjoy a good story with entertaining gameplay. 

We are not the same.",2025-05-25T06:53:52Z,8,RedMaij,gaming,2025-05-25T19:56:44.021214Z
mu3xqdn,1kurzw3,reddit,I like Starfield a lot,2025-05-25T02:26:12Z,33,Aidan-Coyle,gaming,2025-05-25T19:56:44.021223Z
mu3z5m4,1kurzw3,reddit,"""Just dont use it"" is pretty much NEVER an appropriate response to players who find certain game mechanics/weapons too OP or immersion breaking. Seems like redditors hate gamers who like a challenge.",2025-05-25T02:35:41Z,20,Optimal_Elk_342,gaming,2025-05-25T19:56:44.021233Z
mu41dqa,1kurzw3,reddit,Switch games are too easy and lackluster in content for what they cost.,2025-05-25T02:51:00Z,20,Otryss,gaming,2025-05-25T19:56:44.021242Z
mu48ovy,1kurzw3,reddit,"As long as it’s purely cosmetic, I don’t give a shit about microtransactions

If it’s an FPS and a DLC gun is better than base game, that’s terrible. If it just makes a gun pink or some shit? Who cares",2025-05-25T03:45:51Z,15,KingDave46,gaming,2025-05-25T19:56:44.021251Z
mu482x8,1kurzw3,reddit,"The best game under the Playstation Studios banner is Returnal. Playstation has a real problem with follow up sequels to their story focused games, with all of them being worse than their predecessor. Yotei going with a new protagonist is actually a blessing as I think sticking with Jin for the sequel would have been detrimental",2025-05-25T03:41:08Z,8,rondo_martin,gaming,2025-05-25T19:56:44.021260Z
mu3z2th,1kurzw3,reddit,We shouldn't dox and harass game devs,2025-05-25T02:35:09Z,37,CaptainKino360,gaming,2025-05-25T19:56:44.021269Z
mu5f2oi,1kurzw3,reddit,"Consoles ruined UI/UX design for PC games. Since all games now need to run with controllers we have lost a lot of freedom in control mapping mostly but also how menus and other UI is laid out. Weapons used to be mappable to 1-9 keys and more any items could go to ctrl 1-9 or the F-keys. Every action could have its own key or even multiple keys. 

Now we are stuck with radial menus and 4 hot keys in almost every game. Why do I have to press and hold buttons to click them? Why does every game need some kind of lock on or aim assist mechanic. Why are 4 different actions combined into 1 key map that the game decides what I meant to do when I press it...

Back in the days there were console games and pc games and everything was fine. Then some people started porting console to pc. At least then I knew to stay away from ported games. Now everything feels like a ported game.",2025-05-25T10:30:13Z,4,captain_andrey,gaming,2025-05-25T19:56:44.021278Z
mu5gc1h,1kurzw3,reddit,"Adding “like” to a game name isn’t a good genre naming scheme. Rogue like… Souls like… stuff like that. Those kinds of game genre names are pretty much meaningless unless you’ve played the game they’re named after or had it previously explained. I think genre names should be generally self explanatory to someone who has never played it before. Racing, role playing game, strategy, puzzle, etc.",2025-05-25T10:42:17Z,3,JohnnyGFX,gaming,2025-05-25T19:56:44.021286Z
mu44pni,1kurzw3,reddit,"Baldur's Gate 3 doesn't have a ""good story"". 

Wait wait wait, before you freak out. Let me be clear, I love the game, and I think it's the first AAAA game ever created so far. I think if you really closely examine the story, it's pretty mishmash and doesn't exactly flow together to a coherent narrative. It makes sense to us, the player, because we're experiencing it. But if you really step back and brutally examine it, it could use tightening up and more setpieces. 

It's more of a character piece and 10/10 one at that.",2025-05-25T03:15:25Z,22,Arsalanred,gaming,2025-05-25T19:56:44.021296Z
mu42g9q,1kurzw3,reddit,Every and any “souls like” game is the same and they all are boring as fuck.,2025-05-25T02:58:39Z,21,bradfo83,gaming,2025-05-25T19:56:44.021304Z
mu3xr7h,1kurzw3,reddit,Dark souls games are overrated and boring and all the cookie cutter souls like game clones are a shitty trend for the industry,2025-05-25T02:26:21Z,43,BigFudge6710,gaming,2025-05-25T19:56:44.021313Z
mu3ya8d,1kurzw3,reddit,Alan Wake 2 is unplayable pretentious dogshit.,2025-05-25T02:29:53Z,25,Douglasqqq,gaming,2025-05-25T19:56:44.021321Z
mu454ap,1kurzw3,reddit,"Bloodborne is overrated.

I'm not going to dump on FromSoft or this genre they created, cuz I've watched streamers play Dark Souls 1&2 for at least 60 hours so I ""get it"" and understand the appeal. I bought Bloodborne long ago because I used to be the person who buys consoles at launch, and the loss of Estus Flasks that refill at save points and at respawn for something you have to farm off trash mobs repeatedly really robs the game of that ""alright boys, we go again"" vibe that makes the game fun to play and even fun to watch.

I was able to experience a little of the highs people talk about before finding health farm too tedious and throwing in the towel. DS3 is still in my backlog so I'm not completely done with the series.",2025-05-25T03:18:29Z,13,FullMotionVideo,gaming,2025-05-25T19:56:44.021330Z
mu45go1,1kurzw3,reddit,"I personally prefer consistency over variety when it comes to in-game-items. If I had to choose between being able to use four different weapons, or just having one weapon and upgrading it over the course of the game, I would choose the one weapon.",2025-05-25T03:21:04Z,14,the_scared_scholar,gaming,2025-05-25T19:56:44.021339Z
mu3xxdd,1kurzw3,reddit,Third Person,2025-05-25T02:27:30Z,5,Hollow_Bass,gaming,2025-05-25T19:56:44.021348Z
mu5ob55,1kurzw3,reddit,"GTA games are average at best, and I hope the worst for GTA6 so I can enjoy the schadenfreude.",2025-05-25T11:50:55Z,6,maltix,gaming,2025-05-25T19:56:44.021357Z
mu3yuqf,1kurzw3,reddit,"The thing that always gets downvoted is when you say, that some game doesn't exist right now. Something like ""there is no good game where you can enter every building in a city"". You will get answers with 2D games or a minecraft map .. but while this fits the description, literally, it's far from the actual idea behind the statement.

Of course we are talking about a GTA like where you can walk seamlessly into buildings and not a zelda-like where you have loading screens whenever you enter one.

But, in the literal sense you've been proven wrong, so here are your downvotes. Works every time.",2025-05-25T02:33:39Z,7,leorid9,gaming,2025-05-25T19:56:44.021365Z
mu460i5,1kurzw3,reddit,I think anything nintendo is usually overrated.,2025-05-25T03:25:16Z,8,Mephzice,gaming,2025-05-25T19:56:44.021373Z
mu4qruu,1kurzw3,reddit,THE WITCHER 3 IS A VERY MID GAME THERE I SAID IT,2025-05-25T06:24:32Z,8,Chirolla88,gaming,2025-05-25T19:56:44.021382Z
mu4z11x,1kurzw3,reddit,"Skyrim is significantly better than Oblivion.

And it's not even close.

Nostalgia is the only reason some people prefer Oblivion, and their reasons for why they prefer it do not make sense.",2025-05-25T07:46:31Z,7,Mediocre_A_Tuin,gaming,2025-05-25T19:56:44.021391Z
mu3yfxq,1kurzw3,reddit,[removed],2025-05-25T02:30:55Z,16,N/A,gaming,2025-05-25T19:56:44.021398Z
mu42ppg,1kurzw3,reddit,"The Witcher III isn’t that great. I went into it after seeing post after post praising it. I put 40ish hours into it trying to enjoy it, and I really wanted to enjoy it. I never felt compelled by the story. I never enjoyed the combat. I didn’t particularly care for the amount of times I’d get a weapon for a reward and it was just worse than what I had. 

However, the atmosphere was good. And Gwent was great, but I feel like that’s a given.",2025-05-25T03:00:35Z,19,True_Dovakin,gaming,2025-05-25T19:56:44.021407Z
mu3zgpi,1kurzw3,reddit,"Handsome Jack is not a good villain, just annoying",2025-05-25T02:37:44Z,12,Aggrokid,gaming,2025-05-25T19:56:44.021416Z
mu4i1sg,1kurzw3,reddit,"Final Fantasy 16 didn’t feel like its own separate FF story, it felt like a single player 14 story with a new lick of HD paint and I hate it, they couldn’t even come up with their own monster designs, using 14 monster designs on a lot of them, the constant past FF references got tiring too, and the equipment with the tiny percentage stat boosts like MMO equipment,  I really hope they don’t bring Yoshi P back for FF17",2025-05-25T05:03:18Z,3,KezziPom,gaming,2025-05-25T19:56:44.021425Z
mu4vlwv,1kurzw3,reddit,I liked Forspoken and didn’t think it deserved the hate it got.,2025-05-25T07:12:13Z,3,Somasonic,gaming,2025-05-25T19:56:44.021433Z
mu57bk3,1kurzw3,reddit,I'm not much into voiceless protagonists who moan when they're hit. I prefer voiced protagonists.,2025-05-25T09:11:19Z,3,AlbiTuri05,gaming,2025-05-25T19:56:44.021442Z
mu5962z,1kurzw3,reddit,The Witcher games suck ass,2025-05-25T09:30:43Z,3,BlindingsunYo,gaming,2025-05-25T19:56:44.021451Z
mu5aw3l,1kurzw3,reddit,Zelda Breath of the Wild is overrated.,2025-05-25T09:48:34Z,3,bikestuffrockville,gaming,2025-05-25T19:56:44.021460Z
mu5bgb6,1kurzw3,reddit,I love elden ring and souls games apart from the boss battles. Love batttling through the areas. Hate the boss grind,2025-05-25T09:54:14Z,3,SeanyShite,gaming,2025-05-25T19:56:44.021470Z
mu5fqqw,1kurzw3,reddit,Tbe Last of Us is a technical masterpiece but a boring generic game that's a slog to get through. The story while well told is also generic and very predictable. Part 2 is even worse.,2025-05-25T10:36:42Z,3,Boy_Noodlez,gaming,2025-05-25T19:56:44.021479Z
mu5id57,1kurzw3,reddit,"""Sandbox"" is in almost all cases a synonym for ""we didn't want to come up with an engaging progression system or storyline"".",2025-05-25T11:00:39Z,3,Deblebsgonnagetyou,gaming,2025-05-25T19:56:44.021487Z
mu5tzzp,1kurzw3,reddit,Remember to sort by controversial for the real hot takes,2025-05-25T12:33:08Z,3,thepunnman,gaming,2025-05-25T19:56:44.021496Z
mu63ui1,1kurzw3,reddit,"Procedurally generated weapons are pointless if only a handfull of extremely rare weapons are worth using. If players are ignoring 99% of the weapons/build options in your RPG, you've failed at delivering on the core promise of your game.",2025-05-25T13:36:15Z,3,Umikaloo,gaming,2025-05-25T19:56:44.021505Z
mu3ylar,1kurzw3,reddit,Death stranding sucks.,2025-05-25T02:31:54Z,13,Synraku,gaming,2025-05-25T19:56:44.021514Z
mu4lv0k,1kurzw3,reddit,I wish Soulslike games would start to dwindle down. Don’t care for them at all.,2025-05-25T05:37:56Z,6,Mando316,gaming,2025-05-25T19:56:44.021522Z
mu40s4q,1kurzw3,reddit,"Red dead redemption 2 is overrated. 

It’s too slow, the controls are clunky, and in the end it’s just not fun to ride a horse around a gigantic, sprawling map, only to die as soon as it bumps into a wall at a moderate speed. Gunplay is fine, but with such limited movement it’s not as fluid as other tps games.",2025-05-25T02:46:49Z,9,No_Revenue_9837,gaming,2025-05-25T19:56:44.021537Z
mu47v3f,1kurzw3,reddit,By far the one that brings the downvotes to me is my belief that the single best thing that could happen to the game industry is Nintendo ceasing hardware development and production and becoming a third party software developer.,2025-05-25T03:39:27Z,11,Fievel10,gaming,2025-05-25T19:56:44.021545Z
mu4bbpb,1kurzw3,reddit,Fanbases turning degenerate and trying to sexualize everything is something the studios should denounce and definitely not promote.,2025-05-25T04:06:41Z,12,Dagwood-Sanwich,gaming,2025-05-25T19:56:44.021554Z
mu4lyur,1kurzw3,reddit,"Soulslikes should have difficulty options, anyone who plays them and loves the difficulty they could still choice the hardest difficulty and get the same experience they always do, anyone who isn’t good enough or avoids the genre entirely because of the reputation of how hard they are could play on easy/story mode 

Nobody loses with more options, unless you are someone who lives off the fact you beat the hard game",2025-05-25T05:38:55Z,9,thomas2400,gaming,2025-05-25T19:56:44.021563Z
mu4457a,1kurzw3,reddit,"Soulslike should have difficulty sliders because the idea that “… it needs to be enjoyed the way the dev intended…” is pretentious elitist bs. 

Games are an interactive medium are not like a movie. They are a collaboration with the player who gets to controls and interact and shape the experience in their terms. 

So let players play on whatever style they prefer instead of using repetitive and punishing parry/evade mechanics as a marketing tactic for tryhards.",2025-05-25T03:11:09Z,16,orcvader,gaming,2025-05-25T19:56:44.021571Z
mu4rxgg,1kurzw3,reddit,"All games should have an easy mode.

I get it, some people absolutely love Souls-like games that are obnoxiously hard. But there are, I’d argue, so many more gamers who are parents, have busy jobs, or caring responsibilities that just want to use games to unwind. Sometimes it’s fun to be challenged. Sometimes you just want to obliterate some enemies for 20 minutes, and don’t want to spent 3 hours trying to beat a boss.",2025-05-25T06:36:01Z,4,tommyk1210,gaming,2025-05-25T19:56:44.021580Z
mu4vzmf,1kurzw3,reddit,"The first Halo was a huge step back from where FPS was heading to, after Half Life came out. It was made for simple consoles and relied on backtracking through repetitive simple maps. It was hailed as the king of FPS by players who have never owned a PC.",2025-05-25T07:16:03Z,4,AidilAfham42,gaming,2025-05-25T19:56:44.021589Z
mu40bav,1kurzw3,reddit,"The demise of split-screen multiplayer was inevitable as much for the purpose of selling more copies of games as for hardware limitations. Expecting even a modern console or PC to render the graphics expected of a modern game *twice* is unfair to the hardware and game developers. Any dip in graphical fidelity, even in service to split-screen, would be met scathingly by both gamers and the gaming press.",2025-05-25T02:43:34Z,7,PowerSkunk92,gaming,2025-05-25T19:56:44.021599Z
mu3zsht,1kurzw3,reddit,"I personally don’t care about the Uncharted series. I played through the trilogy on PS3. Yeah, it’s a polished game, it’s not particularly good imo. It plays like a bad Nicholas cage movie. It’s not particularly coherent. It’s filled with plot holes and random deus ex machinas. 

The first game particularly offends me. You mean to tell me a professional thief is going to go out of his way to rescue a woman just because… reasons?

Also, the recent Ratchet and Clank games can suck a fat one. They are the antitesis of what those games were supposed to be. For my thoughts on why it’s so ass, see the video “how Ratchet lost its edge” on YouTube by TheGamingBritShow. It’s like if the remade GTA to be a linear video game with a stupid story where the you play as the cops. They are parading the corpse of Ratchet and Clank and people don’t care because “shiny graphics.”",2025-05-25T02:39:59Z,4,GrantInwood,gaming,2025-05-25T19:56:44.021607Z
mu4pcxj,1kurzw3,reddit,FFXV is a good game. It’s not as bad as ff fans make it out to be.,2025-05-25T06:10:41Z,4,cybersodas,gaming,2025-05-25T19:56:44.021616Z
mu3ypxg,1kurzw3,reddit,"Cinematics suck and should be used sparingly. 

A game is a medium where you should experience the story or that the story is emergent from the gameplay. 

BOTW and FO3 are 2 of the best stories told in games bc they are told through the environment and your interaction with it. This is experiential story telling. 

Then emergent story telling would be crazy / funny / dramatic things that happened during gameplay that you continue to remember and share. 

Viewing a video games “story” as script, plot, or cut scenes, is like setting out to go fishing to have a story. Fishing tales are a tradition and anyone who fishes has them, but you don’t go fishing to watch a story, stories about fishing emerge from doing it. 

The opening of Stardew Valley, Pikmin, and most Mario games understand the medium much better than the Last of Us or MGSV. ",2025-05-25T02:32:46Z,8,Spare_Perspective972,gaming,2025-05-25T19:56:44.021625Z
mu47rgv,1kurzw3,reddit,"Cyberpunk 2077 was great since its launch. People pretend like it was some unplayable mess till the version 2.0, when everyone has started to finally love it. Which is not true. It was an amazing game even at launch. Yes, a little buggy, but not unplayable buggy. Well, I guess, unless it is PS4 :) (Xbox version was alright tho). And it hasn't changed in any significant way at 2.0, just became slightly more polished. People jumped on the hate train too soon. And while execs should be shamed for rushing the game, doesn't mean you can't still enjoy it. People still find the original Oblivion extremely buggy and yet it is a beloved game.",2025-05-25T03:38:41Z,11,lost-11,gaming,2025-05-25T19:56:44.021640Z
mu481sj,1kurzw3,reddit,"Starfield is an excellent game and I feel like its hate comes from dog piling and preconceived notions. Also, the general audience has aged a good 10-15 years since they got to experience a huge, open world game like Skyrim/oblivion and the days of spending your summer vacation in a virtual world are long gone, ruining the fun. If Starfield was released prior to Skyrim a decade ago, it would be Skyrim getting lambasted that it didn’t live up to Starfield. 

One of the biggest complaints is repetition of POIs, as if every dungeon in Skyrim/oblivion wasn’t exactly the same. 

Another is that base building “has no meaning.” Neither did decorating houses in Skyrim or base building in FO4, why do those get a pass? The base building also DOES have use as you can use it to print credits to buy stuff. 

Every planet is the same/repeat of another. First off, no it’s not, they all have different biomes flora/fauna. Outside of major cities and a few random spots, oblivion and Skyrim worlds were empty. Oblivion is insanely empty aside from sparse taverns. 

The game was super ambitious and I believed they delivered on all fronts (aside from weak side characters, that I think is true). The combat is the best of any Bethesda game, the exploration is crazy, the ship and base building is absolutely top tier and I cannot think of another game that offers as much content as Starfield did. Wanna run cargo and become a space trucker? You can. Wanna explore dozens of planets and see different creatures and biomes? You can. Wanna build a ton of bases and connect them together and ship different materials to make money? You can. Wanna build numerous different space ships with 100s of unique parts? You can. Wanna build a death machine and battle in space? You can. Wanna become a walking tank and raid outposts on planets? You can.

The only valid complaint I see is that the loading screens are too frequent, taking away the immersion of actually flying to different planets, but a game the size of Starfield, I don’t really see another way around it. 

The game isn’t perfect by any means, but it is one of Bethesdas best. Putting it side by side with any other Bethesda release and it beats it out on content and ways to play the game. It’s the most sandbox title they have made to date. I feel like I’m taking crazy pills with the amount of salt and hate it got.",2025-05-25T03:40:53Z,8,SimpleCranberry5914,gaming,2025-05-25T19:56:44.021649Z
mu49bpm,1kurzw3,reddit,"Ubisoft makes really good quality games with lots of care and attention to detail. Also- I like the option to play a game for 100+ hrs if I want to, not all side quests are meant to be completed. ",2025-05-25T03:50:49Z,8,DaBigadeeBoola,gaming,2025-05-25T19:56:44.021657Z
mu3yswe,1kurzw3,reddit,RDR2 is horrendously boring.It’s carried by its performances and story but the actual gameplay is a clunky drawn out slog.,2025-05-25T02:33:19Z,2,Blakers37,gaming,2025-05-25T19:56:44.021666Z
mu43cj7,1kurzw3,reddit,"GameFreak should let Nintendo take over the technical development of Pokemon games, and GameFreak concentrate on story etc.",2025-05-25T03:05:13Z,2,scottie0010,gaming,2025-05-25T19:56:44.021674Z
mu4mfbz,1kurzw3,reddit,FF7 Remake is just not a good game. It feels like a badly written anime show with so many cringe animations and trite dialogues and phrases.,2025-05-25T05:43:09Z,2,Seoulja4life,gaming,2025-05-25T19:56:44.021685Z
mu4mjlw,1kurzw3,reddit,"There’s no such thing as a good battle pass, even when it’s free

It’s an inherently predatory system based on FOMO, and it’s a sad excuse for not making a proper progression system. Even if it’s in addition to a real progression system, it’s still a shitty reward structure.",2025-05-25T05:44:15Z,2,Cloud_N0ne,gaming,2025-05-25T19:56:44.021694Z
mu4p8or,1kurzw3,reddit,I have never cared for any final fantasy game. Also I don’t find expedition 33 that enjoyable,2025-05-25T06:09:33Z,2,angelpunk18,gaming,2025-05-25T19:56:44.021703Z
mu4ptta,1kurzw3,reddit,"Most RPG romances are trash, and the games are worse for having them.",2025-05-25T06:15:18Z,2,BlindingDart,gaming,2025-05-25T19:56:44.021712Z
mu4rsly,1kurzw3,reddit,i HATE parry systems especially games that make there entire combat system revolve around it,2025-05-25T06:34:41Z,2,Dreaming_Dreams,gaming,2025-05-25T19:56:44.021721Z
mu4sqn9,1kurzw3,reddit,"idk if this is considered unpopular but;

I don't care about if a game is a 10 or a 1, every game I enjoy is a success in my opinion, While reviews can help you decide if the game is for you or not, you really shouldn't care if the game you like got a 9 or a 6. At the end of the day is people making art and unless the game is hurting people (Like all gachas and, idk, NBA2k and stuff like that) thats ok.

In fact I'll go a little extra and say that people needs to play low scored games more and unsub from all those reactionary youtubers that spit things like ""The old games were better and now everything is X"", Those kind of people really don't care about games. But this last part can be applied to any art form tbh",2025-05-25T06:44:00Z,2,Jamanas96,gaming,2025-05-25T19:56:44.021730Z
mu4umc6,1kurzw3,reddit,"The gameplay of most JRPGs is archaic, and if they were not JRPGs, they would be trashed by reviewers and internet mobs. 

For example: Infinite Wealth. What would be the reception to this game if it was an EA or Ubisoft game?",2025-05-25T07:02:24Z,2,greatparadox,gaming,2025-05-25T19:56:44.021739Z
mu4zscl,1kurzw3,reddit,"I'll say it before and I'll say it again. 

30 FPS is fine and playable as a baseline experience for video games, and it's a fine tradeoff for better visual quality. Of course this is assuming it's a stable 30 FPS. 

I won't deny that higher FPS is better, but a stable 30 FPS on its own is very much a playable and still enjoyable experience.

I always play in Quality mode on my PS5 and honestly it feels alright. I'll admit there is a bit of an adjustment period if you're going from 60 FPS to 30, but after that it's fine and playable.",2025-05-25T07:54:01Z,2,GaleErick,gaming,2025-05-25T19:56:44.021747Z
mu50lrr,1kurzw3,reddit,"Soul styled games are often good in art direction, not in gameplay. 

The gameplay of soul styled games gives a sense of rebranded obedience lessons combined with pattern recognition tests and experiments that would have been outlawed in the 80s.",2025-05-25T08:02:18Z,2,At_Space_Station,gaming,2025-05-25T19:56:44.021756Z
mu514k6,1kurzw3,reddit,"It's apparently unpopular to say that I think the Switch 2 is shaping up to be an overhyped, overpriced disappointment that gets a tiny bit worse looking with every new detail that comes out about it, but that's how I feel. 🤷‍♂️




It's a frustrating cycle - every time they're back on top, Nintendo reverts to the same baffling, out-of-touch decision making that led to flops like the N64 and Wii U; to me it seems that only when they *have* to make something good and revolutionary just to keep up with the industry is when they do so, and then they coast on their laurels & price-gouge their diehard fans until they fall again.",2025-05-25T08:07:34Z,2,McJohnson88,gaming,2025-05-25T19:56:44.021766Z
mu55eui,1kurzw3,reddit,I still don't like Red Dead Redemption 2. I think it's boring and sucks.,2025-05-25T08:51:24Z,2,ShambolicPaul,gaming,2025-05-25T19:56:44.021775Z
mu55li2,1kurzw3,reddit,"When people collectively start to shit on a game before it's released (Veilguard, Avowed, Hogwarts, Cyberpunk at release, not the current masterpiece, Far Cry Primal etc) I get super interested in the game and usually end up playing them and enjoying them.  That's my dirty secret.",2025-05-25T08:53:18Z,2,Brawndo_or_Water,gaming,2025-05-25T19:56:44.021783Z
mu5ctgb,1kurzw3,reddit,Ubisoft and Assassin's Creed are some of the best produced games in the market,2025-05-25T10:07:52Z,2,Kris_Carter,gaming,2025-05-25T19:56:44.021801Z
mu5duv5,1kurzw3,reddit,"Not just for gaming, but the original creators vision should always be taken into account and respected. If the creator had a shit vision then let it be shit, but if it was good then obviously all you need to do is respect it and let it speak for itself. 

This is mostly because I've noticed modern adaptations and sequels have homogenized content. Everyone is purely trend chasing and especially with a classic you just don't need to.",2025-05-25T10:18:15Z,2,GeminiTrash1,gaming,2025-05-25T19:56:44.021810Z
mu5e4mg,1kurzw3,reddit,"Not everything needs to be critically analyzed, criticized, and changed. Sometimes games have parts or features that don't feel that great, but it's part of the game. When you start looking for things you don't like you stop having fun and enjoying your time. Some things should be criticized (or *critiqued*, there's a difference), but not everything should. Flaws can be acceptable, even if they're major.",2025-05-25T10:20:57Z,2,StylishGuilter,gaming,2025-05-25T19:56:44.021819Z
mu5egoq,1kurzw3,reddit,The way Bethesda games (especially fallout and elder scrolls) are put on a pedestal.,2025-05-25T10:24:16Z,2,GandalfTheFreen,gaming,2025-05-25T19:56:44.021828Z
mu5ertt,1kurzw3,reddit,I hate the Half Life games. So boring.,2025-05-25T10:27:16Z,2,ChubbyChicken645,gaming,2025-05-25T19:56:44.021836Z
mu5oshd,1kurzw3,reddit,Final Fantasy sucks,2025-05-25T11:54:45Z,2,jackmove,gaming,2025-05-25T19:56:44.021844Z
mtp94ks,1ksyby6,reddit,RE 9 and Pragmata,2025-05-22T18:39:04Z,6,echoess84,gaming,2025-05-25T19:56:45.103657Z
mtp96py,1ksyby6,reddit,"Would be great to see Atlus' next game, may it be Persona 6, 4 Remake or another IP",2025-05-22T18:39:21Z,6,Satogi_Amanaka,gaming,2025-05-25T19:56:45.103664Z
mtpasi3,1ksyby6,reddit,"RE9, New Tomb Raider, Max Payne remakes, James Bond, Persona 4 remake, Bioshock 4. Half-Life 3. Duke Nukem Forever 2",2025-05-22T18:47:06Z,5,Numerous_Ad_9579,gaming,2025-05-25T19:56:45.103667Z
mtphekw,1ksyby6,reddit,Arc raiders baby!!!!!!!!!!!!!!!!!!!Lm,2025-05-22T19:19:09Z,5,StayAtHomeDadVR,gaming,2025-05-25T19:56:45.103670Z
mtp9ggx,1ksyby6,reddit,Another Skyrim release,2025-05-22T18:40:40Z,5,DeepFuckingKoopa,gaming,2025-05-25T19:56:45.103674Z
mtpax61,1ksyby6,reddit,Silksong shadowdrop 🤡,2025-05-22T18:47:44Z,3,TheSinfulGamer666,gaming,2025-05-25T19:56:45.103677Z
mtp9mkz,1ksyby6,reddit,More about Clockwork Revolution,2025-05-22T18:41:29Z,2,gumpythegreat,gaming,2025-05-25T19:56:45.103680Z
mtpavv4,1ksyby6,reddit,Judas,2025-05-22T18:47:33Z,2,TideFanRTR,gaming,2025-05-25T19:56:45.103683Z
mtpbeu6,1ksyby6,reddit,Gears of War E-Day update,2025-05-22T18:50:06Z,2,Buzzd-Lightyear,gaming,2025-05-25T19:56:45.103687Z
mtpd84k,1ksyby6,reddit,"Nothing specific tbh, I'm looking forward to the 2 Fromsoftware games that were announced for PC and Switch 2, and after that, the new Mario Kart World, Metroid 4, and maybe the new DK game on Switch 2.

PC wise, I think the new Lies of P DLC would be something cool to try out, I really liked that game and the way the devs managed to hook me in, so much so, that there is a moment in that game that, for the first time in my gaming life, made me put down the pad and contemplate the meaning of "" what is life"" and what is ""alive"".

It was an extremely profound moment that was influenced by a game and not by my usual viewing of religious or philosophical videos I'd watch on Youtube.",2025-05-22T18:58:49Z,2,Nanganoid3000,gaming,2025-05-25T19:56:45.103690Z
mtpgxic,1ksyby6,reddit,Season 3 and more updates for Street Fighter 6,2025-05-22T19:16:51Z,2,parttime20xx,gaming,2025-05-25T19:56:45.103693Z
mtpkgjz,1ksyby6,reddit,Kingdom Hearts 4 but I’m not expecting it. Just hope that it’ll be there.,2025-05-22T19:34:12Z,2,KhKing1619,gaming,2025-05-25T19:56:45.103696Z
mtr4lph,1ksyby6,reddit,Silksong,2025-05-23T00:35:06Z,2,VoidHunter001,gaming,2025-05-25T19:56:45.103700Z
mtx3x1l,1ksyby6,reddit,Persona 6,2025-05-23T22:57:39Z,2,JNorJT,gaming,2025-05-25T19:56:45.103703Z
mtpa67g,1ksyby6,reddit,A ton of ads,2025-05-22T18:44:08Z,2,Gurglespear,gaming,2025-05-25T19:56:45.103715Z
mtsvkyk,1ksyby6,reddit,"Expedition 33 2. Dunno how or why, but I NEED Sandfall to make more games.",2025-05-23T08:31:49Z,2,kynthrus,gaming,2025-05-25T19:56:45.103718Z
mtpa51y,1ksyby6,reddit,Yotei gameplay,2025-05-22T18:43:59Z,1,hasanman6,gaming,2025-05-25T19:56:45.103721Z
mtpdqp9,1ksyby6,reddit,"Crimson Desert, This will be the DD2 that never was.",2025-05-22T19:01:17Z,1,Riku7kun,gaming,2025-05-25T19:56:45.103724Z
mtpfrv5,1ksyby6,reddit,"Yotei gameplay, RE9, maybe a FF7 part 3 teaser and more Heretic prophet info",2025-05-22T19:11:10Z,1,iiniVijuY,gaming,2025-05-25T19:56:45.103727Z
mtqqr21,1ksyby6,reddit,That VTM 2 isn't going to be as bad as I think it is.,2025-05-22T23:13:53Z,1,Dbnerdcraft,gaming,2025-05-25T19:56:45.103731Z
mts6tic,1ksyby6,reddit,P6 and re9,2025-05-23T04:43:50Z,1,mikethemightywizard,gaming,2025-05-25T19:56:45.103734Z
mts8n9k,1ksyby6,reddit,Kingdom Hearts 4 it won't happen but I'll continue to cope.,2025-05-23T04:58:35Z,1,dolphincave,gaming,2025-05-25T19:56:45.103738Z
mtsvjgu,1ksyby6,reddit,"Summer, some games, bit of a fest.",2025-05-23T08:31:23Z,1,Less_Party,gaming,2025-05-25T19:56:45.103741Z
mtsxd1s,1ksyby6,reddit,Probably arc raiders shadow dropping since thats what they did with the finals,2025-05-23T08:49:55Z,1,getlostjackass,gaming,2025-05-25T19:56:45.103745Z
mtw6zfg,1ksyby6,reddit,"* Exodus, new trailer / release window
* Witcher 1 Remake, trailer / release date
* Phantom Blade **Zero**, new trailer / release date
* Replaced,  release date
* Max Payne 1&2 Remake, trailer / release date
* Mewgenics, trailer / release date
* Mariachi Legends, trailer / demo
* Crimson Desert, release date
* Subnautica 2, new trailer / early access begins
* Slay the Spire II, new trailer / release date
* Hollow Knight: Silksong, release date
* ArcheAge Chronicles, trailer / closed beta announced
* Witchbrook, release date
* Persona 6, trailer / release window
* NINJA GAIDEN 4, new trailer / release date
* Judas, new trailer / release window
* Arc Raiders, open beta to all + release date",2025-05-23T19:59:25Z,1,stamps1646,gaming,2025-05-25T19:56:45.103748Z
mtxo7oq,1ksyby6,reddit,Forza Horizon 6,2025-05-24T01:02:24Z,1,GD_Toxin,gaming,2025-05-25T19:56:45.103751Z
mtyvdh4,1ksyby6,reddit,Light No Fire trailer and release date.,2025-05-24T06:23:44Z,1,Gumsk,gaming,2025-05-25T19:56:45.103754Z
mtpbgmz,1ksyby6,reddit,Jurassic Park Survival,2025-05-22T18:50:21Z,1,CoolStoryDJ,gaming,2025-05-25T19:56:45.103757Z
mtpbvkj,1ksyby6,reddit,I hope we see more about the Okami sequel.,2025-05-22T18:52:21Z,1,Mikon77,gaming,2025-05-25T19:56:45.103760Z
mtpdmlm,1ksyby6,reddit,"\-Persona 6, metaphor 2, anything from Atlus

\-New Resident Evil

\-More Silent Hill content, SH2 remake was awesome and would love to see the franchise revived.

\-A new Remedy game whether it's AW or Control, idc.

\-Some more info on Project Orion

\-Some more Playstation first party games (been a serious drought for them lately)

\-An actual answer on whether the KOTOR remake is coming or not.",2025-05-22T19:00:44Z,0,TPDC545,gaming,2025-05-25T19:56:45.103763Z
mtq2f0i,1ksyby6,reddit,"Honestly my expectations are pretty low, not out of pessimism but just because I don't really know what to expect for the near future. I think we'll probably alot of exciting teasers for projects that are a long way away but there's not much on the horizon beside GTA. 

Id like to see more remasters/ports of old games, feels like easy wins for studios and there are some old games I'd like to replay on PC.",2025-05-22T21:01:18Z,0,CaptainPieces,gaming,2025-05-25T19:56:45.103767Z
mtpc5mi,1ksyby6,reddit,Rainbow Six Vegas remake or remaster,2025-05-22T18:53:41Z,-1,CBadez10,gaming,2025-05-25T19:56:45.103770Z
mt3q5p9,1kq4ha8,reddit,Looking friends for GTA V (pc),2025-05-19T11:14:33Z,2,Tripping_Panda,gaming,2025-05-25T19:56:46.070222Z
mt81mbb,1kq4ha8,reddit,[removed],2025-05-20T01:21:36Z,1,N/A,gaming,2025-05-25T19:56:46.070233Z
mtd23fl,1kq4ha8,reddit,"Anyone supporting small independent game development studios? If yes, check out Fuddled Studio on X and TikTok and first game ""Ines"" , available on steam and itch.",2025-05-20T20:55:53Z,1,Plus-Rooster-3267,gaming,2025-05-25T19:56:46.070240Z
mtexal5,1kq4ha8,reddit,"Hey, it’s VeliFPS I’ve been grinding trying to create content and build a nice community of gamers. I would love if yall showed me some love. Im new to Reddit, trying to build a core fanbase and family",2025-05-21T03:23:44Z,1,VeliFPS,gaming,2025-05-25T19:56:46.070248Z
mt8r8lc,1kq4ha8,reddit,"Guys, I would like you to recommend some games with a maximum of 10 hours or indie games based on your experience 😄",2025-05-20T04:16:22Z,1,qualquer_coisafds,gaming,2025-05-25T19:56:46.070255Z
mt8zk7w,1kq4ha8,reddit,Marvel rivals anyone?,2025-05-20T05:26:03Z,1,Definite1757,gaming,2025-05-25T19:56:46.070262Z
mt3d1vy,1kq4ha8,reddit,I’m in,2025-05-19T09:11:11Z,0,ComplexWrangler1346,gaming,2025-05-25T19:56:46.070269Z
mt571xe,1kq4ha8,reddit,identity v fans.... befriend me,2025-05-19T16:19:16Z,0,Formal_Alps1901,gaming,2025-05-25T19:56:46.070276Z
mt6ujp1,1kq4ha8,reddit,Nice try KGB!,2025-05-19T21:11:20Z,0,JourneyBeforeChouta,gaming,2025-05-25T19:56:46.070284Z
mt8nycx,1kq4ha8,reddit,\#fc25 #efootball xbox/ps5,2025-05-20T03:50:59Z,0,PBTails,gaming,2025-05-25T19:56:46.070291Z
mt4rurz,1kq4ha8,reddit,Woo,2025-05-19T15:03:21Z,-1,OfficialVHL,gaming,2025-05-25T19:56:46.070298Z
mszm2sv,1kppmuu,reddit,Stellaris.,2025-05-18T17:51:52Z,16,Ok_Director_7975,gaming,2025-05-25T19:56:47.195016Z
mt0hh1d,1kppmuu,reddit,"going to hit a shot in the dark with a suggestion you likely havent seen 500 times.

Zephon. it's a scrappy passion project made by the developers of gladius, who originally cut their teeth on a game called Pandora which was a spiritual successor to alpha centauri that couldn't quite chew all it bit off. i still love pandora but shows its age and its lack of budget

zephon hits quite different, though. it has its own setting with extremely compelling lore, has great gameplay mechanics and depth, and very interesting diplomacy for a 4x. its challenging and narrative driven which isn't something i can say for any 4x game made by firaxis, and like endless legend has extremely interesting narratives and a changing world state as you play.

if you're a fan of SMAC or EL i recommend this a lot - if you havent played either of those games you should too. endless legend is a masterpiece and alpha centauri is a timeless classic.

https://store.steampowered.com/app/1481170/ZEPHON/",2025-05-18T20:39:28Z,5,Kaydie,gaming,2025-05-25T19:56:47.195028Z
mszlkz7,1kppmuu,reddit,"My uncle has played those “Sins of a Solar Empire” for as long as I can remember, they have a cool title so maybe start there",2025-05-18T17:49:20Z,3,justlogmeinplease,gaming,2025-05-25T19:56:47.195034Z
mt00mmi,1kppmuu,reddit,"AoW4 is fun, but its no longer on sale.",2025-05-18T19:08:54Z,2,Syntallas,gaming,2025-05-25T19:56:47.195042Z
mt54ko7,1kppmuu,reddit,There's also Xenoblade chronicles which is a well known RPG that you may like.,2025-05-19T16:06:52Z,2,KnexXHyperX,gaming,2025-05-25T19:56:47.195049Z
mszl6nn,1kppmuu,reddit,I remember Humankind being quite fun?,2025-05-18T17:47:18Z,2,HunterLionheart,gaming,2025-05-25T19:56:47.195057Z
mt08a7i,1kppmuu,reddit,Avorion,2025-05-18T19:50:38Z,2,RoberBots,gaming,2025-05-25T19:56:47.195065Z
mt09zlv,1kppmuu,reddit,"Just to add another perspektive:
X4 Foundations might also be for you. 
It's Not a Classic 4X Game and certainly Not round based, but it gives you the tools for empire building and to shape/influence the universe.
The learning curve is quite steep though...",2025-05-18T19:59:41Z,2,Spuelmaschinist,gaming,2025-05-25T19:56:47.195072Z
mszluxl,1kppmuu,reddit,Neptune’s Pride,2025-05-18T17:50:46Z,1,ITREALLYISSUNNY,gaming,2025-05-25T19:56:47.195079Z
mszrhkq,1kppmuu,reddit,"Galactic Civilization IV is good, though has a lot of DLC. Base game is on sale right now.",2025-05-18T18:20:04Z,1,RoanWoasbi,gaming,2025-05-25T19:56:47.195086Z
mszuu5c,1kppmuu,reddit,Endless legend 2 when it comes out,2025-05-18T18:38:00Z,1,Mormanades,gaming,2025-05-25T19:56:47.195092Z
mszxpw3,1kppmuu,reddit,Millennia is pretty fun. The various ways the eras can go makes the gamer fairly interesting. You can make the world an analog of our own or live out the air/steampunk fantasy where aether is actually real,2025-05-18T18:53:26Z,1,moderngamer327,gaming,2025-05-25T19:56:47.195099Z
mt0064y,1kppmuu,reddit,"Id look at any paradox game, but they are all endless dlc hubs. I assume when you say not other civ games you mean not from the civilization series. I'll recommend some civ-like things, knights of honor 2 sovereign and revival-recolonization. A space game called Pegasus expedition and then a fantasy game called ""Eador masters of the broken world"" (which is a rabbit hole in the 4x world in some ways).",2025-05-18T19:06:28Z,1,Catasalvation,gaming,2025-05-25T19:56:47.195107Z
mt1a4d1,1kppmuu,reddit,"I really like Stellaris. But it got a pretty big overhaul of some core systems about two weeks ago, and the dust hasn't settled yet. There are still some bugs and balance issues, but they keep patching the game. It's a bit disappointing that they released the update in such an unpolished state, but Stellaris still is one of my favorite strategy games.",2025-05-18T23:22:09Z,1,Ireeb,gaming,2025-05-25T19:56:47.195113Z
mt1w8ru,1kppmuu,reddit,Age of Wonders 4 or Stellaris,2025-05-19T01:39:21Z,1,TheAncientMillenial,gaming,2025-05-25T19:56:47.195120Z
mt3h8cj,1kppmuu,reddit,"I liked Age of Wonders 4 a lot! Try it out, there is also always Crusader Kings 3 but it has loads of DLCs.",2025-05-19T09:54:36Z,1,INBobanodGuncata,gaming,2025-05-25T19:56:47.195127Z
mt3q0sz,1kppmuu,reddit,Shadow Empire is amazing.,2025-05-19T11:13:28Z,1,ody81,gaming,2025-05-25T19:56:47.195134Z
mt5i7tj,1kppmuu,reddit,Total war series or stellar is,2025-05-19T17:13:53Z,1,CapN_DankBeard,gaming,2025-05-25T19:56:47.195141Z
mt6ojc7,1kppmuu,reddit,"I'm not sure what you've already played, but there's always the classics - Alpha Centauri, Master of Orion 1/2, Distant Worlds: Universe (not Distant Worlds 2), Master of Magic (original, I haven't played the 2022 remake).  Interstellar Space: Genesis is a more recent indie one that's pretty solid.

My personal favorite is Ascendancy - it's not on Steam or GOG so you'll have to high seas it, but it was a 4X by a small studio back in 1995.  The AI is kind of dumb and it has basically no storyline but it's got a few fun systems that aren't really replicated anywhere else.

Endless Space 2 is also a solid one.  It's a little bit less complex than the usual stuff but it's one of the most gorgeous 4X games I've ever played.  Caveat is it has a fair list of DLC, but it's mostly just race packs and small story packs.  Definitely don't install the Hissho DLC.",2025-05-19T20:41:35Z,1,Donnicton,gaming,2025-05-25T19:56:47.195148Z
mt7jmow,1kppmuu,reddit,"Warlock 2: The Exiled

Civ in a fantasy setting

[https://store.steampowered.com/app/205990/Warlock\_2\_The\_Exiled/](https://store.steampowered.com/app/205990/Warlock_2_The_Exiled/)",2025-05-19T23:32:09Z,1,Passinonreddit,gaming,2025-05-25T19:56:47.195155Z
mt8789c,1kppmuu,reddit,Age of Wonders 4 or the Sci-fi version Planetfall are a lot of fun.,2025-05-20T01:56:19Z,1,Loud-mouthed_Schnook,gaming,2025-05-25T19:56:47.195161Z
mtj4vs0,1kppmuu,reddit,"For a change of pace I would recommend the Anno series.

It is not hex based and simplifies some things, but makes other things a little more interesting. I played the 1800 entry of the series and enjoyed it.",2025-05-21T19:52:20Z,1,Dartimien,gaming,2025-05-25T19:56:47.195168Z
mu2cwg1,1kppmuu,reddit,Total War: Warhammer,2025-05-24T20:30:54Z,1,GamerNerdGuyMan,gaming,2025-05-25T19:56:47.195176Z
mszjwdr,1kppmuu,reddit,Civ6,2025-05-18T17:40:45Z,-3,N/A,gaming,2025-05-25T19:56:47.195183Z
mssj4t5,1kosicz,reddit,"I have yet to find a way to make the cars in D3 feel heavier. It's still a great game but just feels different and more arcadey than D2. It is still better than dirt 5 controls though imo which felt like need for speed. Just enjoy D3 for what it is, it's still a great game and one I go back to often. The cars feel much better and weightier in D4 and the Rally Games. DR2.0 hit the sweet spot for me",2025-05-17T13:43:51Z,1,Unique_Cake_3516,gaming,2025-05-25T19:56:48.134813Z
msoxmg4,1ko7w1b,reddit,You could shorten the clicking and down time by a quick internet search per game. But dunno if this helps. Most games have a quick overview on their home page and also about upcoming releases,2025-05-16T21:04:04Z,3,LeMakais,gaming,2025-05-25T19:56:49.049716Z
mso3vxt,1ko7w1b,reddit,"well since there is no way. My suggestion is simply focus the games you are mostly playing. And dont worry about the rest.

and if you dont own the games. Simply make a priority list of what you want most and focus on that",2025-05-16T18:32:34Z,1,Yaminoari,gaming,2025-05-25T19:56:49.049723Z
mssgrsq,1ko7w1b,reddit,"Open steam. At the top, click help. Click purchases. Scroll down and click view complete purchasing history. There's nothing that definitively says X is a DLC item, but it seems most of them have a - or : in the title if you want to CTRL F for those.",2025-05-17T13:28:49Z,0,EmotionalKirby,gaming,2025-05-25T19:56:49.049727Z
msar1qb,1kmk44m,reddit,"How about the original game, Call of Cthulhu.",2025-05-14T16:50:16Z,6,Nabrok_Necropants,gaming,2025-05-25T19:56:49.968956Z
msas886,1kmk44m,reddit,"Look up ""Monster of the Week"". It's Powered by the Apocalypse engine so all you need is 2d6 and a few character sheets. The general gist of the game is that the players are anything from the Scooby-Doo Gang, to the Winchester brothers, to Agents Scully and Mulder to SCP Mobile Task Force operatives, so it shouldn't take much to tweak it to fit the Cthulhu mythos.",2025-05-14T16:55:50Z,3,PowerSkunk92,gaming,2025-05-25T19:56:49.968966Z
msazotn,1kmk44m,reddit,"I think WoD could do really well for a Cthulhu based game, but there are a few existing lovecraftian systems already.",2025-05-14T17:30:51Z,2,vastros,gaming,2025-05-25T19:56:49.968975Z
msew5hs,1kmk44m,reddit,"How simple do you want? You can do it Kids on bikes style and make one of the dice ""insanity"" or whatever you want.",2025-05-15T07:49:27Z,2,kynthrus,gaming,2025-05-25T19:56:49.968982Z
mshwdiy,1kmk44m,reddit,EDIT: Thanks for the suggestions!,2025-05-15T18:56:32Z,1,urson_black,gaming,2025-05-25T19:56:49.968989Z
mrzzplm,1kl4quu,reddit,"One of the areas in gaming I like to just relax in is Majula from Dark Souls 2, the music, the subtle tones and notes the music provides, whilst looking out into the sea is simply amazing, 

It allows for so much space and time, the music just feels like time slows down for a bit and you think "" after ALL THAT DEATH, I can finally relax"" XD 

\\\[T\]/",2025-05-12T23:20:37Z,6,Nanganoid3000,gaming,2025-05-25T19:56:51.583378Z
mrzht6y,1kl4quu,reddit,[removed],2025-05-12T21:40:31Z,9,N/A,gaming,2025-05-25T19:56:51.583389Z
mrzlvos,1kl4quu,reddit,"A bit cramped compared to what was mentioned so far, but I like walking around the Space Rig/watching planet  Hoxxes in Deep Rock Galactic through the big window.

Otherwise Flamerock Refuge from Tiny Tina's Assault on Dragon Keep and the Hamlet from Darkest Dungeon. I admit I'm odd lol.",2025-05-12T22:02:03Z,4,StoneAnchovi6473,gaming,2025-05-25T19:56:51.583397Z
ms0elwl,1kl4quu,reddit,"Core mining in an asteroid belt in Elite Dangerous. Drift about firing off charges, back up, watch the kaboom, gaze out over the belt into the nearby star cresting over the planet horizon, drift back in scooping up chunks.",2025-05-13T00:43:52Z,4,ozx23,gaming,2025-05-25T19:56:51.583405Z
mrzm6zh,1kl4quu,reddit,Personally I love flying around in Jet Island for PCVR. I find it very relaxing.,2025-05-12T22:03:47Z,2,AerialSnack,gaming,2025-05-25T19:56:51.583413Z
mrzvlm9,1kl4quu,reddit,Cyberpunk 2077 for me,2025-05-12T22:56:50Z,2,friedchickensundae1,gaming,2025-05-25T19:56:51.583420Z
mrzwkh7,1kl4quu,reddit,The USG Ishimura,2025-05-12T23:02:27Z,2,IvnN7Commander,gaming,2025-05-25T19:56:51.583427Z
ms01p4i,1kl4quu,reddit,"Oh yeah, rain and thunderstorms in GTA5 are great) I also like to drive in the rain with my radio)

And in general - I don't know about relaxing, but I love Majula from DarkSouls 2. There is beautiful light, a view of the sea and calm, lulling music)

DS2 was my first Souls, when I was still a little clumsy noob and every location shook the soul out of me, forgive the pun) For me, Majula was a place ... a special place, in short) Maybe it is not the most relaxing place for others, but for me, in contrast to the emotions of those years, the old settlement on the cliff remained in my memory as the most relaxing place)",2025-05-12T23:31:01Z,2,Elemetalist,gaming,2025-05-25T19:56:51.583434Z
ms0r0i9,1kl4quu,reddit,"kcd2, everywhere basically",2025-05-13T01:56:42Z,2,xbearsandporschesx,gaming,2025-05-25T19:56:51.583441Z
ms157gm,1kl4quu,reddit,"Setting sail in Sea of thieves is always relaxing for me, such a beautiful game and I can give it as little or as much engagement as I need that day and still enjoy the experience",2025-05-13T03:23:34Z,2,ErrorCode51,gaming,2025-05-25T19:56:51.583448Z
ms1l19e,1kl4quu,reddit,Kingdom come has some very nice scenery and weather,2025-05-13T05:22:53Z,2,oddmar24,gaming,2025-05-25T19:56:51.583455Z
ms2e7n8,1kl4quu,reddit,"Flying on a sunwing in horizon forbidden west is quite relaxing for me. The music, the views, the whole package is great.",2025-05-13T10:11:18Z,2,Everyones-Grudge,gaming,2025-05-25T19:56:51.583462Z
mrzj8sa,1kl4quu,reddit,"There are a few places I tend to make a base at in Green Hell because they are beautiful, if you can get to that self-sufficient state where you have everything you need on hand it will be the most zen place in the world",2025-05-12T21:47:58Z,1,Dinostra,gaming,2025-05-25T19:56:51.583468Z
ms03w6e,1kl4quu,reddit,"night walks in Beauclair, in Witcher 3",2025-05-12T23:43:01Z,1,lakhbhangi,gaming,2025-05-25T19:56:51.583475Z
ms06l9n,1kl4quu,reddit,Animal Crossing and Legened of Zelda comes to mind.,2025-05-12T23:57:38Z,1,agitated--crow,gaming,2025-05-25T19:56:51.583481Z
ms0dmgx,1kl4quu,reddit,"Onars Farm Or the mine Valley Castle in gothic 2

Pre-Searing Areas in Guild wars 1 <3",2025-05-13T00:38:04Z,1,SinkAffectionate6192,gaming,2025-05-25T19:56:51.583488Z
ms0jnr6,1kl4quu,reddit,The camp in Clair Obscur after finding a few discs. Just chilling while hearing songs from the OST and seeing the >!Paintress!< in the distance.,2025-05-13T01:13:52Z,1,Bare-baked-beans,gaming,2025-05-25T19:56:51.583495Z
ms0l40t,1kl4quu,reddit,"the forests and just nature in Breath of the Wild/Tears of the Kingdom - granted, it holds special meaning to me because of the time when I played them, but still, so soothing scenery and sounds",2025-05-13T01:22:23Z,1,matkata99,gaming,2025-05-25T19:56:51.583502Z
ms2yhnj,1kl4quu,reddit,"Illium in Mass Effect 2. Or the apartment in ME3.

Clair Obscur's... well.. anything :D

Oblivion / KCD2's nature.",2025-05-13T12:41:52Z,1,saiyadjin,gaming,2025-05-25T19:56:51.583510Z
ms3ykf6,1kl4quu,reddit,Majula is top notch,2025-05-13T15:50:15Z,1,guy_blows_horn,gaming,2025-05-25T19:56:51.583517Z
ms62e5l,1kl4quu,reddit,"I will highly recommend AC: Shadows for this. The entire map is just *gorgeous*. Can't tell you any specific spots but it's the only game in a very long time that has had me in absolute awe of the environment. It's a bit dependent on the season, but you can generally just find a path and walk it and get totally lost in the visuals. Best looking game I've ever played, and the story (imo) is quite compelling, too.",2025-05-13T22:00:04Z,1,I_Am_Hank_Hill_AMA,gaming,2025-05-25T19:56:51.583524Z
ms6eje6,1kl4quu,reddit,"Back when I was playing Guild Wars 2 I really enjoyed the mechanic where you could collect those ""vista"" locations, where you'd clamber up to some spot and then get to see a panning shot of the world around. Kinda just found myself wandering in search of those.

Otherwise probably Abzu, though as a game it's JUST for relaxing and looking at things so maybe that's cheating.",2025-05-13T23:08:26Z,1,bscotchAdam,gaming,2025-05-25T19:56:51.583543Z
mrzrp9g,1kl4quu,reddit,"If you have friends to play with VRChat is very relaxing, or even if you just want to explore world's on your own. It's really calming for me. Just please for the love of God avoid public servers if you value your mental health. ",2025-05-12T22:34:35Z,1,WoahItsBeebs,gaming,2025-05-25T19:56:51.583557Z
mrzb6nt,1kl0jo1,reddit,Any site with copy protection will cause the replay or capture function to turn off.  Only really old Geforce Experience versions (3.14 maybe?) will record everything and they always find a way to update to a version that can turn off the capture.  Not sure if they support the newest cards or work on the newest drivers.,2025-05-12T21:06:08Z,5,IgnorantGenius,gaming,2025-05-25T19:56:52.539589Z
ms27rjp,1kl0jo1,reddit,Steam recording saved me from this,2025-05-13T09:06:52Z,3,cokeknows,gaming,2025-05-25T19:56:52.539602Z
mrzginh,1kl0jo1,reddit,"Yep I have no idea how to fix this. Dealt with it for many years on my 3060 and it would be completely unreliable. Completely.

Moved to AMD, and it’s even worse. Now it just seems to randomly be fully and completely crashed. At least with Nvidia, the software overlay would be running even if the replay system turned off randomly. lol. There’s no saving you here.",2025-05-12T21:33:43Z,2,N/A,gaming,2025-05-25T19:56:52.539610Z
mrylxry,1kl0jo1,reddit,"I ended up abandoning the nvidia app for recording and switched out to OBS for this reason. There is also the rework/side project of ""replays"" it is called from the Raptr days.",2025-05-12T18:59:21Z,4,RetroSwamp,gaming,2025-05-25T19:56:52.539619Z
mryrher,1kl0jo1,reddit,Visiting the Netflix website turns it off.,2025-05-12T19:27:20Z,1,Zyin,gaming,2025-05-25T19:56:52.539628Z
mrzo8gn,1kl0jo1,reddit,"I've stopped relying on that shitty app. It always seems to be up and running when I don't care about it, but the moment that something actually interesting happens I'd like to save, it doesn't work.

The Windows Game Bar app seems marginally better, but it's ""intelligence"" in determining what is and isn't a game (good luck with borderless fullscreen, it's a complete crapshoot) leads me to the same results in captures often not being saved.",2025-05-12T22:15:03Z,1,entity2,gaming,2025-05-25T19:56:52.539636Z
ms7b83a,1kl0jo1,reddit,"I have the same issue when using my latop 3070ti. on my desktop , this never happens",2025-05-14T02:19:22Z,1,tkdHayk,gaming,2025-05-25T19:56:52.539645Z
msp7vuj,1kl0jo1,reddit,Yes and it’s been pissing me the fuck off lately. ,2025-05-16T21:59:27Z,1,Key-Comfortable4062,gaming,2025-05-25T19:56:52.539653Z
ms0j08b,1kl0jo1,reddit,"Make the swap to obs, it's so much better and you don't have to deal with Nvidia fucking things up every time",2025-05-13T01:09:59Z,0,o_mis,gaming,2025-05-25T19:56:52.539662Z
mrsn8wx,1kk8vc6,reddit,"Path of exile for free, poe2 for paid",2025-05-11T19:18:02Z,17,excluded,gaming,2025-05-25T19:56:53.643967Z
mru5n7a,1kk8vc6,reddit,Final Fantasy X,2025-05-12T00:37:29Z,10,Mammoth_Athlete_8525,gaming,2025-05-25T19:56:53.643983Z
mrspzr6,1kk8vc6,reddit,"If you like ARPGs, Last Epoch. Has skill trees for every skill, which allow you to change the behaviour of the skill in many different way, often causing the skill to behave wildly different than the base. Also, many skill trees have nodes that interact with different skills, which I find pretty cool.",2025-05-11T19:33:24Z,10,stebobibo7,gaming,2025-05-25T19:56:53.643995Z
mrsncl2,1kk8vc6,reddit,Clair Obscur: Expedition 33,2025-05-11T19:18:36Z,13,PontusFrykter,gaming,2025-05-25T19:56:53.644005Z
mrtv75u,1kk8vc6,reddit,"Have you checked out Dishonored 2? The skill trees are well thought out, and the powers you get can really change how you approach the game's levels. It’s got a great mix of combat and stealth upgrades!",2025-05-11T23:30:41Z,5,LynnBeauty789,gaming,2025-05-25T19:56:53.644015Z
mrstnq5,1kk8vc6,reddit,Not a skill tree but a very unique skill system is Tron 2.0,2025-05-11T19:53:51Z,2,Arcodiant,gaming,2025-05-25T19:56:53.644025Z
mrt4961,1kk8vc6,reddit,"Fear&Hunger 2.

Your experience will be completely different based on what skills you pick.

For example on one of the characters you can get a skill that lets you build weapons out of random parts. This then makes scavenging even more fun as you hope to find the right parts you need to make the weapon.

Or maybe go necromancy and had some zombies tank for you.",2025-05-11T20:51:30Z,2,RemusLupinz,gaming,2025-05-25T19:56:53.644036Z
mrsnhq3,1kk8vc6,reddit,Skyrim will always be the first game I think of when I hear skill tree,2025-05-11T19:19:25Z,5,thunderboxer,gaming,2025-05-25T19:56:53.644044Z
mrsskwi,1kk8vc6,reddit,"I will be controversial but my feelings are aRPG like Path of Exile or Diablo are good for first few hours later it becomes Vampire Survivor boring loop. 

Regular AAA maybe Cyberpunk.",2025-05-11T19:47:54Z,4,DifficultyVarious458,gaming,2025-05-25T19:56:53.644052Z
mrtn8us,1kk8vc6,reddit,"If you like the Spider-Man games, you should check out Sunset Overdrive. It’s just like those games but more XXXTREME! Similar skill tree, where you pick up cool, noticeable abilities pretty quickly and then can improve those abilities as you use them. Super fun game and is usually on sale for really cheap. Like <$5 cheap. https://steamdb.info/app/847370/",2025-05-11T22:41:14Z,1,moosebaloney,gaming,2025-05-25T19:56:53.644061Z
mrtwb6s,1kk8vc6,reddit,Skyrim and the Final Fantasy 13 series.,2025-05-11T23:37:41Z,1,Blade779,gaming,2025-05-25T19:56:53.644070Z
mru6yps,1kk8vc6,reddit,FFX,2025-05-12T00:46:04Z,1,clsmn13,gaming,2025-05-25T19:56:53.644078Z
mru9xkr,1kk8vc6,reddit,"Guild Wars 2 is a great MMO that you can play most of completely free. It's specialization system is lots of fun to experiment with. You basically get to pick 3 mini skill trees out of your classes available 5 base trees + 3 from the expansions, then pick the traits you want out of those mini skill trees.",2025-05-12T01:05:02Z,1,aglock,gaming,2025-05-25T19:56:53.644089Z
mrw80ym,1kk8vc6,reddit,Check out Ultros! It's called the cortex and you need to consume odd substances to open your mind.,2025-05-12T11:14:28Z,1,brainlove,gaming,2025-05-25T19:56:53.644098Z
mrwgf3g,1kk8vc6,reddit,"If you can deal with the difficulty then Sekiro might be what you’re looking for. Just about every perk in each of the skill trees actually gives you something new that you can do; like new combat arts (special moves),  new abilities, and only a couple of them are just numbers upgrades.",2025-05-12T12:16:51Z,1,1kg_of_feathers,gaming,2025-05-25T19:56:53.644107Z
mrwo5sd,1kk8vc6,reddit,It's an older game not sure if its what your looking for But I enjoyed Tales of Vesperias skill system,2025-05-12T13:06:57Z,1,Yaminoari,gaming,2025-05-25T19:56:53.644117Z
mrwpilt,1kk8vc6,reddit,"You mentioned GoW and Spider Man…the Horizon games have some pretty cool skill trees, especially Forbidden West. God help you if you try to go full melee early game though.",2025-05-12T13:15:02Z,1,batshitnutcase,gaming,2025-05-25T19:56:53.644126Z
ms2sal2,1kk8vc6,reddit,Across the Obelisk.  Great skill trees and infinite free respecs.,2025-05-13T12:01:45Z,1,American_Suburbs,gaming,2025-05-25T19:56:53.644135Z
mrul641,1kk8vc6,reddit,Cyberpunk 2077 has really good skill trees. Making different builds alone can warrant multiple playthroughs.,2025-05-12T02:17:58Z,1,N/A,gaming,2025-05-25T19:56:53.644143Z
mqjufu6,1kem9vb,reddit,[removed],2025-05-04T15:36:19Z,2,N/A,gaming,2025-05-25T19:56:55.441174Z
mq5je42,1kctvjx,reddit,Has reddit been crashing alot for anyone else lately or is it just me? Lol?,2025-05-02T06:14:00Z,3,queenraspberry-6716,gaming,2025-05-25T19:56:56.515204Z
mq84ry9,1kctvjx,reddit,Boy did I pick the right year to transition over to PC. The console side is looking increasingly rough,2025-05-02T16:52:25Z,1,Ordinary_Parking5402,gaming,2025-05-25T19:56:56.515212Z
mq85tmm,1kctvjx,reddit,"What’s the difference between doom (2016) and doom eternal (2020)? Is it a part 1, then part 2? Or is it the same game/remaster? Wasn’t able to find this info online.",2025-05-02T16:57:15Z,1,aswas123,gaming,2025-05-25T19:56:56.515217Z
mq8e6vc,1kctvjx,reddit,"The perfect IP and setting for this ""extraction shooter"" market all the studios are chasing exists... and we'll never get to see it because it's owners are idiots.

And that setting is... The Matrix.",2025-05-02T17:36:22Z,1,N/A,gaming,2025-05-25T19:56:56.515221Z
mq8m2oi,1kctvjx,reddit,Does anyone want a free Doctor Strange skin code for Marvel Rivals? It came with my CPU and idk what to do with it,2025-05-02T18:13:35Z,1,Samuravi,gaming,2025-05-25T19:56:56.515226Z
mq8opea,1kctvjx,reddit,Who else is into playing or collecting arcade games?,2025-05-02T18:26:23Z,1,99saleenspeedster,gaming,2025-05-25T19:56:56.515230Z
mq8vr0n,1kctvjx,reddit,Is there any good games coming out that people are excited for that I should be looking out for,2025-05-02T19:01:08Z,1,N/A,gaming,2025-05-25T19:56:56.515234Z
mq90knj,1kctvjx,reddit,"another year waiting for GTA VI, Rockstar keeps playing
What if we play with them too, and no one buys GTA VI ? 😬😂😂",2025-05-02T19:25:03Z,1,joaocqueiros,gaming,2025-05-25T19:56:56.515238Z
mq91wu0,1kctvjx,reddit,The Chrono Trigger remake is recently confirmed to be true by accident from Square Enix,2025-05-02T19:31:43Z,1,elf124,gaming,2025-05-25T19:56:56.515243Z
mq9510m,1kctvjx,reddit,does anyone know how to defeat the bee boss in cuphead i cant figure it out,2025-05-02T19:47:14Z,1,NoStart444,gaming,2025-05-25T19:56:56.515247Z
mq9yx5w,1kctvjx,reddit,Any OG Aidan Chronicle fans here ? Used to love crushing Saturday mornings on that and pokemon stadium on our floor model tv,2025-05-02T22:21:10Z,1,No_Relation_3444,gaming,2025-05-25T19:56:56.515251Z
mqajaoq,1kctvjx,reddit,"Genuine question:

If there were to be another console arise, what would you want it to be? (New console as in new company, new exclusives, new design)",2025-05-03T00:19:45Z,1,Daddy_Gorilla37,gaming,2025-05-25T19:56:56.515255Z
mqb3xo6,1kctvjx,reddit,Has anyone else played tails of iron here?,2025-05-03T02:27:52Z,1,MinimumAd2443,gaming,2025-05-25T19:56:56.515260Z
mq8owmm,1kctvjx,reddit,"So gaming is already dead then? The overpriced compact PS4 isn't even out yet and Xbox has already joined the greed bandwagon. An American company by the way so tarriffs have nothing to do with it just like it had nothing to do with Nintendo's prices. Its just pure greed. Games have been shit this whole generation and arguably the last generation too so there's no reason to continue buying if this is the route they're taking.

So sad. And for what? Mario Kart 8 but with a useless empty world with nothing to do in it? Anyone who pre-ordered that piece of shit deserves to be publicly shamed and ridiculed.",2025-05-02T18:27:22Z,-1,GachiPls_DidntSave,gaming,2025-05-25T19:56:56.515264Z
mq666v7,1kctvjx,reddit,Nice,2025-05-02T10:08:02Z,0,ComplexWrangler1346,gaming,2025-05-25T19:56:56.515268Z
mq6jvrp,1kctvjx,reddit,"# Pac-Man?? Meh... Donkey Kong?? Yawn... Watch as the RETRO GAMING BOSS uncovers 5 obscure 80s arcade classics you MUST PLAY in 2025!

[https://youtu.be/eTIps5iB7kY?feature=shared](https://youtu.be/eTIps5iB7kY?feature=shared)",2025-05-02T11:56:56Z,-2,RetroGamingBoss1,gaming,2025-05-25T19:56:56.515272Z
mq509l7,1kcrhk2,reddit,"Shadow hearts. Old game tho, don't think it's available anywhere",2025-05-02T03:37:15Z,23,_Fistacuff,gaming,2025-05-25T19:56:58.368973Z
mq5046i,1kcrhk2,reddit,Lost Odyssey. One of my top 5 games of all time,2025-05-02T03:36:12Z,17,GrieverLuna,gaming,2025-05-25T19:56:58.368991Z
mq50yd8,1kcrhk2,reddit,Radiant Historia. JRPG made by Atlus for the DS with a fun time travel gimmick.,2025-05-02T03:42:05Z,11,crunchynutscereal,gaming,2025-05-25T19:56:58.369004Z
mq51ndw,1kcrhk2,reddit,"Skies of Arcadia.  Had the same turn-based combat BUT you characters didn't sit still in a row trading blows.  Attacks had directions, range, and area so where you were standing mattered.",2025-05-02T03:46:59Z,7,draco16,gaming,2025-05-25T19:56:58.369015Z
mq528io,1kcrhk2,reddit,Active battle systems have been a thing since Mario RPG,2025-05-02T03:51:04Z,16,RagnarokAeon,gaming,2025-05-25T19:56:58.369027Z
mq506g1,1kcrhk2,reddit,Like a Dragon and Like a Dragon Infinite Wealth ,2025-05-02T03:36:39Z,8,Think_Anteater2218,gaming,2025-05-25T19:56:58.369040Z
mq4zuq4,1kcrhk2,reddit,Legend of legaia got me fucked up as a kid,2025-05-02T03:34:22Z,4,Woody8716,gaming,2025-05-25T19:56:58.369053Z
mq52qh5,1kcrhk2,reddit,"Radiant Historia. With its 3x3 grid that enemies stand on, and you can shift some for various effects.",2025-05-02T03:54:38Z,4,GinKenshin,gaming,2025-05-25T19:56:58.369065Z
mq509p4,1kcrhk2,reddit,"Lost odessy and legend of the dragoon are basically what expedition 33 got its ideas from that mixed with person. 

Xenoblade Chronicles all 4 games have some unique combat. FF12 and bravely default",2025-05-02T03:37:16Z,10,xakira666x,gaming,2025-05-25T19:56:58.369090Z
mq50cas,1kcrhk2,reddit,"Infinite Wealth Is probably mine. Each party member has a circle you can move around in, you can use stuff from the environment and you can team up with other party members with positioning.

The class system is excellent as well.",2025-05-02T03:37:46Z,6,porkybrah,gaming,2025-05-25T19:56:58.369105Z
mq51dt7,1kcrhk2,reddit,"I'm slowly getting better at Atelier Ryza's combat and starting to enjoy it. Nothing groundbreaking, but it's different and kinda fun.",2025-05-02T03:45:07Z,3,Low_Recommendation85,gaming,2025-05-25T19:56:58.369119Z
mq54oru,1kcrhk2,reddit,"Sea of Stars has an attack combo system and block system in its turn based combat. 

And it can be played entirely in coop! Fantastic game",2025-05-02T04:08:55Z,3,TechxNinja,gaming,2025-05-25T19:56:58.369133Z
mq4zprj,1kcrhk2,reddit,SaGa Emerald Beyond. Every encounter is an intricate puzzle for the player to solve. Absolute masterclass in game design.,2025-05-02T03:33:23Z,2,Empty_Glimmer,gaming,2025-05-25T19:56:58.369146Z
mq50dja,1kcrhk2,reddit,Xenogear,2025-05-02T03:38:01Z,2,weak007,gaming,2025-05-25T19:56:58.369160Z
mq5in1d,1kcrhk2,reddit,Baten Kaitos was particularly great because it had interactive attack and defend turns in real time without being based around strict timing windows at all.,2025-05-02T06:06:47Z,2,do-not-contribute,gaming,2025-05-25T19:56:58.369174Z
mq5xz8b,1kcrhk2,reddit,"I actually really enjoyed the active turn based combat in Child of Light, released by Ubisoft in 2014. It’s a shame it didn’t get more sales.
And of course, Paper Mario The Thousand Year Door is also a fun take on turn based combat.",2025-05-02T08:43:49Z,2,echril,gaming,2025-05-25T19:56:58.369185Z
mq6gavf,1kcrhk2,reddit,"Valkyrie Profile had timed block, dodge and counters.

And in Paper Mario you also had to time attacks.

In Eternal Sonata blocking was pretty much essential late game and you could also move around in your turn to adjust your position. The skills you could use changed depending on your character standing in the light or shadow. Oh, and the archer character allowed you to aim your basic attacks.

Just a few on top of my head that I didnt see mentioned in other posts.",2025-05-02T11:31:52Z,2,ToyMasamune,gaming,2025-05-25T19:56:58.369199Z
mq54ev1,1kcrhk2,reddit,"Parasite Eve. It isn’t turn based, but it’s absolutely a fun experimental fusion of Resident Evil style survival horror inventory management and classic Squaresoft ATB combat",2025-05-02T04:06:54Z,3,ftw_needs_help,gaming,2025-05-25T19:56:58.369213Z
mq501oc,1kcrhk2,reddit,"It’s not a JRPG though, right?",2025-05-02T03:35:42Z,7,matwithonet13,gaming,2025-05-25T19:56:58.369226Z
mq52fw8,1kcrhk2,reddit,Battle Chasers Nightwar had a very cool battle system from what I remember. I had a rogue character as my tank and she'd dodge attacks instead of mitigating them.,2025-05-02T03:52:31Z,1,Breedo,gaming,2025-05-25T19:56:58.369239Z
mq52y2i,1kcrhk2,reddit,"Septerra Core

Lost Odyssey",2025-05-02T03:56:08Z,1,Dopa-Down_Syndrome,gaming,2025-05-25T19:56:58.369252Z
mq53wzw,1kcrhk2,reddit,Lost odyssey,2025-05-02T04:03:13Z,1,gamer0613,gaming,2025-05-25T19:56:58.369266Z
mq5im8g,1kcrhk2,reddit,Even if I started to play to the Persona games with Persona 4 The Golden on PS Vita I would say Persona games since their turn based combat systems are faster and stylish and in that way who think the classic turn based JRPG combat systems were slow enjoy the Persona games,2025-05-02T06:06:35Z,1,echoess84,gaming,2025-05-25T19:56:58.369279Z
mq5jwm5,1kcrhk2,reddit,"Legend of Legaia.

Havent seen a combat system since MAYBE Trinity Universe. Amd even that game wasnt as good.",2025-05-02T06:18:53Z,1,adelkander,gaming,2025-05-25T19:56:58.369293Z
mq5t5uf,1kcrhk2,reddit,"Like others mention I would have to go with yakuza(the LAD ones anyways) I believe that was the game that got me into turn based. before then I’m pretty sure I disliked it and wasn’t very open to trying it. Without that game I probably would of never tried Claire obscure,or persona, or even bg3",2025-05-02T07:52:31Z,1,Practical-Aside890,gaming,2025-05-25T19:56:58.369307Z
mq6avga,1kcrhk2,reddit,I really loved the last remnant. This game was awesome.,2025-05-02T10:49:52Z,1,brittasnoir,gaming,2025-05-25T19:56:58.369321Z
mq6nl9g,1kcrhk2,reddit,"crystal project is a game that everyone should look at. Its fantastic. Great soundtrack, great gameplay, and has solid mod support. The dev is super chill too.",2025-05-02T12:21:33Z,1,godwalking,gaming,2025-05-25T19:56:58.369334Z
mq6or8y,1kcrhk2,reddit,Legend of legaia. Combos were awesome.,2025-05-02T12:29:04Z,1,unspunreality,gaming,2025-05-25T19:56:58.369348Z
mq704zo,1kcrhk2,reddit,"both The last remnant

 (available for PS4, PS5 , { I guess } , PC and Xbox)

just a remind for those who tried this game on Xbox 360 and saw how unpolished it was, its  subsequent versions were improved, PC and PS4 versions are pretty decent.

and Valkyrie profile 2 are,  my favorites Jrpg ever, not only for their innovative takes on the genre, but also their difficult is kinda challenging but also balanced.

and the story is peak, and I don't even care for story in videogame that much. 

and it's worth mentioning Persona V is amazing as well.",2025-05-02T13:35:55Z,1,AntiVaxAntiScience,gaming,2025-05-25T19:56:58.369361Z
mqk79wz,1kcrhk2,reddit,"Mad how all of yous have failed to mention ni no kuni wrath of the white witch, it is the first game that brought me into the turn based JRPG series and it has real time mechanic where u can move freely in the combat zone which was very unique similar to the uniqueness of expedition 33 dodge and parry mechanic, the fact that a simple dodge and a parry mechanic not being present in most turn based JRPGs is enough for people to judge them and not play them infuriates me, I was one of those people judging turn based JRPGs having never played one just on the basis of the term “turn based” sounds boring to most people at first but the strategic elements is engaging an the mechanics that go into games like the trails series is far more than u would see in your generic third person hack and slash button mashing games, expedition 33 would have been just as good without the dodge or parry mechanic and if it was the same as trails series in terms of turns, although I had played persona series before and have since downloaded all the best JRPGs since playing ni no kuni and expedition 33 , ni no kuni is also one of the only games where I listen to story and all cutscenes and talk to every NPC as I usually play games for combat and gameplay as I’m impatient with my ADHD although depending on the game i will start to listen to the story in games too",2025-05-04T16:42:44Z,1,Educational_Bend_331,gaming,2025-05-25T19:56:58.369375Z
mq506dd,1kcrhk2,reddit,Chess,2025-05-02T03:36:38Z,1,EitherRecognition242,gaming,2025-05-25T19:56:58.369390Z
mq52c0r,1kcrhk2,reddit,"I'd actually love some recommendations here, because i've really enjoyed Clair Obscur.

There are a few caveats though, reasons why i've enjoyed this and not most other turn based RPGs.

The main problem being I'm just not a big fan of 'very Japanese' stories, characters or art direction (Clair Obscur feels FAR more Western to me). I find their stories convoluted in silly ways. Characters are often very stereotypical Japanese ones like the awkward protagonist guy, zany crazy one, subdued and quiet girl etc (they just don't do it for me). I also am not a fan of a lot of Japanese game's art direction. I HATE how Persona games look (i hate their stories and characters too honestly) and even Final Fantasy has that anime vibe to it.

The other thing is standard old school turn based combat just bores me. The addition of attack prompts, dodge, parry, jump, counter etc makes the combat here far more engaging.

While i personally don't like quite how vague this game's story is and how we don't know much about the characters (makes it a little hard to care about them), i can't remember a turn based game keeping me interested like this.

So.... are there any others I might like? I checked out the trailer for Hundred Line and there is no way I'm touching that.",2025-05-02T03:51:45Z,-4,CutMeLoose79,gaming,2025-05-25T19:56:58.369404Z
mpmzu9p,1kakris,reddit,"Yeah, the game is worth the shot. Me and my spouse had a lot of fun playing it but we both think It Takes Two was better (mostly due to characters, dialogue, and story).

BTW, the benches can be considered a collectible. There is also a decent amount of hidden stuff related to trophies/achievements, and not all of it is obvious.",2025-04-29T10:57:12Z,13,meero_mdk,gaming,2025-05-25T19:56:59.347578Z
mpn7bj4,1kakris,reddit,"The collectible thing is simply a matter of preference, because I think it actually was better because of the lack of collectibles. 

The hard sections of the game were mostly skill related though, I only remember one part (centipede thing) where the controls became cumbersome. For the most part I enjoyed all of the challenges and thought they were well made. 

The story and characters are by far the weakest point. Not sure if they hired an actual writer or just winged it, but either way it was awful in almost every aspect. Especially the villain.

Also he could have just ripped them out of the game the entire time but chose not to for some reason. But I’m a stickler for realism in media so w/e. 

I’d give the game a solid 8 maybe 8.5/10. The last level is one of the coolest things I’ve ever played so it makes up for 90% of the issues lol",2025-04-29T11:53:24Z,9,Blue_Wave_2020,gaming,2025-05-25T19:56:59.347595Z
mppup60,1kakris,reddit,"No, you MUST agree that this is a masterpiece game that is sticking it to those greedy companies. The writing definitely didn't look cringe in the trailer. Nope, not at all.",2025-04-29T19:58:14Z,2,zimzalllabim,gaming,2025-05-25T19:56:59.347604Z
mpo02oj,1kakris,reddit,Did you like this compared to “it takes two”? My wife and I played that game and I really appreciated how forgiving it was with checkpoints and respawning during boss fights. ,2025-04-29T14:38:12Z,1,bangarang_0,gaming,2025-05-25T19:56:59.347614Z
mp1ddj4,1k7vnin,reddit,"Stardew Valley 🙂

Sorry for your loss 🫤",2025-04-25T21:04:01Z,22,Similar_Sort1192,gaming,2025-05-25T19:57:01.391526Z
mp1bzcj,1k7vnin,reddit,Ratchet and Clank Rift apart.,2025-04-25T20:56:57Z,16,N/A,gaming,2025-05-25T19:57:01.391556Z
mp1f6p4,1k7vnin,reddit,A Short Hike.,2025-04-25T21:13:24Z,9,tzgaming1020,gaming,2025-05-25T19:57:01.391569Z
mp1cain,1k7vnin,reddit,Hifi rush,2025-04-25T20:58:32Z,6,Patrickplus2,gaming,2025-05-25T19:57:01.391582Z
mp1domr,1k7vnin,reddit,Tiny Glade is real cozy and simple.,2025-04-25T21:05:38Z,7,panda2502wolf,gaming,2025-05-25T19:57:01.391593Z
mp1h7f5,1k7vnin,reddit,Dorfromantik. Single-player score-based Carcassonne.,2025-04-25T21:24:07Z,7,almo2001,gaming,2025-05-25T19:57:01.391605Z
mp1cd78,1k7vnin,reddit,"My condolences. ""West of Loathing"" is fun and funny.",2025-04-25T20:58:55Z,5,N/A,gaming,2025-05-25T19:57:01.391616Z
mp1coq5,1k7vnin,reddit,"Grounded, satisfying and addictive",2025-04-25T21:00:31Z,4,Unique_Swordfish_407,gaming,2025-05-25T19:57:01.391628Z
mp1e96g,1k7vnin,reddit,Animal Well,2025-04-25T21:08:35Z,3,GlorifiedCaveman,gaming,2025-05-25T19:57:01.391640Z
mp1fjgn,1k7vnin,reddit,"Stardew Valley.

It is the most relaxing, heartwarming game I've ever played.",2025-04-25T21:15:17Z,4,titaniumwhoopass,gaming,2025-05-25T19:57:01.391652Z
mp1hvzx,1k7vnin,reddit,"Spyro for re-released as a trio, I think.",2025-04-25T21:27:44Z,4,jesonnier1,gaming,2025-05-25T19:57:01.391664Z
mp1dz7g,1k7vnin,reddit,Lil Gator Game,2025-04-25T21:07:08Z,3,khinzaw,gaming,2025-05-25T19:57:01.391678Z
mp1e99t,1k7vnin,reddit,Slime Rancher you get to farm slimes and they feel like goofy pets,2025-04-25T21:08:35Z,3,trelium06,gaming,2025-05-25T19:57:01.391692Z
mp1fxu6,1k7vnin,reddit,Go save the universe in Mass Effect,2025-04-25T21:17:21Z,3,SaltyAd8309,gaming,2025-05-25T19:57:01.391705Z
mp1g6mw,1k7vnin,reddit,"I have a few 

Terraria 

Slime rancher 

Any survival game you can play creative mode on. 

Stardew Valley is an obvious choice as well.",2025-04-25T21:18:38Z,2,Ginpok,gaming,2025-05-25T19:57:01.391719Z
mp1gydn,1k7vnin,reddit,"Some that have helped me in the past couple years while dealing with loss have been Maneater, Spiritfarer, Hades, Outer Wilds, Hogwarts Legacy and RDR2 in no particular order. Condolences.",2025-04-25T21:22:45Z,2,TehBeezooka,gaming,2025-05-25T19:57:01.391733Z
mp1ykoy,1k7vnin,reddit,"The My Time games

My Time at Portia & My Time at Sandrock

Either play them in that order, or just skip Portia, because there were so many QoL improvements in Sandrock it's hard to go back to Portia after.",2025-04-25T23:00:57Z,2,FreddyForshadowing,gaming,2025-05-25T19:57:01.391750Z
mp3kmm8,1k7vnin,reddit,"I'd say Spiritfarer, but that might hit too close to home for you right now.
It genuinely is a nice game, but it does deal with loss and such topics, so it may not provide much comfort. 

I'm sorry for your loss, OP. Much love ❤️",2025-04-26T05:06:50Z,2,N/A,gaming,2025-05-25T19:57:01.391763Z
mp1dhwi,1k7vnin,reddit,Harvestella. Genuinely warms my heart.,2025-04-25T21:04:39Z,2,SomeJediTempleGuard,gaming,2025-05-25T19:57:01.391776Z
mp1ekoq,1k7vnin,reddit,Return to Moria!,2025-04-25T21:10:13Z,1,Andyrooski23,gaming,2025-05-25T19:57:01.391794Z
mp1eong,1k7vnin,reddit,"My condolences. Check out Unpacking, Slime Rancher 1 or 2, Stardew Valley, Crashlands, Spiritfarer.",2025-04-25T21:10:48Z,1,tanglo_x,gaming,2025-05-25T19:57:01.391806Z
mp1h2us,1k7vnin,reddit,Caravan SandWitch,2025-04-25T21:23:26Z,1,KwalityCtrl,gaming,2025-05-25T19:57:01.391818Z
mp1hem2,1k7vnin,reddit,Wandersong. Played that during a tough time and it was just what I had needed.,2025-04-25T21:25:10Z,1,Meshio,gaming,2025-05-25T19:57:01.391830Z
mp1hhzf,1k7vnin,reddit,"Sincerest condolences. 

I'm really enjoying Coral Island. I highly recommend it.",2025-04-25T21:25:40Z,1,OmegaPraetor,gaming,2025-05-25T19:57:01.391842Z
mp1isyt,1k7vnin,reddit,Wytchwood is good if you like cozy games with puzzles. My gf played it when she was unwell and really loved it - she’s not usually a gamer either.,2025-04-25T21:32:40Z,1,Maniachist,gaming,2025-05-25T19:57:01.391854Z
mp1l2gh,1k7vnin,reddit,"Tabs can be relaxing but if thats not very suitable then i'd recommend something like supermarket simulator, or other tycoon - like games",2025-04-25T21:44:46Z,1,Grinning_Cheese,gaming,2025-05-25T19:57:01.391866Z
mp1nn6i,1k7vnin,reddit,"Palia, it’s free too.",2025-04-25T21:58:36Z,1,hoffandapoff,gaming,2025-05-25T19:57:01.391878Z
mp1q2j4,1k7vnin,reddit,Petal Crash,2025-04-25T22:12:07Z,1,Bladebrent,gaming,2025-05-25T19:57:01.391890Z
mp1r395,1k7vnin,reddit,Spirit farer is a great game if you're grieving,2025-04-25T22:17:56Z,1,OrangeCrater,gaming,2025-05-25T19:57:01.391902Z
mp1un75,1k7vnin,reddit,"Seasons: A Letter to The Future, an atmospheric road trip dystopian themed game where you roam around the world and appreciate what little things that it offers through photography.
I'm sorry for your loss OP... 💐",2025-04-25T22:38:20Z,1,silverbuckle_,gaming,2025-05-25T19:57:01.391914Z
mp1upsy,1k7vnin,reddit,The Plucky Squire,2025-04-25T22:38:45Z,1,Ancient_Flamingo9863,gaming,2025-05-25T19:57:01.391926Z
mp1vlrp,1k7vnin,reddit,Night in the Woods.,2025-04-25T22:43:52Z,1,Raven_of_Blades,gaming,2025-05-25T19:57:01.391938Z
mp1wuya,1k7vnin,reddit,"Ico.  An old one, but a work of art.",2025-04-25T22:51:07Z,1,ProfessionalCraft983,gaming,2025-05-25T19:57:01.391950Z
mp1xque,1k7vnin,reddit,"Undertale, but the good ending is wholesome...",2025-04-25T22:56:13Z,1,SirAlejoxx,gaming,2025-05-25T19:57:01.391962Z
mp20wq2,1k7vnin,reddit,Donut County,2025-04-25T23:14:14Z,1,I_see_farts,gaming,2025-05-25T19:57:01.391974Z
mp22tn8,1k7vnin,reddit,Animal Crossing!,2025-04-25T23:25:02Z,1,ricardocaliente,gaming,2025-05-25T19:57:01.391986Z
mp22zbt,1k7vnin,reddit,Valheim,2025-04-25T23:25:56Z,1,Squall_Storm,gaming,2025-05-25T19:57:01.391999Z
mp2533e,1k7vnin,reddit,"Palia,
Icarus",2025-04-25T23:37:51Z,1,firemanno3,gaming,2025-05-25T19:57:01.392012Z
mp2gzjd,1k7vnin,reddit,"A Short Hike

Probably the happiest and all around wholesome game I've ever played",2025-04-26T00:46:53Z,1,zachtheperson,gaming,2025-05-25T19:57:01.392027Z
mp2uj08,1k7vnin,reddit,I don’t know how high it ranks on the wholesome scale but “ Dave the Diver “ might just be what you need in your life,2025-04-26T02:07:31Z,1,B-rocula,gaming,2025-05-25T19:57:01.392041Z
mp2z5ka,1k7vnin,reddit,"it's not PC but very much worth your time...

Astro Bot without question, it's easily the most adorable and clever 3D Platformer to date. It's truly astonishing how wonderful it is... the controls, level design/mechanics, boss fights, music, art design and tone are all so incredibly solid and thoughtfully realized. The game is also extremely special because it instills a sense of cathartic nostalgia, Team Asobi basically distilled every conceivable great aspect of 3D Platforming to date and delivered a product even more precious than what Nintendo is known for (I still dig the 3D Super Marios).",2025-04-26T02:36:00Z,1,gruesomesonofabitch,gaming,2025-05-25T19:57:01.392058Z
mp3hk24,1k7vnin,reddit,"Stardew Valley, Dinkum,. I personally enjoy raft as a good relaxing game.",2025-04-26T04:41:49Z,1,Sean_the_dawn,gaming,2025-05-25T19:57:01.392073Z
mp3mbv3,1k7vnin,reddit,I've seen Stardew mentioned a few times. Another good one like that is Song of the Prairie.,2025-04-26T05:21:41Z,1,Jokersall,gaming,2025-05-25T19:57:01.392090Z
mp4c4bu,1k7vnin,reddit,"Maneater, get the aggression out, be shark, eat stuff.",2025-04-26T09:31:59Z,1,DAMason89,gaming,2025-05-25T19:57:01.392103Z
mp4ooor,1k7vnin,reddit,"Horace.

No grand explanation as I don't want to ruin it, just play it and give your heart muscle and cry muscle a severe battering.",2025-04-26T11:31:10Z,1,incertnom,gaming,2025-05-25T19:57:01.392115Z
mpgztb1,1k7vnin,reddit,Ogu and the Secret Forest is a hidden gem of a really cute and wholesome old-school Zeldalike,2025-04-28T12:24:55Z,1,PokerFist,gaming,2025-05-25T19:57:01.392129Z
mpo9f40,1k7vnin,reddit,"[Bubbles the Cat](https://store.steampowered.com/app/945580/Bubbles_the_Cat/) has extremely simple gameplay, but *very* satisfying sound design if you get all three stars in a level at the same time. The credits put a big smile on my face!

[Miracle Fly](https://store.steampowered.com/app/395140/Miracle_Fly/) is very colorful and imaginative and it has unique gameplay! Check the controller bindings. I like the character designs and they have quite a lot of personality for a game with no story. This is just pure gameplay bliss.

I'm so sorry for your loss! Please hang in there!",2025-04-29T15:23:45Z,1,GolbatDanceFloor,gaming,2025-05-25T19:57:01.392146Z
mpx1p1y,1k7vnin,reddit,"The forest on peacefully difficulty, build ur self a nice tree house n once in a while a tiny bird will fly to ur finger n hangout with u can feel like someone special visiting u n it's has some nice night sky to look up @ the stars srry 4 ur loss hope dis helps ease ur day cherish the most enjoyable moments with ur luv 1s u nvr kno how much u made their day so much better with just a call life is 2 short n is gone like da wind",2025-04-30T22:04:16Z,1,Electronic_Law3298,gaming,2025-05-25T19:57:01.392166Z
ms5j09y,1k7vnin,reddit,Minecraft is pretty wholesome for me. World of Warcraft is pretty wholesome too.,2025-05-13T20:22:10Z,1,Beginning-Stop6594,gaming,2025-05-25T19:57:01.392183Z
mp1cc7h,1k7vnin,reddit,Doom,2025-04-25T20:58:46Z,1,wocketywack,gaming,2025-05-25T19:57:01.392197Z
mto16ep,1kst24t,reddit,Little Kitty Big City. Cozy game with a cat and lots of hats. Good times.,2025-05-22T15:09:10Z,13,KarhuMeadpaw,gaming,2025-05-25T19:57:02.689248Z
mto17nl,1kst24t,reddit,"Stardew valley could be really cool. Laid back game that I know a lot of people gravitate towards when they just want something chill to play. Also, super mario odyssey is fun.",2025-05-22T15:09:20Z,15,Impossible-Energy706,gaming,2025-05-25T19:57:02.689253Z
mto39ja,1kst24t,reddit,"Fantasy Life just released. It's cute and has a companion 2p mechanic where you can help the 1p. If she ends up happy with the main gameplay, y'all can play multiplayer.",2025-05-22T15:19:14Z,6,sl0w4zn,gaming,2025-05-25T19:57:02.689256Z
mto2bsv,1kst24t,reddit,It's stardew valley,2025-05-22T15:14:42Z,5,InevGames,gaming,2025-05-25T19:57:02.689259Z
mto32ql,1kst24t,reddit,Stardew Valley. A perfect game for the Switch!,2025-05-22T15:18:20Z,4,ralphtw09,gaming,2025-05-25T19:57:02.689262Z
mto3f2d,1kst24t,reddit,Kirby Star Allies might be a good introduction to 2D platformers.,2025-05-22T15:19:59Z,3,meero_mdk,gaming,2025-05-25T19:57:02.689265Z
mtof5je,1kst24t,reddit,Dark Souls Remastered,2025-05-22T16:16:28Z,5,MMEnjoyer24,gaming,2025-05-25T19:57:02.689268Z
mtsz19p,1kst24t,reddit,"Fantasy Life (just released).

Disney Dreamlight Valley (the amount of content puts Animal Crossing to shame).

Any of the LEGO games (pick the one associated with the movie she likes best).

Two Point Hospital/Two Point Campus.

MySims Cozy Bundle (INSANE value).

Any of the Kirby games.

Any Professor Layton or Ace Attorney game.",2025-05-23T09:07:03Z,2,WrongLander,gaming,2025-05-25T19:57:02.689271Z
mto40tm,1kst24t,reddit,"Breath of the Wild. Sure, it has some tough bosses.. but you get plenty of time adventuring and exploring to practice for those encounters. 

Mario Party is a good one you can play together.

Pokemon Legends: Lots of exploration and it's fun catching things without fighting.

I also recommend looking up [Razbutin's Gaming for a Non-Gamer](https://m.youtube.com/playlist?list=PLordXx8iNEyStcX_WzqM0JCpiJYgqhinc) playlist. It will help you get ideas on how to help her ease into the hobby without feeling overwhelmed.

Edit: Also, if she hasn't bought the light yet, don't. The stick drift is permanent. Buy the normal one or the OLED.",2025-05-22T15:22:54Z,3,Laserous,gaming,2025-05-25T19:57:02.689274Z
mtoti2e,1kst24t,reddit,Untitled Goose Game,2025-05-22T17:25:01Z,2,kaiserlaika,gaming,2025-05-25T19:57:02.689277Z
mto6zaz,1kst24t,reddit,Stardew Valley and Cattails,2025-05-22T15:37:01Z,1,_warped_art_,gaming,2025-05-25T19:57:02.689279Z
mtoarrs,1kst24t,reddit,Harvest Moon: Light of Hope is nice and slow paced. Games that start slow and slowly ramp up are good for acclimating to gaming in general. Older (90s-00s) Zelda games are pretty good for this.,2025-05-22T15:54:59Z,1,RaphaelSolo,gaming,2025-05-25T19:57:02.689282Z
mtof1bx,1kst24t,reddit,Baba is you,2025-05-22T16:15:54Z,1,ckrono,gaming,2025-05-25T19:57:02.689285Z
mtom86b,1kst24t,reddit,I would definitely recommend Bear & Breakfast.,2025-05-22T16:50:52Z,1,Wide_Ad_2789,gaming,2025-05-25T19:57:02.689288Z
mtp0w83,1kst24t,reddit,Blue Prince,2025-05-22T17:59:30Z,1,cloudcity,gaming,2025-05-25T19:57:02.689291Z
mtp0x1v,1kst24t,reddit,"Might not be exactly what you're looking for, but take a look at X-Com 2. It's a turn based strategy game. You build up your team and build your base. You can do some customization of your troops and it hurts just a bit more when one dies. There's a learning curve but if you can get a handle on the games systems it's a lot of fun.",2025-05-22T17:59:37Z,1,pink_sock_parade,gaming,2025-05-25T19:57:02.689294Z
mtp0y32,1kst24t,reddit,"Anything by Nintendo. Their new games are designed specifically for younger and more casual gamers, in fact it's one of the main reasons a lot of their adult fans who have become ""hardcore"" gamers give them flak, because their games are ""too easy""

Despite them being too easy to follow for me, millions of people still have fun with them, my girlfriend loves them.

You honestly probably can't go wrong with a classic like Kirby or Mario.",2025-05-22T17:59:45Z,1,RipStackPaddywhack,gaming,2025-05-25T19:57:02.689296Z
mtp8nfr,1kst24t,reddit,"Palia! 


It is a lifestyle/farming game but set in a shared main world. So you get the traditional bug catching, fishing, hunting, townfolk friendships, quests, housebuilding, farming, crafting from these types of games, but you also get to interact with other players by sharing special event locations, sharing/requesting resources, hunting together (drops are per player, so no downside here).


No combat as well, replaced with hunting  instead. ",2025-05-22T18:36:47Z,1,MagSec4,gaming,2025-05-25T19:57:02.689299Z
mtpa3k2,1kst24t,reddit,You could try Dragon Quest Builders 2. It's kinda Dragon Quest meets Minecraft and can be played very casually. It's got some significant improvements over the first one and can be played without playing the first one beforehand.,2025-05-22T18:43:46Z,1,aceofweasels,gaming,2025-05-25T19:57:02.689302Z
mtpinxx,1kst24t,reddit,"Mario Odyssey or Mario Wonder are perfect games for this. I personally prefer Wonder, but she can’t go wrong with either.",2025-05-22T19:25:19Z,1,Neat_Selection3644,gaming,2025-05-25T19:57:02.689305Z
mtqmocv,1kst24t,reddit,Pokémon of course,2025-05-22T22:50:55Z,1,MrFictionalname,gaming,2025-05-25T19:57:02.689308Z
mtqqymw,1kst24t,reddit,"Atelier Ryza, typical Nintendo staples, Mario, Zelda, Pokemon, Kirby, Fire Emblem.
Balatro, Portal, Persona (if she likes Japan) 
Almost any Final Fantasy. If you have NSO she could play retro games like Ocarina of Time, Breath of Fire, Pokemon Puzzle League.",2025-05-22T23:15:02Z,1,WorkingBorder6387,gaming,2025-05-25T19:57:02.689311Z
mtqt3au,1kst24t,reddit,Terraria,2025-05-22T23:27:07Z,1,Sector0666,gaming,2025-05-25T19:57:02.689314Z
mtr15xq,1kst24t,reddit,Rune Factory 3 Special or 4 Special,2025-05-23T00:14:17Z,1,Xionel,gaming,2025-05-25T19:57:02.689317Z
mtrhp0x,1kst24t,reddit,"Paper Mario and the Thousand Year Door! It has a great story, lots of great characters, some humor. The combat is pretty easy to learn and the general gameplay isn't too complicated, but it's still rewarding",2025-05-23T01:53:22Z,1,cozy-fox100,gaming,2025-05-25T19:57:02.689321Z
mtrnswh,1kst24t,reddit,"Rune Factory 4, Paper Mario: The Thousand Year Door, and Let's Go Pikachu/Eevee are good beginner RPGs!

I also recommend Katamari and the Ace Attorney games for newbies.",2025-05-23T02:30:38Z,1,crocicorn,gaming,2025-05-25T19:57:02.689323Z
mtrx4r5,1kst24t,reddit,Stardew Valley for sure.,2025-05-23T03:31:19Z,1,callmemommy___,gaming,2025-05-25T19:57:02.689326Z
mtsispr,1kst24t,reddit,"Miitopia is pretty funny, the game entertained me more than I thought it would. You can customize the NPC's faces which I enjoyed a lot.",2025-05-23T06:26:58Z,1,PointlessPotion,gaming,2025-05-25T19:57:02.689330Z
mtta7wp,1kst24t,reddit,"Turnip Boy commits Tax Evasion was a blast, with some action here and there",2025-05-23T10:51:17Z,1,Pacu99,gaming,2025-05-25T19:57:02.689334Z
mturdgk,1kst24t,reddit,Rune Factory.,2025-05-23T15:48:52Z,1,Equal-Association818,gaming,2025-05-25T19:57:02.689346Z
mto6mc9,1kst24t,reddit,"animal crossing, stardew valley, zelda Link's awakening, portal/portal2, mario party",2025-05-22T15:35:19Z,1,Turbulent_Winter549,gaming,2025-05-25T19:57:02.689349Z
mtoi3w2,1kst24t,reddit,Is honey select 2 on switch,2025-05-22T16:30:55Z,0,internetlad,gaming,2025-05-25T19:57:02.689352Z
mtop2mw,1kst24t,reddit,Super Mario maker 2 and do the story mode to start and then endless easy/normal for unlimited fun. Can even make your own levels,2025-05-22T17:04:18Z,0,noremains3,gaming,2025-05-25T19:57:02.689355Z
mtsczzr,1kst24t,reddit,"Since no one suggested it yet, I would also add Hello Kitty Island Adventure.",2025-05-23T05:35:10Z,0,letsgucker555,gaming,2025-05-25T19:57:02.689358Z
mss0jgg,1kolzlg,reddit,https://youtu.be/ENy2zMMfEFo?si=7pkoxk3zRdHAV9KW     please watch it and support me  🙏,2025-05-17T11:31:07Z,2,Agreeable-Oil-2864,gaming,2025-05-25T19:57:04.608219Z
mssdkw6,1kolzlg,reddit,"I am a new youtuber trying to get my gaming channel up the ground. i make gameplay videos and i try my best to make them as compelling as possible. if this works out it, would be a dream, because i am really willing to put 100% of my time on this. any support would be amazing and any insights are welcome. please support by checking out my channel [www.youtube.com/@thelagginglegend-f1l](http://www.youtube.com/@thelagginglegend-f1l) and please consider subscribing",2025-05-17T13:07:50Z,2,Academic_Bad7692,gaming,2025-05-25T19:57:04.608243Z
mssk8rg,1kolzlg,reddit,"Hello again everyone\~! My name is V3LCR0 And I am the host of Sticky Fingers Gaming over on YT\~! I am a multi-genre creator that reaches to bring the best content I have to the table!   
I play many games seasonally, and often can be found hosting chat streams or small survival game streams w/ my community! When I'm not playing something competitive like Tarkov, or some other ranked FPS, I'm usually playing something more casual, or cooking/making music on stream! (When not at work of course!) 

Thanks for checking out my post, Come visit my page and look at some of my stuff it you like, I'm on the road to 500 subs, Leave a like or a comment to help support me and get me to monetization! 

New music coming out this saturday before I head to work! I've been up for about two days finishing up some fresh new tunes for the streams next weekend, so I'll likely be taking a nap soon here, but watch for the upload at the link below\~! 

[https://www.youtube.com/@StickEFingies](https://www.youtube.com/@StickEFingies) 

Thanks again everyone\~! Stick around and I'll see you next soon! :D",2025-05-17T13:50:48Z,2,-V3LCR0-,gaming,2025-05-25T19:57:04.608258Z
msu3wnt,1kolzlg,reddit,"Hello! I'm Richard but go by mistergrimshaw on both Twitch and YouTube.

I have been gaming for many many years now (but still suck) and recently thought what would be the harm in streaming whilst doing so? I am a gaming dad and therefore don't always find time to get online and at the moment don't have a proper set up (yet). My streams have no commentary for now but obviously I aim to get a proper set up going in the near future.

At the moment I'm playing through Crime Scene Cleaner and The Precinct and at some point I'm going to start Skyrim using mods to play as an NPC and see how long I can survive for without playing any missions or essentially getting into any adventures. This is a hark back to an old series of articles called Living In Oblivion that I loved. I also play Call Of Duty from time to time.

https://www.twitch.tv/mistergrimshaw

https://youtube.com/@mistergrimshaw79",2025-05-17T18:55:42Z,2,Same_Syllabub_9838,gaming,2025-05-25T19:57:04.608275Z
mstg1gh,1kolzlg,reddit,"Hello Everyone! My name is Connor I am 23 years old and I recently started my own gaming YouTube channel named TiedNormal02, right now I am doing a playthrough of the Batman Arkham games starting with Arkham Asylum but open to any and all feedback and game ideas to cover. I appreciate anyone checking out my channel!

Channel Link: [http://www.youtube.com/@tiednormal02](http://www.youtube.com/@tiednormal02)

Latest Video Link: [https://youtu.be/Lqy0TqFEYuk](https://youtu.be/Lqy0TqFEYuk)

Arkham Asylum Playthrough Playlist Link: [https://www.youtube.com/playlist?list=PLqRjliZ2ZfSK5gt0nUaQuSvIAV8WSF1p-](https://www.youtube.com/playlist?list=PLqRjliZ2ZfSK5gt0nUaQuSvIAV8WSF1p-)

I try to upload videos daily but with a full time job and all it is a little hit or miss but going to start recording longer gaming sessions so I can backfill content throughout the week. Thank you!!!:)",2025-05-17T16:46:45Z,4,Ambitious-Banana3038,gaming,2025-05-25T19:57:04.608286Z
msrcji1,1kolzlg,reddit,"Hey everyone! I'm the creator of **Scripted Showdown**, a YouTube channel where I'm just starting out and learning as I go. I'm not an expert (yet!), but I'm passionate, curious, and excited to grow—and I want to bring you along for the journey. 

This channel is all about exploring creativity and trying new things, and having fun while figuring it all out. I'm just trying out different video ideas, learning new things, and sharing what I enjoy. This channel is all about growing step by step and keeping things real.

Why subscribe?

* You’ll be part of a new creator’s journey from day one
* Your support and feedback could actually shape where this channel goes
* I’m open to ideas, collaborations, and just having a positive community around

If you believe in supporting new creators and watching someone improve step by step, I’d love to have you with me. Let’s build something awesome together 

 Check it out here: [Scripted Showdown YouTube Channel](https://youtube.com/@scriptedshowdown21?si=rKpXsD_qOD3Im7Az)",2025-05-17T07:25:52Z,1,John_wick2077,gaming,2025-05-25T19:57:04.608300Z
msrkhbk,1kolzlg,reddit,"hey did you saw that Gooseman was making a new game? the original co-creator of Counter Strike , i'll upload it later on my Youtube Channel and share the link . 

Also i'm a big supporter of indie games, but a small creator , any subscriber counts and i'm grateful 

Check it out [https://www.youtube.com/@GameZoneDLM/videos](https://www.youtube.com/@GameZoneDLM/videos)",2025-05-17T08:50:13Z,1,Hertenolius,gaming,2025-05-25T19:57:04.608314Z
msrmb5b,1kolzlg,reddit,"I make 3d animation about my side projects, latest video is about how I made my own dating platform out of spite and fueled by pure frustration because I got no matches on tinder

[https://www.youtube.com/@RoberBot](https://www.youtube.com/@RoberBot)",2025-05-17T09:10:05Z,1,RoberBots,gaming,2025-05-25T19:57:04.608327Z
msuq8l8,1kolzlg,reddit,"Hi. I'm A Small YT'r who goes by HoldOverSpiders Gaming. Been Streaming The Witcher 3 and AC Shadows. Doing a Let's Play Of DOOM The Dark Ages. I'm open to requests and games You'd like to see me play. Feel Free to Subscribe:

Channel Link: [https://www.youtube.com/channel/UC5TVaFZgjzo2hdfPuXrD8EA](https://www.youtube.com/channel/UC5TVaFZgjzo2hdfPuXrD8EA)

Recent Short: [https://youtube.com/shorts/j39gZ2EWzKM](https://youtube.com/shorts/j39gZ2EWzKM)

Playlists: [https://www.youtube.com/@holdoverspidersgaming/playlists](https://www.youtube.com/@holdoverspidersgaming/playlists)

I'm Doing Summer Event. Don't know what to call it but I'm doing tons of Games. Feel free to check out my channel.",2025-05-17T20:59:26Z,1,Doomtaker459,gaming,2025-05-25T19:57:04.608334Z
msuzvgm,1kolzlg,reddit,"Hello everyone, i just started, my content is based around the game mobile legends bang bang, please take your time to watch it  
[https://youtu.be/GomNLZd5Cj8?si=bbIAlwe5Gt3ZB2p0](https://youtu.be/GomNLZd5Cj8?si=bbIAlwe5Gt3ZB2p0)  
thanks for your time",2025-05-17T21:54:59Z,1,shreshth_shubh,gaming,2025-05-25T19:57:04.608340Z
msvbrv1,1kolzlg,reddit,"Mafia Definitive Edition - Molotov Party | Full Mission Gameplay
https://youtu.be/slzhPuBVakY",2025-05-17T23:07:03Z,1,Alexbroskis,gaming,2025-05-25T19:57:04.608347Z
msvnicz,1kolzlg,reddit,"I've been doing a gaming podcast for over 10 years and we have just about as many listeners. We just released an interview with the devs of Kulebra and the Souls of Limbo. Maybe you'll like it. You can be our 11th listener if you'd like. 

https://www.youtube.com/watch?v=ZdfCjFsCKz0",2025-05-18T00:20:01Z,1,joecamnet,gaming,2025-05-25T19:57:04.608354Z
mswkk9g,1kolzlg,reddit,Hey guys,2025-05-18T04:15:25Z,1,GolfComprehensive100,gaming,2025-05-25T19:57:04.608360Z
mswkkvq,1kolzlg,reddit,Yo,2025-05-18T04:15:33Z,1,GolfComprehensive100,gaming,2025-05-25T19:57:04.608367Z
mszcc18,1kolzlg,reddit,"Hello there :) I am streaming on Youtube in German and upload videos and shorts without commentary in English. Works pretty well like this because I prefer playing games in English. My spoken English is horrible though so I just keep it in German.

I am focusing on Starfield and Fallout 4 mostly, started to do some ""live reviews"" of Starfield mods recently and want to do the same for Fallout 4 going forward, but next to a normal full time job its not easy to keep two fully modded games running :D Played Assassin's Creed Shadows after release and decided to stream that one as well as some Hunt:Showdown and Rainbow Six Siege sessions with my friends, but I feel that it might be better if I will focus my channel mostly on the Bethesda games going forward. Let's see where it goes:

[https://www.youtube.com/@LX6R\_Youtube](https://www.youtube.com/@LX6R_Youtube)

My latest live review [https://www.youtube.com/live/VruB6cppPWE?si=\_kEcfhr1qhSETY7h](https://www.youtube.com/live/VruB6cppPWE?si=_kEcfhr1qhSETY7h)

Latest short link [https://www.youtube.com/shorts/XfIi8IP-ELc](https://www.youtube.com/shorts/XfIi8IP-ELc)",2025-05-18T17:02:15Z,1,ComputerSagtNein,gaming,2025-05-25T19:57:04.608374Z
mss6ci9,1kolzlg,reddit,Cool,2025-05-17T12:16:57Z,0,Odd-Plenty9367,gaming,2025-05-25T19:57:04.608380Z
mq9y102,1kdcdeb,reddit,I love puzzle games!  Looking forward to playing this.  Did anyone else notice her hands are out like she's going to give someone a karate chop or do judo?,2025-05-02T22:16:03Z,1,Takumi2x,gaming,2025-05-25T19:57:05.467023Z
mpk7zob,1ka7krk,reddit,This was happening to me. What finally fixed it was brand new batteries. I had been using the same rechargeable ones for about 5 years prior.,2025-04-28T22:30:00Z,6,Dogfish8210,gaming,2025-05-25T19:57:06.484542Z
mpk18k9,1ka7krk,reddit,Had the same problem. Updated device drivers and deleted the device from Bluetooth memory a couple of times helped.,2025-04-28T21:51:55Z,3,Wazza1337,gaming,2025-05-25T19:57:06.484555Z
mpptfts,1ka7krk,reddit,"Oh I misunderstood, yeah it’s weird to have any issues when plugged directly in. If it syncs normally with an Xbox that wireless usb adapter should sync the same way as it does with an Xbox so it might solve your problem either way",2025-04-29T19:52:19Z,2,kobra207,gaming,2025-05-25T19:57:06.484561Z
mpk2a3x,1ka7krk,reddit,"I had this same issue. I updated the firmware of my controllers, my bluetooth adapter, deleted the device from the bluetooth list and readded it several times, and the problem persisted across multiple controllers, and even multiple PCs. I finally broke down and bought a PS5 controller and the steam version of DSX. I haven't had the problem since.",2025-04-28T21:57:50Z,2,PowerSkunk92,gaming,2025-05-25T19:57:06.484566Z
mpkktff,1ka7krk,reddit,"You need a Firmware update - here's what you need to do, I had the same issue.

To update Xbox controller firmware on a PC, you'll need to use the Xbox Accessories app and connect your controller via a USB cable. The app allows you to check for and install firmware updates, ensuring your controller is running the latest version for optimal performance and compatibility.

Here's a step-by-step guide:
1 - Download and install the Xbox Accessories app: If you don't already have it, you can find it in the Microsoft Store or through the Xbox Support website.

2 - Connect your controller: Plug your Xbox controller into your PC using a USB cable. 

3 - Open the Xbox Accessories app: Locate and launch the app on your PC. 

4 - Select your controller: The app should automatically detect your connected controller. If not, you might need to manually select it from the list.

5 - Check for updates: Click on the ""Update now"" or ""Check for updates"" button within the app.

6 - Install the update: If an update is available, follow the on-screen instructions to install it. The controller may need to be disconnected and reconnected during the update process.
 
7 - Verify the update: After the update is complete, the app will indicate that the firmware is up to date. You can also unplug and replug the controller to verify that it is now connected and functioning correctly.


Its weird MS hasn't created an easier way for this, it should just pop up some where with a notification when the controller is connected to your PC, especially on a Windows operation system. I mean they should just make it possible through the XBOX PC APP.",2025-04-28T23:43:12Z,1,MiLKD-GAMING,gaming,2025-05-25T19:57:06.484570Z
mpps9sq,1ka7krk,reddit,"Go on eBay and get the wireless adapter dongle for like 18 bucks and you will never have an issue again. I avoid using Bluetooth for any devices if it all possible, just isn’t reliable enough for me.",2025-04-29T19:46:51Z,1,kobra207,gaming,2025-05-25T19:57:06.484574Z
mpabfl1,1k8xywi,reddit,Eileen from Bloodborne and Eygon of Carim from DS3. Their aura is felt even before pressing the start button.,2025-04-27T09:15:47Z,5,acidw4rk,gaming,2025-05-25T19:57:07.747136Z
mpa32zt,1k8xywi,reddit,Bulleta (or BB Hood) from Darkstalkers is brilliant from top to bottom as a 'Monster's monster.'.  Everything from her key art to her basic attacks maintains her surface level innocence.,2025-04-27T07:48:25Z,3,Rocketknightgeek,gaming,2025-05-25T19:57:07.747148Z
mpadtra,1k8xywi,reddit,I always loved Corvo Attano from Dishonored,2025-04-27T09:41:45Z,2,BloodgazmNZL,gaming,2025-05-25T19:57:07.747156Z
mpagaq0,1k8xywi,reddit,"Raziel.  

A straight up vampire wraith that had basically all his flesh seared off by a swirling whirlpool, evaporated his jaw, wears a cloak around his face to hide the gapping hole into his soul-belly, glides with his deboned wings, and wields a sword made out of his very soul after the dude that murdered him smashed it over his skull.",2025-04-27T10:07:44Z,2,Jackalodeath,gaming,2025-05-25T19:57:07.747165Z
mpbloyc,1k8xywi,reddit,The Deathwing Terminators from Spacehulk Deathwing. I feel unstoppable everytime I play that game.,2025-04-27T14:59:55Z,2,DaemonHammer,gaming,2025-05-25T19:57:07.747172Z
mpjhp28,1k8xywi,reddit,G-man. Half - life series,2025-04-28T20:10:20Z,2,Extension-System-974,gaming,2025-05-25T19:57:07.747181Z
mpa00in,1k8xywi,reddit,Rare's design of DK...,2025-04-27T07:17:03Z,2,billcollection,gaming,2025-05-25T19:57:07.747189Z
mpa328t,1k8xywi,reddit,Really love Lilith in diablo and the updated design of Aerith in the FF7 remakes is truly beautiful,2025-04-27T07:48:12Z,2,KelwalaBear,gaming,2025-05-25T19:57:07.747197Z
mpa0qq2,1k8xywi,reddit,"Mega Man X. Similar enough to the original Mega Man, but recognizably more mature. Shows character growth/increasing strength by way of upgrading armor pieces, and ofc has an array of color schemes from the Robot Master’s powers.",2025-04-27T07:24:26Z,1,WeightlossTeddybear,gaming,2025-05-25T19:57:07.747205Z
mpa3lme,1k8xywi,reddit,sam & max designs are perfect imo!,2025-04-27T07:53:39Z,1,ForNoraGame,gaming,2025-05-25T19:57:07.747212Z
mpa79e6,1k8xywi,reddit,"Erlang, Sword saint, nishikiyama, and the underrated sigma, ryu hayabusa",2025-04-27T08:31:27Z,1,Ok_Plantain_5755,gaming,2025-05-25T19:57:07.747221Z
mpa88v4,1k8xywi,reddit,"2B I really like her design because her conflicting emotions are well represented by her design and her characterization , I mean she is a Yorha android who keeps repeating ""emotions are prohibited "" so her design nailed it. 

Even if she shown her emotions",2025-04-27T08:41:52Z,1,echoess84,gaming,2025-05-25T19:57:07.747229Z
mpaafdl,1k8xywi,reddit,Isshin the Sword Saint is aura personified.,2025-04-27T09:04:56Z,1,Chrisnolliedelves,gaming,2025-05-25T19:57:07.747237Z
mpae8oc,1k8xywi,reddit,Chacho olimar and louie from pikmin,2025-04-27T09:46:07Z,1,Malnuq,gaming,2025-05-25T19:57:07.747245Z
mpaf0ma,1k8xywi,reddit,"def my man big hat logan from dark souls, guess where did his name come from",2025-04-27T09:54:16Z,1,Piummaruolo26,gaming,2025-05-25T19:57:07.747252Z
mparx6d,1k8xywi,reddit,Steve from minecraft,2025-04-27T11:53:29Z,1,dioer-brandoer,gaming,2025-05-25T19:57:07.747260Z
mpax48e,1k8xywi,reddit,"Flowey is amazing
Human instead I think 2b bier automata",2025-04-27T12:32:39Z,1,pisti95,gaming,2025-05-25T19:57:07.747268Z
mpbbg3e,1k8xywi,reddit,The MC or Stranger in Odd Worlds Stranger's Wrath.,2025-04-27T14:03:50Z,1,drunkorkid56,gaming,2025-05-25T19:57:07.747276Z
mpbz634,1k8xywi,reddit,"My favourites that come to mind are Kharazim from Heroes of the Storm, Nightwolf from Mortal Kombat, and the Sorceress and Druid from Diablo 2.",2025-04-27T16:09:48Z,1,iiNexius,gaming,2025-05-25T19:57:07.747284Z
mpbzwv7,1k8xywi,reddit,"Ive gotta go mainly for S-E characters simply because they're so cool and or iconic. FF7 Cloud, Sephiroth, Zack, Cissnei, FF13 Lightning, Snow, Nier 2B, A2, SG Alto, Mordimort, KH Xemnas, Roxas, Xigbar, etc. Square are frankly God tier",2025-04-27T16:13:40Z,1,KlefKingdomki2020,gaming,2025-05-25T19:57:07.747296Z
mp9z0bx,1k8xywi,reddit,I'd say Sonic the Hedgehog is still extremely popular from the strength of his character design alone. Because it's certainly not from the quality of his games.,2025-04-27T07:06:50Z,0,BenjyMLewis,gaming,2025-05-25T19:57:07.747304Z
mpa415i,1k8xywi,reddit,Got to be V from cyberpunk 2077. Voice lines whether it's male or female V are phenomenal and full of emotions. No matter how you do your playthrough and interactions it all feels fitting. All the endings are also amazing in their own way.,2025-04-27T07:58:00Z,1,Dutch_Beez,gaming,2025-05-25T19:57:07.747312Z
mpa87cf,1k8xywi,reddit,Astarion from BG3 is god tier Character Design and the voice actor is the Goat,2025-04-27T08:41:25Z,0,el_pazerino,gaming,2025-05-25T19:57:07.747320Z
mp9qfjn,1k8wf43,reddit,"OP, you should look up the [Disaster Reort](https://en.wikipedia.org/wiki/Disaster_Report_4_Plus:_Summer_Memories) series, which is pretty close to what you're asking for.


The fact that the development and release of the most recent game got delayed for close to a decade due to sensitives around a 2011 earthquake does kind of point to some of the issues that might cause a lot of publishers and developers to shy away from the idea.",2025-04-27T05:43:16Z,23,chipperpip,gaming,2025-05-25T19:57:09.129739Z
mp9nxqi,1k8wf43,reddit,"Probably because it'd be difficult to straddle the line between gameplay and not insulting real life disaster survivors

Who wants to put their name and money behind ""Tsunami Survivor"" or ""Katrina Simulator""

Closest you can probably get is something like hurricane map in Left 4 Dead 2",2025-04-27T05:20:29Z,47,PhoenixTineldyer,gaming,2025-05-25T19:57:09.129751Z
mp9nznu,1k8wf43,reddit,So basically Just Cause?,2025-04-27T05:20:58Z,8,ZaDu25,gaming,2025-05-25T19:57:09.129758Z
mp9xqc4,1k8wf43,reddit,The long dark counts? Canada got extremely cold and electronics stop working.,2025-04-27T06:54:09Z,4,542Archiya124,gaming,2025-05-25T19:57:09.129765Z
mp9rlus,1k8wf43,reddit,"You ever play the Uncharted games? Not all in one game, but a lot of your suggestions exist between the four mainline titles. You fall out of an airplane, you have to climb up a train that has several cars hanging off the edge of a cliff, you have to escape from a sinking cruise ship, escape from a burning French chateau, you are in the upper floor of a collapsing building (being shot at by someone in a helicopter IIRC) and a lot of the usual Indiana Jones type stuff of platforming along crumbling pathways and various environmental traps.",2025-04-27T05:54:13Z,8,FreddyForshadowing,gaming,2025-05-25T19:57:09.129771Z
mp9xnow,1k8wf43,reddit,[https://youtu.be/1Sx8gqSjkMY?list=PL57hJfweW\_2t-vHWWeqjY2SKH4vaqotZ6](https://youtu.be/1Sx8gqSjkMY?list=PL57hJfweW_2t-vHWWeqjY2SKH4vaqotZ6),2025-04-27T06:53:25Z,2,PTSDDeadInside,gaming,2025-05-25T19:57:09.129778Z
mp9yrl4,1k8wf43,reddit,"Disaster Report is what you want.

Also, Disaster: Day of Crisis on Wii (not related to DR). It’s like a mix of MGS and Disaster Report, it’s gloriously camp.",2025-04-27T07:04:23Z,2,BondFan211,gaming,2025-05-25T19:57:09.129784Z
mp9oeen,1k8wf43,reddit,I don't know but that is a cool idea. I can actually imagine a game that resemble the movie 2012 starring John Cusack. That movie was basically an RPG and they were in a race to save their lives against natural disaster. Getting clues and hints and jumping from one place to another.,2025-04-27T05:24:38Z,4,chasing_enigma,gaming,2025-05-25T19:57:09.129790Z
mpa1s8g,1k8wf43,reddit,"I mean there's a lot of reasons we don't get a lot of AAA takes on this. Most disasters are very expensive to make look good, for one thing. They are usually relatively quick and not something that you can reasonably drag out for 40 hours. And lastly, surviving them is usually just waiting in a safe room for the conditions to end, which isn't really entertaining.

And the more you gamify a disaster to give the player more control over it, the more you take away from what makes stories like these so compelling.

I definitely agree that disasters are a great backdrop for a game, but completely centering a AAA game around one is challenging to do in a satisfying way.",2025-04-27T07:35:10Z,1,Ok-Suggestion-5453,gaming,2025-05-25T19:57:09.129796Z
mpa4opb,1k8wf43,reddit,"Incredible Crisis was pretty fun, you're talking about serious stuff though I guess.


Your right, there's not many.",2025-04-27T08:04:37Z,1,ody81,gaming,2025-05-25T19:57:09.129802Z
mpa8ffk,1k8wf43,reddit,"There's a level in Assassin's Creed Rogue where you're right in the middle of the 1755 Lisbon earthquake.

[https://youtu.be/N12limxrb9E?si=mxZDHB38C\_eJnF-V](https://youtu.be/N12limxrb9E?si=mxZDHB38C_eJnF-V)",2025-04-27T08:43:46Z,1,Soggy_Amoeba9334,gaming,2025-05-25T19:57:09.129809Z
mpaq4if,1k8wf43,reddit,"Simcity always simulated disasters, including Godzilla attacks.",2025-04-27T11:38:52Z,1,Pa11Ma,gaming,2025-05-25T19:57:09.129815Z
mparnt6,1k8wf43,reddit,Warcraft III: reforged was a pretty big disaster.,2025-04-27T11:51:23Z,1,Makenshine,gaming,2025-05-25T19:57:09.129822Z
mpathy5,1k8wf43,reddit,"It would really strain the game 



You could try city simulators like skylines",2025-04-27T12:05:48Z,1,thegrimmemer,gaming,2025-05-25T19:57:09.129828Z
mpb3ok3,1k8wf43,reddit,There kind of is. Just its a disaster + guns or swords.,2025-04-27T13:16:39Z,1,Godlike013,gaming,2025-05-25T19:57:09.129835Z
mpbg8l0,1k8wf43,reddit,I would play a disaster game,2025-04-27T14:30:41Z,1,Ok_Employment3125,gaming,2025-05-25T19:57:09.129841Z
mpd1htp,1k8wf43,reddit,Uncharted?,2025-04-27T19:24:52Z,1,ZazaB00,gaming,2025-05-25T19:57:09.129847Z
mp9pfwo,1k8wf43,reddit,"No, I don't think that sounds interesting for a few reasons, the most prominent being time and agency.


Your provided examples just aren't long enough to make a game out of. Driving from a tidal wave? 2 minutes. 5 if you really want to beat a dead horse. Escape a collapsing building? Why yes, I want to spend a half hour walking down 110 floors in a featureless stairwell.


Agency is the second problem. These disasters are bigger than a person, that's kind of the point. You *can't* influence them in a meaningful way. You don't stop a volcano from exploding, you just try and avoid dying. It's a whole theme of conflict in literature: man vs nature. Hint: nature wins. Every time. Humans are weak and squishy and powerless in the face of things like a million cubic feet of dirt in an avalanche.


It is hubris to think otherwise. It's the kind of stupidity that gets people wandering off the paths in Yellowstone and boiling to death in superheated mud or drowning in a rip current or suffocating in a death gulch in abandoned mines. ",2025-04-27T05:34:11Z,1,_9a_,gaming,2025-05-25T19:57:09.129853Z
mp9r3g4,1k8wf43,reddit,"The biggest issue I can see is that natural disasters are generally over pretty quickly.  

It works well enough for a 2 hour movie to have 30 mins of tidal wave, either side of 45 mins build up, and 45 mins aftermath and resolution. 

But a 40-hour AAA video game is going to feel pretty drawn out.",2025-04-27T05:49:27Z,1,f1boogie,gaming,2025-05-25T19:57:09.129859Z
mp9q2i3,1k8wf43,reddit,I was disappointed at what I Am Alive turned out to be.,2025-04-27T05:39:57Z,1,Toothless-In-Wapping,gaming,2025-05-25T19:57:09.129865Z
mp9qufc,1k8wf43,reddit,I'd recommend checking out Hydrophobia. It's a short scifi game based on a spaceship that is flooding. There's also a really old Sega Saturn game called Burning Rangers where you are firefighters.,2025-04-27T05:47:08Z,1,MichaelTheProgrammer,gaming,2025-05-25T19:57:09.129872Z
mp9svc5,1k8wf43,reddit,"There's Stormworks: Build & Rescue

 But it's focused a bit more on making the vehicles and sandbox",2025-04-27T06:06:15Z,1,RemoteAssociation674,gaming,2025-05-25T19:57:09.129879Z
mp9t3e7,1k8wf43,reddit,I've spent the last few weeks mulling this over. Trying to figure out how a survive the tornado could play out. There's a chaser game being worked on and I remember those ones where you are the tornado.,2025-04-27T06:08:28Z,1,Jokersall,gaming,2025-05-25T19:57:09.129885Z
mp9psxh,1k8wf43,reddit,"too risky, they must make the same thing over and over and play it as safe as possible with zero risks ",2025-04-27T05:37:30Z,-1,Dreaming_Dreams,gaming,2025-05-25T19:57:09.129891Z
mp9q27d,1k8wf43,reddit,Sharknado the video game.  Practically will print money,2025-04-27T05:39:52Z,0,Pocket_Biscuits,gaming,2025-05-25T19:57:09.129897Z
mpa6dcb,1k8wf43,reddit,"AAA games are just collectathons and life service these days. A game like that where you play through it once and then not again is more the realm of AA or Indy. I'd be interested, but it sounds like QTE hell. ",2025-04-27T08:22:04Z,0,Barf_The_Mawg,gaming,2025-05-25T19:57:09.129903Z
mpa86iq,1k8wf43,reddit,"Death Stranding

Long Dark

Frostpunk

Rainworld

Rim World

Against the Storm

Banner Saga

Technically most Souls-like games",2025-04-27T08:41:11Z,0,Teftell,gaming,2025-05-25T19:57:09.129910Z
mpaaxvo,1k8wf43,reddit,Roblox has hundreds of these.,2025-04-27T09:10:31Z,0,Ok_History_7808,gaming,2025-05-25T19:57:09.129916Z
mpbj5di,1k8wf43,reddit,"Disaster games come out all the time, like Starfield.",2025-04-27T14:46:27Z,0,SackFace,gaming,2025-05-25T19:57:09.129922Z
mpccbto,1k8wf43,reddit,Expedition 33. Give it a try. It’s a supernatural disaster but it hits those vibes,2025-04-27T17:17:14Z,0,Antique-Coach-214,gaming,2025-05-25T19:57:09.129928Z
mp9pg8i,1k8wf43,reddit,"There was one game I had on the Nintendo DS that came out back when I was a kid: Elements of Destruction (2007) where you’d use weather control technology to literally manipulate and control natural disasters. Surprised they never got around to doing some type of remaster/remake, I feel like it’d have a very niche enough spot in the market today to be successful.",2025-04-27T05:34:16Z,-1,epdmx,gaming,2025-05-25T19:57:09.129934Z
mpberj7,1k8wf43,reddit,"Unfortunately, we live in a world where people clutch their pearls over a 20 year old dating a 25 year old. You think a natural disaster game is going tobgo over well? I would love one but the humans would have a problem with it. This sensitive culture is why we cant have nice things. Imagine the gaming journos reviewing this thing, jesus christ.",2025-04-27T14:22:36Z,-2,Impressive_Lake_8284,gaming,2025-05-25T19:57:09.129941Z
mpctnrs,1k8wf43,reddit,"Why arent there more racing games?

Why arent there more rally racing games?

Why arent there more dirtbike games?

Why arent there more sports games?

Why arent there more Football games?

Why arent there more Baseball games?

Why arent there more Hockey games?",2025-04-27T18:44:07Z,-2,The_Advocate07,gaming,2025-05-25T19:57:09.129947Z
mu3trpl,1kurcp3,reddit,"God of War i think is the best if you want a solid single play through. Ghosts is too open and extra shit to do, so if you just want a solid story do gow then if you beat it Ragnarok

Shadow of the Collosus is amazing and death stranding is awesome but super weird and idk if I would want to just play it all the way through",2025-05-25T01:59:20Z,9,GreatBandito,gaming,2025-05-25T19:57:10.118760Z
mu3vdft,1kurcp3,reddit,3 days? Shadow of the colossus imo if you've never played it before. You could get it done in time. The rest only if you play like 6 hours a day.,2025-05-25T02:10:10Z,7,noremains3,gaming,2025-05-25T19:57:10.118779Z
mu3tb77,1kurcp3,reddit,Shadow of the Colossus,2025-05-25T01:56:16Z,13,AdvancedCelery4849,gaming,2025-05-25T19:57:10.118790Z
mu3tthe,1kurcp3,reddit,Dying light is dope,2025-05-25T01:59:40Z,6,C137RickSanches,gaming,2025-05-25T19:57:10.118804Z
mu3sghg,1kurcp3,reddit,Ghost of Tsushima 100%,2025-05-25T01:50:38Z,11,ItsRoxxy_,gaming,2025-05-25T19:57:10.118815Z
mu3sj3j,1kurcp3,reddit,God of War or Ghost of Tsushima i dont think they take up too much time either and are great,2025-05-25T01:51:07Z,4,Xyber3360,gaming,2025-05-25T19:57:10.118827Z
mu3skpc,1kurcp3,reddit,"Death stranding is great, but will probably take you longer that 3 days.",2025-05-25T01:51:25Z,4,sjccb,gaming,2025-05-25T19:57:10.118840Z
mu3sp7w,1kurcp3,reddit,Ghost of Tsushima!,2025-05-25T01:52:14Z,5,PEI_Fella,gaming,2025-05-25T19:57:10.118852Z
mu3t7a9,1kurcp3,reddit,Ghosts of Sushiman,2025-05-25T01:55:33Z,3,yosef_yostar,gaming,2025-05-25T19:57:10.118866Z
mu3u842,1kurcp3,reddit,dying light and it's not even close.,2025-05-25T02:02:23Z,3,essn234,gaming,2025-05-25T19:57:10.118876Z
mu3t47p,1kurcp3,reddit,All decent games gow my favourite death stranding next unless you hammer them you ain't gonna finish any of them,2025-05-25T01:54:59Z,1,Ill-Maintenance425,gaming,2025-05-25T19:57:10.118890Z
mu3vrgn,1kurcp3,reddit,"God of war, knock out a full playthrough before the job starts.",2025-05-25T02:12:49Z,1,TopiarySprinkler,gaming,2025-05-25T19:57:10.118900Z
mu3wj3r,1kurcp3,reddit,"As someone who loves Ghost of Tsushima and God of War dearly:

You should play Shadow of the Colossus. It’s literally a classic.",2025-05-25T02:18:06Z,1,Gooseloff,gaming,2025-05-25T19:57:10.118914Z
mu3wzux,1kurcp3,reddit,"Depends on how much time of said 3 days you want to spend playing them.  I don’t think Stranding or Ghost could be done from 0 to finish in 3 days, nor GoW maybe.  But Dying Light and Shadow definitely.",2025-05-25T02:21:19Z,1,capnwinky,gaming,2025-05-25T19:57:10.118927Z
mu3z0ep,1kurcp3,reddit,"Any chance you could add Clair Obscur: Expedition 33? It’s a much shorter game (30-60hrs based on completions) and has good gameplay and is generally beautiful (music, visuals, story)",2025-05-25T02:34:42Z,1,le_mod,gaming,2025-05-25T19:57:10.118937Z
mu405md,1kurcp3,reddit,Ghost of Tsushima or God of War! I have finished both and both are amazing.,2025-05-25T02:42:30Z,1,StandardOld4367,gaming,2025-05-25T19:57:10.118948Z
mu422pl,1kurcp3,reddit,Subnautica,2025-05-25T02:55:57Z,1,Nanaman,gaming,2025-05-25T19:57:10.118959Z
mu43os9,1kurcp3,reddit,Ghosts of tsushima one of the best combat and story driven games in the last decade.,2025-05-25T03:07:45Z,1,Livingnoodles2560,gaming,2025-05-25T19:57:10.118970Z
mu45pzx,1kurcp3,reddit,"God of War for sure. That game is beautiful, had me almost crying in the first half-hour.",2025-05-25T03:23:02Z,1,the_scared_scholar,gaming,2025-05-25T19:57:10.118982Z
mu471id,1kurcp3,reddit,God of war,2025-05-25T03:33:08Z,1,Brovenkar,gaming,2025-05-25T19:57:10.118994Z
mu4a8a3,1kurcp3,reddit,Shadow of the Colossus.  Ideal binge game.,2025-05-25T03:57:59Z,1,gerhb,gaming,2025-05-25T19:57:10.119006Z
mu4di9c,1kurcp3,reddit,Honestly. Play indie game. Try Mouthwashing. It's a really great story,2025-05-25T04:24:25Z,1,InterestLeather2095,gaming,2025-05-25T19:57:10.119018Z
mu4p9z7,1kurcp3,reddit,"Shadow of the colossus or god of war. Both are excellent and will probably stick with you for a long time. 
Death stranding is very nice but also more niche.

Haven’t played ghost and dying light. So can’t speak for those.",2025-05-25T06:09:54Z,1,pryglad,gaming,2025-05-25T19:57:10.119031Z
mu58jdv,1kurcp3,reddit,"Play older games, 3 days for current gen games is very less.
Try duke nukem Manhattan project or portal",2025-05-25T09:24:03Z,1,JEETMOLANKAR,gaming,2025-05-25T19:57:10.119058Z
mu60pza,1kurcp3,reddit,"God of War. Best on the list IMO; people can have their say on the shift to a narrative for this series but I honestly feel it was way better than the originals; and I really liked the originals. While it does suffer from hand holding it does not have an insane amount of things to do.

Ghosts is a good game but it suffers from the Ubisoft effect of too much to do and not enough joy of discovery.",2025-05-25T13:17:12Z,1,lolinpopsicle,gaming,2025-05-25T19:57:10.119069Z
mu3vy8i,1kurcp3,reddit,"Ghost is the worst of those by a long shot. Wouldn't want to spend your last three days bored.

I would say Shadow is a great binge game. Lots to explore, fun gameplay, and doesn't overstay. Some of those other games, you might not be able to even complete.",2025-05-25T02:14:06Z,-1,Tanz31,gaming,2025-05-25T19:57:10.119083Z
mu3x6oi,1kurcp3,reddit,"Don't get baited by Ghosts of Tsushima, it's a budget assassins creed with a better story carried by covid and PS exclusive.  
God of War clears this list.",2025-05-25T02:22:34Z,-1,Sad_Wolverine3383,gaming,2025-05-25T19:57:10.119094Z
mu34s46,1kuogqx,reddit,Risk of Rain 2,2025-05-24T23:17:58Z,16,twcblank,gaming,2025-05-25T19:57:11.333756Z
mu35ry6,1kuogqx,reddit,Death Stranding is literally built around this,2025-05-24T23:24:09Z,19,LetsGoChamp19,gaming,2025-05-25T19:57:11.333771Z
mu3c05f,1kuogqx,reddit,"Manhunt, literally everything you pick up appears on your waist/back. there is also Max Payne 3 but limited.",2025-05-25T00:03:33Z,4,Mr_Comedy69,gaming,2025-05-25T19:57:11.333782Z
mu3fufu,1kuogqx,reddit,"Terraria has your accessories appear on your character, if you want them to.",2025-05-25T00:28:41Z,3,Collistoralo,gaming,2025-05-25T19:57:11.333792Z
mu3wuzf,1kuogqx,reddit,"Alone in the Dark 2008 had you carry all your items in your jacket, and you crafted right off your body.",2025-05-25T02:20:24Z,4,PM_ME_CATS_OR_BOOBS,gaming,2025-05-25T19:57:11.333802Z
mu369o9,1kuogqx,reddit,Your inventory in most of those games doesn’t show up on your character just your weapons,2025-05-24T23:27:15Z,6,RandomNobody86,gaming,2025-05-25T19:57:11.333811Z
mu36c0s,1kuogqx,reddit,Arizona Sunshine VR,2025-05-24T23:27:40Z,3,deansmythe,gaming,2025-05-25T19:57:11.333821Z
mu4roe2,1kuogqx,reddit,"Sons of the Forest, Binding of Isaac, Minecraft, Terraria, Borderlands (1,2,PS,3,TTW),  Baldurs Gate, Cyberpunk, Fallout, Elder Scrolls, Hogwarts Legacy, Witcher. I can go on. Its almost every game there is.",2025-05-25T06:33:32Z,3,AlternativesEnde,gaming,2025-05-25T19:57:11.333830Z
mu3gzre,1kuogqx,reddit,The Binding of Isaac,2025-05-25T00:36:09Z,5,HNFOIClBr,gaming,2025-05-25T19:57:11.333840Z
mu3f7lz,1kuogqx,reddit,"Star Citizen inventory management is the most realistic I've seen, to the point of being annoying",2025-05-25T00:24:31Z,2,SquirrelTeamSix,gaming,2025-05-25T19:57:11.333849Z
mu3ggke,1kuogqx,reddit,Risk of Rain 2,2025-05-25T00:32:42Z,2,metallicabmc,gaming,2025-05-25T19:57:11.333859Z
mu3ogqu,1kuogqx,reddit,Phasmophobia,2025-05-25T01:24:34Z,2,BukakkeThePornoClown,gaming,2025-05-25T19:57:11.333868Z
mu3xsjw,1kuogqx,reddit,Pathfinder Kingmaker and Wrath of the Righteous. All equipped weapon sets and equipped potions/wands show on characters.,2025-05-25T02:26:36Z,2,Kt-stone,gaming,2025-05-25T19:57:11.333878Z
mu4qov6,1kuogqx,reddit,A lot of first-person VR stuff (probably) because part of the point is accessing your items *without* just opening up a menu screen. Like having your magazines or grenades or etc. in the appropriate pouches in a VR shooter so you need to actually grab them. ,2025-05-25T06:23:44Z,2,SeanAker,gaming,2025-05-25T19:57:11.333888Z
mu5sh4i,1kuogqx,reddit,The Elder Scrolls and Fallout.,2025-05-25T12:22:17Z,2,2Mark2Manic,gaming,2025-05-25T19:57:11.333898Z
mu5yx8t,1kuogqx,reddit,I'm playing through Final Fantasy XVI right now and noticed the sword changes based on which one you have equipped.,2025-05-25T13:05:55Z,2,DuskyBit,gaming,2025-05-25T19:57:11.333908Z
mu6zdyy,1kuogqx,reddit,Elden Ring,2025-05-25T16:22:21Z,2,Nearby_Teacher_9885,gaming,2025-05-25T19:57:11.333918Z
mu7827m,1kuogqx,reddit,This is the most broad request ever. Pretty much every game does this,2025-05-25T17:05:10Z,1,CruffTheMagicDragon,gaming,2025-05-25T19:57:11.333937Z
mu35267,1kuogqx,reddit,Crypt of the Necrodancer. It was one of my favourite updates for it!,2025-05-24T23:19:40Z,1,crocicorn,gaming,2025-05-25T19:57:11.333948Z
mu4h4ac,1kuogqx,reddit,The Last of Us and it's sequel. You actually need to find holsters if you want to have more than 2 guns out. Otherwise you just switch the one on your shoulder and tucked into your pants.,2025-05-25T04:55:07Z,1,geriactricpillbug,gaming,2025-05-25T19:57:11.333958Z
mu3d4e0,1kuogqx,reddit,Literally like every RPG ever based on the games you used as reference,2025-05-25T00:10:49Z,-3,GucciDillons,gaming,2025-05-25T19:57:11.333968Z
mu35gbq,1kuogqx,reddit,Runescape/OSRS,2025-05-24T23:22:08Z,-2,LordofDsnuts,gaming,2025-05-25T19:57:11.333977Z
mtyx1jo,1ku54vs,reddit,"Sort of a sportsgame but probably less so in the sense you're looking for, so apologies in advance if not your thing.

Beastieball is an early access adaptation of the Pokemon styled games that rather than battling in fights the creatures play volleyball. It is a lot of fun and a good little time sink for the money. Very quick to learn and lots of fun.",2025-05-24T06:39:59Z,3,N/A,gaming,2025-05-25T19:57:12.260390Z
mtyza16,1ku54vs,reddit,It's really the only mode but if you like hockey and roguelites then Tape to Tape is a very fun combo of those two.,2025-05-24T07:01:37Z,1,USAF_DTom,gaming,2025-05-25T19:57:12.260404Z
mtz1g50,1ku54vs,reddit,"Backyard Baseball 2003 had me in a chokehold as a kid. It wasn’t just the gameplay, it was the goofy characters and that ‘pick-up game’ feel that made it so fun",2025-05-24T07:23:11Z,1,LaughingOnionss,gaming,2025-05-25T19:57:12.260412Z
mtz3uw3,1ku54vs,reddit,"NFL Street used to be the best fun football game. I wish they would make it again, at least just include it in regular madden as a side mode. Obviously NFL blitz as well.",2025-05-24T07:47:26Z,1,bosshoggin702,gaming,2025-05-25T19:57:12.260423Z
mtzvnmu,1ku54vs,reddit,"Not a sports game as such, but I loved Ape Escape 2 on the PlayStation 2. There was a mini game called Monkey Football where it was 5v5 and you could score some pretty insane goals.",2025-05-24T12:09:59Z,0,WesleyJ1994,gaming,2025-05-25T19:57:12.260435Z
mthrtzn,1ks1c99,reddit,"Technically Talos Principal fits the bill, but it sounds like you may want something a bit simpler.",2025-05-21T15:58:21Z,1,Slow_Time5270,gaming,2025-05-25T19:57:13.199447Z
mtjzcez,1ks1c99,reddit,"I suggest you check out other Coktelvision games, especially Inca which is probably their best game. There's really not too much like gobliiins, but you can come close with things like The Bizarre Adventures of Woodruff and the Schnibble, and the new gobliiin game.",2025-05-21T22:20:17Z,1,blehz-,gaming,2025-05-25T19:57:13.199466Z
mtk4pr3,1ks1c99,reddit,Is Monopoly money ok?,2025-05-21T22:50:25Z,1,C137RickSanches,gaming,2025-05-25T19:57:13.199481Z
mtlv36p,1ks1c99,reddit,I think Lost Vikings would be up there along with Trine.,2025-05-22T05:21:06Z,1,Javerage,gaming,2025-05-25T19:57:13.199495Z
mthr9dh,1ks1c99,reddit,"Holy crap I just realized a 2023 version came out. How the hell did I miss this?

But aside from that, any other modern games in this genre?",2025-05-21T15:55:38Z,1,TMinus10toban,gaming,2025-05-25T19:57:13.199508Z
mtd7phc,1krfxyj,reddit,"Rise of the Ronin


Sunset Overdrive


Mount and Blade


Stardew Valley


Dynasty Warriors Empires


Code Vein





Monster Hunter

Just from the top of my head, it just depends on what you are looking for OP.",2025-05-20T21:24:27Z,6,Individual_Lion_7606,gaming,2025-05-25T19:57:14.167092Z
mtdc8wc,1krfxyj,reddit,"Code Vein has one of the absolute BEST fucking character creators in any game, let alone a Soulsborne game... that said, never buy the dlc.",2025-05-20T21:48:06Z,6,kdebones,gaming,2025-05-25T19:57:14.167109Z
mtd7686,1krfxyj,reddit,Dragon's Dogma 1 and 2.,2025-05-20T21:21:43Z,5,Prefer_Not_To_Say,gaming,2025-05-25T19:57:14.167120Z
mtdkbq9,1krfxyj,reddit,"The yearly WWE2K game always comes with a ridiculously expansive character creator.  It's a bit absurd how much detail you can get into.  Plus, you can download characters made by other players.",2025-05-20T22:32:24Z,4,TheFeelsGoodMan,gaming,2025-05-25T19:57:14.167132Z
mtd2dml,1krfxyj,reddit,"There's a saying in Final Fantasy 14: Glam is the true endgame.

(The free company I'm in does weekly runs of the Nier raids just for the outfits.)",2025-05-20T20:57:15Z,6,reddfawks,gaming,2025-05-25T19:57:14.167143Z
mtdampy,1krfxyj,reddit,Fromsoftware games always have robust character creators. Probably the only exception to this is the Armored core games. But you get to fully customize your mech as you unlock new parts,2025-05-20T21:39:39Z,3,Desolatediablo,gaming,2025-05-25T19:57:14.167155Z
mtdgldy,1krfxyj,reddit,"Cyberpunk and mass effect

Alternative line of thinking: 
Armored Core 6. Nothing like having dope ass AC drip.

Destiny 2 should really be called Dresstiny, since it's really all about the steez",2025-05-20T22:11:31Z,3,Eljimb0,gaming,2025-05-25T19:57:14.167166Z
mtdm6c8,1krfxyj,reddit,Dragon's Dogma 2 has one of the best character creators in recent years,2025-05-20T22:42:49Z,3,BBWcumfartenjoyer,gaming,2025-05-25T19:57:14.167176Z
mtdxfdu,1krfxyj,reddit,Code Vein.,2025-05-20T23:46:55Z,3,Celtic_Crown,gaming,2025-05-25T19:57:14.167187Z
mtdvdj4,1krfxyj,reddit,"The Saints Row series comes to mind, also Fallout 4, especially with mods",2025-05-20T23:35:02Z,2,festerMe,gaming,2025-05-25T19:57:14.167198Z
mtetp3a,1krfxyj,reddit,Champions Online,2025-05-21T02:59:52Z,2,Pawn_Of_Fate,gaming,2025-05-25T19:57:14.167210Z
mtd31k8,1krfxyj,reddit,"I would  suggest Diablo 4, u can play co op also",2025-05-20T21:00:33Z,2,ThatBoyPlaying,gaming,2025-05-25T19:57:14.167221Z
mteme7i,1krfxyj,reddit,"Cyberpunk besides having a big customization, it also allows you to customize your outfits outside of the gear you use for stats.

Dragons dogma also allows you to edit you character and depending on your choices of height or weight for example it can make you faster but squishy or slow and tanky.",2025-05-21T02:15:04Z,2,Zefatzinho,gaming,2025-05-25T19:57:14.167232Z
mtfjjth,1krfxyj,reddit,InZOI since you mentioned Sims. CK2&3 if you are into grand strategy...,2025-05-21T06:26:49Z,1,Vanguard-Override,gaming,2025-05-25T19:57:14.167243Z
mtg04vl,1krfxyj,reddit,"XCOM 2. You can customise the appearances of your soldiers and their gear, give them a name, a backstory, and do a photoshoot, then watch them die because they missed a 95% shot. Check out the Steam Workshop if you want even more customisation options. 

Soulcalibur VI. You can create a custom character for the single-player campaign. Unfortunately, some customisation options are walled behind paid ""DLCs"". 

And as mentioned by others, various Bethesda games (Fallout 4, Skyrim, Starfield), and Code Vein.",2025-05-21T09:18:29Z,1,Imaginary-Rent-4200,gaming,2025-05-25T19:57:14.167254Z
mtk0ymu,1krfxyj,reddit,Street Fighter 6,2025-05-21T22:29:16Z,1,XsStreamMonsterX,gaming,2025-05-25T19:57:14.167264Z
mtp61vh,1krfxyj,reddit,"Splatoon doesn't have a lot of character Options, only 24 hairstyles, but, there is hundreds and hundreds of pieces of clothing. All without any micro transactions, mind you. Even the battle pass is completely free, and some of the cool gear actually takes skill or dedication to unlock, unlike basically every game where u can buy skins",2025-05-22T18:24:11Z,1,Buetterkeks,gaming,2025-05-25T19:57:14.167276Z
mtqmmn2,1krfxyj,reddit,"The best character creation in any video game is graffiti kingdom. 

Edit: Ignore all the people saying cyberpunk. That character creator in that game is basic as fuck and pales in comparison to games like oblivion/skyrim or really any other rpg.",2025-05-22T22:50:39Z,1,fecal_feaster,gaming,2025-05-25T19:57:14.167287Z
mtf62pz,1krfxyj,reddit,Have to agree with Cyberpunk!,2025-05-21T04:28:50Z,1,dachea,gaming,2025-05-25T19:57:14.167298Z
mtfdovp,1krfxyj,reddit,"Fallout 4

Cyberpunk

Dragon's Dogma 2

And, since you mentioned Spore, check out Species: Artifical Life, Real Evolution",2025-05-21T05:32:30Z,0,_insideyourwalls_,gaming,2025-05-25T19:57:14.167309Z
msdd3th,1kmvcpf,reddit,"Chained Echoes

Bravely Default remaster is coming if you have a Switch

Chrono Trigger

Dragon Quest XI

Persona 5 and Metaphor Refantazio are jrpgs that have some life sim elements

Shin Megami Tensei V",2025-05-15T00:56:08Z,13,OBS_INITY,gaming,2025-05-25T19:57:15.537123Z
msdknxa,1kmvcpf,reddit,"A new JRPG called Clair Obscur: Expedition 33 recently came out and it's really good.

Paper Mario and Paper Mario: The Thousand Year Door are both really good JRPGs.

South Park: The Stick of Truth is really solid.

Skies of Arcadia is a really awesome old Sky Pirate JRPG.

Persona 3, 4, and 5 are all excellent games from the genre.

Final Fantasy, Dragon Quest, and Breath of Fire series are all fantastic JRPGs.

Chrono Trigger is a classic JRPG which helped define the genre.",2025-05-15T01:39:31Z,15,LexGlad,gaming,2025-05-25T19:57:15.537140Z
msdvz1b,1kmvcpf,reddit,"Dragon Quest XI is pretty spectacular. The game has a quite substantial demo that includes the first ten or so hours of the game, and lets you carry over progress if you end up buying the full thing.

Just make sure it's the ""S"" version of the game, which has a few more bells and whistles over the original release.

Alternatively, if you find DQ a bit too slow paced and classic, try Metaphor: ReFantazio. It's a very slick and stylish game with a setting that's immediately captivating. It also has a demo to try!",2025-05-15T02:48:01Z,5,Secret_Wizard,gaming,2025-05-25T19:57:15.537151Z
msdcd61,1kmvcpf,reddit,Chained Echoes!,2025-05-15T00:51:52Z,8,SufficientCase4837,gaming,2025-05-25T19:57:15.537163Z
msdhnq1,1kmvcpf,reddit,I just started playing Octopath 1 on my phone!,2025-05-15T01:22:21Z,3,Ok_Winter818,gaming,2025-05-25T19:57:15.537174Z
msftn01,1kmvcpf,reddit,"My favorite jrpg series of all time is Suikoden, and they remastered 1 and 2 (the best in the series, 2 especially) in March. I highly recommend playing both. They're a bit different from a modern game like OT2 but the story, characters, and music are just so memorable.

They also remade one of my other favorites, Star Ocean 2 (titled Star Ocean The Second Story R) - it is pretty unique in combat and skill system, and is a great game with a fantastic story.

I think for modern games, Chained Echoes and Sea of Stars are probably pretty similar (haven't played myself but they are well reviewed).",2025-05-15T12:38:52Z,3,ashanev,gaming,2025-05-25T19:57:15.537185Z
msdej86,1kmvcpf,reddit,"Final Fantasy series

Clair Obscure for something recent, and it has a more interactive combat with the dodge and parry system",2025-05-15T01:04:20Z,5,Stebsis,gaming,2025-05-25T19:57:15.537197Z
msdvtzw,1kmvcpf,reddit,"* The Persona series (IMO, they get worse as you go, but a lot of people seem to like 5 despite the plot being a complete trainwreck)
* The Final Fantasy series is kind of the gold standard for JRPGs, though after X they kind of go downhill after the Enix merger, and the 7 remake is just trying to stretch out a 50-60 hour game into 3(+?) 40-50 hour games. IMO, X was the swan song of the series and a giant love letter to the fans of the Squaresoft titles before Enix started fucking with them, just pretend like X-2 doesn't exist though
* The Dragon Quest series -- it's cute and all that they kept the text log bit from the NES days, but holy fuck can it get tedious to deal with by late game
* The Legend of Heroes series -- Just be prepared for it to be a constant tease. There will be references to an evil society that's always causing problems, but they'll never tell you much about it, and there's a lot of repetition in terms of quests between games, so give yourself some time between games or you'll likely burn out before getting too far into the second game
* The Tales series -- these can be hit or miss. Tales of Symphonia and Tales of the Abyss (this so needs a remaster, remake, or even just a PC port) were just masterpieces, but others like Graces and Vesperia are more mid, and others are just sort of bad",2025-05-15T02:47:08Z,6,FreddyForshadowing,gaming,2025-05-25T19:57:15.537207Z
msdexmk,1kmvcpf,reddit,The Crystal Project is jrpg inspired. It got me through the COVID lockdown lol,2025-05-15T01:06:39Z,2,TwistedGrin,gaming,2025-05-25T19:57:15.537220Z
msebup1,1kmvcpf,reddit,"I haven't seen anyone recommend Sea of Stars yet.
I'm a little biased, it holds a special place in my heart because it helped me deal with some real bad shit. 
But I really feel like it has a story that is worth experiencing.",2025-05-15T04:40:42Z,2,Unruly_Beast,gaming,2025-05-25T19:57:15.537230Z
mses7fv,1kmvcpf,reddit,go for dragon quest xi,2025-05-15T07:08:30Z,2,Reqvhio,gaming,2025-05-25T19:57:15.537240Z
msdezpy,1kmvcpf,reddit,Final Fantasy Tactics Advance. Amazing JRPG one of my favorite games.,2025-05-15T01:06:59Z,2,KryptCeeper,gaming,2025-05-25T19:57:15.537251Z
msexry5,1kmvcpf,reddit,"If you see RPGs by Kemco, keep in mind that they are mediocre. Slightly different mechanics from each other but formula is almost same. Half the 'price of the game' is the game itself with the 'other half' being perked like double damage or no encounters. They churn one out every couple of months or so.  Only play one if you have downtime or need a break between main ones like listed in other comments.",2025-05-15T08:06:23Z,1,H0ly_Cowboy,gaming,2025-05-25T19:57:15.537262Z
msf4098,1kmvcpf,reddit,I'd actually recommend Final Fantasy Pixel Remasters. Quality of life features really makes them more accessible.,2025-05-15T09:13:15Z,1,Impressive_Can_6555,gaming,2025-05-25T19:57:15.537273Z
msf66jm,1kmvcpf,reddit,If you want a long one. Trails series. The hallmark of the series is its continuity. There are currently 13 games. Story is connected.,2025-05-15T09:36:09Z,1,BaLance_95,gaming,2025-05-25T19:57:15.537284Z
msgjewb,1kmvcpf,reddit,60+ hours in a couple of days??? Damn.,2025-05-15T14:58:13Z,1,inkyblinkypinkysue,gaming,2025-05-25T19:57:15.537295Z
mskpwob,1kmvcpf,reddit,"Hmm just spitballing 

Chained Echoes 
Sea of Stars
Final Fantasy Mystic Quest
Eiyuden Chronicle (spiritual successor to Suikoden)
I’ve been hooked on Clair Obscur",2025-05-16T04:52:29Z,1,Daywalker702,gaming,2025-05-25T19:57:15.537307Z
msl0jo7,1kmvcpf,reddit,"Lunar.  The ""remastered"" version just recently launched.  The new voices are garbage, but if you've never played the older versions you may not have as big of a problem with it, and the game itself is top-tier, especially Lunar 2.",2025-05-16T06:28:36Z,1,PontiniY,gaming,2025-05-25T19:57:15.537319Z
mspgiu1,1kmvcpf,reddit,"Live a Live is similar. I think overall it's shorter, but if you liked the individual stories coming together, it's definitely a high point. Literally played a character story after work each day, and they all shine in their own way.",2025-05-16T23:00:21Z,1,murruelecreuset,gaming,2025-05-25T19:57:15.537328Z
msu8gkm,1kmvcpf,reddit,Yes. Star ocean second story R. Beautiful pixel art with HD-3D style ( I would argue the graphic is even better than Octopath). Also check out Wandering Sword (literally a Wuxia version of Octopath with better story imo) ,2025-05-17T19:21:22Z,1,Skylorrex,gaming,2025-05-25T19:57:15.537337Z
mt4ntdm,1kmvcpf,reddit,SaGa Frontier remake,2025-05-19T14:42:55Z,1,Skuzbagg,gaming,2025-05-25T19:57:15.537346Z
mseba0n,1kmvcpf,reddit,"> i asked chatgpt

...why? Don't do that, that's really silly.",2025-05-15T04:36:10Z,2,Galle_,gaming,2025-05-25T19:57:15.537355Z
msdsoau,1kmvcpf,reddit,expedition 33 that’s a really good **japanese** role playing game from japan ,2025-05-15T02:27:23Z,-6,Dreaming_Dreams,gaming,2025-05-25T19:57:15.537367Z
ms996ls,1km5vu7,reddit,No Man's Sky probably fits this criteria but... it's gonna take you a long time to circumnavigate the planet lol,2025-05-14T12:09:27Z,7,Poindexter2291,gaming,2025-05-25T19:57:16.435472Z
ms7qtet,1km5vu7,reddit,The Civ series uses wraparound maps as the default.,2025-05-14T04:01:58Z,6,Pedagogicaltaffer,gaming,2025-05-25T19:57:16.435482Z
ms7uz3v,1km5vu7,reddit,A good number of Ratchet & Clank games,2025-05-14T04:32:00Z,3,nomis_ttam,gaming,2025-05-25T19:57:16.435487Z
ms7tdco,1km5vu7,reddit,Outer Wilds and Mario Galaxy comes to mind.,2025-05-14T04:19:57Z,6,FlavoredCancer,gaming,2025-05-25T19:57:16.435492Z
ms8jv7v,1km5vu7,reddit,"Probably a “no duh” answer, but ff7 and 8 both did this as well. It was especially noticeable in 8, iirc there’s a long section of bridge that actually curves over the horizon",2025-05-14T08:27:24Z,3,Muttandcheese,gaming,2025-05-25T19:57:16.435497Z
ms8073z,1km5vu7,reddit,"Lots of SNES RPGs do this if you're looking to stay retro, Terranigma and Treasure Hunter G off the top of my head.",2025-05-14T05:14:12Z,1,GargyB,gaming,2025-05-25T19:57:16.435502Z
ms8226x,1km5vu7,reddit,Ni No Kuni,2025-05-14T05:30:30Z,1,rusticcentipede,gaming,2025-05-25T19:57:16.435506Z
ms94l8g,1km5vu7,reddit,"Phantasy Star on the OG Master System had this.  You could get in a vehicle, or walk and circumnavigate the globe.  3 globes actually.  Damn I loved that game",2025-05-14T11:37:50Z,1,djangoman2k,gaming,2025-05-25T19:57:16.435511Z
msxdn23,1km5vu7,reddit,KSP hehe,2025-05-18T08:59:00Z,1,Jaasim99,gaming,2025-05-25T19:57:16.435515Z
ms72m1w,1klzecj,reddit,"I think of that game pretty frequently still, what a blast. I wish theyd remake it/make another game just like it. 

For advice, guard the bombers and watch the horizon. It's a tough mission for sure",2025-05-14T01:29:03Z,2,luxsitetluxfuit,gaming,2025-05-25T19:57:17.314557Z
ms7n0mu,1klzecj,reddit,"Honestly I always found it easiest to stick with the bombers, the AA fire around the ships is just too much. Make *heavy* use of the slo-mo function and it shouldn’t be too bad to protect the bombers",2025-05-14T03:35:22Z,2,c-williams88,gaming,2025-05-25T19:57:17.314575Z
ms77l16,1klzecj,reddit,This game was incredible for it's time. I can't give you any advice but I trust you'll be able to get it if my 10 year old self was,2025-05-14T01:57:30Z,1,Deckatoe,gaming,2025-05-25T19:57:17.314586Z
mrz1bmu,1kl1nxx,reddit,"Officially, I believe Final Fantasy 7 Rebirth on PC requires DX12U (DX feature level 12_2), but a mod can be used in order to inch in support for GTX turing cards (GTX 16XX series gpus). I think it fails to run on any gpu older than that for Nvidia, and fails to run on RDNA1 for AMD (which only supports DX feature level 12_1)",2025-05-12T20:16:35Z,3,FewAdvertising9647,gaming,2025-05-25T19:57:18.534085Z
mrywjx4,1kl1nxx,reddit,inZOI natively supports Vulkan and there's a mod for The Last Of Us that implements Vulkan support. You might have better luck with that.,2025-05-12T19:52:50Z,2,Hanzo_The_Ninja,gaming,2025-05-25T19:57:18.534091Z
mryuawj,1kl1nxx,reddit,"I don't see any list for games that require DirectX 12 ultimate, just games with DirectX 12 support.  Even though your card doesn't support DirectX 12 Ultimate, the games should just run with just DirectX 12 since DirectX 12 Ultimate is backwards compatible.

So this brings up a couple of questions, what are your PC's specs and what operating system are you running?  For example, if your GPU is good enough to run the game, your CPU may not meet the requirements or you may not have enough RAM.

Here is a list of the oldest GPUs that support DirectX 12 Ultimate:

AMD Radeon RX 6000 series
NVIDIA GeForce RTX 30 series
NVIDIA GeForce RTX 20 series",2025-05-12T19:41:35Z,2,xyphon0010,gaming,2025-05-25T19:57:18.534095Z
mrytv2u,1kl1nxx,reddit,"No game 'requires' it. If your system cannot play those games that is not why.

That is not a thing my dude.",2025-05-12T19:39:22Z,-5,The_Advocate07,gaming,2025-05-25T19:57:18.534098Z
mpk41jr,1ka7wta,reddit,"Depends on your era of interest, I do think most people will point at the ezio trilogy as the series peak",2025-04-28T22:07:42Z,76,RedPandaParadox,gaming,2025-05-25T19:57:20.145792Z
mpk7b8c,1ka7wta,reddit,"Everyone's gonna have an opinion on which is their favorite. Some people strongly dislike other entries. Take both opinions with a grain of salt.

There's also a huge amount of variation in just about every facet of gameplay/storytelling

For me a big part of the fun is the setting. So you should ask yourself, what setting are you most interested in? That's the one you should start with. 

Quick list: 

* Holy Land during the crusades - AC1 
* Italian Renaissance - AC2 
* American revolution - AC3 
* Carribean during age of piracy - AC4 
* Paris during the French revolution - Unity 
* Victorian London - Syndicate 
* Helenistic ancient Egypt - Origins 
* Classical ancient Greece - Odyssey 
* Viking age england - Valhalla 
* Golden age Baghdad - Mirage 
* Feudal Japan - Shadows

I left out a few, not because they aren't good but because I wouldn't start with them. Brotherhood (Rome) and Revelations (Constantinople) are parts 2 and 3 of the ""Ezio"" trilogy that starts with AC2. Rogue (Colonial NYC, North Atlantic and Hudson valley) is ""for the fans,"" especially if you liked AC4 and want more of that.",2025-04-28T22:26:07Z,17,KnowledgeIsDangerous,gaming,2025-05-25T19:57:20.145802Z
mpk4fva,1ka7wta,reddit,"Assasin's Creed 2 features the character that kinda became THE main character for the series, with him even getting 3 games.",2025-04-28T22:09:55Z,38,Kamakaziturtle,gaming,2025-05-25T19:57:20.145809Z
mpk361l,1ka7wta,reddit,2. And then Black Flag,2025-04-28T22:02:47Z,29,FederalScar1701,gaming,2025-05-25T19:57:20.145814Z
mpk3kkc,1ka7wta,reddit,"Assassins Creed 2,although Odyssey is my favorite",2025-04-28T22:05:03Z,25,bijelo123,gaming,2025-05-25T19:57:20.145821Z
mpk3ocp,1ka7wta,reddit,Ezio trilogy,2025-04-28T22:05:38Z,10,Calgrave,gaming,2025-05-25T19:57:20.145827Z
mpk3l28,1ka7wta,reddit,Black flag and odyssey are amazing,2025-04-28T22:05:07Z,8,YeaSpiderman,gaming,2025-05-25T19:57:20.145833Z
mpk4oac,1ka7wta,reddit,Black Flag. Adding the sailing to the game made it extra good.,2025-04-28T22:11:14Z,9,KarhuMeadpaw,gaming,2025-05-25T19:57:20.145840Z
mpkxwoh,1ka7wta,reddit,"Odyssey and play as Cassandra

looks great, sparta themes, philosophy, war, it's excellent!",2025-04-29T00:59:17Z,4,The_Frostweaver,gaming,2025-05-25T19:57:20.145846Z
mpk4bzx,1ka7wta,reddit,AC2 is widely regarded as 'the best' followed by AC4 and then opinions vary.  But AC4 is about to get a re-master/re-make so start with AC2 and then play 4 when the remake comes out.,2025-04-28T22:09:18Z,7,bushmaster2000,gaming,2025-05-25T19:57:20.145852Z
mpkk1ag,1ka7wta,reddit,"Odyssey is my favorite by far, and it's not even close. But it really just depends on so many things...

What setting do you like? Cause if you HATE Ancient Greece, you should definitely not start with Odyssey.

Do you want to play as a woman? Because the only real options then are Odyssey, Valhalla, and Shadows. (technically there's another one but she's more a secondary character than a primary protagonist)

Do you want pure assassinations, or do you want a sort of action-RPG with gear and loot and stuff? (Go with the pre-Origins series for the former, Origins or later for the latter, aside from Mirage)

Do you want to be a pirate? AC4.

Do you want some of the 'best' of classic Assassin's Creed? Just go 1, 2abc, 3.

Once you get beyond 3, the ""future"" story component matters less and less, so it's just pick the one that feels appealing to you.",2025-04-28T23:38:45Z,6,Gynthaeres,gaming,2025-05-25T19:57:20.145858Z
mpk8ws9,1ka7wta,reddit,"Probably will be an unpopular recommendation but my first AC game was Odyssey and i was obsessed. Played Valhalla after that and am about 40 hours into Shadows which i'm really enjoying. I tried Black Flag cause this sub loves it but it was too dated and clunky for me so i fell off it. I haven't tried the older games though so not sure which have the best stories. The draw to later AC games is gameplay and scenery, the story is like 6/10 quality with some great parts but a lot of filler",2025-04-28T22:35:17Z,8,TheBoraxKid1trblz,gaming,2025-05-25T19:57:20.145865Z
mpk5jzm,1ka7wta,reddit,Probably best to start with the first three (5) games in order. But the control are pretty clunky and take some getting used to in the first two games. It's totally worth it tho for the context needed in the other games. The other games you can play in whatever order you want as they're not so important.,2025-04-28T22:16:12Z,3,hokiis,gaming,2025-05-25T19:57:20.145870Z
mpkh7fw,1ka7wta,reddit,I say the Ezio Trilogy or Origins. The Ezio games aren't too long if you focus on the story. Origins is my favorite of the RPG games,2025-04-28T23:22:40Z,3,rabidsalvation,gaming,2025-05-25T19:57:20.145876Z
mpk4uez,1ka7wta,reddit,I like Valhalla. Sue me.,2025-04-28T22:12:11Z,9,JCWBA007,gaming,2025-05-25T19:57:20.145882Z
mpk730t,1ka7wta,reddit,"Depending on what you’re looking at as the ingredients. The Ezio Trilogy and Black Flag are the peak of the older gameplay style. If you’re looking at the newer games, Origins doesn’t get talked about nearly enough for how good it is, and Odyssey and Valhalla are also really good in this style.

I also really enjoyed Shadows recently.",2025-04-28T22:24:50Z,2,nickl104,gaming,2025-05-25T19:57:20.145888Z
mpk7p3u,1ka7wta,reddit,In order cause why not,2025-04-28T22:28:18Z,2,Thejoker_1988,gaming,2025-05-25T19:57:20.145895Z
mpk8jc9,1ka7wta,reddit,"You're going to get a lot of different answers because each one is pretty good but they become a favorite for various reasons.

For me personally, my favorite of the older era was Assassins Creed Revelations. That one finally made me like Ezio while also adding in a ton of content, like the naval battles (which I enjoyed more than Black Flag).

From the newer generation, Origins simply had the best story. I wish Odyssey had a good narrative because I love Greek mythology, but it pales in comparison.

I've recently started up Syndicate and it feels like a great middle ground of both eras, both in narrative and gameplay.",2025-04-28T22:33:07Z,2,aphilipnamedfry,gaming,2025-05-25T19:57:20.145900Z
mpk8jjd,1ka7wta,reddit,"Imo, Assassin's Creed works best when you consider it an anthology series with fairly loose threads holding them together.  So, I'd say start with the one where the setting appeals to you the most. 

My personal favorites are AC2 (Italian Renaissance), Black Flag (early 18th Century Caribbean Piracy), Origins (Classical Egypt), and Shadows (Late Medieval/Early Modern Japan).  But they're all fun to a degree.  

The early games (the 2007 Original up to 2015's Syndicate) are more action RPGs, and most of the later games (Odyssey, Valhalla, and Shadows) are actions RPGs.  Origins was kind of a transition from the old style to the new

Getting the Ezio Collection is a good starting point because it comes with 3 games, and features the only protagonist to get multiple games.",2025-04-28T22:33:09Z,2,MartianMule,gaming,2025-05-25T19:57:20.145907Z
mpk9m95,1ka7wta,reddit,Assassins Creed 2 and Brotherhood. Assassins Creed Revelations was decent to tie up Ezios arc.,2025-04-28T22:39:21Z,2,Skelegro7,gaming,2025-05-25T19:57:20.145912Z
mpkcoks,1ka7wta,reddit,"It’s pretty hard because in the older games the mechanics are dated and they feel clunky compared to modern games. Ezio and Black Flag are the most loved, but this is the case now. On the other hand it’s easy to jump in Origins or Odyssey, but they are a slightly different type of game to the OG Assassin’s Creed gameplay loop.",2025-04-28T22:56:43Z,2,Cantmakeaspell,gaming,2025-05-25T19:57:20.145918Z
mpkj5cu,1ka7wta,reddit,Ezio,2025-04-28T23:33:42Z,2,Odd-Soil-7922,gaming,2025-05-25T19:57:20.145924Z
mpksy08,1ka7wta,reddit,"Black Flag was the most cohesive and good flow of all the ACs ive played.  It was engaging, not insanely over the top chasing 8473947472929474 map markers and side garbage, pirates are cool, the dialogue/writing and acting was good/funny/etc.

The newer ACs all felt like a slog for me.",2025-04-29T00:30:16Z,2,mndfreeze,gaming,2025-05-25T19:57:20.145930Z
mpl4kvv,1ka7wta,reddit,Odyssey is my favorite and the dlc is fun too,2025-04-29T01:38:51Z,2,Medwynd,gaming,2025-05-25T19:57:20.145936Z
mpl68xb,1ka7wta,reddit,"Mainline AC games can be very squarely split into two eras. (Maybe 3?)

AC1 - AC: Syndicate is the more traditional route of the series. The combat system is more simple, with progression coming from new gadgets they unlock as you play through the story.

AC:Origins -AC:Shadows features RPG elements,  some light romance options, branching dialogue, and stat based weaponry and armor.

You could potentially split AC:1-3 from AC:Black Flag -Syndicate because 3 ended a story arc that had been on going through the entire series to that point.

They do have their differences, and depending on what appeals to you most might decide where to start.

AC:2 would be the best place to start from the original arc.

To me, Black Flag would be the best of the middle arc, and Odyssey would be the best of the RPG era.

There IS some story points that harken back to earlier games in most of them, but I don't think you'll ever be lost if you haven't played the earlier games.",2025-04-29T01:48:31Z,2,N/A,gaming,2025-05-25T19:57:20.145942Z
mpmh0in,1ka7wta,reddit,"I loved all of them. I'd say it ultimately depends on how much time you have and how much you care about modern gameplay.

I wish I could play them all again fresh so I envy you. The more modern games got way too big and can take 100+ hours to finish. The earlier games were much more manageable unless you wanted to do all the feather collecting stuff.

Stick to the story and start at the beginning, and I think you'll have a great time. Just take a break between games with a pallette cleanser game so you don't burn out.",2025-04-29T07:46:03Z,2,tonelowke,gaming,2025-05-25T19:57:20.145949Z
mq8v43r,1ka7wta,reddit,"Should - AC 2. 
Best - doubtful. IMHO: Brotherhood, Black Flag, Unity (yes, after patches it is great), Odyssey. ",2025-05-02T18:57:59Z,2,MarcusDL,gaming,2025-05-25T19:57:20.145955Z
mpk4q24,1ka7wta,reddit,"The newer ones have QOL improvements that you’ll sorely miss when you play the old games, I’d play them in release order",2025-04-28T22:11:30Z,2,chrisbarf,gaming,2025-05-25T19:57:20.145963Z
mpk5yrm,1ka7wta,reddit,"Most entries aren’t connect, maybe they are some arcs which I will list below, but they veered off and sort of stopped the modern day story in favour of focusing on the contemporary story. 

Arc 1: AC1, AC2, Brotherhood, Revelations

Arc 2: AC3, Black Flag, Rouge 

Arc 3: Unity, Syndicate

Arc 4: Origins, Odyssey, Valhalla, Mirage, Shadows",2025-04-28T22:18:32Z,2,random935,gaming,2025-05-25T19:57:20.145969Z
mpkk3ph,1ka7wta,reddit,Ezio trillogy and black flag,2025-04-28T23:39:08Z,2,MagnumSL,gaming,2025-05-25T19:57:20.145974Z
mpkuo50,1ka7wta,reddit,"I loved Shadows, if Japan is your thing.  Origins hits harder if you're already invested, so I wouldn't push that one unless you really wanna do Egypt.  Odyssey is really good and Greece/Rome is amazing, but it was a little too big for some.  AC2 is often called the peak, not undeservedly, but it's also pretty old.

Only ones I'd avoid would be 3 (story didn't really land) and Valhalla (I really didn't like the characters and Vikings in general) unless you're really into Vikings.",2025-04-29T00:40:23Z,1,MuNansen,gaming,2025-05-25T19:57:20.145980Z
mpk3nlg,1ka7wta,reddit,"I liked the open world ones the best, but they were my intro into the series.  I really liked Odyssey.  Recently played Mirage, and it was fun too, but quite different.",2025-04-28T22:05:31Z,1,kyle242gt,gaming,2025-05-25T19:57:20.145987Z
mpk6e7d,1ka7wta,reddit,"2, and play through the rest of the Ezio trilogy afterwards.

I played them all until Black Flag, and the first game is the only one I played only once. It's captivating enough to get you hooked, but it does get very formulaic and repetitive. Doesn't help that the main character only gets any personality and depth in flashbacks throughout the Ezio games. Also can't swim. Dear lord.

I started with the series when 3 was already out, so I played them all back-to-back, and going from 1 to 2 was such a WHAM moment for me. 2 made the first one seem like a technological demonstrator. And Brotherhood just outright improved on it overall.",2025-04-28T22:20:57Z,1,AstroNaughtilus,gaming,2025-05-25T19:57:20.145993Z
mpk6gcp,1ka7wta,reddit,"Play the first one and the ""the Ezio trilogy"" and then black flag and then youre done, enjoy.",2025-04-28T22:21:17Z,1,kakeup88,gaming,2025-05-25T19:57:20.146000Z
mpk6w8k,1ka7wta,reddit,Play them chronologically if you're a sci-fi nerd.,2025-04-28T22:23:46Z,1,MasterTre,gaming,2025-05-25T19:57:20.146006Z
mpk77vn,1ka7wta,reddit,"Ezio trilogy is probably the play. I would personally go for Black Flag as a standalone game, though.",2025-04-28T22:25:35Z,1,Tootskinfloot,gaming,2025-05-25T19:57:20.146012Z
mpk8dxx,1ka7wta,reddit,"i loved the first 3 games , the best",2025-04-28T22:32:15Z,1,AshamedSignal8246,gaming,2025-05-25T19:57:20.146017Z
mpk9pdz,1ka7wta,reddit,"Black Flag is a whole lot of fun and I wager a lot in here might suggest that one to start with/is the best. I haven't played Shadows yet but it does look good. I think my personal favorite entries are:

Black Flag (AC4), Brotherhood (Ezio trilogy) +AC2 (Ezio trilogy).",2025-04-28T22:39:51Z,1,TheNewTonyBennett,gaming,2025-05-25T19:57:20.146024Z
mpk9t4p,1ka7wta,reddit,"It kind of depends on which ones we are talking about here. The OG style games that I loved (Ezio IS the main character for the entire series as far as I'm concerned) are very different to the more open RPG-esque style games like Odyssey, Valhalla etc. The difference between them would suggest that not both styles will fit ""all the ingredients"" you usually love. 

If you are talking the OG style, then it's obvious to go with the Ezio trilogy first and follow up with black flag.  
If you are talking big sprawling open world RPG style games, Odyssey was my personal favourite but that's because ancient Greece is a superior setting to the others.",2025-04-28T22:40:26Z,1,tweaked9107,gaming,2025-05-25T19:57:20.146031Z
mpkarmd,1ka7wta,reddit,"Start with Assassin's Creed II.

End with Assassin's Creed II.",2025-04-28T22:45:51Z,1,Blakelock82,gaming,2025-05-25T19:57:20.146037Z
mpkaxvg,1ka7wta,reddit,For me Brotherhood and Unity. Mainly bc I love the concept of one big detailed city.,2025-04-28T22:46:51Z,1,Vilimeno,gaming,2025-05-25T19:57:20.146044Z
mpkbb70,1ka7wta,reddit,"I'll go ahead and say that if you're going to play just one from the Ezio Trilogy, Ass Bro lets you recruit and train a group of assassins who will jump out of shrubs, from behind doors, and generally out of view places to stab fools and then run away, which is both awesome and consistently funny.",2025-04-28T22:48:57Z,1,KalEl814,gaming,2025-05-25T19:57:20.146050Z
mpkc5sg,1ka7wta,reddit,Black flag and the first couple games,2025-04-28T22:53:47Z,1,NOS4NANOL1FE,gaming,2025-05-25T19:57:20.146055Z
mpkct34,1ka7wta,reddit,"Start with 1. People bitch about how repetitive it is but it's still a good introduction that doesn't drag too long, maybe 15hours max for the main story missions. Then do the ezio collection in order and black flag after.",2025-04-28T22:57:24Z,1,OblivionJunkie,gaming,2025-05-25T19:57:20.146061Z
mpkggt2,1ka7wta,reddit,"Old games:   
Release order, ignoring the first game until before Revelations unless you are really fine with repetition. If you don’t like any of these games’ gameplay try the new games. Practically a different series with how it plays so you can see if you like those
   
New games:   
You can honestly play the new games (Origins, Odyssey, Valhalla, Mirage, Shadows) in any order, but I would probably play Mirage first for two reasons; it’s basically a prequel to Valhalla, so you’d want to play it before that, and it’s the most similar to the old games so if you played those you can have a transitional game   
   
Generally, my experience with the old games is that they can be a bit clunky and rough around the edges gameplay wise even for the time they came out but still have heart put into them and are overall very fun 10-20 hour games, while the newer ones have smoother gameplay that can sometimes feel a bit unsatisfying and the story quality varies quite a bit more.",2025-04-28T23:18:29Z,1,x--Knight--x,gaming,2025-05-25T19:57:20.146068Z
mpkxdfn,1ka7wta,reddit,I started with revolution and it was amazing,2025-04-29T00:56:10Z,1,Ordinary-Jacket990,gaming,2025-05-25T19:57:20.146074Z
mpl4uqn,1ka7wta,reddit,Ezio trilogy then Black Flag.,2025-04-29T01:40:25Z,1,khinzaw,gaming,2025-05-25T19:57:20.146082Z
mplcg26,1ka7wta,reddit,"2, 3, and then Black Flag.",2025-04-29T02:24:48Z,1,Next_Complaint_1343,gaming,2025-05-25T19:57:20.146089Z
mplrdbq,1ka7wta,reddit,"Hot take, play the original and then 2 so you can appreciate how much 2 improves upon the original game.",2025-04-29T04:00:15Z,1,Obamas_Tie,gaming,2025-05-25T19:57:20.146096Z
mplrfuc,1ka7wta,reddit,2 then black flag,2025-04-29T04:00:45Z,1,Asleep_Sheepherder42,gaming,2025-05-25T19:57:20.146102Z
mpmky0r,1ka7wta,reddit,"AC's main draw, for me at least, is setting. The Ezio trilogy is the foundation and rawest form of the series, so if you want to experience the core of the series start there. You may want to play AC1 also or watch a recap for the sake of plot continuity. IMO Black Flag is the best in the series, but its more of a pirate game than what was set in place before it. 

But it will mostly come down to setting. Have a look, see what piece of history you want to play with and go from there.",2025-04-29T08:28:12Z,1,Vidya-Man,gaming,2025-05-25T19:57:20.146108Z
mpmn5sf,1ka7wta,reddit,Black flag or number 2.,2025-04-29T08:52:33Z,1,moistieness,gaming,2025-05-25T19:57:20.146115Z
mpms3w4,1ka7wta,reddit,"Your title says ""start"", but where do you plan to finish? If you intend to play all of the games, start with the first one, end with the latest one-- simple as that. The games pretty much increase in quality as you go on (to a certain point in my opinion, then not really). If you go backwards at any point you may get disappointed in various things. Graphical fidelity/quality/resolution, gameplay, various mechanics/systems and things missing etc.

If you don't plan on playing all of them (there are a lot), I'd recommend just picking a ""saga"" that appeals to you more and playing through whichever saga you picked if you like the first game. Other users already described them to you, I'd group them by how they play, as they generally play similarly and then kinda shift in how they play pretty substantially.

The OG (dated and clunky but so based): AC1

Ezio Saga: AC2, Brotherhood, Revelations (AC3 is connected via Desmond but is more similar to next group)

""Naval"" games: AC3/AC4/Rogue (AC3 is kinda like a transition from Revelations to an AC4 style of game)

""""Modern"""" games: ACUnity, ACSyndicate (the most 'modern' **in-game** eras, play differently from Naval games):

Ancient History/Layla Saga (also play differently than the """"Modern"""" games): Origins, Odyssey, Valhalla

*Modern* Games (as in recent, these seem to play similarly to the above group though): Mirage, Shadows

Personally I think they stopped getting better after their '""Modern"""" era i.e. peaked at Unity, Syndicate was a bit worse but made better by the DLC for sure. I just didn't really enjoy how everything changed starting with Origins, so perhaps that why I think all those games got worse too. Though I suppose on a technical and maybe graphical level, they should keep getting infinitely better?

Less focus on assassins and being an assassin, combat feeling a lot more annoying, weird, and shoehorned. Characters feeling more like gods and less like people with occasional superhuman feats, and FIGHTING gods or other godly beings becomes a more common occurrence than I'd like and is not what I play the games for. No multiplayer either.

I don't remember or even know if some of these games have trailers lol, but Brotherhood has one of the greatest video game trailers of all time so I highly recommend watching it, even if you don't plan on playing it. And it may just inspire you to play it, it's quite cool, Revelations is as well. They were pretty big hype generators back then and are especially why Ezio is so well known. Honestly I'd watch all of the trailers period, though I can't remember them passed the Assassins Creed 3 trailer. Watching up until there really encompasses what Ubisoft's established idea of an ""assassin"" was... but they subsequently sort of abandoned that in later entries and only loosely tied them in, while also leaning heavy on the weird broader over-arching meta story that connects the whole series.",2025-04-29T09:45:40Z,1,whatsurissuebro,gaming,2025-05-25T19:57:20.146122Z
mpmvu5s,1ka7wta,reddit,"The older games are so different from the newer ones it's like two completely different series. I'd start with ac2 and okay the ezio trilogy. Watching a video on AC1 will suffice. If you like those then play through like black flag, unity, etc . If not try the more RPG style games with origins, which is my fav of those",2025-04-29T10:22:19Z,1,Brovenkar,gaming,2025-05-25T19:57:20.146128Z
mpmwcny,1ka7wta,reddit,I’d say Mirage is similar to the older Assassins Creed games from the golden age and has the benefit of newer graphics,2025-04-29T10:27:06Z,1,Muted-Bar-321,gaming,2025-05-25T19:57:20.146135Z
mpphapt,1ka7wta,reddit,"Old time, so would definitely say start all way back and work up chronological like the ""real"" thing. At least I also tey to do this by other game series in getting into.

However, for a newcomer like you maybe the older game would be a bit grating for you due to their nature of being older games now.

Starting at the ""RPG"" games might be a good idea for you, especially also since the ancient settings interesting you. In that way, I'd start with Origins (Ancient Egypt) then as it kinda soft rebooted the series back then anyway",2025-04-29T18:53:41Z,1,emni10,gaming,2025-05-25T19:57:20.146141Z
mpwfsd8,1ka7wta,reddit,"Ok so it depends on what you really want, you prefer RPG’s? Go play them since origins, you prefer more linear open world? Start with 2, you care about the story? Start with the first,",2025-04-30T20:15:04Z,1,sensex9763,gaming,2025-05-25T19:57:20.146147Z
mpyqyva,1ka7wta,reddit,"I'd do Black Flag before Odyssey, but that's just my opinion. Unless you're waiting for the remaster. Then, I get it.",2025-05-01T04:08:16Z,1,Mooky_Stank,gaming,2025-05-25T19:57:20.146154Z
mpznqvc,1ka7wta,reddit,Best way to do it is the release order,2025-05-01T09:20:11Z,1,FrekvensYR,gaming,2025-05-25T19:57:20.146162Z
mq0pg0m,1ka7wta,reddit,Ezio Trilogy,2025-05-01T13:56:55Z,1,daandrro,gaming,2025-05-25T19:57:20.146168Z
mpk4nav,1ka7wta,reddit,"I'd start with whichever setting you like the most. The timeline technically starts with odyssey, but the over arching story isn't all that important, IMO. They can get repetitive if you want to try and do *everything*. These games are designed for people who buy like 2 games a year. I've personally played most of them, except maybe brotherhood and AC3, but I really got into Origins and then Odyssey more than any of the others. 

You can also pick up most of them for cheap during any ubisoft/steam/console sales or if you have gamepass I think a couple of them are on there without needing the extra ubisoft subscription.",2025-04-28T22:11:04Z,1,tomismaximus,gaming,2025-05-25T19:57:20.146174Z
mpkb9cq,1ka7wta,reddit,"Choose a point in history that is your favorite, go there.",2025-04-28T22:48:39Z,1,Zetra3,gaming,2025-05-25T19:57:20.146180Z
mpltdvq,1ka7wta,reddit,"Surprise unity isn't higher here. The game is now fully healed from its horrible start. And imo unity is the ""assassins creed"" ( with ac2 ). But Unity is just more recent so that makes it better to me and more playable to you as a first game. Unity's climat is for me the perfect for the Assassins lore. Paris is the perfect city for an assassin. Perfect building to do parkour, lotta small alley, a real alive city where the tension is eeeywhere. Arno is literaly Ezio so 🤷🏻‍♂️. Remove the ath, and enjoy the show. I started back yesterday randomly and I was fucking shocked. No ac game is smoother than Unity. That's what makes every ac afterward a bit less good. Like it's just so good to wander on the tops of the buildings. Historical setting is also easier to understand compared to the Borgia's tyranny in renaissance northern italia. Like French's revolution is a deep phenomenon, but no need to go that deep in the game. You fight against authoritarian regime that wring the ppl. No big deal. So yes I'd say unity as a first game. Then hope on AC4, then any other games. Except maybe ac 1, that is unfortunately to old today",2025-04-29T04:14:57Z,1,N/A,gaming,2025-05-25T19:57:20.146187Z
mpm6r58,1ka7wta,reddit,"Ezio trilogy, then black flag",2025-04-29T06:03:46Z,1,shartsmcdongle,gaming,2025-05-25T19:57:20.146194Z
mpnwfh7,1ka7wta,reddit,AC2,2025-04-29T14:20:00Z,1,Putrid_Brain_9165,gaming,2025-05-25T19:57:20.146201Z
mpo7et1,1ka7wta,reddit,2. It's the best.,2025-04-29T15:14:03Z,1,skyx26,gaming,2025-05-25T19:57:20.146210Z
mpk4kcu,1ka7wta,reddit,Assassins creed shadows,2025-04-28T22:10:36Z,0,Huthwaiteking,gaming,2025-05-25T19:57:20.146217Z
mpk59kw,1ka7wta,reddit,"2, Black Flag, Rogue, Origins, Odyssey, Shadows.  The rest are highly skippable.",2025-04-28T22:14:34Z,-1,hullkogan,gaming,2025-05-25T19:57:20.146223Z
mpkef15,1ka7wta,reddit,i started with black flag (AC4) - i still think that one is the best,2025-04-28T23:06:41Z,0,nyrB2,gaming,2025-05-25T19:57:20.146229Z
mpkk7ur,1ka7wta,reddit,"Doesn't matter each one is a unique story and the game play and mechanics is based on the story but it will still have an Assassins Creed Vibe. I've played Black Flag, Origins, Unity, Odyssey and now Shadows. My tops three in order of best to least hands down 1.) Black Flag 2.) Shadows 3.) Unity (mainly for its multi-player which they turned off) everything else is equally good to me.",2025-04-28T23:39:48Z,0,Zealousideal_Age_22,gaming,2025-05-25T19:57:20.146235Z
mpk5tgn,1ka7wta,reddit,Black Flag hands down. ,2025-04-28T22:17:41Z,-1,dub-fresh,gaming,2025-05-25T19:57:20.146242Z
mpk6cu6,1ka7wta,reddit,Black Flag.,2025-04-28T22:20:44Z,-1,Smokin_JoeFrazier_,gaming,2025-05-25T19:57:20.146248Z
mpk7sem,1ka7wta,reddit,"There aren’t that many games in the series. You have assassins creed 1, 2, then brotherhood and revelations, 3, black flag. That’s it. There aren’t any more games in the series. So I’d advice start chronologically, as 1 explains modern plot, 2 and expansions are the best story-vise, and 4 is the last part in the series that introduced a lot of new things into the formula",2025-04-28T22:28:50Z,-5,Eddie_Hollywood,gaming,2025-05-25T19:57:20.146255Z
mp087u1,1k7oqct,reddit,Damn now I can play Yahoo Pool IRL?,2025-04-25T17:38:39Z,1,Fair-Lab-4334,gaming,2025-05-25T19:57:21.086695Z
mu0p8ij,1kuc03o,reddit,A new God Vein (God Eater/Code Vein) game,2025-05-24T15:06:33Z,2,PalpitationTop611,gaming,2025-05-25T19:57:21.974700Z
mu0u2jq,1kuc03o,reddit,"New Santa Monica game.
Respawn third Jedi game.

Unrealistic impossible expectation: Sekiro 2 announcement.

One can dream.",2025-05-24T15:31:47Z,2,guilhermefdias,gaming,2025-05-25T19:57:21.974717Z
mu2yqvj,1kuc03o,reddit,A new Banjo-Kazooie,2025-05-24T22:40:14Z,2,Sunset_Eras,gaming,2025-05-25T19:57:21.974728Z
mu0b6wi,1kuc03o,reddit,Persona 4 remake,2025-05-24T13:50:08Z,2,czarchasm4532,gaming,2025-05-25T19:57:21.974740Z
mu11yzh,1kuc03o,reddit,New Bioshock game,2025-05-24T16:13:25Z,1,markusfenix75,gaming,2025-05-25T19:57:21.974750Z
mu138hh,1kuc03o,reddit,Arc Raiders shadow drop,2025-05-24T16:20:18Z,1,Infamous_Sessions,gaming,2025-05-25T19:57:21.974762Z
mu1cz6m,1kuc03o,reddit,"No game in particular.

Interested to see how many games get release dates for the latter half of the year now that GTA6 is coming out next year.",2025-05-24T17:12:12Z,1,Greybur,gaming,2025-05-25T19:57:21.974773Z
mu1r65n,1kuc03o,reddit,RE 9 but not open world and not in first person camera,2025-05-24T18:27:17Z,1,echoess84,gaming,2025-05-25T19:57:21.974784Z
mu4rsop,1kuc03o,reddit,Thinking of getting some older game unless ds 3 dlc is on sales again. Don't really have a great laptop so ye,2025-05-25T06:34:43Z,1,Lemon_boi5491,gaming,2025-05-25T19:57:21.974796Z
mu5ujb0,1kuc03o,reddit,Dune Awakening release date for console.,2025-05-25T12:36:52Z,1,Zezno_,gaming,2025-05-25T19:57:21.974807Z
mt8zj23,1kqx4ua,reddit,How are they shown? I've never played those games ,2025-05-20T05:25:45Z,41,LiamTheHuman,gaming,2025-05-25T19:57:23.195136Z
mt8zas8,1kqx4ua,reddit,Doesnt valaront also do this,2025-05-20T05:23:43Z,26,hasanman6,gaming,2025-05-25T19:57:23.195149Z
mta4u2r,1kqx4ua,reddit,Hasn't CoD been doing with with killcams for a long time?,2025-05-20T11:56:34Z,32,stoicsports,gaming,2025-05-25T19:57:23.195159Z
mt98q94,1kqx4ua,reddit,"I thought you were talking about characters that have unique crosshairs based on their equipment and design, which I think is a cool way to express the characters in these games. ",2025-05-20T06:52:25Z,16,RaptorX7,gaming,2025-05-25T19:57:23.195168Z
mt9toss,1kqx4ua,reddit,"Considering how often I get called out for mine on Valorant because I like being able to actually SEE it (you know, the whole point of a Crosshair in the first place?) and thus have more than a literal dot on my screen, I absolutely hate it.

Like, what do other people even *care* what mine looks like? That's none of your business; its job is telling me where I'm aiming, and I need more than a single Pixel for that.

That being said, I got some good laughs out of getting the same reactions back when I still just used the default one with some very minor adjustments before they changed how that looks. Apparently people are so UNused to actual Crosshairs that *the one the Game sets for you from the start* was some alien concept to them they legitimately couldn't wrap their heads around.",2025-05-20T10:29:17Z,10,Ha_eflolli,gaming,2025-05-25T19:57:23.195177Z
mt983q9,1kqx4ua,reddit,"Counter Strike has done this, since before you were born",2025-05-20T06:46:16Z,29,eiamhere69,gaming,2025-05-25T19:57:23.195185Z
mt9cvik,1kqx4ua,reddit,"It's a simple, but really cool thing. I know people who do an entire psychoanalysis based on someone's crosshair XD

It's especially funny when you know that other players can see it, so you can mess with them by choosing the worst, weirdest crosshairs.",2025-05-20T07:34:55Z,6,IzydorPW,gaming,2025-05-25T19:57:23.195194Z
mtjaya4,1kqx4ua,reddit,"Lmao every reply is like ""this game had it years ago!"" And OP responds; ""I wouldn't know, I don't play that game,"" or ""I wouldn't know, I don't play bad games.""",2025-05-21T20:21:03Z,2,TheArchitectofDestin,gaming,2025-05-25T19:57:23.195203Z
mtdocvx,1kqx4ua,reddit,Call of Duty has been doing that longer than OP has been alive lol,2025-05-20T22:55:05Z,2,MrSqueeze1,gaming,2025-05-25T19:57:23.195212Z
mt93mc8,1kqx4ua,reddit,I noticed it in Rivals and now I lowkey feel weird when a game doesn’t have it,2025-05-20T06:03:01Z,0,LaughingOnionss,gaming,2025-05-25T19:57:23.195221Z
mtajjec,1kqlqjw,reddit,"honestly, im a bit ashamed, stardew valley. not because i dont know but because i cant be bothered to remember how many logs and how much gold i need to build a silo and i cba to walk to the woodworkers house just to not have enough",2025-05-20T13:29:21Z,10,Least_Net_6751,gaming,2025-05-25T19:57:24.168045Z
mtaevgf,1kqlqjw,reddit,"Elden Ring how to…

I’m sorry but it is impossible to play the game as a casual souls like player for the first time without help.",2025-05-20T13:02:08Z,5,InevitableWeight314,gaming,2025-05-25T19:57:24.168064Z
mta8xa0,1kqlqjw,reddit,Lately it’s either been Resident Evil or Mass Effect stuff on Reddit.,2025-05-20T12:24:19Z,2,Atiumist,gaming,2025-05-25T19:57:24.168078Z
mta922j,1kqlqjw,reddit,"Walkthroughs, I get lost very easily in game. So I sometimes have to look up a guide , for example I used a guide for i have no mouth and I must scream, Jedi fallen order.

Followed by Game trailers and Gameranx videos",2025-05-20T12:25:12Z,2,Fair_Lake_5651,gaming,2025-05-25T19:57:24.168092Z
mta98dx,1kqlqjw,reddit,100 hours in and have only scratched the surface on kingdom hearts lore,2025-05-20T12:26:24Z,1,wildddin,gaming,2025-05-25T19:57:24.168103Z
mta9tp2,1kqlqjw,reddit,"Quest rewards, like if there’s a different reward depending on how you complete the quest, I’ll look up how to get the item I want

And the Pokemon type chart",2025-05-20T12:30:19Z,1,EldritchMilk_,gaming,2025-05-25T19:57:24.168115Z
mtaaptm,1kqlqjw,reddit,"Gungeongod/tboi 

Consoles don't have useful more information mods and sometimes I just forget if picking up an item will kill the run through a terrible synergy",2025-05-20T12:36:07Z,1,OneWingedA,gaming,2025-05-25T19:57:24.168126Z
mtafem8,1kqlqjw,reddit,"Cyberpunk lore. This shit goes deep, man.",2025-05-20T13:05:17Z,1,MalgraineX,gaming,2025-05-25T19:57:24.168138Z
mtbee49,1kqlqjw,reddit,Lets plays,2025-05-20T16:05:17Z,1,Popular-External-888,gaming,2025-05-25T19:57:24.168152Z
mtbqf3j,1kqlqjw,reddit,Rules and dlc for the cyberpunk red ttrpg,2025-05-20T17:03:51Z,1,surenda42,gaming,2025-05-25T19:57:24.168164Z
mtbs6pd,1kqlqjw,reddit,The whole Stardew valley wiki.,2025-05-20T17:12:20Z,1,Apprehensive-Ease-40,gaming,2025-05-25T19:57:24.168177Z
mtcpx9g,1kqlqjw,reddit,I spend the most amount of time getting away from streamers and YouTubers lol. Trying to figure out where to go on a map but not wanting to watch a 30 minute video of it and just looking for good old fashion screen caps with a circle on it or something.  Can be any topic but YouTubers have ruined game guides,2025-05-20T19:55:54Z,1,CryptographerBusy105,gaming,2025-05-25T19:57:24.168190Z
mtcwmjo,1kqlqjw,reddit,"I think just the solution to things that aren't well explained, are intentionally obtuse to find, or im finding frustrating.  Rule of thumb is if im not having fun, I'll just look up the easy way to do it.",2025-05-20T20:29:13Z,1,Bladebrent,gaming,2025-05-25T19:57:24.168202Z
mtdf1gq,1kqlqjw,reddit,Treasure Map and Survey locations for ESO. 😵‍💫,2025-05-20T22:02:58Z,1,DabbaD4Me,gaming,2025-05-25T19:57:24.168213Z
mtdwjz4,1kqlqjw,reddit,"I usually use a couple tabs in case something needs to be looked up for crafting.
I can't recall anything specific I've taken a ton of time looking up but I know there are a bunch of obscure games I play that aren't the easiest to find info on.",2025-05-20T23:41:52Z,1,Specialist-Onion-718,gaming,2025-05-25T19:57:24.168224Z
mte5nur,1kqlqjw,reddit,"Destiny 2 related stuff, usually either builds to try out or the details and community ratings of specific weapons or exotic armour pieces.

Either that or Yu-Gi-Oh! card info if I have a ruling or trivia I wanna check for my own interest or while making my own custom cards.",2025-05-21T00:35:57Z,1,huf0002,gaming,2025-05-25T19:57:24.168236Z
mte9ows,1kqlqjw,reddit,"Lore.

I love knowing as much as I can about the game worlds I come to love.

I also enjoy looking over development notes, concept art, and other general behind the scenes stuff.",2025-05-21T00:59:31Z,1,Loud-mouthed_Schnook,gaming,2025-05-25T19:57:24.168249Z
mti7ul9,1kqlqjw,reddit,"Walkthroughs

Builds (what is the current meta)",2025-05-21T17:14:55Z,1,Wide_Struggles,gaming,2025-05-25T19:57:24.168262Z
mtickwv,1kqlqjw,reddit,Dota 2,2025-05-21T17:36:48Z,1,oholandesvoador,gaming,2025-05-25T19:57:24.168273Z
mtjdqze,1kqlqjw,reddit,"Gaming news. Either on Reddit or YouTube. 


That and walkthroughs. Mostly for unique achievement help or locations for collectables.",2025-05-21T20:33:54Z,1,Goddamnitpappy,gaming,2025-05-25T19:57:24.168284Z
mtlz9be,1kqlqjw,reddit,"Relationship stuff.

In most games that have them. It's punishingly difficult sometimes, because games both make it nearly impossible to actually correct a mistake and to know what is the right thing to say.

So I usually google relationship stuff beforehand to know which words cause which actions. Especially if I am romancing a character.

This whole thing came about because while playing ME3 I had to choose between saving some random Taurians and a Taurian general. Tali, my romance partner, shouting at me to choose and the general shouting at me to save the innocents, I saved the innocents.

And then The GETH destroy the taurian fleet, the reaper is destroyed, and TALI JUMPS OFF A FUFFING CLIFF.

So you know, kinda traumatised me, never did end up finishing the game because I just did not care at all. Like not even a LITTLE bit. 

And I did everything else correct too, I talked to the Geth, I talked to the Taurians. But the game was made so that if that one general dies, then BOOM, you get worst ending for that. 

  
So now I google, every time. I will hit my head against a wall for hours to solve a puzzle. But I will pause a game in seconds to google the right relationship choices.",2025-05-22T05:57:32Z,1,sock0puppet,gaming,2025-05-25T19:57:24.168297Z
mtoo2ax,1kqlqjw,reddit,"Tips for tactics, strategy, and simulation games.",2025-05-22T16:59:26Z,1,another_brick,gaming,2025-05-25T19:57:24.168310Z
mtr1uub,1kqlqjw,reddit,"Tinkering type stuff. I do more modding, tinkering, and organizing than actually gaming lol",2025-05-23T00:18:27Z,1,CurrentOpposite3186,gaming,2025-05-25T19:57:24.168322Z
mt47f3h,1kq3ww5,reddit,"Vindictus was an awesome game. Pay to win but I got lots of time in it without paying. You cant beat the real time action combat and co op gameplay that got me to actually enjoy an MMO. 

I'm cautiously hyped for this. The single player/co-op focus is really interesting given the success of the first one.",2025-05-19T13:13:11Z,18,DriftMantis,gaming,2025-05-25T19:57:25.226879Z
mt2r40t,1kq3ww5,reddit,Holy shit thats a name i havent heard. Is it related to the old mmo?,2025-05-19T05:27:35Z,6,Zama174,gaming,2025-05-25T19:57:25.226899Z
mt2r8yy,1kq3ww5,reddit,[removed],2025-05-19T05:28:50Z,7,N/A,gaming,2025-05-25T19:57:25.226911Z
mt57ci2,1kq3ww5,reddit,"Damn, I used to play the hell out of Vindictus many years ago. I remember the story actually being half-decent, especially for an MMO, and the combat being fun af.

I used Fiona, the sword/shield girl, a lot back then and I'll probably do the same for Defying Fate, cause damn was blocking these big ass attacks with a greatshield satisfying haha.

Wonder if any of my old group knows about this.",2025-05-19T16:20:43Z,3,SlvrNight,gaming,2025-05-25T19:57:25.226923Z
mt2s8tk,1kq3ww5,reddit,I wonder if it's going to be the same old p2w Nexon crap,2025-05-19T05:38:04Z,9,synthwavve,gaming,2025-05-25T19:57:25.226936Z
mt2v40z,1kq3ww5,reddit,"I liked Vindictus. It was something very unique. 

I spent a long time leveling a lame mage character that struggled to stay alive for more than 15 seconds in proper fights just because at some point it became possible to transform it to an awesome scythe class. I'm glad that they're still developing it.",2025-05-19T06:05:09Z,3,AntakeeMunOlla,gaming,2025-05-25T19:57:25.226947Z
mt2rhj3,1kq3ww5,reddit,This looks fire!!,2025-05-19T05:31:02Z,2,BiverRanks,gaming,2025-05-25T19:57:25.226961Z
mt4nl70,1kq3ww5,reddit,"Ah, vindictus... One of many games from my childhood.",2025-05-19T14:41:46Z,1,BetrayedJoker,gaming,2025-05-25T19:57:25.226972Z
mt5c75b,1kq3ww5,reddit,"Vindictus was peak! I've played pre-alpha of Defying Fate and it looks so amazing, I'm very excited. Just please bring back Evie.",2025-05-19T16:44:51Z,1,RedFlagSupreme,gaming,2025-05-25T19:57:25.226984Z
mt5znq7,1kq3ww5,reddit,"So what is this, a remake? IP locked like the original? I would love to get into it as i loved the game when i played it at the end of season 1, but i dont want to have to deal with vpns/proxy again as its just a bother when you want to get friends into it.",2025-05-19T18:37:48Z,1,Ashne405,gaming,2025-05-25T19:57:25.226996Z
mtsbztc,1kq3ww5,reddit,"Old Crossgun Kai was, to this day, one of the best class designs I have ever played in any MMO. It was amazing. They ruined it completely by turning the class into a generic caster, but I will remember it fondly.",2025-05-23T05:26:27Z,1,Radingod123,gaming,2025-05-25T19:57:25.227007Z
mtyjq46,1kq3ww5,reddit,"That is a game I hadn't heard of for a while, still haven't found a combat system that hits quite the same. Shitty pay to win bullshit really ruined it though...",2025-05-24T04:38:56Z,1,TherapyDerg,gaming,2025-05-25T19:57:25.227019Z
mt5352i,1kq3ww5,reddit,Ahh Nexon... always putting so much money into their trailers.,2025-05-19T15:59:40Z,1,NightMGA,gaming,2025-05-25T19:57:25.227031Z
mt0yzjd,1kpuia9,reddit,"Green Glass armor in Oblivion is my fav. Sounds stupid, looks cool.",2025-05-18T22:15:07Z,5,mugwump867,gaming,2025-05-25T19:57:26.435081Z
mt0s1ov,1kpuia9,reddit,"Remnant 2 - Zealot's hat and wraps, Disciple torso, Red Widow legs.",2025-05-18T21:36:04Z,4,Former_Web_6777,gaming,2025-05-25T19:57:26.435099Z
mt10vdl,1kpuia9,reddit,"Armour of Altaïr - Assassins Creed 2

Improved combined tactical vest - payday 2

Apollyon - For Honor

Holo and Cloak Pilot - Titanfall 2",2025-05-18T22:26:06Z,4,StrawberryLayerCake,gaming,2025-05-25T19:57:26.435111Z
mt11hod,1kpuia9,reddit,Deadric armor in Skyrim,2025-05-18T22:29:46Z,4,AxeSpez,gaming,2025-05-25T19:57:26.435124Z
mt1k4em,1kpuia9,reddit,Armour of Altaïr in AC2.,2025-05-19T00:23:26Z,4,Sergeant_Roach,gaming,2025-05-25T19:57:26.435136Z
mt0tb2z,1kpuia9,reddit,"I'm currently playing Witcher 3 and Geralt looks like a complete clown with his mismatched armour lol. Purple gloves and knee high gold boots etc

The best armour ever is Paladin tier 2 from wow",2025-05-18T21:43:02Z,3,Mammoth_Athlete_8525,gaming,2025-05-25T19:57:26.435147Z
mt14n53,1kpuia9,reddit,"I'm from the old school of gaming where you didn't even have the option to change how your character looked, so I tend to give it very little thought unless I'm bored. Like there were times when I'd be in the queue for something on FF14 and while waiting I might glam some armors, but I never paid it much mind otherwise.",2025-05-18T22:48:46Z,3,FreddyForshadowing,gaming,2025-05-25T19:57:26.435158Z
mt0nvf2,1kpuia9,reddit,Minecraft with trims,2025-05-18T21:13:08Z,2,abood_hu13,gaming,2025-05-25T19:57:26.435168Z
mt16caa,1kpuia9,reddit,"In Xenoblade Chronicles X, my girl is wearing a mix of Candid & Credible armor sets in blue, with a Sakuraba headpiece to keep her face exposed for cutscenes.

Head: Prototype Headset (Level 1 BLADE Wear)

Body: Valor Breaker (Level 35 Light)

Arms: Want to say it's the Valor Wrests.

Legwear: Valor Stabilizers (Level 35 Heavy)

I plan on keeping this look until I start Chapter 11, where I'll switch to something that looks a bit more like proper armor (similar to what Doug wears maybe) but right now I'm doing sidequests. And once I complete the bounty on Ridill, the Arrogant and get the Redesigned Shorts, (along with a Hibiscus from a certain online Superboss), I'll have my entire ""casual"" outfit I put her in at the end of my time in the Wii U version. :)",2025-05-18T22:59:06Z,2,Celtic_Crown,gaming,2025-05-25T19:57:26.435181Z
mt5mnnx,1kpuia9,reddit,I'm a huge fan of the warrior tier 3 set in wow.,2025-05-19T17:35:02Z,2,Gardevoir_Best_Girl,gaming,2025-05-25T19:57:26.435194Z
mt1m0ha,1kpuia9,reddit,"I had a Power Armor collection in FO4 that had at least 30 armors. My favorite was XO2 by far. 

Daedric Armor in Skyrim

Weird but I love the Bear Armor in GOWR, too.",2025-05-19T00:35:19Z,1,No-Damage6935,gaming,2025-05-25T19:57:26.435207Z
mt1nnqp,1kpuia9,reddit,"Tyriels might, because rarity/bragging rights.

Love a shako as well",2025-05-19T00:45:40Z,1,Dinostra,gaming,2025-05-25T19:57:26.435219Z
mt1ugpp,1kpuia9,reddit,Terminus Armor in Mass Effect 2 was badass as fuck. Nothing ever beat that look,2025-05-19T01:28:03Z,1,LeastHornyNikkeFan,gaming,2025-05-25T19:57:26.435230Z
mt2qzlj,1kpuia9,reddit,"Samus' Light Suit from Metroid Prime 2: Echoes

Samus' Metroid Suit from Metroid Dread

Tier 2 Hunter set from WoW (Dragonstalker)",2025-05-19T05:26:27Z,1,Doombah,gaming,2025-05-25T19:57:26.435242Z
mt2xnzg,1kpuia9,reddit,"Master Chief armor from Halo 3, Scorched Sierra Power Armor from Fallout New Vegas & Legate Lanius Power Armor mod from Fallout 4.",2025-05-19T06:30:08Z,1,Sea_Perspective6891,gaming,2025-05-25T19:57:26.435254Z
mt2z06k,1kpuia9,reddit,Hyabusa in Halo 3. Forever and always.,2025-05-19T06:43:27Z,1,USAF_DTom,gaming,2025-05-25T19:57:26.435266Z
mt31kr0,1kpuia9,reddit,The Nightingale armor from skyrim is sexy af.,2025-05-19T07:09:16Z,1,nier4554,gaming,2025-05-25T19:57:26.435280Z
mt69f0t,1kpuia9,reddit,"Anything with cool Helmets.  

- Mandalorians (still waiting for a proper Mando game, still can't believe they cancelled 1313 and then made a Mando show a few years later and still have not done a proper Mando game...)  
- Clone / Stormtroopers of course  
- Helldivers  
- MCU-Iron Man (at least until the CGI nano particle out of thin air and never explaind on-screen bullshit started)  
- Halo / ODST... I like the armor Style, i just don't like the part where you need to be a genetically manipulated/engineered Super Soldier to use them.  
- Doomslayer Armor looks pretty dope ...2016 version specifically.  
- StarCraft Terran Armors...  

I guess you can boil my taste down to generally Space Marines (the theme, not WH40K!) and ""Tacticool""... the more Laser pointers, Night Vision Goggles and Tech is on there the better... Jetpacks!  

If Power Rangers counts, then Mighty Morphin and nothing after. ...but that is more cool Helmets with wonky Spandex Suits that we only pretend is armor. (i liked the leather versions from that one 90's Movie way better... and then they never did it again.)",2025-05-19T19:26:11Z,1,ZeroBANG,gaming,2025-05-25T19:57:26.435291Z
mt7l4ss,1kpuia9,reddit,"The Artian armor in Monster Hunter Wilds looks absurdly high tech and comes in a rather dull all green color. But recoloring it lets me hunt monsters as ""not quite"" Arcee from Transformers Gen 1.",2025-05-19T23:40:57Z,1,Tyrest_Accord,gaming,2025-05-25T19:57:26.435303Z
mt7vxqj,1kpuia9,reddit,Evil Spirt Armor from Zelda: Tears of the Kingdom,2025-05-20T00:46:23Z,1,No_Driver1541,gaming,2025-05-25T19:57:26.435316Z
mtkcbim,1kpuia9,reddit,Fallout New Vegas lightweight leather armor from Couriers stash DLC,2025-05-21T23:33:07Z,1,Salt_Strain7627,gaming,2025-05-25T19:57:26.435329Z
mtweqkp,1kpuia9,reddit,Doom Dark Ages Nightmare armor.,2025-05-23T20:38:35Z,1,MetalHeadJakee,gaming,2025-05-25T19:57:26.435341Z
mt247v7,1knkstd,reddit,None. I didn't play the game.,2025-05-19T02:29:02Z,0,Upper-Window-6608,gaming,2025-05-25T19:57:28.128544Z
mriu15x,1kiz76i,reddit,Split Fiction! Only one copy needs to be bought to even work on multiple devices!,2025-05-10T02:02:02Z,18,Automatic-Debate372,gaming,2025-05-25T19:57:29.095794Z
mritkp9,1kiz76i,reddit,Overcooked is fun and child-friendly!,2025-05-10T01:59:05Z,8,Professional_Bite133,gaming,2025-05-25T19:57:29.095812Z
mriwzbe,1kiz76i,reddit,"Any of the Lego games. Those are all coop. Marvel avengers, marvel, any of the dc ones, all the Star Wars ones",2025-05-10T02:21:09Z,5,ddevil1985,gaming,2025-05-25T19:57:29.095826Z
mrit6in,1kiz76i,reddit,"""It takes Two"" is a blast. I played it with one of my friends a few months ago it was great.",2025-05-10T01:56:39Z,17,ThatOtherOneReddit,gaming,2025-05-25T19:57:29.095840Z
mrivq5r,1kiz76i,reddit,"It takes Two, stardew valley, minecraft, overcooked if you can get like 2 more people no time to relax is a good game",2025-05-10T02:12:53Z,3,Huge-Chapter-4925,gaming,2025-05-25T19:57:29.095854Z
mritk6s,1kiz76i,reddit,"Portal 2
Untitled Goose Game",2025-05-10T01:59:00Z,3,DogFacedKillah,gaming,2025-05-25T19:57:29.095868Z
mriu39s,1kiz76i,reddit,Portal 2 has an excellent coop campaign (and one of my favorite single player ones too),2025-05-10T02:02:23Z,3,Slayerkid13,gaming,2025-05-25T19:57:29.095882Z
mrit6ae,1kiz76i,reddit,Interested in Pokémon? Scarlet and Violet have the ability to play together.,2025-05-10T01:56:36Z,4,Kilorn,gaming,2025-05-25T19:57:29.095897Z
mriuka6,1kiz76i,reddit,Minecraft?,2025-05-10T02:05:22Z,2,ExcuseDistinct4521,gaming,2025-05-25T19:57:29.095910Z
mriw91g,1kiz76i,reddit,Untitled Goose Game is a riot.,2025-05-10T02:16:20Z,2,1azerlover,gaming,2025-05-25T19:57:29.095924Z
mriy0f0,1kiz76i,reddit,Rocket League. It’s soccer with cars. You can play coop against bots or play online against other people. I play it with my nephew and niece. It’s kid friendly,2025-05-10T02:27:57Z,2,AwayPresence4375,gaming,2025-05-25T19:57:29.095939Z
mrj2lzg,1kiz76i,reddit,Pikmin 3 deluxe story mode,2025-05-10T02:58:56Z,2,Malnuq,gaming,2025-05-25T19:57:29.095953Z
mrjltx4,1kiz76i,reddit,"Almost nobody has mentioned Portal 1 and 2, but these would be great if they're sold on the Nintendo marketplace.",2025-05-10T05:28:20Z,2,--Pensive--,gaming,2025-05-25T19:57:29.095966Z
mrk3ptk,1kiz76i,reddit,"Luigi’s Mansion 3 – Great co-op where one player is Luigi and the other plays as Gooigi. You explore spooky (but not scary) hotel floors, solve clever puzzles, and work together constantly. Very charming and fun.",2025-05-10T08:23:34Z,2,Shiro_neco,gaming,2025-05-25T19:57:29.095980Z
mritbpz,1kiz76i,reddit,It Takes Two is my go-to recommendation for two-player fun. It's not terribly long but it's a blast.,2025-05-10T01:57:34Z,1,8u2n0u7,gaming,2025-05-25T19:57:29.095995Z
mrl5u69,1kiz76i,reddit,"if your computer is a potato, broforce",2025-05-10T13:42:31Z,1,bookofthings,gaming,2025-05-25T19:57:29.096009Z
mriukam,1kiz76i,reddit,Splinter Cell Chaos Theory. You can taser your partner.,2025-05-10T02:05:22Z,0,piscian19,gaming,2025-05-25T19:57:29.096023Z
mrijee8,1kiwp0e,reddit,Agreed. The soundtrack has been living with me for days now. Absolutely beautiful.,2025-05-10T00:53:06Z,3,Screamin_Toast,gaming,2025-05-25T19:57:30.014280Z
mta5122,1kiwp0e,reddit,We lost - gets my juices flowing,2025-05-20T11:57:55Z,1,Zealousideal3p,gaming,2025-05-25T19:57:30.014299Z
mrinb9s,1kiwp0e,reddit,"Right there with you. Alice is such a talented singer, and Lorien is a brilliant composer.",2025-05-10T01:18:29Z,0,ajwilson99,gaming,2025-05-25T19:57:30.014312Z
mrijqs0,1kiwp0e,reddit,And yet another post about this game that feels very non organic,2025-05-10T00:55:17Z,-8,Sleepy_Redditorrrrrr,gaming,2025-05-25T19:57:30.014325Z
mriptnt,1kiwp0e,reddit,I agree on non organic posting also just reading the title was annoying lol,2025-05-10T01:34:56Z,-2,Routine-Duck6896,gaming,2025-05-25T19:57:30.014338Z
mpw7whf,1kbp8n5,reddit,Commenting to look up later,2025-04-30T19:36:41Z,2,dumpofhumps,gaming,2025-05-25T19:57:30.904048Z
mp59r8s,1k8aqoz,reddit,"Played this a few years ago, has it evolved greatly? Always thought the game had amazing promise ",2025-04-26T13:52:48Z,1,LootCastPuff,gaming,2025-05-25T19:57:31.787045Z
mtfjlsn,1krqnne,reddit,"Just finished Clair Obscur: Exedition 33. Man, what a journey that game was. I'm going to go back and clean up some of the things I missed and such, but the main story is done. Got the cheevo for it and everything. 

Gonna pick up Star Wars Outlaws next. Then probably Spider-Man 2 (the one from this year). 

And as always, I have a hand in WoW.",2025-05-21T06:27:21Z,14,Doombah,gaming,2025-05-25T19:57:33.449071Z
mtj8thy,1krqnne,reddit,Ghost of Tsushima! Getting started with act 2,2025-05-21T20:10:58Z,4,shaqtaku,gaming,2025-05-25T19:57:33.449078Z
mtfy312,1krqnne,reddit,Super Earth has been invaded!  I’ve been called back into Helldivers service.,2025-05-21T08:56:48Z,7,Pugilist12,gaming,2025-05-25T19:57:33.449083Z
mtfl5rs,1krqnne,reddit,Helldivers new update is insane.,2025-05-21T06:42:38Z,4,assinyourpants,gaming,2025-05-25T19:57:33.449086Z
mtftbs7,1krqnne,reddit,Xcom: Enemy Unknown/Within. I picked up the Xcom humble bundle cause I got Chimera Squad for free and loved it now I’m making way through the games.,2025-05-21T08:06:08Z,4,CallMe-MG,gaming,2025-05-25T19:57:33.449091Z
mtfvu80,1krqnne,reddit,"Finally gotten back around to playing Black Myth Wukong. 

Funny how differently games click based on your current mindset.",2025-05-21T08:33:08Z,5,giorgosfy,gaming,2025-05-25T19:57:33.449094Z
mtfz9yg,1krqnne,reddit,"Castlevania: Harmony of Dissonance

Underrated imo",2025-05-21T09:09:19Z,3,EndlessHorefrost,gaming,2025-05-25T19:57:33.449098Z
mtfndal,1krqnne,reddit,"Morrowind. It's a fantastic open world with interesting lore that offers lots of freedom to the player. I'd say the only bad thing about it is the performance (I'm not bothered by the old graphics, although admittedly I modded the game)",2025-05-21T07:04:21Z,3,tragicThaumaturge,gaming,2025-05-25T19:57:33.449102Z
mtfwilo,1krqnne,reddit,Good old Red Dead Redemption Undead Nightmare as well as rocket league and few more single player titles,2025-05-21T08:40:27Z,4,CeriseKarma,gaming,2025-05-25T19:57:33.449106Z
mtfwqr1,1krqnne,reddit,"Current focus: Oblivion Remastered/Skyrim

One-off games to switch to: Doom Dark Ages and World of Warcraft.

Played a lot of WoW til Oblivion Remastered came out, then sparked my interest in Skyrim to start a new run. Will progressively make my way back to WoW as I start to get near 100% achievements in Oblivion.

Doom Dark Ages I just have because of game pass when craving a shooter and it’s a pretty damn good one.",2025-05-21T08:42:50Z,3,ThatITGuyFromWork,gaming,2025-05-25T19:57:33.449110Z
mtfh644,1krqnne,reddit,Replaying the PS4 version of Days Gone. Game is beautiful and fun and when you cross a horde unexpectedly for the first time it’s terrifying. Thing that sucks the most is that it will never get a sequel.,2025-05-21T06:04:00Z,2,knowsnothing316,gaming,2025-05-25T19:57:33.449113Z
mtfixqt,1krqnne,reddit,Playing league with my old HS friends. It’s actually a fun game when you have a team,2025-05-21T06:20:49Z,2,Scrappylink,gaming,2025-05-25T19:57:33.449117Z
mtfkwbt,1krqnne,reddit,"
Replaying original FFVII this time on the switch.  Been over 20y.  3x speed is super nice.  Game plays exactly how I remember.  

The dialog is still corny at times, some of it feels a little loss in translation.  

A bit of Metroid Prime remaster as well.  No cons.  Game plays great.  Smooth.  ",2025-05-21T06:40:03Z,2,IllustriousHistorian,gaming,2025-05-25T19:57:33.449121Z
mtfukuw,1krqnne,reddit,"Wish I was playing factorio but I'm stuffed, early start tommorow and going to bed. Adulting sucks.",2025-05-21T08:19:33Z,2,moistieness,gaming,2025-05-25T19:57:33.449125Z
mtfzdae,1krqnne,reddit,"Monster Hunter wilds still!

I'm very close to reaching my goal of collecting all the armor sets, then after that I'm going for all the talismans, titles, and gold crowns.",2025-05-21T09:10:17Z,2,NeedsItRough,gaming,2025-05-25T19:57:33.449128Z
mtg0652,1krqnne,reddit,"I'm going to finish doom dark ages today, it's fun but I enjoyed doom and eternal so much more. I'm dying to play Expedition 33 but I'm going to save it after my trip.",2025-05-21T09:18:51Z,2,Thatguydrew7,gaming,2025-05-25T19:57:33.449132Z
mtg2tit,1krqnne,reddit,"Pokémon Diamond, managed to find my old Nintendo DS",2025-05-21T09:46:21Z,2,JimWilko1781,gaming,2025-05-25T19:57:33.449136Z
mtfmuu8,1krqnne,reddit,GTA SA,2025-05-21T06:59:17Z,2,Important-Length-870,gaming,2025-05-25T19:57:33.449139Z
mtg41um,1krqnne,reddit,Been on that Oblivion Remastered kick for about 3 weeks now. So much nostalgia! Love me some Bugthesda!,2025-05-21T09:58:17Z,1,Only-Employment-4611,gaming,2025-05-25T19:57:33.449143Z
mtj048k,1krqnne,reddit,"Disco Elysium again, I want to be a racist this time and see where that takes me in the game.

Though, I want to do it without hurting Kim’s feelings.",2025-05-21T19:29:49Z,1,TMinus10toban,gaming,2025-05-25T19:57:33.449147Z
mtj30hf,1krqnne,reddit,Resident Evil 4 Remake for the 1st time. I don't have enough VRAM for Expedition 33 :c,2025-05-21T19:43:42Z,1,Vegetable-Pale,gaming,2025-05-25T19:57:33.449156Z
mtj7qdp,1krqnne,reddit,"Realm of the Mad God

O3 Event. 
Free runes.
Crippling addiction.",2025-05-21T20:05:43Z,1,LostHalls,gaming,2025-05-25T19:57:33.449160Z
mtja28d,1krqnne,reddit,I’m playing Crazy taxi for GameCube,2025-05-21T20:16:53Z,1,Tabby_Tobes4623,gaming,2025-05-25T19:57:33.449164Z
mtjfsk3,1krqnne,reddit,"Games huh... i'd say my choices are probably finishing some of the games i have on my Steam librarby (reference) and recommend them to some acquaintances i got. Games such as:

  
Aeterna Noctis

Hades

A Hat in Time

Gestalt - Steam and Cinder

The old DOOM games (which are REALLY cheap on Steam go get 'em)

Sonic Mania

Freedom Planet 1 and 2

Afterimage

Some fighting games such as Street Fighter IV and Tekken 7 (and yes, i still play Tekken 8)

And ESPECIALLY Blashpemous 1 and 2 and retro games. Those are my favorites... AH BLASPHEMOUS MY BELOVED",2025-05-21T20:43:30Z,1,CD_FAKER,gaming,2025-05-25T19:57:33.449168Z
mtk13tj,1krqnne,reddit,Diablo 2 Resurrected.   I've been playing a lot of the original on my emulator handhelds and it put me in the mood to continue the 2nd one.,2025-05-21T22:30:05Z,1,Status_Chemistry_503,gaming,2025-05-25T19:57:33.449172Z
mtkizqh,1krqnne,reddit,The new doom,2025-05-22T00:11:29Z,1,nerd44,gaming,2025-05-25T19:57:33.449175Z
mtkkxyz,1krqnne,reddit,Spiderheck!,2025-05-22T00:22:53Z,1,dbmajor7,gaming,2025-05-25T19:57:33.449179Z
mtkqmcm,1krqnne,reddit,Ark Survival Ascended and Genshin Impact. :),2025-05-22T00:55:52Z,1,PlayWithiCasino,gaming,2025-05-25T19:57:33.449183Z
mtkzeo9,1krqnne,reddit,"I revisited F.E.A.R. and surprised on how well the game hold its ground to modern FPS games. Granted its blocky in some areas especially player's model. But the interactivity level is a whole lot better than most recent games. Objects fly when shot or punched (or kicked). Hanging lamps sway around when shot or hit by explosion. Parallax on almost everything, including bullet hole.",2025-05-22T01:47:13Z,1,aahanif,gaming,2025-05-25T19:57:33.449187Z
mtlb9mi,1krqnne,reddit,"just finished Scarlet Nexus. great game, beautiful graphics/animations, and awesome gameplay. dialogue was a bit torturous at times lol but overall loved it!",2025-05-22T02:56:44Z,1,sausageandeggbiscuit,gaming,2025-05-25T19:57:33.449191Z
mtluxiz,1krqnne,reddit,"It's Thursday and I'm shitfaced on the beach! I didn't bring my Steam Deck with me on vacay, but the games I'm having the urge to play right now are Subnautica and Dave the Diver. Animal Crossing and Hello Kitty Island Adventure too,!  Raft is another. Going to pass out soon, but I love you!",2025-05-22T05:19:46Z,1,AlphariusHailHydra,gaming,2025-05-25T19:57:33.449194Z
mtlwnye,1krqnne,reddit,Hello👍🏼 does anyone know how to change a language setting to english in Halo game on xbox one x? I could need some advices....new to play it....,2025-05-22T05:34:38Z,1,Icehammer2354,gaming,2025-05-25T19:57:33.449198Z
mtly50q,1krqnne,reddit,"\-Ghostbusters:the videogame.Damn i didn't think this game would be so difficult.

\-Paranormasight. So far not impressed. The last time i played this game i literally fell asleep. Something similar happened to me with A.I. Somnium. Maybe my problem is i got accustomed to games like the Zero Escape and Danganronpa games that didn't relay only in the story and added some fun mini games to make them more fun and engaging. And they also had very creative characters.",2025-05-22T05:47:30Z,1,Ophelfromhellrem,gaming,2025-05-25T19:57:33.449202Z
mtm4y9w,1krqnne,reddit,"Fantasy Life! The original game was on the 3DS and it was my favourite game of all time. They've just released the new one and it's easily a game you can sink hundreds of hours into with RPG style story and combat, Island and home decorating, dungeon crawling, 12 life classes to choose from like blacksmith, chef, carpenter etc and a separate map for open world exploration. It's incredible and managed to drag me away from my second play through of Expedition 33.",2025-05-22T06:51:12Z,1,Avacado_Spiced_Latte,gaming,2025-05-25T19:57:33.449205Z
mtmg0ip,1krqnne,reddit,Just started Clair Obscur: Expedition 33. Any tips? What did you find best/unique about it?,2025-05-22T08:43:58Z,1,PenmoreGames,gaming,2025-05-25T19:57:33.449209Z
mtmuxq7,1krqnne,reddit,The Elder Scrolls IV: Oblivion Remastered. Never knew how much I missed this game until the remake came out.,2025-05-22T11:03:59Z,1,Uranium92V2,gaming,2025-05-25T19:57:33.449213Z
mtn1is2,1krqnne,reddit,"I would be saying oblivion remastered but damnit I want my money back for this. SO MANY ISSUES and not just like a couple that a patch would fix. The game is BROKEN and ancient gaming concepts have not been improved or touched, possibly worsened in some cases from the original game. 

I honestly feel pretty fucked but I wasn’t about to quit playing under 1 hour in steam, I thought there’s no way it’s this bad, it’s gotta get better. It hasn’t. LAME, would much rather had this money for DOOM.",2025-05-22T11:51:58Z,1,slippyTheToadette,gaming,2025-05-25T19:57:33.449216Z
mtn4u5q,1krqnne,reddit,marvel rivals and maybe battlefront 2,2025-05-22T12:14:03Z,1,nate_b95,gaming,2025-05-25T19:57:33.449220Z
mtnqeqv,1krqnne,reddit,Do anyone play minecraft or poppy playtime or eesident evil or fnaf,2025-05-22T14:16:16Z,1,Flat-Stay-3500,gaming,2025-05-25T19:57:33.449224Z
mtnqy4u,1krqnne,reddit,wgo thinks that technoblade is a legend,2025-05-22T14:18:57Z,1,Flat-Stay-3500,gaming,2025-05-25T19:57:33.449228Z
mtnzdtb,1krqnne,reddit,"Revisiting the worlds of Expedition 33 and Revenge of the Savage Planet one last time before the Gamepass month expires. The former a rpg revelation that I will pick up later. The latter a sequel maintaining much of the colorful and truly oddball platforming/shooting nature of its predecessor (also played on Gamepass a few years ago) but shifting to third person.

Plan now to pick up where I left off with Stranger of Paradise: Final Fantasy on Xbox One.",2025-05-22T15:00:24Z,1,Kongary,gaming,2025-05-25T19:57:33.449232Z
mto4tlq,1krqnne,reddit,"Bored. Finished Doom, looking for something fresh. Wish there was a real factory game besides Factorio and modded Minecraft.",2025-05-22T15:26:44Z,1,ibdoomed,gaming,2025-05-25T19:57:33.449235Z
mtp6zb8,1krqnne,reddit,SPLITGATE 2 BETA launches today !!!!,2025-05-22T18:28:40Z,1,Hour_Dragonfruit_157,gaming,2025-05-25T19:57:33.449239Z
mtpdpvk,1krqnne,reddit,Hi. Does anyone play aoe4?,2025-05-22T19:01:10Z,1,sadmiserablecunt,gaming,2025-05-25T19:57:33.449243Z
mtqkd9d,1krqnne,reddit,"Balatro - I have a unhealthy addiction to that game (My Wife wonders why I am in the bathroom for extended amounts of time LOL)

Fight Night Champion - Just unlocked Isaac Frost who is very much like Ivan Drago

The Precinct - Just downloaded the game and will start it tonight

Police Simulator - Not good (IMHO), going to delete it and try the firefighter simulator next",2025-05-22T22:37:53Z,1,gon2fast,gaming,2025-05-25T19:57:33.449247Z
mtqn0zd,1krqnne,reddit,I’m playing my own game Paper Mages. Im wanting to play the new oblivion remaster and REPO though,2025-05-22T22:52:53Z,1,Worried-Ebb-2826,gaming,2025-05-25T19:57:33.449250Z
mtfhwpp,1krqnne,reddit,Disco Elysium,2025-05-21T06:11:03Z,1,Gumsk,gaming,2025-05-25T19:57:33.449254Z
mtfj3nd,1krqnne,reddit,"Currently playing:




ECHOES OF PLUM GROVE




https://www.dekudeals.com/items/echoes-of-the-plum-grove




My name is Ginger Bread.




My daughter's name is Baguette Bread.




I apprenticed her to the Inn Because I'm too lazy to cook and this way she learns how to cook…and most of the other apprenticeships are horrifying!




The meat is too real looking in this game!




It's killing my relationships with the characters who have anything to do with it: Butchers, Farmers, Hunters,And even the Innkeeper a bit –I'm too grossed out and horrified Every time they’ve tried to give me a present –Most of which is raw meat!




So I avoid those bloody souls.




Given the choice, I'd rather hang with the de-souled dead over at the Witches Coven…But they tend to be a little whiny and always want things from me–including raw meat!




There's a receptacle there for raw meat!




I'm afraid of becoming the next raw meat!




And before you get any ideas, this is a cozy game ;-)




At least I'm allowed to murder the neighbors :-)




I love this game!",2025-05-21T06:22:24Z,1,HawaiianPunchaNazi,gaming,2025-05-25T19:57:33.449258Z
mtfjiq3,1krqnne,reddit,"Playing ready or not with friends, it takes two. Juggling between Lost records and shadow of mordor in single player games",2025-05-21T06:26:30Z,1,Fair_Lake_5651,gaming,2025-05-25T19:57:33.449262Z
mtfmppg,1krqnne,reddit,"Back on the ""Witcher 3"" grind. Great story, but Roach's pathfinding? Not so much!",2025-05-21T06:57:53Z,1,PinkRecklessQ,gaming,2025-05-25T19:57:33.449266Z
mtfnusv,1krqnne,reddit,Avatar frontiers of pandora decided it's time to go for the platinum,2025-05-21T07:09:14Z,1,RiSE-NBK,gaming,2025-05-25T19:57:33.449269Z
mtg7xxl,1krqnne,reddit,"**Just Finished**


* Spirit Hunters Infinite Horde


* Warriors Abyss (Platinum)


**Currently Playing**


* Expedition 33


* Kirby and the Forgotten Land


* Pokemon X


* Temtem Swarm",2025-05-21T10:34:51Z,1,EtheusRook,gaming,2025-05-25T19:57:33.449273Z
mtfht2b,1krqnne,reddit,I am playing Let's fish for meow on mobile - lovely little casual game to play on traffic.,2025-05-21T06:10:05Z,1,NCTungBB,gaming,2025-05-25T19:57:33.449277Z
mtfj044,1krqnne,reddit,"Final fantasy 10! First time playing through. 

Super curious about how Yuna goes from a staff to a gun according to the game intro select screen lol",2025-05-21T06:21:27Z,1,OilyOctopus,gaming,2025-05-25T19:57:33.449281Z
mtfjbwa,1krqnne,reddit,"Iron Meat 

Such a grind unlocking the skins but at least it lets me unlock them by playing.",2025-05-21T06:24:37Z,1,_Goose_,gaming,2025-05-25T19:57:33.449284Z
mtfjh7z,1krqnne,reddit,"I am playing D&D, -Dinkum & Defiance,

Dinkum is a ""cozy life sim"" that is sort of like if Minecraft and Animal Crossing had a kid, 

Defiance, a game from 2013 that was shut down a couple years ago. It was re-launched by [Fawkesgames.com](http://Fawkesgames.com) it is only on PC right now, i know a lot of people played on the 360/ps3 back in the day.",2025-05-21T06:26:05Z,1,NefariousnessGenX,gaming,2025-05-25T19:57:33.449288Z
mtfluh1,1krqnne,reddit,"Oblivion Remastered, clocking in at 40 hours I am starting to fall off it a little bit.",2025-05-21T06:49:24Z,1,CaribbeanFlex,gaming,2025-05-25T19:57:33.449292Z
mtfm1hy,1krqnne,reddit,I got the Dread X Collection which is a bunch of smaller indie games all put into a single game. Found a few good ones which I enjoyed though there are some bad ones which i skipped all together. Its been fun though,2025-05-21T06:51:19Z,1,trizthefren,gaming,2025-05-25T19:57:33.449295Z
mtfn4r6,1krqnne,reddit,"Worms Armageddon! Yes, the 1999 game is available on steam and the online multiplayer works.",2025-05-21T07:02:01Z,1,IzydorPW,gaming,2025-05-25T19:57:33.449299Z
mtfnued,1krqnne,reddit,"Hogwarts Legacy. Almost done with it, but I've really enjoyed something easy and light hearted",2025-05-21T07:09:07Z,1,dobrien75,gaming,2025-05-25T19:57:33.449303Z
mtfoeci,1krqnne,reddit,"Currently playing Blade And Sorcery and FFXIV.

Having a blast in vr again! Cannot justify getting a quest 3 yet as my quest 2 works great.",2025-05-21T07:14:46Z,1,Abject-Raise9575,gaming,2025-05-25T19:57:33.449307Z
mtfqwvy,1krqnne,reddit,"A bit of Brotato, and a lot of League of Legends",2025-05-21T07:41:01Z,1,PickTheNick1,gaming,2025-05-25T19:57:33.449310Z
mtfrltd,1krqnne,reddit,"I am currently on a quest to finish my many paused first playthroughs.

On that Quest I finished my previously paused first playthrough of:

- Final Fantasy XIII 
- Persona 4 Golden
- Kingdom Hearts Re: Chain of Memories 
- Xenoblade Chronicles 3 (just the main game, I have not yet touched Future Redeemed)
- Persona 5 Royal 

But there are many unfinished first playthroughs remaining:

- Final Fantasy VII
- Final Fantasy VIII
- Crystar
- Child of Light 
- Xenoblade Chronicles 2
- Ni No Kuni 2

Now that I am done with Kingdom Hearts Re:Chain of Memories I moved on to Child of Light.

Its a fun quest so far. Although I do take breaks sometimes. When Fuga Melodies of Steel 3 is released at the end of this months thats all I am going to play for a while.

Good thing I have no problem continuing where I left of even if it has been months since I last played a game. I heard some people repeatetly startet the same game without finishing it becuse after breaks they start from the begining. I would never do that. 

So far Child of Light is fun. But I had to change the language back to German. I am usually comfortable playing in english but I could not understand the characters in english since they speak in a weird way. But I understand them better in German. Now I get to gripes with elemental weaknesses. They are not neglegable in this game.",2025-05-21T07:48:09Z,1,Sofaris,gaming,2025-05-25T19:57:33.449314Z
mtfs25m,1krqnne,reddit,Get out of my room Pugsley!   (Quickly turns off embarrassing anime dating sim #14),2025-05-21T07:52:53Z,1,geekrichieuk,gaming,2025-05-25T19:57:33.449319Z
mtftavc,1krqnne,reddit,I am hyped for monster train 2,2025-05-21T08:05:51Z,1,Cassarion,gaming,2025-05-25T19:57:33.449322Z
mtg48rj,1krqnne,reddit,"Mainly focused on PC Oblivion remastered and doom the dark ages on game pass, also picking up JDM Japanese drift master and picking up Capcom fighting collection 2 to play in-between might also do little bit of WWE 2K25 on the PS5 if in the mood.",2025-05-21T10:00:09Z,1,Character-Budget4044,gaming,2025-05-25T19:57:33.449326Z
mtg6ndd,1krqnne,reddit,Probably attempting Ultra Nightmare on Doom Dark Ages,2025-05-21T10:23:09Z,1,MetalHeadJakee,gaming,2025-05-25T19:57:33.449330Z
mtgaikq,1krqnne,reddit,"I'm about to beat Oracle of Ages. I played it back I the day on the 3DS, but I could never beat Veran when she started doing all of that shapeshifting.

After this, I can start the Oracle of Seasons Linked Game.",2025-05-21T10:56:27Z,1,JustMark99,gaming,2025-05-25T19:57:33.449334Z
mtgcaa0,1krqnne,reddit,"The Oblivion Remaster, been playing an unarmed monk type character and having a load of fun tbh",2025-05-21T11:10:30Z,1,DreadedWave,gaming,2025-05-25T19:57:33.449340Z
mtgfbaa,1krqnne,reddit,Pokémon White,2025-05-21T11:33:23Z,1,N7Shep8,gaming,2025-05-25T19:57:33.449344Z
mtgfm57,1krqnne,reddit,UNO,2025-05-21T11:35:36Z,1,kc0edi,gaming,2025-05-25T19:57:33.449348Z
mtghsqt,1krqnne,reddit,"Reinstalled Stellaris.  The way planets and pops are managed has been overhauled since last time I played and its been a lot of fun, just hitting mid-game now.",2025-05-21T11:51:11Z,1,Remarkable-Wing-3458,gaming,2025-05-25T19:57:33.449351Z
mtgiimm,1krqnne,reddit,"I've been dying to get into Clair Obscur, but instead I'm helping my son in Tarkov try to get his WillerZ wallet so he can finally be done with the quests. Please God let tonight be the night",2025-05-21T11:56:08Z,1,sneakypete15,gaming,2025-05-25T19:57:33.449355Z
mtgj7tw,1krqnne,reddit,Still grinding my way through AC Shadows. Playing as Yasuke the Samurai is so much fun.,2025-05-21T12:00:56Z,1,RetroRobB89,gaming,2025-05-25T19:57:33.449359Z
mtgmipf,1krqnne,reddit,"It's a free-to-play MMO called Palia on Steam. Still in development, so there's bugs, but it looks pretty nice for what is basically a 3-D version of Stardew Valley, similar to My Life at Portia, which is also pretty good. I don't like all the micro-transaction stuff, but it is free. Bought it yesterday, so there's a lot of stuff to check out. 

If anyone can recommend something better along these lines, please let me know.",2025-05-21T12:22:57Z,1,Fit-Ad5853,gaming,2025-05-25T19:57:33.449363Z
mtgwabo,1krqnne,reddit,"I am gonna grind Zelda: Tears of the Kingdom, for all the shrines. Tryna get all the armor, but to do that I need to complete all the shrines. So… you know…",2025-05-21T13:21:28Z,1,No_Driver1541,gaming,2025-05-25T19:57:33.449367Z
mtgxigm,1krqnne,reddit,i'm playing Dead island 2 cause it's free to keep if downloaded before 05/22 on Epic.,2025-05-21T13:28:23Z,1,MiaMiVinc,gaming,2025-05-25T19:57:33.449371Z
mtgzx49,1krqnne,reddit,"Fantasy Life i The Girl Who Steals Time on PS5, it's gaming crack!

Had a couple of days off, put 25hrs in since Sunday.",2025-05-21T13:41:33Z,1,Bingtastic007,gaming,2025-05-25T19:57:33.449375Z
mth3ohz,1krqnne,reddit,I've started Mafia 1 again after about 15-20years! Love the game! Remastered version is actually epic! Got the trilogy to work through now,2025-05-21T14:01:00Z,1,SamsGotta,gaming,2025-05-25T19:57:33.449378Z
mth6gc6,1krqnne,reddit,I will be doing my mental health stream of Spiritfarer this evening!  Very excited.,2025-05-21T14:15:00Z,1,greg_dn,gaming,2025-05-25T19:57:33.449382Z
mth96c2,1krqnne,reddit,Tears of the Kingdom for me. Playing it on PC so I get the FPS bump now instead of waiting for Switch 2.,2025-05-21T14:28:30Z,1,Blind-Ram,gaming,2025-05-25T19:57:33.449386Z
mthdwyj,1krqnne,reddit,middle earth shadow of mordor it's simply peak,2025-05-21T14:51:54Z,1,N/A,gaming,2025-05-25T19:57:33.449390Z
mthhcae,1krqnne,reddit,"Classic A Link to the Past. Enjoying the gameplay and puzzles, despised the final boss in the Tower of Hera which took over an hour to beat cause I kept falling through the floor.",2025-05-21T15:08:28Z,1,Goblin_Historian,gaming,2025-05-25T19:57:33.449393Z
mthiqjz,1krqnne,reddit,Going to start Fantasy Life i!,2025-05-21T15:15:08Z,1,xiaocl0ud,gaming,2025-05-25T19:57:33.449397Z
mthrhj4,1krqnne,reddit,"I've been playing Ballionare. 

I've really enjoyed the game, it's simple and has big numbers (which means big dopamine). I really like the build variety, as you can try out a lot of different items to win. However, I also think that there is one build that is better and I always roll into. 

I have 3 achievements left to 100% the game, which gives me a fun goal to work toward while goofing around.",2025-05-21T15:56:44Z,1,Lil_Lion69,gaming,2025-05-25T19:57:33.449400Z
mtiftt1,1krqnne,reddit,"Starfield, AC Shadows, Digimon Cyber Sleuth, STO and Oblivion Remastered

This weekend I intend to devote *all my waking moments* to the new Planet Crafter update that just dropped",2025-05-21T17:51:49Z,1,2Scribble,gaming,2025-05-25T19:57:33.449404Z
mtihd1y,1krqnne,reddit,Nothing...,2025-05-21T17:58:55Z,1,oooPDXooo,gaming,2025-05-25T19:57:33.449408Z
mtijjpg,1krqnne,reddit,"Indiana Jones and the Great Circle.  So far, so good. ",2025-05-21T18:09:23Z,1,Dirk-Jergens,gaming,2025-05-25T19:57:33.449411Z
mtike7v,1krqnne,reddit,the mobile ports of Sonic lol,2025-05-21T18:13:27Z,1,InfernoReaper1854,gaming,2025-05-25T19:57:33.449415Z
mtir1s9,1krqnne,reddit,I dusted off my PS1 to play crash bandicoot and I'm having a blast,2025-05-21T18:45:44Z,1,Cosmic_Goddess_Bella,gaming,2025-05-25T19:57:33.449419Z
mtj0u1f,1krqnne,reddit,"Some Balatro, gotta veg out while grinding out some gold chips for the plat",2025-05-21T19:33:18Z,1,OrdinaryUnits,gaming,2025-05-25T19:57:33.449423Z
mtms0p6,1krqnne,reddit,I am trying to see if I can get up to 1000 points on a game called Numble. Try game if you think your maths game is good. Check it out on Google play,2025-05-22T10:40:24Z,1,xtenalyze,gaming,2025-05-25T19:57:33.449427Z
mtilknk,1krqnne,reddit,"I'm a good ways into my first Skyrim playthrough in a few years. My goals for this one are to finish Dawnguard on the good side and become thane/own a house in every hold (neither of which I've done before.) I also decided to do the college questline after I discovered I can't build a house in Winterhold, and bring thieves guild influence back to every city since that was the questline I used to level up until I could start Dawnguard.",2025-05-21T18:19:12Z,0,KroznaktheBearLord,gaming,2025-05-25T19:57:33.449430Z
mt0jo4z,1kpslf6,reddit,Third Strike has one of the best OSTs period. Fairly unique sound for a fighting game and so many iconic tracks,2025-05-18T20:50:49Z,9,rondo_martin,gaming,2025-05-25T19:57:34.584154Z
mt0dk69,1kpslf6,reddit,🔥 love that late 90s DnB,2025-05-18T20:18:51Z,4,Former_Web_6777,gaming,2025-05-25T19:57:34.584162Z
mt0q0y8,1kpslf6,reddit,\*cough cough\* Guile's theme \* cough cough\*,2025-05-18T21:24:56Z,5,Nanganoid3000,gaming,2025-05-25T19:57:34.584166Z
mt0ln7i,1kpslf6,reddit,Cammy's theme from Xmen vs Street Fighter and Wolverine's from Marvel vs SF are my personal favorites.,2025-05-18T21:01:14Z,3,thaneros2,gaming,2025-05-25T19:57:34.584170Z
mt0xl1b,1kpslf6,reddit,"It's a good one. Though personally I actually like his 2nd Impact theme, ""The Flame,"" even better: [https://www.youtube.com/watch?v=ppYSgTK4Jj4](https://www.youtube.com/watch?v=ppYSgTK4Jj4)",2025-05-18T22:07:06Z,2,GladiusLegis,gaming,2025-05-25T19:57:34.584174Z
mt2bslx,1kpslf6,reddit,"Yeah as far as top fighting game tracks go, 3S has a deep, Deep, DEEP bag",2025-05-19T03:21:36Z,2,pierrot_cv,gaming,2025-05-25T19:57:34.584177Z
mt0j95j,1kpslf6,reddit,"Is that what is called ""jungle""?",2025-05-18T20:48:39Z,1,PrinnyThePenguin,gaming,2025-05-25T19:57:34.584181Z
mt0sx3x,1kpslf6,reddit,Best fighting game music ever is Killer Instinct. All of it.,2025-05-18T21:40:53Z,1,Neoxite23,gaming,2025-05-25T19:57:34.584185Z
mt0tulv,1kpslf6,reddit,MORTALLL KOMBAAT dun dun dun dun dun,2025-05-18T21:46:02Z,1,Mammoth_Athlete_8525,gaming,2025-05-25T19:57:34.584189Z
mt2s2bk,1kpslf6,reddit,Personally I prefer his Alpha 2 Gold theme over Killing Moon.,2025-05-19T05:36:24Z,1,Aggrokid,gaming,2025-05-25T19:57:34.584192Z
mt8qz5m,1kpslf6,reddit,"Just in case you didn't know, [this guy literally kills Akuma](https://www.youtube.com/watch?v=_n7FVBl7UAU) and then has a [better song](https://www.youtube.com/watch?v=VVp3meI7TDs).",2025-05-20T04:14:19Z,1,VCJunky,gaming,2025-05-25T19:57:34.584196Z
mtcfkfk,1kpslf6,reddit,"Ill one up you, the entire third strike soundtrack slaps",2025-05-20T19:04:35Z,1,flexcannon,gaming,2025-05-25T19:57:34.584200Z
mtemmnx,1kpslf6,reddit,Sounds like music that'd be used in a Toonami anime commercial.,2025-05-21T02:16:30Z,1,LightsJusticeZ,gaming,2025-05-25T19:57:34.584203Z
mti589x,1kpslf6,reddit,Looks like a Yugioh Forbidden Memories song.,2025-05-21T17:02:35Z,1,oholandesvoador,gaming,2025-05-25T19:57:34.584212Z
mtq498o,1kpslf6,reddit,Especially if you are about to koom,2025-05-22T21:10:38Z,1,gchaudh2,gaming,2025-05-25T19:57:34.584216Z
msa3jx0,1kmh67z,reddit,"they're both terrible games for what you're looking for.  
  
Rust isnt a survival game, it has survival elements but 99% of your death causes are bullets from other players, and cheaters. 

Scum is dead, noone really plays it anymore since the concept was never really completed and the game is still in a prealpha state.

I think you're looking for something more like a Dayz, it's a survival game where your actions matter, there is crafting and basebuilding, there's PvE but your endgame is always PvP. It's not an easy game but it's really fun if you're into the genre.",2025-05-14T14:57:29Z,12,DeepDepths6,gaming,2025-05-25T19:57:35.544206Z
msad0sk,1kmh67z,reddit,I second DayZ or possibly 7 Days to Die.,2025-05-14T15:43:06Z,5,Hanzo_The_Ninja,gaming,2025-05-25T19:57:35.544220Z
msblqey,1kmh67z,reddit,"If you're willing to ditch the PVP aspect, Grounded is one of the best survival games out there",2025-05-14T19:16:16Z,3,BeesBeUponMe,gaming,2025-05-25T19:57:35.544232Z
msb9m5l,1kmh67z,reddit,"V Rising, give it a chance I promise.",2025-05-14T18:17:33Z,2,JimbaJones,gaming,2025-05-25T19:57:35.544242Z
msc2yj4,1kmh67z,reddit,"7 days to die is pretty good. It lacks the pvp, but i think it does well in the other categories.",2025-05-14T20:42:21Z,2,DobeyStole,gaming,2025-05-25T19:57:35.544251Z
msa8ecb,1kmh67z,reddit,Fallout 76,2025-05-14T15:21:01Z,2,PontusFrykter,gaming,2025-05-25T19:57:35.544260Z
msdxauw,1kmh67z,reddit,Conan Exiles was really good. Ark also. They are both janky as hell but a lot of fun.,2025-05-15T02:56:33Z,1,ZepCoTrust,gaming,2025-05-25T19:57:35.544269Z
mseufhx,1kmh67z,reddit,Rust for chaos and PvP. Scum for depth and PvE.,2025-05-15T07:31:16Z,1,Turbulent_Whereas804,gaming,2025-05-25T19:57:35.544279Z
msneznw,1kmh67z,reddit,"Does it have to have PvP?

If not Abiotic Factor is- Fuckin incredible- 

If yes, V Rising, Ark (not the UE5 one it lags like mad) those two are pretty good

If you want a game that has both but separately …

Uhh “Trailmakers” XD… it’s technically a crafting game, just not anything survival about it",2025-05-16T16:30:24Z,1,MadJesterXII,gaming,2025-05-25T19:57:35.544288Z
mspbz91,1kmh67z,reddit,i think rust is way more better than scum,2025-05-16T22:23:14Z,1,Fine_Regular_2286,gaming,2025-05-25T19:57:35.544299Z
msa72yo,1kmh67z,reddit,"Rust is better in my opinion, if your playing with friends",2025-05-14T15:14:42Z,1,Unlucky_Hand2439,gaming,2025-05-25T19:57:35.544308Z
ms4n196,1klr2ro,reddit,The fire emblem games might be worth looking into.,2025-05-13T17:48:21Z,6,jamesycakes231,gaming,2025-05-25T19:57:37.564776Z
ms4ooq6,1klr2ro,reddit,Battle Brothers,2025-05-13T17:56:02Z,7,Additional-Duty-5399,gaming,2025-05-25T19:57:37.564786Z
ms4g7z3,1klr2ro,reddit,"Wasteland

Fallout Tactics",2025-05-13T17:15:50Z,4,brian11e3,gaming,2025-05-25T19:57:37.564792Z
ms4nixm,1klr2ro,reddit,"[The Last Spell](https://store.steampowered.com/app/1105670/The_Last_Spell/) is a good one. Grid-based tactical combat, many weapons that affect how your characters play, deep character building with perk trees and semi-random star growth. Also combines tower defense elements and city building/management. Very unique gem of a game. It is a roguelite so it has a meta progression system where you unlock new options and bonuses 

[Wildermyth ](https://store.steampowered.com/app/763890/Wildermyth/) and [Battletech ](https://store.steampowered.com/app/637090/BATTLETECH/) are also really good games that will run on the Steam Deck and are worth looking at.",2025-05-13T17:50:39Z,5,BlazingCamelGaming,gaming,2025-05-25T19:57:37.564798Z
ms4y0b3,1klr2ro,reddit,"Aliens: Dark Descent 

Consider it if you like the idea of: XCOM but real time strategy, survival horror + strategy, or those stealth team tactics games but with much more combat focus",2025-05-13T18:40:31Z,3,thatsnotwhatIneed,gaming,2025-05-25T19:57:37.564804Z
ms55fe0,1klr2ro,reddit,"Jagged Alliance 3 and Wartales both fit what you're looking for. (JA2 does as well, but it's also an older game)",2025-05-13T19:16:25Z,4,Pedagogicaltaffer,gaming,2025-05-25T19:57:37.564810Z
ms5gdqi,1klr2ro,reddit,Jagged Alliance 3,2025-05-13T20:09:44Z,4,Pockysocks,gaming,2025-05-25T19:57:37.564816Z
ms4el7j,1klr2ro,reddit,"Valkeria Chronicles is a good one, as long as you're into anime. The show wasn't as good as the game though.",2025-05-13T17:07:56Z,6,N/A,gaming,2025-05-25T19:57:37.564821Z
ms4r7ul,1klr2ro,reddit,Kenshi and Rimworld both come to mind.,2025-05-13T18:08:08Z,3,WhyIsBubblesTaken,gaming,2025-05-25T19:57:37.564827Z
ms4oi8e,1klr2ro,reddit,"Tactics Ogre, FFTactics.",2025-05-13T17:55:12Z,2,Galion-X,gaming,2025-05-25T19:57:37.564832Z
ms4q07g,1klr2ro,reddit,Barotrauma with permanent death settings,2025-05-13T18:02:18Z,2,RecklessEmpire,gaming,2025-05-25T19:57:37.564838Z
ms4sy4e,1klr2ro,reddit,"Rainbow Six for computer/N64 and the OG PS2 era Ghost Recon title both did this, if you felt like a nostalgia hit.",2025-05-13T18:16:28Z,2,skylinenick,gaming,2025-05-25T19:57:37.564843Z
ms52i05,1klr2ro,reddit,XCOM 2 is such a great squad based tactical game. I got all the expansions last year and fell deep into it. It can get so granular with how much something like your choice of grenades or ammo can change the dynamics of the battle.,2025-05-13T19:02:04Z,2,ScaryTransbian84,gaming,2025-05-25T19:57:37.564849Z
ms8fwnn,1klr2ro,reddit,"Jagged Alliance 2 1.13.


It's the absolute best in the genre.",2025-05-14T07:45:36Z,2,ody81,gaming,2025-05-25T19:57:37.564854Z
ms4qnz3,1klr2ro,reddit,"If you want a spin on the genre, I highly recommend Othercide. It's a roguelite XCOM with a very unique atmosphere, but done very well.",2025-05-13T18:05:30Z,2,Uncle_Budy,gaming,2025-05-25T19:57:37.564860Z
ms4mf8x,1klr2ro,reddit,Cannon Fodder,2025-05-13T17:45:28Z,1,stevedave7838,gaming,2025-05-25T19:57:37.564866Z
ms4q1uw,1klr2ro,reddit,Final Fantasy Tactics has been re-released 500 times for a reason,2025-05-13T18:02:31Z,1,Ohgood9002,gaming,2025-05-25T19:57:37.564871Z
ms5dui1,1klr2ro,reddit,Aliens Dark Descent is pretty good! It plays in real time but hits all the boxes you're looking for.,2025-05-13T19:57:35Z,1,learning2fly42,gaming,2025-05-25T19:57:37.564876Z
ms5y3qp,1klr2ro,reddit,You should check out king Arthur - Knight's Tale. it's basically medieval XCOM and I've had a blast playing through it.,2025-05-13T21:37:40Z,1,chupacabra9715,gaming,2025-05-25T19:57:37.564882Z
ms64bnm,1klr2ro,reddit,"Our Adventurer Guild - it's fantasy themed but similar gameplay to XCOM.

I personally liked it more than some other fantasy themed ones (like Wildermyth) because there was more depth to creating and training your characters",2025-05-13T22:10:31Z,1,080087,gaming,2025-05-25T19:57:37.564887Z
ms6bx8u,1klr2ro,reddit,Since you mentioned Curious Expedition I'll drop in it's (far superior imho) equivalent of Renowned Explorers. Actual interesting combat system and more varied events and runs and builds.,2025-05-13T22:53:13Z,1,horizon_games,gaming,2025-05-25T19:57:37.564892Z
ms84ddb,1klr2ro,reddit,OG Rainbow Six,2025-05-14T05:51:28Z,1,driftmunkey,gaming,2025-05-25T19:57:37.564898Z
msc81he,1klr2ro,reddit,Jagged Alliance 2 1.13,2025-05-14T21:07:38Z,1,shodan13,gaming,2025-05-25T19:57:37.564903Z
msczjfm,1klr2ro,reddit,Aliens Dark Descent was fantastic and fits your criteria!,2025-05-14T23:38:02Z,1,PopCult-Channel,gaming,2025-05-25T19:57:37.564909Z
msi2koz,1klr2ro,reddit,"If you're still looking for a suggestions, I would recommend checking out a game called wildermyth. It's fantasy XCOM but the catch is the characters actually age, form relationships, have kids that can then be party members, and there's a board game like over world element as well. Pretty cool indie game! :)",2025-05-15T19:27:19Z,1,Damarcodude,gaming,2025-05-25T19:57:37.564916Z
msif2lc,1klr2ro,reddit,Gender Wars.,2025-05-15T20:28:17Z,1,Richmondez,gaming,2025-05-25T19:57:37.564921Z
msjncdt,1klr2ro,reddit,Full Spectrum Warrior: Ten Hammers,2025-05-16T00:34:03Z,1,corkymccorkell,gaming,2025-05-25T19:57:37.564927Z
ms4nlp3,1klr2ro,reddit,"State of decay 2

Edit; the Bannerlord series too, to an extent.",2025-05-13T17:51:01Z,1,Egag999,gaming,2025-05-25T19:57:37.564933Z
ms4caqi,1klr2ro,reddit,WoW Hardcore,2025-05-13T16:57:01Z,-3,No-Sound7637,gaming,2025-05-25T19:57:37.564939Z
mrujlrj,1kkhb2w,reddit,"Have you tried using 'HowLongToBeat'? It's not exactly a database with all possible filters, but it does let you search for games by genre, completion time, and platform, which could be helpful in narrowing down your choices.",2025-05-12T02:07:42Z,5,LanaHottest901,gaming,2025-05-25T19:57:38.600860Z
mruko2d,1kkhb2w,reddit,Steam,2025-05-12T02:14:40Z,6,TopiarySprinkler,gaming,2025-05-25T19:57:38.600876Z
mruls39,1kkhb2w,reddit,"Have you tried IGDB (Internet Game Database)? They have tons of filters like platform, release date, genre, etc. It’s a good alternative if you're looking for detailed metadata on games and rankings.",2025-05-12T02:21:54Z,1,Blair_Gorgeous901,gaming,2025-05-25T19:57:38.600916Z
mruw70p,1kkhb2w,reddit,steamdb,2025-05-12T03:36:41Z,1,Mammoth_Athlete_8525,gaming,2025-05-25T19:57:38.600925Z
mrkkxf5,1kj3cgd,reddit,"I am making videos on games and some small live streams, nothing special and only when I have the time next to work.

Focusing mostly on Bethesdas Fallout 4 and Starfield with heavily modded ""vanilla plus"" setups, but when I pick up another game I probably going to stream it as well (like currently Assassin's Creed Shadows, Hunt Showdown and Rainbow Six Siege)

I do streams in German with the game language in English (because that's how I prefer to play) and upload my videos without commentary. I am still trying to figure out where I want to go with it. The idea is to stream my gameplay and make livestream mod reviews for Bethesda games and upload the gameplay videos without commentary afterwards. The latter might not work out for every game because I lack the time to do it.

[https://www.youtube.com/@LX6R\_Youtube](https://www.youtube.com/@LX6R_Youtube)",2025-05-10T11:14:50Z,2,ComputerSagtNein,gaming,2025-05-25T19:57:39.828666Z
mrl3rlw,1kj3cgd,reddit,"After writing about games for years I wanted to try something new, so I started a [YouTube channel](https://www.youtube.com/@aurilupa) where I talk about everything happening in Gaming right now.",2025-05-10T13:29:41Z,2,Aurilupa,gaming,2025-05-25T19:57:39.828677Z
msib6hl,1kj3cgd,reddit,"Hi! I’m wildAstroboy! I started streaming to find friends to play and collaborate with. I’ll play anything, but lately it’s been Monster Hunter Wilds and TCG Card Shop Simulator. I don’t have a set schedule right now but I’ve mostly been playing evenings into night mountain time. My twitch is space themed and I love talking anything relating to space and Astro/physics.

Looking to make new friends and join/create a fun, safe community that likes to nerd out on things.

My twitch is https://twitch.tv/wildAstroboy


Come say hello if interested!",2025-05-15T20:09:41Z,1,wildAstroboy,gaming,2025-05-25T19:57:39.828685Z
mrk2wvd,1kj3cgd,reddit,"I am a software dev making games, apps and websites

My latest video is bout how I made a dating platform from scratch cuz I didn't get matches on tinder

[https://www.youtube.com/@RoberBot](https://www.youtube.com/@RoberBot)

And I also make game dev videos about my multiplayer game Elementers on steam",2025-05-10T08:15:10Z,1,RoberBots,gaming,2025-05-25T19:57:39.828692Z
mrl3qf4,1kj3cgd,reddit,"the crew has glitched their way into the sewer shark's mission terminal, and jedi is off running chores.

NEW EPISODES EVERY TUE MORNING AT SERVER RESET!

\#jediandthecrew #starwarstheoldrepublic #sewershark

FAQ - jediandthecrew is a reAbridged vison of starwarstheoldrepublic, that started with just one in-game cutscene replacement that John Williams personally copyright struck, but it has since turned into fan-made short video skits around six to nine minutes long. There are no ads, only the ones Google forces on viewers. At one point, all 94+ crewmates had voice acting. Now, all eight classes are assigned the same NPC who simply tells you to go do chores. Previously, each class had its own unique questlines, movies and the crew was fully voiced. So whenever I post a part of an SWTOR cutscene, I would include all of that and add voiceover, fanservice, everything. But keep in mind, it would be just a scene, and not the full video. My other video skits where Dungeons & Dragons Online and Shroud of the Avatar mostly, but I made a short 16 min video called Nova Blade about SWTOR and now I made Sewer Shark, which is a lot longer. So, I split it up into episodes and made a Youtube playlist to release one each week for a little cartoon morning fun that I would like to share everyone that might have an MMORPG humor like I have.

  
[jediandthecrew : sewershark playlist - YouTube](https://www.youtube.com/playlist?list=PLY-_BQWEeJp1lGLkQB3wMbh6mvpxtCtyE)",2025-05-10T13:29:29Z,1,jediandthecrew,gaming,2025-05-25T19:57:39.828700Z
mrkuqdh,1kj3cgd,reddit,"I'm an animator and solo dev working on Dinoblade, a game where you play as a Spinosaurus wielding a Greatsword. Come check out the game dev journey! 
https://www.youtube.com/@jeananimate",2025-05-10T12:30:43Z,1,SufficientCase4837,gaming,2025-05-25T19:57:39.828707Z
mrlf2fi,1kj3cgd,reddit,"Hi everyone, I'm a solo dev and I'm making a Roguelike Deckbuilder called Coin War. After 8 months dev, I publish my steam page today! This game combines Roguelike deckbuilding with tabletop gameplay in a unique way to deliver amazing strategic depth!  
Come to see my game on Steam: [https://store.steampowered.com/app/3648530/utm\_rdt](https://store.steampowered.com/app/3648530/utm_rdt)",2025-05-10T14:36:34Z,0,No-Attempt-7906,gaming,2025-05-25T19:57:39.828714Z
mrlahi4,1kj3cgd,reddit,"Road Rash Level 5 Super Hardcore Fighting and Funny Moments 😍🔥Best memories of 90s kids 😍 Part 11
https://youtu.be/cQ6tfD5JgGg",2025-05-10T14:10:30Z,0,gaming__4life,gaming,2025-05-25T19:57:39.828721Z
mrlhe4f,1kj3cgd,reddit,"  
This is a glimpse from our first game, *Echoes of Mantra*, where prayer is your core ability — not in a religious way, but in a spiritual, gameplay-driven sense. 🌿

The idea is: instead of fighting, you **pray to connect, unlock, and shift the world**.  
The world reacts to your presence, not your weapons.

 Facebook Channel🎥👇  
🔗 [https://www.facebook.com/profile.php?id=61575777171812](https://www.facebook.com/profile.php?id=61575777171812)

We’re just starting out, so every view, comment, or bit of feedback truly means the world. Thank you for being part of this early step! 🙌",2025-05-10T14:49:28Z,0,MonoMonkStudios,gaming,2025-05-25T19:57:39.828728Z
mrlikq4,1kj3cgd,reddit,"Black Myth Wukong Beast Buddha Curios Location | Black Myth Wukong Gameplay | Beast Buddha Part 82
https://youtu.be/CdB2BseeMJc",2025-05-10T14:55:57Z,0,gaming__4life,gaming,2025-05-25T19:57:39.828735Z
mrma1h8,1kj3cgd,reddit,"Hello everyone\~! My name is V3LCR0! I am the host of Sticky Fingers Gaming on Youtube! I am a small creator who plays multiple games seasonally, and live streams most of them! If you don't like streams, feel free to check out my videos or other content! My channel is multi-platform and often showcases pop culture topics! 

Do you like music? Catch my lives or stop by my channel to see what I make for my livestreams! Just today I released an ""Album"" of Arcade/Videogame music that I've been working on :D give it a peek at the link below! Thanks again as always everyone, I appreciate the support! Help me reach my goal of 500+ Subs!! <3 

[https://www.youtube.com/@StickEFingies](https://www.youtube.com/@StickEFingies)",2025-05-10T17:25:44Z,0,-V3LCR0-,gaming,2025-05-25T19:57:39.828742Z
mrmgzu6,1kj3cgd,reddit,"After something like 14 years of writing for gaming news and review sites I decided to try my luck on a [solo YouTube](https://www.youtube.com/@AdmiralVic) venture. 

As for my channel itself, I am largely doing the same thing I always have. Writing reviews of games I enjoy, which tend to be on the more niche, weird, and unusual side, with guides and other things. Like back when Enter the Gungeon was new I went viral for guides related to it. I might expand out further overtime, but I really just want to share my passion for gaming, and try to highlight whatever experiences I think are interesting.",2025-05-10T18:03:00Z,0,admiralvic,gaming,2025-05-25T19:57:39.828749Z
mrmqwxe,1kj3cgd,reddit,"Hiii! My name is Celestic Cosmo, and I host streams on Twitch and YouTube! I am a small creator who streams a variety of games, including Throne and Liberty and Crusader Kings III! Feel free to stop by and say hello- casual and chill vibes!!

[Twitch](https://www.twitch.tv/celesticcosmo)

[Youtube](https://youtube.com/@celesticcosmo)",2025-05-10T18:58:43Z,0,CelesticCosmo,gaming,2025-05-25T19:57:39.828757Z
mrmr0xj,1kj3cgd,reddit,"Hey! I'm working on a YouTube channel called [Stop and Screenshot](https://www.youtube.com/@stopandscreenshot), where I highlight the artistic and atmospheric side of video games through carefully composed screenshots and ambient scenes.

The goal is to showcase the visual storytelling and design behind virtual worlds — from serene landscapes to intricate architecture — and to appreciate the environments that often go unnoticed during gameplay.

If you’re interested in the quieter, more reflective side of gaming, feel free to check it out:  
🔗 [youtube.com/@stopandscreenshot](https://www.youtube.com/@stopandscreenshot)

Feedback and suggestions are always welcome!",2025-05-10T18:59:21Z,0,motionresque,gaming,2025-05-25T19:57:39.828764Z
mrmxubf,1kj3cgd,reddit,"Hey guys, I am new creator on tiktok. I post meme videos. Check out my latest video and give me a follow! ♥️ 

https://vm.tiktok.com/ZMSJYbx28/",2025-05-10T19:38:57Z,0,AgentPerry006,gaming,2025-05-25T19:57:39.828771Z
mrnt5gk,1kj3cgd,reddit,Hi :) i am making progressive rock vgm remixes. here is the playlist to all of my work. come by and take a listen. have fun! [https://www.youtube.com/watch?v=BuLa3ekDLZE&list=PLjnhkbOLLG2vODXWuqJrrFtZBrWLeAPCh](https://www.youtube.com/watch?v=BuLa3ekDLZE&list=PLjnhkbOLLG2vODXWuqJrrFtZBrWLeAPCh),2025-05-10T22:44:35Z,0,srsmklt666,gaming,2025-05-25T19:57:39.828783Z
mrok5on,1kj3cgd,reddit,"My metal band (Direwolf) made a song about God of War Ragnarok (specifically the Kratos vs Thor rivalry). The song is called 'Thunder Calls'. We just wanted to share this with our fellow God of War nerds. Below is the Spotify link, but it is available on all streaming sites.

Enjoy (or not) - thank you.

[Click Here to listen on Spotify](https://open.spotify.com/track/2S2BjY89yMDpr1NBXY4jZm?si=9c82e30fde3a467f)

[Click Here to watch YouTube vid](https://www.youtube.com/watch?v=Bt2nqTjd2y8)",2025-05-11T01:39:09Z,0,Direwolf_Metal,gaming,2025-05-25T19:57:39.828790Z
mrpblxx,1kj3cgd,reddit,"Hello,

I like to make music. Here is my [soundcloud](http://
https://on.soundcloud.com/cLYe5fZR1z1ue4Yy6)
It's been years since I've gone back to making things due to life and bills and just limitations of my equipment ( all of these I made through garage band)


But after playing expedition 33 and learning more about that team and what it was able to accomplish it's pretty inspiring. 

So I'm deciding to get back to it and try to make some things here and there and anybody that wants to use some of these things I've made I wouldn't mind :)",2025-05-11T04:58:08Z,0,BenedictCumberbiatch,gaming,2025-05-25T19:57:39.828797Z
mrlb9sk,1kj3cgd,reddit,"Built mobile defense game with almost zero coding experience, using GPT to guide me step by step.  
Here's a short gameplay clip if you're curious:

[https://youtube.com/shorts/OSpWAw9KEaE](https://youtube.com/shorts/OSpWAw9KEaE)",2025-05-10T14:15:03Z,-1,Old-Replacement7387,gaming,2025-05-25T19:57:39.828804Z
mpwi71a,1kbp5rj,reddit,I think Nightingale and Enshrouded are very similar but positioned a bit above your examples in those areas.,2025-04-30T20:26:36Z,6,MuNansen,gaming,2025-05-25T19:57:40.888969Z
mpzcpet,1kbp5rj,reddit,The forest and sons of the forest are very good,2025-05-01T07:20:11Z,2,HarveyNash95,gaming,2025-05-25T19:57:40.888989Z
mq03smh,1kbp5rj,reddit,"I'm curious what you mean by tedium. Crafting, finding resources, stuff like that?

Subnautica might work. There's no real combat as generally your only given defensive tools to buy yourself time to swim away. I also found the crafting pretty relaxed and never felt the food and water requirements punishing. You don't need to repair things and most of the resources requirements are pretty low (at least until the end game).",2025-05-01T11:43:33Z,2,biff64gc2,gaming,2025-05-25T19:57:40.889004Z
mpwba1y,1kbp5rj,reddit,"By tedium do you mean xp grind to unlock recipes? 

Regardless, Grounded is by far my most favorite survival. 

Personally I hate the survival games where you have to level up to get points you spend to unlock recipes. Hate hate hate hate them. They soft lock you behind. Massive XP grinds if you play solo and can't spread your unlocks out between friends.turning up the xp gains in the server settings speeds up the early game way too much. Just not fun. I prefer either a) you find the recipes as you play through the game or b) leveling up just straight up unlocks recipes without the need to pick and choose what to unlock with a limited number of points.

Examples: Palworld, Ark: survival evolved, Conan exiles.",2025-04-30T19:53:08Z,3,Interjessing-Salary,gaming,2025-05-25T19:57:40.889016Z
mpwdkhh,1kbp5rj,reddit,"Would no combat be an option?

Astroneer.

It's a pretty chill game but still scratches that itch really well. 

re: Palworld: Have tried a custom game? Turn off things like food. Turn up XP generation. Eggs can just be hatched instantly. Really a different experience.",2025-04-30T20:04:09Z,1,ThisIsMyCouchAccount,gaming,2025-05-25T19:57:40.889027Z
mpxd6fu,1kbp5rj,reddit,Once human pretty good game surprisingly just over priced cosmetics is all,2025-04-30T23:08:26Z,1,xakira666x,gaming,2025-05-25T19:57:40.889042Z
mq2hihv,1kbp5rj,reddit,Conan Exiles is the droid you're looking for.,2025-05-01T19:11:20Z,1,bingcognito,gaming,2025-05-25T19:57:40.889053Z
mq2vqwr,1kbp5rj,reddit,I went the way of Assassins Creed Odyssey. So exploring and fighting in a big world. There is skill and gear progression but no crafting busywork,2025-05-01T20:19:59Z,1,Pindaman,gaming,2025-05-25T19:57:40.889064Z
mpwaxhr,1kbp5rj,reddit,Dungeon Rummage: Survival.,2025-04-30T19:51:29Z,0,Zoro_Messatsu,gaming,2025-05-25T19:57:40.889075Z
mpevlv6,1k91hfb,reddit,"I'm playing with default adventure settings and collectibles have the highest range highlight of any other item to differentiate them from everything else. I've literally never seen the item I'm currently holding highlighted, so I have no idea what you've done to the settings.",2025-04-28T01:34:22Z,3,cosmernautfourtwenty,gaming,2025-05-25T19:57:41.948036Z
mpfd2jd,1k91hfb,reddit,You can just buy an item that shows you all their locations,2025-04-28T03:28:11Z,2,Applicator80,gaming,2025-05-25T19:57:41.948043Z
mpik9v7,1k91hfb,reddit,buy the map upgrades,2025-04-28T17:24:20Z,2,Blue_Calx,gaming,2025-05-25T19:57:41.948047Z
mparmqu,1k91hfb,reddit,It's so annoying but i just live with it,2025-04-27T11:51:09Z,3,dioer-brandoer,gaming,2025-05-25T19:57:41.948051Z
mpf8ovb,1k91hfb,reddit,Am I crazy or was this game called the golden circle before?,2025-04-28T02:57:46Z,1,danecookofmods,gaming,2025-05-25T19:57:41.948054Z
mp38bi2,1k83non,reddit,"8bitdo makes good controllers and I think all the newest designs have hall effect

https://www.8bitdo.com/ultimate-3-mode-controller-xbox/

I'm using the Ultimate right now on my PC, its pretty good. I love controllers with docks",2025-04-26T03:35:14Z,8,PhoenixTineldyer,gaming,2025-05-25T19:57:43.578123Z
mp38mtu,1k83non,reddit,"It’s not the cheapest, but the Razer Wolverine v3 pro is solid. It’s Hall effect and wireless with a dongle that comes with it.",2025-04-26T03:37:24Z,3,N/A,gaming,2025-05-25T19:57:43.578141Z
mp7p7c4,1k83non,reddit,"I ended up buying a nearly new razer wolverine v3 pro.  More than I wanted to spend, but I got my tax refund so I'll break even.",2025-04-26T21:38:06Z,2,SavageTS1979,gaming,2025-05-25T19:57:43.578153Z
mp80py8,1k83non,reddit,"I bought Gulikit controllers. (I think the King Kong 2.) Got one, loved it so much I bought a couple more so I wouldn't have to re-pair them depending on what machine I was playing on. Not sure if it's exactly XBox One shaped, but it's exactly shaped like the one of the xbox controllers that it looks like. (It fits exactly into a custom form someone else made by scanning their Microsoft controller.)

Bluetooth is really solid, battery lasts a long time, charges with USB-C, had swappable buttons for A/B shenanigins, emulates a bunch of other controllers, macro operations etc built in. Check out their manual - it's only a page or two long. I'm told you want to be careful not to drop it while the charger is plugged in. :-)

And it wasn't a whole lot more expensive than a Microsoft controller, maybe $75 IIRC?

\* The con side is when the battery dies, the thing just shuts off. There's no light that tells you the battery is low as far as I've noticed, and I'm not sure whether it reports it over bluetooth. The battery lasts me for all-day playing or more, but make sure you charge before going into a session if you haven't recently.",2025-04-26T22:43:50Z,2,dnew,gaming,2025-05-25T19:57:43.578165Z
mp3fcul,1k83non,reddit,"You can buy hall effect sticks and solder them in. I did it to my Switch Pro controller because nothing aftermarket checked all the boxes. I'm not the greatest at soldering, and haven't done much in the past, but I managed. Works great now and I shouldn't have to worry again.",2025-04-26T04:25:19Z,1,RockwellB1,gaming,2025-05-25T19:57:43.578177Z
mp3r4nl,1k83non,reddit,bigbig two blitz 2,2025-04-26T06:05:19Z,0,DifficultyVarious458,gaming,2025-05-25T19:57:43.578191Z
msw4xuu,1kp8v0r,reddit,"Resident Evil 7

One of the most memorable gaming experiences of my life. That shit is scary af.",2025-05-18T02:18:35Z,9,_Existenchill_,gaming,2025-05-25T19:57:44.548177Z
msw4bsr,1kp8v0r,reddit,"Try playing with Chewing Gum in your mouth, I've heard it reduces motion sickness",2025-05-18T02:14:18Z,7,Recover20,gaming,2025-05-25T19:57:44.548195Z
msw0lpz,1kp8v0r,reddit,Madison is the top,2025-05-18T01:48:31Z,3,THEONLYFLO,gaming,2025-05-25T19:57:44.548207Z
msw18qk,1kp8v0r,reddit,"I have it for PS4 so I'm not certain if it's available on PS5 but I loved Resident Evil Biohazard on VR. Also, it does have an anto-barf mode in the settings (I also get motion sickness)",2025-05-18T01:52:55Z,3,silverwick,gaming,2025-05-25T19:57:44.548218Z
mswcjtq,1kp8v0r,reddit,"Looking to get into VR horror on PS5, but I’m brand new to VR and prone to motion sickness. Any good scary VR games that are beginner-friendly and won’t wreck my stomach?",2025-05-18T03:12:57Z,3,trending_zone,gaming,2025-05-25T19:57:44.548229Z
mswo9ea,1kp8v0r,reddit,"Propagation paradise hotel is really good vr and fairly scary. It's only a 3 or 4 hour game though and ends on a cliffhanger, but I'd still recommend it.",2025-05-18T04:46:27Z,2,PhoenixBloodline,gaming,2025-05-25T19:57:44.548240Z
msx9gy9,1kp8v0r,reddit,"I would recomend Metro awakening and The walking dead saints, resident evil and sinners. Maybe not the most scary games but they are fun",2025-05-18T08:14:54Z,2,LazyRaccoonTurtle,gaming,2025-05-25T19:57:44.548251Z
mswqv48,1kp8v0r,reddit,Definitely start with RE7 I would say.,2025-05-18T05:09:24Z,1,KidGold,gaming,2025-05-25T19:57:44.548263Z
msxlwly,1kp8v0r,reddit,Is bonelab on psvr2? It's not that scary but it has great mysterious atmosphere in the campaign,2025-05-18T10:25:25Z,1,Buetterkeks,gaming,2025-05-25T19:57:44.548275Z
msyk89j,1kp8v0r,reddit,"FNAF help wanted 1 & 2 is mostly room scale stuff so it should make you less motion sick since movement is entirely your own, contrary to the fanbase the game can be quite spooky.",2025-05-18T14:32:29Z,1,Shack691,gaming,2025-05-25T19:57:44.548287Z
mt0xfla,1kp8v0r,reddit,[removed],2025-05-18T22:06:15Z,1,N/A,gaming,2025-05-25T19:57:44.548298Z
msno5dd,1ko6360,reddit,You can’t have this discussion without a mention of the iconic basement theme from the Resident Evil: Director’s Cut which needs to be heard to be believed: https://m.youtube.com/watch?v=iJYvCHm3Ov4&pp=ygUWUmVzaWRlbnQgZXZpbCBiYXNlbWVudA%3D%3D,2025-05-16T17:14:52Z,21,Sequenzer9,gaming,2025-05-25T19:57:45.863502Z
msnqu2f,1ko6360,reddit,"Battlefield 2042

And yes, I do get what they were trying to do with that soundtrack, but no. Just no.",2025-05-16T17:27:49Z,15,IgneousWrath,gaming,2025-05-25T19:57:45.863513Z
msnr3p4,1ko6360,reddit,"Assassin's Creed: Shadows' is pretty bad. Having modern music in 16th century Japan is jarring and immersion breaking. I know some people liked it, but for me personally it was just god awful",2025-05-16T17:29:07Z,8,tvbvt,gaming,2025-05-25T19:57:45.863519Z
msnnst5,1ko6360,reddit,Crazy Bus. It's just a cacophony of random bleeps and bloops.,2025-05-16T17:13:11Z,7,SheeleTheMaid,gaming,2025-05-25T19:57:45.863526Z
msp6f6w,1ko6360,reddit,Normally I love Tekken music tracks. But Tekken 7 had a lot of dubstep which ruined the experience.,2025-05-16T21:51:19Z,5,Chill_Gamer527,gaming,2025-05-25T19:57:45.863538Z
msnsqnp,1ko6360,reddit,You're out of your mind. SH2 is top 5 soundtracks of all time.,2025-05-16T17:37:04Z,7,wejunkin,gaming,2025-05-25T19:57:45.863544Z
mso18eh,1ko6360,reddit,"I'm probably in the minority on this one, but a relatively new game, South of Midnight's soundtrack is.. not dogshit, but it's not good. The music itself is fine, but at least half of the game has songs with lyrics and holy shit these songs are at best goofy, which takes me out of what might otherwise be an impactful moment, and at worst just bad/cringey.

The lyrics are just so on-the-nose and basically a singing version of what's happening in the game at the time, usually with a singer who's just *okay*, that they're just so hard to listen to and want to keep playing. Maybe they're just trying to really lean into the whole folktale feel and this kind of storytelling music is just a part of that. But it's just not something that I enjoy and for me it's really taken away from the game.",2025-05-16T18:19:02Z,3,ToastemPopUp,gaming,2025-05-25T19:57:45.863550Z
msnyli7,1ko6360,reddit,"Dragon Quest XI. The original had all-MIDI music which sounds terrible. They orchestrated it for the definitive edition, but even then there’s still something off about the music. I just don’t think it’s composed very well",2025-05-16T18:05:39Z,4,novelgpa,gaming,2025-05-25T19:57:45.863557Z
msno7tk,1ko6360,reddit,"Legend of Dragoon always comes to mind when thinking about weird examples of VGM. Very high highs, and very low lows. 

For some reason the game has [menu music](https://youtu.be/jFtxom0RGI0?si=XwLLNA335z-KHAX3), and it's amazing. Unreasonably good to jam out to. 

And then there's a few tracks that blow. [Deningrad's music](https://youtu.be/GBAJP5PIhA4?si=CRpe1wgu7QiMpAwQ) sticks out in my mind as a particularly bad offender.",2025-05-16T17:15:13Z,2,Smart-Button-3221,gaming,2025-05-25T19:57:45.863564Z
msnqetv,1ko6360,reddit,"Sonic Chronicles is the classic answer

My personal one is Sonic 4. Weird that both are Sonic though.",2025-05-16T17:25:47Z,2,PalpitationTop611,gaming,2025-05-25T19:57:45.863570Z
msnsqjw,1ko6360,reddit,Star Ocean: Till the End of Time. Most of the dungeons had the same exact song: some kind of acid rock nonsense that grated on the ears.,2025-05-16T17:37:03Z,2,Snoxman,gaming,2025-05-25T19:57:45.863577Z
msnu832,1ko6360,reddit,I remember some of the soundtrack for Yoshi’s New Island on 3DS not being very pleasant to the ears.,2025-05-16T17:44:16Z,2,Blargg92,gaming,2025-05-25T19:57:45.863584Z
mtcekbi,1ko6360,reddit,"Metaphor Refantazio was just really bad overall. Both SMT and Persona have great music but Atlus seemed to just flop on this one. Metaphor takes place in a weird medieval England and it sounds like it for sure but it just fails to hype you up in any way. Its maybe got like one good battle theme song when you get an advantage but every other battle theme is just too repetitive and annoying to listen to after the 2nd time. The games music is serviceable outside of battle, but the battle ones are just not good; so much so I installed a mod to play a random persona/smt battle theme every fight instead.",2025-05-20T18:59:39Z,2,Brilliant_Ad_921,gaming,2025-05-25T19:57:45.863592Z
msnnynq,1ko6360,reddit,"There are some good ones in it, but Final Fantasy X-2's is... Surprising, to say the least. And not in a good way.  
(This is coming from someone who adores XIII-2's).",2025-05-16T17:13:58Z,3,Open-Swimmer-1755,gaming,2025-05-25T19:57:45.863598Z
mso0w23,1ko6360,reddit,Banner Saga ... all of them.,2025-05-16T18:17:17Z,1,Nehekharan,gaming,2025-05-25T19:57:45.863606Z
mso3ezt,1ko6360,reddit," Not sure about the dog shit but my biggest complaint about salt and sanctuary was the music. At some point you were better off just playing your own and muting the music.

Insanely good game btw (not the 2nd game the og)",2025-05-16T18:30:10Z,1,excluded,gaming,2025-05-25T19:57:45.863612Z
mt6t9cg,1ko6360,reddit,"Marvel vs Capcom Infinite.

I've heard people say they enjoy the music in isolation, but in gameplay, it actively makes fights more boring.  I have never appreciated video game music more than when I modded out the music and was getting more amped listening to the UMvC3 soundtrack instead.",2025-05-19T21:04:46Z,1,Bladebrent,gaming,2025-05-25T19:57:45.863620Z
msnnfkq,1ko6360,reddit,"South of Midnight 

The track ‘Benjy’ is genuinely one of the worst songs I’ve ever heard in 34 years of gaming.",2025-05-16T17:11:22Z,0,spoonybum,gaming,2025-05-25T19:57:45.863627Z
msnmgwd,1ko6360,reddit,I remember people not liking the music in mw3(2023) campain,2025-05-16T17:06:38Z,1,hasanman6,gaming,2025-05-25T19:57:45.863633Z
msnmhko,1ko6360,reddit,"Silent Hill 2's sound design is amazing, but that club music score was a total vibe-killer. Headphones couldn’t even save it.",2025-05-16T17:06:44Z,1,trending_zone,gaming,2025-05-25T19:57:45.863640Z
msnr9ic,1ko6360,reddit,"The first Drakengard. Like so bad I had to wonder how it ever got approved. Grating, 5-10 second loops of the most basic garbage someone could shit out with 0 musical experience. [Here](https://youtu.be/gLCUX4fpvro?si=Lk3EZL_mz7kNTmOY) is an example. It did kinda add to the madness of the game, tho.",2025-05-16T17:29:54Z,1,Rufus_Bojangles,gaming,2025-05-25T19:57:45.863648Z
msnskcq,1ko6360,reddit,Tomba 2,2025-05-16T17:36:13Z,1,BelieveInTheShield,gaming,2025-05-25T19:57:45.863654Z
mt70gjm,1ko6360,reddit,Control,2025-05-19T21:42:27Z,0,Steel_Serpent_Davos,gaming,2025-05-25T19:57:45.863661Z
msnmu2b,1ko6360,reddit,Doom Dark Ages.,2025-05-16T17:08:27Z,-12,Dobbysausage,gaming,2025-05-25T19:57:45.863668Z
mso0zob,1ko6360,reddit,"Pokemon Red.

\*screech pixel noises*",2025-05-16T18:17:48Z,-1,iSniffMyPooper,gaming,2025-05-25T19:57:45.863675Z
mt5wvei,1ko6360,reddit,"FF14.

All the Summon or special battle has a proper song (with lyrics and all that) especially made for the fight.

It feels epic when the music kicks in.",2025-05-19T18:24:00Z,-1,Blackhalo321,gaming,2025-05-25T19:57:45.863682Z
msnvozs,1ko6360,reddit,Doom,2025-05-16T17:51:23Z,-5,Icedvelvet,gaming,2025-05-25T19:57:45.863688Z
ms3oa4s,1klncww,reddit,"Have a look into Endless Legends, it's a great 4X game.

Warhammer 40K: Gladius - Relics of War is another one I hugely enjoy.",2025-05-13T15:00:32Z,7,Dillanski,gaming,2025-05-25T19:57:46.775820Z
ms3iawm,1klncww,reddit,Well total war warhammer will probably be the obvious suggestion. But perhaps Age of Wonders 4 ? Heard great things about it.,2025-05-13T14:30:47Z,5,RustlessPotato,gaming,2025-05-25T19:57:46.775825Z
ms3iejp,1klncww,reddit,"Have you ever tried the Master of Orion series?

Not so much the story structures of Crusader Kings and Stellaris, but great games (we don't talk about MoO 3) nevertheless.",2025-05-13T14:31:18Z,2,Warpmind,gaming,2025-05-25T19:57:46.775828Z
ms3qisj,1klncww,reddit,Endless legend 2 is coming to early access this summer and sounds exactly what you're looking for.,2025-05-13T15:11:34Z,2,Mormanades,gaming,2025-05-25T19:57:46.775832Z
ms6rcbn,1klncww,reddit,Just started playing Zephon and it might be the sort of thing you are looking for. I’d check it out on steam.,2025-05-14T00:21:51Z,2,Czarchitect,gaming,2025-05-25T19:57:46.775835Z
ms7ipnm,1klncww,reddit,It sounds like you want [Terra Invicta](https://www.pcgamer.com/xcoms-best-modders-have-made-a-mind-boggling-grand-strategy-game/).,2025-05-14T03:06:36Z,2,Hanzo_The_Ninja,gaming,2025-05-25T19:57:46.775838Z
ms3wbrn,1klncww,reddit,"Not a crazy amount of ""race"" variety. But for the story element Old World is a great ancient world/iron age 4X game with interpersonal story elements. You play as the king and you have spouses and heirs and 3 major houses you have to please. So you regularly get events interacting with various individuals among your empire. Your ruler does die though, so you have to secure your heir and establish a linage.",2025-05-13T15:39:29Z,1,Than_Or_Then_,gaming,2025-05-25T19:57:46.775841Z
msa0j2n,1klncww,reddit,"Not a 4X game, but Rimworld might be up your alley. It’s a story generator / colony sim / strategy game with tons of in depth mechanics including races and genes manipulation.",2025-05-14T14:42:42Z,1,Mediocre_Ear8144,gaming,2025-05-25T19:57:46.775844Z
msbunz4,1klncww,reddit,So Stellaris?,2025-05-14T20:00:00Z,1,RandomSplainer,gaming,2025-05-25T19:57:46.775847Z
msmwqhg,1klncww,reddit,Its to bad that the Sword of the Stars games are so jank or I'd recommend them,2025-05-16T15:01:50Z,1,ColdPorkBuns,gaming,2025-05-25T19:57:46.775850Z
mrvg5xx,1kk335s,reddit,"chants of sennaar is similar in puzzle style, but more focused on context clues rather than directly decoding a cipher",2025-05-12T06:33:05Z,1,afkbot,gaming,2025-05-25T19:57:47.763675Z
mr32hjf,1kh0hdb,reddit,"IIRC PAL vs US versions are different speeds due to the difference in frequency for electrical systems. US was 30/60, PAL is 25/50",2025-05-07T15:55:35Z,3,Tourettesmexchanic,gaming,2025-05-25T19:57:48.755596Z
mr7qwxq,1kh0hdb,reddit,"One tip I saw when I was having trouble that may help you is to let Ico climb up onto the wheel completely and fully start moving before you try to jump over. If I remember right you have more time than it seems and if you try to jump too soon it'll pretty consistently fail. This part was a pain in the ass for me because I was playing via Playstation's PS3 streaming, the delay was rough.",2025-05-08T09:06:53Z,2,Choice-Layer,gaming,2025-05-25T19:57:48.755607Z
mrn7m9b,1kh0hdb,reddit,"Ico is one of those games that I've tried multiple times after being told it's phenomenal and have just had to accept it isn't for me.

The entire game is one protracted escort mission, the AI on the girl is dumb as rocks, the platforming is dire, the combat is twice as dire, camera is terrible, hit detection/collision is wonky, the whole thing is generally bleak and directionless. I sure love having my braindead companion being carted off and causing me to game over because all I have is a stick to defend myself and the enemies have stun locked me into a corner.

It's the Rick and Morty of videogames, makes people feel smart for liking it and it's considered ""high art"", but as a piece of entertainment from a game design perspective it is poor.",2025-05-10T20:34:56Z,-2,WrongLander,gaming,2025-05-25T19:57:48.755614Z
mr31lte,1kh0hdb,reddit,Rule 3 on this sub is not talking about piracy,2025-05-07T15:51:22Z,-31,shutyourbutt69,gaming,2025-05-25T19:57:48.755620Z
mqj0tj4,1keiz6o,reddit,"You can use console commands in valheim to give yourself all the resources you want. Enshrouded isn't quite as easy but you can use a resource world (save file you download) which your character loads into, takes all the resources it wants then returns to your normal world.",2025-05-04T12:48:45Z,7,Erthan-1,gaming,2025-05-25T19:57:49.738489Z
mqj7pis,1keiz6o,reddit,"Conan exiles, ark survival, 7 days to die, raft. All my favorites.",2025-05-04T13:32:50Z,6,throwawayB96969,gaming,2025-05-25T19:57:49.738495Z
mqj3nhg,1keiz6o,reddit,"You have to work a little bit for it, but journey mode on terraria lets you spawn limitless material after you sacrifice a bit of it for ""research"". So you'll have to collect a little bit of everything you wanna use but you can very quickly build up a big variety of blocks.

Raft also has a creative mode, it's called ""peaceful"". Raft has a decent amount of simple build peices that can be combined in many many ways, people get very creative with it.",2025-05-04T13:07:29Z,4,ninjagabe90,gaming,2025-05-25T19:57:49.738499Z
mqj89kn,1keiz6o,reddit,"scrap mechanic might interest you. It's still blocky, but much smaller blocks and plenty of non blocky parts.",2025-05-04T13:36:08Z,6,T555s,gaming,2025-05-25T19:57:49.738502Z
mqj3rnf,1keiz6o,reddit,No Man's Sky. There are sites and subreddit communities full of people doing insane stuff with the base building features of the game.,2025-05-04T13:08:14Z,8,photoguy423,gaming,2025-05-25T19:57:49.738505Z
mqj0rhc,1keiz6o,reddit,You could try out The Forest. Sons of the Forest is the newer one and it’s a great game.,2025-05-04T12:48:22Z,3,dsnyder24,gaming,2025-05-25T19:57:49.738509Z
mqj4tsa,1keiz6o,reddit,"Subnautica and BZ have creative modes for base building. I think the only thing you need  to still find and harvest are seeds for any bioluminescence plants you want to use around the base, but there's no survival mechanics and crafting subs is free so it's pretty easy.",2025-05-04T13:14:58Z,2,biff64gc2,gaming,2025-05-25T19:57:49.738512Z
mqj7lrt,1keiz6o,reddit,"If you like factory building games Satisfactory has a fair amount of customization. Though to get curves/arches etc.. you do need to rotate and clip objects.

There is a no cost mode, and a huge open world if you want to integrate your projects into the landscape.",2025-05-04T13:32:12Z,2,mrfixitx,gaming,2025-05-25T19:57:49.738515Z
mqjalfm,1keiz6o,reddit,By far the most creative and beautiful for me is vaheim.,2025-05-04T13:49:49Z,2,Intrepid-Amoeba9297,gaming,2025-05-25T19:57:49.738518Z
mqjo4qz,1keiz6o,reddit,"grounded, great customization ",2025-05-04T15:03:26Z,2,Dreaming_Dreams,gaming,2025-05-25T19:57:49.738522Z
mqj860f,1keiz6o,reddit,"If your looking for the perfect a game where there is no grinding, your not gonna get one without console commands IMO. Otherwise others have suggested Valheim, Enshrouded and I will add V Rising. You can setup your own offline session with loot and resource options as easy as you want and put yourself to max level starting out so you don't have to grind for unlocks and can 90% of the time build away to your heart's content.

I will just say half the things you build are to help you grind in the overall game world so you would be reducing part of the fun of the game as a whole. You can also try Satisfactory but I cannot remember if it lets you setup the Gameworld to be easier and less grindy.",2025-05-04T13:35:34Z,1,ElderTerdkin,gaming,2025-05-25T19:57:49.738525Z
mqj8hrc,1keiz6o,reddit,"Not so much a base but if you like the building aspect look into Tiny Glade.

It's all outdoors and castle/village theme but you can get very detailed and creative",2025-05-04T13:37:28Z,1,ContactMushroom,gaming,2025-05-25T19:57:49.738533Z
mqjc6sg,1keiz6o,reddit,"Grounded has a massive creative building community, plus the game itself is quite fun",2025-05-04T13:58:57Z,1,SirMild,gaming,2025-05-25T19:57:49.738538Z
mqjkfmn,1keiz6o,reddit,"My absolute favorite game to build in is rust but there’s not a huge amount of decorative options. Also I’m not sure if that would really fit what you’re looking for since the creative servers usually put you on just a bare island.

Valheim is my second favorite so far and you can quite easily get rid of build costs and unlock everything with commands and or mods",2025-05-04T14:44:00Z,1,skyrozz,gaming,2025-05-25T19:57:49.738541Z
mql2ghy,1keiz6o,reddit,Subnauticaaaaaaaaaah!!!,2025-05-04T19:20:35Z,1,Nanaman,gaming,2025-05-25T19:57:49.738544Z
mqj1alf,1keiz6o,reddit,Half the games on steam lol,2025-05-04T12:51:58Z,-8,xakira666x,gaming,2025-05-25T19:57:49.738548Z
mqhystt,1kecvyz,reddit,"anyone got any good single player investment games? most of my catalogue is multiplayer, so when im on down time but my family and friends aren't, don't got a lot beyond RPGs that I finished a few times each. lol",2025-05-04T06:53:29Z,1,DataSurging,gaming,2025-05-25T19:57:50.862938Z
mqiflke,1kecvyz,reddit,Is there a game that you loved back in the day that you haven't played in a long time out of fear that it isn't as good as you remembered it to be & you would rather leave how you felt about it intact?,2025-05-04T09:47:10Z,1,DoctorVVDoom,gaming,2025-05-25T19:57:50.862948Z
mqkutc6,1kecvyz,reddit,"I am a married guy who doesn't have as much time or patience playing a game as I used to in the past. I loved playing games like Skyrim or Witcher 3. Especially the latter one because Skyrim felt a bit less alive due to missing cutscenes and basic voice acting.

Anyway, I want to play either Oblivion remastered (haven't played the original) or KCD 2 (haven't played the first one). I can probably only play occasionally like 1-2 hrs a day max.
Which game would you recommend and why?",2025-05-04T18:40:37Z,1,mr_bird1,gaming,2025-05-25T19:57:50.862955Z
mqiwabc,1kecvyz,reddit,"Hey gang, hope some beautiful person can help me here......my question is, Why is there no sound at all coming through my obs from my ps5?
I have capture card connected correctly and get my video through my lappy and to my monitor. But do not get any sound. The sound bars in the audio section don't even register any sound. This was all working previously  and I'm lost as to why it won't work now. 
Going to extreme measures, I deleted all obs files, and started again fresh, same thing. I'm lost as. Anyone? 🫶",2025-05-04T12:16:37Z,0,Alternative_Camp_906,gaming,2025-05-25T19:57:50.862962Z
mqj7je6,1kecvyz,reddit,Simple question: how much karma do I need to post in this subreddit?,2025-05-04T13:31:48Z,0,FluidFury,gaming,2025-05-25T19:57:50.862969Z
mqhz47t,1kecvyz,reddit,anyone play outlast trials i need someone to play with,2025-05-04T06:56:35Z,0,Itchy-Anywhere-5872,gaming,2025-05-25T19:57:50.862976Z
mqim56g,1kecvyz,reddit,"I NEED HELP! 

I've been wanting to buy a Nintendo for a while to do MAGIC so I can play Pokémon games. 

Could you tell me which Nintendo is the best to emulate? if a DS or 3DS etc. 

I read opinions to clear up doubts and buy the best Nintendo and emulate. 

Thanks in advance",2025-05-04T10:52:23Z,0,Just-Papaya-7226,gaming,2025-05-25T19:57:50.862982Z
mqime6a,1kecvyz,reddit,How do I afford all the good and upcoming games coming out,2025-05-04T10:54:43Z,0,Useful_Orange_123,gaming,2025-05-25T19:57:50.862988Z
mqj15m1,1kecvyz,reddit,"Do I really have to post here in order to discuss a topic?


I want to create a thread but don't want to get banned or something because I have no karma on r/gaming ....",2025-05-04T12:51:02Z,0,Fraudcatcher4,gaming,2025-05-25T19:57:50.862995Z
mqk5c2r,1kecvyz,reddit,"Looking for advice on what to play. 

I have not been playing much for some 10-20 years, but I would like to play a co-op with my wife. I love the card game lotr lcg and used to play Path of Exile, C&C Zero Hour, Battle for Middle Earth, Minecraft, Kenshi. We love Lord of the Rings and I was hoping to find something like a casual (a)rpg, that we can play in split screen. Stray looks great, but that isn't co-op. 

I struggle with Long Covid, so something too complicated and intense is too much for me at the moment.

We are playing It takes two atm, which is fun, but we both like stuff that has a bit more lore, adventure and maybe beauty or seriousness to it.

Any suggestions?

Thanks ❤️",2025-05-04T16:32:43Z,0,Daneofthehill,gaming,2025-05-25T19:57:50.863001Z
mqkfviu,1kecvyz,reddit,"hey so i'm looking for a tamogochi style game where you have the option to abuse your tamogochi, NOT SAYING I WANT TO ABUSE MY TAMOGOCHI, it's just it feels fake when the game only gives you the option to be nice to your tamogochi instead of having the choice to be mean but instead choose niceness, also sometimes you just need to get your anger out on someone who won't call the cops on you for beating them up NOT SAYING THAT I WOULD OBVIOUSLY, so yeah I want a game where you can abuse and neglect and torture you're tamogochi :3",2025-05-04T17:25:27Z,0,Sega_Fan13,gaming,2025-05-25T19:57:50.863007Z
mqkt5g0,1kecvyz,reddit,i’m looking for advice on how to play this old facebook game i played as a kid called mighty pirates. please help me,2025-05-04T18:32:01Z,0,Fun_Solution_3276,gaming,2025-05-25T19:57:50.863013Z
mqkxofw,1kecvyz,reddit,"biomutant's stat/physical morphology system  
are there any games that do this kind of thing  
also character creators in general what games have the best ones bonus if the genre or setting for it is cool  
obvious ones are Bethesda titles but I would like to find out more",2025-05-04T18:55:23Z,0,PiousLegate,gaming,2025-05-25T19:57:50.863029Z
mqkyiz0,1kecvyz,reddit,"Looking to get back into gaming.  I was an avid competitive gamer in America's Army back in the early 00's (#1 8v8 and 4v4 team in North America) and dropped out due to the game going south.

I'm looking for a military, realistic first person shooter with both single and multiplayer so I can dive back in. Preferably something that doesn't have in-game costs to acquire weapons and has a great single player mode so I can get up to speed on it before diving into multiplayer. Also, not so hackable/full of cheaters as AA became.  Anyone have any suggestions? PC-based of course. Hardware requirements are no problem.",2025-05-04T18:59:51Z,0,WMusselman,gaming,2025-05-25T19:57:50.863035Z
mqmte19,1kecvyz,reddit,Im trying to find this game i played back on my brothers 360 and it was something something revenge the first mission has you killing taliban i think but at the end the npc that you were fighting with had a scorpion tatoo on his neck and trys to kill you if anyone has the slightest clue pls tell me,2025-05-05T01:13:25Z,0,These-Squash1119,gaming,2025-05-25T19:57:50.863042Z
mqnpjj0,1kecvyz,reddit,"TLDR: looking for a decent, cheap, wireless controller that will work for my MacBook Pro, AND with Luna games on my Fire tv.

Hi there! I am a very casual gamer (once every few months I’ll play something start to finish). My ex had a PS5 and a Switch. Since we broke up, I’ve been playing on my Mac (I usually play through the Steam app), but don’t like playing rpg’s on it. I recently started playing on Luna on my fire tv, and I think it’s a good stopgap until I break down and buy an actual console. As such, I’m looking for a cheap ($20-$40) controller that will work on both systems. I don’t want anything fancy (I’ve been playing New Vegas using my phone for a controller, so anything would be a step up), but I might as well get the best bang for my buck.

Any thoughts?",2025-05-05T04:51:36Z,0,txkelly,gaming,2025-05-25T19:57:50.863049Z
mqhtobh,1kecvyz,reddit,Why are we still here? Just to suffer?,2025-05-04T06:03:58Z,-1,_strakchy,gaming,2025-05-25T19:57:50.863056Z
mqhtsxg,1kecvyz,reddit,"How to enjoy gaming, but not suffer from carpal tunnel ?",2025-05-04T06:05:13Z,-1,OkInterview3864,gaming,2025-05-25T19:57:50.863063Z
mqfsdwt,1ke3kdo,reddit,Call of Duty. People have been keeping that franchise alive 10 years past it's expiration date in the hopes it will return to what it was in 2010.,2025-05-03T21:37:03Z,33,PatientlyAnxious9,gaming,2025-05-25T19:57:52.769245Z
mqfqd2p,1ke3kdo,reddit,Freemium Disney Games,2025-05-03T21:25:25Z,14,Electronic-Arrival76,gaming,2025-05-25T19:57:52.769291Z
mqfting,1ke3kdo,reddit,"100% Pokémon. The last 5 years of Pokemon has been absolute trash, but the fan base will do anything to pretend like it’s still amazing. 

It’s the reason they get away with it and the reason this post will probably be downvoted. ",2025-05-03T21:43:38Z,11,Popular_Research6084,gaming,2025-05-25T19:57:52.769317Z
mqfrmqb,1ke3kdo,reddit,The last few gens of Pokemon,2025-05-03T21:32:41Z,20,CD-RNC,gaming,2025-05-25T19:57:52.769340Z
mqfszl1,1ke3kdo,reddit,It might be out of line to say this franchise but I’m right: Pokemon,2025-05-03T21:40:32Z,22,anonymousposter77666,gaming,2025-05-25T19:57:52.769363Z
mqft1il,1ke3kdo,reddit,Call of Duty,2025-05-03T21:40:51Z,3,BlindingsunYo,gaming,2025-05-25T19:57:52.769386Z
mqfqoz1,1ke3kdo,reddit,World of Warcraft. (see classic wow),2025-05-03T21:27:19Z,8,LaethOG,gaming,2025-05-25T19:57:52.769408Z
mqfrflt,1ke3kdo,reddit,Pokemon... I am ashamed that I am part of the problem that will buy the next game for nostalgia and my old love for pokemon games even if I know the new games are shit,2025-05-03T21:31:34Z,9,Thenderick,gaming,2025-05-25T19:57:52.769431Z
mqftifi,1ke3kdo,reddit,Wow Classic,2025-05-03T21:43:36Z,2,Alzzary,gaming,2025-05-25T19:57:52.769454Z
mqgn8gs,1ke3kdo,reddit,007 goldeneye,2025-05-04T00:48:16Z,2,OddYaga,gaming,2025-05-25T19:57:52.769477Z
mqfsu32,1ke3kdo,reddit,"Oblivion thrived so much, it got a remaster and now it's popular again",2025-05-03T21:39:38Z,3,Some_Citron4826,gaming,2025-05-25T19:57:52.769499Z
mqfrysy,1ke3kdo,reddit,Evoland?,2025-05-03T21:34:38Z,1,Stefe04,gaming,2025-05-25T19:57:52.769522Z
mqft082,1ke3kdo,reddit,"# SOCOM US Navy Seals!!

We even still play it ONLINE now a days, 20 years after it's release date!",2025-05-03T21:40:38Z,1,SOCOMCombinedAssault,gaming,2025-05-25T19:57:52.769596Z
mqfwi70,1ke3kdo,reddit,"Imma speak for the mobile legends: The Blockheads, Blitz Brigade, Terraria (glitches on mobile that made it crazy fun back then)",2025-05-03T22:01:17Z,1,Protonical_0,gaming,2025-05-25T19:57:52.769618Z
mqgoax5,1ke3kdo,reddit,Call of duty reason why people complain about it like 2k game they change little stuff not a lot but then they changed wrong thing I feel like last actual good call of duty probably black ops 3 that only bc the multiplayer was balanced the jet packs where balanced as well. The zombies story line was so great I had my mom use my 14 birthday money for it then just booting into der easindrache (one with bows) then the Easter egg was hard but fun on replay. Then storyline working toward stopping the zombies where the ending just left us in questions. Then bo4 had ruin there storyline and now zombies are meh.,2025-05-04T00:55:15Z,1,Ordenvulpez,gaming,2025-05-25T19:57:52.769642Z
mqigcox,1ke3kdo,reddit,"Beyond good and evil. Great game and just got released for playstation 5 after like 20 years, but i think most older games just work due to nostalgia nowadays",2025-05-04T09:54:58Z,1,SockPhilosopher7188,gaming,2025-05-25T19:57:52.769665Z
mqjpxoh,1ke3kdo,reddit,Monopoly.,2025-05-04T15:12:51Z,1,RoyLangston,gaming,2025-05-25T19:57:52.769671Z
mqz2976,1ke3kdo,reddit,"Fortnite, the few that play it. But they made an OG season too for this reason right so…",2025-05-06T23:16:21Z,1,Positive_Wrap_3921,gaming,2025-05-25T19:57:52.769675Z
mrkgif0,1ke3kdo,reddit,"GTA San Andreas

Although it is very good, people today only play it out of nostalgia",2025-05-10T10:34:51Z,1,N/A,gaming,2025-05-25T19:57:52.769679Z
mrlv2m6,1ke3kdo,reddit,Wizard 101,2025-05-10T16:04:04Z,1,General-Web-803,gaming,2025-05-25T19:57:52.769683Z
mqft62p,1ke3kdo,reddit,Opinions: the thread,2025-05-03T21:41:35Z,1,pigeonbobble,gaming,2025-05-25T19:57:52.769686Z
mqftxsu,1ke3kdo,reddit,Mario and Zelda games. Most Nintendo properties.,2025-05-03T21:46:08Z,1,Oil_slick941611,gaming,2025-05-25T19:57:52.769690Z
mqfs15u,1ke3kdo,reddit,Fusion frenzy,2025-05-03T21:35:01Z,1,wikilectual,gaming,2025-05-25T19:57:52.769694Z
mqfscrp,1ke3kdo,reddit,"Skyrim is a definite nostalgia pick for me. Used to play it all the time on the ps3 as a kid. Never got past Bleak Falls Barrow because I thought it was way too scary...


Now I'm 21 years old, and I defeated the Stormcloaks.",2025-05-03T21:36:52Z,1,lemon4028,gaming,2025-05-25T19:57:52.769697Z
mqfqb3p,1ke3kdo,reddit,Original FF7,2025-05-03T21:25:06Z,-3,Riot189,gaming,2025-05-25T19:57:52.769701Z
mqfqpvd,1ke3kdo,reddit,remasters,2025-05-03T21:27:28Z,-1,ImportanceCurrent101,gaming,2025-05-25T19:57:52.769705Z
mqfs64i,1ke3kdo,reddit,Hot take: Minecraft,2025-05-03T21:35:49Z,-1,N/A,gaming,2025-05-25T19:57:52.769710Z
mqfs0x5,1ke3kdo,reddit,RuneScape. It is literally the worst game ever made but the nostalgia always brings me back,2025-05-03T21:34:59Z,-3,PopGoggle,gaming,2025-05-25T19:57:52.769715Z
mqfsvsm,1ke3kdo,reddit,Remakes/masters,2025-05-03T21:39:55Z,0,FindingLegitimate970,gaming,2025-05-25T19:57:52.769719Z
mqfv2zl,1ke3kdo,reddit,Fallout New Vegas,2025-05-03T21:52:51Z,-1,TheBlazingFire123,gaming,2025-05-25T19:57:52.769723Z
mqfqrgu,1ke3kdo,reddit,Dwarf Fortress,2025-05-03T21:27:43Z,-1,OurManInHavana,gaming,2025-05-25T19:57:52.769726Z
mqfqhre,1ke3kdo,reddit,[deleted],2025-05-03T21:26:10Z,-8,N/A,gaming,2025-05-25T19:57:52.769730Z
mqftcgw,1ke3kdo,reddit,"Diablo, world of warcraft, overwatch. And many others",2025-05-03T21:42:37Z,0,algustfinn,gaming,2025-05-25T19:57:52.769733Z
mqfu302,1ke3kdo,reddit,"Literally speaking, and I don't mean this in a bad way whatsoever as I adore the franchise because of its consistency, but the Dragon Quest series.

You hear that spell cast ""neu neu neuma new"" and you know it's 'bout to pop off.",2025-05-03T21:47:00Z,0,N/A,gaming,2025-05-25T19:57:52.769737Z
mqfufqi,1ke3kdo,reddit,Fallout 3 and Skyrim. Fallout 4 catching all the shit for stuff those games set in motion lol.,2025-05-03T21:49:04Z,0,Lothric43,gaming,2025-05-25T19:57:52.769741Z
mqgjqjx,1ke3kdo,reddit,hot take but minecraft,2025-05-04T00:25:33Z,0,Realistic-Estate4794,gaming,2025-05-25T19:57:52.769745Z
mqfqpwq,1ke3kdo,reddit,Oblivion remaster is a bad game without nostalgia,2025-05-03T21:27:28Z,-19,Alarmed-Print1749,gaming,2025-05-25T19:57:52.769749Z
mqfqlz0,1ke3kdo,reddit,"Chrono Trigger.

I will die on this hill, I’ve heard every argument under the sun and have had countless debates with people. No matter how many downvotes this gets I don’t care, Chrono Trigger was a good template for JRPGs that has long since been outclassed by other games.",2025-05-03T21:26:50Z,-7,Independent_Plum2166,gaming,2025-05-25T19:57:52.769753Z
mqftp6h,1ke3kdo,reddit,"Oblivion, pokemon and cod",2025-05-03T21:44:43Z,-1,Healthy-Albatross-26,gaming,2025-05-25T19:57:52.769757Z
mqfuusp,1ke3kdo,reddit,Oblivion.,2025-05-03T21:51:31Z,-1,AndreiRiboli,gaming,2025-05-25T19:57:52.769761Z
mqfqflj,1ke3kdo,reddit,All the NES games,2025-05-03T21:25:49Z,-11,Caciulacdlac,gaming,2025-05-25T19:57:52.769765Z
mpxmwbf,1kbv49d,reddit,"Could try Split Fiction and It Takes Two. These games are literally made for co op, can't play alone. Highly rated",2025-05-01T00:02:57Z,14,Illustrious-Lime-863,gaming,2025-05-25T19:57:53.762946Z
mpz4qhh,1kbv49d,reddit,Helldivers 2,2025-05-01T06:00:53Z,6,Abject_Muffin_731,gaming,2025-05-25T19:57:53.762952Z
mpxmhs1,1kbv49d,reddit,"No mans sky is a super fun game that allows you to just chill and play at your own pace. Raft, grounded, far cry’s, palworld, ark, the forest, and a way out are some of my other favorites that meet your wants.",2025-05-01T00:00:39Z,5,Silent-Ultimatum23,gaming,2025-05-25T19:57:53.762956Z
mpxmr8l,1kbv49d,reddit,Some of my most memorable moments playing with friends online has been playing the Borderlands series.,2025-05-01T00:02:08Z,14,Bratley513,gaming,2025-05-25T19:57:53.762959Z
mpxn1ee,1kbv49d,reddit,"Elder scrolls online might be a good shout. It’s massive, beautiful, rewarding and you can play together for most of it. It also has the option of pvp which is quite fun, with 3 variations of pvp.",2025-05-01T00:03:46Z,3,emkay01,gaming,2025-05-25T19:57:53.762962Z
mpxn95l,1kbv49d,reddit,"7 days to die.

Warframe

Chivalry 2

Dying light 2",2025-05-01T00:05:00Z,3,ZepCoTrust,gaming,2025-05-25T19:57:53.762965Z
mpxrjvy,1kbv49d,reddit,"Fallout 76 is in a great place now. I normally don't like Survival games but you can tailor the gameplay loop to your liking. I usually set out to do a mission, explore a little, get some supplies then expand my ""CAMP"" afterwards. Despite being Bethesda there's actually continuous support and new content being released.

For MMOs, I second Elder Scrolls Online (more traditional MMO than Fallout) or Warframe.

Final Fantasy XIV can be good, too. My free company there had a lot of married couple members and the community is super friendly",2025-05-01T00:29:52Z,2,Skatingraccoon,gaming,2025-05-25T19:57:53.762968Z
mpxukfo,1kbv49d,reddit,Destiny 2 is really fun to explore. I like just hopping on and exploring the planets.,2025-05-01T00:47:13Z,2,N/A,gaming,2025-05-25T19:57:53.762971Z
mpxsdjn,1kbv49d,reddit,Not an open world but think Helldivers II would fall under shooting would be fun to do dives together by yourselves. Also Chivalry II which is medieval weapon fighting ngl it would be cool to see a female/male duo in Chivalry II with the voice lines they have.,2025-05-01T00:34:37Z,2,No-Locksmith-5770,gaming,2025-05-25T19:57:53.762974Z
mpxtyiq,1kbv49d,reddit,Is this post an attempt at a viral ad for split fiction?,2025-05-01T00:43:41Z,1,internetlad,gaming,2025-05-25T19:57:53.762977Z
mpxuc3s,1kbv49d,reddit,Split fiction,2025-05-01T00:45:54Z,1,PureThermo,gaming,2025-05-25T19:57:53.762980Z
mpxvc3p,1kbv49d,reddit,Dying Light 1 or 2. Dead Island 2. Far Cry 5 or 6.,2025-05-01T00:51:39Z,1,rsrxciii,gaming,2025-05-25T19:57:53.762983Z
mpyjzfz,1kbv49d,reddit,It takes two. Real fun game,2025-05-01T03:19:15Z,1,-misfit-,gaming,2025-05-25T19:57:53.762987Z
mpyklbp,1kbv49d,reddit,"Don’t Starve Together, It Takes Two, or Overcooked are good date night games. When you mentioned horror, I immediately thought of The Quarry, though. It’s basically an interactive teen slasher movie where you actually play as the characters and your actions determine whether they live or die. Super fun for couch co-op, but I’m not sure how the online multiplayer works (might be worth checking out, though).",2025-05-01T03:23:15Z,1,MrPlatinumsGames,gaming,2025-05-25T19:57:53.762990Z
mpyswop,1kbv49d,reddit,Tiny Tina Wonderlands or Diablo 4,2025-05-01T04:22:41Z,1,gordon_shumway67,gaming,2025-05-25T19:57:53.762994Z
mpzeqq8,1kbv49d,reddit,"If u want medieval u CAN play chivalry 2 just, don't expect to meet more than 20 people on it lol, it's very fun tho",2025-05-01T07:42:04Z,1,Apprehensive-Arm2756,gaming,2025-05-25T19:57:53.763000Z
mq0dbb3,1kbv49d,reddit,Lord's of the Fallen.,2025-05-01T12:47:38Z,1,BuildBounty,gaming,2025-05-25T19:57:53.763006Z
mq0s2j3,1kbv49d,reddit,Rust,2025-05-01T14:10:41Z,1,xAeolousx,gaming,2025-05-25T19:57:53.763011Z
mq11wgj,1kbv49d,reddit,7 days to die,2025-05-01T14:59:48Z,1,Weak_Anybody_7759,gaming,2025-05-25T19:57:53.763015Z
mq1ui6d,1kbv49d,reddit,Some of the most fun I’ve had in a coop game in recent memory is Remnant From the Ashes. I’ve never played the second one but I’ve heard it’s great too. Soulslike mechanics but with guns. Played with a friend of mine at the time and was a blast all the way through. Borderlands 3 was a ton of fun too coop but Remnant was a more focused experience with IMO slightly better gameplay. Excellent game. I’ll get around to the second one at some point.,2025-05-01T17:19:42Z,1,batshitnutcase,gaming,2025-05-25T19:57:53.763021Z
mq2dfv2,1kbv49d,reddit,Introduced my wife to sea of thieves and she really enjoyed it. I got kinda bored after a while thougj,2025-05-01T18:51:15Z,1,BuyLandcruiser,gaming,2025-05-25T19:57:53.763027Z
mpxsmih,1kbv49d,reddit,"Looking for a ps5 ga- 

OME GAME",2025-05-01T00:36:04Z,-1,Routine-Duck6896,gaming,2025-05-25T19:57:53.763032Z
mpkerio,1ka99vy,reddit,Deus Ex,2025-04-28T23:08:43Z,33,Justadabwilldo,gaming,2025-05-25T19:57:54.953894Z
mpkfk6n,1ka99vy,reddit,"If you're willing to go back a bit, the Shadowrun trilogy are XCOM-like strategy games set in a cyberpunk+magic world. Like, yes, one of the most dangerous characters in the setting is a dragon, but that's less because he's a dragon and more because he's the CEO of the largest, most powerful corporation in the world.",2025-04-28T23:13:19Z,25,plageiusdarth,gaming,2025-05-25T19:57:54.953900Z
mpkf7da,1ka99vy,reddit,You can try Cloudpunk,2025-04-28T23:11:17Z,11,Harklein-2nd,gaming,2025-05-25T19:57:54.953903Z
mpkhp8l,1ka99vy,reddit,"Dues Ex games might be right for you.....

Here's some other suggestions though...

- Ghost Runner 1 & 2 
- BIOSCHOCK 1 & 2 kinder have a similar feeling 
- SYSTEMSHOCK Remake 
- ROBOCOP 
- STRAY 

I get what you want. There just isn't a ton out there that match completely what Cuberpunk delivers as a whole, but these might tick some boxes for you",2025-04-28T23:25:29Z,8,MiLKD-GAMING,gaming,2025-05-25T19:57:54.953906Z
mpkh833,1ka99vy,reddit,"Systemshock and Deus Ex are classics. The newer Deus Ex games are also very good.

The Shadowrun games by Harebrained Schemes. They're kinda Cyberpunk adjacent because they mix fantasy in. But I enjoyed all three.

The Robocop FPS is actually pretty fun, does a good job getting the feel of the original movie right.

Cloudpunk and Citizen Sleeper are also worth checking out.",2025-04-28T23:22:46Z,3,seekerpat,gaming,2025-05-25T19:57:54.953909Z
mpkk572,1ka99vy,reddit,"Flashback, of you like that type of classic game",2025-04-28T23:39:23Z,3,TMLTurby,gaming,2025-05-25T19:57:54.953912Z
mpkeik6,1ka99vy,reddit,"Ruiner.

Citizen Sleeper has the flavor but not the action.",2025-04-28T23:07:16Z,4,viaJormungandr,gaming,2025-05-25T19:57:54.953914Z
mpkhp3q,1ka99vy,reddit,Satellite Reign,2025-04-28T23:25:28Z,2,Boneslark,gaming,2025-05-25T19:57:54.953917Z
mpmhh88,1ka99vy,reddit,"* The Deus Ex series.
* Ghostrunner 1 and 2.
* Transistor.
* Hard Reset.
* Severed Steel.
* The Shadowrun trilogy.
* System Shock Remake (the System Shock 2 remaster is coming up pretty soon).
* Far Cry 3: Blood Dragon.",2025-04-29T07:50:58Z,2,Leramar89,gaming,2025-05-25T19:57:54.953920Z
mpnkqyp,1ka99vy,reddit,"Couple indie games that really nail the Cyberpunk vibe IMO. Shadows of Doubt is a really clever detective simulator that goes deeper than any other detective game I've ever played. Many emergent systems that create some fun little moments, and it's procedurally generated so it's plenty replayable.

The other is Cloudpunk. You man an airborne taxi and you get to hear the interesting stories of your passengers as you travel around to different destinations etc. I've not really put much time into Cloudpunk, but it has heavy Bladerunner vibes from what I can tell.

Lastly, I'll drop an honorable mention for Trepang2. It's not exactly cyberpunk perse, but it's pretty close and the combat offers a lot of Cyberpunk-ish abilities. Very very fun shooter imo.",2025-04-29T13:17:23Z,2,N/A,gaming,2025-05-25T19:57:54.953923Z
mpkhpkr,1ka99vy,reddit,"Dex


Deus Ex Human Revolution and Mankind Divided if you have no tolerance for older games.


System Shock Remake


Huntdown


Observer


The Ascent 


The Syndicate ""remake""/reboot if all you're looking for is aesthetic.


Edit: Turbo Overkill 


Ion Fury ",2025-04-28T23:25:32Z,3,CursedSnowman5000,gaming,2025-05-25T19:57:54.953926Z
mpkhi2q,1ka99vy,reddit,My suggestions are already mentioned but the most memorable game in this genre I've played is [Eye Divine Cybermancy](https://store.steampowered.com/app/91700/EYE_Divine_Cybermancy/). Very dense and hard to understand though.,2025-04-28T23:24:21Z,1,Hypervisory,gaming,2025-05-25T19:57:54.953929Z
mpkhsuh,1ka99vy,reddit,Mass Effect Trilogy! Or Ghost Runner maybe. They are not necessary cyberpunk but still take place way in the not so near future.,2025-04-28T23:26:03Z,1,Fractal_Soliton,gaming,2025-05-25T19:57:54.953932Z
mpkjiw0,1ka99vy,reddit,"I'm going to recommend [Ruiner](https://store.steampowered.com/app/464060/RUINER/). It is also Steamdeck verified. Very fun game, kinda feels like a cyberpunk Hotline Miami almost. But if cyberpunk theme is what you are going for you can't go wrong with it. It is a bit difficult though, very much a go in room, die, respawn, try again over and over until you get it right. [Ghostrunner](https://store.steampowered.com/app/1139900/Ghostrunner/) is another one I'll recommend though it's only marked as playable on Steamdeck.",2025-04-28T23:35:51Z,1,ArcTheWolf,gaming,2025-05-25T19:57:54.953935Z
mpklm2i,1ka99vy,reddit,I don’t know if they are your style but what about ghost runner 1and 2? They are not games I would play but I had a lot of fun with first and the second is on my backlog,2025-04-28T23:47:42Z,1,Izletz,gaming,2025-05-25T19:57:54.953938Z
mpkm5c5,1ka99vy,reddit,"Seven: The Days Long Gone

Gamedec 

Nobody Wants to Die",2025-04-28T23:50:44Z,1,SirCris,gaming,2025-05-25T19:57:54.953941Z
mpkmea4,1ka99vy,reddit,prey (2017) and deus ex (2000). also the later deus ex games but especially the first one,2025-04-28T23:52:12Z,1,alamode23,gaming,2025-05-25T19:57:54.953943Z
mpko4be,1ka99vy,reddit,"for something different and if you like survival horror, I highly recommend Signalis",2025-04-29T00:02:08Z,1,Liminal_Fox,gaming,2025-05-25T19:57:54.953947Z
mpl44uz,1ka99vy,reddit,ghostrunner 1+2 felt like the extension to cyberpunk's katana+knife gameplay,2025-04-29T01:36:16Z,1,Connect_Alternative2,gaming,2025-05-25T19:57:54.953949Z
mplccal,1ka99vy,reddit,Detroit Become Human. It’s more cyber than punk but it’s a fantastic game.,2025-04-29T02:24:11Z,1,BeanNCheeseBajaBlast,gaming,2025-05-25T19:57:54.953952Z
mplh6cn,1ka99vy,reddit,"Deus Ex (the original), and I'm going indie and suggesting Transistor",2025-04-29T02:53:33Z,1,Dracorvo,gaming,2025-05-25T19:57:54.953955Z
mppva38,1ka99vy,reddit,Colony Ship on steam is very good if you like TRPG's,2025-04-29T20:00:59Z,1,USAF_DTom,gaming,2025-05-25T19:57:54.953958Z
mpkhrbs,1ka99vy,reddit,"The Ascent is a mindless, arcade style cyberpunk game",2025-04-28T23:25:49Z,1,Thrillho7086,gaming,2025-05-25T19:57:54.953962Z
mpic7tb,1k9zo9g,reddit,"Generally game development's biggest issue is that of a huge amount of unknowns and upfront investment, with a very very long lead time and potentially zero valuable assets if it doesn't go well. This is similar for marketing in general, depending on the type, so having a publisher that both has money, and knows how, where, and when to market, is a huge bonus for developers. They will also generally cover all the other admin type tasks that a developer might need, such as legal, ratings, coordination, and licencing.

Steam and some of the other store fronts are amazing for Indies, as they remove a lot of the need for these typically publisher parts, and if you do a reasonable job getting some hype around your product, you can go a long way with no publisher. But the reason most of them either get a publisher, or form their own in-house publishing company, is because you usually don't need the resources consistently, but you need a huge push/crunch at certain points. A publishing company can cover this by doing it for multiple games, but a developer would need to either have short term contracts or contract the work out to firms, who might not necessarily have their best interests at heart (at least less so than publishers often do).",2025-04-28T16:45:23Z,10,XsNR,gaming,2025-05-25T19:57:56.271802Z
mpikhun,1k9zo9g,reddit,"Well if you have less than 100,000 fans they're basically necessary but after that you're fine to self publish. 


Source: I play a lot of game dev tycoon",2025-04-28T17:25:24Z,5,internetlad,gaming,2025-05-25T19:57:56.271810Z
mpjybhd,1k9zo9g,reddit,"I've worked in games publishing for almost two decades and the boring answer, is that it depends. 

Publishers used to be essential. You were literally not allowed to publish on console without an approved publisher. XBLA changed that, and along with Steam, made it unnecessary. 

Publishers can't make your bad game good, and they can't make people buy something they don't care about, but what they CAN do, is get you in front of the right audience, get you into the hands of the right people, and depending on your deal, they can help bankroll some of your time. 

Most indies could and probably should self-publish, or get someone in house rather than giving up 30% of everything you make. It's very difficult for publishers to justify their %",2025-04-28T21:35:06Z,3,The_Cost_Of_Lies,gaming,2025-05-25T19:57:56.271817Z
mpi8ju9,1k9zo9g,reddit,"Some games need a lot of marketing others dont because they spread organicly.

But if you need marketing a publisher is very important because nearly no indie studio has enough money to fund a big marketing campaing. But this goes further than marketing the vast majority of succesful games have publishers not just because of marketing but because publishers can provide a sum of money up front that can finance the devs for some time so it buys you time to actually make the game better.",2025-04-28T16:27:21Z,2,LARRY_Xilo,gaming,2025-05-25T19:57:56.271824Z
mpjtud8,1k9zo9g,reddit,Extraordinarily.  That's basically what they are for.  Devs make the game.  Publishers do the rest.  Sometimes it's the same company but usually not.,2025-04-28T21:11:19Z,2,aaronite,gaming,2025-05-25T19:57:56.271829Z
mpiaeud,1k9zo9g,reddit,"So there is no need to market a game like schedule I because it went viral and wasn’t expected to sell crazy to begin with.

Game like Expedition 33 defiantly benefited from Microsoft marketing the game in their directs and promoting it. A turn based game from a EU studio might not of been on my radar if it didn’t have coverage.",2025-04-28T16:36:31Z,2,TrickOut,gaming,2025-05-25T19:57:56.271835Z
mpjamvk,1k9zo9g,reddit,"Do you have millions of dollars to market a game?

No?

Well a publisher does.

Thats how important they are.",2025-04-28T19:34:43Z,2,The_Advocate07,gaming,2025-05-25T19:57:56.271841Z
mpiaxpu,1k9zo9g,reddit,"Just a heads up, almost nobody on Reddit (myself included) understands how the industry actually works",2025-04-28T16:39:04Z,3,Fantastic-Morning218,gaming,2025-05-25T19:57:56.271847Z
mpiajzt,1k9zo9g,reddit,"You need some kind of marketing to sell a game. People have to know your game exists after all.


Marketing is expensive though. Most indie studios can't afford to do more than spam social media with their own accounts. 


If your game is good then you'll get some free ""word of mouth"" marketing once the game is out, but again that relies on 1. People playing the game and 2. People liking it enough to talk about it (preferably online)",2025-04-28T16:37:13Z,1,stallion8426,gaming,2025-05-25T19:57:56.271854Z
mpkd5t2,1k9zo9g,reddit,"I think publishers are important in games getting made, they do the heavy lifting of the studio's development costs and then do the marketing and distribution deals to get the content sold .  So they're pretty essential in AAA+ gaming development these days.",2025-04-28T22:59:26Z,1,bushmaster2000,gaming,2025-05-25T19:57:56.271859Z
mpw7ami,1k9zo9g,reddit,"Not very,but they can make a difference. 

In the age of the internet though just having a good product can get you pretty far.

Not all the way, but far.

A lot of super small indie game that just absolutely exploded because they were just that good.

Stardew valley and Undertale probably didn't have a marketing budget at all and yet they're cultural icons.",2025-04-30T19:33:40Z,1,Ghostbuster_11Nein,gaming,2025-05-25T19:57:56.271866Z
mq9cixs,1k9zo9g,reddit,"Thing is, marketing (or better game development) is expensive.

So if you don't have your own money to spend on these things, you obviously need some financial support.

That's one of the roles a publisher takes (among others).

If you want your game to be successful and don't want to just rely on luck, i'd say a publisher is kind of crucial, cause they'd deal with marketing, distribution etc.

Doesn't mean they'll just make any game a huge success, but they do have experience and the means to reach a bigger audience than you yourself might have.

Now, there are of course examples of videogames that just got successful through word of mouth, hype, influencers. But for every one of those, there's probably 100 others that don't get recognized.",2025-05-02T20:24:19Z,1,M-Bug,gaming,2025-05-25T19:57:56.271872Z
mpi6irv,1k9xsd0,reddit,"I love the art and sound direction and everything about the vibes of this I just wish they didn't pivot into making it another extraction shooter. It was first announced as a 3 player PVE co-op game with that Robyn trailer but then they announced it's going to be an extraction shooter instead. Great for people who like those, but it's just not a genre I care for.",2025-04-28T16:17:16Z,50,beefjesus69,gaming,2025-05-25T19:57:57.757650Z
mphwczz,1k9xsd0,reddit,"*insert Squidward chair meme here after seeing ""extraction shooter"" as the genre*",2025-04-28T15:26:54Z,25,throw-away_867-5309,gaming,2025-05-25T19:57:57.757661Z
mphwwdu,1k9xsd0,reddit,those enemies look super cool. Going to be a vibe squadding up to take down one of those behemoths,2025-04-28T15:29:34Z,6,Free_Jelly614,gaming,2025-05-25T19:57:57.757668Z
mphxxsh,1k9xsd0,reddit,Anyone know the song they used for the trailer?,2025-04-28T15:34:44Z,3,UniqueNameIdentifier,gaming,2025-05-25T19:57:57.757676Z
mpingec,1k9xsd0,reddit,"Yay another extraction shooter. People will just stick to Tarkov, we all know that. 

  
Lets be surprised in half a year when it shuts down",2025-04-28T17:39:35Z,15,Erdnuss-117,gaming,2025-05-25T19:57:57.757682Z
mpii9i3,1k9xsd0,reddit,"I still wish this was CoOp, not MMO, not PvP, just CoOp. The style and the action will make me play it though. Its on my wishlist forever though. Tired of waiting.",2025-04-28T17:14:40Z,7,LaserGadgets,gaming,2025-05-25T19:57:57.757689Z
mpifj40,1k9xsd0,reddit,"This looked better when it was a looter shooter, I am really tired of everything needing an extraction mode.",2025-04-28T17:01:20Z,12,Dankitysoup,gaming,2025-05-25T19:57:57.757697Z
mpjezya,1k9xsd0,reddit,Good to see people are still supporting the ZX Spectrum!,2025-04-28T19:56:49Z,2,benzo8,gaming,2025-05-25T19:57:57.757704Z
mpijr4y,1k9xsd0,reddit,"They could have had a Destiny 2 or Warframe competitor looter shooter but they chose to chases trends now its likely we have another shitty extraction shooter that fails in a few months, extraction shooters are not the next Battle Royal the only one that really succeeded was Tarkov both Call of Duty and Battlefield tried and failed and i fully expect Marathon to bomb.",2025-04-28T17:21:51Z,5,ZigyDusty,gaming,2025-05-25T19:57:57.757711Z
mpiqz9k,1k9xsd0,reddit,"I have nothing against this genre of game, but it intrigued me as to why there are so many being released and still announced nowadays. It's gotta be a real popular genre, I thought.

But no, not really if you look at steam DB. [https://steamdb.info/charts/?tagid=1199779](https://steamdb.info/charts/?tagid=1199779)

There seems to be 4 popular ones. 2 more with a decent amount of players. And then 53 others than are quite empty. I dunno, maybe those 4 are enough to inspire companies its worth it?",2025-04-28T17:56:25Z,2,Aidan-Coyle,gaming,2025-05-25T19:57:57.757718Z
mpi0pxk,1k9xsd0,reddit,[deleted],2025-04-28T15:48:25Z,1,N/A,gaming,2025-05-25T19:57:57.757725Z
mpivd0p,1k9xsd0,reddit,It would be very funny if this ends up being more successful than Marathon.,2025-04-28T18:18:03Z,1,ealgron,gaming,2025-05-25T19:57:57.757733Z
mpjs142,1k9xsd0,reddit,I give it a few months after launch. We're in the same situation with extraction shooters that we were in with hero shooters at the height of Overwatch popularity. They can't last.,2025-04-28T21:01:49Z,1,FlamingGnats,gaming,2025-05-25T19:57:57.757740Z
mpk2iu5,1k9xsd0,reddit,I have returned,2025-04-28T21:59:11Z,1,anonerble,gaming,2025-05-25T19:57:57.757747Z
mpnhz5t,1k9xsd0,reddit,ew when did it switch to an extraction shooter? I've had it wishlisted since they announced it because I liked the aesthetic but I was under the assumption it was just a coop pve shooter,2025-04-29T13:01:21Z,1,augustdaysong,gaming,2025-05-25T19:57:57.757754Z
mpict4c,1k9xsd0,reddit,Arc raiders more like raiders of the lost arc am I right guys,2025-04-28T16:48:15Z,-5,Correct_Way_8842,gaming,2025-05-25T19:57:57.757761Z
mpjd3c2,1k9xsd0,reddit,The first test kinda sucked ngl,2025-04-28T19:47:16Z,-2,dont_say_Good,gaming,2025-05-25T19:57:57.757768Z
mpjld5y,1k9xsd0,reddit,rename it to Yet another Extraction shooter nobody wanted,2025-04-28T20:28:30Z,-1,Godess_Ilias,gaming,2025-05-25T19:57:57.757775Z
mpi2ze6,1k9xsd0,reddit,to my knowledge this is sadly planned as a free to play game...,2025-04-28T15:59:32Z,-9,r3nj064,gaming,2025-05-25T19:57:57.757783Z
mpiikvp,1k9xsd0,reddit,"Although I've liked some extraction shooters (Helldivers 2 was my favourite game last year), the term is quickly moving up the list of my most hated game types due to the junk that's piling on the bandwagon. 

It'll end up joining looter shooters, battle royales, survival games and MOBAs as games that I instantly turn away from when I hear the term.",2025-04-28T17:16:13Z,-8,Scioptic-,gaming,2025-05-25T19:57:57.757789Z
mpbyttz,1k97cj7,reddit,"No. It’s most like Myst, but with a Rogue-like gameplay loop.",2025-04-27T16:08:02Z,53,MyUsernameIsAwful,gaming,2025-05-25T19:57:58.751011Z
mpbztda,1k97cj7,reddit,No. If you want a game like obra dinn play case of the golden idol,2025-04-27T16:13:09Z,21,TheBlazingFire123,gaming,2025-05-25T19:57:58.751018Z
mpby3u5,1k97cj7,reddit,Not in the slightest. They are both first person puzzle games. That is literally the end of the comparison.,2025-04-27T16:04:18Z,19,XehnaHmyr,gaming,2025-05-25T19:57:58.751021Z
mpc1n6h,1k97cj7,reddit,"Having just finished Blue Prince (or as much as is known) I can tell you that it is not really like Obra Dinn, except in some superficial ways. Obra Dinn is perfection, every thing in service to the experience and nothing you don't want. Blue Prince has a base mechanic that was created to build the estate, drafting from 3 random rooms, but once you reach the initial goal they set, that mechanic starts to get in your way. It hinders you from accomplishing what you set out to do. When I reached the end of Obra Dinn I felt extremely satisfied, but with Blue Prince I felt something more like relief. 

It is fun and there's some cool moments and neat reveals, I don't regret playing, and I do recommend the game even at full price. And if you are super into ridiculous puzzles, it may be more to your taste. But while you do a lot of walking around and looking at things the way you solve things in Blue Prince is usually by just thinking about them, and sometimes you can do a little trial and error, but if you have to do to much, there's probably something you're missing.

If you want something ""like"" Obra Dinn I would recommend The Roottrees Are Dead, it is much closer to working in a similar way. Piecing together clues, revisiting evidence, even getting a certain number of matches correct making them lock in. It's still not as good as Obra Dinn though, you'll chase that high your entire life.",2025-04-27T16:22:41Z,5,Sphartacus,gaming,2025-05-25T19:57:58.751025Z
mpbyvqf,1k97cj7,reddit,"Nope, not even close.",2025-04-27T16:08:18Z,3,What_A_Good_Sniff,gaming,2025-05-25T19:57:58.751028Z
mpc302x,1k97cj7,reddit,It’s only like Obra Dinn insofar as they are puzzle games that sorta invent their own subgenre,2025-04-27T16:29:49Z,2,DavidL1112,gaming,2025-05-25T19:57:58.751031Z
mpc4rjh,1k97cj7,reddit,"It’s more a roguelite version of something like Outer Wilds or even Myst. For Obra Dinn likes, go with the Golden Idol games and The Roottrees are Dead.",2025-04-27T16:39:06Z,2,TheChronoMaster,gaming,2025-05-25T19:57:58.751035Z
mpcfrd9,1k97cj7,reddit,"The only similarity Obra Dinn shares with Blue Prince is walk into a building (instead of a ship) and solve a simple riddle, with discovering a story of what happen along the way.

Unlike Obra Dinn, Blue Prince has a lot of variability in room drafting, some resource gathering and management, and a lot of push your luck elements. It feels very similar to a solo boardgame experience (reminds me a little bit of Castle of Mad King Ludwig).

In Obra Dinn it's a one and done game but Blue Prince has a lot of replayability that I can see this one as a game I'll always have installed on my steamdeck. Definitely a good filler game between games.",2025-04-27T17:34:00Z,2,Perfect_Address_6359,gaming,2025-05-25T19:57:58.751039Z
mpcjtpe,1k97cj7,reddit,It’s nothing like Obra Dinn,2025-04-27T17:53:50Z,2,Silver_Knight94,gaming,2025-05-25T19:57:58.751042Z
mpcttbj,1k97cj7,reddit,"I think if you like one you’ll like the other puzzle wise. Some might not like it for the rogue lite mechanics. 

It’s like it more than Obra Dinn",2025-04-27T18:44:54Z,1,mbhwookie,gaming,2025-05-25T19:57:58.751046Z
mpcx7qm,1k97cj7,reddit,It's like Balatro with rooms.,2025-04-27T19:02:25Z,1,MonkeySafari79,gaming,2025-05-25T19:57:58.751049Z
