content_id,platform,title,content,created_at,source_id,source_name,category_id,category_name,tags,views,score,comment_count,duration,upvote_ratio,url,author,crawl_time
1k4kcs2,reddit,"New Oscars Rule: If You Don’t See All the Nominated Films, You Can’t Vote",,2025-04-21T18:12:54Z,movies,movies,entertainment,Entertainment,[],0,48204,1811,,0.95,https://www.thewrap.com/new-oscars-rules-if-you-dont-see-all-the-nominated-films-you-cant-vote/,MarvelsGrantMan136,2025-05-21T10:33:40.937613Z
1kplder,reddit,Nicole Kidman Has Now Worked With 27 Women Directors in 8 Years; She Urges Financial Mentors to Invest in Unknown Female Filmmakers and Take a Risk,,2025-05-18T14:33:43Z,movies,movies,entertainment,Entertainment,[],0,31923,1009,,0.86,https://variety.com/2025/film/news/nicole-kidman-27-women-directors-8-years-1236402401/,MarvelsGrantMan136,2025-05-21T10:33:45.341246Z
1k5fz7j,reddit,"‘Conclave’ Viewership Soars After Pope Francis’ Death, Up 283% to Nearly 7 Million Minutes Watched",,2025-04-22T20:01:06Z,movies,movies,entertainment,Entertainment,[],0,26718,938,,0.94,https://variety.com/2025/film/news/conclave-streaming-views-pope-francis-death-1236375240/,ChiefLeef22,2025-05-21T10:33:49.435885Z
1kopb6s,reddit,Cannes reactions to Irreversible,,2025-05-17T09:53:04Z,movies,movies,entertainment,Entertainment,[],0,23801,3444,,0.92,https://v.redd.it/ft9ij3u2eb1f1,ErgoNonSim,2025-05-21T10:33:53.905124Z
1kl0wm0,reddit,"Hi! I'm Ana de Armas, star of the upcoming movie From the World of John Wick: Ballerina. Ask me anything!","Hi! I’m Ana de Armas, an actor, dog lover, and occasional stuntwoman. You might know me from Knives Out, Blonde, Knock Knock, or No Time to Die. I’ve been lucky to play a wide range of characters over the years, and I’m here to talk about all of it. From my first roles to what’s next, including From the World of John Wick: Ballerina, which hits theaters June 6. Ask me anything!",2025-05-12T19:03:16Z,movies,movies,entertainment,Entertainment,[],0,20384,3863,,0.84,https://i.redd.it/8nnrisflde0f1.png,lionsgate,2025-05-21T10:33:58.767034Z
1kny4nk,reddit,First Image of John C. Reilly as Buffalo Bill in ‘Heads or Tails’,,2025-05-16T11:08:16Z,movies,movies,entertainment,Entertainment,[],0,19211,651,,0.95,https://i.redd.it/beojw5llm41f1.jpeg,MarvelsGrantMan136,2025-05-21T10:34:02.427671Z
1kmii95,reddit,Superman | Official Trailer,,2025-05-14T15:46:04Z,movies,movies,entertainment,Entertainment,[],0,18234,4183,,0.89,https://youtu.be/Ox8ZLF6cGM0?si=MfY2mQVQjUssge4V,RobotiSC,2025-05-21T10:34:07.346757Z
1kh2k7h,reddit,First Image of Pamela Anderson in 'The Naked Gun',,2025-05-07T17:03:06Z,movies,movies,entertainment,Entertainment,[],0,17960,821,,0.91,https://i.redd.it/pim8wvai5eze1.jpeg,MarvelsGrantMan136,2025-05-21T10:34:12.744105Z
1kasuaw,reddit,Official Poster for 'Now You See Me: Now You Don't',,2025-04-29T16:54:23Z,movies,movies,entertainment,Entertainment,[],0,16877,1940,,0.88,https://i.redd.it/nqonufbu0txe1.png,RobotiSC,2025-05-21T10:34:17.065243Z
1kbk322,reddit,Official Poster for 'Together' Starring Alison Brie & Dave Franco,,2025-04-30T16:00:40Z,movies,movies,entertainment,Entertainment,[],0,16469,1488,,0.89,https://i.redd.it/a8gtiwg6wzxe1.jpeg,MarvelsGrantMan136,2025-05-21T10:34:21.244778Z
1k8cfid,reddit,New Poster for the 25th Anniversary Re-release of Kevin Smith’s ‘DOGMA’,,2025-04-26T13:01:54Z,movies,movies,entertainment,Entertainment,[],0,14559,525,,0.94,https://i.redd.it/xt2e8nxmg6xe1.jpeg,MarvelsGrantMan136,2025-05-21T10:34:25.272067Z
1kd4m4z,reddit,First Image of Zoe Saldana's Neytiri in 'Avatar: Fire and Ash',,2025-05-02T16:01:30Z,movies,movies,entertainment,Entertainment,[],0,13727,1512,,0.84,https://i.redd.it/r3rwsk846eye1.jpeg,MarvelsGrantMan136,2025-05-21T10:34:29.048229Z
1kkon51,reddit,YouTube Takes Further Action Against Fake Movie Trailer Channels After Deadline Investigations,,2025-05-12T09:57:20Z,movies,movies,entertainment,Entertainment,[],0,12849,745,,0.97,https://deadline.com/2025/05/youtube-suspends-ad-sales-fake-movie-trailer-channels-1236393362/,Sisiwakanamaru,2025-05-21T10:34:33.466224Z
1kankcc,reddit,Official Poster for Zach Cregger’s ‘Weapons’,,2025-04-29T13:10:39Z,movies,movies,entertainment,Entertainment,[],0,11644,764,,0.96,https://i.redd.it/mqb9dknxwrxe1.jpeg,MarvelsGrantMan136,2025-05-21T10:34:37.858904Z
1kc7ihg,reddit,"Deadline Announces 2024's Biggest Box Office Bombs: Joker 2 ($144M loss), Furiosa ($119M loss), Borderlands ($80M loss), Megalopolis ($76M loss), and Kraven the Hunter ($71M loss).",,2025-05-01T12:29:12Z,movies,movies,entertainment,Entertainment,[],0,11562,2370,,0.95,https://deadline.com/2025/04/biggest-box-office-bombs-2024-lowest-grossing-movies-1236381446/,BunyipPouch,2025-05-21T10:34:42.199993Z
1k7uygz,reddit,Ousted Paramount CEO Bob Bakish Received $69.3 Million in Severance,,2025-04-25T20:26:19Z,movies,movies,entertainment,Entertainment,[],0,10709,634,,0.95,https://variety.com/2025/tv/news/paramount-bob-bakish-severance-ceo-pay-packages-2024-1236378572/,MarvelsGrantMan136,2025-05-21T10:34:46.890076Z
1k9oiod,reddit,What's a trend in movies right now that you wish dies a horrible death?,"For me it's the uninspiring use of popular songs from the 70s, 80s, 90s, but preferably nirvana. It has to be nirvana if possible. Take the hook, slow it down and drown it in a heavy reverb effects and you just created a masterpiece of cinematical background music because the young audience will think the song is cool and the older ones will like it because it's nostalgic.",2025-04-28T05:57:49Z,movies,movies,entertainment,Entertainment,[],0,10456,5310,,0.92,https://www.reddit.com/r/movies/comments/1k9oiod/whats_a_trend_in_movies_right_now_that_you_wish/,Prabu-Silitwangi,2025-05-21T10:34:51.224707Z
1kildqq,reddit,"New Image of Ralph Fiennes, Jodie Comer and Alfie Williams from '28 Years Later'",,2025-05-09T15:31:54Z,movies,movies,entertainment,Entertainment,[],0,10384,559,,0.95,https://i.redd.it/p6jb8721zrze1.jpeg,ChiefLeef22,2025-05-21T10:34:56.477377Z
1k58g7o,reddit,Official Poster for Wes Anderson's 'THE PHOENICIAN SCHEME',,2025-04-22T15:00:31Z,movies,movies,entertainment,Entertainment,[],0,10381,710,,0.95,https://i.redd.it/wrnp1kd5iewe1.jpeg,MarvelsGrantMan136,2025-05-21T10:35:00.716423Z
1kdfeoe,reddit,"Rian Johnson Doesn’t Agree With Netflix CEO Over Movie Theater Model Being Outdated, Wants ‘Knives Out 3’ in as Many Theaters For as Long as Possible",,2025-05-02T23:47:36Z,movies,movies,entertainment,Entertainment,[],0,9938,614,,0.94,https://variety.com/2025/film/news/rian-johnson-knives-out-3-release-many-theaters-1236385078/,MarvelsGrantMan136,2025-05-21T10:35:04.737649Z
1k6ttdz,reddit,"First Image from Netflix's Mystery-Comedy 'The Thursday Murder Club' - Starring Helen Mirren, Pierce Brosnan, Ben Kingsley, Richard E. Grant, Naomi Ackie, and Jonathan Pryce - Four retirees spend their time solving cold case murders for fun, until they find themselves stuck in a real whodunit.",,2025-04-24T14:36:52Z,movies,movies,entertainment,Entertainment,[],0,9684,486,,0.95,https://i.redd.it/zyathbiinswe1.jpeg,BunyipPouch,2025-05-21T10:35:08.814591Z
1km4tew,reddit,Exclusive First Image Of Nicolas Cage As Football Icon John Madden & Christian Bale As Raiders Owner Al Davis In Amazon MGM’s ‘Madden’,"Exclusive First Image Of Nicolas Cage As Football Icon John Madden & Christian Bale As Raiders Owner Al Davis In Amazon MGM’s ‘Madden’

https://deadline.com/2025/05/nicolas-cage-john-madden-christian-bale-al-davis-first-photo-1236396456/

.......................................................................",2025-05-14T02:53:36Z,movies,movies,entertainment,Entertainment,[],0,9506,541,,0.93,https://i.redd.it/35mdrzqiwn0f1.jpeg,ehbssbehsj,2025-05-21T10:35:12.529279Z
1knexst,reddit,"Jennifer Lawrence and Robert Pattinson stars in Die,My Love. Premiering at Cannes this weekend.",,2025-05-15T18:03:15Z,movies,movies,entertainment,Entertainment,[],0,9417,972,,0.9,https://v.redd.it/8omxtj6hjz0f1,First-Loss-8540,2025-05-21T10:35:16.494558Z
1kcln9p,reddit,"Mississippi city where 'Sinners' is set has no movie theater, petitions for cast visit and public screening",,2025-05-01T22:33:30Z,movies,movies,entertainment,Entertainment,[],0,9195,206,,0.95,https://www.usatoday.com/story/entertainment/movies/2025/05/01/clarksdale-mississippi-sinners-movie-theaters-cast-visit/83387768007/,ContinuumGuy,2025-05-21T10:35:20.305873Z
1ka4ra4,reddit,New image of David Corenswet and Rachel Brosnahan in James Gunn's 'SUPERMAN',,2025-04-28T19:49:28Z,movies,movies,entertainment,Entertainment,[],0,8758,932,,0.89,https://i.redd.it/mqie1lg6rmxe1.jpeg,danielthetemp,2025-05-21T10:35:23.209185Z
1kfhlk6,reddit,A24’s $3.5B Valuation Pushes the Indie Studio Toward Blockbusters,,2025-05-05T17:32:52Z,movies,movies,entertainment,Entertainment,[],0,8613,482,,0.95,https://observer.com/2025/05/a24-studio-valuation-playbook/,Lulcielid,2025-05-21T10:35:27.153474Z
1kqk09d,reddit,Official Poster for 'Zootopia 2',,2025-05-19T19:00:18Z,movies,movies,entertainment,Entertainment,[],0,8699,817,,0.94,https://i.redd.it/qzjyegejds1f1.jpeg,MarvelsGrantMan136,2025-05-21T10:35:31.326386Z
1k69iod,reddit,Official Poster for ‘Pee-wee as Himself’,,2025-04-23T20:29:40Z,movies,movies,entertainment,Entertainment,[],0,8598,588,,0.92,https://i.redd.it/v08wrwas9nwe1.jpeg,MarvelsGrantMan136,2025-05-21T10:35:35.998985Z
1kkz85q,reddit,Cannes Makes it Official: Nudity and “Voluminous Outfits” Are Banned on Red Carpet,,2025-05-12T17:58:01Z,movies,movies,entertainment,Entertainment,[],0,8003,547,,0.95,https://www.hollywoodreporter.com/lifestyle/lifestyle-news/cannes-film-festival-bans-nudity-voluminous-outfits-1236213912/,MarvelsGrantMan136,2025-05-21T10:35:40.096110Z
1kgrai8,reddit,New Poster for Danny Boyle’s ‘28 Years Later’,,2025-05-07T07:13:47Z,movies,movies,entertainment,Entertainment,[],0,8002,316,,0.96,https://i.redd.it/1gto228k8bze1.jpeg,ICumCoffee,2025-05-21T10:35:44.106963Z
1kn6ob0,reddit,"10 Years Ago, ‘Mad Max: Fury Road’ Showed Hollywood The Secret To Reviving A Franchise",,2025-05-15T12:15:07Z,movies,movies,entertainment,Entertainment,[],0,8000,856,,0.93,https://www.inverse.com/entertainment/mad-max-fury-road-10-year-anniversary,ICumCoffee,2025-05-21T10:35:47.259118Z
1kkii4y,reddit,"KUNG FURY 2 Michael Fassbender, Schwarzenegger, David Hasselhoff",,2025-05-12T03:09:35Z,movies,movies,entertainment,Entertainment,[],0,7815,449,,0.95,https://www.youtube.com/watch?v=JQRuka2aJy4&t=12s,DirePixel,2025-05-21T10:35:51.527083Z
1kes7p8,reddit,"First Image of Tim Heidecker in 'Fior Di Latte' - A playwright, hooked on sniffing perfume to relive memories from an Italian vacation, spirals into obsession as his life falls apart.",,2025-05-04T19:31:10Z,movies,movies,entertainment,Entertainment,[],0,7198,357,,0.95,https://i.redd.it/hlkq1hw1htye1.png,MarvelsGrantMan136,2025-05-21T10:35:55.583766Z
1klo2d0,reddit,New Poster for James Gunn's 'Superman',,2025-05-13T14:57:19Z,movies,movies,entertainment,Entertainment,[],0,6954,1319,,0.84,https://i.redd.it/uvlmowlpck0f1.jpeg,MarvelsGrantMan136,2025-05-21T10:35:58.933192Z
1kfo1o1,reddit,"‘The Toxic Avenger’ Is Officially UNRATED for Ultra Violence, Mutant Nudity, and More",,2025-05-05T21:50:25Z,movies,movies,entertainment,Entertainment,[],0,6720,445,,0.95,https://bloody-disgusting.com/news/3866938/the-toxic-avenger-is-officially-unrated-for-ultra-violence-mutant-nudity-and-more/,MarvelsGrantMan136,2025-05-21T10:36:02.942846Z
1k9v9ns,reddit,First Images of Julia Garner & Josh Brolin in Zach Cregger’s ‘WEAPONS’ - The film revolves around multi-related plots marked by the disappearance of school kids at exactly 2:17 AM,,2025-04-28T13:15:11Z,movies,movies,entertainment,Entertainment,[],0,6712,425,,0.96,https://i.redd.it/pkcva0xtskxe1.jpeg,MarvelsGrantMan136,2025-05-21T10:36:06.695200Z
1kddzas,reddit,"Three years after cinematographer Halyna Hutchins was killed by a stray bullet on set, indie Western 'Rust' is being released in 115 theaters nationwide this weekend. Funds from the release will go to Hutchins’ family, mainly to her son.",,2025-05-02T22:39:43Z,movies,movies,entertainment,Entertainment,[],0,6662,494,,0.95,https://deadline.com/2025/05/indie-films-opening-rust-alec-baldwin-nic-cage-the-surfer-1236384161/,BunyipPouch,2025-05-21T10:36:10.380112Z
1k604ia,reddit,New Posters for A24's 'Friendship' Starring Tim Robinson & Paul Rudd,,2025-04-23T14:09:46Z,movies,movies,entertainment,Entertainment,[],0,6531,365,,0.95,https://i.redd.it/alomloqzdlwe1.jpeg,MarvelsGrantMan136,2025-05-21T10:36:15.351173Z
1kg4308,reddit,First Images from Francis Lawrence's 'The Long Walk' - The story follows a group of young men in a dystopian future who embark on a life-or-death marathon with no set finish line,,2025-05-06T13:10:25Z,movies,movies,entertainment,Entertainment,[],0,6429,809,,0.93,https://i.redd.it/m5v01ze9v5ze1.jpeg,MarvelsGrantMan136,2025-05-21T10:36:18.798843Z
1kjdwne,reddit,Director Chad Stahelski Confirms ‘Highlander’ Reboot Starring Henry Cavill Will Shoot in September,,2025-05-10T16:13:39Z,movies,movies,entertainment,Entertainment,[],0,6372,518,,0.96,https://maxblizz.com/chad-stahelskis-highlander-reboot-starring-henry-cavill-set-for-theatrical-release-in-2027-or-2028-filming-begins-september-2025/,DamnThatsInsaneLol,2025-05-21T10:36:24.045812Z
1kqr52q,reddit,'Toy Story 5' Casts Conan O'Brien,,2025-05-20T00:00:27Z,movies,movies,entertainment,Entertainment,[],0,6432,427,,0.92,https://www.thewrap.com/toy-story-5-casts-conan-obrien/,MarvelsGrantMan136,2025-05-21T10:36:27.668472Z
1kqf45e,reddit,"First image of Dafne Keen from 'Whistle' - A misfit group of unwitting high school students stumble upon a cursed object, an ancient Aztec Death Whistle. They discover that blowing the whistle and the terrifying sound it emits will summon their future deaths to hunt them down.",,2025-05-19T15:50:06Z,movies,movies,entertainment,Entertainment,[],0,6361,555,,0.93,https://i.redd.it/jda1lfyqer1f1.jpeg,JonasKahnwald11,2025-05-21T10:36:31.277600Z
1kbfw02,reddit,"First Poster for ""Sorry, Baby""",,2025-04-30T13:00:45Z,movies,movies,entertainment,Entertainment,[],0,6197,540,,0.93,https://i.redd.it/qw42qus20zxe1.jpeg,NoCulture3505,2025-05-21T10:36:35.118783Z
1k6riqi,reddit,"Hey man, we're Cheech and Chong, we’re doing one of those Ask Us Anything things. You can ask about our lives, careers, or new movie (Cheech and Chong's Last Movie) and we’ll do our best to remember things. Bring a bud and a snack or two, just no math questions please.","Hey man, we're Cheech and Chong, we’re doing one of those Ask Us Anything things. You can ask about our lives, careers, or new movie (Cheech and Chong's Last Movie) and we’ll do our best to remember things. Bring a bud and a snack or two, just no math questions please. 

We'll be back at 4 PM ET today to answer your quesitons.

More info about our new movie:

Official Trailer:

[https://www.youtube.com/watch?v=yFZaR4ubS20](https://www.youtube.com/watch?v=yFZaR4ubS20)

CHEECH & CHONG’S LAST MOVIE – Exclusively in Theaters Friday 4/25 🥦

In the 1970s, Cheech & Chong redefined stand-up comedy, blending drugs, sex, rock’n’roll, and improvisation into a genre-shaping act. Their multicultural, irreverent humor turned them into icons, counterculture rock stars, and Hollywood legends. How did Cheech and Chong ignite imaginations and stay relevant over 50 years? Join them for one last ride to find out... and bring a bud!

Directed by: David Bushell

Produced by: David Bushell and Robbi Chong

Starrirg: Cheech Marin and Tommy Chong",2025-04-24T12:56:18Z,movies,movies,entertainment,Entertainment,[],0,5707,714,,0.92,https://i.redd.it/49f8k6yg5swe1.png,CheechandChong-AMA,2025-05-21T10:36:39.099615Z
1k62ukd,reddit,Predator: Badlands | Official Trailer,,2025-04-23T16:01:33Z,movies,movies,entertainment,Entertainment,[],0,5539,1075,,0.94,https://www.youtube.com/watch?v=oFkbsEKaoSE,MarvelsGrantMan136,2025-05-21T10:36:42.719829Z
1k5gl11,reddit,"Ryan Coogler Thanks Fans for Historic ‘Sinners’ Opening, Calls Cinema A Necessary Pillar of Society",,2025-04-22T20:25:31Z,movies,movies,entertainment,Entertainment,[],0,5533,209,,0.96,https://www.thewrap.com/ryan-coogler-thanks-fans-sinners-opening-weekend/,MarvelsGrantMan136,2025-05-21T10:36:46.905866Z
1khth68,reddit,Official Poster for 'The Conjuring: Last Rites',,2025-05-08T15:50:53Z,movies,movies,entertainment,Entertainment,[],0,5521,421,,0.93,https://i.redd.it/3jh95hqpxkze1.jpeg,MarvelsGrantMan136,2025-05-21T10:36:49.259068Z
1kniiqe,reddit,Child actors who were hailed as acting prodigies but grew up to being mediocre actors as adults,"Yesterday, I got to see The Call, a surprisingly engrossing thriller with Halle Berry as a 911 phone operator trying to save Abigail Breslin's kidnapped teen bimbo who's being held hostage by a crazed Ed Gein wannabe played by Michael Ecklund. 

Say what you will about Berry, she is a committed actress who gives it her all and I couldn't take my eyes away from her. But I was struck by how bad of an actress Abigail Breslin was. She no longer had that natural acting ability she had as a kid where she'd just disappear. As a grown girl/woman, she came off as wooden and whiny. And I've seen the same on some other movies she was on as an adult. It would explain why her fame dried up. Because child actors can cross over  if they can adapt. I mean, the Fanning sisters are doing well. 

Another one is Corey Feldman. Went from being a big movie child star in the 80s to being a joke in the 90s and up, with the Cosplay Michael Jackson moonwalk and La Toya hair and his godawful singing. Dude has released Collectors Items of albums nobody bought. Maybe in Madagascar where Honesty did quite well.",2025-05-15T20:30:09Z,movies,movies,entertainment,Entertainment,[],0,5407,2978,,0.88,https://www.reddit.com/r/movies/comments/1kniiqe/child_actors_who_were_hailed_as_acting_prodigies/,Davis_Crawfish,2025-05-21T10:36:52.518161Z
1k79mi4,reddit,"Sydney Sweeney to Star in ‘Split Fiction’ Film Adaptation From Director Jon M. Chu, ‘Deadpool and Wolverine’ Writers",,2025-04-25T02:01:02Z,movies,movies,entertainment,Entertainment,[],0,5213,755,,0.89,https://variety.com/2025/film/news/split-fiction-movie-sydney-sweeney-jon-m-chu-video-game-1236377192/,cmaia1503,2025-05-21T10:36:57.108110Z
1kmgjdr,reddit,HBO Max Is Back: WBD Rebranding Streamer This Summer,,2025-05-14T14:26:29Z,movies,movies,entertainment,Entertainment,[],0,5071,860,,0.95,https://deadline.com/2025/05/hbo-max-is-back-iwbd-rebranding-streamer-1236397130/,MarvelsGrantMan136,2025-05-21T10:37:01.124952Z
1k7w1sa,reddit,Emma Mackey to Star as the White Witch in Greta Gerwig’s ‘Narnia’,,2025-04-25T21:12:48Z,movies,movies,entertainment,Entertainment,[],0,4795,436,,0.94,https://www.hollywoodreporter.com/movies/movie-news/emma-mackey-white-witch-in-greta-gerwig-narnia-1236201064/,MarvelsGrantMan136,2025-05-21T10:37:05.067847Z
1kr36p4,reddit,Official Poster for 'Jurassic World Rebirth',,2025-05-20T12:05:38Z,movies,movies,entertainment,Entertainment,[],0,5316,1688,,0.81,https://i.redd.it/uu82et2hgx1f1.jpeg,MarvelsGrantMan136,2025-05-21T10:37:08.533986Z
1kgy30p,reddit,Official Poster for 'The Old Guard 2',,2025-05-07T14:00:36Z,movies,movies,entertainment,Entertainment,[],0,4773,673,,0.9,https://i.redd.it/12ldjhq49dze1.jpeg,MarvelsGrantMan136,2025-05-21T10:37:12.424838Z
1klps3g,reddit,"First Images of Nick Offerman & Jacob Tremblay in 'Sovereign' - A father and son who identify as Sovereign Citizens, a group of anti-government extremists, find themselves in a standoff with a chief of police that sets off a manhunt.",,2025-05-13T16:04:47Z,movies,movies,entertainment,Entertainment,[],0,4748,295,,0.96,https://i.redd.it/j9u5nvdpok0f1.jpeg,MarvelsGrantMan136,2025-05-21T10:37:16.279614Z
1kb0d0q,reddit,"Oscars’ New Rule Requiring Voters to Watch All Nominees, but Academy Members Already Found Loopholes",,2025-04-29T22:04:35Z,movies,movies,entertainment,Entertainment,[],0,4735,301,,0.97,https://variety.com/2025/film/awards/oscars-viewing-requirement-loopholes-1236380799/,BostonNewEngland,2025-05-21T10:37:19.411726Z
1kj9etr,reddit,Dev Patel’s Action-Thriller ‘The Peasant’ Snapped Up By A24 For Worldwide Rights On Eve Of Cannes Market,,2025-05-10T12:43:38Z,movies,movies,entertainment,Entertainment,[],0,4567,268,,0.95,https://deadline.com/2025/05/dev-patel-movie-the-peasant-a24-deal-john-wick-1236391159/,MarvelsGrantMan136,2025-05-21T10:37:22.214457Z
1ko3lhf,reddit,Bong Joon-Ho's 'Mickey 17' Sets May 23 Release on Max,,2025-05-16T15:23:48Z,movies,movies,entertainment,Entertainment,[],0,4541,299,,0.95,https://variety.com/2025/film/news/mickey-17-max-streaming-release-date-1236345364/,MarvelsGrantMan136,2025-05-21T10:37:24.836869Z
1kebyi8,reddit,Employees at Austin Alamo Drafthouse Location Vote to Unionize - The group went public with its unionization efforts in March after company-wide layoffs impacted the Austin location. Unionization efforts have quickly spread within the theater chain in recent months.,,2025-05-04T04:58:24Z,movies,movies,entertainment,Entertainment,[],0,4484,188,,0.96,https://www.hollywoodreporter.com/business/business-news/austin-alamo-drafthouse-unionizes-uaw-1236206418/,BunyipPouch,2025-05-21T10:37:27.804911Z
1k5656q,reddit,"Official Poster for 'Deep Cover' - Three improv actors (Bryce Dallas Howard, Orlando Bloom & Nick Mohammed) are hired by the police to help stage low-level stings. Their instinct to ‘always say yes’ without breaking character leads them deep inside the London criminal underworld.",,2025-04-22T13:20:50Z,movies,movies,entertainment,Entertainment,[],0,4319,392,,0.92,https://i.redd.it/x2bbg5590ewe1.jpeg,MarvelsGrantMan136,2025-05-21T10:37:30.373427Z
1k7eggx,reddit,New Poster for 'BALLERINA' featuring Lance Reddick in theaters June 6th.,,2025-04-25T06:43:55Z,movies,movies,entertainment,Entertainment,[],0,4166,246,,0.95,https://i.redd.it/16zobtlagxwe1.jpeg,Dizzy_Hotwheelz,2025-05-21T10:37:33.703856Z
1kccih5,reddit,Ryan Coogler’s ‘Sinners’ Gets 70mm IMAX Re-Release on May 15,,2025-05-01T16:08:16Z,movies,movies,entertainment,Entertainment,[],0,4137,318,,0.96,https://www.indiewire.com/news/general-news/sinners-imax-re-release-70mm-1235119664/,MarvelsGrantMan136,2025-05-21T10:37:36.165412Z
1kan9yo,reddit,THE SMASHING MACHINE | Official Trailer | A24,,2025-04-29T12:57:15Z,movies,movies,entertainment,Entertainment,[],0,3986,1048,,0.87,https://youtu.be/uF3oMaN-MUQ?si=oTyGhIRs_1aEzUPX,MarvelsGrantMan136,2025-05-21T10:37:39.431538Z
1kamq1u,reddit,First Images from Darren Aronofsky’s ‘Caught Stealing’ - A former baseball player (Austin Butler) finds himself immersed in criminality in New York in the 1990s.,,2025-04-29T12:30:19Z,movies,movies,entertainment,Entertainment,[],0,3892,493,,0.92,https://i.redd.it/f9b2z3kqprxe1.jpeg,MarvelsGrantMan136,2025-05-21T10:37:43.096636Z
1kep590,reddit,"California, Once a Mecca for Animation Work, Is Rapidly Losing Ground, Report Claims",,2025-05-04T17:21:40Z,movies,movies,entertainment,Entertainment,[],0,3855,199,,0.97,https://www.hollywoodreporter.com/business/business-news/california-animation-work-suffering-outsourcing-concerns-1236206301/,ForeverBlue101_303,2025-05-21T10:37:46.932165Z
1kqb903,reddit,First Image of Willem Dafoe in Dark-Comedy 'The Souffleur' - A longtime hotel manager (Dafoe) learns that the property has been sold and will be demolished. He slowly spirals into absurd paranoia and wages a personal war against the new owners.,,2025-05-19T13:07:58Z,movies,movies,entertainment,Entertainment,[],0,3818,135,,0.96,https://i.redd.it/4olcnfo3mq1f1.jpeg,BunyipPouch,2025-05-21T10:37:49.396386Z
1kiosi4,reddit,Netflix To Remove ‘Black Mirror: Bandersnatch’ and ‘Unbreakable Kimmy Schmidt: Kimmy vs The Reverend’ From Platform on May 12 In an Effort to Ditch Interactive Programming,,2025-05-09T17:52:31Z,movies,movies,entertainment,Entertainment,[],0,3778,317,,0.96,https://www.ign.com/articles/netflix-to-remove-black-mirror-bandersnatch-from-platform-in-an-effort-to-ditch-interactive-programming,DemiFiendRSA,2025-05-21T10:37:51.394408Z
1k9s983,reddit,‘Avengers: Doomsday’ Officially Begins Filming,,2025-04-28T10:29:40Z,movies,movies,entertainment,Entertainment,[],0,3767,707,,0.9,https://www.gamesradar.com/entertainment/marvel-movies/the-russo-brothers-share-first-behind-the-scenes-look-at-avengers-doomsday-and-its-another-chair/,MarvelsGrantMan136,2025-05-21T10:37:54.287762Z
1kpu6ze,reddit,"Guillermo del Toro Teases Incredibly Emotional ‘Frankenstein’ at Cannes, Says It’s Not a Horror Movie",,2025-05-18T20:53:55Z,movies,movies,entertainment,Entertainment,[],0,3722,217,,0.96,https://variety.com/2025/film/festivals/guillermo-del-toro-frankenstein-not-horror-movie-emotional-1236402387/,MarvelsGrantMan136,2025-05-21T10:37:58.449869Z
1k674z3,reddit,Small Soldiers is getting a 4K release!,,2025-04-23T18:52:48Z,movies,movies,entertainment,Entertainment,[],0,3708,198,,0.96,https://www.blu-ray.com/news/?id=36331,MovieMike007,2025-05-21T10:38:01.450941Z
1k71xfp,reddit,One of my favorite movie scenes ever - Amadeus (1984) - Salieri realizes he will never be on Mozart's level of genius.,,2025-04-24T20:03:37Z,movies,movies,entertainment,Entertainment,[],0,3672,343,,0.97,https://www.youtube.com/watch?v=th_ro9CiASc,orthos,2025-05-21T10:38:03.660192Z
1kii0hs,reddit,What movie completely exceeded your expectations?,"Game Night (2018) is the first movie that comes to mind for me. Went into it expecting a typical comedy movie with a few laughs. Turns out it’s one of the most well written, thought provoking and genuinely funny comedies I’ve seen in a long time. 

What movies did you go into expecting something “meh” only to have your expectations exceeded? ",2025-05-09T13:05:37Z,movies,movies,entertainment,Entertainment,[],0,3546,1946,,0.93,https://www.reddit.com/r/movies/comments/1kii0hs/what_movie_completely_exceeded_your_expectations/,FilmWaffle-FilmForum,2025-05-21T10:38:07.170218Z
1khcrsb,reddit,"AMC Theatres Reports Quarterly Losses of $202.1 Million After Rough Box Office Start to 2025 Led by 'Mickey 17', 'Snow White', and 'Alto Knight' Bombs - Rebound Expected for the Summer",,2025-05-08T00:14:42Z,movies,movies,entertainment,Entertainment,[],0,3541,656,,0.95,https://variety.com/2025/film/news/amc-theatres-quarterly-loss-box-office-slump-1236390384/,BunyipPouch,2025-05-21T10:38:11.442640Z
1kr8glv,reddit,Zootopia 2 | Teaser Trailer,,2025-05-20T15:57:42Z,movies,movies,entertainment,Entertainment,[],0,4420,793,,0.91,https://www.youtube.com/watch?v=xo4rkcC7kFc,MarvelsGrantMan136,2025-05-21T10:38:16.585324Z
1kn97wv,reddit,Christopher Nolan’s ‘Odyssey’ Will Be the First Blockbuster Shot Entirely on Imax Cameras,,2025-05-15T14:12:14Z,movies,movies,entertainment,Entertainment,[],0,3494,549,,0.94,https://www.hollywoodreporter.com/movies/movie-news/nolan-odyssey-first-blockbuster-to-only-use-imax-cameras-1236217925/,ChiefLeef22,2025-05-21T10:38:20.648609Z
1k5wr5g,reddit,"Brad Pitt, Robert Downey jr and Keanu Reeves all unsuccesfully audition for the role in BACKDRAFT that went to William Baldwin.",,2025-04-23T11:27:00Z,movies,movies,entertainment,Entertainment,[],0,3393,316,,0.96,https://v.redd.it/o4ua9msykkwe1,Chai_Lijiye,2025-05-21T10:38:25.150534Z
1kh2stn,reddit,"Official Poster for Ridley Scott's Director's Cut of 'Kingdom of Heaven'; Re-Releasing in Theaters for One Night Only on May 14, 2025.",,2025-05-07T17:12:43Z,movies,movies,entertainment,Entertainment,[],0,3349,332,,0.95,https://i.redd.it/qalhlywx6eze1.jpeg,SanderSo47,2025-05-21T10:38:28.830603Z
1kd3nre,reddit,New Poster for Wes Anderson's 'The Phoenician Scheme',,2025-05-02T15:22:36Z,movies,movies,entertainment,Entertainment,[],0,3299,160,,0.95,https://i.redd.it/9sp7cb97zdye1.jpeg,MarvelsGrantMan136,2025-05-21T10:38:31.930731Z
1kkfu66,reddit,What's a movie scene that you've seen and knew immediately that it was clearly unnecessary and likely a kink belonging to the director?,"Here's my provision to this question: the scene where a teenage Leonardo Dicaprio masturbates on top of a roof in Basketball Diaries, out of absolutely nowhere. Also the scene where him and Mark Wahlberg are playing basketball with their butt cheeks hanging out. I get the idea of being a youth, going crazy, and it's a rated R movie for the drugs, but this scene did not advance the plot forward and can be skipped over and you'd miss nothing.",2025-05-12T00:44:22Z,movies,movies,entertainment,Entertainment,[],0,3163,1685,,0.86,https://www.reddit.com/r/movies/comments/1kkfu66/whats_a_movie_scene_that_youve_seen_and_knew/,ImaVeganShishKebab,2025-05-21T10:38:33.916739Z
1kl3wjh,reddit,AMC to Slash Movie Ticket Prices by 50% on Wednesdays,,2025-05-12T21:01:31Z,movies,movies,entertainment,Entertainment,[],0,3151,220,,0.97,https://www.bloomberg.com/news/articles/2025-05-12/amc-to-slash-movie-ticket-prices-by-50-on-wednesdays?accessToken=eyJhbGciOiJIUzI1NiIsInR5cCI6IkpXVCJ9.eyJzb3VyY2UiOiJTdWJzY3JpYmVyR2lmdGVkQXJ0aWNsZSIsImlhdCI6MTc0NzA4MzY1NiwiZXhwIjoxNzQ3Njg4NDU2LCJhcnRpY2xlSWQiOiJTVzVSWTRUMEFGQjQwMCIsImJjb25uZWN0SWQiOiI5Q0I3RDdERTk3MjU0NEIzOTQ1ODc4RDlCODdFMzVBOCJ9.MefOU-oNZOAwJSRCPuOwbhHKc6E-nb6R8rp0Lv6qUrA,fantasyfootballthrow,2025-05-21T10:38:38.132679Z
1kltzmu,reddit,Tom Cruise Says That All the Great Actors Should Know the Technical Elements of Filmmaking,,2025-05-13T18:48:33Z,movies,movies,entertainment,Entertainment,[],0,3105,481,,0.91,https://www.indiewire.com/news/general-news/tom-cruise-actor-advice-technical-elements-filmmaking-1235122768/,indiewire,2025-05-21T10:38:40.720988Z
1khvrxa,reddit,New Poster for the 'Wick is Pain' Documentary,,2025-05-08T17:23:51Z,movies,movies,entertainment,Entertainment,[],0,3051,145,,0.94,https://i.redd.it/4dx6d3t6elze1.jpeg,MarvelsGrantMan136,2025-05-21T10:38:45.072462Z
1kqfedb,reddit,New Poster for Dan Trachtenberg's 'Predator: Killer of Killers',,2025-05-19T16:01:36Z,movies,movies,entertainment,Entertainment,[],0,3054,270,,0.94,https://i.redd.it/0p9fdofnhr1f1.jpeg,MarvelsGrantMan136,2025-05-21T10:38:47.070176Z
1khye2d,reddit,"James Foley, Director of 'Glengarry Glen Ross' and 'Fifty Shades of Grey' Sequels, Dies at 71",,2025-05-08T19:08:05Z,movies,movies,entertainment,Entertainment,[],0,3022,154,,0.95,https://www.thewrap.com/james-foley-dies-obit-fifty-shades-of-grey-sequels-director/,AMA_requester,2025-05-21T10:38:49.756615Z
1k7rcno,reddit,‘Hunger Games: Sunrise On The Reaping’ Movie Taps Jesse Plemons To Play Plutarch Heavensbee In Lionsgate Adaptation,,2025-04-25T17:55:32Z,movies,movies,entertainment,Entertainment,[],0,3011,218,,0.93,https://deadline.com/2025/04/hunger-games-sunrise-on-the-reaping-jesse-plemons-1236377081/,cmaia1503,2025-05-21T10:38:58.250823Z
1k9joa4,reddit,"Adam Driver Praises Francis Ford Coppola For Not Letting The Money Dictate ‘Megalopolis’ At AFI Life Achievement Tribute - Filmmakers like Steven Spielberg, George Lucas, Spike Lee & more were also on hand to celebrate Coppola, as well as collaborators like Al Pacino, Robert De Niro, Elle Fanning",,2025-04-28T01:16:17Z,movies,movies,entertainment,Entertainment,[],0,2918,297,,0.91,https://deadline.com/2025/04/adam-driver-praises-francis-ford-coppola-megalopolis-afi-life-achievement-1236378278/,BunyipPouch,2025-05-21T10:39:02.527551Z
1km3xgn,reddit,Official Title For The 'Super Mario Bros.' Movie Sequel is Announced: 'Super Mario World',,2025-05-14T02:07:42Z,movies,movies,entertainment,Entertainment,[],0,2869,276,,0.95,https://nintendoeverything.com/super-mario-world-is-the-title-of-the-mario-movie-sequel/,BunyipPouch,2025-05-21T10:39:05.609010Z
1k8jbf9,reddit,‘Sinners’ Star Jack O’Connell Explains the Whole Irish-Vampire Thing; Talks Playing the Villain in ‘28 Years Later’,,2025-04-26T18:11:22Z,movies,movies,entertainment,Entertainment,[],0,2792,265,,0.94,https://www.gq.com/story/sinners-jack-oconnell-explains-the-whole-irish-vampire-thing,DamnThatsInsaneLol,2025-05-21T10:39:08.069951Z
1kotzlc,reddit,What movie character had a death scene that was so unnecessarily cruel and brutal?,"The first that comes to my mind is in Jurassic World where that one woman, Zara (I think that was her name). Is given a very long death scene where they went a little overboard and extra with it, that I was in complete shock where I thought to myself “wow, I know that they want to make this scene look terrifying and haunting, but to give that character such a cruel exit like that was so uncalled for.”

I might’ve felt different about it, if the character was very unlikable and unpleasant but she wasn’t. She actually seemed pretty cool, and really tried her best to make sure she was keeping the kids safe and watching over them while Claire was too busy to spend time with them. 

The worst part is, is that even after she dies, Claire never asks about her whereabouts or mentions ever again. ",2025-05-17T14:14:21Z,movies,movies,entertainment,Entertainment,[],0,2710,1671,,0.91,https://www.reddit.com/r/movies/comments/1kotzlc/what_movie_character_had_a_death_scene_that_was/,phantom_avenger,2025-05-21T10:39:10.817043Z
1k9saly,reddit,Monty Python and the Holy Grail at 50: a hilarious comic peak. The endlessly quoted 1975 comedy remains both a clear product of its era and a timelessly funny masterwork,,2025-04-28T10:31:58Z,movies,movies,entertainment,Entertainment,[],0,2634,234,,0.97,https://www.theguardian.com/film/2025/apr/28/monty-python-and-the-holy-grail-50th-anniversary,CampMain,2025-05-21T10:39:25.765886Z
1k7kl56,reddit,I rewatched all of Tom Cruise’s films from Endless Love (1981) to Mission: Impossible - Dead Reckoning (2023) and ranked the 295 running moments in his filmography.,"Earlier this year, in anticipation of the release of [*Mission: Impossible - The Final Reckoning*](https://youtu.be/fsQgc9pCyDU), I decided to rank all of Tom Cruise’s running scenes in the *M:I* franchise. I’d worked on several *M:*I data pieces for various companies and figured it would be easy to rank the 100ish running moments. When the list was completed - it felt incomplete, so I decided to rank all of the running scenes in his filmography. Starting with 1981’s *Endless Love*, and finishing with 2023's *Mission: Impossible - Dead Reckoning*. Cruise had gone to extreme lengths for his films, so I decided to honor his hard work by putting together this absurd list.

**Quick note** \- His X handle always makes me laugh

https://preview.redd.it/nipy05v8czwe1.png?width=762&format=png&auto=webp&s=98ad8d85fd8050287ab4770953933c0844f559f1

Here’s what you need to know about the list:

* I found and ranked 295 moments 
* I counted running, sprinting and jogging. The amount of time doesn’t matter either. In *Top Gun* there’s a one-second shot of [him running to hit a volleyball](https://youtu.be/okyLAKclleo). It was included. 
* A short blurb was included for list items 295 - 26
* Timestamps have been included for the top 25. Some of the timestamps may be a little off for you. It depends on where/how you watch the movies. For me, it was a mixture of DVDs, Blu-rays, Vudu and streaming channels. 
* I researched the top 10 scenes and wrote more about them (and included YouTube links)
* This list is obviously subjective, but after going through Cruise’s filmography for the fourth time since 2018, I am very happy with the top 10
* There is zero chance that our lists will match up, so don’t be surprised if the 295 moments don’t line up with your list. 
* For some of the scenes, I split them up into moments. I just went with the flow of the scene and if he stops for a moment or the scene cuts to someone else - I split up the running moment into parts. 
* If you’re interested in learning more about the top 10 and this list, I recorded a podcast episode about the  data collection and ranking process. It’s fun. You should listen to it. The podcast is called [*Movies, Films and Flix*](https://www.spreaker.com/episode/bonus-episode-the-tom-cruise-running-special--65723787) \- you can find it wherever you listen to podcasts. I also have a show called *Deep Blue Sea - The Podcast* that you should listen to as well.



**Here’s the list!**

295. Losin’ It - Quick moment featuring Cruise starting to run.

294. Losin’ It - He runs to get into a car.

293. Losin’ It - While being chased by some people he runs to the convertible (again).

292. Top Gun - He runs to hit a volleyball.

291. Mission: Impossible II - Cruise runs up some stairs. 

290. Top Gun - Quick run before going up some steps. 

289. Days of Thunder - Jogs through a parking garage to catch Nicole Kidman. 

288. The Firm - Stair running. 

287. Legend - Hell prison crouched jogging. 

286. The Mummy - Cruise runs to his horse. 

285. Mission: Impossible - Dead Reckoning - A little bit of running to a safe car.

284. The Firm - Super fast house running. 

283. Mission: Impossible - Jogs to a ladder. 

282. Taps - Runs to get to the front of other students (does it with ease).

281. Taps - Jogs to Timothy Hutton.

280. Knight and Day - Duck and run. 

279. All the Right Moves - He can’t catch the running back. 

278. Mission: Impossible III - Quick run through Vatican catacombs. 

277. Jack Reacher: Never Go Back - Mardi Gras running (I combined 5 quick running moments - one/two seconds each).

276. Mission: Impossible - Rogue Nation - Runs away from Ilsa when she’s shooting at him in the opera. 

275. Mission: Impossible III - Runs towards a car and steals it. 

274. Legend - Forest running. 

273. Mission: Impossible - Fallout - Runs through gunfire to get to Alec Baldwin. 

272. Risky Business - Front door running. 

271. Jerry Maguire - Panicked running to get back to the office after meeting with Jay Mohr. 

270. Cocktail - He jumps out of a car and runs to get on a bus. 

269. The Outsiders - Animated moment involving him running around the corner of a house. 

268. Oblivion - Runs and hides for cover behind a pillar. 

267. All the Right Moves - Mud running on a football field. 

266. Knight and Day - Sprints through a jungle. 

265. Legend - Hell prison running. 

264. Legend - More hell prison running.

263. Mission: Impossible - Ghost Protocol - Kremlin running. 

262. Legend - More hell prison running and crouching.

261. Mission: Impossible 2 - Sneaky running through a tunnel.

260. Rain Man - He runs across a street. It’s fine.

259. Jack Reacher: Never Go Back - Rain Jogging.

258. Mission: Impossible - Dead Reckoning - Flashback running.

257. Rain Man - He runs to help Raymond who is standing in the middle of a street.

256. Edge of Tomorrow - “We’ve been through worse.” Cage and Rita make a final fun at the aliens.

255. Legend - Snow running. 

254. Edge of Tomorrow - Running with a limp. 

253. Mission: Impossible III - Cruise helps Keri Russell.

252. Mission: Impossible III - More help running Russell. Cruise loves a spin move. 

251. Mission: Impossible III - MORE help running Russell. 

250. Legend - More snow running. 

249. Mission: Impossible - Fallout - He runs for cover whilst inside a tunnel. 

248. The Mummy - More running away from the Mummy.

247. The Mummy - Even more running from the Mummy.

246. Mission: Impossible - Ghost Protocol - Prison running.

245. The Mummy - He runs away from the mummy and some rats. 

244. Mission: Impossible III - Shrub running followed by hospital running. 

243. The Mummy - Runs away from zombies. 

242. The Mummy - More running away from zombies. 

241. Mission: Impossible - Dead Reckoning - Train running. 

240. Edge of Tomorrow - He manages to outrun an exploding helicopter. 

239. Knight and Day - Rescue running. 

238. Mission: Impossible III - Runs into a room and shoots a goon. 

237. All the Right Moves - Runs onto a football field. 

236. Taps - He leads a group of students to the front. 

235. Legend - Running away from little demons. 

234. Taps - Runs with a gun. 

233. Jack Reacher: Never Go Back - New Orleans running. 

232. The Firm - He runs into his office to answer a phone call.

231. Cocktail - Beach running! 

230. War of the Worlds - Runs behind a car door.

229. War of the Worlds - Crowd running. 

228. Minority Report - Runs down a platform (3 seconds) and puts on a shirt.

227. Oblivion - Med Kit running. 

226. War of the Worlds - Sprints out of the way of a crashing alien ship. 

225. The Mummy - Gallops away from Russell Crowe.

224. Mission: Impossible - Ghost Protocol - Sewer running. 

223. Mission: Impossible - Dead Reckoning - Quick train run followed by parachuting. 

222. The Mummy - He runs to grab a weapon.

221. The Color of Money - Cruises runs across a street to chat with Paul Newman. 

220. Minority Report - Runs around the precog platform. 

219. Mission: Impossible - Dead Reckoning - Runs to a fight in Venice. 

218. Risky Business - Jumps off his car and runs to the front door of a house. 

217. Born on the Fourth of July - Intense snow running during wrestling practice. 

216. Rain Man - He notices that Raymond is gone so he runs out of the phone booth. 

215. Days of Thunder - Runs to Nicole Kidman’s car. 

214. Jack Reacher: Never Go Back - He runs across a street and goes up some steps. 

213. War of the Worlds - Stair running followed by a bit of street running. He then runs into his backyard. 

212. Mission: Impossible - Dead Reckoning - Runs inside a shelter during a sandstorm. There’s a few more running moments during the gunfight.

211. All the Right Moves - He runs outside to smooch Leah Thompson. 

210. Edge of Tomorrow - He runs up to a bridge to see the aliens attacking. 

209. Edge of Tomorrow - Training Cruise. 

208. Legend - Runs through a closing hell gate.

207. Legend - Cruise runs to pick up a sword to battle Darkness.

206. All The Right Moves - He goes for the man and not the ball.

205. Far and Away - Snow running. 

204. Mission: Impossible III - “Get down!” Cruise runs from gunfire coming from an helicopter. 

203. Mission: Impossible - Dead Reckoning - Tight Venice alley running. 

202. War of the Worlds - Running through the woods while carrying Dakota Fanning. 

201. Mission: Impossible - Dead Reckoning - Crouched running to a car. 

200. War of the Worlds - Cruise gets his family on a ferry. Then, they run through the ferry. 

199. Mission: Impossible III - More “Get down, stay down” shenanigans. He does jump over a car - which is fun.

198. The Firm - Runs around his back yard.

197. Eyes Wide Shut - Run across a street and towards a cab. 

196. Jerry Maguire - Runs through the rain to get to make some copies of his manifesto. 

195. Mission: Impossible - Ghost Protocol - Runs into a building. 

194. Mission: Impossible - Ghost Protocol - Sand running. 

193. Far and Away - Runs with a mule and a gun. 

192. Mission: Impossible III - Bridge running capped off with a fun slide. 

191. American Made - Are we running? - Tom runs to grab his cash. 

190. Far and Away - Irish fog running.

189. War of the Worlds - Cruise runs and grabs Fanning.

188. Jack Reacher: Never Go Back - He makes a move through a couple closing doors and runs after a food truck. 

187. Oblivion - Sand running to help Julia. He also runs back to his ship. 

186. Oblivion - He lands his plane and runs to Julia. 

185. Rain Man - He runs through his house after the fire alarm goes off.

184. Cocktail - Running in white pants. Brave move.

183. Mission: Impossible - Dead Reckoning - More Venice running.

182. Cocktail - Cruise jets past a pair of bouncers. 

181. Interview With the Vampire - Creepy Cruise Running. 

180. Risky Business - He runs in his backyard with some lawn gear.

179. Top Gun: Maverick - Beach running while playing football.

178. The Mummy - He runs up stairs to get away from the mummy. Good form. 

177. Legend - Runs and jumps into a lake so he can get a ring. He doesn’t play. 

176. Far and Away - Jumps off a train and runs through a field. 

175. Jack Reacher - Quarry running. 

174. Jack Reacher - More quarry running. 

173. Endless Love - Plays Soccer, takes off shirt and sits down.

172. The Firm - Runs with books. I like prop running.

171. Mission: Impossible - Disguised as a firefighter jogging. 

170. Cocktail - Mice crane shot of him running through the snow. He has props too. 

169. Mission: Impossible - Rogue Nation - He runs away from the hideout, talks to Ilsa and runs down a hallway. 

168. War of the Worlds - Basement running. 

167. Mission: Impossible III - Puddle running followed by a run up to an abandoned factory.

166. War of the Worlds - “Stay together” Cruise chases after his kid. 

165. Jack Reacher - He runs up some steps and kicks a door in while holding a gun - Impressive. 

164. Mission: Impossible - Fallout - He runs across an elevator to get to a ladder.

163. Mission: Impossible 2 - He shoots two guys and runs to steal one of their motorcycles.

162. Jerry Maguire - Jerry runs to the field through a dark hallway - He’s booking it. 

161. War of the Worlds - Field running followed by a run into a basement. 

160. Minority Report - Jumps off a bed and grabs a guy. 

159. Collateral - Runs away from a crashed taxi.

158. Oblivion - Gets blown backwards after running to save a person. 

157. Risky Business - He leaves a cab, runs along the street and to an apartment. 

156. Edge of Tomorrow - Runs away from an alien to grab a gun. 

155. Far and Away - Irish hill running. 

154. The Last Samurai - He runs before a battle. Solid crouch running/jogging. 

153. Far and Away - Irish hill running. 

152. Mission: Impossible III - He runs from the MI crew and gets darted in a hospital parking lot. 

151. Mission: Impossible - Dead Reckoning - Cruise pulls a slick move on some Italian guys. 

150. Mission: Impossible III - Bridge running followed by a loooooonnnnggg jump. 

149. Mission: Impossible - Ghost Protocol - “Open the door!” - More prison running. 

148. War of the Worlds - They get out of the water and run on the shore and through some woods. Legit wet running. 

147. Knight and Day - Ducks and runs when Cameron Diaz starts shooting. 

146. Born on the Fourth of July - Rounds up a team before a battle. Things go bad. 

145. War of the Worlds - Rachel! Runs to protect his daughter. 

144. Legend - Swamp running to save a quest comrade. 

143. Mission: Impossible - Rogue Nation - He and Renner chase down Benji.

142. Knight and Day - Roof running. 

141. Mission: Impossible III - Runs and puts a walkie talkie near a radio. 

140. Mission: Impossible - Ghost Protocol - Suit running to catch villains. 

139. American Made - Cruise chases after a car and it explodes. 

138. Vanilla Sky - Runs down some stairs - Wobbly running. 

137. Edge of Tomorrow - He runs and bumps a guy out of the way of a crashing helicopter. It lands on Cruise. 

136. Vanilla Sky - Runs wobbly threw a lobby - Does a nice spin.

135. Minority Report - Creeps around a hallway while running while chasing eyeballs. 

134. Jack Reacher: Never Go Back - He runs on top of a roof and charges into a goon. 

133. Edge of Tomorrow - Cruise kicks some alien butt on the beach. 

132. Edge of Tomorrow - Cruise runs and knocks a car out of the way. 

131. Jack Reacher: Never Go Back - He runs towards a guy and pushes him off a roof (Tom goes with him - the goon dies - Tom lives). 

130. Mission: Impossible - Fallout - He sees a helicopter about to take off and runs towards it and grabs onto a rope.

129. Mission: Impossible - Ghost Protocol - Runs out of the Kremlin, collects his breath and leaves. 

128. Mission: Impossible - Dead Reckoning - Airport running. 

127. Mission: Impossible III - Shanghai side street running.

126. Mission: Impossible - Fallout - He runs to Luther to make sure he is okay.

125. Legend - He lands a sweet jump, runs to grab a weapon and battles a hell guard. There are several instances of running during this moment.

124. All the Right Moves - He has more left in the tank than most of the other football players

123. Minority Report - Runs away from operatives.

122. Mission: Impossible III - “I’m in the approach position.” Nice long shot of Cruise running. 

121. Mission: Impossible - Dead Reckoning - Airport running - ladder climbing - Running on top of the airport. Nice overhead shot.

120. Knight and Day - Roof running followed by a nice jump, slide, and another jump and finally a fall into a river. 

119. Far and Away - He hoofs it out of his apartment. 

118. Born on the Fourth of July - Cruise and a small group run into a village. Big scene. 

117. Edge of Tomorrow - Manages to get past the truck and he runs into Emily Blunt - and then runs out of the drop ship. 

116. All the Right Moves - Pass interference in the rain

115. Edge of Tomorrow - “We’ve been through worse.” Cage and Rita make their final run at the aliens.

114. Mission: Impossible - He runs around a corner and does some nice acting (and stopping) when a car explodes - He then runs down a flight of stairs.

113. Mission: Impossible - Fallout - Hunts gets chased by goons and runs into a cathedral.

112. Mission: Impossible - Dead Reckoning - Jumps off a club balcony and runs through the club.

111. Born on the Fourth of July - Rain running. It’s nice and awkward.

110. War of the Worlds - Street crack running.

109. Edge of Tomorrow - How about a little PT? Fun running scene. 

108. The Mummy - Cruise runs and jumps around the top of the building. Good running and crawling. 

107. The Last Samurai - Runs around during a nighttime battle and saves a life.

106. Mission: Impossible - Ghost Protocol - Runs to catch a train. Renner has good running form btw.

105. Knight and Day - Runs, jumps, runs, jumps, hangs. - Good stuff. 

104. Risky Business - I like the wide shot of him running into his school - You can see the running skill.

103. Edge of Tomorrow- Following a sweet roll he runs alongside a truck and is very pleased with what he pulled off.

102. Mission: Impossible - Fallout - He runs/walks/limps to fight Walker.

101. Mission: Impossible 2 - He runs and does a nice roll so he can sneak into a vent. 

100. War of the Worlds - He can’t outrun a giant alien machine.

99. Jack Reacher: Never Go Back - He and Colby run away from a dude. Colby got jacked for this movie. 

98. Knight and Day - Runs on the beach while explosions go off behind him.

97. Mission: Impossible II - He runs up to a goon and kicks him.

96. Oblivion - He runs and jumps over a gap (doesn’t make it).

95. The Last Samurai - He uses his explosiveness to save people during an ambush.

94. Jack Reacher: Never Go Back - He runs, climbs up a car, jumps onto a balcony and keeps running. Good work Tom. 

93. The Outsiders - He runs outside a house and does a flip off of a car- Athletic kid. 

92. Top Gun: Maverick - Treadmill running. 

91. Mission: Impossible III - Street sprinting to grab the Rabbit’s Foot. 

90. Oblivion - Running on a circular treadmill.

89. Top Gun: Maverick - Cruise runs away from a helicopter that is shooting at him. 

88. Mission: Impossible - Fallout - Hunt starts limping and then breaks out into a run and then he jumps over some shrubs. 

87. War of the Worlds - Leather jacket running. 

86. The Last Samurai - CHARGE! Dead man running.

85. Mission: Impossible - He does some solid slick cobbled road running. 

84. Mission: Impossible - He climbs a fence and sprints down an alley - the cops have zero chance of catching him. Nice crane shot - the scene ends with him running into a phone booth. 

83. Mission: Impossible - Ghost Protocol - Sand running. 

82. Mission: Impossible 2 - Rips off a mask whilst running. 

81. Edge of Tomorrow - Beach running followed by him getting hit by a truck - Love it.

80. Mission: Impossible - Ghost Protocol - Runs after villains to get the MacGuffin. 

79. Mission: Impossible III - Running moment heavily featured in the trailer in which an explosion knocks him into a car.

78. Oblivion - He runs and jumps and shoots - It’s fun.

77. The Mummy - He runs through a library while glass shatters around him.

76. The Mummy - They run through London avoiding sand. 

75. Mission: Impossible - He runs up some stairs and along a bridge to find Voight - He also runs towards Sara after a few beats. I included them together.

74. Vanilla Sky - Labored and odd running. Crane shot - Trippy running - REM - Slick streets.

73. Minority Report - Running through the streets while pre-crime ads play - Good expository run.

72. All the Right Moves - You are not god! Lots of running and acting. Good stuff. 

71. Cocktail - He uses his breakaway speed to sneak past a doorman and into an elevator.

70. Oblivion - He runs away from a fireball - Good jump. 

69. The Last Samurai - He tries to teach some kids how to play baseball - “You gotta get the ball!”

68. Mission: Impossible 2 - He runs, picks up Dougray and slams him.

67. Far and Away - While running he slips on something and almost wipes out.

66. Far and Away - He runs and tackles a guy who stole Nicole Kidman’s spoons. 

65. Collateral - Staircase running followed by lobby running.

64. Mission: Impossible - Ghost Protocol - Running/limping after a car.

63. Mission: Impossible III - I love a good running charge moment.

62. Mission: Impossible - Rogue Nation - Ethan and Ilsa run out of the opera (he grabs a rope). Then they run across the building (he takes off her shoes) and they use a rope to get out of the area.

61. Top Gun: Maverick - Cruise runs to an airplane hanger and says “Let’s start running.”

60. Mission: Impossible - Ghost Protocol - Runs away from the Kremlin explosion. 

59. Jack Reacher: Never Go Back - He and Colby run through an open park and she is outpacing him.

58. Minority Report - Great run and spin.

57. Jack Reacher - He grabs a rock, runs towards a guy and knocks him out. SPEED. 

56. Mission: Impossible - Dead Reckoning - As a train falls off a cliff, Cruise runs up it (Think *Furious 7*).

55. Mission: Impossible 2 - Runs in slow motion towards a helicopter and misses it. He then does a flip whilst running to shoot a goon.

54. Jack Reacher: Never Go Back - He and a couple people run away from thugs. I like the way it’s shot. Good parallel running between the groups.

53. Mission: Impossible 2 - Beach fight running. - several instances during the same scene. 

52. Mission: Impossible III - Skyscraper running.

51. Edge of Tomorrow - He can’t outrun a fiery death on a beach. 

50. Oblivion - He sprints to take the battery out of a drone.

49. Mission: Impossible - Rogue Nation - Hunt and Ilsa run around. 

48. The Color of Money -- He kicks a guy in the balls, makes himself big and runs out of a bar. It’s fun.

47. Oblivion - He runs up a sand dune and then he runs down the dune to meet his clone. Impressive sand running. 

46. Top Gun: Maverick - He runs a long distance through the woods in the freezing cold.I like the overhead shot. Good work.

45. Mission: Impossible - Rogue Nation - Hunt runs with a limp and stops to catch his breath. It’s nice. He does more limp running which is nice - He then explodes through some glass.

44. Taps - Running with a group of people and he looks like the best runner. Excellent posture. 

43. Mission: Impossible - Dead Reckoning - Venice running featuring Cruise jumping over a boat. Then, he’s given the wrong directions by the Entity.

42. Mission: Impossible - Rogue Nation - Hunt and Ilsa run and jump over a car. They are like a pair of raptors.

41. Mission: Impossible - Fallout - “I am terribly sorry.” He interrupts a funeral whilst being chased.

40. The Mummy - While running away from the mummy he hops a stone fence and leaves his lady friend behind.

39. Mission: Impossible - Dead Reckoning - He runs through kitchen grease and jumps into another train car.

38. Born on the Fourth of July - Slow motion beach running. It’s tense.

37. Mission: Impossible - Rogue Nation - He runs to jump kick on a henchmen and then lands on Ilsa.

36. Mission: Impossible 2 - Runs in slow motion (through some doves) and lands a sweet kick. - Fun Woo stuff.

35. Mission: Impossible - Dead Reckoning - Venice running to get to Ilsa.

34. War of the Worlds - Funny moment in which he’s enjoying the “Storm” but then lightning hits and he runs into his house.

33. Mission: Impossible III - Cruise literally runs up a wall.

32. Risky Business - He runs to catch his egg - It’s intense.

31. Oblivion - He runs up to his clone and punches him in the face - Good acceleration on sand.

30. Mission: Impossible III - He runs and jumps off a Shanghai building.

29. War of the Worlds - Dead cow jumping. 

28. All the Right Moves - Snags an interception and runs through two players to score a touchdown.

27. Mission: Impossible - Rogue Nation - He runs and jumps onto the wing of a plane.

26. The Firm - Chases after Abbey - This is the first time we ever get to see Tom’s super running form. 

  


**Top 25!**



25. *Collateral* \- Subway running followed by a beautiful jump - Dude is pissed. - 01:46:10

24. *The Mummy* \- “Slip in, slip out. Just like we always do.” Then it cuts to them being shot at whilst running away. - 00:10:15

23. *Mission: Impossible - Fallout* \- Keep going straight? - He runs into an office building and smashes a window. 01:34:53

22. *Mission: Impossible - Fallout* \- Why is he running in a circle? Great overhead shot of cruise sprinting up stairs, losing the goons, and running around the upper floors of the cathedral. - 01:32:59

21. *Mission: Impossible - Fallout* \- Roof running and two amazing jumps. - 01:33:48

20. *Mission: Impossible - Fallout* \- During the bathroom fight Hunt runs at a guy and slams him through a wall. Great stuff. I love how he really doesn’t want to do it. - 00:32:38

19. *Minority Repor*t - Runs up to the house and has to stop a potential murder. - 00:15:28:00

18. *Mission: Impossible - Ghost Protocol* \- Runs away from the Burj Khalifa - Looks awesome. Brad Bird shoots it from every angle. I love how the camera looks up at him.

17. *Mission: Impossible - Fallout* \- “Ethan he’s getting away from you, you’re going to have to go faster! - Cruise absolutely books it during a roof run that ends with the jump that broke his foot. Epic. - 01:34:20

16. *Jerry Maguire* \- Airport running. - 02:06:05

15. *Mission: Impossible II* \- He runs in slow motion so he can jump out of a building - Wonderful - 01:25:58 - He also runs while holding two guns (and shooting them at the same time). Awesome hair work

14. *Risky Business* \- He takes a drunk guy out of a train and runs back into it. - 01:20:45 

13. *Days of Thunder* \- He races Robert Duvall - It’s a good time. 01:42:54

12. *War of the Worlds* \- Cruise runs away from the aliens. Amazing scene. - The aliens are silly for thinking they can blow Cruise up. Dude has ash all over his face. - 00:26:29

11. *Collateral* \- Runs out of a hospital and across an overpass. When he starts running I don’t think he'll ever look faster on screen. - 00:52:25

  


**10.** ***Edge of Tomorrow*** \- “Arrest this man.” - In an all-timer Cruise moment, he tries to escape arrest and It ends badly - 00:07:58 - [YouTube Clip](https://youtu.be/EO4Mt9DDV-Q) 

Moments before Brendan Gleeson’s character yells “Arrest this man,” Tom Cruise delivers an all-timer Cruise moment in which this dialogue is delivered:

“I just inspired millions of people to join your army. And when the body bags come home and they’re looking for someone to blame, how hard do you think it would be for me to convince people to blame you? I’d imagine the general would prefer to avoid that.”

Cruise enters Gleeson’s office with total confidence and he quickly becomes a slimy rat whose escape attempt ends quickly. It’s perfect and it makes his heroic transformation more interesting. Director Doug Liman did a great job weaponizing Cruise’s charm in this scene, and It’s fun watching a guy who can’t escape an office building becoming a world-saving soldier.



**9.** ***The Firm*** \- The final chase scene. He runs, jumps, goes up steps and this is when we get to see his true breakaway speed AND he’s holding a briefcase. 02:12:23 - [YouTube Clip](https://www.youtube.com/watch?v=D0vCzkK_AJ0&pp=ygUUVGhlIGZpcm0gY2hhc2Ugc2NlbmU%3D) 

*The Firm* is Cruise’s first film to fully showcase his soon-to-be-famous running form (elbows and knees). We get a glimpse of it at the 68-minute mark when he’s chasing down Jeannie Tripplehorn. But, it’s not until the climactic chase that we see his breakaway speed for several minutes as he’s running away from Tobin “Jigsaw” Bell. 



**8.** ***Far and Away*** \- In a neat transition,  Cruise starts running so fast that the next shot is of an explosion. Talk about explosive running.  01:40:13 - [YouTube Clip](https://youtu.be/NajSnF9AspA) 

I love how Ron Howard cuts from a sprinting Tom Cruise to an explosion. It’s silly and it always puts a smile on my face. I also love that the movie ends with the Land Run of 1893. 



**7.** ***Mission: Impossible - Rogue Nation*** \- Cruise wipes out while trying to jump over a car. It is very funny and the MI score helps make it better - 01:12:58 - [YouTube Clip](https://youtu.be/WK8X6m_wEbg) 

“This is *Mission: Impossible*, I can’t just cross a street and get in a car.” - McQuarrie talking about a conversation he had with Cruise on the *Rogue Nation* commentary. 

When putting together the top 10 I always knew that this three-second moment would be included. It’s a silly moment punctuated by cheeky musical accompaniment and it proves that Cruise doesn’t take himself seriously. It’s made even better by the knowledge that Cruise came up with this bit on the day and he surprised the crew with his ill-fated car jump. Also, the ensuing dialogue (What are you talking about?) is delightful. At this point in his career, Cruise was on a hot streak and it’s fun knowing that he was still totally down to make himself look like a dork.  



**6.** ***Mission: Impossible - Fallout*** \- Iconic run across the building punctuated by a beautiful tracking shot - Dude looks amazing and he almost catches Cavill - 01:36:25 - [YouTube Clip](https://youtu.be/Sjn3ELLcy2U)

“I loved doing this, but it hurt.” - Tom Cruise - *Fallout* Blu-ray commentary. 

Watching Cruise run across The Blackfriars Railway bridge is an all-timer Cruise moment for multiple reasons. 

* It looks great and is a perfect trailer moment
* “I’m jumping out of a window.” - Great line - I love the reaction he gets from the people in the office. They 
* Tom was still recovering from the ankle break he suffered during a jump gone awry
* Director Christopher McQuarrie said - “He was going for it.”
* The score rules
* It’s a bit gratuitous but the running makes sense in regards to the story.



**5**. ***Mission: Impossible*** \- Cruise runs from an exploding restaurant and does his first “I look awesome while running in an action film” work. - 31:59 - Lots of fish die….. [YouTube Clip](https://www.youtube.com/watch?v=s8HHeT4Eo6A&pp=ygUiTWlzc2lvbiBpbXBvc3NpYmxlIGZpc2ggcmVzdGF1cmFudNIHCQl-CQGHKiGM7w%3D%3D)

That one was particularly very crazy - Talking about the scene on The Graham Norton Show

Tom Cruise was already a big star in 1996, but this moment made him a gigantic “action movie” star. He had been in *Top Gun* (sitting in a plane), *Legend* (lots of rolling and crouch running), Days of Thunder (*more sitting*), Far and Away (*boxing*), and *The Outsiders* (fisticuffs), but *Mission: Impossible* saw him entering a new phase of his career. This moment was everywhere in 1996 and it’s one of the most iconic images of the *Mission: Impossible* franchise. It gets added points because the stunt looks legitimately dangerous and features some solid arm work from Tom. 



**4.** ***Risky Business*** \- A cigarette-smoking Cruise (wearing sunglasses at night) runs up to some teenagers while the song “Mannish Boy” plays on the soundtrack This is the moment when Cruise became Tom Cruise - 01:07:26 - [YouTube Clip](https://youtu.be/adZvM19Qnb0) (starts at 53 seconds)

Wearing a suit coat, black shirt, black sunglasses and puffing on a cigarette, Cruise is strutting down the street and runs up to a group of classmates. The moment lasts only seven seconds,  but it’s a turning point for Cruise. Also, the song selection is perfect. 



**3.** ***Vanilla Sky*** \- Cruise runs through an empty Times Square - 00:03:37 - [YouTube Clip](https://youtu.be/-kNdNC-2wPU)

The groundwork for the Times Square running in *Vanilla Sky* was set up in the 1996 film *Jerry Maguire*. In the Cameron Crowe-directed movie, Cruise dramatically runs through an airport -  and it looks great. Years later, while filming *Vanilla Sky*, Crowe and Cruise pulled some strings with the city of New York and were able to close down Times Square for three hours on a Sunday morning in November. The idea was that Cruise’s character hates being alone, and he dreams that he’s alone in one of the busiest places in the world. It’s total vanity, but I love that Cruise has a running scene in an empty Times Square. 



**2.** ***Collateral*** \- He throws a chair through a glass window, then WIPES out on the chair and just keeps running. It’s his most aggressive running ever. - 01:44:50 -[ YouTube Clip (starts at 2:37)](https://youtu.be/_pTzb4rl5Y8)

*Collatera*l not only features the best sitting performance of Tom Cruise’s career, it also features his most aggressive running. Tom’s character Vincent is a straight-up killer and it’s fun watching Cruise as he fully commits to being a coyote who chases down his prey with lightning-fast footwork. There’s a moment towards the end when Vincent is chasing down Max and Annie (Jada Pinkett Smith - running in heels), and he takes a chair to smash a window so he can run through it. However, Cruise mistimed/misjudged the chair’s trajectory and he WIPED out on the chair and fell to the ground. The neat thing is that he springs up immediately and keeps running. It’s a perfect showcase for Cruise’s tenacity and toughness and I love that the unplanned moment made its way into the film - and so does Mann who felt like it added to the realism of *Collateral*. It’s a seconds-long moment, but I love that nothing can stop Cruise from running. 



**1.** ***Mission: Impossible III*** \- Cruise runs across some rooftops and then he SPRINTS through a Shanghai fishing village - 01:44:10 - [YouTube Clip](https://www.youtube.com/watch?v=UOqV-jDl0h8&pp=ygUhbWlzc2lvbiBpbXBvc3NpYmxlIDMgc2hhbmdoYWkgcnVu0gcJCX4JAYcqIYzv)

In 2006, Cruise had been running in movies for 20+ years and had some memorable sprints in *War of the Worlds, The Firm, Minority Report, Collatera*l, and *Far and Away*. However, his sprinting in *M:I 3* (which took 6-7 takes to get perfect) made people sit up and realize they were witnessing cinematic running history. It’s the fastest Cruise has ever looked, and the spidercam rig that was built for the scene works perfectly as it tracks alongside Cruise as he damn near goes plaid on the Shanghai sidewalks. During the Blu-ray commentary, director J.J. Abrams says “I loved watching you run” to Cruise, and I totally agree. It’s apex Tom Cruise running.

  
**Make sure to check out my other** [**Reddit data posts**](https://www.reddit.com/user/LundgrensFrontKick/) **if you like this one! Also, if you're bored, I've covered many films on The Movies, Films and Flix podcast (it's available wherever you listen to podcasts). Also, make sure to listen to Deep Blue Sea - The Podcast**

",2025-04-25T13:11:58Z,movies,movies,entertainment,Entertainment,[],0,2576,179,,0.94,https://www.reddit.com/r/movies/comments/1k7kl56/i_rewatched_all_of_tom_cruises_films_from_endless/,LundgrensFrontKick,2025-05-21T10:39:29.078202Z
1k62x3f,reddit,Official Poster for Dan Trachtenberg's 'Predator: Badlands',,2025-04-23T16:04:12Z,movies,movies,entertainment,Entertainment,[],0,2559,166,,0.95,https://i.redd.it/jofk4eyeylwe1.jpeg,MarvelsGrantMan136,2025-05-21T10:39:31.523431Z
1klgvg0,reddit,Killers of the Flower Moon actor Samuel French has died aged 45,,2025-05-13T08:35:06Z,movies,movies,entertainment,Entertainment,[],0,2502,118,,0.94,https://www.themirror.com/entertainment/celebrity-news/killers-flower-moons-samuel-french-1147117,TheMirrorUS,2025-05-21T10:39:33.764121Z
1khsquu,reddit,Beep Beep: ‘Coyote Vs. Acme’ Heads To The Cannes Market With Kinology Aboard For International Sales — Hot Project,,2025-05-08T15:20:28Z,movies,movies,entertainment,Entertainment,[],0,2494,149,,0.97,https://deadline.com/2025/05/coyote-vs-acme-cannes-market-sale-warner-bros-1236389900/,KillerCroc1234567,2025-05-21T10:39:35.639953Z
1kk39jf,reddit,"New Image of Matt Smith & Austin Butler in Darren Aronofsky’s ‘Caught Stealing’ - Follows Hank Thompson, a former baseball player, as he's unwittingly plunged into a wild fight for survival in the downtown criminal underworld of '90s NYC.",,2025-05-11T15:11:56Z,movies,movies,entertainment,Entertainment,[],0,2428,189,,0.93,https://i.redd.it/8uj8u6ii560f1.jpeg,MarvelsGrantMan136,2025-05-21T10:39:40.319091Z
1kbp1vb,reddit,"Official Poster for ‘Wick is Pain’, a Documentary Charting the Rise of the ‘John Wick’ Franchise",,2025-04-30T19:26:12Z,movies,movies,entertainment,Entertainment,[],0,2408,190,,0.91,https://i.redd.it/slw37bluw0ye1.jpeg,MarvelsGrantMan136,2025-05-21T10:39:42.927882Z
1knbx6b,reddit,"Official Poster for 'The Roses', Starring Benedict Cumberbatch and Olivia Colman",,2025-05-15T16:02:24Z,movies,movies,entertainment,Entertainment,[],0,2362,317,,0.93,https://i.redd.it/pl4a6nn3yy0f1.jpeg,SanderSo47,2025-05-21T10:39:45.719899Z
1ka7uii,reddit,Warner Bros releases 2 hours of promo footage for “Weapons” on a unlisted YouTube video,"New line posted this on IG along with the official account for the movie. Haven’t gotten time to watch but seems very creepy based of what I seen from trimming through. Zach Cregger is a great director so I’m very excited for this movie 

That mystery is going to propel you through at least half of the movie, but that is not the movie,"" the filmmaker divulges. ""The movie will fork and change and reinvent and go in new places. It doesn't abandon that question, believe me, but that's not the whole movie at all. By the midpoint, we've moved on to way crazier s--- than that.""- actual quote from zach ",2025-04-28T21:59:14Z,movies,movies,entertainment,Entertainment,[],0,2355,354,,0.94,https://youtu.be/SlFuKPjc1E0,Revolutionary-Ear870,2025-05-21T10:39:48.713585Z
1kqm1t6,reddit,Natasha Lyonne Visits the Criterion Closet,,2025-05-19T20:20:02Z,movies,movies,entertainment,Entertainment,[],0,2382,331,,0.89,https://www.youtube.com/watch?v=sNUAkiIoTFk&list=PL7D89754A5DAD1E8E&index=1&ab_channel=CRITERION,BunyipPouch,2025-05-21T10:39:51.812919Z
1kg57rk,reddit,"First Image of George Clooney in Noah Baumbach's 'Jay Kelly' - Two middle-aged friends (Clooney and Adam Sandler) rediscover their youthful spirit during a chaotic weekend reunion, facing hilarious mishaps and heartfelt moments that force them to finally grow up.",,2025-05-06T14:00:39Z,movies,movies,entertainment,Entertainment,[],0,2354,245,,0.9,https://i.redd.it/k29hgxe846ze1.jpeg,MarvelsGrantMan136,2025-05-21T10:39:54.759417Z
1kgdmoo,reddit,Special 'Sinners' Screening Set for Mississippi Movie Location (Clarksdale) That Has No Theater; Town Mayor Says Warner Bros. is Planning to Bring in the Cast for the Screening,,2025-05-06T19:40:14Z,movies,movies,entertainment,Entertainment,[],0,2344,54,,0.95,https://www.fox13memphis.com/news/clarksdale-planning-special-screening-of-sinners-with-possible-appearance-by-cast-mayor-says/article_d38b3a7b-b874-45e5-9db6-590227e0b688.html,MarvelsGrantMan136,2025-05-21T10:39:57.334290Z
1kmdfav,reddit,Official Poster for ‘Wicked: For Good’,,2025-05-14T12:04:44Z,movies,movies,entertainment,Entertainment,[],0,2345,405,,0.82,https://i.redd.it/6nd2jumumq0f1.jpeg,MarvelsGrantMan136,2025-05-21T10:40:00.604274Z
1k5ke3y,reddit,"In a controversial decision, the Brazilian Academy of Cinema announced that ""I'm Still Here"" will be ineligible in all categories at the 2025 Prêmio Grande Otelo (the Brazilian Oscars) because it is superior to the other candidates. Instead, the film will win only a special award.",,2025-04-22T23:08:44Z,movies,movies,entertainment,Entertainment,[],0,2328,144,,0.96,https://veja.abril.com.br/coluna/em-cartaz/a-decisao-lastimavel-do-oscar-brasileiro-ao-excluir-ainda-estou-aqui/,verissimoallan,2025-05-21T10:40:03.746270Z
1kdr8rj,reddit,"Watched a movie called The Man From Earth, now I want to find similar movies to binge","The Man From Earth is a thriller about a college professor who suddenly decides to move and several of his colleagues come to his house to say goodbye and after a couple drinks and a lot of pestering he decides to tell them that he’s from the Paleolithic era, of course they don’t believe him but decide to humor him and listen to his story, asking questions and trying to debunk him. The entire movie looks like they rented a cabin at a national park and filmed there. It was a very good movie and I would love to find more hidden gems like it",2025-05-03T11:56:20Z,movies,movies,entertainment,Entertainment,[],0,2321,565,,0.94,https://www.reddit.com/r/movies/comments/1kdr8rj/watched_a_movie_called_the_man_from_earth_now_i/,BeginningLychee6490,2025-05-21T10:40:05.986457Z
1khsaxt,reddit,Natalie Portman To Play Pioneering DNA Scientist Rosalind Franklin In ‘Photograph 51’ For Director Tom Hooper & FilmNation,,2025-05-08T15:02:29Z,movies,movies,entertainment,Entertainment,[],0,2313,99,,0.93,https://deadline.com/2025/05/natalie-portman-rosalind-franklin-photograph-51-tom-hooper-1236388301/,NoCulture3505,2025-05-21T10:40:11.184865Z
1kpd12t,reddit,Reflecting on Bo Burnham's Inside,"I remember that night very well actually. I was playing video games with my friends, but decided to relax before bed and threw on Netflix at around 1am, May 30th 2021. That's when I saw Bo Burnhams ""Inside"" on the front title screen, ready to  go. I thought, perfect, I loved Bo and I can't wait to zone out and hit the hay. 

Holy fuck was I not prepared for that Covid Special. I was sitting straight up and at attention the whole time like a pre-teen watching their first porno. I couldn't take my eyes off the screen if I wanted to. It was exactly the movie/special I needed to see a year into the pandemic. The emotion, progression, and cinematography were unreal. I went to work the next day and couldn't help myself from talking to every person about the show. They had to see it. 

And now almost 4 years layer to the day, this special takes me back to a time where the whole world was scared out of their mind. An entire younger generation was stuck in time because they couldn't develop socially. 

All I know is, if someone in the far and distant future asks me how the 2020 pandemic was to me, I'll send them a link to Inside by Bo Burnham. ",2025-05-18T05:57:08Z,movies,movies,entertainment,Entertainment,[],0,2311,275,,0.89,https://www.reddit.com/r/movies/comments/1kpd12t/reflecting_on_bo_burnhams_inside/,Educational_Carry_98,2025-05-21T10:40:13.061493Z
1kihw8x,reddit,How Once Upon a Time in Hollywood Discovered a New Generation of Stars,,2025-05-09T13:00:22Z,movies,movies,entertainment,Entertainment,[],0,2227,265,,0.89,https://www.vulture.com/article/how-quentin-tarantino-discovered-a-new-generation-of-stars.html,ToxtethOGrady,2025-05-21T10:40:15.890599Z
1kfb18m,reddit,Official Poster for Spike Lee's 'Highest 2 Lowest' Starring Denzel Washington,,2025-05-05T13:01:04Z,movies,movies,entertainment,Entertainment,[],0,2208,291,,0.91,https://i.redd.it/9asi3dvooyye1.jpeg,MarvelsGrantMan136,2025-05-21T10:40:20.457645Z
1kfzw63,reddit,What is the greatest female villain performance of all time?,"When the question of “what is the greatest villain performance of all time” comes up, people tend to list the same actors. I very rarely see any female villain performances mentioned. 

First one that comes to mind is Allison Williams in Get Out. She played a sadistic, manipulative villain to an absolute T. ",2025-05-06T09:04:23Z,movies,movies,entertainment,Entertainment,[],0,2195,1472,,0.92,https://www.reddit.com/r/movies/comments/1kfzw63/what_is_the_greatest_female_villain_performance/,FilmWaffle-FilmForum,2025-05-21T10:40:24.646345Z
1kjd910,reddit,"First Image of Harry Melling & Alexander Skarsgård in A24's 'PILLION' - A timid man is swept off his feet when an enigmatic, impossibly handsome biker takes him on as his submissive",,2025-05-10T15:44:18Z,movies,movies,entertainment,Entertainment,[],0,2192,233,,0.86,https://i.redd.it/0r7703ca6zze1.jpeg,mayukhdas1999,2025-05-21T10:40:28.885735Z
1kelwmu,reddit,"First Image of Maika Monroe ('It Follows') in Crime-Thriller 'In Cold Light' - Ava attempts to go straight after prison, but after witnessing her twin brother's murder, she is forced to run for her life. - Also Starring Troy Kotsur & Helen Hunt",,2025-05-04T15:03:34Z,movies,movies,entertainment,Entertainment,[],0,2191,105,,0.92,https://i.redd.it/y8syj6q65sye1.png,BunyipPouch,2025-05-21T10:40:30.974277Z
1khwp3e,reddit,‘The Bear’s Liza Colón-Zayas Joins ‘Spider-Man: Brand New Day’,,2025-05-08T18:00:25Z,movies,movies,entertainment,Entertainment,[],0,2187,256,,0.94,https://deadline.com/2025/05/spider-man-brand-new-day-casts-liza-colon-zayas-1236389841/,MarvelsGrantMan136,2025-05-21T10:40:32.659728Z
1klm37e,reddit,Why are night scenes very dark like almost invisible nowadays?,I was watching Mission impossible 1 and the night scenes are very easily visible. Like you know its dark but also you can see clearly. Most of the time they used blue light to represent night scenes. Also aesthetically it looks better than modern dark scenes. Gives kind of a beautiful look. So why did most movies stop doing that? Also same for TV shows.,2025-05-13T13:34:50Z,movies,movies,entertainment,Entertainment,[],0,2181,409,,0.94,https://www.reddit.com/r/movies/comments/1klm37e/why_are_night_scenes_very_dark_like_almost/,rustyyryan,2025-05-21T10:40:34.853450Z
1klo5ht,reddit,Nobody 2 | Official Trailer,,2025-05-13T15:00:43Z,movies,movies,entertainment,Entertainment,[],0,2176,292,,0.94,https://www.youtube.com/watch?v=-5X2pt95cIo,MarvelsGrantMan136,2025-05-21T10:40:38.609875Z
1kkxtau,reddit,New image of Bob Odenkirk in 'Nobody 2',,2025-05-12T17:03:30Z,movies,movies,entertainment,Entertainment,[],0,2163,156,,0.94,https://i.redd.it/g6b2yiabud0f1.jpeg,DemiFiendRSA,2025-05-21T10:40:41.594293Z
1kcgoqv,reddit,Norm Macdonald’s ‘Dirty Work’ Gets Even Dirtier Almost 30 Years After Its Release,,2025-05-01T19:00:34Z,movies,movies,entertainment,Entertainment,[],0,2153,238,,0.96,https://www.indiewire.com/features/interviews/norm-macdonald-dirty-work-4k-uhd-bluray-1235117340/,indiewire,2025-05-21T10:40:43.460697Z
1kd3da5,reddit,Official Poster for 'The Unholy Trinity' - Starring Pierce Brosnan and Samuel L. Jackson,,2025-05-02T15:10:45Z,movies,movies,entertainment,Entertainment,[],0,2089,238,,0.95,https://i.redd.it/o36thw01xdye1.jpeg,JonasKahnwald11,2025-05-21T10:40:47.088143Z
1kgzhpr,reddit,The Long Walk | Official Trailer,,2025-05-07T15:00:24Z,movies,movies,entertainment,Entertainment,[],0,2089,779,,0.94,https://www.youtube.com/watch?v=vAtUHeMQ1F8,MarvelsGrantMan136,2025-05-21T10:40:49.312691Z
1ko7by3,reddit,Ralph Fiennes to Play President Snow in ‘Hunger Games: Sunrise on the Reaping’,,2025-05-16T17:55:57Z,movies,movies,entertainment,Entertainment,[],0,2061,143,,0.95,https://www.hollywoodreporter.com/movies/movie-news/hunger-games-sunrise-on-the-reaping-ralph-fiennes-snow-1236219336/,MarvelsGrantMan136,2025-05-21T10:40:53.367445Z
1kg4z33,reddit,Anthony Bourdain A24 Biopic 'Tony' Is Casting For Real Chefs,,2025-05-06T13:50:11Z,movies,movies,entertainment,Entertainment,[],0,2054,212,,0.91,https://www.indiewire.com/news/general-news/anthony-bourdain-a24-biopic-tony-casting-real-chefs-1235120815/,indiewire,2025-05-21T10:40:55.841205Z
1kjhj3d,reddit,‘Supergirl: Woman of Tomorrow’ Wraps Filming,,2025-05-10T18:56:18Z,movies,movies,entertainment,Entertainment,[],0,2033,300,,0.88,https://www.cbr.com/james-gunn-milly-alcock-supergirl-movie-major-production-update/,MarvelsGrantMan136,2025-05-21T10:40:58.017471Z
1kcpug8,reddit,Official Discussion - Thunderbolts* [SPOILERS],"#Poll

**If you've seen the film, please rate it [at this poll](https://strawpoll.ai/poll/vote/IPulGdRzLriY)**

**If you haven't seen the film but would like to see the result of the poll [click here](https://strawpoll.ai/poll/results/IPulGdRzLriY)**

#Rankings

[Click here](https://strawpoll.ai/list/ItnAgr4mX7QR) to see the rankings of 2025 films

[Click here](https://youpoll.me/list/4/) to see the rankings for every poll done 


---

**Summary**  
*Thunderbolts\** is a Marvel Studios ensemble film following a team of reformed villains and morally gray operatives sent on covert government missions. As the group is tasked with a dangerous black-ops assignment, tensions rise among the unstable team members, revealing conflicting loyalties and buried traumas. The film serves as a continuation of storylines from *Black Widow*, *The Falcon and the Winter Soldier*, and *Ant-Man and the Wasp: Quantumania*, with a darker tone and grounded action set pieces.

**Director**  
Jake Schreier

**Writer**  
Eric Pearson

**Cast**  
- Florence Pugh as Yelena Belova  
- Sebastian Stan as Bucky Barnes / Winter Soldier  
- Wyatt Russell as John Walker / U.S. Agent  
- David Harbour as Alexei Shostakov / Red Guardian  
- Hannah John-Kamen as Ava Starr / Ghost  
- Olga Kurylenko as Antonia Dreykov / Taskmaster  
- Julia Louis-Dreyfus as Valentina Allegra de Fontaine  


**Rotten Tomatoes**: [89%](https://www.rottentomatoes.com/m/thunderbolts)  
**Metacritic**: [68](https://www.metacritic.com/movie/thunderbolts)

**VOD**  
Theaters

**[Trailer](https://www.youtube.com/watch?v=thunderbolts)**

---",2025-05-02T02:02:28Z,movies,movies,entertainment,Entertainment,[],0,2027,4148,,0.91,https://www.reddit.com/r/movies/comments/1kcpug8/official_discussion_thunderbolts_spoilers/,LiteraryBoner,2025-05-21T10:41:01.164806Z
1kpll09,reddit,"Ten Years After 'Kung Fury' Rocked Cannes, Director David Sandberg Unwraps 'Heartbreaking' Legal Chaos That Left Feature-Length Sequel in Limbo",,2025-05-18T14:43:13Z,movies,movies,entertainment,Entertainment,[],0,2009,72,,0.96,https://variety.com/2025/film/global/kung-fury-director-legal-drama-feature-1236401774/,MarvelsGrantMan136,2025-05-21T10:41:06.524147Z
1k9durl,reddit,Rosamund Pike Visits the Criterion Closet,,2025-04-27T20:37:25Z,movies,movies,entertainment,Entertainment,[],0,1983,314,,0.89,https://www.youtube.com/watch?v=fiuHyOtavek,BunyipPouch,2025-05-21T10:41:07.775979Z
1k5izao,reddit,"Andy Serkis ‘Animal Farm’ Animated Film Casts Seth Rogen, Glenn Close, Woody Harrelson and More in Voice Roles",,2025-04-22T22:05:18Z,movies,movies,entertainment,Entertainment,[],0,1983,175,,0.95,https://variety.com/2025/film/news/andy-serkis-animal-farm-animated-film-seth-rogen-glenn-close-woody-harrelson-1236375419/,NoCulture3505,2025-05-21T10:41:11.271251Z
1kc9fxl,reddit,‘A Different Man’ Star Adam Pearson to Play Joseph Merrick in ‘The Elephant Man’ Film Adaptation,,2025-05-01T14:00:29Z,movies,movies,entertainment,Entertainment,[],0,1967,109,,0.94,https://variety.com/2025/film/news/adam-pearson-new-elephant-man-adaptation-1236381859/,MarvelsGrantMan136,2025-05-21T10:41:13.486327Z
1k9uysn,reddit,Official Poster for Benny Safdie's 'The Smashing Machine' Starring Dwayne Johnson,,2025-04-28T13:00:54Z,movies,movies,entertainment,Entertainment,[],0,1932,522,,0.84,https://i.redd.it/ak57eio9qkxe1.jpeg,MarvelsGrantMan136,2025-05-21T10:41:15.346066Z
1k4py8m,reddit,Michael Bay And Sydney Sweeney Team On Adaptation Of Popular Video Game ‘Outrun’ At Universal,,2025-04-21T22:00:23Z,movies,movies,entertainment,Entertainment,[],0,1897,664,,0.87,https://deadline.com/2025/04/sydney-sweeney-michael-bay-outrun-video-game-universal-1236373036/,MarvelsGrantMan136,2025-05-21T10:41:19.293648Z
1kiw48d,reddit,"Rosanna Norton, Oscar-nominated Costume Designer (TRON, Carrie, Airplane, The 'Burbs) has died at age 80",,2025-05-09T23:13:50Z,movies,movies,entertainment,Entertainment,[],0,1871,28,,0.96,https://variety.com/2025/film/news/rosanna-norton-dead-carrie-1236392602/,Amaruq93,2025-05-21T10:41:23.396938Z
1kff7vp,reddit,TOGETHER - Official Trailer - In Theaters July 30,,2025-05-05T15:59:17Z,movies,movies,entertainment,Entertainment,[],0,1845,138,,0.9,https://www.youtube.com/watch?v=v4Xu-jxRG5c,MarvelsGrantMan136,2025-05-21T10:41:24.512967Z
1k64fnp,reddit,"Fake (AI) Trailers are becoming a problem, in my opinion","Around Christmas time my mother was visiting my family and just casually we started talking upcoming movies. She then proceeded to get excited about the ""new"" twilight movie with all the original cast. She showed this trailer to my wife and myself and it was blatantly fake so we informed her. 
With that context in mind of both my wife and me being able to spot it, my wife today sent me a trailer for ""The Conjuring: Last Rites"" and she was convinced it was real. There are tell tell signs like clips from previous movies, completely unrelated movies such as ""The Woman in the Yard"" and most egregiously, shots of the cast, alone, just kinda motionless or the camera panning slowly. 

My main issue is the people posting these having no indication it's fake, or a concept trailer or anything, just very misleading. 

I don't necessarily have a problem with their existence, creative liberty and all that, and with AI it give people a chance to easily put ideas out there, however, is preface that fake trailers, regardless of intention, should give the watcher the knowledge, easily accessible, to know it is indeed not real.

Am I alone on this?",2025-04-23T17:05:13Z,movies,movies,entertainment,Entertainment,[],0,1820,299,,0.91,https://www.reddit.com/r/movies/comments/1k64fnp/fake_ai_trailers_are_becoming_a_problem_in_my/,ASadBurrito,2025-05-21T10:41:26.349608Z
1kgelot,reddit,"Eminem's ""Lose Yourself"" (sung in a mashup of 331 movies)",,2025-05-06T20:19:14Z,movies,movies,entertainment,Entertainment,[],0,1819,78,,0.89,https://www.youtube.com/watch?v=xYtaBfwpg_k,Amaruq93,2025-05-21T10:41:29.545934Z
1k4kwxu,reddit,Ernie Hudson Taking Over Carl Weathers’ Voice Role Of Combat Carl In ‘Toy Story 5’,,2025-04-21T18:34:52Z,movies,movies,entertainment,Entertainment,[],0,1811,101,,0.96,https://deadline.com/2025/04/toy-story-5-ernie-hudson-carl-weathers-role-combat-carl-1236373034/,MarvelsGrantMan136,2025-05-21T10:41:31.149564Z
1kisqmu,reddit,Kung Fury 2 LEAKED Sizzle Real,[ Removed by Reddit in response to a copyright notice. ],2025-05-09T20:40:30Z,movies,movies,entertainment,Entertainment,[],0,1809,247,,0.94,https://www.reddit.com/r/movies/comments/1kisqmu/kung_fury_2_leaked_sizzle_real/,PrincessRuri,2025-05-21T10:41:33.870466Z
1k8kptn,reddit,"What movie did you think people would talk about forever, but fell off?","Now there's those movies that just seem to be timeless that no matter how old they get, they always seem to come up in topics of discussion or get referenced or come up in to top Ten lists. Good examples of this are Back to the future, wizard of oz, and even a movie like office space. But what's a movie that you thought was gonna get talked about for a long time, but now nobody seems to talk about it at all. 

For me it's gotta be Sin City, when I first saw that at the theater  I thought it was not even just a movie, that it was an experience. I thought it was just gonna be a movie that people talked about for ages. But I can't remember the last time I  heard Anyone talk about Sin City. And in fact, it's not even a movie I would wanna go back to, maybe it was just too mid 2000s.",2025-04-26T19:12:47Z,movies,movies,entertainment,Entertainment,[],0,1814,1225,,0.94,https://www.reddit.com/r/movies/comments/1k8kptn/what_movie_did_you_think_people_would_talk_about/,Ghostmoderator,2025-05-21T10:41:36.410871Z
1klpdd7,reddit,Lines that completely pulled you out of the movie,"The sort of lines that completely ruin your suspension of disbelief. The one that I always think of is from Peter Jackson’s King Kong. After landing on the island and discovering the dinosaurs, the film crew start shooting. The camera man tells the actor to get into shot with the dinosaurs because otherwise the audience will think they’re fake, to which the actor breathlessly replies “nobody’s going to think *these* are fake.” Well I *didn’t* until you said that! Now I’m intensely aware that they’re fake, and that this is a movie, and whatever deaths or danger I see from now on are all just pretend. It would be like Aragorn asking one of the hobbits “are you really shorter than I am or are you just far away?”",2025-05-13T15:49:01Z,movies,movies,entertainment,Entertainment,[],0,1809,1755,,0.9,https://www.reddit.com/r/movies/comments/1klpdd7/lines_that_completely_pulled_you_out_of_the_movie/,StillStanding_96,2025-05-21T10:41:40.924527Z
1kb0rp8,reddit,I finally saw the Conan The Barbarian movies and they were nothing like I expected,"I recently bought Mortal Kombat 1 on sale with all the DLC and was trying to figure out who to play.

I decided to go in reverse order on the character select menu which made me choose Conan first. I knew very little about the movies or character other than Arnold plays him

So after playing Conan I really started enjoying him and decided I needed to see where he came from.

My expectations were that Conan The Barbarian and Destroyer were just dumb 80s action movies and there would be a lot of violence and bravado without much substance.

Boy was I wrong. Instead I found its an Epic Dark Fantasy movie with awesome music, tons of camp, and a great performance by the late James Earl Jones.

Both movies reminded me of a DnD campaign. I did not expect the movies to be so nerdy in the fantasy element. I was expecting Expendables level of dumb but instead I got Lord of the Rings movie before Lord of the Rings.

I liked how the movies did little to explain things or even hype up certain moments. There's a part in Conan 1 where Conan gets crucified. Any other movie would have a super hyped up, dark and depression lead up to him getting tortured, etc.

In the actual movie, James Earl Jones says ""crucify him"" and it immediately just jumps to Conan on a tree with 0 build up.

Similarly Conan somehow sneaks into the enemy stronghold at the end with absolutely no fighting any guards and gets all the way to Thulsa Doom to kill him with 0 explanation. 

It doesn't feel the need to baby the audience and I like that.

Conan 2 felt more like a standard fantasy adventure until the end. I did not expect the final battle to be against a giant fish monster god.

My wife and I ended up really enjoying the movies and I can tell why they are cult classics. 

I really enjoyed all the side Characters. Valeria was badass. Subotai was a total bro helping Conan after just meeting him. Malak made a good comedy relief while being super helpful in key moments. Zulu was a badass and had some awesome goofy facial expressions throughout.

I'm glad I decided to finally watch these cult classics. Is the 2010 reboot with Jason Mamoa any good?",2025-04-29T22:22:16Z,movies,movies,entertainment,Entertainment,[],0,1806,528,,0.96,https://www.reddit.com/r/movies/comments/1kb0rp8/i_finally_saw_the_conan_the_barbarian_movies_and/,Xano74,2025-05-21T10:41:45.534459Z
1kcqo26,reddit,I finally watched Schindler's List after putting it off for years... where does all the pain go?,"I hope it's ok to post this here, I'm not trying to be inflammatory, as I don't really discuss the actual plot of the movie or the actors.

 I finally watched Schindler's List, and I just need to get this off my chest and have no one else to talk to about how I feel. 

I tend to stay away from movies that depict historical violence. I can sit through documentaries and educational content that contains NSFL footage and testimonies, I guess I can chalk it up to me just being sensitive and easily triggered.

The movie itself was an absolute masterpiece. That being said, I went through all three hours completely unphased. I didn't cry when I saw children being killed en mass. I didn't gasp when I saw the piles of dead bodies. At no point did I look away because the horror was too much to bear.

I'm numb and desensitized. Not just because of what's happening in Gaza, The Congo, Sudan... but because I've seen how the current barbarity is a mere drop in the bucket compared to the collective atrocities we as a species inflicted on ourselves for centuries. Year after year; decade after decade; millennia after millennia. The weaponization of fear fuels hate and violence to serve the greed and desires of people with power over others. To me, it's everything everywhere all at once... if that makes any sense 

I will say that although I was unphased during the movie, I couldn't sleep a wink afterwards. My mind couldn't rest thinking of all the parallels between the holocaust, the history of indigenous people who were colonized or annihilated, state sanctioned violence against it's own citizens, and the reality of the daily unfathomable torment that people are experiencing today. 

I think part of what kept me up is the understanding that this unbridled horror is avoidable, but the people with the power to orchestrate these atrocities have decided it's in their best interest to have the masses believe there is/was no way to prevent the carnage.

My ultimate takeaway from the film is that:

""Those who can see beyond the shadows and lies of their culture will never be understood, let alone believed, by the masses.""
-Plato 

One day, when the truth comes to light, everyone will be against (insert whatever mass-manufactured atrocity here). 

By then, it will have been too late to save ourselves from the consequences of our collective inaction.

I cannot begin to conceptualize the physical and psychological pain that the dead victims who lived through the previous and present tortuous times experienced, not even to speak of the survivors. Where does all of their pain go?",2025-05-02T02:46:27Z,movies,movies,entertainment,Entertainment,[],0,1790,537,,0.8,https://www.reddit.com/r/movies/comments/1kcqo26/i_finally_watched_schindlers_list_after_putting/,essenceofnutmeg,2025-05-21T10:41:49.205036Z
1kjzndd,reddit,What are some of the “worst” movie twists you’ve seen?,"Everyone always talks about the best movie twists but I’m curious, what twists fell completely flat in your opinion? 

First one that comes to mind is Vanilla Sky. The movie is pretty messy all around but the big reveal didn’t hit anywhere near as hard as intended in my opinion. It’s a shame because the potential was there.",2025-05-11T12:15:05Z,movies,movies,entertainment,Entertainment,[],0,1778,2680,,0.9,https://www.reddit.com/r/movies/comments/1kjzndd/what_are_some_of_the_worst_movie_twists_youve_seen/,FilmWaffle-FilmForum,2025-05-21T10:41:53.403126Z
1kr8exb,reddit,Elle Fanning to Play Effie in ‘Hunger Games: Sunrise on the Reaping’,,2025-05-20T15:55:51Z,movies,movies,entertainment,Entertainment,[],0,2382,156,,0.92,https://www.hollywoodreporter.com/movies/movie-news/hunger-games-sunrise-on-the-reaping-elle-fanning-effie-2-1236222458/,cmaia1503,2025-05-21T10:41:58.036828Z
1kjc29x,reddit,Christopher Nolan’s ‘Dunkirk’ Tops Poll of UK’s Favourite World War II Films,,2025-05-10T14:50:42Z,movies,movies,entertainment,Entertainment,[],0,1777,251,,0.93,https://www.theguardian.com/film/2025/may/10/christopher-nolans-dunkirk-tops-poll-of-uks-favourite-second-world-war-films,DamnThatsInsaneLol,2025-05-21T10:42:00.301831Z
1karhhy,reddit,'Thunderbolts*' - Review Thread,"Director: Jake Schreier

Cast: Florence Pugh, David Harbour, Sebastian Stan, Wyatt Russell, Hannah John-Kamen, Lewis Pullman, Julia Louis-Dreyfus

*Ensnared in a death trap, an unconventional team of antiheroes -- Yelena Belova, Bucky Barnes, Red Guardian, Ghost, Taskmaster and John Walker -- embarks on a dangerous mission that forces them to confront the darkest corners of their pasts.*

Rotten Tomatoes: [89%](https://www.rottentomatoes.com/m/thunderbolts)

Metacritic: [69/100](https://www.metacritic.com/movie/thunderbolts/)

Some Reviews:

[IndieWire - David Ehrlich](https://www.indiewire.com/criticism/movies/thunderbolts-review-marvel-movie-1235119020/) \-  B-

>It’s a force strong enough to bond a group of enemies into the world’s greatest team of superheroes, and to malform decent people into indiscriminate murderers. It’s a force strong enough to cohere a string of spandex-clad blockbusters into one of the defining cultural phenomena of the 21st century, and — just maybe — a force strong enough to save that series of blockbusters from collapsing under its own weight in the face of certain Doom. Time will tell. The good news for the MCU is that “Thunderbolts\*” buys them some more of it, and at a much-needed discount.

[Variety - Peter Debruge](https://variety.com/2025/film/reviews/thunderbolts-review-marvel-the-new-avengers-1236381303/)

>However frivolous it may sound, Schreier’s scrappy ensemble effort is anything but a one-off (and considering its almost $200 million budget, not so scrappy either). It may star six characters you either forgot about or couldn’t name if your life depended on it, but going forward, you’ll be expected to know who they are and could be quizzed on events that happen in “Thunderbolts” at any time — starting with the asterisk that appears after the title, and the explanation which rewards opening-weekend audiences with spoiling for everyone who catches up with it late.

[Empire - John Nugent](https://www.empireonline.com/movies/reviews/thunderbolts/) \- 3/5

>It doesn’t always land, but it dares to be different, from the title to the team-up. Fresh and thoughtful in a way recent Marvel efforts haven’t always managed.

[IGN - Clint Gage](https://www.ign.com/articles/thunderbolts-review-marvel-sebastian-stan-florence-pugh-david-harbour?utm_source=threads,twitter) \- 7/10

>Thunderbolts\* is the most solid the sacred timeline has felt in a little while, providing an adventure befitting its overlooked title characters. While it very capably dabbles in a darker tone – touching on the mental health of heroes and villains alike – the filmmakers struggle to balance that dabbling with a snappy, comedic energy. While the movie as a whole left me feeling like it was a downer on the balance, it’s at least the good kind of downer, filled with characters I’m looking forward to seeing again.

[SlashFilm - BJ Colangelo](https://www.slashfilm.com/1846662/marvel-thunderbolts-movie-review/) \- 7/10

>""Thunderbolts\*"" is exactly the type of movie the MCU needs right now, but after a losing streak of less-than-stellar performances, I fear that audiences won't turn out for the second-string players, which will only send the message to the powers at be to go back to the boring, safe, well of familiarity. But I hope I'm wrong. I hope that ""Thunderbolts\*"" overperforms at the box office and helps usher in a new era of Marvel movies that allows actors to act, stakes to be raised by putting characters in tangible environments instead of CGI hellscapes, characters that force us to flex our empathy muscles, and Florence Pugh leading the way.

[Collider - Ross Bonaime](https://collider.com/thunderbolts-review-mcu/) \- 8/10

>*Thunderbolts\** might not be the mightiest hero that the MCU needs, but **it feels like this cinematic universe is taking a step forward in an already convoluted world.** This isn’t necessarily a huge sea change, but it shows that even this deep in, Marvel can tell smarter, more emotional stories without forsaking fun, action, and big explosions. It’s the sort of level that more superhero films should be at, and shows exciting promise for where these movies could go (especially with *Fantastic Four* coming in just a few months). And even though the film does at times feel like it's setting up for future projects, it never feels burdened by this, but rather, like we're seeing the natural progression of where these characters' stories should lead. *Thunderbolts\** is a pleasant surprise in the MCU; it only took a team-up of Marvel’s unlikeliest superheroes to bring it out in them.

[DEADLINE - Pete Hammond](https://deadline.com/2025/04/thunderbolts-review-marvels-fun-supporting-avengers-1236379893/)

>Director Jack Schreier who was imported from the Netflix limited series *Beef,* is more interested in the “human” elements here than a lot of fancy CGI trickery Marvel has been so fond of in the past, and so there is much to uncover as this group of anti-heroes, not seeing themselves as “heroes” at all, deal with issues of trust, betrayal, and just who they really are. It is a smart and amusing script by Eric Pearson and Joanna Calo an origin story inspired of course by the 1997 comic but quite different and one that could go to intriguing places in future installments and the already announced new editions of the Avengers franchise.

[Independent (UK) - Clarisse Loughrey](https://www.the-independent.com/arts-entertainment/films/reviews/thunderbolts-review-marvel-florence-pugh-b2740716.html) \- 4/5

>*Thunderbolts\** does feel different to what’s come before, not because of those indie credentials, but because it’s the first of its kind to seem genuinely self-aware. We’re repeatedly told that, now the Avengers are gone, the world is lacking in heroes and it’s becoming increasingly clear the old systems don’t work anymore. These are statements that apply equally to Marvel’s frustrated inability to build a new roster post-*Endgame*, since they refuse to stick by anything that isn’t a box office smash (RIP the Eternals), and to the general, hopeless state of our world. *Thunderbolts\**, in that odd way, might actually then be the ultimate Marvel film for now.

[TIMES (UK) - Kevin Maher](https://www.thetimes.com/culture/film/article/thunderbolts-review-marvel-florence-pugh-c9rldc6f7) \- 4/5

>In the end the most radical element of this revamped Marvel entry is its suggestion that the problems of the world can’t be solved by a super-powered punch to the face, but by a heartfelt group hug. Sappy and saccharine, perhaps.",2025-04-29T15:59:14Z,movies,movies,entertainment,Entertainment,[],0,1723,999,,0.92,https://www.reddit.com/r/movies/comments/1karhhy/thunderbolts_review_thread/,ChiefLeef22,2025-05-21T10:42:02.759936Z
1kpl7wi,reddit,"Lynne Ramsay Wanted Jennifer Lawrence and Robert Pattinson to Attack Each Other Like Tigers on First Day of ‘Die My Love,' Asking if They Could Do It Naked",,2025-05-18T14:26:40Z,movies,movies,entertainment,Entertainment,[],0,1705,171,,0.91,https://www.indiewire.com/news/festivals/jennifer-lawrence-lynne-ramsay-die-my-love-cannes-1235124343/,indiewire,2025-05-21T10:42:07.567888Z
1k5v1dt,reddit,Gladiator 2,I'm sorry I'm probably majorly late to the party but i needed to say. This movie is a giant pile of shit. How is it rated 6.5 on imdb. So many moments made no sense or were just lame why did no one stop him riding past 5000 soldiers. Denzel was good as a puppet master  I will give the movie that. But sharks and monkey fights it's like my 6 year old wrote this. I know this isn't the place for this sort of rant but I need to vent. ,2025-04-23T09:37:48Z,movies,movies,entertainment,Entertainment,[],0,1670,579,,0.83,https://www.reddit.com/r/movies/comments/1k5v1dt/gladiator_2/,alapacayabags,2025-05-21T10:42:09.353101Z
1kisj66,reddit,Kevin Smith's Dogma to screen at this year's Cannes,,2025-05-09T20:31:42Z,movies,movies,entertainment,Entertainment,[],0,1660,76,,0.94,https://consequence.net/2025/05/dogma-cannes-2025-kevin-smith/,Edm_vanhalen1981,2025-05-21T10:42:13.440244Z
1kg71aa,reddit,Amazon Lands Worldwide Rights To Jason Statham Sequel 'Beekeeper 2',,2025-05-06T15:15:42Z,movies,movies,entertainment,Entertainment,[],0,1634,303,,0.9,https://deadline.com/2025/05/amazon-deal-jason-statham-sequel-beekeeper-2-50-million-1236386762/,NoCulture3505,2025-05-21T10:42:14.998536Z
1kp2vrv,reddit,What 'big' movies of the last decade flopped but are actually pretty awesome in hind sight?,"I'm looking for blockbuster type movies that have big production values but failed in the BO

Like The Mummy (2017) or Annihilation (2018) for example (I haven't seen them but I could see myself enjoying them if they aren't just total garbage)

Looking for similar movies that I could watch for a fun 'big' movie experience at home. 

",2025-05-17T20:46:09Z,movies,movies,entertainment,Entertainment,[],0,1627,1406,,0.86,https://www.reddit.com/r/movies/comments/1kp2vrv/what_big_movies_of_the_last_decade_flopped_but/,lardparty,2025-05-21T10:42:18.337905Z
1kf1tav,reddit,Are films becoming too literal and heavy-handed these days?,"I read an interesting piece in The New Yorker by Namwali Serpell, where she points out a growing trend in movies toward excessive literalism, leaving little room for audiences to interpret meaning on their own. Films now seem to patronize viewers by relying on overly explicit metaphors and heavy-handed commentary. For instance, The Substance shows Demi Moore literally giving birth to her younger self through her back. She points out The Brutalist for visualizing its metaphors too explicitly: immigrants' lives being depicted as literally turned upside down and showing the American Dream as something that, ""literally fucks you."" Did anyone else read it and just curious about thoughts about whether they feel that movies are spelling out symbolism instead of trusting the audience's intelligence.",2025-05-05T03:14:00Z,movies,movies,entertainment,Entertainment,[],0,1616,433,,0.82,https://www.reddit.com/r/movies/comments/1kf1tav/are_films_becoming_too_literal_and_heavyhanded/,today_okay,2025-05-21T10:42:22.742318Z
1koxd2i,reddit,Ari Aster’s ‘Eddington’ Sharply Divides Cannes: Star Pedro Pascal Defends a Western About Our Worst Fears Amid Lockdown,,2025-05-17T16:43:23Z,movies,movies,entertainment,Entertainment,[],0,1604,266,,0.94,https://www.indiewire.com/news/festivals/eddington-divides-cannes-pedro-pascal-ari-aster-1235124238/,indiewire,2025-05-21T10:42:26.476163Z
1knasrf,reddit,Re-Releasing Older Films Reminds Us Why the Movies Are Worth Saving,,2025-05-15T15:17:13Z,movies,movies,entertainment,Entertainment,[],0,1602,125,,0.96,https://consequence.net/2025/05/movie-re-releases-revivals-why-they-matter/,ebradio,2025-05-21T10:42:29.600738Z
1koz1m1,reddit,"First Image of Samara Weaving and Jason Segel in Jorma Taccone’s ‘Over Your Dead Body’ - Follows a dysfunctional couple who head to a remote cabin to supposedly reconnect, but each has secret plans to kill the other.",,2025-05-17T17:57:48Z,movies,movies,entertainment,Entertainment,[],0,1608,99,,0.96,https://i.redd.it/v2lfikqksd1f1.jpeg,MarvelsGrantMan136,2025-05-21T10:42:32.051459Z
1kgx3zc,reddit,"Jurassic Park (1993), just realized a detail about the freezer.","Been watching this movie all my life, and it only just clicked why the freezer was wide open for Tim to trap the velociraptor inside. Earlier in the movie, Hammond and Sattler are exchanging dialogue about his folly and hubris that laid the groundwork for the situation they're in. While they're talking, he's got multiple ice cream containers that he's eating, saying that they were melting with the power out. I only recently connected the two and realized that with the power out and his stress of his grandkids in danger, he just didn't bother to close the freezer door.",2025-05-07T13:17:02Z,movies,movies,entertainment,Entertainment,[],0,1593,224,,0.93,https://www.reddit.com/r/movies/comments/1kgx3zc/jurassic_park_1993_just_realized_a_detail_about/,Urahara611845,2025-05-21T10:42:33.885279Z
1kdra5d,reddit,Who remembers the 2008 film 'Jumper' with Hayden Christensen and Samuel L. Jackson?,Hayden plays a guy who can teleport to any location he wants around the world while Samuel is an agent who hunts people like him. I used to rewatch the DVD of it so much back in the day and found it to be such a fun and entertaining flick! Surprised no sequel was ever made as looking up the box office it was made on a $85 million budget and grossed over $225 million worldwide so that's decent right? There was a PS2 game adaptation made of it which I never played. I think you only played as the other Jumper character i.e. actor Jaime Bell. ,2025-05-03T11:58:41Z,movies,movies,entertainment,Entertainment,[],0,1585,200,,0.9,https://www.reddit.com/r/movies/comments/1kdra5d/who_remembers_the_2008_film_jumper_with_hayden/,Knightson11,2025-05-21T10:42:36.387523Z
1k8m01y,reddit,What’s the most visually stunning movie you’ve ever seen?,"There are some movies that are just pure eye candy no matter when you watch them. Whether it’s the cinematography, the colors, the special effects, or just the way everything looks on screen, some films leave a lasting impression visually. What’s the most visually stunning movie you’ve ever seen, and what scenes or moments really stood out to you?
",2025-04-26T20:10:55Z,movies,movies,entertainment,Entertainment,[],0,1579,2284,,0.94,https://www.reddit.com/r/movies/comments/1k8m01y/whats_the_most_visually_stunning_movie_youve_ever/,N/A,2025-05-21T10:42:38.772271Z
1k4dndi,reddit,"'Sinners' Packs in Lots of Irish Music, Ryan Coogler Explains",,2025-04-21T13:33:52Z,movies,movies,entertainment,Entertainment,[],0,1584,241,,0.92,https://www.indiewire.com/features/interviews/sinners-irish-music-ryan-coogler-explains-1235115635/,indiewire,2025-05-21T10:42:42.678548Z
1koelow,reddit,The 13th Warrior is fricking awesome,"Not much else to say. Antonio Banderas repeating to himself “it’s a man…” while he is mowing down savages dressed as bears alongside a bunch of Vikings while a village burns is just top tier action filmmaking. They just don’t make movies like they used to. I couldn’t name a single other actor in this flick but the whole cast is just draining 3’s from the logo. Not much of a surprise though. Saying McTiernan is good at directing a monster movie in the jungle/woods is like saying Spielberg is good directing kids or Tom Brady is good playing football. The dude is in his element. 

“Lo there do I see my mother and my sisters and my brothers. Lo there do I see the line of my people back to the beginning. Lo they do call to me. They bid me take my place among them in the halls of Valhalla, where the brave may live forever.”




",2025-05-16T23:09:58Z,movies,movies,entertainment,Entertainment,[],0,1574,291,,0.94,https://www.reddit.com/r/movies/comments/1koelow/the_13th_warrior_is_fricking_awesome/,Brain_Prosthesis,2025-05-21T10:42:45.833894Z
1k99vkb,reddit,New Poster for ‘Final Destination Bloodlines’,,2025-04-27T17:47:55Z,movies,movies,entertainment,Entertainment,[],0,1573,127,,0.9,https://i.redd.it/38zqujwk0fxe1.jpeg,MarvelsGrantMan136,2025-05-21T10:42:49.386526Z
1k4gzgb,reddit,Weapons | Teaser,,2025-04-21T16:02:06Z,movies,movies,entertainment,Entertainment,[],0,1571,323,,0.95,https://youtu.be/I3qtHlROEuc?si=hSPBLHxI-YZnUw3J,cruelsummerbummer,2025-05-21T10:42:51.492125Z
1kiuqqh,reddit,What’s something that seems totally normal in movies but would be absolutely insane in real life?,"I’ve been thinking about how movies get away with showing things that we just accept as normal on screen, but if they happened in real life, people would either call the police, question your sanity, or it would just be physically impossible.

For example — movie hackers can break into government systems or highly secured databases in under 10 seconds, typing furiously on a keyboard covered in green code with zero explanation. In real life, you’d be lucky if your WiFi connected that fast.

What are some other examples you’ve noticed? I’m sure there’s a ton of ridiculous stuff we don’t even question anymore in movies.",2025-05-09T22:08:52Z,movies,movies,entertainment,Entertainment,[],0,1553,1615,,0.93,https://www.reddit.com/r/movies/comments/1kiuqqh/whats_something_that_seems_totally_normal_in/,Dragon_kawai,2025-05-21T10:42:54.455356Z
1k8cjse,reddit,"Ryan Coogler channeled the things that terrify him into his new movie, “Sinners,” by David Sims",,2025-04-26T13:07:56Z,movies,movies,entertainment,Entertainment,[],0,1533,167,,0.91,https://www.theatlantic.com/culture/archive/2025/04/sinners-movie-ryan-coogler-interview/682556/?utm_source=reddit&utm_medium=social&utm_campaign=the-atlantic&utm_content=edit-promo,theatlantic,2025-05-21T10:42:59.010134Z
1kgvn1b,reddit,"Official 40th Anniversary Poster for Akira Kurosawa's 'Ran', Returning to Theaters June 27",,2025-05-07T12:04:18Z,movies,movies,entertainment,Entertainment,[],0,1524,39,,0.97,https://i.redd.it/spzdwql5ocze1.jpeg,MarvelsGrantMan136,2025-05-21T10:43:01.419068Z
1kbdcbt,reddit,What's a single shot that tells a whole story?,"[George Miller (of Mad Max) once said that one of his favorite shots is from The Godfather](https://youtu.be/raX0pJDKOEc?si=QE54J_DhMnynvrMN&t=363), when Michael is in Italy and takes a girl out on a date. Michael and the girl walk past the camera bashfully flirting, followed by a group of female relatives chaperoning and chatting amongst themselves, and then followed by two guys with shotguns. You can see the whole story of Michael's time in Italy in a single moment.

It's a great shot, and funnily enough I can totally see the resemblance to some shots in Fury Road -- where the camera kinda lingers and lets different characters and groups fall in and out of frame, in a way that tells an effective mini-story.

What are some of your favorite shots that tell their own stories?",2025-04-30T10:42:30Z,movies,movies,entertainment,Entertainment,[],0,1516,325,,0.94,https://www.reddit.com/r/movies/comments/1kbdcbt/whats_a_single_shot_that_tells_a_whole_story/,InspectorMendel,2025-05-21T10:43:02.843553Z
1kay4l0,reddit,What is the greatest one single word line in movie history and why?,"Answers must be one single word line that makes not only a scene but a whole movie. Think Ceaser's, ""NO!"" from Planet of the Apes, ""Rosebud"" in Citizen Kane.

It's not just the word, it's the emotion, the effect on not just the characters but the audience too!

Repeated singular words don't count, like ""Toga! Toga! Toga!"" from National Lampoon's Animal House.",2025-04-29T20:31:20Z,movies,movies,entertainment,Entertainment,[],0,1498,1737,,0.87,https://www.reddit.com/r/movies/comments/1kay4l0/what_is_the_greatest_one_single_word_line_in/,RayoftheRaver,2025-05-21T10:43:06.158952Z
1kobana,reddit,Elizabeth Debicki to Join David Fincher's ‘The Continuing Adventures of Cliff Booth’ Starring Brad Pitt,,2025-05-16T20:42:08Z,movies,movies,entertainment,Entertainment,[],0,1492,223,,0.94,https://www.whats-on-netflix.com/news/elizabeth-debicki-the-continuing-adventures-of-cliff-booth/,DamnThatsInsaneLol,2025-05-21T10:43:10.021442Z
1ke23ja,reddit,"New Poster for neonoir 'A DESERT' - A once-successful photographer, now past his prime, embarks on a road trip across the American Southwest to rekindle his career. Instead, he stumbles into a dark and chaotic underworld, dragging his wife and a dubious private detective into a nightmarish situation",,2025-05-03T20:16:27Z,movies,movies,entertainment,Entertainment,[],0,1476,53,,0.94,https://i.redd.it/zo1cmlojkmye1.jpeg,mayukhdas1999,2025-05-21T10:43:12.765978Z
1kgeibd,reddit,Official Poster for Francis Lawrence's 'The Long Walk',,2025-05-06T20:15:34Z,movies,movies,entertainment,Entertainment,[],0,1469,177,,0.92,https://i.redd.it/7v8jaoxyy7ze1.jpeg,MarvelsGrantMan136,2025-05-21T10:43:13.974870Z
1kao9n5,reddit,Why ‘Margin Call’ remains Wall Street’s favorite movie — and the best indictment of it,,2025-04-29T13:43:22Z,movies,movies,entertainment,Entertainment,[],0,1449,253,,0.95,https://www.semafor.com/article/04/28/2025/jc-chandor-on-writing-margin-call-and-jeremy-irons?utm_campaign=semaforreddit,semafornews,2025-05-21T10:43:16.139172Z
1k5rf13,reddit,Truman show ending,"Anyone else notice that in the final scene, when Truman is about to exit through the door in the sky, Christof desperately tries to keep him in the show by saying There's no more truth out there than in the world I created for you?

On my first watch as a kid, I thought this was just a desperate plea. But rewatching as an adult, I realized Christof was actually telling the truth from his perspective. The real world Truman was escaping to in 1998 was already filled with reality TV, manufactured personas, and the early stages of our current parasocial nightmare.

Truman wasn't escaping artifice for reality - he was just trading one stage for a bigger, more complex one where he'd have the illusion of control.

This adds such a haunting layer to that final bow and ""In case I don't see ya - good afternoon, good evening, and good night."" It's not just a goodbye to his fictional world, but almost a greeting to ours.
",2025-04-23T05:20:32Z,movies,movies,entertainment,Entertainment,[],0,1446,186,,0.88,https://www.reddit.com/r/movies/comments/1k5rf13/truman_show_ending/,Polyglotpen,2025-05-21T10:43:19.289200Z
1kewtab,reddit,Chloë Sevigny Pitched Herself to Luca Guadagnino to Play Jean (Patrick Bateman’s Secretary) Again in New ‘American Psycho’ Film,,2025-05-04T22:54:35Z,movies,movies,entertainment,Entertainment,[],0,1441,84,,0.95,https://www.hollywoodreporter.com/movies/movie-news/chloe-sevigny-pitched-jean-luca-guadagnino-american-psycho-1236206416/,BunyipPouch,2025-05-21T10:43:21.654952Z
1kn9itr,reddit,"Chad Stahelski's 'Highlander' Moved to Amazon After Lionsgate Was Worried About the Budget, Limited Appeal, and Henry Cavill's Box-Office Track Record",,2025-05-15T14:24:45Z,movies,movies,entertainment,Entertainment,[],0,1431,364,,0.95,https://www.thewrap.com/highlander-lionsgate-amazon-henry-cavill/,MarvelsGrantMan136,2025-05-21T10:43:23.556565Z
1kreaou,reddit,"George Wendt, the Beer-Loving Norm on ‘Cheers,’ Dies at 77; Wendt appeared in movies including 'Dreamscape', 'House', 'Fletch', 'Gung Ho', 'Plains Clothes', and 'Never Say Die'",,2025-05-20T19:47:42Z,movies,movies,entertainment,Entertainment,[],0,1900,115,,0.95,https://www.hollywoodreporter.com/tv/tv-news/george-wendt-dead-cheers-norm-1236222950/,MarvelsGrantMan136,2025-05-21T10:43:27.108980Z
1ki0d2v,reddit,"Music is the backbone of ""Sinners."" A composer explains how the film and Ludwig Göransson’s score push the boundaries of what music can do in a film.",,2025-05-08T20:29:00Z,movies,movies,entertainment,Entertainment,[],0,1396,73,,0.93,https://news.northeastern.edu/2025/05/07/movie-sinners-music-analysis/,ChallengeAdept8759,2025-05-21T10:43:28.797189Z
1k9zvje,reddit,‘Shogun’ Star Anna Sawai Joins David Leitch Next Film ‘How To Rob A Bank’ At Amazon MGM Studios,,2025-04-28T16:30:28Z,movies,movies,entertainment,Entertainment,[],0,1386,78,,0.94,https://deadline.com/2025/04/shogun-anna-sawai-david-leitch-how-to-rob-a-bank-1236378231/,MarvelsGrantMan136,2025-05-21T10:43:30.525276Z
1kl0gtr,reddit,Movie star alligator passes away; appeared in Happy Gilmore and the Alligator films,,2025-05-12T18:46:13Z,movies,movies,entertainment,Entertainment,[],0,1367,53,,0.96,https://www.cbsnews.com/colorado/news/movie-star-alligator-passes-away-colorado/,AMA_requester,2025-05-21T10:43:32.538220Z
1k6ywov,reddit,"Hi /r/movies - I'm Stuart Penn, VFX Supervisor for Mickey 17 (as well as Moon Knight, Loki, Avengers: Endgame, Paddington 2, Alien: Covenant, Venom 2, and recent Doctor Who episode 'Lux'). My team created the baby creepers, mother, and the ice cavern environments for Mickey 17. Ask Me Anything!","Hi r/movies \- I'm Stuart Penn, VFX Supervisor for Mickey 17 (as well as Moon Knight, Loki, Avengers: Endgame, Paddington 2, Aline: Covenant, and recent Doctor Who episode 'Lux'). My team created the baby creepers and ice cavern environments for Mickey 17. Ask Me Anything!

Here are all of my credits:

[https://www.imdb.com/name/nm1176327/](https://www.imdb.com/name/nm1176327/)

I'll be back tomorrow (Friday 4/25) at 10:00 AM ET to answer your questions. Please feel free to ask away in the meantime.

More information:

Mickey 17 was written, produced, and directed by Bong Joon Ho, (Parasite, Snowpiercer, Okja, Memories of Murder, The Host)

The film stars Robert Pattinson in the title role, alongside Naomi Ackie, Steven Yeun, Toni Collette, and Mark Ruffalo. Set in the year 2054, the plot follows a man who joins a space colony as an ""Expendable"", a disposable worker who gets cloned every time he dies.

Trailer:

[https://www.youtube.com/watch?v=osYpGSz\_0i4](https://www.youtube.com/watch?v=osYpGSz_0i4)

Framestore VFX Supervisor Stuart Penn and his team created the mother and baby creepers, as well as the ice cavern environments, working closely with Director Bong Joon Ho.",2025-04-24T18:02:14Z,movies,movies,entertainment,Entertainment,[],0,1361,150,,0.94,https://i.redd.it/fna7sd36otwe1.png,Mickey17AMA,2025-05-21T10:43:34.106764Z
1ki5ocg,reddit,"AMA/Q&A Announcement - Simon Pegg - Wednesday 5/21 at 10:45 AM ET - Actor in 'Shaun of the Dead', 'Mission Impossible', 'Hot Fuzz', 'Star Trek, 'The World's End', 'Ice Age', 'Star Wars', and lots more.",,2025-05-09T00:31:28Z,movies,movies,entertainment,Entertainment,[],0,1340,167,,0.94,https://i.redd.it/adpdspvainze1.png,BunyipPouch,2025-05-21T10:43:36.518161Z
1khhq55,reddit,"I finally watched ""Grave of the Fireflies,"" and I am devastated.  It is one of the few movies I have watched that lived up to what people promised it was.","Just watched *Grave of the Fireflies* for the first time. I went in knowing it had a reputation for being devastating, but even then, nothing could’ve prepared me for how emotionally brutal it is. It’s not just unrelentingly sad... it’s an unflinching portrait of the horrors of war, not actually through battles or explosions, but through starvation, isolation, and the quiet, slow loss of innocence.

What really hit me was how personal it all felt. This wasn’t just a tragedy of circumstance, but it was also a tragedy of pride. Seita’s decision to leave the relative safety of his aunt’s home wasn’t just impulsive; it was fatal. I understand he was a child trying to protect his sister and preserve their dignity, but in trying to shield her from cruelty, he ultimately exposed her to a much worse fate. His pride wasn’t villainous, but it was misplaced, and it cost them everything.

Watching Setsuko deteriorate, not just physically but emotionally, was agonizing. She never had a chance to truly understand what was happening. Her firefly funeral is one of the most haunting and bittersweet scenes I’ve ever seen in animation. Her ashes... the scene was so beautiful yet completely gutting. It really drove home how war erases childhood, not just through violence, but through neglect and abandonment.

This film doesn't try to make a statement so much as show you the raw, human cost of war. It’s not cathartic. It doesn’t offer hope or redemption. It just leaves you with silence, and maybe that’s the point. Because some losses don’t have meaning. They’re just gone.

If anyone ever tells you animation can’t be serious art, show them *Grave of the Fireflies*. It broke me and I think that’s exactly what it was meant to do.",2025-05-08T04:38:23Z,movies,movies,entertainment,Entertainment,[],0,1325,196,,0.89,https://www.reddit.com/r/movies/comments/1khhq55/i_finally_watched_grave_of_the_fireflies_and_i_am/,Giff95,2025-05-21T10:43:38.638775Z
1k9d75g,reddit,Actors whose non-acting talents were wasted in a movie?,"What are examples of actors who you were baffled at the fact that their non-acting talents weren't utilized at all in the movie? For me two come to mind.

1. Keegan Michael Key is surprisingly great at singing and dancing but he barely got to do any singing for Wonka. 

2. Let me get this f*cking straight, you hire the action gods from The Raid movies to star in Star Wars The Force Awakens, yet they're only on screen for 2 minutes and you don't give them a single action scene??? The disrespect is insane",2025-04-27T20:09:30Z,movies,movies,entertainment,Entertainment,[],0,1309,526,,0.92,https://www.reddit.com/r/movies/comments/1k9d75g/actors_whose_nonacting_talents_were_wasted_in_a/,Magical_critic,2025-05-21T10:43:41.079248Z
1kd6qo2,reddit,"‘Thunderbolts*’ and ‘Andor’ Redeem Struggling Franchises, While ‘Weapons’ Is the Year’s Best Trailer",,2025-05-02T17:29:30Z,movies,movies,entertainment,Entertainment,[],0,1300,235,,0.88,https://www.indiewire.com/features/podcast/thunderbolts-andor-screen-talk-1235120105/,indiewire,2025-05-21T10:43:44.960592Z
1kbj189,reddit,Rachel Zegler to Star Alongside Marisa Tomei in Comedy Drama ‘She Gets It From Me’,,2025-04-30T15:16:40Z,movies,movies,entertainment,Entertainment,[],0,1300,404,,0.8,https://variety.com/2025/film/global/rachel-zegler-marisa-tomei-comedy-drama-she-gets-it-from-me-1236382408/,Magik-Mina-MaudDib,2025-05-21T10:43:47.583437Z
1kfd1i4,reddit,"Rina Sawayama to Reprise Role as Akira in Donnie Yen’s ‘John Wick’ Spinoff ‘Caine,’ Lionsgate Launching Sales in Cannes",,2025-05-05T14:30:35Z,movies,movies,entertainment,Entertainment,[],0,1275,83,,0.94,https://variety.com/2025/film/global/john-wick-spinoff-caine-rina-sawayama-akira-1236386658/,MarvelsGrantMan136,2025-05-21T10:43:51.537806Z
1kd6ef4,reddit,"Keanu Reeves, Sandra Bullock Reteam for Untitled Amazon MGM Romantic Thriller",,2025-05-02T17:15:36Z,movies,movies,entertainment,Entertainment,[],0,1272,107,,0.95,https://www.hollywoodreporter.com/movies/movie-news/keanu-reeves-sandra-bullock-reteam-for-romantic-thriller-1236203838/,cmaia1503,2025-05-21T10:43:53.600438Z
1ki0jds,reddit,‘X-Men’ Movie At Marvel Studios Circling ‘Thunderbolts*’ Director Jake Schreier To Assemble New Team,,2025-05-08T20:36:16Z,movies,movies,entertainment,Entertainment,[],0,1272,217,,0.91,https://deadline.com/2025/05/x-men-movie-director-jake-schreier-thunderbolts-1236390176/,MarvelsGrantMan136,2025-05-21T10:43:55.837674Z
1katz7y,reddit,Robin Hood Men in Tights : Craziest experience I had with a movie,"Ok, the title may sound like an overstatement, but hear me out.

I was 15/16yo at the time, got dengue fever, which wasn't a pleasant experience. I got a high fever, nausea, and sometimes hallucinations. 

Anyway, I was sick, couldn't sleep because of the fever, so I just randomly turned my TV on and saw the title, 'Robin Hood'. I thought it was Kevin Costner's Robin Hood, I didn't read the 'Men in Tights' part.

So for the next two hours, I was laughing despite the pain and was confused about what was going on. I never used drugs, but that movie gave me an experience of what it feels like to be high. For the next 10 years or so, I thought that movie was some kind of fever dream, until I saw a clip of it on YouTube. ""Wait, so that wasn't a dream??!! THAT'S AN ACTUAL MOVIE??!!""

Highly recommended, an absolute 20/10. 12 Angry Men? Goodfellas? Get outta here.  


https://preview.redd.it/4cayam3w8txe1.png?width=220&format=png&auto=webp&s=15c670e7a58604435840e97a0cb3928f9f531e1e

",2025-04-29T17:39:29Z,movies,movies,entertainment,Entertainment,[],0,1265,236,,0.94,https://www.reddit.com/r/movies/comments/1katz7y/robin_hood_men_in_tights_craziest_experience_i/,WobblingWomble,2025-05-21T10:43:58.740957Z
1kbhoi5,reddit,The Rocky Horror Picture Show Returning to Theaters in 4K for 50th Anniversary,,2025-04-30T14:19:10Z,movies,movies,entertainment,Entertainment,[],0,1247,126,,0.94,https://consequence.net/2025/04/rocky-horror-picture-show-anniversary/,ebradio,2025-05-21T10:44:00.895869Z
1kanpqt,reddit,Weapons | Official Trailer,,2025-04-29T13:17:38Z,movies,movies,entertainment,Entertainment,[],0,1244,341,,0.94,https://youtu.be/OpThntO9ixc?si=-hXCLfb9ROXKr3Rv,MarvelsGrantMan136,2025-05-21T10:44:02.862189Z
1k5xmhg,reddit,What's the strangest reason you've ever heard for someone liking or disliking a movie?,"I remember seeing Avengers: Age Of Ultron with some friends. Afterwards we were talking about it, I don't think I really liked it at the time, my complaint was the tone they gave Ultron not being menacing, but a guy we were with said he hated it. I asked why, and he said ""Because every car in it was an Audi"". He was completely serious, that was his only take away, which I have to admit, was something I did not notice, and would have been fairly ambivalent to if I had.",2025-04-23T12:13:58Z,movies,movies,entertainment,Entertainment,[],0,1243,1229,,0.94,https://www.reddit.com/r/movies/comments/1k5xmhg/whats_the_strangest_reason_youve_ever_heard_for/,TunaMeltEnjoyer,2025-05-21T10:44:06.910145Z
1kgf7ez,reddit,Aaron Paul to Lead Psychological Thriller ‘The Midnight Pool’ for ‘V for Vendetta’ Director James McTeigue,,2025-05-06T20:43:46Z,movies,movies,entertainment,Entertainment,[],0,1237,54,,0.94,https://variety.com/2025/film/global/aaron-paul-thriller-the-midnight-pool-v-for-vendetta-1236389010/,NoCulture3505,2025-05-21T10:44:11.623188Z
1kir325,reddit,"Mikey Madison, Kirsten Dunst to Star in Unique Mermaid Thriller ‘Reptilia’ from Imperative, Pastel, Black Bear",,2025-05-09T19:29:55Z,movies,movies,entertainment,Entertainment,[],0,1232,125,,0.93,https://www.hollywoodreporter.com/news/general-news/mikey-madison-kirsten-dunst-mermaid-thriller-reptilia-1236212450/,KillerCroc1234567,2025-05-21T10:44:13.427793Z
1kiuh9u,reddit,How Jurassic Park Subtly Lets John Hammond Off the Hook,"He’s not the villain. He’s the grandfather. The dreamer. The face of wonder.

But rewatching *Jurassic Park*, I was struck by how softly the film lands on Hammond’s choices. There’s early critique, Ellie’s speech, Malcolm’s warning, but by the end, he’s grieving a lost dream, not facing consequences.

I’m not saying he needed to be the villain. But it’s fascinating how the story wraps systemic failure in nostalgia, and leaves us mourning *with* him.

Is that emotional sleight of hand? Or just good character work?

Curious what others think.",2025-05-09T21:56:54Z,movies,movies,entertainment,Entertainment,[],0,1224,308,,0.91,https://www.reddit.com/r/movies/comments/1kiuh9u/how_jurassic_park_subtly_lets_john_hammond_off/,Offscreenshaman,2025-05-21T10:44:15.357125Z
1kn183p,reddit,Joe Don Baker dies at 89,,2025-05-15T06:15:57Z,movies,movies,entertainment,Entertainment,[],0,1217,253,,0.93,https://www.legacy.com/us/obituaries/legacyremembers/joe-baker-obituary?id=58381213,AMA_requester,2025-05-21T10:44:18.567859Z
1kloa1y,reddit,New Poster for 'Nobody 2',,2025-05-13T15:05:30Z,movies,movies,entertainment,Entertainment,[],0,1214,68,,0.92,https://i.redd.it/7ad8tri5ek0f1.jpeg,MarvelsGrantMan136,2025-05-21T10:44:21.474839Z
1k60mjv,reddit,"Official Poster for 'Heads of State' - The UK Prime Minister (Idris Elba) and US President (John Cena) have a public rivalry that risks their countries’ alliance. But when they become targets of a powerful enemy, they’re forced to rely on each other as they go on a wild, multinational run",,2025-04-23T14:31:21Z,movies,movies,entertainment,Entertainment,[],0,1162,405,,0.83,https://i.redd.it/2b04h4iohlwe1.jpeg,MarvelsGrantMan136,2025-05-21T10:44:22.920936Z
1kqsu6k,reddit,Gary Sinise Speaks Out About His Son's Death & Why He Left Hollywood,,2025-05-20T01:25:46Z,movies,movies,entertainment,Entertainment,[],0,1190,85,,0.92,https://www.youtube.com/watch?v=ND3bAyuWdKc,BDWG4EVA,2025-05-21T10:44:26.166629Z
1kozcwd,reddit,"First Image from 'THE PRESIDENT'S CAKE' - While people struggle daily to survive under sanctions in Saddam's Iraq, nine-year-old Lamia must use her wits to gather ingredients for the mandatory cake to celebrate President Saddam Hussein's birthday or face the consequences — prison or death",,2025-05-17T18:11:00Z,movies,movies,entertainment,Entertainment,[],0,1156,79,,0.91,https://i.redd.it/4uhw4w7tid1f1.jpeg,mayukhdas1999,2025-05-21T10:44:27.887738Z
1koa41n,reddit,Aimee Lou Wood’s Closet Picks,,2025-05-16T19:51:53Z,movies,movies,entertainment,Entertainment,[],0,1149,84,,0.85,https://youtu.be/LDGACubU99g,Task_Force-191,2025-05-21T10:44:30.021987Z
1k54e5s,reddit,A24-ification,"
Just finished my A24 weekend marathon (wrapped up with Everything Everywhere All At Once, Talk to Me, and Civil War) and I'm struck again by how consistently this studio has managed to dominate cultural conversations around film for the past decade.

What started as an indie darling has become a full-on cultural phenomenon - to the point where ""it's an A24 film"" has become shorthand for a certain aesthetic and quality expectation. They've somehow managed to bridge the gap between critical acclaim and cult following in a way that feels unique in today's fragmented media landscape.

Their formula seems deceptively simple: find distinctive directorial voices, give them creative freedom, market the films with striking visuals and minimal exposition, and let word-of-mouth do the rest. But the consistency is remarkable.

What I find most interesting is how they've become a trusted brand for younger audiences who might otherwise be disengaged from non-franchise cinema. The way their films spread through TikTok and social media feels different from traditional film marketing.

Do you think any other studio has matched their cultural impact in recent years? ",2025-04-22T11:53:30Z,movies,movies,entertainment,Entertainment,[],0,1138,234,,0.85,https://www.reddit.com/r/movies/comments/1k54e5s/a24ification/,Bluntfeedback,2025-05-21T10:44:31.732470Z
1kgbs6f,reddit,Only watching the first half of full metal jacket,"Full metal jacket is one of my favorite war movies seen it a million times. The other day my coworker and were talking about the movie and he says that he only really likes to watch the first half of the movie and says he feels satisfied watching the first half and doesn't feel like he has to watch the whole movie in one sitting and he can come back to the second half of the movie later or not at all
What is your opinion on the matter?",2025-05-06T18:24:50Z,movies,movies,entertainment,Entertainment,[],0,1117,432,,0.9,https://www.reddit.com/r/movies/comments/1kgbs6f/only_watching_the_first_half_of_full_metal_jacket/,sonicx101,2025-05-21T10:44:34.547837Z
1kpy0lc,reddit,Which movie pissed off a preexisting fan base the most?,"In your opinion which movie comitted the worst offense of insulting a preexisting fan base?

You know, by completely disrespecting the source material or trashing major character arca from previous installments?

in my mind, there is no worse offense than the dumpster fire of an Artemis Fowl adaptation.

I was so excited when I heard that movie planned.

But I was horrified by what they put out there. Completely erasing Artemis's entire character, and replacing him with an empty, shallow, wannabe kid hero.

What a wasted opportunity that we'll probably never get back.",2025-05-18T23:52:19Z,movies,movies,entertainment,Entertainment,[],0,1111,1717,,0.91,https://www.reddit.com/r/movies/comments/1kpy0lc/which_movie_pissed_off_a_preexisting_fan_base_the/,M_the_Phoenix,2025-05-21T10:44:38.537665Z
1k4k0ur,reddit,"‘Ready or Not: Here I Come’ Adds Sarah Michelle Gellar, Elijah Wood and More as Searchlight Sequel Starts Production",,2025-04-21T18:00:11Z,movies,movies,entertainment,Entertainment,[],0,1101,134,,0.95,https://variety.com/2025/film/news/ready-or-not-2-sarah-michelle-gellar-elijah-wood-cast-1236374043/,MarvelsGrantMan136,2025-05-21T10:44:42.819730Z
1k6433k,reddit,First Image from Netflix's THE OLD GUARD 2 - Starring Charlize Theron,"Andy (Charlize Theron) and her team of immortal warriors are back, with a renewed sense of purpose in their mission to protect the world.

With Booker (Matthias Schoenaerts) still in exile after his betrayal, and Quynh (Veronica Ngô) out for revenge after escaping her underwater prison, Andy grapples with her newfound mortality as a mysterious threat emerges that could jeopardize everything she’s worked towards for thousands of years. Andy, Nile (KiKi Layne), Joe (Marwan Kenzari), Nicky (Luca Marinelli) and James Copley (Chiwetel Ejiofor) enlist the help of Tuah (Henry Golding), an old friend who may provide the key to unlocking the mystery behind immortal existence. Directed by Victoria Mahoney, and also starring Uma Thurman, The Old Guard 2 is an emotional, adrenaline-pumping sequel, based on the world created by Greg Rucka and illustrator Leandro Fernandez.

More info on [TUDUM.COM](https://www.netflix.com/tudum/articles/old-guard-2-release-date-cast-news).",2025-04-23T16:51:29Z,movies,movies,entertainment,Entertainment,[],0,1084,186,,0.87,https://i.redd.it/5aizgods6mwe1.jpeg,netflix,2025-05-21T10:44:44.345315Z
1kg167w,reddit,"What's a movie that genuinely made you sit in silence after the credits rolled - not sad, not happy, just stunned?","Which movie left you completely marked after the credits rolled?                                                                        
                                                                                             
A movie so good you thought about for hours even days after you watched it.",2025-05-06T10:32:11Z,movies,movies,entertainment,Entertainment,[],0,1071,2626,,0.9,https://www.reddit.com/r/movies/comments/1kg167w/whats_a_movie_that_genuinely_made_you_sit_in/,Dimitri13_,2025-05-21T10:44:48.193195Z
1kpmxgl,reddit,Wes Anderson Remembers Gene Hackman Being “Furious” About ‘The Royal Tenenbaums’ Flat-Fee Salary: “We Had Friction”,,2025-05-18T15:42:41Z,movies,movies,entertainment,Entertainment,[],0,1068,95,,0.94,https://deadline.com/2025/05/wes-anderson-gene-hackman-the-royal-tenenbaums-salary-1236402640/,reble02,2025-05-21T10:44:52.200619Z
1k57se1,reddit,Movie endings where no one “wins”,"Most movies have the typical hero vs villain trend where one “wins” and the other “loses”. What movies have endings with no clear winner. I feel like most revenge movies fit into this category, I Saw the Devil is the first one that comes to mind considering he basically tuned into a villain himself. 

What other movies can you think of? ",2025-04-22T14:32:43Z,movies,movies,entertainment,Entertainment,[],0,1049,1657,,0.91,https://www.reddit.com/r/movies/comments/1k57se1/movie_endings_where_no_one_wins/,FilmWaffle-FilmForum,2025-05-21T10:44:53.854354Z
1kc9kgy,reddit,Any movies where the main character becomes the villain?,"Does anyone know a movie where the main character starts of as the nice guy but becomes the villain because of something that happened to them? I really wanna watch a movie like this but I don’t have patience to search for it lmao. An exemple of what I'm thinking of is like, imagine harry potter but he got fed up with everything bothering and trying to kill him so he becomes a dark wizard even worse than voldmort. Does that make sence? Anyway, if anyone know please tell me, I would be happy to know :)",2025-05-01T14:05:32Z,movies,movies,entertainment,Entertainment,[],0,1049,926,,0.93,https://www.reddit.com/r/movies/comments/1kc9kgy/any_movies_where_the_main_character_becomes_the/,nrkreetxh,2025-05-21T10:44:57.966457Z
1knhsob,reddit,‘Gears of War’ Movie Landing David Leitch as Director,,2025-05-15T20:00:22Z,movies,movies,entertainment,Entertainment,[],0,1050,196,,0.94,https://www.hollywoodreporter.com/movies/movie-news/gears-of-war-movie-david-leitch-director-1236212544/,MarvelsGrantMan136,2025-05-21T10:45:01.571336Z
1k7m904,reddit,Tom Hanks & Apple’s ‘Greyhound’ Sequel To Begin Filming Early 2026 & Will Take In D-Day & The Pacific Theater,,2025-04-25T14:25:11Z,movies,movies,entertainment,Entertainment,[],0,1038,109,,0.93,https://deadline.com/2025/04/tom-hanks-greyhound-sequel-start-2026-australia-plot-1236376695/,KillerCroc1234567,2025-05-21T10:45:03.778127Z
1kl4mdm,reddit,The Total Recall movie fixed a huge dumb problem with the original short story,"I've loved Total Recall for years so I wanted to finally read the short story it was based on, ""We Can Remember It For You Wholesale"" by Philip K Dick. And the short story is... kinda dumb, even compared to a Schwartzeneggar movie. Specifically this one aspect.

The story and movie are vastly different, but the setup is basically the same in both.

Story and movie: An ordinary man is bored with his average life on earth and endlessly dreams of having adventures on Mars. He discovers a company called Rekal, which boasts it can implant 100% convincing false memories into your mind. He pays for the memory of an epic adventure on Mars in which he's a badass action hero spy. The procedure fails catastrophically because he actually IS a badass spy and just doesn't remember it.

In the movie, they made a very wise change. Rekal in the film makes sense as a business. Rekal is basically an entertainment company. You have a memory of a thrilling adventure, then it ends and you go back to your life. It's like a movie. You know it wasn't real and yet you have the satisfied feeling of coming home from an epic vacation, only with no personal risk and a lot less financial burden.

Here's what immediately bugged me about the short story. In the story, Rekal is supposed to convince you that their fake memories are real. Period. They give you fake ""souvenirs"" from your adventure. They delete the last couple weeks of your real memories. They even delete your memories of coming to Rekal. You will just wake up at home after your ""adventure"" is over.

My issue: How is that supposed to work? They expect you to believe you're a spy assassin, but still show up for your shift at T Mobile? To just keep waiting on new orders from the agency that will never show up? What if you try to tell your wife? She'll correctly assume you're insane. What if you get mugged? You'll think you can do John Wick moves on the gunman and then get shot in the face. How can you live an ordinary life believing you're basically a superhero? Rekal is pretty much a company that charges you to ruin your life.",2025-05-12T21:30:03Z,movies,movies,entertainment,Entertainment,[],0,1031,187,,0.88,https://www.reddit.com/r/movies/comments/1kl4mdm/the_total_recall_movie_fixed_a_huge_dumb_problem/,GarthDagless,2025-05-21T10:45:05.521081Z
1kqtx9u,reddit,I totally slept on Rango (2011) and man do I regret it,"I finally put this on to watch something new with my kids. Holy Moly I had no idea it was so great.

It's possibly the best Western my kids have seen, and probably my favorite Western of the past 10ish years (and right up there with my favorites of the past 20ish years - 3:10 to Yuma, True Grit, Hell or High water, No Country, but I'm not a big cowboy afficionado).

I assumed I wouldn't have liked Johnny Depp's character, which was as ""Hunter Thompson but he's a lizard."" But with the character being so.... Weird-looking and not handsome, I think it's actually one of my favorite Johnny Depp roles. His weirdness actually seems more authentic when he's a weird looking character. 

And a great ensemble cast as well, with stars like Ned Beatty, Bill Nighy etc, but also some truly fantastic ""voice actor"" performances.

This was so much better than I expected, from top to bottom, highly recommend.",2025-05-20T02:20:42Z,movies,movies,entertainment,Entertainment,[],0,1057,111,,0.91,https://www.reddit.com/r/movies/comments/1kqtx9u/i_totally_slept_on_rango_2011_and_man_do_i_regret/,andoesq,2025-05-21T10:45:07.705168Z
1ko7pod,reddit,What is the weirdest bonus feature you remember from the DVD era?,"*The Ring* had a secret menu option to play the cursed tape start to finish, great for dares.

*Thirteen Ghosts* had nice little A&E-style mini-biographies of all thirteen ghosts, narrated by F. Murray Abraham: https://www.youtube.com/watch?v=sGv6XxVS8G8

*Kung Pow* had a classy audiobook track with the whole movie narrated by a posh Englishman: https://www.youtube.com/watch?v=BNPbSwVq9uQ

I remember the original *Final Destination* had a “death clock”: you’d input all sorts of personal/life/health information, and it would calculate whenabouts you’d die.

One of the questions was “Do you have cancer?” and at that point in my life I did, so I got the fun experience of having the *Final Destination* DVD telling me I’m going to die in 2-3 years.",2025-05-16T18:10:56Z,movies,movies,entertainment,Entertainment,[],0,1030,457,,0.96,https://www.reddit.com/r/movies/comments/1ko7pod/what_is_the_weirdest_bonus_feature_you_remember/,profound_whatever,2025-05-21T10:45:09.518359Z
1kb07uh,reddit,Steven Spielberg Calls ‘The Godfather’ the ‘Greatest American Film Ever Made’ at Francis Ford Coppola AFI Life Achievement Award Ceremony,,2025-04-29T21:58:45Z,movies,movies,entertainment,Entertainment,[],0,1021,140,,0.91,https://variety.com/2025/film/news/francis-ford-coppola-afi-life-achievement-award-george-lucas-1236377439/,mrnicegy26,2025-05-21T10:45:13.461281Z
1kmpm3o,reddit,"Dan Trachtenberg's Animated Movie 'Predator: Killer of Killers' Rated ""R"" for Bloody Violence and Gore",,2025-05-14T20:28:17Z,movies,movies,entertainment,Entertainment,[],0,1021,58,,0.95,https://bloody-disgusting.com/movie/3868490/animated-movie-predator-killer-of-killers-rated-r-for-bloody-violence-and-gore/,MarvelsGrantMan136,2025-05-21T10:45:15.409263Z
1kkrt6j,reddit,New Poster for 'F1',,2025-05-12T12:55:26Z,movies,movies,entertainment,Entertainment,[],0,1009,322,,0.86,https://i.redd.it/e5fd1ad2mc0f1.jpeg,MarvelsGrantMan136,2025-05-21T10:45:16.942626Z
1kj8w04,reddit,"Which films do people wrongly associate with a director / actor? Like how ""A Nightmare Before Christmas"" wasn't directed by Tim Burton.","Are there any films that people wrongly think of being directed or starring certain people? I know Tim Burton wrote the story for A Nightmare Before Christmas, but I was pretty shocked to find out he didn't direct it. Are there any other examples of this? 

The same goes for actors. Are there any films that people often think star someone who wasn't actually in the movie?

Edit: guys, I know Tim Burton was very much involved. I'm just pointing out that most people probably thought he directed it.",2025-05-10T12:15:35Z,movies,movies,entertainment,Entertainment,[],0,1000,677,,0.91,https://www.reddit.com/r/movies/comments/1kj8w04/which_films_do_people_wrongly_associate_with_a/,PI_______,2025-05-21T10:45:20.475138Z
1kg7f84,reddit,"Zoey Deutch, Jon Hamm, John Slattery Starring in R-Rated Hollywood Comedy From 'Wet Hot American Summer' Director David Wain",,2025-05-06T15:30:57Z,movies,movies,entertainment,Entertainment,[],0,993,68,,0.94,https://variety.com/2025/film/news/zoey-deutch-jon-hamm-john-slattery-david-wain-comedy-1236387256/,KillerCroc1234567,2025-05-21T10:45:24.707625Z
1kfvu00,reddit,"What movie has the most ""all-star"" cast, all time?","
What movies most come to mind when thinking of movies with the most big names?

Not necessarily saying each star has to have a large role, just a credit in the movie.

Any era, even if it was before someone became a big star.

The 2000s Oceans movies come to mind for me. Also, The Godfather movies, where it's possible Part 2 has more names due to De Niro being in that one.",2025-05-06T04:19:16Z,movies,movies,entertainment,Entertainment,[],0,988,1440,,0.88,https://www.reddit.com/r/movies/comments/1kfvu00/what_movie_has_the_most_allstar_cast_all_time/,FunShorts,2025-05-21T10:45:25.913075Z
1kihnsb,reddit,"First Poster for Thai Fantasy-Drama 'A Useful Ghost' - After his wife dies due to dust pollution, a man discovers that her spirit has unexpectedly returned in the form of a vacuum cleaner, he embraces it and the pair form an unconventional human-ghost love story.",,2025-05-09T12:49:04Z,movies,movies,entertainment,Entertainment,[],0,982,126,,0.89,https://i.redd.it/57tmwcc06rze1.jpeg,BunyipPouch,2025-05-21T10:45:29.617456Z
1ka2u3x,reddit,"Dev Patel to Direct, Star in Period Revenge Action Thriller ‘The Peasant’ for Fifth Season",,2025-04-28T18:30:10Z,movies,movies,entertainment,Entertainment,[],0,983,87,,0.92,https://www.hollywoodreporter.com/movies/movie-news/dev-patel-to-direct-star-in-the-peasant-1236202431/,NoCulture3505,2025-05-21T10:45:31.836153Z
1kr8p22,reddit,"AMA/Q&A Announcement - Alan Tudyk - Thursday 5/22 at 3:00 PM ET - Actor in 'A Knight's Tale', 'Tucker & Dale vs. Evil', 'Firefly', 'Rogue One', 'Andor', 'Dodgeball', 'Serenity', 'Moana', 'Harley Quinn', 'Frozen II', 'The Trouble With Jessica', and much more.",,2025-05-20T16:06:38Z,movies,movies,entertainment,Entertainment,[],0,1359,133,,0.96,https://i.redd.it/823hg1gymy1f1.png,BunyipPouch,2025-05-21T10:45:33.770910Z
1kovsss,reddit,"And the Oscar Goes to … Something the Voters Didn’t Watch, by Amogh Dimri",,2025-05-17T15:35:03Z,movies,movies,entertainment,Entertainment,[],0,974,50,,0.92,https://www.theatlantic.com/ideas/archive/2025/05/oscars-academy-voters-rule/682803/?utm_source=reddit&utm_medium=social&utm_campaign=the-atlantic&utm_content=edit-promo,theatlantic,2025-05-21T10:45:35.669195Z
1k9x39r,reddit,What's a critically panned movie that you just can't help loving?,"For me, it's Roland Emmerich's 10,000 BC. It has 10% on Rotten Tomatoes, and it's based on a crackpot theory about the pyramids from the rear end of Graham Hancock. But somehow, no matter how many times I see this movie, I never get tired of it. The scene where Steven Strait javelins the Pharaoh and shouts ""He is not a god!"" is one of my favourite movie scenes ever. Also, the music is awesome, the filming locations are gorgeous, and the miniature pyramid models used in production are fantastic. So despite the story being illogical and stupid, and the historiography being absolutely batshit, 10,000 BC will always be one of my guilty pleasures.",2025-04-28T14:36:28Z,movies,movies,entertainment,Entertainment,[],0,970,1931,,0.91,https://www.reddit.com/r/movies/comments/1k9x39r/whats_a_critically_panned_movie_that_you_just/,DeepThinkingReader,2025-05-21T10:45:37.195112Z
1k7cquy,reddit,Movies that aged like fine wine,"What older movie (20+ years) do you think has aged like fine wine and is even more impressive when watched today?

Network (1976) seemed over-the-top and satirical when it was released, but watching it now feels eerily prophetic about our modern media landscape and reality TV culture. What other older films initially missed the mark but became more relevant with time?",2025-04-25T04:52:21Z,movies,movies,entertainment,Entertainment,[],0,965,1191,,0.9,https://www.reddit.com/r/movies/comments/1k7cquy/movies_that_aged_like_fine_wine/,Bluntfeedback,2025-05-21T10:45:41.145693Z
1kk96t5,reddit,Michelle Yeoh To Star In Action Film ‘The Surgeon’ For ‘John Wick’ Outfit Thunder Road — Cannes Market,,2025-05-11T19:30:39Z,movies,movies,entertainment,Entertainment,[],0,958,75,,0.91,https://deadline.com/2025/05/michelle-yeoh-surgeon-john-wick-thunder-road-cannes-market-1236392938/,NoCulture3505,2025-05-21T10:45:45.014462Z
1kasv3r,reddit,Now You See Me: Now You Don’t - Official Trailer,,2025-04-29T16:55:17Z,movies,movies,entertainment,Entertainment,[],0,966,688,,0.74,https://youtu.be/-E3lMRx7HRQ?si=Nd6x6D3sd56M0ZaB,RobotiSC,2025-05-21T10:45:47.421980Z
1kc7gmz,reddit,Best performance trapped in a bad movie?,"It is, as condescending as it may sound, the ultimate acting compliment for an amazing acting performance to stand out in a bad movie. If you as an actor are the one beacon of hope in an otherwise bleak ocean of mediocrity, you have done your job ten times over. 

So, what are the best examples?

I will die on this hill but Rami Malek as Freddy Mercury in Bohemian Rhapsody absolutely deserved every single ounce of praise that he got. The movie as a whole is wildly inconsistent and definitely is not a great film especially in terms of honouring the legacy of a band as iconic and truly legendary as Queen, but Maleks performance I will to the hilt defend because he put everything he had into the portrayal. In a bad movie, he very much deserved his Oscar win. Fight me. ",2025-05-01T12:26:28Z,movies,movies,entertainment,Entertainment,[],0,960,1138,,0.87,https://www.reddit.com/r/movies/comments/1kc7gmz/best_performance_trapped_in_a_bad_movie/,PriestofJudas,2025-05-21T10:45:51.156959Z
1k5zxqf,reddit,Heads of State - Official Trailer | Prime Video,,2025-04-23T14:01:51Z,movies,movies,entertainment,Entertainment,[],0,957,341,,0.85,https://www.youtube.com/watch?v=8J646zM7UM8,NoCulture3505,2025-05-21T10:45:55.268865Z
1kht20y,reddit,"‘Lord of the Rings: The Hunt for Gollum’ Sets December 17, 2027 Release Date; Warner Bros. Also Dates New ‘Evil Dead’ (July 24, 2026) and M. Night Shyamalan's Next Movie (October 23, 2026)",,2025-05-08T15:33:15Z,movies,movies,entertainment,Entertainment,[],0,940,309,,0.88,https://variety.com/2025/film/news/lord-of-the-rings-the-hunt-for-gollum-release-date-december-2027-1236390820/,MarvelsGrantMan136,2025-05-21T10:45:58.399881Z
1kr311j,reddit,Jurassic World Rebirth | Official Trailer 2,,2025-05-20T11:57:45Z,movies,movies,entertainment,Entertainment,[],0,997,737,,0.82,https://www.youtube.com/watch?v=smavD1fopZ8,MarvelsGrantMan136,2025-05-21T10:46:01.339054Z
1kmow0s,reddit,'Mission: Impossible - The Final Reckoning' - Review Thread,"**'Mission: Impossible - The Final Reckoning' - Review Thread**

* [Rotten Tomatoes](https://www.rottentomatoes.com/m/mission_impossible_the_final_reckoning): 87% (97 Reviews) - Certified Fresh

* Critics Consensus: Gargantuan in action, runtime, and scope, The Final Reckoning is a sentimental sendoff for Ethan Hunt that accomplishes its mission with a characteristic flair for the impossible.

* [Metacritic](https://www.metacritic.com/movie/mission-impossible-the-final-reckoning/): 70 (33 Reviews)

Reviews:

[Hollywood Reporter](https://www.hollywoodreporter.com/movies/movie-reviews/mission-impossible-the-final-reckoning-review-tom-cruise-christopher-mcquarrie-1236215149/) (60):

>If it’s going to be the last we see of one of the most consistently entertaining franchises to come out of Hollywood in the past few decades — a subject about which Cruise and McQuarrie have remained vague — it’s a disappointing farewell with a handful of high points courtesy of the indefatigable lead actor.

[Deadline](https://deadline.com/2025/05/mission-impossible-the-final-reckoning-review-tom-cruise-cannes-1236394481/):

>Is this *really* the end? It’s certainly *an* end, wrapping up seven films’ worth of storylines with a showman’s flourish. What it doesn’t do, though, is rule out another. As Cruise breezes into his mid-60s, it’s hard to imagine him pulling off anything like the high-wire act he achieves here. But the door is still open, and the challenge is there, should anyone else choose to accept it.

[Variety](https://variety.com/2025/film/reviews/mission-impossible-the-final-reckoning-review-tom-cruise-1236396671/) (80):

>It's the most enveloping ""M:I"" film since ""Ghost Protocol,"" because something's at stake. And because Cruise's stunt work is off the hook.

[The Independent ](https://www.the-independent.com/arts-entertainment/films/reviews/mission-impossible-final-reckoning-review-tom-cruise-b2750034.html)(4/5):

>*The Final Reckoning*, final or not, presents us with a fascinating contradiction: Ethan Hunt is both a pure singular and a state of mind. He’s cinema as the madman dreamer’s paradise.

[IndieWire](https://www.indiewire.com/criticism/movies/mission-impossible-the-final-reckoning-review-1235122988/) (50):

>“We make our own destiny,” someone intones during the film’s closing voiceover, and by the end of Ethan Hunt’s story, it’s hard not to take those words to heart. I only wish that Cruise and McQuarrie had managed to make a better one.

[The Wrap](https://www.thewrap.com/author/williambibbiani/) (75):

>If this is the end of the 'Mission: Impossible' movies, they ended on an adequate note.

[IGN](https://www.ign.com/articles/mission-impossible-final-reckoning-review-tom-cruise) (6/10):

>While its action is reliably thrilling and a few of its most exciting sequences are sure to hold up through the years, Mission: Impossible – The Final Reckoning tries to deal with no less than the end of every living thing on the planet – and suffers because of it. The somber tone and melodramatic dialogue miss the mark of what’s made this franchise so much fun for 30 years, but the door is left open for more impossible missions and the hope that this self-serious reckoning isn’t actually final.

[The Guardian](https://www.theguardian.com/film/2025/may/14/mission-impossible-the-final-reckoning-review-tom-cruise-wildly-entertaining-adventure) (5/5):

>It is a wildly silly, wildly entertaining adventure which periodically gives us a greatest-hits flashback montage of the other seven films in the M:I canon - but we still get a brand new, box-fresh Tom-sprinting-along-the-street scene, without which it wouldn’t be M:I. Moreover, this eighth film gives us a terrific new character, US sub commander Capt Bledsoe, played with suavity and the tiniest hint of camp by Tramell Tillman (from TV’s Severance) who has the chops for M:I9 whenever that happens.

[Collider](https://collider.com/mission-impossible-the-final-reckoning-review/) (80):

>The Final Reckoning is stuffed, convoluted, and ludicrous at times. But it’s also mostly a great send-off to this universe, a deserved celebration for everything this series has accomplished, and one final (again, seemingly) showcase for Cruise as one of the greatest action stars of all time.

[Slashfilm](https://www.slashfilm.com/1859165/tom-cruise-mission-impossible-the-final-reckoning-review/) (50):

>And yet, The Final Reckoning is too messy, too awkward, too clumsy. It somehow feels overlong and inert even as it never slows down.

[Screendaily](https://www.screendaily.com/reviews/mission-impossible-the-final-reckoning-review-spy-franchise-wraps-a-self-regarding-double-bill/5204859.article) (70):

>The press notes get the tone of the film best: ”It is impossible to overstate how seismically significant the filmmaking partnership between Tom Cruise and Christopher McQuarrie has been on the direction the *Mission: Impossible* franchise has taken since they first joined forces on it,” they intone. “Or how uniquely potent it is.” *Mission Impossible - The Final Reckoning*, the second instalment in a globally-shot, monumental multi-year concurrent film-making effort which should be lauded for its ambition, knows what popcorn cinema escapism is all about. But, like the perennially defiant Hunt, it sometimes over-estimates its own powers.

Directed by Christopher McQuarrie:

>Ethan Hunt and the IMF team continue their search for the terrifying AI known as the Entity — which has infiltrated intelligence networks all over the globe — with the world’s governments and a mysterious ghost from Ethan’s past on their trail. Joined by new allies and armed with the means to shut the Entity down for good, Hunt is in a race against time to prevent the world as we know it from changing forever.

Cast:

* Tom Cruise as Ethan Hunt
* Hayley Atwell as Grace
* Ving Rhames as Luther Stickell
* Simon Pegg as Benji Dunn
* Henry Czerny as Eugene Kittridge
* Angela Bassett as Erika Sloane
* Esai Morales as Gabriel
* Pom Klementieff as Paris
* Mariela Garriga as Marie
* Pasha Lychnikoff as Captain Koltsov
* Holt McCallany as Serling Bernstein
* Janet McTeer as Walters
* Nick Offerman as General Sidney
* Hannah Waddingham as Admiral Neely
* Shea Whigham as Jasper Briggs
* Greg Tarzan Davis as Degas.
* Charles Parnell as Richards
* Rolf Saxon as William Donloe
* Tommie Earl Jenkins as Colonel Burdick
* Katy O'Brian as Kodiak
* Mark Gatiss as Angstrom, Head of the NSA
* Indira Varma as The Head of the DIA
* Tramell Tillman as Captain Bledsoe
* Lucy Tulugarjuk as Tapeesa",2025-05-14T19:59:05Z,movies,movies,entertainment,Entertainment,[],0,928,499,,0.91,https://www.reddit.com/r/movies/comments/1kmow0s/mission_impossible_the_final_reckoning_review/,MarvelsGrantMan136,2025-05-21T10:46:05.224185Z
1kmjwa0,reddit,Nicholas Hoult is so great.,"The guy has really been becoming one of my favorite actors in the past couple years. The guy is just so watchable and he is great in everything. Juror 2, Nosferatu, The Menu etc. I watched the new Superman trailer and I can tell that he’s gonna crush this role as Lex Luthor! He’s one of those actors now that when I hear that he’s in something, it immediately peaks my interest. Dude just has a likability and a charisma. He might be the best Lex Luthor since Gene Hackman!",2025-05-14T16:40:50Z,movies,movies,entertainment,Entertainment,[],0,924,217,,0.9,https://www.reddit.com/r/movies/comments/1kmjwa0/nicholas_hoult_is_so_great/,These_Feed_2616,2025-05-21T10:46:09.155857Z
1kd42id,reddit,New Character Posters for 'The Fantastic Four: First Steps',,2025-05-02T15:39:22Z,movies,movies,entertainment,Entertainment,[],0,922,133,,0.88,https://i.redd.it/txenz5l32eye1.jpeg,MarvelsGrantMan136,2025-05-21T10:46:11.704409Z
1ka2dmk,reddit,Ben Affleck visits the Criterion Closet,,2025-04-28T18:11:30Z,movies,movies,entertainment,Entertainment,[],0,921,202,,0.84,https://www.youtube.com/watch?v=3TJ2BlReus0,Planatus666,2025-05-21T10:46:13.543598Z
1klhzv6,reddit,What is the most unnecessary sequel of all time?,"There’s countless unnecessary sequels but which one stands out the most to you? 

The most obvious one for me is The Hangover sequels. Admittedly, they’re still pretty fun at times but leaving the first movie as a standalone would have been a much wiser decision in my opinion. They undoubtedly tarnished the original. ",2025-05-13T09:55:17Z,movies,movies,entertainment,Entertainment,[],0,910,1944,,0.89,https://www.reddit.com/r/movies/comments/1klhzv6/what_is_the_most_unnecessary_sequel_of_all_time/,FilmWaffle-FilmForum,2025-05-21T10:46:16.165832Z
1kefv07,reddit,Which actor shocked you with an unexpectedly great performance?,"I have seen actors performance performances that completely changed how I saw them in ways I didnt expect. Maybe it was a comedic actor suddenly showing the dramatic talent, or a side character stealing the spotlight. Im always fascinated by those moments when an actor breaks free of what we expect and delivers something raw, powerful, and unforgettable. Which performance truly shocked you and why ? I would love to hear examples that made you rethink everything you thought you knew about that actor.",2025-05-04T09:30:08Z,movies,movies,entertainment,Entertainment,[],0,917,1829,,0.9,https://www.reddit.com/r/movies/comments/1kefv07/which_actor_shocked_you_with_an_unexpectedly/,AvailableReality557,2025-05-21T10:46:20.817354Z
1ko7ecp,reddit,'Howard the Duck' Documentary About Marvel's Disastrous First Theatrical Feature Acquired by Anchor Bay,,2025-05-16T17:58:42Z,movies,movies,entertainment,Entertainment,[],0,910,106,,0.96,https://collider.com/howard-the-duck-documentary-theatrical-release-anchor-bay/,Minifig81,2025-05-21T10:46:25.646951Z
1kknfrh,reddit,Could it be true that George Lucas made and released several “secret films” that hardly anyone has seen?,"I was talking to a movie nerd friend on the weekend who is currently working as a camera assistant in Hollywood. He told me that there's a rumor that George Lucas has shot and released two or three small art-house type movies since selling Lucasfilm. However, those were shot under pseudonyms and hard NDAs for everyone involved. Which is why hardly anyone has seen or noticed them?

Can that really be the case?

",2025-05-12T08:30:53Z,movies,movies,entertainment,Entertainment,[],0,900,264,,0.86,https://www.reddit.com/r/movies/comments/1kknfrh/could_it_be_true_that_george_lucas_made_and/,GrueneWiese,2025-05-21T10:46:27.446656Z
1kobwzk,reddit,"Bruce Springsteen Biopic ‘Deliver Me From Nowhere’ Lands October 24, 2025 Release Date",,2025-05-16T21:08:16Z,movies,movies,entertainment,Entertainment,[],0,897,92,,0.89,https://variety.com/2025/film/news/bruce-springsteen-deliver-me-from-nowhere-release-date-1236401167/,KillerCroc1234567,2025-05-21T10:46:30.559937Z
1kqinfa,reddit,‘The Day The Earth Blew Up: A Looney Tunes Movie’ Sets Max Premiere Date - June 27,,2025-05-19T18:07:48Z,movies,movies,entertainment,Entertainment,[],0,894,42,,0.95,https://deadline.com/2025/05/the-day-the-earth-blew-up-a-looney-tunes-movie-premiere-date-max-1236404732/,MarvelsGrantMan136,2025-05-21T10:46:32.362290Z
1kf6vtd,reddit,What movies pulled the ultimate “uno reverse” card?,"Recently watched a movie called Stranger Darling (2023) expecting your typical run of the mill slasher. The non-linear storytelling made me think the guy was the serial killer, turns out it was the supposed “damsel in distress” the whole time. 

What other movies tricked you into believing something only to do a complete 180? ",2025-05-05T08:54:04Z,movies,movies,entertainment,Entertainment,[],0,886,699,,0.86,https://www.reddit.com/r/movies/comments/1kf6vtd/what_movies_pulled_the_ultimate_uno_reverse_card/,FilmWaffle-FilmForum,2025-05-21T10:46:33.828783Z
1ko818g,reddit,New Image from 'EXIT 8' - Live-action adaptation of the popular walking simulator game,"A man trapped in a endless sterile subway passageway sets out to
find Exit 8. The rules of his quest are simple: do not overlook anything
out of the ordinary. If you discover an anomaly, turn back immediately.
If you don’t, carry on. Then leave from Exit 8.
But even a single oversight will send him back to the beginning. Will
he ever reach his goal and escape this infinite corridor?",2025-05-16T18:24:18Z,movies,movies,entertainment,Entertainment,[],0,882,77,,0.92,https://i.redd.it/x1eux1sds61f1.png,mayukhdas1999,2025-05-21T10:46:37.616499Z
1k7ix5u,reddit,"Sam Raimi’s Survival Horror ‘SEND HELP’, Starring Dylan O’Brien & Rachel McAdams, Has Wrapped Filming",,2025-04-25T11:46:51Z,movies,movies,entertainment,Entertainment,[],0,874,39,,0.94,https://www.fangoria.com/sam-raimi-send-help-wrapped-filming/,MarvelsGrantMan136,2025-05-21T10:46:39.177408Z
1khtpve,reddit,The Conjuring: Last Rites | Official Teaser,,2025-05-08T16:00:41Z,movies,movies,entertainment,Entertainment,[],0,847,240,,0.84,https://www.youtube.com/watch?v=FSAz556s0fM,NoCulture3505,2025-05-21T10:46:40.319740Z
1k5xrzj,reddit,"First Poster for Crime-Thriller 'Sovereign' - Starring Nick Offerman, Jacob Tremblay, and Dennis Quaid - A father and son who identify as Sovereign Citizens, a group of anti-government extremists, find themselves in a standoff with a chief of police that sets off a manhunt.",,2025-04-23T12:21:39Z,movies,movies,entertainment,Entertainment,[],0,853,123,,0.92,https://i.redd.it/lr1k45flukwe1.jpeg,BunyipPouch,2025-05-21T10:46:42.601305Z
1kkrwqo,reddit,F1 — Official Trailer 2 | Apple TV+,,2025-05-12T13:00:13Z,movies,movies,entertainment,Entertainment,[],0,845,345,,0.86,https://www.youtube.com/watch?v=n-MDGqexqjQ,NoCulture3505,2025-05-21T10:46:44.380988Z
1kgzkus,reddit,HONEY DON'T - Official Trailer [HD] - Only in Theaters August 22,,2025-05-07T15:03:39Z,movies,movies,entertainment,Entertainment,[],0,847,197,,0.92,https://www.youtube.com/watch?v=Jzr6pHIZAI0,NoCulture3505,2025-05-21T10:46:47.885507Z
1kqp8wa,reddit,"I’m Simon Pegg and my film, Mission: Impossible – The Final Reckoning hits theatres on Friday, May 23. AMA.","**I’m Simon Pegg and I play Benji Dunn in the Mission: Impossible films. Some of my previous films have included Shaun of the Dead, Hot Fuzz, The Worlds End, and Star Trek. I’ll be back on Wednesday, May 21 at 10:45am ET to answer your questions.**                                                      

https://preview.redd.it/ljtavvpect1f1.jpg?width=1600&format=pjpg&auto=webp&s=c05a101270fbbf447ba53047aa0fbf4f8c35977e

",2025-05-19T22:30:40Z,movies,movies,entertainment,Entertainment,[],0,972,700,,0.92,https://www.reddit.com/r/movies/comments/1kqp8wa/im_simon_pegg_and_my_film_mission_impossible_the/,missionfilms,2025-05-21T10:46:50.075335Z
1kkaqoe,reddit,What are some of the best revenge lines you've heard in a movie?,"Star Trek  II: The Wrath of Khan

After being completely out manuvered by his nemesis James T. Kirk. Khan, played by Richardo Montalban, has one last move he can make. Bloodied and filled with hatred, he clutches the detonation device for project Genesis. On the view screen he can see that the Enterprise is badly damaged and only able to slowly limp away. Knowing that they will not be able to outrun the blast once detonated, Khan delivers a line from Herman Melville's novel Moby Dick.

""To the last, I will grapple with thee... from Hell's heart, I stab at thee! For hate's sake, I spit my last breath at thee!""

This moment of hate filled vengeance is absolutely incredible. What are some of your favorites?",2025-05-11T20:38:10Z,movies,movies,entertainment,Entertainment,[],0,831,487,,0.94,https://www.reddit.com/r/movies/comments/1kkaqoe/what_are_some_of_the_best_revenge_lines_youve/,Sp00kbee,2025-05-21T10:46:53.323076Z
1kcgsxq,reddit,OCEAN WITH DAVID ATTENBOROUGH | OFFICIAL TRAILER,,2025-05-01T19:05:21Z,movies,movies,entertainment,Entertainment,[],0,835,36,,0.96,https://www.youtube.com/watch?v=cIZAdCtKT_g,randolphquell,2025-05-21T10:46:56.828149Z
1kkb4ok,reddit,The Big Lebowski has more picture in the 4:3 version than the 16:9 widescreen cut,"So I was going through some old DVDs to back them up to my media server and popped in The Big Lebowski. Noticed the disc has two video tracks one in 4:3 and the other in 16:9 widescreen. I figured the 16:9 one was the “real” version since that’s what was apperantly shown in theaters.

But I realized the 4:3 version actually shows more of the image vertically kind of like an IMAX movie. -> look at the beer bottle at the top

I always thought 4:3 versions were just cropped in some way, but apparently not in this case. I’m debating which one to keep. I’m leaning towards the 4:3 because... well, more picture.

https://preview.redd.it/a47xpn9ku70f1.jpg?width=1080&format=pjpg&auto=webp&s=d32802ce8387b3bb9728ffefd6f0ae73e9e2609a

Since I can only add one picture here the scene in 16:9: [click](https://www.reddit.com/media?url=https%3A%2F%2Fpreview.redd.it%2Fthe-big-lebowski-dvd-has-more-picture-in-the-4-3-version-v0-u4rhg5m9u70f1.png%3Fwidth%3D2559%26format%3Dpng%26auto%3Dwebp%26s%3D08d83c5ff43a2868b084e8c467064a6e2f124983)

or as a youtube clip: [https://www.youtube.com/watch?v=gk5WiQWOXtY](https://www.youtube.com/watch?v=gk5WiQWOXtY)",2025-05-11T20:55:16Z,movies,movies,entertainment,Entertainment,[],0,831,138,,0.89,https://www.reddit.com/r/movies/comments/1kkb4ok/the_big_lebowski_has_more_picture_in_the_43/,desiigner1,2025-05-21T10:46:57.967623Z
1kg65vl,reddit,A24's 'Friendship' - Review Thread,"*A man tries to befriend his charismatic new neighbour, but it soon threatens to ruin both of their lives.*  
  
Director: Andrew DeYoung

Cast: Tim Robinson, Paul Rudd, Kate Mara, Jack Dylan Grazer

**Rotten Tomatoes:** [91%](https://www.rottentomatoes.com/m/friendship_2024)

**Metacritic:** [78/100](https://www.metacritic.com/movie/friendship/critic-reviews/)

Some Reviews:

[Chase Hutchinson - ](https://www.rottentomatoes.com/critics/chase-hutchinson)[TheWrap](https://www.rottentomatoes.com/critics/source/2205) 

>Never could the story be described as a series of sketches haphazardly stitched together as many comedies can fall into being. It looks and feels like a drama that is coming apart at the seams as Robinson careens his way through it.

[Fred Topel - ](https://www.rottentomatoes.com/critics/fred-topel)[United Press International](https://www.rottentomatoes.com/critics/source/2795)

>In Friendship, the world around Craig reacts appropriately to his inappropriate behavior. So whereas an Adam Sandler character, or Bill Murray before him, would endear himself to the audience, Craig just digs himself deeper and deeper.

[Marshall Shaffer ](https://www.rottentomatoes.com/critics/marshall-shaffer)\- [Slant Magazine](https://www.rottentomatoes.com/critics/source/821) \- 3/4

>But even for those in the audience whose mileage only goes so far with Robinson’s schtick, *Friendship* has more to offer than cringe-inducing, often bawdy humor. He and DeYoung expertly skewer the rituals that trap men in prisons of consumption and estrange them from their emotions. The film is deeply attuned to male malaise, though it steers away from offering anything resembling an overly academic thesis about its roots. More than anything, *Friendship* makes the conditions of modern masculinity feel as weird to watch as they are to understand

[Variety](https://www.rottentomatoes.com/critics/source/466) \- [Owen Gleiberman](https://www.rottentomatoes.com/critics/owen-gleiberman)

>Robinson’s brand of middle-class psycho surrealism works perfectly in bite-size sketch-comedy doses. Stretched out to feature length, a character like Craig simply stops making sense.

[AV Club](https://www.rottentomatoes.com/critics/source/833) \- [Jacob Oller](https://www.rottentomatoes.com/critics/jacob-oller) \- B-

>But it all relies on the chemistry between the abrasive Robinson and the too-cool Rudd. Their dynamic, either playing off each other or playing with the idea of each other when they’re not sharing the screen, is strong, and DeYoung keeps them both contained to the right frequencies throughout the film. I certainly wish Kate Mara had more to do, or even to react to, as Craig’s wife, but she makes her moments count. And, for better or for (much, much) worse, *Friendship* is one for the boys.



",2025-05-06T14:40:06Z,movies,movies,entertainment,Entertainment,[],0,825,329,,0.93,https://www.reddit.com/r/movies/comments/1kg65vl/a24s_friendship_review_thread/,ChiefLeef22,2025-05-21T10:47:00.194477Z
1k5bfi7,reddit,“Tombstone” has been released in 4K UHD on digital platforms and Blu-ray,,2025-04-22T17:00:20Z,movies,movies,entertainment,Entertainment,[],0,823,86,,0.95,https://whatsondisneyplus.com/tombstone-out-now-on-digital-4k-ultra-hd-blu-ray/,Pep_Baldiola,2025-05-21T10:47:03.217674Z
1kc4v3v,reddit,Which movie would you be dead within the first 10 minutes?,"I was discussing this with some friends yesterday : you know those movies where you just know you wouldn’t last ten minutes? Like, if I were in Jurassic World, I would probably be the one who, in a panic, locks themselves in the wrong pen... and finds out too late that I’m surrounded by velociraptors.",2025-05-01T09:49:59Z,movies,movies,entertainment,Entertainment,[],0,830,791,,0.9,https://www.reddit.com/r/movies/comments/1kc4v3v/which_movie_would_you_be_dead_within_the_first_10/,Dragon_kawai,2025-05-21T10:47:04.828515Z
1k61np5,reddit,First Images from 'The Old Guard 2',,2025-04-23T15:13:51Z,movies,movies,entertainment,Entertainment,[],0,816,128,,0.89,https://i.redd.it/68k0yc4fplwe1.jpeg,MarvelsGrantMan136,2025-05-21T10:47:08.919689Z
1k5fed2,reddit,Movies you loved as a kid & adult only to discover the movie had a negative reputation with critics & audiences. For me it’s got to be “Ghostbusters 2”,"I grew up loving Ghostbusters. The movies, the cartoons, and the toys.

But as I got older I started realizing more and more that “Ghostbusters 2” had a less than stellar reputation. That shocked me. I mean is it as good as the first? No. But it’s still a damn good time. It’s got a great plot device(negative charged slime), a scary bad guy(VIGO!), some fun set pieces(court room bust) but most all?
You get to spend time with these actors playing these characters. They have this wonderful chemistry together. 

They have such great chemistry. I remember coming across the IMDb score for the 2nd Ghostbusters. Back then it was much lower than it is now. In the 5/10 range. What gives?

I watched Roger Ebert and Gene Siskel, fans of the first film, rip the sequel to shreds. 

I would read how critics and audiences thought it’s a retread of the first film, it wasn’t funny, didn’t make sense. “Why are people still not believing in ghosts after the first film”. That last one never made sense to me. In the entire film only like 3 people say they don’t believe. One or which is an insane judge. Another a kid I mean…it’s 2025 and people still think we didn’t go to the moon or that the earth is flat. So I don’t think everyone would be accepting to the idea of ghosts and marshmallow men. 


So what are some other examples of films you loved then found out they weren’t as liked or respected as you imagined?",2025-04-22T19:37:41Z,movies,movies,entertainment,Entertainment,[],0,806,1261,,0.92,https://www.reddit.com/r/movies/comments/1k5fed2/movies_you_loved_as_a_kid_adult_only_to_discover/,MrGittz,2025-05-21T10:47:10.603970Z
1kl1kiz,reddit,"What movie did you love as a child, only to find out that it's critically trashed?","Cat in the Hat. It's full of whimsy, with great set and costume design. I would’ve loved to visit a Cat in the Hat-themed park. Mike Myers delivered the perfect blend of quirky and weird—a weirdass giant cat wreaking havoc in a suburban house inhabited by two children.


Why did the critics hate this?


I just looked it up, it said it was criticized for having adult humor. Good thing I didn't understand shit lol. Yeah, maybe don't put weird jokes on children's movies. The movie's critical and box office failure led to cancellation of all future live-action adaptations of Dr. Seuss works lmaooooo.
",2025-05-12T19:29:22Z,movies,movies,entertainment,Entertainment,[],0,805,1261,,0.9,https://www.reddit.com/r/movies/comments/1kl1kiz/what_movie_did_you_love_as_a_child_only_to_find/,offline55555,2025-05-21T10:47:15.187207Z
1klppoq,reddit,'Final Destination: Bloodlines' - Review Thread,"*Plagued by a violent and recurring nightmare, a college student heads home to track down the one person who might be able to break the cycle of death and save her family from the grisly demise that inevitably awaits them all.*

Director: Zach Lipovsky, Adam Stein

**Rotten Tomatoes:** [94%](https://www.rottentomatoes.com/m/final_destination_bloodlines)

**Metacritic:** [75/100](https://www.metacritic.com/movie/final-destination-bloodlines/)

Some Reviews:

[The Hollywood Reporter - Frank Schech](https://www.hollywoodreporter.com/movies/movie-reviews/final-destination-bloodlines-review-1236214028/)

>It’s not whether but *how* the victims will die that gives these films their juice, and *Final Destination Bloodlines* doesn’t disappoint. It does get bogged down in a tedious plotline revolving around dysfunctional family dynamics that makes you impatient for the deaths to start coming. But once they do, the grisly fun resumes. The gory set pieces, involving such things as a lawnmower, a garbage truck, and, most spectacularly, an MRI machine, are so cleverly orchestrated that the audience at the preview screening applauded each one as if they were song-and-dance numbers. The combination of CGI and practical effects works seamlessly, and the sequences are sadistically edited for maximum tension, which is thankfully relieved by frequent doses of mordant humor.

[DEADLINE - Gregory Nussen](https://deadline.com/2025/05/final-destination-bloodlines-review-1236394628/)

>It’s a raucously good time, replete with enough subtle nods to previous entries and cheekily placed music cues for the most loyal of the franchise’s fans. That it also includes some genuinely heartfelt moments, including a nicely written farewell to the series’ lone consistent member William Bludworth (the late, truly great Tony Todd), is a delicious cherry on top of this reliable, horrific recipe dripping in blood and guts.

[IGN - Tom Jorgensen](https://www.ign.com/articles/final-destination-bloodlines-review) \- 8/10 (Great)

>In Final Destination: Bloodlines, death is the life of the party. There’s little novelty to the boilerplate family trauma plot of this sixth Final Destination movie, but what its comedy-forward take on the franchise’s established formula lacks in thematic depth, it more than makes up for with delightful, well-designed kills and boundless gallows humor. A testament to the powerful, simple joy of a well-executed setup and payoff, Bloodlines’ lethal Rube Goldberg machines are tactile and satisfying, benefiting from a solid blend of goopy practical and visual effects. It’s a fantastic jumping-on point for new fans, but the Final Destination faithful are well taken care of with cheeky references to previous movies and a truly poignant farewell from one of the horror genre’s late kings, Tony Todd.

[The Guardian - Radheyan Simonpillai](https://www.theguardian.com/film/2025/may/13/final-destination-bloodlines-review-horror) \- 4/5

>Where Bloodlines excels is in the clever and often diabolical storytelling craft and visuals. There’s a decadence in the film-making that isn’t at odds with the campy nature of Final Destination but instead realizing its full potential.

[AV Club - Jacob Oller ](https://www.avclub.com/final-destination-bloodlines-review)\- B-

>As the *Final Destination* films have continued on, they’ve gotten meaner, less superficially concerned with survival and more explicitly giddy at the prospect of a nasty death trap or a jumpy “crushed by a huge thing in an instant” reversal. *Final Destination Bloodlines* embraces this late-period slasher-minus-slasher construction, with Lipovsky and Stein eagerly constructing deaths into applause moments celebrated with the same bursts of bloody confetti. These movies are built to be splattery supercuts showcasing the warped imaginations of horror filmmakers and special effects professionals, exploiting the call of the void that everyday objects can sound throughout our lives. *Bloodlines* does so playfully and lightly, without getting bogged down by franchise lore or pesky cinematic tropes like “characters.” The long gap between series entries means the film doesn’t need to subvert expectations, but merely play into them—in doing so, it’s a success as simple as its death traps are convoluted.

[Next Best Picture - Josh Parham](https://nextbestpicture.com/final-destination-bloodlines/) \- 7/10

>This franchise loves to utilize the wind as an element to signal death’s encroaching presence. It was easy to fall into parody before, but there, it was deployed in a manner that is both unsettling and ludicrous. That is the perfect summation of this film. It swerves towards originality in some places and doesn’t break the mold in others, but it has a firm grasp on exuberant violence that will captivate a cheering audience that revels in a character being squashed under a falling piano. If you’re that type of sicko, then this one will be one of the better rides this series has to offer.",2025-05-13T16:02:11Z,movies,movies,entertainment,Entertainment,[],0,794,316,,0.93,https://www.reddit.com/r/movies/comments/1klppoq/final_destination_bloodlines_review_thread/,ChiefLeef22,2025-05-21T10:47:18.789174Z
1ko4ar6,reddit,Lionsgate’s ‘Ballerina’ Sets Russia Release as Studios Say Cold War Thaw Is ‘Inevitable’ (EXCLUSIVE),,2025-05-16T15:52:18Z,movies,movies,entertainment,Entertainment,[],0,783,217,,0.85,https://variety.com/2025/film/global/ballerina-russia-release-studios-cold-war-thaw-inevitable-1236397121/,CourtofTalons,2025-05-21T10:47:21.711981Z
1kh7nng,reddit,Have you ever seen someone get legit angry at a movie?,"Have you ever seen someone actually get really mad at a movie or have you yourself done this? yell at the screen or shake your fist in anger or just show visible disgust? I've never myself, but I remember My dad, who was an angry man, for 2 movies. The very end of Pleasantville, He got pretty pissed off at that. and also Atonement the twist He waved his hand at the screen In disgust, when he realized what was going on. And both times I thought it was really funny.",2025-05-07T20:27:21Z,movies,movies,entertainment,Entertainment,[],0,779,1648,,0.91,https://www.reddit.com/r/movies/comments/1kh7nng/have_you_ever_seen_someone_get_legit_angry_at_a/,Ghostmoderator,2025-05-21T10:47:24.187727Z
1kpqvsx,reddit,What movie were you SUPER hyped for that turned out to be...something else entirely.,"Not necessarily ""they said it was gonna be good, but it was actually bad."" Any movie you feel was kind of built up on a certain sales pitch that ended up being something completely different when you watched it?

For me, something like ""Bad Times At The El Royale"" comes to mind, where i feel like i was sold a quirky, weird, all-out-gun-fest like Smoking Aces, but experienced a more subdued, measured, and secretive movie. Being in the wrong headspace going in kinda made me feel like i got ripped off.",2025-05-18T18:31:41Z,movies,movies,entertainment,Entertainment,[],0,774,1327,,0.92,https://www.reddit.com/r/movies/comments/1kpqvsx/what_movie_were_you_super_hyped_for_that_turned/,schlongjohnson69,2025-05-21T10:47:28.349100Z
1kj980j,reddit,"New images of Alison Brie & Dave Franco in Neon's ""TOGETHER""; scheduled to release on 30.7.2025",,2025-05-10T12:33:35Z,movies,movies,entertainment,Entertainment,[],0,773,56,,0.86,https://i.redd.it/w4q0jofc8yze1.jpeg,clubofab7,2025-05-21T10:47:33.137983Z
1kcjlj4,reddit,Yorgos Lanthimos and Emma Stone’s ‘Bugonia’ Sets New Fall Release Date (October 31st),,2025-05-01T21:03:58Z,movies,movies,entertainment,Entertainment,[],0,765,108,,0.92,https://variety.com/2025/film/news/yorgos-lanthimos-emma-stone-bugonia-new-fall-release-date-1236384269/,KillerCroc1234567,2025-05-21T10:47:34.483288Z
1kppsfe,reddit,What movie is proof you should never judge a movie by its cover?,"Thought I’d make this post after watching Tucker & Dale vs Evil. Expected a typical b-movie slasher, turns out it’s way more than that. Genuinely funny, likeable characters and a wildly entertaining plot. It gave me Cabin in the Woods vibes. 

What movies are great examples of not judging a movie by its cover/first impressions? ",2025-05-18T17:45:30Z,movies,movies,entertainment,Entertainment,[],0,763,485,,0.92,https://www.reddit.com/r/movies/comments/1kppsfe/what_movie_is_proof_you_should_never_judge_a/,FilmWaffle-FilmForum,2025-05-21T10:47:36.227194Z
1ko0i6o,reddit,"What’s a movie that you loved growing up, but then you showed it to your kids and were all excited but your kids were like “really dad?” (Or mom)","For me it was “The Jerk” with Steve Martin. I hyped it up as the funniest thing ever. The kids were completely bored and left the room one by one. They didn’t laugh once, and I felt embarrassed for making such a big deal out of it. 

It kind of ruined the movie for me and made me question my tastes.

What is that movie for you?",2025-05-16T13:12:19Z,movies,movies,entertainment,Entertainment,[],0,764,882,,0.95,https://www.reddit.com/r/movies/comments/1ko0i6o/whats_a_movie_that_you_loved_growing_up_but_then/,NationalDisgrace40,2025-05-21T10:47:40.219906Z
1kdzoml,reddit,"AMA/Q&A Announcement - Joel McHale - Wednesday 5/21 at 3:00 PM ET - Actor and comedian from 'Community', 'The Soup', 'Animal Control', 'Becky', 'California King', 'Ted', 'The Bear', 'A Futile and Stupid Gesture', and much more.",,2025-05-03T18:28:33Z,movies,movies,entertainment,Entertainment,[],0,764,82,,0.87,https://i.redd.it/4ikuo5fw0mye1.png,BunyipPouch,2025-05-21T10:47:44.246125Z
1knit7c,reddit,'Hurry Up Tomorrow' - Review Thread,"*A musician plagued by insomnia is pulled into an odyssey with a stranger who begins to unravel the very core of his existence.*

Cast: The Weekend, Jenna Ortega, Barry Keoghan

**Rotten Tomatoes:** [0%](https://www.rottentomatoes.com/m/hurry_up_tomorrow/reviews)

**Metacritic:** [29%](https://www.metacritic.com/movie/hurry-up-tomorrow/)

Some Reviews:

[AV Club - Jesse Hassenger](https://www.avclub.com/hurry-up-tomorrow-review)

>*Hurry Up Tomorrow* is pure shtick, none of it funny. Shults changes aspect ratios and halfheartedly revives some 360-degree shots from *Waves*. Tesfaye grapples self-pityingly with his weaknesses. Keoghan natters. Everyone sheds elegant tears when recalling the vague traumas of their backstory. The movie is 105 minutes long and would feel stretched thin even if cut down to the cutscene bookends of a music video. It is a thing you can see, technically.

[RogerEbert - Clint Worthington](https://www.rogerebert.com/reviews/hurry-up-tomorrow-weeknd-jenna-ortega-movie-review-2025) \- 0.5/5

>“Hurry Up Tomorrow” takes its star’s caterwauling about how *hard* it is to be famous and heartbroken for granted, and expects its audience to roll with every self-inflicted wound. It’s vapid, meandering, and insistent on its own profundity as a tale of an artist reckoning with fame. If you’re looking for a pop star prodding at his image, turn to the far superior “[Better Man](https://www.rogerebert.com/reviews/better-man-robbie-williams-film-review)“; at least Robbie Williams has a sense of humor about his personal foibles. The Weeknd expects you to clap when he weeps.

[Reel Talk with Chuck and Pam](https://www.rottentomatoes.com/critics/source/3848) \- [Charles Koplinski ](https://www.rottentomatoes.com/critics/charles-koplinski)\- 0/5

>You don’t watch this film so much as try to survive it.

[BloodyDisgusting - Meagan Navarro](https://bloody-disgusting.com/reviews/3868604/hurry-up-tomorrow-review-an-exhausting-psychological-exercise-in-vanity/) \- 1.5/5

>What’s meant more as a baptism by fire that could double as a metaphorical rebirth instead rings hollow. That Shults and Tesfaye opt for a more experimental, emotion-driven form of visual storytelling over conventional narrative further alienates. It all makes for an exhausting show of empty vanity.

[Toronto Star - Alexander Mooney](https://www.thestar.com/entertainment/movies/the-weeknds-hurry-up-tomorrow-is-a-laughable-psychodrama-thats-not-only-bad-its-boring/article_953efb71-c023-4616-908a-e0cc601b9a16.html) \- 0.5/4

>The film’s circuitous narrative takes two agonizing hours to unveil its true colours, with desperate, borrowed abstractions striving to ennoble the flailing creative endeavours of the artist whose subconscious we’re trapped in. “Hurry Up Tomorrow” is remarkable in its ceaseless and shameless capacity for failure, constantly finding new and innovative ways to fall flat on its face.

[Globe & Mail - Brad Wheeler](https://www.theglobeandmail.com/arts/film/reviews/article-hurry-up-tomorrow-is-an-eye-acting-exhibition-and-moody-music-video/)

>In one way or another, Tesfaye has been telling this story of toxic relationships and inner unrest through the Weeknd his whole career. He has hinted that he would be putting the stage persona to rest. If this film is any indication, it needs to happen tomorrow.

[We Live Entertainment](https://www.rottentomatoes.com/critics/source/2789) \- [Aaron Neuwirth](https://www.rottentomatoes.com/critics/aaron-neuwirth) \- 'D'

>The intensity that should seemingly be shared by Tesfaye and Ortega doesn’t quite emerge as effectively as needed. Instead, there seems to be some dark comedy on display, intentional or not, that undercuts the results.",2025-05-15T20:41:55Z,movies,movies,entertainment,Entertainment,[],0,754,501,,0.93,https://www.reddit.com/r/movies/comments/1knit7c/hurry_up_tomorrow_review_thread/,ChiefLeef22,2025-05-21T10:47:45.938820Z
1kc9aze,reddit,Movies that spoil other movies?,"I'm currently in the hospital with my wife for the birth of our second child. To take her mind off labor pain, we watched one of her favorite cheesey movies - *50 First Dates*. As we watched it, I picked up on something I hadn't noticed in previous viewings.

There is a scene where Drew Barrymore's character Lucy invites her dad and brother to watch *The Sixth Sense*, which is new to her but not them (due to her memory problems). When talking about it afterwards, Lucy says something like ""I can't believe Bruce Willis was a ghost the whole time!"", thus spoiling the ending of that movie. 

It caught me off guard because it was so blatant. But that got me wondering: are there other examples of a movie spoiling a different, completely unrelated movie? ",2025-05-01T13:54:19Z,movies,movies,entertainment,Entertainment,[],0,754,256,,0.93,https://www.reddit.com/r/movies/comments/1kc9aze/movies_that_spoil_other_movies/,G_Force,2025-05-21T10:47:49.997888Z
1ka4hm3,reddit,What’s the best line from a character who only had one line in a movie?,"Was thinking about this after rewatching *Air Force One* (1997). There’s this random military guy who gets his one moment and absolutely nails it:

>**“Liberty 2-4 is changing call signs! Liberty 2-4 is now Air Force One!”**

Gives me chills every time. Dude had one job and he crushed it.

  
What’s your favorite example of an actor or character getting just *one* line, but it being super memorable? Could be serious, funny, iconic, whatever.",2025-04-28T19:38:14Z,movies,movies,entertainment,Entertainment,[],0,760,605,,0.92,https://www.reddit.com/r/movies/comments/1ka4hm3/whats_the_best_line_from_a_character_who_only_had/,Professional_Rent261,2025-05-21T10:47:52.838958Z
1kg946e,reddit,"AMA/Q&A Announcement: Ana de Armas - Tuesday 5/13 at 11:00 AM ET - Oscar-Nominated Actress and Star of Ballerina, Knives Out, Blonde, Blade Runner 2049, No Time To Die, Ghosted, The Gray Man, Deep Water",,2025-05-06T16:38:46Z,movies,movies,entertainment,Entertainment,[],0,752,135,,0.86,https://i.redd.it/xlj7aa78w6ze1.png,BunyipPouch,2025-05-21T10:47:56.954744Z
1khpjqq,reddit,Materialists | Official Trailer 2 HD | A24,,2025-05-08T13:01:55Z,movies,movies,entertainment,Entertainment,[],0,753,396,,0.82,https://youtu.be/QXZ6znSpEh0?si=-YegbPDO0lEmbWwB,Comic_Book_Reader,2025-05-21T10:47:59.364201Z
1kqcax6,reddit,What movie made you think “what on earth did I just watch?”,"I don’t necessarily mean in a good or bad way either. Just something that left you so gobsmacked you weren’t sure whether you loved it or hated it. 

Sorry to Bother You is a good example. I watched it recently after seeing a lot of people saying how crazy it was. It’s safe to say, I was not disappointed. Over the past week or two I’ve grown to appreciate it but after my first watch, I wasn’t entirely sure what to think. ",2025-05-19T13:55:22Z,movies,movies,entertainment,Entertainment,[],0,750,1793,,0.91,https://www.reddit.com/r/movies/comments/1kqcax6/what_movie_made_you_think_what_on_earth_did_i/,FilmWaffle-FilmForum,2025-05-21T10:48:02.962586Z
1kct408,reddit,"Shudder Acquires GOOD BOY, A Haunted House Movie Told from Dog’s Perspective",,2025-05-02T05:10:26Z,movies,movies,entertainment,Entertainment,[],0,749,61,,0.96,https://bloody-disgusting.com/movie/3866584/shudder-acquires-good-boy-haunted-house-movie-told-from-dogs-perspective/,exophrine,2025-05-21T10:48:07.096332Z
1k4o61c,reddit,"April 18-20 Box Office Recap: 'Sinners' opens with a fantastic $48 million domestically, making it the best opening for a live-action original film in years. Meanwhile, 'A Minecraft Movie' crosses $700 million worldwide.","https://preview.redd.it/ve54b1yp29we1.png?width=1920&format=png&auto=webp&s=d66d93333fd7c823d8b731a79eebfac3bfbba7ad

On Easter weekend, audiences decided to go watch ***Sinners***. The result? A #1 debut, and the biggest debut for an original film in the post-COVID era. While ***A Minecraft Movie*** had to cede the top spot, it's already over $700 million worldwide.

The Top 10 earned a combined $127.9 million this weekend. That's up a massive 109.7% from last year, when ***Civil War*** held the top spot from disappointing newcomers like ***Abigail*** and ***The Ministry of Ungentlemanly Warfare***.

Debuting atop, Ryan Coogler's ***Sinners*** earned a fantastic $48 million in 3,308 theaters. This is the best debut for Coogler's career outside the ***Black Panther*** films. In fact, it's the biggest debut for a live-action original film in the post-COVID climate, opening above ***Nope*** ($44.3 million).

Simply put, it's a fantastic start. Take into account, getting an original film to open this high is a miracle, given that audiences are pivoting to focusing on franchises. It's a testament to the strength of Ryan Coogler and Michael B. Jordan. So how they did succeed where other original films failed?

For the past decade, Coogler has earned some great good will, thanks to his works in films like ***Creed*** and ***Black Panther***. The films have earned fantastic reception, allowing him to finally get an original title like ***Sinners*** to get greenlit. It wasn't easy, obviously; a big reason why some studios turned it down was Coogler's request to have the film rights revert to him after 25 years. So Warner Bros. took the bullet and agreed to his terms, [a decision that apparently scared a lot of Hollywood executives.](https://www.vulture.com/article/to-hollywood-the-scariest-part-of-sinners-is-ryan-coogler.html)

The film's clear selling point was Coogler and Jordan, but the premise was also very important: a 1930s horror film, with Jordan playing twins. 2025 has been very weak for horror; the biggest horror film is ***The Monkey***, which hasn't even topped $70 million worldwide. The audience was starving for a horror film and ***Sinners*** arrived at the right time to offer just that. The film's fantastic reviews cannot be ignored either; it's sitting at a marvelous 98% on Rotten Tomatoes and 84/100 on Metacritic. That makes it one of the best films of the year, so even non-horror fans wanted to see if the film would live up to the hype.

According to Warner Bros., the biggest demos were black (49%), Caucasians (27%), Hispanic and Latino (14%), and Asian (6%). They gave it an incredible ""A"" on CinemaScore. This makes it one of the few horror films to get an ""A"" on the site (***Poltergeist*** and ***Aliens*** are the other two) in its 46-year-old history. Yes, it's insanely hard for a horror film to get this grade.

What does this mean? That the film is gonna have some damn great legs. It's already seen in the weekend; horror films can drop over 40% on Sunday, yet ***Sinners*** dropped just 25%. With no horror competition till ***Final Destination: Bloodlines***, ***Sinners*** can have a lot of space. For now, we're predicting a $170 million domestic total for the film, which is simply fantastic all around.

***A Minecraft Movie*** dropped 48% this weekend, grossing $40.4 million. That's not a bad drop, but it's still rough just like last week's. The film is not collapsing, but it's not showing great legs either. The film has amassed $343.8 million so far, and it should still hit over $450 million domestically. 

Unsurprisingly, ***The King of Kings*** benefitted from the Easter weekend. It dipped just 9%, earning $17.5 million this weekend. That's one of the best holds for a film playing at over 3,000 theaters. Through 10 days, the film has earned $45.6 million, although with the holiday over, maybe it will have a steep drop next weekend.

20th Century Studios' ***The Amateur*** was hit by the arrival of ***Sinners***. It dropped a rough 53%, earning $7 million this weekend. While the film was aiming an old audience that doesn't go to opening weekend, it looks like the film is struggling to leg out. Through 10 days, the film has earned a weak $27.1 million, and it remains a question mark if it will hit $40 million domestically.

In fifth place, A24's ***Warfare*** dipped 42%, adding $4.8 million this weekend. Through 10 days, the film has earned $17.1 million, and it will probably end its run with around $25 million domestically.

Universal/Blumhouse's ***Drop*** added $3.2 million this weekend, which is a poor 55% drop after its already low start. Despite positive reviews and word of mouth, the audience doesn't appear to be interested in the film. Through 10 days, it has earned just $13.4 million, and it's now guaranteed to miss $20 million domestically, making it one of Blumhouse's lowest grossing titles.

***COLORFUL STAGE! The Movie: A Miku Who Can’t Sing*** managed to sneak into the seventh spot, despite playing in just 800 theaters, earning $2.8 million this weekend.

Focus Features' re-release of ***Pride & Prejudice*** earned $2.8 million in 1,393 theaters. That takes its lifetime total to $41.3 million.

***The Chosen: Last Supper — Part 3*** collapsed 75% this weekend, earning just $1.5 million this weekend. Through all 3 installments, the show has made $42.9 million so far.

Rounding up the Top 10 was Disney's ***Snow White***, which is nearing the end of its run. It had another brutal 58% drop, earning just $1.2 million this weekend. The film's domestic total stands at a poor $84.6 million so far.

Bleecker Street released ***The Wedding Banquet*** in 1,142 theaters, although the film earned just $922,906. That means that the film is gonna make less than what Ang Lee's original made back in 1993 ($6.9 million).

But the real worst performer of the week was Briarcliff's animated film ***Sneaks***. Despite playing in 1,500 theaters, the film earned an abysmal $530,786 this weekend. That's one of the worst debuts for a film playing in over 1,000 theaters. Expect this to fade quickly.

Ahead of its wide release this week, A24's ***The Legend of Ochi*** debuted in 4 theaters, earning $52,514. That's a $13,129 per-theater average, which is quite low (usually buzzy titles like this make $25K or more). Let's just hope it can do better when it hits wide release.

Janus Films also released David Cronenberg's ***The Shrouds*** in 3 theaters, where the film earned $49,361. Alos a low $16,454 per-theater average. It will continue expanding in the coming weeks.

#**OVERSEAS**

***A Minecraft Movie*** earned $59 million overseas, taking its worldwide total to $720 million. The best markets are the UK ($59.2M), Germany ($27.8M), Australia ($27.4M), Mexico ($24.8M) and China ($24M). The billion mark is becoming more and more likely, pals.

***Sinners*** earned $15.4 million in 71 markets, taking its worldwide numbers to $63.5 million. The best debuts were in the UK ($3.2M), France ($2M), Mexico ($1.1M), Germany ($898K) and Australia ($842K). An okay start, but it's pretty clear it's gonna lean heavily on the domestic side.

***The Amateur*** added a further $11.6 million this weekend, for a $63.8 million worldwide total. The best markets are the UK ($4.1M), France ($3.3M), Mexico ($3.2M), Japan ($2.3M) and Spain ($2M). At the very least, it should hit $100 million worldwide. That'd be great if it didn't cost $60 million.

#**FILMS THAT ENDED THEIR RUN THIS WEEK**

Movie | Release Date | Studio | Domestic Opening | Domestic Total | Worldwide Total | Budget |
----------|----------|----------|:--------:|:--------:|:--------:|:--------:
*Dog Man* | Jan/31 | Universal | $36,001,940 | $97,970,355 | $140,534,355 | $40M

- DreamWorks' ***Dog Man*** has ended its run with $97 million domestically and $140 million worldwide. Definitely a success, given it cost just $40 million. But something weird about the film are its legs. Normally, animated films leg out to a 3x multiplier. But ***Dog Man*** finished with just a 2.72x multiplier, making it one of the most front-loaded animated films. While the Super Bowl impacted its second weekend, not hitting the $100 million milestone after its debut is kinda disappointing. But then again, this should be enough if DreamWorks wants a new franchise.

#**THIS WEEKEND**

We've got three wide releases, though it's unlikely any of them can take the top spot.

The closest that could challenge the top spot is Amazon MGM's ***The Accountant 2***, which brings back Ben Affleck, Jon Bernthal, Cynthia Addai-Robinson, and J. K. Simmons in their roles. The original film earned $155 million worldwide, and has been a huge success in streaming and home media, so a sequel was pretty much imminent. Although the 9-year gap raises concerns that they might have waited too long.

Another release is Sony's ***Until Dawn***, an adaptation of the video game. Director David F. Sandberg has had success in the horror field, and in fairness, the movie tries to change things up from the game. Nevertheless, the film's premise (a time loop involving different killers) suggests it pretty much abandoned the game's original plot. It remains to be seen if the fans will be willing to buy a ticket.

And as mentioned, A24's ***The Legend of Ochi*** is hitting wide release. The limited release numbers were quite underwhelming, but perhaps it could surprise when it hits wide release.

____________________________________________________________________________________________

If you're interested in following the box office, come join us in r/BoxOffice.",2025-04-21T20:45:46Z,movies,movies,entertainment,Entertainment,[],0,746,119,,0.93,https://www.reddit.com/r/movies/comments/1k4o61c/april_1820_box_office_recap_sinners_opens_with_a/,SanderSo47,2025-05-21T10:48:08.545357Z
1k4ez4h,reddit,Remember when Tom Hanks who made a great transition from successful comedy films to a big bunch of drama films. Which other actors who started off comedy made a big jump to a dramatic actor?,"Tom Hanks in his beginning run in Hollywood had a bunch of comedy films success like Splash 1984, even one of the film with Dan Aykroyd released in 1987 I can't remember the name of it, Big 1988, Turner and Hoach 1989, The Burbs 1989, A league of their own 1992 and others. But until he did Philadelphia 1993 he became a dramatic actor and even he did Forrest Gump afterwards he had a great transition.

But which other actors who started out comedy then became a dramatic actor just like Tom Hanks did the jump from a goofy actor to serious actor well any suggestions about this?",2025-04-21T14:31:54Z,movies,movies,entertainment,Entertainment,[],0,735,794,,0.84,https://www.reddit.com/r/movies/comments/1k4ez4h/remember_when_tom_hanks_who_made_a_great/,JazzlikeTea7432,2025-05-21T10:48:10.516901Z
1k72l9p,reddit,What's the greatest fake sports moment or athlete cameo in a movie or TV show?,"What's the greatest fake sports moment or athlete cameo in a movie or TV show? I know there  are a lot to choose from. I think it’s even better when the athletes go along with the joke. 

My answer is Mark Wahlberg’s character in the Other Guys. If you don’t know he plays a cop and accidentally shot Derek Jeter on the night of game 7 of the World Series. 

",2025-04-24T20:30:57Z,movies,movies,entertainment,Entertainment,[],0,731,737,,0.89,https://www.reddit.com/r/movies/comments/1k72l9p/whats_the_greatest_fake_sports_moment_or_athlete/,Past-Outside8050,2025-05-21T10:48:14.756845Z
1kiwquz,reddit,4-time Oscar winning makeup artist Greg Cannom Dies at 74,,2025-05-09T23:45:32Z,movies,movies,entertainment,Entertainment,[],0,724,15,,0.93,https://www.fangoria.com/greg-cannom-dead-at-74/,AMA_requester,2025-05-21T10:48:18.467782Z
1kcyipj,reddit,"in honor of dogma's 25th anniversary, here are 25 fun facts about dogma","in the bar scene, jay can be seen nodding off in the background. this wasn't a gag. jason mewes was actually strung out on heroin during filming.

prior to signing onto the movie, alan rickman only had two questions. would the angel wings be real and would his dialogue be filmed as written. kevin smith assured him that the wings would be real and the dialogue would be filmed as written. rickman enthusiastically signed on. 

george carlin had recently lost his wife prior to filming and asked kevin smith if there was someway he could film his scenes with his wedding ring on because he didn't feel ready to take it off. smith noted how the normally very calm carlin was very nervous when asking. smith and carlin both decided that carlin would wear a band aid on the finger with the ring to hide it. however, this was actually unnecessary since cardinals are given special rings to wear. oh well. hindsight is 20 20.

in a rare move for a kevin smith movie, the bulk of the movie was not shot in new jersey. rather, it was largely filmed in pittsburgh.

alanis morissette was originally offered the role of bethany but she couldn't commit to it due to her world tour. by the time morissette was available, linda fiorentino had been cast in the role. smith gave her the role of god instead.

kevin smith planned to make a sequel in the aftermath of 911 which would have focused on islam. the movie would have been about bethany's daughter who would have gone on an adventure to save humanity with the aid of jay and silent bob. smith eventually decided against it, deciding that the subject matter was too complicated for him to handle gracefully.

rufus's line ""know him? that N word owe me 12 bucks"" was improvised by chris rock, one of only a few things that he ad libbed for the movie.

an early draft of the script featured a scene where jay and silent bob sing.

holly hunter was kevin smith's original choice for the role of god. this is why jay refers to god as ""the chick from the piano"" in the film. however, hunter was unavailable. emma thompson was also offered the role but she declined due to her pregnancy. 

before jason lee was cast as azarael, bill murray, adam sandler, and john travolta were considered. sandler was even offered the role but declined due to his commitment to big daddy. 

both albert brooks and chevy chase were considered for the role of cardinal glick.

this movie was the first of 3 consecutive collaborations between kevin smith and george carlin. carlin was later cast in smith's films jay and silent bob strike back and jersey girl.

when alanis morissette was unavailable to play bethany, janeane garofalo, joey lauran adams, and gillian anderson were also considered.  

the adulterer on the train is played by scott mozier, the film's co producer and a good friend of kevin smith.

kevin smith approached robert rodriguez to direct the movie. rodriguez liked the script but felt that the film was super personal for smith and that he should be the one to direct it.

in addition to being the most fantasy oriented of the view askewniverse movies, dogma also holds the distinction of being the only movie in the series where the protagonist is not a man.

before howard shore was hired to compose the film's score, danny elfman was offered the chance but was unavailable. 

kevin smith actually wrote the movie before clerks was even a thought. however, upon listening to a radio interview with robert rodriguez about writing around your limitations, smith decided to put the project off and make clerks instead. he considered making dogma as his followup to clerks but decided that he needed more experience.

the mooby's playground was built specifically for the movie and was deliberately modelled like a meat grinder.

kevin smith briefly toyed with making the end be god answering bethany's ""why are we here"" question with ""i've got just one word for you...plastics"" which would have resulted in everyone's heads blowing up.

samuel L jackson and will smith were both offered the role of rufus. 

in addition to writing, directing, and starring in the film, kevin smith also helped puppeteer the wings on the angels. 

if you look very carefully, you'll notice that all the angels are dressed the same way. the only difference is the colors of their outfits.

gwyneth paltrow, a friend of ben affleck, actually visited the set of the airport scene. during the scene where ben and matt are sitting, paltrow was sitting just off camera. 

despite the controversy surrounding it's release, dogma was lionsgate's highest grossing movie until the 2004 release of crash.",2025-05-02T11:24:06Z,movies,movies,entertainment,Entertainment,[],0,719,92,,0.91,https://www.reddit.com/r/movies/comments/1kcyipj/in_honor_of_dogmas_25th_anniversary_here_are_25/,herequeerandgreat,2025-05-21T10:48:19.542868Z
1kmca3g,reddit,"‘Spring Breakers 2’ Set With New Cast: Bella Thorne, ‘Stranger Things’ Star Grace Van Dien and More",,2025-05-14T11:01:02Z,movies,movies,entertainment,Entertainment,[],0,716,221,,0.85,https://variety.com/2025/film/global/spring-breakers-2-belle-thorne-sequel-1236397224/,NoCulture3505,2025-05-21T10:48:21.369121Z
1kanrhz,reddit,Kathy Bates Tells Director Rob Reiner She Regrets Toning Down Misery Violence,,2025-04-29T13:19:57Z,movies,movies,entertainment,Entertainment,[],0,706,79,,0.94,https://www.indiewire.com/news/festivals/rob-reiner-and-kathy-bates-on-misery-at-tcm-fest-1235118817/,indiewire,2025-05-21T10:48:23.598183Z
1kao7gu,reddit,New Poster for “Bring Her Back”,,2025-04-29T13:40:35Z,movies,movies,entertainment,Entertainment,[],0,710,53,,0.93,https://i.redd.it/takxznv92sxe1.jpeg,KillerCroc1234567,2025-05-21T10:48:25.153048Z
1kezfs7,reddit,What’s a movie you want a sequel to but know you’ll never get?,"Mine is and always will be BASEKETBALL. Even with Zucker not producing and directing anymore, Matt and Trey have proved to be smart enough to take on satire of anything and make it worthwhile. Plus they’re actually sports fans so you know they know about all the scandals that have been happening across all sports that are ripe for parodying.",2025-05-05T01:04:41Z,movies,movies,entertainment,Entertainment,[],0,687,1305,,0.92,https://www.reddit.com/r/movies/comments/1kezfs7/whats_a_movie_you_want_a_sequel_to_but_know_youll/,AaronRodgersVaxCard,2025-05-21T10:48:26.288859Z
1kmax0t,reddit,"First image of Russell Crowe and Harry Lawtey in 'Billion Dollar Spy' - Set against the high-stakes backdrop of the late Cold War, the film follows Adolf Tolkachev (Crowe) who risks everything to pass thousands of pages of top-secret Soviet intelligence to the US.",,2025-05-14T09:30:16Z,movies,movies,entertainment,Entertainment,[],0,685,63,,0.92,https://i.redd.it/7n6sijkoup0f1.jpeg,JonasKahnwald11,2025-05-21T10:48:31.118322Z
1kpnvzf,reddit,"Tom Cruise Is “Working On” Ideas For ‘Top Gun 3’, ‘Days of Thunder’ Sequel",,2025-05-18T16:24:32Z,movies,movies,entertainment,Entertainment,[],0,673,250,,0.83,https://deadline.com/2025/05/tom-cruise-working-on-ideas-top-gun-3-days-of-thunder-2-1236403110/,NoCulture3505,2025-05-21T10:48:39.447275Z
1kkyspr,reddit,I have a deep love for the movie MONEYBALL. Here's why...,"Moneyball is a 2011 film. It was directed by Bennett Miller and adapted by Steven Zaillian and Aaron Sorkin. 

I have seen the movie over 15 times. It took me a while to figure out why I am such a huge fan. Turns out quite a few people on reddit feel the same way. But I think most of the reviews actually miss why the movie resonates so deeply. Here is my theory. It comes down to four things: 

**1. It uses the subject of Baseball to show society's evolution into the digial/computer age.** Of course, this is never mentioned in the film. But the real underlying story is how computing technology will eventually disrupt our old way of life. And how some people will kick and scream to stop it, but it is inevitable. Those who identify it first will have the edge. Billy Beane and Pete represent the digital, new way of thinking. The manager and scouts represent the analog age. In a sense it is the most important issue of our time, and it tells it through baseball, America's most beloved, but aging institution...genius. 

**2. It is a love/hate letter to capitalism and therefore, America**. Again, never mentioned explicitly. But Moneyball is also a story about all the evil and beauty of capitalism. It is a story about how capitalism serves the ultra-wealthy and creates an unfair advantage for the few who hold the power and resources (""there are rich teams, there are poor teams... there's fifty feet of shit, then there's us""). The game is rigged in their favor.  But...capitalism also forces innovation, Billy's place at the bottom forced him to innovate. And in the end, it got baseball closer to a meritocracy, where individuals are accurately compensated for the value they create. For better or for worse, that is America. 

**3. The acting, directing and writing are all remarkable**. Bennett Miller came from a documentary background, so he captured the film in a way that felt like a documentary, using real footage in key moments and recreating it in others. But Aaron Sorkin's dialogue adds a pace and flavor that it unbeatable. And then of course, Pitt and Hill are remarkable. Excellent casting. Not to mention Phillip Seymour Hoffman. 

**4. Above all else, I believe this movie is about Leadership**. This is the most important one IMO. I don't think anyone watching the movie will realize it until they obsess over it like I did. But really this movie is about Billy Beane's leadership. Humans are addicted to effective leaders. Beane was faced with great adversity, he accurately identified the threat, came up with a solution and found a way to implement his vision, despite great resistance. He also lifted up those around him who believed in his vision, even though they were young and inexperienced. That is what great leaders do. And subconsciously, I think that is the real, strongest draw of the film. And it certainly helps that Pitt is the perfect casting for it. ",2025-05-12T17:41:33Z,movies,movies,entertainment,Entertainment,[],0,672,188,,0.87,https://www.reddit.com/r/movies/comments/1kkyspr/i_have_a_deep_love_for_the_movie_moneyball_heres/,Idonteateggs,2025-05-21T10:48:42.049123Z
1kq979r,reddit,"First images of Stellan Skarsgård, Elle Fanning and Renate Reinsve from Joachim Trier's 'Sentimental Value' - Follows a family in Oslo, the house they’ve lived in for generations, and of how the past has a way of resurfacing in unexpected ways.",,2025-05-19T11:22:34Z,movies,movies,entertainment,Entertainment,[],0,659,44,,0.94,https://i.redd.it/vwt705hp3q1f1.jpeg,JonasKahnwald11,2025-05-21T10:48:44.503533Z
1kfo6ll,reddit,"May 2-4 Box Office Recap: 'Thunderbolts*' debuts with a solid $74.3 million domestically and $160.4 million worldwide. Meanwhile, 'Sinners' crosses $200 million worldwide, while 'A Minecraft Movie' nears $900 million worldwide.","https://preview.redd.it/wngz60kwb1ze1.png?width=1920&format=png&auto=webp&s=7c1eddccb860443e3e769a9c792de4692c33d63c

Well, the summer season is officially underway.

The MCU returned to the first weekend of May, earning another #1 spot with ***Thunderbolts***. Which hopefully will be a sign of good legs ahead. Meanwhile, ***Sinners*** had another incredible hold, despite losing IMAX and other premium-large formats.

The Top 10 earned a combined $142.3 million this weekend. That's up a massive 108.2% from last year, when ***The Fall Guy*** flopped and delivered the worst start to the summer season in decades.

Debuting on top, Marvel Studios' ***Thunderbolts*** earned $74.3 million in 4,330 theaters. That's below ***Captain America: Brave New World*** ($88.8 million), which premiered on February. Compared to other MCU titles, that's below ***Ant-Man and The Wasp*** ($75.6 million) and ***Shang-Chi and the Legend of the Ten Rings*** ($75.3 million) and above ***Eternals*** ($71.2 million).

All in all, this is a solid (but not fantastic) debut. At the end of the day, it's a team-up film following secondary characters that aren't very popular, with the exception of Bucky and Yelena. Marvel probably wasn't expecting this film to open at $100+ million, considering ***Brave New World*** didn't get that with a more well known character. ***Thunderbolts*** only had one hook: the introduction of Sentry. There's also curiosity surrounding the meaning behind the asterisk in the title (we'll get to that in a moment).

Marvel knows that audiences haven't been fully on board with some of their previous projects (***Quantumania***, ***The Marvels***, ***Brave New World***, etc.), but they still hoped the audience could be interested in ***Thunderbolts***. To the point that one of its trailers highlighted the crew's involvement in multiple projects (most of which were A24). Well, the crew's involvement at least resulted in some great reviews (88% on RT). Not to mention the fact that back in March, Marvel confirmed that a lot of cast members from the film would be back in ***Avengers: Doomsday*** next year. While that spoiled the fate of the characters, it might have helped boost interest.

According to Disney, 65% of the audience was male. Marvel has had a problem in attracting younger audiences, and this film is another proof of that: only 30% of the audience was under 25. What does this mean? That they're losing ground with Gen Z. This has been noted a few years, and it doesn't look like it will be fixed any time soon.

In some good news, the audience gave the film an ""A–"" on CinemaScore. That represents a solid response from the audience, although the MCU mostly falls in the ""A"" score. At the very least, that's better than ***Brave New World***'s poor ""B–"". There's no competition over the coming weeks, although ***Final Destination: Bloodlines*** will probably dethrone it in its third weekend. We'll see how it goes, but for now, a final total around $200 million is likely for ***Thunderbolts***.

Marvel didn't even wait until the second week just to finally confirm on social media the meaning of the asterisk in the title. Just today, they've started promoting the film [under a new title](https://variety.com/2025/film/news/thunderbolts-poster-the-new-avengers-title-change-1236386731/) (big spoilers in that article). That's a bit too early, but will the audience be more interested in the film now?

Even with the arrival of ***Thunderbolts*** and losing IMAX and other formats, ***Sinners*** was not affected in the slightest. The film dipped just 28% this weekend, adding another $33.1 million. That's almost on par with ***Get Out***'s third weekend drop (26.5%), which is simply insane. The film has earned a fantastic $179.8 million domestically, and it should continue legging out. For now, the film should hit $270 million domestically. The fact that it's getting close to $300 million is simply spectacular.

***A Minecraft Movie*** dropped 40%, adding $13.7 million this weekend. One thing on its favor was [the ""rowdy screenings"" for this weekend.](https://www.hollywoodreporter.com/movies/movie-news/minecraft-movie-block-party-edition-1236202463/) Have theater employees in your hearts, for this might have been a very ugly experience. The film has earned $398.2 million so far.

Well, the math is out and the numbers aren't good for ***The Accountant 2***. The film earned $9.4 million, which is a very poor 61% drop from last week. In contrast, the original dropped just 44.8%. Through 10 days, the film has earned just $41.1 million, which is $6 million below the original through the same point. That gap will continue to widen. For now, the film should finish with around $60 million domestically.

***Until Dawn*** won't see a sunrise any time soon. The film dropped 52%, adding $3.8 million this weekend. That's not a horrible drop for a horror, but considering how low it began, it's simply unremarkable to make a difference. Through 10 days, the film has earned $14.3 million, and it only has one weekend before facing tough competition with ***Final Destination: Bloodlines***.

In sixth place, ***The Amateur*** dropped 48%, earning $1.9 million. That takes its domestic total to $37 million, and while it should cross $40 million, it won't be by much.

***The King of Kings*** continues losing steam. This weekend, it collapsed another 59%, earning $1.7 million. The film has earned $57.7 million so far, and it won't make it much further than $60 million.

A24's ***Warfare*** dropped 52%, adding $1.2 million this weekend. The film's domestic total stands at $24 million so far.

In ninth place, the Indian film ***HIT: The Third Case*** earned $955,000 in 950 theaters.

Rounding up the Top 10 was another Indian film, ***Guru Nanak Jahaz***. Despite playing in just 119 theaters, it earned $685,000 this weekend.

Outside the Top 10, we find Nicolas Cage's new film, ***The Surfer***. Unsurprisingly, it didn't fare well. It made just $698,114 from 884 theaters. It's not gonna last long on theaters, so hurry up.

A24's ***The Legend of Ochi*** fell outside the Top 10. It collapsed a brutal 76% this weekend, earning just $341,951. The film has earned a meager $2.1 million so far.

#**OVERSEAS**

***Thunderbolts*** also topped the overseas box office, debuting with $86.1 million abroad, for a $160.4 million worldwide debut. That's below ***Brave New World*** ($193.4 million), although that had an extra day on Monday. It was a mixed bag all around; some were pretty good, but others were soft. The best markets were China ($10.4M), UK ($7.7M), Mexico ($7.3M), Brazil ($4M), France ($3.8M), Germany ($3.6M), Korea ($3.5M), Australia ($3.4M), Japan ($3.2M) and Spain ($2.8M). Some of these markets were also boosted from local holidays (Labor Day). We'll wait for the second weekend to see if it has a chance of recouping its $180 million budget.

***A Minecraft Movie*** added $26.6 million, taking its worldwide total to $874.6 million. The best markets are the UK ($69M), Germany ($35.7M), Australia ($33.5M), Mexico ($31.2M) and China ($27.5M). It's still fighting to hit the $1 billion milestone.

***Sinners*** is also holding very well overseas, adding $10.4 million, for a $237.3 million worldwide total. The best markets are the UK ($13.8M), France ($6.7M), Australia ($4.3M), Mexico ($3.4M) and Germany ($2.7M). It's obviously going to skew domestically, but it looks like it could get close to $100 million overseas by the end of its run.

***The Accountant 2*** added $7.2 million overseas, for a $66.3 million worldwide total. Ouch, that's not actually great. Or good at all. It should still hit $100 million worldwide, but it feels like it should've done that without problem.

#**FILMS THAT ENDED THEIR RUN THIS WEEK**

Movie | Release Date | Studio | Domestic Opening | Domestic Total | Worldwide Total | Budget |
----------|----------|----------|:--------:|:--------:|:--------:|:--------:
*Black Bag* | Mar/7 | Focus Features | $7,607,250 | $21,474,035 | $39,284,035 | $50M
*The Day the Earth Blew Up: A Looney Tunes Movie* | Mar/14 | Ketchup | $3,158,830 | $8,875,344 | $13,896,775 | $15M
*The Woman in the Yard* | Mar/28 | Universal | $9,395,255 | $22,405,985 | $23,175,286 | $12M

- ""Make a good original movie and people will watch it."" Yeah, where were you when ***Black Bag*** played in theaters? Steven Soderbergh's film earned critical acclaim, but it has ended its run with just $39 million worldwide. How frustrating, isn't it? A film that deserved much better. Don't cry for Soderbergh tho; he has just recently said that Focus Features confirmed that the film would eventually be profitable thanks to home media and PVOD. He also recently said that his new film ***The Christophers*** has wrapped filming and could come out this year. Damn, 3 Soderbergh films in a year????

- That's all, folks. ***The Day the Earth Blew Up: A Looney Tunes Movie*** has closed with $13 million worldwide, failing to recoup its $15 million budget. But maybe Ketchup Entertainment is content with its performance, considering they just spent $50 million in buying ***Coyote vs. Acme***, which will come out next year. Let's just hope it fares better than this.

- Universal/Blumhouse's ***The Woman in the Yard*** has closed its run with just $23 million worldwide. That's the second flop in a row for Blumhouse, after the unremarkable run of ***Wolf Man*** back in January. Not to mention ***Drop*** is fading quickly. What's going with Blumhouse?

#**THIS WEEKEND**

Nothing lol. For some reason, studios avoided releasing anything noteworthy. The only major release is Lionsgate's ***Shadow Force***, but that has no chance of hitting #1. Probably not even Top 5.

____________________________________________________________________________________________

If you're interested in following the box office, come join us in r/BoxOffice.",2025-05-05T21:56:20Z,movies,movies,entertainment,Entertainment,[],0,656,61,,0.93,https://www.reddit.com/r/movies/comments/1kfo6ll/may_24_box_office_recap_thunderbolts_debuts_with/,SanderSo47,2025-05-21T10:48:45.663818Z
1k5dqo6,reddit,"Don Bluth's All Dogs Go To Heaven (1989) never ceases to be a emotional experience, especially when you realize the tragic backstory for some of the scenes","Judith Barsi, the child actress who voiced Anne-Marie, was killed by her dad right after she did the voice-work for the movie. 

The last scene of Charlie (Burt Reynolds) saying goodbye to Anne-Marie, Reynolds' teary voice can be heard because it was real, the actor kept breaking down whenever he voiced his lines as he had to hear the voice of a dead child telling him how much she loved him. 

Judith Barsi struggled to sing the song, [Soon You'll Come Home](https://www.youtube.com/watch?v=kSMJTSKXtLs), because of the abuse at home and how she related to the song. She broke down crying and they ended up using another girl to dub Barsi's singing. 

The movie itself is a moving and solid picture. I don't think Burt Reynolds getsw enough credit on how good he was in this voice acting role. He even showed he could sing. I like his duet with Melba Moore. 


I just adore Don Bluth and I wish he had made more movies.",2025-04-22T18:31:50Z,movies,movies,entertainment,Entertainment,[],0,656,37,,0.91,https://www.reddit.com/r/movies/comments/1k5dqo6/don_bluths_all_dogs_go_to_heaven_1989_never/,CinephileCrystal,2025-05-21T10:48:47.159492Z
1khzh8k,reddit,‘Return to Silent Hill’ Set for Wide Theatrical Release From Cineverse,,2025-05-08T19:52:52Z,movies,movies,entertainment,Entertainment,[],0,650,115,,0.93,https://variety.com/2025/film/news/return-to-silent-hill-theatrical-release-1236391288/,NoCulture3505,2025-05-21T10:48:48.244766Z
1ko6gnz,reddit,Ari Aster's 'EDDINGTON' - Review Thread,"**Ari Aster's 'EDDINGTON' - Review Thread**

* [Rotten Tomatoes](https://www.rottentomatoes.com/m/eddington)**:** 67% (27 Reviews)
* [Metacritic](https://www.metacritic.com/movie/eddington/)**:** 63 (15 Reviews)

Reviews:

[Variety:](https://variety.com/2025/film/reviews/eddington-review-joaquin-phoenix-pedro-pascal-ari-aster-1236400006/)

>There’s no question that in “Eddington” Art Aster makes himself a scalding provocateur, the same way Todd Field did in “Tár” when he staged the confrontation at Julliard between Cate Blanchett’s Lydia and the BIPOC student who questioned her devotion to dead-white-male composers. Yet as much as nailing down the precise point-of-view of “Eddington” is bound to be the subject of numerous incendiary debates, I’d argue that this is very much not a case of Aster becoming some young A24-approved version of David Mamet. What he captures in “Eddington” is an entire society — left, right, and middle — spinning out of control, as it spins away from any sense of collective values.

[IndieWire](https://www.indiewire.com/criticism/movies/eddington-movie-review-ari-aster-1235123804/):

>Stemming from a collective sickness to the same degree that “Beau Is Afraid” was born from some very personal trauma, “Eddington” — the tagline for which reads: “Hindsight is 2020” — only wields its *what’s the opposite of nostalgia?* specificity as a means to an end. It might set the scene with a little “remember how it felt to wait in line outside the pharmacy?” fun, but Aster’s bleakly funny and brilliantly plotted assessment of how fucked we’ve become since then soon leverages those fun memories into a far more probing story about the difficulties of sharing a town between people who live in separate realities. 

[Deadline](https://deadline.com/2025/05/eddington-review-ari-asters-explosive-satirical-neo-western-takes-a-big-swing-at-maga-culture-cannes-film-festival-1236401277/):

>*Eddington* is what you might call a big swing, a film that’s more serious than it first seems, seeing Covid as the Big Bang that landed us right where we are now. It’s about the elephant in the room: the emergent likes of QAnon, 4Chan and the Proud Boys, things that did more damage than Covid ever did, leaving a raw, still-festering wound. Without ceremony or mercy, *Eddington* rips the Band-Aid off, and not everyone is going to want to look at, or think about, what’s there underneath it.

[The Wrap](https://www.thewrap.com/eddington-review-cannes-2025-ari-aster-joaquin-phoneix-emma-stone-pedro-pascal/):

>And by way of creative catharsis – listen, no one was thrilled about 2020 – “Eddington” finds greater charge enacting American carnage than just winking about, but that should come with little surprise. Aster has always had a knack for confrontation, while Phoenix works best as an open-nerve. That the duo should prove so adept tapping into a vein of neurotic action is one of the many brutal surprises in a social satire as blunt and broad as America itself.

[BBC](https://www.bbc.com/culture/article/20250516-eddington-review) (4/5):

>If Beau is Afraid seemed to be about Aster's own fears and neuroses, Eddington is about the more general fears and neuroses of the US in the year 2020. The writer-director puts everything into his blackly comic modern western – Covid-19 and online conspiracy theories, Black Lives Matter and white privilege, cult leaders and cryptocurrency – even if he can't quite work out how to weave all of those subjects together. The film would probably have been better if it had been more focused (and shorter), but Aster's deranged vision makes most directors seem timid in comparison.

[The Independent](https://www.the-independent.com/arts-entertainment/films/reviews/eddington-review-cannes-joaquin-phoenix-b2752519.html) (4/5):

>This is Aster’s funniest film to date, and makes use of an ever expanding and shifting cast to dot the 150-minute runtime with well-observed comic details and visual payoffs.

[ScreenDaily:](https://www.screendaily.com/eddington-review-joaquin-phoenix-and-pedro-pascal-face-off-in-ari-asters-wan-satire/5205133.article)

>Without question, the pandemic profoundly transformed an America that was already descending into tribal factions and widespread animosity. But *Eddington* lacks a clear perspective on that ever-present tragedy, settling instead for cynical observations and a fatal amount of smug self-satisfaction.

[Collider ](https://collider.com/eddington-review/)(8/10):

>Eddington may feel like a step back for Ari Aster in regards to his striking visuals and talent for creating nightmarish viewing experiences. But, if anything, it’s showing that Aster can take these nightmares and show how they can operate in reality.

Written & Directed by Ari Aster:

>In May of 2020, a standoff between a small-town sheriff (Phoenix) and mayor (Pascal) sparks a powder keg as neighbor is pitted against neighbor in Eddington, New Mexico.

Cast:

* Joaquin Phoenix as Joe Cross, Eddington's sheriff
* Pedro Pascal as Ted Garcia, the town's mayor who is running for reelection
* Emma Stone as Louise Cross, Joe's wife
* Austin Butler as Vernon Jefferson Peak
* Luke Grimes as Guy, an officer at the Eddington sheriff's office
* Deirdre O'Connell as Dawn, Louise's mother
* Micheal Ward as Michael, a young sheriff's trainee
* Clifton Collins Jr. as Lodge
* William Belleau as Officer Butterfly Jimenez
* Cameron Mann as Brian
* Matt Gomez Hidaka as Eric Garcia
* Amélie Hoeferle as Sarah
* Landall Goolsby as Will
* Elise Falanga as Nicolette
* Robert Mark Wallace as Warren",2025-05-16T17:20:27Z,movies,movies,entertainment,Entertainment,[],0,649,273,,0.93,https://www.reddit.com/r/movies/comments/1ko6gnz/ari_asters_eddington_review_thread/,MarvelsGrantMan136,2025-05-21T10:48:50.042928Z
1kllbzd,reddit,From the World of John Wick: Ballerina (2025) Final Trailer,,2025-05-13T13:00:35Z,movies,movies,entertainment,Entertainment,[],0,647,278,,0.81,https://www.youtube.com/watch?v=b9Rr9ygb-ac,NoCulture3505,2025-05-21T10:48:52.875295Z
1k68oo0,reddit,PEE-WEE AS HIMSELF | Official Trailer (2025),,2025-04-23T19:55:43Z,movies,movies,entertainment,Entertainment,[],0,647,58,,0.89,https://www.youtube.com/watch?v=jVx74C-RGDw,2th,2025-05-21T10:48:55.553126Z
1kqnxaz,reddit,Linklater’s NOUVELLE VAGUE receives massive standing ovation at Cannes- Tarantino sees the movie twice in one day,,2025-05-19T21:34:30Z,movies,movies,entertainment,Entertainment,[],0,646,87,,0.92,https://deadline.com/2025/05/richard-linklater-nouvelle-vague-cannes-ovation-new-wave-1236402105/,Jakeysuave,2025-05-21T10:48:57.039161Z
1kecxi6,reddit,The Conclave is a quiet and powerful movie,"I just watched The Conclave and I really liked it. It is not a fast or loud film, but it slowly pulls you in with its story and mood. It shows the pressure, secrets, and power struggles that happen behind closed doors during an important religious event.

Some people might say the ending is easy to guess, but that did not bother me. The journey is more important than the surprise. The movie does a good job showing the weight of each choice the characters make.

Ralph Fiennes was amazing in this movie. He did not need big speeches or action scenes. His face, his voice, and his small movements said a lot. He made his character feel real and thoughtful.

This film may not be for everyone, but if you enjoy serious stories and good acting, I think you will enjoy The Conclave.

Can anyone recommend some similar movies ?",2025-05-04T06:03:09Z,movies,movies,entertainment,Entertainment,[],0,627,246,,0.78,https://www.reddit.com/r/movies/comments/1kecxi6/the_conclave_is_a_quiet_and_powerful_movie/,the_Celestial_Sphinx,2025-05-21T10:48:58.622801Z
1kmb0ut,reddit,Official poster for the 40th anniversary 4K restoration of Mamoru Oshii's ‘Angel's Egg’ – Set to Premiere at Cannes Film Festival 2025,,2025-05-14T09:37:54Z,movies,movies,entertainment,Entertainment,[],0,623,38,,0.94,https://i.redd.it/4lpgp5anwp0f1.jpeg,Task_Force-191,2025-05-21T10:49:01.084994Z
1k942gr,reddit,"If you could change one movie ending, what would it be and why?","First one that comes to mind is Law Abiding Citizen. Why on earth they thought it would be a good idea to let the lawyer “win” is beyond me. I would have preferred both of them to go down in the midst of their own selfish, personal desires.

If you had the opportunity to change one movies ending, what would it be and why? ",2025-04-27T13:33:30Z,movies,movies,entertainment,Entertainment,[],0,630,1218,,0.87,https://www.reddit.com/r/movies/comments/1k942gr/if_you_could_change_one_movie_ending_what_would/,FilmWaffle-FilmForum,2025-05-21T10:49:02.153978Z
1kna15q,reddit,What movie characters were killed off too early?,"Immediately, Drexl Spivey (Gary Oldman) from True Romance comes to mind. Don’t get me wrong, the movie continues to be great even after his character is killed. That being said, I would have preferred him as the main villain rather than introducing other, less interesting characters. 

What other movie characters were killed off too early in your opinion? ",2025-05-15T14:46:14Z,movies,movies,entertainment,Entertainment,[],0,623,687,,0.9,https://www.reddit.com/r/movies/comments/1kna15q/what_movie_characters_were_killed_off_too_early/,FilmWaffle-FilmForum,2025-05-21T10:49:06.814020Z
1kkzmuy,reddit,‘28 Days Later’ Returning to Theaters for One Night Only on May 21,,2025-05-12T18:13:48Z,movies,movies,entertainment,Entertainment,[],0,624,37,,0.94,https://bloody-disgusting.com/movie/3867968/28-days-later-returning-to-theaters-for-one-night-only-this-month/,MarvelsGrantMan136,2025-05-21T10:49:10.339945Z
1kimao2,reddit,Godzilla x Kong: Supernova (2027) | Now in Production,,2025-05-09T16:09:41Z,movies,movies,entertainment,Entertainment,[],0,620,255,,0.9,https://www.youtube.com/watch?v=pa3nW0EYYcQ,MarvelsGrantMan136,2025-05-21T10:49:11.477873Z
1k4fcox,reddit,"Miles Caton and Ludwig Göransson perform ""I Lied to You"" from Sinners",,2025-04-21T14:47:47Z,movies,movies,entertainment,Entertainment,[],0,622,62,,0.89,https://www.youtube.com/watch?v=5ntHZ8yt2Ws,RomanReignsDaBigDawg,2025-05-21T10:49:14.654714Z
1k70ec4,reddit,Official Poster for Guy Ritchie’s ‘The Fountain of Youth’,,2025-04-24T19:02:00Z,movies,movies,entertainment,Entertainment,[],0,613,145,,0.86,https://i.redd.it/skhofj92ztwe1.jpeg,MarvelsGrantMan136,2025-05-21T10:49:15.847591Z
1k9zepd,reddit,New Poster for ‘Fear Street: Prom Queen’,,2025-04-28T16:11:18Z,movies,movies,entertainment,Entertainment,[],0,606,49,,0.89,https://i.redd.it/hlx41g49olxe1.jpeg,KillerCroc1234567,2025-05-21T10:49:17.623171Z
1k8hgik,reddit,Movie trope of bouncing a ball against the wall while in solitary confinement,"Done originally and brilliantly in Great Escape, showing how Steve McQueen would take his ball and glove into the “hole” giving him something to keep from going mad. 

I’ve seen it redone so many times, my favorite was Saul Goodman, stuck in his cell phone store, sitting and bouncing a ball against the window. Great way to show the tedious boredom he was going through. I have seen it many many times I just can’t remember all the movies.

What show shows the movies have you seen them do this in? ",2025-04-26T16:51:17Z,movies,movies,entertainment,Entertainment,[],0,599,119,,0.92,https://www.reddit.com/r/movies/comments/1k8hgik/movie_trope_of_bouncing_a_ball_against_the_wall/,ScottyBondo,2025-05-21T10:49:18.803246Z
1ko7xgq,reddit,"VFX Workers Behind Marvel, Disney and ‘Avatar’ Ratify First Labor Contracts",,2025-05-16T18:19:52Z,movies,movies,entertainment,Entertainment,[],0,600,16,,0.96,https://www.hollywoodreporter.com/business/business-news/marvel-disney-avatar-vfx-workers-ratify-union-contrats-1236219346/,KillerCroc1234567,2025-05-21T10:49:22.517099Z
1keprc0,reddit,First Image of Kevin Bacon & Kyra Sedgwick in 'The Best You Can' - Two halves of an unlikely friendship between a security guard and a urologist whose chance encounter blooms into something deeper.,,2025-05-04T17:47:22Z,movies,movies,entertainment,Entertainment,[],0,596,78,,0.91,https://i.redd.it/3mu6hyfuysye1.png,MarvelsGrantMan136,2025-05-21T10:49:23.591187Z
1k7pqm2,reddit,"AMA/Q&A Announcement - Kevin Smith - Thursday 5/29 at 3:00 PM ET - Director of 'Clerks', 'Dogma', 'Mallrats', 'Chasing Amy', 'Jay and Silent Bob Strike Back', 'Tusk', 'Cop Out', 'Red State', and much more.",,2025-04-25T16:49:48Z,movies,movies,entertainment,Entertainment,[],0,590,74,,0.86,https://i.redd.it/w09y0ag7g0xe1.png,BunyipPouch,2025-05-21T10:49:24.835976Z
1k9kt2q,reddit,"Who is a beloved actor that you have basically, unintentionally avoided their entire acting career?","As I mentioned, I'm not talking about actors you just dislike and specifically won't watch a movie they're in.  I am talking about actors that you have somehow essentially avoided everything they've ever been in.  This happens quite often to me so I'd love to hear some other peoples experiences.  

My example would be, Daniel Day Lewis.  I hear he is amazing, but somehow none of his movies have found there way to me, nor have I cared to seek them out.  So I would have to watch one of his movies for the sole purpose to see Daniel Day Lewis.  Which I am open to but just haven't gotten around to it.  How bout you?",2025-04-28T02:16:32Z,movies,movies,entertainment,Entertainment,[],0,582,1022,,0.84,https://www.reddit.com/r/movies/comments/1k9kt2q/who_is_a_beloved_actor_that_you_have_basically/,everynamecombined,2025-05-21T10:49:26.324951Z
1kqfehw,reddit,Predator: Killer of Killers | Official Trailer | Hulu,,2025-05-19T16:01:44Z,movies,movies,entertainment,Entertainment,[],0,592,123,,0.89,https://www.youtube.com/watch?v=fbddYji1F8s,MarvelsGrantMan136,2025-05-21T10:49:30.337443Z
1kf0a6f,reddit,"Two years late but finally got around watching They Cloned Tyrone and to me, it's the best racial satire to come out since Get Out.","

The whole premise is bonkers but so clever it how it serves as a metaphor for how ethnic minorities, black people in this case, are utilized as drones of consumption and how this perpetuates negative stereotypes (e.g. Fried chicken, obsession with hair products, selling drugs, etc.). It shows how to be critical of those consumer goods we're obsessed with. What makes us feel good or ""look cool"" to others isn't necessarily good for us. 

I also love the point it made when Fontaine almost gave up and accepted his fate as a mere clone living in a vicious cycle. Even after people figure out the trap, that knowledge alone won't keep you from falling into it again and again. We might be products of our environment and even our genetics, but at the end of the day, we have free will, and it's up to us to break free from the cycle we are stuck in.


I myself am Latino (Puerto Rican to be exact) and I feel like many points made in the film apply to my culture as well. In recent years, Puerto Rican culture has become a bit more known internationally, thanks to things like Bad Bunny and the Despacito song. While there is nothing wrong with people being curious of and being entertained by the culture, there is also a concerted effort to perpetuate pretty offensive and harmful stereotypes about my people: From sexual promiscuity thanks to reggaeton music to the idea that we all live in slums next to the beach. And many fellow Puerto Ricans end up internalizing these stereotypes and thinking it makes us ""cool"". 

The film just really spoke to me this way, and feel it even applies to other ethnicities or minority groups. Great film. It was like Us, but actually good. Also had no idea Boyega had such range in acting. He was phenomenal.",2025-05-05T01:49:48Z,movies,movies,entertainment,Entertainment,[],0,579,37,,0.89,https://www.reddit.com/r/movies/comments/1kf0a6f/two_years_late_but_finally_got_around_watching/,_kevx_91,2025-05-21T10:49:32.647776Z
1krd4cy,reddit,Carey Mulligan Joins Greta Gerwig’s ‘Narnia’ (Exclusive),,2025-05-20T19:00:36Z,movies,movies,entertainment,Entertainment,[],0,760,127,,0.9,https://www.hollywoodreporter.com/movies/movie-news/carey-mulligan-joins-greta-gerwigs-narnia-exclusive-1236214317/,ChiefLeef22,2025-05-21T10:49:33.757126Z
1kqe3n3,reddit,What are some movies that are a love letter to a city that is not NYC?,"There are so many movies that are considered a love letter to New York City (Big, Manhattan, Enchanted, etc). But I'm looking for your recommendations for movies that are love letters to uncommon or overlooked cities. 

Big cities like Paris, London, or Los Angeles I think fall under the same ""often spotlighted"" cities in movies. But if you know any for cities that are rarely brought up in the film industry. 

Edit: I think I should maybe add a bit of context to my question, could the movie be set anywhere else and still work? Or is the city integral to the story/characters? ",2025-05-19T15:09:25Z,movies,movies,entertainment,Entertainment,[],0,570,815,,0.9,https://www.reddit.com/r/movies/comments/1kqe3n3/what_are_some_movies_that_are_a_love_letter_to_a/,banginbowties,2025-05-21T10:49:35.528940Z
1kn7ngk,reddit,"Official Poster for 'Americana' Starring Sydney Sweeney, Paul Walter Hauser & Halsey - When a rare artifact falls onto the black market in a small South Dakota town, the lives of local outsiders and outcasts violently intertwine.",,2025-05-15T13:02:32Z,movies,movies,entertainment,Entertainment,[],0,575,61,,0.89,https://i.redd.it/bmovl9fy1y0f1.jpeg,MarvelsGrantMan136,2025-05-21T10:49:39.108026Z
1kfl8f3,reddit,What's a movie quote you regularly use in daily life? I'll start,"One of mine is from Ocean's Twelve. Brad Pitt's Rusty: ""In the physical universe that we occupy, it cannot be done.""

To this day, no one has noticed. Might be because Ocean's Twelve is generally considered a meh film. 😅

I'm curious what quotes have snuck their way into your lexicon, from popular or obscure films.

ETA: 
""I have no responsibilities here whatsoever"" from A Few Good Men

""Fuck you, Mars"" and ""I am going to have to science the shit out of this"" from The Martian.

""Mr. Hammond, I think we're back in business."" - Sattler in JP

""[Are you ready?] Let's find out."" From X Men First Class

""What, like it's hard?"" -Elle in Legally Blonde

""Okey dokey,"" in Hannibal Lecter voice, from Hannibal.",2025-05-05T19:56:49Z,movies,movies,entertainment,Entertainment,[],0,576,1626,,0.86,https://www.reddit.com/r/movies/comments/1kfl8f3/whats_a_movie_quote_you_regularly_use_in_daily/,ADAP7IVE,2025-05-21T10:49:40.356588Z
1kktbgw,reddit,‘Megalopolis’ Making-Of Doc ‘Megadoc’ Lands at Utopia One Year After Francis Ford Coppola’s Self-Funded Epic Sent Cannes Into a Frenzy,,2025-05-12T14:03:39Z,movies,movies,entertainment,Entertainment,[],0,574,48,,0.91,https://variety.com/2025/film/global/megalopolis-making-of-doc-megadoc-utopia-1236393416/,DemiFiendRSA,2025-05-21T10:49:44.153127Z
1k70824,reddit,"Whiplash ending hit like a truck, and I can’t stop thinking about how neither of them were really victims.","Just rewatched Whiplash and that ending hit different this time. Everyone talks about how epic the final scene is and it is but TBH it kind of cemented how much Andrew completely lost the plot by then.

The whole movie builds up this toxic cycle between him and Fletcher, and yeah, it looks like Fletcher is the manipulative villain while Andrew is just this ambitious underdog. But by the end, it’s not that simple. Andrew needs Fletcher’s validation. He’s been so brainwashed that he’ll go to any length for that one moment of acknowledgment.

And Fletcher.. well he’s a wreck too. He loses his job, his respect, everything but still clings to this idea that greatness only comes from suffering. In that final scene, he basically traps Andrew, tries to humiliate him and Andrew still gives him what he wants. It’s messed up. They’re not enemies, they’re enablers.

There’s no real “winner” here. They both pushed each other past the edge. And while it ends with that incredible solo, it’s not triumphant. It’s tragic. Andrew isn’t free..he’s all in, and there’s no coming back. He’s chasing this impossible standard that’ll probably destroy him.",2025-04-24T18:55:10Z,movies,movies,entertainment,Entertainment,[],0,573,154,,0.78,https://www.reddit.com/r/movies/comments/1k70824/whiplash_ending_hit_like_a_truck_and_i_cant_stop/,Ticus6866,2025-05-21T10:49:45.664802Z
1koxdj2,reddit,"First Image of Zoey Deutch as Jean Seberg in Richard Linklater's 'NEW WAVE' - This is the story of Godard making “Breathless”, told in the style and spirit in which Godard made “Breathless”",,2025-05-17T16:43:57Z,movies,movies,entertainment,Entertainment,[],0,562,61,,0.88,https://i.redd.it/cu25lvrfed1f1.jpeg,mayukhdas1999,2025-05-21T10:49:47.644354Z
1ka8e41,reddit,"April 25-27 Box Office Recap: 'Sinners' stays on #1 with $45.7 million. That's a phenomenal 4.8% drop from last week, one of the greatest drops for a horror film. 'Revenge of the Sith' surprises with $25.4 million, finishing on second place. 'The Accountant 2' and 'Until Dawn' deliver mixed results.","https://preview.redd.it/pizakhm3inxe1.png?width=1920&format=png&auto=webp&s=eee07f629f1feffae153d32cdfc17527d5f4508b

Well, well, well. Don't you love a busy weekend at the movies? 

***Sinners*** not only retained the top spot, but also had an incredible hold, signaling that this film is going to have some damn fantastic legs. The 20th anniversary reissue of ***Star Wars: Episode III – Revenge of the Sith*** also posted a fantastic result. The rest of the wide releases were a mixed bag; ***The Accountant 2*** opened almost on par with its predecessor but it's clear it might struggle to break even, ***Until Dawn*** opened below $10 million, while A24 dumped ***The Legend of Ochi*** in 1,153 theaters.

The top 10 earned a combined $139.9 million this weekend. That's up a massive 148% from last year, when ***Challengers*** debuted at #1.

As mentioned, ***Sinners*** stayed at #1, earning $45.7 million this weekend. This is an absolutely insane 4.8% drop from last weekend. This is completely bonkers in so many ways. For reference, ***Get Out*** dropped just 15.4% in its second weekend, and that was already considered a phenomenal hold for horror.

Generally, horror films drop at least 60%, which is reason why they are known for poor legs. In some uncommon cases, some tend to drop 50% or more. In even more uncommon cases, they can drop 49% or less, and that's often a case of good word of mouth. But for a film to drop just 4.8%? This is incredibly rare to happen, especially when the film didn't have a big expansion nor had a holiday to give it a leg. And for this to happen to a horror film? Almost unheard of.

[If you check the smallest second weekend drops for any film playing at over 3,000 theaters](https://www.boxofficemojo.com/chart/smallest_second_weekend_gross_drop/?by_release_scale=super_saturated), you'll see that nearly all of them were boosted by holidays on their second weekend (like ***Heart Eyes*** recently). If we exclude them, *Sinners* had the second greatest second weekend drop, just behind 2011's ***Puss in Boots*** (3%). This is simply spectacular, and it's a sign that its ""A"" on CinemaScore has done an exceptional job.

Through 10 days, the film has earned a fantastic $123.2 million. Even with ***Thunderbolts*** coming up this weekend, ***Sinners*** is proving that it will have a long life in theaters. It should easily hit $250 million domestically, and it could get close to $300 million as well. Sky's the limit here, pals.

In second place, the 20th anniversary reissue of ***Star Wars: Episode III – Revenge of the Sith*** earned a fantastic $25.4 million in 2,800 theaters. That's one of the debuts for a re-release, it's notoriously higher than ***Titanic***'s 2012 re-release ($17 million), and it's also higher than the 1997 re-issues of ***The Empire Strikes Back*** ($21 million) and ***Return of the Jedi*** ($16 million), although these two sold more adjusted for inflation. With these numbers, the film hit a lifetime gross of $405 million.

Despite the reviled status of the prequels, ***Revenge of the Sith*** sports the best reception (obviously not a high bar). A lot of fans who grew up with these films still have fond memories, and they want to relive that on the big screen. Another advantage is the fact that the film is very... memeable. So many quotes from the film (""General Kenobi, you're a bold one"", ""I have the high ground"", ""I. AM. THE SENATE!"", etc.) have become popular, thanks to a lot of posts in the Internet (especially r/PrequelMemes). Nostalgia was strong with this one.

In third place, Amazon MGM's ***The Accountant 2*** debuted with $24.5 million in 3,610 theaters. That's slightly below the 2016 original, despite 9 years of inflation and a huge performance on streaming and home media.

Amazon has made it clear that they don't view theatrical the same way as other studios; they said that as long as they can recoup their marketing investment, then they're fine with the film's performance. Which is why they're not bad headlines over the film's $80 million budget. But still, it feels like the film could've done better than this. After all, the original film sold incredibly well on home media (becoming the most rented title of 2017) and performed very well on streaming too. All that and the film debuted $200,000 less than the original? That grows even larger if we take inflation into account.

Perhaps it's simply a case of waiting too long to release a sequel. Generally, it's in the best interest of a sequel to release as close as possible to the original, so that the public still has it fresh in their minds. 3 years is the usual, and 5 is pushing it a bit. But it took 9 years for ***The Accountant 2*** to happen, and perhaps some of its audience moved on. The trailers offered exactly what you came to expect from the film, but maybe some people preferred to wait for streaming or PVOD? It's possible.

According to Amazon MGM, 58% of the audience was male, and 69% was 35 and over. Unsurprisingly, it's a very dad movie. They gave it a solid ""A–"" on CinemaScore, down from the original's ""A"". That film had some great legs, while ***The Accountant 2*** will face some competition. For now, a lifetime total close to $70 million is likely for the film. Maybe Amazon will be satisfied and greenlight a third film, but it's up in the air if it will get a theatrical release.

***A Minecraft Movie*** dropped 44%, adding $22.7 million this weekend. The film's domestic total stands at $379.9 million, and it should finish with close to $450 million. [WB just announced rowdy screenings of the film with ""block party edition"" starting this Friday.](https://www.hollywoodreporter.com/movies/movie-news/minecraft-movie-block-party-edition-1236202463/) Pray for theater employees, this is gonna be wild.

In fifth place, Sony's ***Until Dawn*** earned just $8 million in 3,055 theaters. That's David F. Sandberg's worst debut as director, and barely above last year's ***Tarot***. But ***Tarot*** is an original film, while this has the benefit of a known IP.

Even before we saw the first trailer, there was skepticism for an ***Until Dawn*** film. After all, the point of the game was to take the concept of watching a horror film and transform it into an interactive experience. By readapting it to film, it defeats its purpose and just feels redundant. To help differentiate itself, they decided to make the film a time loop horror, while also emphasizing that it takes place within the game's universe. But it was a concept that game fans didn't appreciate and non-fans didn't feel compelled to buy a ticket. 

And hindsight is 20/20, but maybe Sony wasn't expecting ***Sinners*** to truly break out like this. Even then, scheduling a horror film the week after another horror film is asking for trouble. Weak reviews (53% on RT) didn't help either. Basically, audiences have two options for horror, and ***Sinners*** was the priority for... pretty much everyone.

According to Sony, 55% of the audience was male, and 73% of the audience was in the 18-34 demographic. They gave it a weak ""C+"" on CinemaScore; usually horror films get this grade, but that's why they often fall off quickly. With competition from ***Final Destination: Bloodlines*** coming up, ***Until Dawn*** will vanish quickly from theaters. Look for it to finish with around $20 million.

With Easter over, ***The King of Kings*** had a freefall. It collapsed 76%, earning $4.2 million this weekend. Yep, sounds about right. The film's domestic total stands at $54.7 million, and it's gonna finish with around $60 million, if it continues dropping like this.

***The Amateur*** dropped 47%, adding $3.6 million this weekend. Yep, the film is really struggling to find legs here. The film has earned $33.7 million, and it's now gonna finish below $40 million domestically.

In eighth place, A24's ***Warfare*** dropped 45%, earning $2.6 million this weekend. The film has amassed $21.8 million so far, and it's gonna finish with a little over $25 million.

In ninth place, ***The Legend of Ochi*** flopped with just $1.4 million in 1,153 theaters. That's incredibly weak, but you can tell A24 didn't want to push it. Considering last week's numbers in limited release were very poor, it's unsurprising that the film failed to catch on wide release. With a sea of competition on its way, it will disappear quickly from theaters.

Rounding up the Top 10 was ***Pink Floyd: Live at Pompeii***. It played in just 654 theaters, but that was enough to hit $1.3 million and crack the Top 10. 

Outside the Top 10, we find Universal/Blumhouse's ***Drop***, which is living up to its title. It collapsed 71%, earning just $946,815 this weekend. The film has earned just $15.8 million, and it's set to finish with around $17 million.

We also had two films, ***Cheech and Chong’s Last Movie*** and ***On Swift Horses***, which barely cracked wide release. But both films faltered, earning just $560,420 and $485,000, respectively.

#**OVERSEAS**

***A Minecraft Movie*** added $37.8 million overseas, taking the worldwide total to $816.5 million. It debuted in Japan ($4M) and South Korea ($2.5M), which were fine. The best markets are the UK ($67.1M), Germany ($33.7M), Australia ($31.8M), Mexico ($28.4M) and China ($25.5M).

The Force was also strong outside America. The re-issue of ***Star Wars: Episode III – Revenge of the Sith*** made $17 million this weekend, taking the film's lifetime total to $891 million. That's impressive, considering it was playing in just 34 markets. The best debuts were in Germany ($4.6M), the UK ($2.3M), Mexico ($1.7M), Australia ($1.3M) and France ($900K). After 20 years, it should crack the $900 million milestone.

***The Accountant 2*** debuted with $13.7 million in 71 markets, for a $37.7 million worldwide debut. It had modest starts in Mexico ($1.5M), the UK ($1.2M), Australia ($1.2M), Germany ($1M) and Taiwan ($667K). The original film made $155 million back in 2016, and there's no indication that the sequel will earn more than that.

***Sinners*** added $13.5 million in 71 markets, taking the worldwide total to $163 million. That's a pretty great drop, although the fact that it started a little low contributed to that. The best markets are the UK ($9.5M), France ($4.9M), Australia ($2.8M), Mexico ($2.5M) and Germany ($2M). The film should hit $100 million overseas, but as we said last week, this will skew heavily on the domestic side.

***Until Dawn*** had a middling debut in America, but it appears like overseas will save it from embarrassment. It earned $10.1 million in 60 markets, for a $18.1 million worldwide debut. It shouldn't have a problem in recouping its $15 million budget.

#**FILMS THAT ENDED THEIR RUN THIS WEEK**

Movie | Release Date | Studio | Domestic Opening | Domestic Total | Worldwide Total | Budget |
----------|----------|----------|:--------:|:--------:|:--------:|:--------:
*A Complete Unknown* | Dec/25 | Searchlight | $11,655,553 | $75,001,720 | $139,446,191 | $70M
*Mickey 17* | Mar/6 | Warner Bros. | $19,002,852 | $46,047,147 | $131,847,147 | $118M

- The Times They Are A-Changin'. Well, Searchlight's ***A Complete Unknown*** has ended its run with almost $140 million worldwide. The budget was $70 million, making it Searchlight's most expensive film, and it's very likely the film lost money in the end. But Searchlight and Disney might not mind that, considering they got 8 Oscar noms for the film, including Best Picture. Now, we'll see how Timothée Chalamet does again this Christmas, on that new ***Marty Supreme*** film.

- Well, I guess that's it, Mickey heads. ***Mickey 17*** has ended its run after just a few weeks with a poor $131 million worldwide, against a $118 million budget. It's a sadly unsurprising result; for many months, many questioned if the film could overcome its weird premise and tonal whiplash for audiences. Turns out that audiences just didn't care much for it. Fear not for Bong Joon-ho tho; he's already working on a few films, one of which will be animated.

#**THIS WEEKEND**

Well, it's that time again. The first weekend of May signals the beginning of the lucrative summer season. And for that, we have a new MCU film.

And that film is ***Thunderbolts***, which marks the MCU's 36th film. It stars Florence Pugh, Sebastian Stan, Wyatt Russell, Olga Kurylenko, Lewis Pullman, Geraldine Viswanathan, David Harbour, Hannah John-Kamen, and Julia Louis-Dreyfus, and follows a group of misfits teaming up for... something? Hey, that sounds familiar. The MCU is coming off the disappointment of ***Captain America: Brave New World***, which earned very weak reviews and failed to break even. Will ***Thunderbolts*** be different?

____________________________________________________________________________________________

If you're interested in following the box office, come join us in r/BoxOffice.",2025-04-28T22:23:26Z,movies,movies,entertainment,Entertainment,[],0,567,111,,0.9,https://www.reddit.com/r/movies/comments/1ka8e41/april_2527_box_office_recap_sinners_stays_on_1/,SanderSo47,2025-05-21T10:49:49.087516Z
1kamklx,reddit,Leonardo DiCaprio Calls Taxi Driver His Favorite Scorsese Film – Scorsese Credits the Film’s Success to Screenwriter Paul Schrader.,,2025-04-29T12:22:40Z,movies,movies,entertainment,Entertainment,[],0,559,56,,0.92,https://v.redd.it/iaazrbadorxe1,Chai_Lijiye,2025-05-21T10:49:51.173541Z
1ke0sa7,reddit,Asterix & Obelix: Smashing the Empire on Netflix!,"Asterix is a beloved French comic book series created by writer René Goscinny and illustrator Albert Uderzo, first published in 1959. Set in 50 BC, it follows the adventures of a small village of indomitable Gauls as they resist Roman occupation. The titular hero, Asterix, is a diminutive but cunning warrior who, alongside his loyal, super-strong friend Obelix, defends their village with wit, bravery, and a magic potion brewed by the druid Getafix, granting temporary superhuman strength. Obelix, perpetually strong due to falling into the potion as a child, carries a menhir and loves wild boar and brawls.The series blends slapstick humor, clever wordplay, and historical satire, poking fun at Roman bureaucracy and cultural stereotypes while celebrating Gaulish camaraderie. Each album sees Asterix and Obelix embark on quests—whether thwarting Caesar’s schemes, exploring foreign lands like Britain or Egypt, or protecting their village from internal strife. The comics are renowned for their vibrant art, memorable characters like the tone-deaf bard Cacofonix, and timeless appeal across generations. Translated into over 100 languages, Asterix remains a cultural icon with comic books fans around the world!",2025-05-03T19:16:33Z,movies,movies,entertainment,Entertainment,[],0,557,82,,0.88,https://youtu.be/pPNrWvatXiU?si=L-pKmJYAZWePf_mp,Empty-Instruction282,2025-05-21T10:49:52.289634Z
1kppg2h,reddit,Wes Anderson's 'The Phoenician Scheme' - Review Thread,"*Wealthy businessman, Zsa-zsa Korda appoints his only daughter, a nun, as sole heir to his estate. As Korda embarks on a new enterprise, they soon become the target of scheming tycoons, foreign terrorists, and determined assassins.*

Cast: Benicio Del Toro, Michael Cera, Scarlett Johansson, Benedict Cumberbatch, Bryan Cranston, Bill Murray, Riz Ahmed, Truman Hanks, Steve Park, Scott Shepherd, Willem Dafoe

**Rotten Tomatoes:** [77%](https://www.rottentomatoes.com/m/the_phoenician_scheme)

**Metacritic:** [72/100](https://www.metacritic.com/movie/the-phoenician-scheme/)

Some Reviews:

[The Standard - Jo-Ann Titmarsh](https://www.standard.co.uk/culture/film/the-phoenician-scheme-review-wes-andersons-film-just-doesn-t-soar-b1228420.html)

>As with many of Anderson’s films, there is a lot to look at: there are ingenious set designs and costumes, a meticulous attention to the minutest detail. And there are some nice touches, such as Liesl’s ‘jewel-encrusted rosary as she gradually eschews her calling and embraces secular life. ‘You could still believe in God if you want,’ says her father. Whether that is enough to keep you on board for the 105 minutes of Wes Anderson’s latest venture (which he also wrote and produced), appearing in Cannes in competition, probably depends on how much you love Anderson’s oeuvre and how forgiving you are of his flimsy tales.

[The Hollywood Reporter - Lovia Gyarkye](https://www.hollywoodreporter.com/movies/movie-reviews/the-phoenician-scheme-review-wes-anderson-benicio-del-toro-1236220124/)

>As with all Anderson films, *The Phoenician Scheme* boasts an enchanting world in which viewers can get lost. The director shows off his meticulous attention to detail and symmetrical composition, as well as a muted and moody color grading that serves as a steady reminder of the film’s darker themes. Collaborating again with Roman Coppola (*Asteroid City*) on the story, Anderson constructs one of his most complicated narratives yet.

[IndieWire - David Ehrlich](https://www.indiewire.com/criticism/movies/the-phoenician-scheme-review-wes-anderson-1235124323/) \- B-

>Unburdened by the depth that has allowed earlier work like “The Royal Tenenbaums” and “The Darjeeling Limited” to resonate for decades on end (even as it’s saddled with twice the texture), “The Phoenician Scheme” is free to focus all of its attention on the simple idea that family is the richest inheritance that anyone could ever hope to receive or pass down, even if some people — fathers most of all — usually have to lose everything else before they can learn to appreciate its value. “Planning doesn’t matter, Zsa-zsa says, “what matters is the sincerity of your devotion.” It’s a strange thing to hear towards the end of an Anderson film that’s been too obsessed with the planning stage to meaningfully devote itself to *anything*, but “The Phoenician Scheme” is a movie with its heart in the right place, and a souvenir hand grenade within arm’s reach just in case it’s needed.

[Variety - Peter Debruge](https://variety.com/2025/film/reviews/the-phoenician-scheme-review-wes-anderson-1236402578/)

>Less conceptually quirky than the eccentric auteur’s recent “Asteroid City” (with its layered film-within-a-stage-rehearsal-within-a-“Playhouse 90”-esque-TV-special meta-framing), but no less profound, “The Phoenician Scheme” once again finds Anderson incorporating existential matters into a seemingly satirical form. Not a frame goes by without myriad comedic details to tickle his audience, and yet beneath it all, the director dares to confront questions of mortality.

[DEADLINE - Pete Hammond](https://deadline.com/2025/05/the-phoenician-scheme-review-benicio-del-toro-hilariously-dominates-wes-andersons-latest-cannes-film-festival-1236401800/)

>The film belongs lock stock and barrel to Del Toro, playing this Onassis-style billionaire who proves again to be so adept to the rhythms of Anderson’s dialogue and delivers flawlessly here, as does newcomer Threapleton as Liesl, and Cera, a newcomer to Anderson’s stock company who will undoubtedly be asked back. Ahmed and Cumberbatch are also welcome additions,as is regular Richard Ayoade as a terrorist leader. Look for Willem Dafoe and F. Murray Abraham as popups along the way with Hanks, Cranston, Johansson and others in for a fun day’s work.

[Next Best Picture - Matt Neglia](https://nextbestpicture.com/the-phoenician-scheme/) \- 6/10

>While those expecting typical Wes Anderson fare will likely get what they came for with “The Phoenician Scheme,” there’s no denying the director has provided more substantial efforts with poignant and memorable results. Certain aspects, such as the crafts and the performances from Cera and Threapleton, are striking all the right qualities to make this another Anderson outing worth examining. But outside of the shenanigans and the surface-level reading of a lack of religion in a dishonest man’s life, there isn’t as much to pry into here compared to “The Grand Budapest Hotel” or “Asteroid City.” Much like Tarantino, Scorsese, Lynch, or any other revered filmmaker, opinions may differ from person to person regarding their favorite Wes Anderson film and how they would rank his work.

[The Wrap - William Bibbiani](https://www.thewrap.com/the-phoenician-scheme-review-wes-anderson/)

>“The Phoenician Scheme” is a serious work of art that plays like a boondoggle. Anderson could be accused of copping out of making a decision to choose between God and, you know, owning stuff, but I think he finds that there’s a bit of spirituality in all of us that can’t be ignored, and a desire to relish in life’s little indulgences as well, and that the two aren’t mutually exclusive. Del Toro hasn’t had a role this juicy in ages, and he’s captivating at all times. Mia Threapleton is hitting all the right notes as well, spending much of the film with a wallflower entomologist named Bjørn, played by Michael Cera (who is, predictably, a natural vessel for Anderson’s sensibilities). They seem destined to fall, well maybe not in love, but perhaps in laconic mutual interest. Riz Ahmed, Tom Hanks, Bryan Cranston, Mathieu Amalric, Richard Ayoade and Benedict Cumberbatch all get their own delightful moments, and the list of cameos is as long as your arm, depending of course on the typeface and font size.

[Screen Daily - Tim Grierson](https://www.screendaily.com/reviews/the-phoenician-scheme-review-benicio-del-toro-and-wes-anderson-unite-for-espionage-comedy-drama/5204703.article)

>Del Toro makes for an enigmatic Korda, one of Europe’s richest men who will discover the limits of his power. The actor’s droll performance amuses, but the character never really surprises or taps into something deeper about the immoral capitalists who have plundered the globe for their own profit. Del Toro shares a wry, prickly rapport with Threapleton, but Liesl feels similarly underdeveloped. And *The Phoenician Scheme*’s wealth of stellar supporting players only get scant screen time, with few managing to shine. That said, Cera, a newcomer to Anderson’s acting stable, acquits himself nicely as Korda’s ineffectual Norwegian helpmate who begins to pine for this aloof nun. He plugs into the filmmaker’s deadpan style, but he can’t fully enliven it.

[BBC - Nicholas Barber](https://www.bbc.com/culture/article/20250518-the-phoenician-scheme-review-wes-anderson-takes-his-quirkiness-to-a-whole-new-level) \- 3/5

>Some directors boast that they make the films that they want to see, and they don't care about pleasing anyone else. In the case of The Phoenician Scheme, it feels as if Anderson and his team were enjoying it more than audiences ever will. It's one of the ironies of Anderson's films: in many respects they are planned with obsessive attention to detail, and yet the plot of The Phoenician Scheme could have been scribbled on the back of the envelope in the small hours of the morning. It's good fun, but unless your tolerance for the director's idiosyncrasies is stratospherically high, the chances are that the story will seem too random for you to care about by the halfway point.",2025-05-18T17:31:07Z,movies,movies,entertainment,Entertainment,[],0,553,325,,0.92,https://www.reddit.com/r/movies/comments/1kppg2h/wes_andersons_the_phoenician_scheme_review_thread/,ChiefLeef22,2025-05-21T10:49:53.905333Z
1ko4suo,reddit,"Official Poster for Jesse Armstrong's 'Mountainhead' Starring Steve Carell, Jason Schwartzman, Ramy Youssef, and Cory Michael Smith - Follows a group of tech billionaires who get together on a remote mountaintop during an international crisis.",,2025-05-16T16:12:38Z,movies,movies,entertainment,Entertainment,[],0,550,111,,0.88,https://i.redd.it/nhzx8avo461f1.jpeg,MarvelsGrantMan136,2025-05-21T10:49:56.710195Z
1kiogbf,reddit,I’m not sure I’ve ever felt this disturbed by a film before (Hereditary),"So I’ve seen my fair share of horror films but I just watched Hereditary for the first time and it might be the first one that genuinely *got* to me. I felt weirdly shaken by it - not scared, but unsettled on some deeper level. Some scenes were so horrific I didn’t even realise I was squeezing/clenching my hands until they ended. And I even unexpectedly started crying in the final 10 minutes, not out of sadness but more like something closer to dread. I literally felt off afterwards and didn’t want to go to sleep for a while. 

At first I rated it 4.5 stars because it was good but I never really wanted to think about it again - but then I *did* start thinking about it again. And things started clicking.

**Spoilers below:**

At first, the history of Annie’s family just seemed like a dark family backstory: her father starved himself, her brother took his own life, and both were labelled schizophrenic. I initially assumed this was just background context, sad but not exactly plot-relevant, but by the end of the film I realised they weren’t just tragic footnotes - they were likely *failed vessels* for Paimon. Annie’s mother, Ellen, wasn’t simply difficult or estranged - she was a long-time cult member, hell-bent on summoning a demon. It’s not a stretch to imagine that she tried (and failed) to use her husband and son first. Her husband deliberately starving himself becomes more than just an act of despair or mental illness when you consider that Paimon prefers ‘healthy male hosts’. Similarly, her son hanging himself in her room after claiming *“She was trying to put people inside me”*  wasn’t simply a mental breakdown. It was an act of resistance. 

When that didn’t work, she turned her attention to the next generation - hence her sudden reappearance in Annie’s life and insistence that she give birth to Peter, *the next male in the bloodline*. But Annie’s refusal to let her back in only lasted until the birth of Charlie, at which point she took control and practically raised the child, which heavily implies that Ellen had been planning for Charlie to be Paimon’s host - expecting a male - but when Charlie was born a girl, she went ahead anyway. This led to what was probably her first semi-successful attempt, and explains so much about Charlie’s eerie behaviour (her unsettling nature, the clicking sounds, how she was rather odd for a young girl), because Charlie was never really Charlie - she was always just a vessel for Paimon, waiting. But Paimon *prefers male bodies* (as Joan says), so Charlie’s form was never meant to last. Her death was never just random or for shock value, it was a ritual - *“We have corrected your first female body.”*

Cue Peter. 

The entire film builds toward his possession with an unbearable, creeping sense of inevitability. What first seems like a chaotic sequence of family tragedies slowly reveals itself to be something far worse: an orchestrated series of events designed solely to break him down emotionally and spiritually and bring him to his most vulnerable state, ready for Paimon to take control. Every family member’s fate - from Charlie’s decapitation to Annie’s unraveling to Steve’s sudden death - was part of a dark lineage passed down like an evil heirloom.

​​That’s what makes Hereditary so disturbing. It doesn’t rely on senseless gore or cheap jump scares to get under your skin. Instead its horror is slow, psychological, and brutally personal. It’s about the things you can’t outrun - not just demons or possession, but lineage, inevitability, and being born into something you can't escape. Every character’s doom feels prewritten, every scene purposeful. That’s what hit me so hard: the sense that these people were *never* free. That they were cursed not by any true fault of their own, but by blood.

By the end, it all comes together. The final treehouse coronation scene makes everything else fall into place: the decapitations of \*just\* the female worshipers that were used as vessels then discarded, the cult’s twisted fixation on Peter, the inescapable curse of inherited fate, and the way every family member's tragedy served the same dark purpose.

To sum up, Hereditary was horrifyingly brilliant in a way few horror films are. I may not have loved watching Hereditary, but I haven’t stopped thinking about it since. And that, to me, is the mark of something truly unforgettable. Final rating: 5 stars.

Also as for why Ellen was so dead set on using her own family as pawns in her evil plot, I’m not entirely sure. Perhaps it was because their bloodline already had some sort of unholy tie to the supernatural. Or perhaps she simply just wanted the honour of knowing it was her own flesh and blood that was responsible for hosting the demon she worshipped. Either way… wtf. (I cannot wait to rewatch this at some point in the future and notice all the extra little details I may have missed the first time round!)

**Edit: Wow, I genuinely didn’t expect so many people to engage so thoughtfully with my writeup - 160+ comments and counting!**

**I watched Hereditary for the first time last night and wasn’t even planning to unpack it, but it haunted me so deeply I couldn’t stop thinking - and writing - about it. Hearing that it helped things 'click' for some of you or gave a new emotional angle to revisit the film with has genuinely meant a lot. Whether you loved it, hated it, or were left somewhere in between, hearing all your perspectives has added so many new layers to how I understand the film.**

**Huge thanks to everyone who's taken the time to read, respond, share their thoughts, interpretations, and even personal reflections - it’s made the whole experience feel way more interesting and alive! I’ll keep responding to as many comments as I can because I’m really enjoying the conversation - but just wanted to pause and say a quick thank you here too :))**",2025-05-09T17:38:24Z,movies,movies,entertainment,Entertainment,[],0,548,274,,0.85,https://www.reddit.com/r/movies/comments/1kiogbf/im_not_sure_ive_ever_felt_this_disturbed_by_a/,c0ntr0lled_cha05,2025-05-21T10:49:58.395503Z
1kln1b8,reddit,"Mads Mikkelsen to Star in ‘Sirius,’ Directorial Debut From Christopher Nolan’s Editor Lee Smith",,2025-05-13T14:15:35Z,movies,movies,entertainment,Entertainment,[],0,541,39,,0.94,https://www.hollywoodreporter.com/news/general-news/mads-mikkelsen-sirius-christopher-nolan-lee-smith-1236215053/,ChiefLeef22,2025-05-21T10:50:00.982945Z
1kqq1rj,reddit,Official Poster for the 4K Restoration of 'Hearts of Darkness: A Filmmaker's Apocalypse',,2025-05-19T23:07:49Z,movies,movies,entertainment,Entertainment,[],0,563,45,,0.93,https://i.redd.it/9fu7jep7lt1f1.jpeg,MarvelsGrantMan136,2025-05-21T10:50:02.206127Z
1ka9a0g,reddit,Official Poster for Mamoru Hosoda’s New Movie ‘Scarlet’,,2025-04-28T23:03:54Z,movies,movies,entertainment,Entertainment,[],0,547,47,,0.92,https://i.redd.it/fscpkx7vpnxe1.jpeg,MarvelsGrantMan136,2025-05-21T10:50:03.832035Z
1kblsy2,reddit,Luca Guadagnino's 'Sgt. Rock' DC Movie Scrapped at Warner Bros.,,2025-04-30T17:11:22Z,movies,movies,entertainment,Entertainment,[],0,545,111,,0.93,https://www.thewrap.com/sgt-rock-movie-canceled-dc-luca-guadagnino/,MarvelsGrantMan136,2025-05-21T10:50:05.011048Z
1kg8f2v,reddit,"‘Practical Magic 2,’ Starring Sandra Bullock and Nicole Kidman, Sets September 18, 2026 Release Date",,2025-05-06T16:10:34Z,movies,movies,entertainment,Entertainment,[],0,530,78,,0.9,https://variety.com/2025/film/news/practical-magic-2-release-date-nicole-kidman-sandra-bullock-1236388605/,ChiefLeef22,2025-05-21T10:50:07.146000Z
1kfcimt,reddit,Highest 2 Lowest - Teaser Trailer,,2025-05-05T14:08:04Z,movies,movies,entertainment,Entertainment,[],0,527,151,,0.87,https://youtu.be/HutBibXdY8w?si=N08uNvxCiVKO9xOi,EbmocwenHsimah,2025-05-21T10:50:18.733861Z
1khzkkk,reddit,"Hi r/movies! I’m Eli Craig, director of CLOWN IN A CORNFIELD (starring Katie Douglas, Kevin Durand, Will Sasso). It will be released in theaters this Friday, May 9. I also wrote and directed the horror-comedy cult classic TUCKER AND DALE VS. EVIL. Ask me anything!","Hey Reddit,

I’m Eli Craig. I’m the director and co-writer of CLOWN IN A CORNFIELD which will be in theaters May 9! The film is based on the Bram Stoker Award-Winning Novel of the same name by Adam Cesare.

I also wrote and directed the horror-comedy cult classic TUCKER AND DALE VS. EVIL, LITTLE EVIL starring Adam Scott and Evangeline Lilly and the award-winning comedy short THE TAO OF PONG. 

Feel free to ask me any questions. I'll be back tomorrow Friday, May 9, at 7 PM ET for answers.

MORE ABOUT CLOWN IN A CORNFIELD

In CLOWN IN A CORNFIELD, Quinn (Katie Douglas) and her father (Aaron Abrams) have just moved to the quiet town of Kettle Springs hoping for a fresh start. Instead, she discovers a fractured community that has fallen on hard times after the treasured Baypen Corn Syrup Factory burned down. As the locals bicker amongst themselves and tensions boil over, a sinister, grinning figure emerges from the cornfields to cleanse the town of its burdens, one bloody victim at a time. Welcome to Kettle Springs. The real fun starts when Frendo the clown comes out to play.

The film stars Katie Douglas (“Ginny & Georgia”), Kevin Durand (Kingdom of the Planet of the Apes), Aaron Abrams (“Blindspot) and Will Sasso (The Three Stooges).

Check out the trailer: [https://www.youtube.com/watch?v=gww5V8BPpj8](https://www.youtube.com/watch?v=gww5V8BPpj8)

Follow the Film u/clown_in_a_cornfield

Talk to you all later! Ask me anything.

",2025-05-08T19:56:44Z,movies,movies,entertainment,Entertainment,[],0,518,157,,0.91,https://i.redd.it/vn44groe5mze1.png,EliCraigAMA,2025-05-21T10:50:20.897015Z
1kdonip,reddit,"Official Poster for '40 Acres' - Starring Danielle Deadwyler - In a post-apocalyptic world with food scarcity, a Black family of Canadian farmers descended from American Civil War migrants defend their homestead against cannibals trying to seize their resources.",,2025-05-03T09:03:19Z,movies,movies,entertainment,Entertainment,[],0,510,115,,0.8,https://i.redd.it/8gw1hxf58jye1.jpeg,JonasKahnwald11,2025-05-21T10:50:23.410887Z
1karljn,reddit,BROKEBACK MOUNTAIN - 20th Anniversary Release Official Trailer - Only in Theaters this June,,2025-04-29T16:03:33Z,movies,movies,entertainment,Entertainment,[],0,505,187,,0.74,https://youtu.be/xZvu-SczR1Y,Task_Force-191,2025-05-21T10:50:25.150344Z
1kr79wq,reddit,"Alejandro González Iñárritu's New Movie 'Judy', Starring Tom Cruise, Has Wrapped Filming",,2025-05-20T15:09:55Z,movies,movies,entertainment,Entertainment,[],0,584,115,,0.91,https://deadline.com/2025/05/alejandro-gonzalez-inarritu-tom-cruise-amores-perros-cannes-1236405475/,MarvelsGrantMan136,2025-05-21T10:50:27.717511Z
1kbzqma,reddit,‘The Surfer’ Might Just Be Nicolas Cage’s Best Movie of 2025,,2025-05-01T03:57:29Z,movies,movies,entertainment,Entertainment,[],0,494,97,,0.82,https://www.themovienerds.com/post/the-surfer-might-just-be-nicolas-cage-s-best-movie-of-2025,dicedtomatoes55,2025-05-21T10:50:29.791297Z
1kl6iij,reddit,Alex Winter’s ‘FREAKED’ Is Finally Getting A 4K Restoration (Releases Fall 2025),,2025-05-12T22:52:00Z,movies,movies,entertainment,Entertainment,[],0,481,45,,0.93,https://www.fangoria.com/alex-winters-freaked-4k/,MarvelsGrantMan136,2025-05-21T10:50:31.385604Z
1kd4z0j,reddit,How come there are almost no good dinosaur movies besides first Jurassic Parks and King Kong?,"Given how popular and interesting topic dinosaurs are, it strikes me as odd that there are almost no movies about them. Everyone knows Jurassic Park movies, and Peter Jacksons King Kong is very good but it doesnt focus on dinosaurs.

Is there some obvious movie I am missing, or do good dinosaur  movies just not exist?",2025-05-02T16:16:13Z,movies,movies,entertainment,Entertainment,[],0,482,705,,0.84,https://www.reddit.com/r/movies/comments/1kd4z0j/how_come_there_are_almost_no_good_dinosaur_movies/,mikedomert,2025-05-21T10:50:32.598089Z
1k7z5pe,reddit,Bruce Logan Dies: VFX Legend Who “Blew Up The Death Star” & Worked On ‘2001: A Space Odyssey’ Was 78,,2025-04-25T23:35:33Z,movies,movies,entertainment,Entertainment,[],0,476,6,,0.95,https://deadline.com/2025/04/bruce-logan-dies-star-wars-2001-a-space-odyssey-1236377427/,MarvelsGrantMan136,2025-05-21T10:50:37.163765Z
1knpnb1,reddit,Official Discussion - Final Destination: Bloodlines [SPOILERS],"#Poll

**If you've seen the film, please rate it [at this poll](https://strawpoll.ai/poll/vote/IYbXMCMmhp4k)**

**If you haven't seen the film but would like to see the result of the poll [click here](https://strawpoll.ai/poll/results/IYbXMCMmhp4k)**

#Rankings

[Click here](https://strawpoll.ai/list/ItnAgr4mX7QR) to see the rankings of 2025 films

[Click here](https://youpoll.me/list/4/) to see the rankings for every poll done 

---

---


**Summary**
In this prequel to the *Final Destination* franchise, a young woman discovers that her family has been haunted by Death’s design for generations. As eerie coincidences and deadly accidents begin piling up, she and her friends must unravel the origins of the curse before it's too late.

**Director**
Zach Lipovsky & Adam B. Stein (*Freaks*)

**Writer**
Lori Evans Taylor (*Bed Rest*)

**Cast**

* Brec Bassinger as Alex
* Teo Briones as Marcus
* Kaitlyn Santa Juana as Lucy
* Richard Harmon as Ethan
* Tony Todd as William Bludworth
* Rya Kihlstedt as Dr. Sullivan
* Tinpo Lee as Nathan
* Chase Sui Wonders as Kara

Rotten Tomatoes: [94%](https://www.youtube.com/watch?v=UWMzKXsY9A4)

Metacritic: [75](https://www.metacritic.com/movie/final-destination-bloodlines/)

**VOD**
Available in theaters and on premium VOD.

**Trailer**
[Watch here](https://www.youtube.com/watch?v=UWMzKXsY9A4)",2025-05-16T02:06:08Z,movies,movies,entertainment,Entertainment,[],0,483,1513,,0.92,https://www.reddit.com/r/movies/comments/1knpnb1/official_discussion_final_destination_bloodlines/,LiteraryBoner,2025-05-21T10:50:38.173525Z
1kcq69t,reddit,I really miss Arnold being in movies,"I grew up with Arnold Schwarzenegger movies on the TV every weekend. I don't think there's one of his movies I don't enjoy on some level. I believe we will never see anyone like him again in our lifetime. What's your favorite Arnold movie or your favorite line from him. For me, it has to be T2, but the quote is, ""Remember, Sully, when I promised to kill you last? I lied. (drops him off a cliff)"" ",2025-05-02T02:19:55Z,movies,movies,entertainment,Entertainment,[],0,472,215,,0.86,https://www.reddit.com/r/movies/comments/1kcq69t/i_really_miss_arnold_being_in_movies/,SmittyFromAbove,2025-05-21T10:50:42.601907Z
1k8ta0g,reddit,"The scene uncovering the truth of what Will Bill did to the twin children in ""The Green Mile"" is something else.","The bile coming up in my gut.... wow.... chills. Horrifying. Sam Rockwell nailed it as Wild Bill, Tom Hanks nailed at is Paul Edgecomb, Michael Clarke Duncan nailed at as John Coffey. Blood-curdling moment in a great film, to say the least. Even Stephen King said this movie was a phenomenal adaptation of his book.",2025-04-27T02:10:16Z,movies,movies,entertainment,Entertainment,[],0,471,70,,0.87,https://www.reddit.com/r/movies/comments/1k8ta0g/the_scene_uncovering_the_truth_of_what_will_bill/,ordrius098,2025-05-21T10:50:44.830580Z
1kbwbri,reddit,"Takashi Miike To Direct Neon’s ‘Bad Lieutenant: Tokyo’ Starring Shun Oguri, Lily James, & Liv Morgan; Film To Hit International Market At Cannes—The Dish",,2025-05-01T00:53:46Z,movies,movies,entertainment,Entertainment,[],0,472,58,,0.93,https://deadline.com/2025/04/takashi-miike-neon-bad-lieutenant-tokyo-shun-oguri-cannes-1236381941/,lawrencedun2002,2025-05-21T10:50:46.708561Z
1kg89ua,reddit,"'The Conjuring: Last Rites': First-look at Vera Farmiga, Patrick Wilson's final haunting",,2025-05-06T16:04:47Z,movies,movies,entertainment,Entertainment,[],0,461,142,,0.89,https://ew.com/the-conjuring-last-rites-first-look-vera-farmiga-patrick-wilson-cover-story-11727734,NoCulture3505,2025-05-21T10:50:48.073806Z
1kau1hf,reddit,Charli xcx to Star in and Produce ‘Audition’ Director Takashi Miike’s Next Film,,2025-04-29T17:42:06Z,movies,movies,entertainment,Entertainment,[],0,463,76,,0.85,https://variety.com/2025/music/global/charli-xcx-star-produce-takashi-miike-next-film-1236381396/,SafeBodybuilder7191,2025-05-21T10:50:50.240630Z
1kmo2ju,reddit,"Denzel Washington, Robert Pattinson & Daisy Edgar-Jones Set For Netflix Heist Pic ‘Here Comes The Flood’ From Fernando Meirelles",,2025-05-14T19:25:55Z,movies,movies,entertainment,Entertainment,[],0,458,60,,0.92,https://deadline.com/2025/05/denzel-washington-robert-pattinson-join-here-comes-the-flood-1236397634/,MarvelsGrantMan136,2025-05-21T10:50:52.073707Z
1k5cgqy,reddit,What’s the best movie that truly *feels* like its city?,"Some movies don’t just take place in a city, they *become* the city. Whether it’s the grimy streets of NYC in Taxi Driver, the night-time streets of LA in Nightcrawler, 70s San Fran for Zodiac, which films do you think best embodies their setting? Not just as a backdrop, but as a character itself.

Bonus points for cities other than NYC & LA. Give me some Philly examples, Houston, Detroit, Seattle, Nola! 

My personal pick would be “ATL”. The title speaks for itself lol.",2025-04-22T17:41:23Z,movies,movies,entertainment,Entertainment,[],0,460,855,,0.9,https://www.reddit.com/r/movies/comments/1k5cgqy/whats_the_best_movie_that_truly_feels_like_its/,icedoutkatana,2025-05-21T10:50:53.423274Z
1k8g45w,reddit,Poster for Sci-Fi Adventure 'Watch the Skies' - A rebellious teenager who believes her missing father was abducted by aliens joins forces with a quirky UFO club of endearing misfits. They embark on a high-stakes adventure that defies the law and challenges the very fabric of reality.,,2025-04-26T15:53:38Z,movies,movies,entertainment,Entertainment,[],0,459,95,,0.87,https://i.redd.it/0wx57yzua7xe1.jpeg,BunyipPouch,2025-05-21T10:50:56.876376Z
1k4sfzb,reddit,Free Solo (2018) is NERVE-WRACKING,"Quite possibly the most nail-biting, edge-of-your-seat documentary I've ever watched in my life. My palms were sweaty for like, 90% of the runtime. The way each climb is shot by the filmmakers Jimmy Chin and Elizabeth Vasarhelyi can only be described as epic. The grand scale of Alex Honnold's achievement is presented perfectly by the camera work, from the wide angle shots that frame him dwarfed by the massive wall of death he's climbing, to the tight close-ups of his fingers and feet digging into the rock face. It doubles as both an account of a monumental feat in rock climbing and human endurance, and a character profile about the kind of person that is willing to put his life on the line in the pursuit of perfection. Alex comes across as equally fucking crazy and inspiring. God bless his wife, she's the real hero for having the patience and compassion to deal with this guy's insanity. Highly recommend this if you haven't seen it, definitely worth the watch.",2025-04-21T23:52:32Z,movies,movies,entertainment,Entertainment,[],0,457,108,,0.89,https://www.reddit.com/r/movies/comments/1k4sfzb/free_solo_2018_is_nervewracking/,letsgopablo,2025-05-21T10:50:58.867062Z
1khs8tk,reddit,The Old Guard 2 | Official Trailer | Netflix,,2025-05-08T15:00:18Z,movies,movies,entertainment,Entertainment,[],0,450,155,,0.81,https://www.youtube.com/watch?v=lyivgZ074PY,MarvelsGrantMan136,2025-05-21T10:51:00.844786Z
1kmcr04,reddit,What movie villain did you find yourself irrationally rooting for?,"People always talk about “villains who were right” or “villains that are actually heroes” but I want to know what villains you rooted for despite them being, for lack of a better word “evil”. 

Mine is Drexl Spivey in True Romance. Mainly due to the fact he’s so entertaining. Always felt like the character was under-utilised considering he was the stand out of the movie despite having little screen time. ",2025-05-14T11:28:35Z,movies,movies,entertainment,Entertainment,[],0,449,784,,0.89,https://www.reddit.com/r/movies/comments/1kmcr04/what_movie_villain_did_you_find_yourself/,FilmWaffle-FilmForum,2025-05-21T10:51:02.801976Z
1kc3yp1,reddit,What is the coolest movie quote of all time?,"I recently watched Sin City for the first time and it’s got so many cool quotes but this one in particular stood out to me:

“Most people think Marv is crazy. He just had rotten luck being born in the wrong century. He’d be right at home on some ancient battlefield swinging an axe into somebody’s face. Or in a Roman arena, taking his sword to other gladiators like him. They woulda tossed him girls like Nancy back then.” ",2025-05-01T08:44:09Z,movies,movies,entertainment,Entertainment,[],0,452,922,,0.85,https://www.reddit.com/r/movies/comments/1kc3yp1/what_is_the_coolest_movie_quote_of_all_time/,FilmWaffle-FilmForum,2025-05-21T10:51:06.871622Z
1knb4ar,reddit,"New Image of Golshifteh Farahani in 'ALPHA' - Alpha, a troubled 13-year-old lives with her single mom. Their world collapses the day she returns from school with a tattoo on her arm | A film by Julia Ducournau ('Titane')",,2025-05-15T15:30:11Z,movies,movies,entertainment,Entertainment,[],0,448,75,,0.89,https://i.redd.it/bmlwz6yesy0f1.jpeg,mayukhdas1999,2025-05-21T10:51:10.678625Z
1k6uxsf,reddit,"Chloe Zhao’s ‘Hamnet,’ Starring Paul Mescal and Jessie Buckley, Sets November 27th Release Date",,2025-04-24T15:23:00Z,movies,movies,entertainment,Entertainment,[],0,438,57,,0.9,https://variety.com/2025/film/news/hamnet-release-date-paul-mescal-chloe-zhao-1236377093/,cmaia1503,2025-05-21T10:51:12.194118Z
1kr6833,reddit,What movies do you have to watch twice in order to fully understand them?,"There’s certain movies out there with concepts/themes you can’t really grasp on the first watch. What movies did you have to watch twice in order to fully understand them? 

Mines likely not as confusing as most peoples choices but I feel like Donnie Darko is a movie you should definitely watch twice. I sort of got it on the first watch but the second cleared up any confusion surrounding the alternate realities etc.",2025-05-20T14:27:14Z,movies,movies,entertainment,Entertainment,[],0,483,996,,0.88,https://www.reddit.com/r/movies/comments/1kr6833/what_movies_do_you_have_to_watch_twice_in_order/,FilmWaffle-FilmForum,2025-05-21T10:51:13.681629Z
1kpbwoe,reddit,Which movie series has the worst naming conventions?,"From the humble number, to the subtitle, to something a little more creative, what to name different movies in a series is a question that, to this day, nobody has seemed to figure out. Either due to being vague, confusing, or just plain bad, which movie series has the worst naming conventions?

My personal pick is probably the predator series for: predator, predator 2, predators, the predator, and prey because it would be hard to make a more confusing order if you tried.",2025-05-18T04:44:20Z,movies,movies,entertainment,Entertainment,[],0,444,434,,0.91,https://www.reddit.com/r/movies/comments/1kpbwoe/which_movie_series_has_the_worst_naming/,Appropriate_Arm_1339,2025-05-21T10:51:17.984447Z
1kcmpb6,reddit,Sunshine is so good.,"I believe it's still on Disney+, maybe by writer and directors Alex Garland and Danny Boyle who did 28 Days Later as well, it's one of the most unique, modern sci-fi films that have been made in recent decades still, and it has scenes that just swallow up all of your attention.

What is interesting about that movie is its connection to 28 Years Later which comes out soon. Danny and Garland fell out in the production of this movie, creatively, and over the years they've both reflected on why that was. According to Garland he wanted the movie to be a slow-burn, and very contemplative, where the conclusion would be that the crew would give in to their mission to restart the dying sun, by just letting themselves die and accept the possibility that the mission might be a fluke. In his original script which can still be bought, the movie has many, many differences to what Danny Boyle ended up making onto screen, where they play chess in the opening and ending. There are still deleted scenes in the DVD of the characters playing chess.

But ultimately, what frustrated Garland and caused him to start directing on his own (making films like Ex Machina, Annihilation and Civil War) was that Danny Boyle was fixated on figuring out a solution to the plot that would be more hopeful and positive. He started making more and more editorial decisions to the script, and Danny recalled Garland pointing at an idea of making an intro-monologue to explain the premise saying ""If you do that, I'm off the project.""

That also makes the movie interesting in itself -- how it's stuck between versions and is arguably an unfinished draft. The biggest complaint is that 2/3rds into it people joke it turns into ""Jason X"", but curiously this part is also in Garland's script, but everything just happens at a different location and leads to a different endgame.

I highly recommend giving it a watch. It's a deeply evocative, but also epic science fiction, that has an all-star cast that create some intense scenes together where you're glued to the screen. It's easy if you already like Chris Evans (Captain America) who even said this was his favorite movie to make.

CLIP: [Chris Evans as ""Mace"" in Sunshine (2007)](https://www.youtube.com/watch?v=FUfubQCfHUU)",2025-05-01T23:22:26Z,movies,movies,entertainment,Entertainment,[],0,435,92,,0.9,https://www.reddit.com/r/movies/comments/1kcmpb6/sunshine_is_so_good/,linkenski,2025-05-21T10:51:21.319506Z
1kri8gy,reddit,Chiwetel Ejiofor & Cristin Milioti Eyed To Star In ‘The Backrooms’ At A24,,2025-05-20T22:32:52Z,movies,movies,entertainment,Entertainment,[],0,723,52,,0.92,https://deadline.com/2025/05/the-backrooms-chiwetel-ejiofor-cristin-milioti-eyed-to-star-a24-1236406671/,MarvelsGrantMan136,2025-05-21T10:51:23.218342Z
1kint7s,reddit,New Image from “Superman”,,2025-05-09T17:11:44Z,movies,movies,entertainment,Entertainment,[],0,432,115,,0.86,https://pbs.twimg.com/media/GqhdO5LWQAANFvy?format=jpg&name=large,KillerCroc1234567,2025-05-21T10:51:24.471495Z
1krdvd3,reddit,Cillian Murphy And Daniel Craig In Negotiations To Star In Damien Chazelle’s Next Movie,,2025-05-20T19:30:36Z,movies,movies,entertainment,Entertainment,[],0,598,50,,0.94,https://deadline.com/2025/05/cillian-murphy-daniel-craig-damien-chazelle-movie-1236406062/,MarvelsGrantMan136,2025-05-21T10:51:26.564138Z
1kposxl,reddit,Jennifer Lawrence-Robert Pattinson Drama ‘Die My Love’ Picked Up By Mubi For U.S. Release In First Big Cannes Film Festival Deal - The possible Oscar contender will be Mubi's biggest film since 'The Substance'.,,2025-05-18T17:03:52Z,movies,movies,entertainment,Entertainment,[],0,422,25,,0.89,https://deadline.com/2025/05/jennifer-lawrence-robert-pattinson-die-my-love-cannes-mubi-1236403025/,BunyipPouch,2025-05-21T10:51:28.186869Z
1khxdei,reddit,"First Image from 'SOUND OF FALLING' - Four girls, Alma, Erika, Angelika, and Lenka, each spend their youth on the same farm in northern Germany. As the home evolves over a century, echoes of the past linger in its walls. Though separated by time, their lives begin to mirror each other",,2025-05-08T18:27:02Z,movies,movies,entertainment,Entertainment,[],0,422,14,,0.92,https://i.redd.it/uvnsyukjplze1.jpeg,mayukhdas1999,2025-05-21T10:51:29.293002Z
1kpoqhv,reddit,"Denis Villeneuve’s ‘Incendies’ Receiving 4K Restoration Re-Release in Several Markets Including Canada, Greece, Turkey, Portugal, and Japan",,2025-05-18T17:01:08Z,movies,movies,entertainment,Entertainment,[],0,424,40,,0.93,"https://www.screendaily.com/news/buyers-flock-to-microscopes-4k-restoration-of-denis-villeneuves-incendies/5205186.article#:~:text=EXCLUSIVE%3A%20Montreal%2Dbased%20producer%20micro_scope,through%20its%20young%20international%20division.",BunyipPouch,2025-05-21T10:51:30.468697Z
1kirdba,reddit,I finally watched Al Pacino and Keanu Reaves in Devils Advocate.,"Amazing movie hooked from start to finish 9.1/10 for sure. 

I whole heartedly didn’t expect the ending and honestly after the Epstein situation it just feels like The Devils Advocate was just tryna show what really goes on. 

Loved how it further showed free will and how it’s us choosing our decisions. ",2025-05-09T19:42:20Z,movies,movies,entertainment,Entertainment,[],0,423,165,,0.86,https://www.reddit.com/r/movies/comments/1kirdba/i_finally_watched_al_pacino_and_keanu_reaves_in/,Realistic-Rule9364,2025-05-21T10:51:31.761276Z
1kbnd7t,reddit,‘Road House 2’: Guy Ritchie to Direct Sequel to Amazon MGM’s Hit Action Movie,,2025-04-30T18:15:35Z,movies,movies,entertainment,Entertainment,[],0,421,210,,0.84,https://www.hollywoodreporter.com/movies/movie-news/road-house-2-guy-ritchie-to-direct-1236204310/,MarvelsGrantMan136,2025-05-21T10:51:33.686060Z
1kr8hx6,reddit,'Lilo & Stitch' (2025) - Review Thread,"**Lilo & Stitch** (2025)


* [Rotten Tomatoes](https://www.rottentomatoes.com/m/lilo_and_stitch_2025) 76% (49 Reviews)


* [Metacritic](https://www.metacritic.com/movie/lilo-stitch-2025/):  56 (18 Reviews)


**Reviews**

[The Hollywood Reporter](https://www.hollywoodreporter.com/movies/movie-reviews/lilo-and-stitch-review-disney-zach-galifianakis-1236221581/):

>For adults, a little of the visual chaos will go a long way, with [Stitch], cute as he is, not exactly E.T. in terms of appeal. Younger viewers should eat it all up, and those weaned on the original film will appreciate the numerous shout-outs.

[Deadline](https://deadline.com/2025/05/lilo-stitch-review-live-action-remake-1236390982/):

>It’s a sweet film, succeeding where other remakes have failed, namely in adhering closely to the core message of what inspired it without falling too deep down the rabbit hole of computer-generated slop.

[Variety](https://variety.com/2025/film/reviews/lilo-and-stitch-review-1236404657/):

>Somehow, “Lilo & Stitch” has lost its unpredictable sense of anarchy in the retelling. For all intents and purposes, it could be a Hawaii-set sitcom.

[The Consequence] (https://consequence.net/2025/05/lilo-and-stitch-review-disney-live-action/) (B+)

>While it may never fully replace the original in the hearts of its fans, this new Lilo & Stitch manages to capture the real emotion embedded in this story, while also nailing all the fun that comes from an agent of chaos discovering he has a heart.

[The Daily Beast](https://www.thedailybeast.com/obsessed/lilo-stitch-is-finally-a-disney-remake-that-isnt-a-total-travesty/) (See This):

>It’s jovial, zany, and sweet, and it recreates its adorable title alien via CGI (and a Sanders voice performance) with pitch-perfect accuracy.

[Entertainment Weekly](https://ew.com/lilo-and-stitch-live-action-adaptation-whimsical-heartfelt-upgrade-11738389) (B+):

>Now 3-D rather than mere pen and ink, [Stitch] looks instantly huggable, so much so that I can’t even begrudge Disney the thousands of stuffed Stitch toys this is bound to sell.

[IGN] (https://www.ign.com/articles/lilo-stitch-remake-review) (8/10):

>Lilo & Stitch is one of the stronger results of Disney’s non-stop remake campaign, taking the emotional core of the original and amplifying it in a stirring manner.

[The Wrap] (https://www.thewrap.com/lilo-and-stitch-2025-review/):

>I guess when you take something that works and make it work slightly less, it still kinda works.

[Slant Magazine](https://www.slantmagazine.com/film/lilo-and-stitch-review-2025/) (3/4):

>Here, “ohana” doesn’t just mean family but community, and the film does moving and spirited work in showcasing how crucial it is for us to lift each other up.

[The Telegraph] (https://www.telegraph.co.uk/films/0/lilo-stitch-review-disney-hawaii/) (3/5)

>No prospective customers are going to feel alienated by anything here, from the aliens down. That makes it feel more like a product than its predecessor did, but at least it’s a sturdily built one.

[Screen Rant](https://screenrant.com/lilo-and-stitch-movie-review-2025/) (7/10):

>Audiences want to be moved and given a reason to revisit the emotions sparked by the story, and Lilo & Stitch delivers.

[Slashfilm](https://www.slashfilm.com/1864754/lilo-and-stitch-movie-review/) (6.5/10):

>Fortunately, this new ""Lilo & Stitch"" isn't trying to compete with its source material, and boldly refocuses the emotional heartstrings in a new direction.

[USA Today] (https://www.usatoday.com/story/entertainment/movies/2025/05/20/lilo-and-stitch-2025-movie-review/83698024007/) (2.5/4):

>This “Lilo & Stitch” is “broken but still good.” Even if it's ultimately an unnecessary new take on a chaotic masterpiece.

[IndieWire] (https://www.indiewire.com/criticism/movies/lilo-and-stitch-review-live-action-remake-1235124603/) (C+):

>The heart of this story remains firmly intact, but there’s something about seeing it rendered in live-action that takes away its inherent magic.

[Collider](https://collider.com/lilo-and-stitch-review-live-action/) (4/10):

>Chris Sanders and Maia Kealoha have enough charm to keep families entertained, but it's also hard to deny that these two characters are just as, if not more, endearing in a film you can watch right now on Disney+

[AV Club](https://www.avclub.com/lilo-and-stitch-review) (D):

>The Disney Channel Original aesthetic and a handful of wrongheaded decisions make this film just the latest in a string of soulless, cut-rate copies.

[Independent](https://www.the-independent.com/arts-entertainment/films/reviews/lilo-and-stitch-review-remake-live-action-disney-b2754278.html) (1/5):

>These half-hearted substitutions prove entirely pointless in practice, shot and cobbled together as they are with the hasty quality of a reality TV show.

[Associated Press] (https://apnews.com/article/lilo-stitch-2025-movie-review-f12f0cf0e8d1d3ceb24f6602de57cc1c) (1/5)

>Disney should have left the original alone.

[The Guardian] (https://www.theguardian.com/film/2025/may/20/lilo-stitch-review-disney) (1/5):

>All told, there’s hardly a single smile in Lilo & Stitch ’25 not generated through the stolen valor of the earlier screenplay, and hardly a poignant moment that’s not more admirably raw in the G-rated version.


**Synopsis**:

>A live-action reimagining of Disney’s 2002 animated classic, “Lilo & Stitch” is the wildly funny and touching story of a lonely Hawaiian girl and the fugitive alien who helps to mend her broken family.

**Cast**

* Maia Kealoha as Lilo Pelekai
* Chris Sanders as the voice of Stitch
* Sydney Elizebeth Agudong as Nani Pelekai
* Zach Galifianakis as Dr. Jumba Jookiba
* Billy Magnussen as Agent Pleakley
* Courtney B. Vance as Cobra Bubbles
* Kaipo Dudoit as David Kawena
* Tia Carrere as Mrs. Kekoa
* Amy Hill as Tūtū
* Jason Scott Lee as a lūʻau manager

Directed by: Dean Fleischer Camp

Screenplay by: Chris Kekaniokalani Bright and Mike Van Waes

Produced by: Jonathan Eirich and Dan Lin

Cinematography: Nigel Bluck

Edited by: Adam Gerstel and Phillip J. Bartell

Music by: 	Dan Romer

Running time: 108 minutes

Release dates: May 23, 2025",2025-05-20T15:59:11Z,movies,movies,entertainment,Entertainment,[],0,510,452,,0.84,https://www.reddit.com/r/movies/comments/1kr8hx6/lilo_stitch_2025_review_thread/,DemiFiendRSA,2025-05-21T10:51:36.090746Z
1kmqw4p,reddit,The most satisfying comeuppance you've ever seen in a film?,"For me, there's no comeuppance that's equal to the one at the end of the two-part story in the French films ""Jean de Florette"" and ""Manon des Sources"". Roger Ebert described it as ""perfectly, even cruelly, suited to \[the antagonist's\] crime.""

People have commented that it's tragic, and that they end up feeling sorry for the villain. I am not one of those people. I took great joy in the punishment; couldn't have picked a more fitting one if I tried. The only thing that could have made it better is if they'd added a scene after the ending, after he's willed his property to the last family he has left. I'd add a scene where they reject his gift and sell the land off. To hell with his obsession with ancestry and land possession. Leave no trace of his legacy whatsoever, and his name disappear till it's only on his own tombstone.",2025-05-14T21:20:16Z,movies,movies,entertainment,Entertainment,[],0,421,649,,0.87,https://www.reddit.com/r/movies/comments/1kmqw4p/the_most_satisfying_comeuppance_youve_ever_seen/,N/A,2025-05-21T10:51:39.444003Z
1kmfxp2,reddit,New Poster for 'Karate Kid: Legends',,2025-05-14T14:01:38Z,movies,movies,entertainment,Entertainment,[],0,414,143,,0.79,https://i.redd.it/0e4w8clo7r0f1.jpeg,MarvelsGrantMan136,2025-05-21T10:51:43.962985Z
1kbpuds,reddit,Has there ever been a modern day genre switchup similar to Alien - > Aliens?,"Alien and Aliens are both in my top 5 movies of all time (not a surprise very basic bitch choices) but one thing I tell people is that the real genius of Aliens was just the decision to switch up the genre/style of the movie. Obviously it was executed perfectly, but just the idea to do that seems insane to me. I haven't really been able to think of a movie series that did that today. Especially going from a slow-loomthing-methodical build up horror movie like alien to a non-stop action/horror/thriller in aliens.

edit - By modern I'm gonna arbitrarily say like post 2005~",2025-04-30T20:00:05Z,movies,movies,entertainment,Entertainment,[],0,416,427,,0.88,https://www.reddit.com/r/movies/comments/1kbpuds/has_there_ever_been_a_modern_day_genre_switchup/,JustAposter4567,2025-05-21T10:51:45.870342Z
1k93p47,reddit,Name Good Low-Budget Movies.,"It doesn't matter what genre.  There have been some solid movies made on a shoestring budget.  What are your top low-budget movies?

I'll open with the 1979 Mad Max.  It had a budget of 350K  and launched Mel Gibson's career and created a long running franchise.

My Second Offering is Rocky.  Only a 1 Million Dollar Budget and won the Oscar for the best picture and sent Stallone's career in orbit.",2025-04-27T13:15:16Z,movies,movies,entertainment,Entertainment,[],0,415,1001,,0.86,https://www.reddit.com/r/movies/comments/1k93p47/name_good_lowbudget_movies/,AbbreviationsAway500,2025-05-21T10:51:49.729838Z
1k6blin,reddit,"‘The Hunger Games: Sunrise On The Reaping’ Casts Joseph Zada As Haymitch Abernathy, Whitney Peak As Lenore Dove Baird",,2025-04-23T21:55:42Z,movies,movies,entertainment,Entertainment,[],0,413,169,,0.85,https://deadline.com/2025/04/the-hunger-games-sunrise-on-the-reaping-joseph-zada-whitney-peak-1236375468/,cmaia1503,2025-05-21T10:51:53.819406Z
1kjz9gm,reddit,"Poster for the 4K Restoration and Re-Release of 'Little Buddha' - Directed by Bernardo Bertolucci ('Last Tango In Paris') - Starring Keanu Reeves, Bridget Fonda, and Ying Ruocheng",,2025-05-11T11:53:05Z,movies,movies,entertainment,Entertainment,[],0,408,75,,0.86,https://i.redd.it/5eyshycq550f1.jpeg,BunyipPouch,2025-05-21T10:51:56.191041Z
1kbxulq,reddit,many members of the cast of house of 1000 corpses died before the film turned 20 years old.,"rob zombie's 2003 horror movie house of 1000 corpses holds the dubious honor of being one of the very few movies in existence where many members of it's cast died before it turned 20 years old. before the film's 20th anniversary in 2023, 7 members of it's cast died. 

the first was dennis fimple who was actually sick from heart disease at the time, hence why his character sits down for most of the movie. however, it was not the disease that claimed his life but a car crash in 2002. house of 1000 corpses would be fimple's final movie, releasing the year after his death.

then came matthew mcgrory, a man who is largely known for holding the guinness book of world records for the tallest actor, standing at 7 feet tall and 6 inches. mcgrory's career was relatively short with only a few film credits and television credits to his name. most people will likely know him as karl the giant from tim burton's big fish. it's worth noting that he was one of only 4 actors from house of a 1000 corpses to return for the film's sequel the devil's rejects, reprising his role as tiny firefly. the same year that movie came out, mcgrory would pass away from congestive heart failure at the age of 32. the devil's rejects is dedicated to his memory. 

then came karen black, a woman who needs no introduction if you're a fan of horror. she stars in house of 1000 corpses as mama firefly, the matriarch of the firefly family. she did not return for the sequel the devil's rejects due to demanding too high a salary to come back. after house of 1000 corpses, she continued to get steady work in both film and television until her 2013 death from cancer at the age of 74.

then there was tom towles. towles was a character actor who broke out into mainstream success with his portrayal of otis in henry portrait of a serial killer. throughout his career, he starred in many different movies and tv shows. house of 1000 corpses wasn't even his final collaboration with rob zombie as towles later starred in the devil's rejects, halloween, and the fake trailer for werewolf women of the SS. towles died in 2015 at the age of 65 from a stroke. 

then there was irwin keyes, an actor who took full advantage of his towering height to play larger then life characters. throughout his career, he starred in many movies of many different genres and played many different roles. in 2015, keyes died at the age of 63 from complications of acromegaly.

then there was sid haig, who despite his long career in both film and television is likely forever destined to be known as captain spaulding, one of the greatest killer clowns in film history. his performances as spaulding is often considered to be among the strongest parts of those movies. in september of 2019, haig died at the age of 80 from pneumonia. his final performance as captain spaulding was in 3 from hell.

finally, there was michael J pollard, a famous character actor who had been acting since the 1950s. he was known for playing quirky and off beat supporting characters. he had a respectable career and even earned an academy award nomination for best supporting actor for his role in bonnie and clyde. after house of 1000 corpses, pollard went into semi retirement, only making 2 more movies before his 2019 death from cardiac arrest at the age of 80. 

RIP to them all.",2025-05-01T02:11:50Z,movies,movies,entertainment,Entertainment,[],0,406,70,,0.79,https://www.reddit.com/r/movies/comments/1kbxulq/many_members_of_the_cast_of_house_of_1000_corpses/,herequeerandgreat,2025-05-21T10:51:58.078761Z
1kjhrqm,reddit,Suggest an unintentionally bad movie that's not comedic I can day drink to,"My perfect example of what I'm looking for (sorry if I ruffle any feathers) is Dan Foreman's Life Itself, where everything is competently made, everyone is giving it their all, but something about the script is just so over the top cheesy that you can't help but marvel at the characters' choice of words and decision making. I fucking love that movie.

What are your best suggestions for something more drama leaning and earnestly made like that but still fun to watch for those reasons?
",2025-05-10T19:06:54Z,movies,movies,entertainment,Entertainment,[],0,407,603,,0.86,https://www.reddit.com/r/movies/comments/1kjhrqm/suggest_an_unintentionally_bad_movie_thats_not/,matadinosaurios,2025-05-21T10:51:59.595933Z
1kju8fq,reddit,What are some movies that are surprisingly okay for kids to watch?,"My daughter walked in while I was watching Mission Impossible: Rogue Nation and I ended up starting it over and watching it with her. Now we’re in the process of going through all of them before The Final Reckoning comes out. There are a few intense scenes (especially in 3 with Phillip Seymour Hoffman), but for the most part they’re not THAT bad. So it got me thinking…what are some other movies that you would think would be inappropriate for a 10 year old, but they’re not that bad? ",2025-05-11T06:11:12Z,movies,movies,entertainment,Entertainment,[],0,406,276,,0.88,https://www.reddit.com/r/movies/comments/1kju8fq/what_are_some_movies_that_are_surprisingly_okay/,MeatDiddler,2025-05-21T10:52:03.619472Z
1khuuk8,reddit,Benedict Wong Joins Ridley Scott’s ‘The Dog Stars’,,2025-05-08T16:46:07Z,movies,movies,entertainment,Entertainment,[],0,402,55,,0.91,https://deadline.com/2025/05/the-dog-stars-adds-benedict-wong-1236389387/,NoCulture3505,2025-05-21T10:52:06.192740Z
1kjzgwf,reddit,Parody or “Spoof” films… which one is the GOAT?,"Who remembers all the greatest comedy films that spend 90 minutes poking fun at other film genres? 

What is your greatest parody film of all time? 

For me, the Mt Rushmore would have Naked Gun, Hot Shots, Scary Movie and Not Another Teen Movie. I don’t personally classify Austin Powers as a spoof film but others may consider it. 

For me, it’s stood the test of time and still cracks me up - Hot Shots is my GOAT. 

What’s yours? Have I missed any bangers? 


Update: oh man after reading the comments there are so many I have missed. This is harder than I thought! ",2025-05-11T12:04:50Z,movies,movies,entertainment,Entertainment,[],0,410,1174,,0.78,https://www.reddit.com/r/movies/comments/1kjzgwf/parody_or_spoof_films_which_one_is_the_goat/,Discomat86,2025-05-21T10:52:07.626589Z
1ko1ac8,reddit,A24's 'Bring Her Back' - Review Thread,"*A brother and sister witness a terrifying ritual at the secluded home of their new foster mother.*

Director: Danny Philippou; Michael Philippou

**Rotten Tomatoes:** [96%](https://www.rottentomatoes.com/m/bring_her_back)

**Metacritic:** [72/100](https://www.metacritic.com/movie/bring-her-back/)

Some Reviews:

[Mashable](https://www.rottentomatoes.com/critics/source/2685) \- [Kristy Puchko](https://www.rottentomatoes.com/critics/kristy-puchko)

>*Bring Her Back* is extraordinary. For those who found *Talk to Me* sensationally scary, this follow-up will thrill with its deeply deranged tale of heartache and body horror. But the Philippous went deeper, presenting a character-driven drama with flares of psycho-biddy and religious horror. That heady combination not only makes for a satisfyingly scary as hell movie, but also a profound one. 

[Slant Magazine](https://www.rottentomatoes.com/critics/source/821) \- [Rocco T. Thompson](https://www.rottentomatoes.com/critics/rocco-t-thompson) \- 3/4

>Looking at the work of Ari Aster, Oz Perkins, and many other modern horror filmmakers, much of the genre is currently entrenched in examining grief and trauma cycles in endlessly reducible patterns, traceable across generations from parents to children, that exist outside of the individual or unit, often as a satanic or supernatural influence that destroys from without. *Bring Her Back* is different, and uniquely devastating, in showing that grief’s causes may be external, but its manifestation is entirely internal: lonely, shapeless, ugly, and unfathomable.

[FandomWire](https://www.rottentomatoes.com/critics/source/100009878) \- [Sean Boelman](https://www.rottentomatoes.com/critics/sean-boelman) \- 8/10

>All in all, *Bring Her Back* shows a massive step forward for the Philippou brothers. Although it’s much more of a slow burn than *Talk to Me*, and its story is a tad generic, the excellent character work, performances, and horror scenes make this a horror flick that you won’t be able to shake. 

[San Francisco Chronicle](https://www.rottentomatoes.com/critics/source/402) \- [G. Allen Johnson](https://www.rottentomatoes.com/critics/g-allen-johnson) \- 3/4

>The Philippous, leveraging makeup magic and other practical effects, relishes in the corporeal terror of death and its devastating aftermath. When they can translate something into a tangible sensation, like the camera effects of focus that take viewers into Piper’s distorted field of vision, the film operates within a comfortable range for the directors. Where they struggle to locate resonance is in the emotional realm.

[IndieWire](https://www.rottentomatoes.com/critics/source/226) \- [Ryan Lattanzio](https://www.rottentomatoes.com/critics/ryan-lattanzio) \- C+

>A taxing experience. Except not taxing emotionally, where it should count, as despite the Philippous’ flair for craft, they here don’t quite connect the dots from horror movie that features grief to a horror movie that’s truly about grief.

[AV Club](https://www.rottentomatoes.com/critics/source/833) \- [Matt Schimkowitz](https://www.rottentomatoes.com/critics/matt-schimkowitz) \- B

>The Philippous escalate the tension carefully, choosing the right moments to tear into their characters. *Bring Her Back* becomes increasingly brutal as it veers into its last act, but it also adds too many swerves, layering up twists that don’t amount to much. Some land better than others, but the movie works best on a visceral and emotional level, carried by Hawkins’ mania and the textured sound design that feels like pouring glass in the ear canal. Like a punk band turning four chords into pure angst, *Bring Her Back* turns familiar trauma-based horror into a traumatic experience. To sit through *Bring Her Back* is to endure it.",2025-05-16T13:47:19Z,movies,movies,entertainment,Entertainment,[],0,398,369,,0.91,https://www.reddit.com/r/movies/comments/1ko1ac8/a24s_bring_her_back_review_thread/,ChiefLeef22,2025-05-21T10:52:12.159068Z
1krh6n9,reddit,Snatch (2000) is so rewatchable,"I absolutely love this film and the characters in it. It’s so rewatchable and I can watch it in any mood I’m in. The characters are so colorful and memorable. My personal favorites are Cousin Avi, Bullet Tooth Tony, Boris The Blade, and Brick Top. I’m American but I love British humor and this movie is filled with so many great quotes and one liners and the editing is so fucking cool as well!",2025-05-20T21:47:03Z,movies,movies,entertainment,Entertainment,[],0,650,189,,0.95,https://www.reddit.com/r/movies/comments/1krh6n9/snatch_2000_is_so_rewatchable/,These_Feed_2616,2025-05-21T10:52:15.629921Z
1kbfzp8,reddit,"Hi /r/movies! I’m Jenny Jue, casting director for The Wedding Banquet (now in theaters), Okja, Snowpiercer, Inglourious Basterds, The Brother's Sun, Netflix's Avatar: The Last Airbender season 2, and more. I love discovering breakout talent and building unforgettable ensembles. AMA!","Hi r/movies! I’m Jenny Jue, casting director for The Wedding Banquet (now in theaters), Okja, Snowpiercer, Inglourious Basterds, The Brother's Sun, Netflix's Avatar: The Last Airbender season 2, and more. I love discovering breakout talent and building unforgettable ensembles. AMA!

I'll be back at 8 PM ET today (Wednesday 4/30) to answer your questions. Ask me anything!

View the official trailer for “The Wedding Banquet” here: 

[https://www.youtube.com/watch?v=kWy\_IzW04YM](https://www.youtube.com/watch?v=kWy_IzW04YM)

My credits:

[https://www.imdb.com/name/nm1937563/](https://www.imdb.com/name/nm1937563/)

Up next: ""Untitled Avatar: The Last Airbender"" (Paramount/Avatar Studios), ""Mike and Nick and Nick and Alice"" (20th Century Studios), and ""Ballerina Overdrive"" (Amazon Studios).

More bio information:

CSA Award-winning Casting Director Jenny Jue, whose two-decade career includes standout collaborations with Quentin Tarantino (""Inglourious Basterds""), Bong Joon Ho (""Okja"", ""Snowpiercer""), and Netflix’s ""The Brother’s Sun.”

Jenny’s latest project, ""The Wedding Banquet"" (Bleecker Street), is a 2025 reimagining of the Ang Lee classic, directed by Andrew Ahn and starring Lily Gladstone, Bowen Yang, Kelly Marie Tran, Joan Chen, and Youn Yuh-jung. Premiering to rave reviews at Sundance and in theaters nationwide April 18, 2025, the film explores queerness, chosen family, and generational identity with depth and humor. Jenny spent two years casting the project, navigating the unique challenges of post-strike independent filmmaking while shaping an ensemble that feels instinctive and human.

Jenny’s path to casting was anything but conventional. Raised in Southern California by a family of engineers, she initially pursued a pre-law track at UCLA. But a last-minute internship with iconic casting director Johanna Ray (""Mulholland Drive"", ""Twin Peaks"") changed everything. Jenny spent nearly a decade under Ray’s mentorship before founding her own company, Downtown Casting, in 2012. Since then, she’s become the go-to casting director for auteurs seeking global talent and emotional authenticity—balancing the demands of prestige cinema with stories that feel intimate, lived-in, and often underrepresented. Her work spans genres, from the from the stylized action of ""Kate"" to the unsettling realism of the BAFTA-nominated documentary ""The Social Dilemma.""",2025-04-30T13:05:14Z,movies,movies,entertainment,Entertainment,[],0,394,207,,0.88,https://i.redd.it/dyejt4pooyxe1.png,JennyJueAMA,2025-05-21T10:52:17.979809Z
1k4hf0z,reddit,Summer Camp movies to get an 11 year old boy excited about sleepaway summer camp?,"All I know about are movies from the 80s and 90s. I'm looking for something more modern, to help excite an ADHD kid about what fun possibilities there are at a sleepaway summer camp. Doesn't have to be particularly realistic, just something that gives an exciting vibe to get a kid over the hump of ""no, i'll hate it"", to ""maybe that will be fun, let's try it"". ",2025-04-21T16:18:50Z,movies,movies,entertainment,Entertainment,[],0,386,662,,0.85,https://www.reddit.com/r/movies/comments/1k4hf0z/summer_camp_movies_to_get_an_11_year_old_boy/,chewychubacca,2025-05-21T10:52:20.280006Z
1kiald2,reddit,Popular misconceptions about famous films,"What are some of the most popular misconceptions people have about films that are just wrong? 
I think the most popular one that has become a running joke is that the storm troopers in Star Wars are bad at aiming despite in A New Hope General Tarkin saying to Vader that he hoped his plan to let Luke and the others escape was worth it because he had a tracking device installed in the Millennium falcon that would lead them to the rebel base that it did. 
So obviously the Storm Troopers were deliberately missing their shots.  
I could also think of The Matrix and Neo being ""the one"".  ",2025-05-09T05:05:44Z,movies,movies,entertainment,Entertainment,[],0,384,827,,0.77,https://www.reddit.com/r/movies/comments/1kiald2/popular_misconceptions_about_famous_films/,Real_Ideal2111,2025-05-21T10:52:24.247369Z
1korb5j,reddit,"What actor do you think got the best send-off in their final film role, whether intended or not?","This came to mind after viewing ""Final Destination: Bloodlines"", which not only features Tony Todd in his final role, but which also gives him a deeply moving and memorable farewell onscreen (which they let him write himself no less). As hard as it can be to watch a clearly ill Todd, there's no doubt he's afforded a luxury actors don't always get, a curtain bow worthy of them. Many actors have their final roles in subpar films, either by necessity, choice or cruel fate. (One would think Peter Sellers, had he known his fatal heart attack was coming, would have much preferred ""Being There"" as his final role and not ""The Fiendish Plot of Dr. Fu Manchu."") There's two in particular, however, who come to mind who really got sent off in grand style.

Burt Lancaster in ""Field of Dreams."" He did do some TV work afterwards, but Lancaster's turn as Doc ""Moonlight"" Graham was his movie farewell and what a beautiful one it is to see. Namely thanks to his departure into the cornfield accompanied by Ray Liotta's parting words.

""Hey rookie!...You were good.""

Edward G. Robinson in ""Soylent Green."" This one is especially similar to Todd; a terminally ill actor in what he knows is will be his final role gets a grand showcase to say goodbye. Robinson's final act assisted suicide (""going home"" in the words of the dystopian future society of ""Soylent Green"") is essentially a Viking-style funeral for the legendary actor and highly emotional (helped by co-star Charleton Heston's genuine reaction, who'd been told by Robinson of his terminal condition and thus his tears in that scene are not acting).

Any other examples?",2025-05-17T12:01:28Z,movies,movies,entertainment,Entertainment,[],0,385,228,,0.9,https://www.reddit.com/r/movies/comments/1korb5j/what_actor_do_you_think_got_the_best_sendoff_in/,Mst3Kgf,2025-05-21T10:52:28.246126Z
1kjh1vz,reddit,"""Bad Boys"" (1983): Sean Penn as a Juvenile delinquent, lands himself in jail after running over a kid, and ends up being targeted by his victim's brother as well as having to deal with violent cellmates. Co-starring Esai Morales, Clancy Brown and Ally Sheedy",,2025-05-10T18:34:40Z,movies,movies,entertainment,Entertainment,[],0,385,76,,0.89,https://www.youtube.com/watch?v=OIU2pmE-1Ww,Davis_Crawfish,2025-05-21T10:52:31.175462Z
1kpqqzp,reddit,What happened to Brad Bird?,"Doing a rewatch of the MI series and Ghost Protocol again reminded me how talented he is. I find it sad that one okay-ish movie (Tomorrowland), which I enjoyed, slowed down his directing career, atleast in live action.   
Same with Gore Verbinski, another director who I wish would direct more because I love all his movies!",2025-05-18T18:25:59Z,movies,movies,entertainment,Entertainment,[],0,382,139,,0.89,https://www.reddit.com/r/movies/comments/1kpqqzp/what_happened_to_brad_bird/,tired_and_aslep,2025-05-21T10:52:32.680886Z
1kge58y,reddit,DC Studios Taps ‘Drive’ Writer Hossein Amini to Rewrite ‘Clayface’ | Mike Flanagan wrote the previous draft of the script,,2025-05-06T20:01:10Z,movies,movies,entertainment,Entertainment,[],0,377,133,,0.88,https://www.thewrap.com/hossein-amini-to-rewrite-clayface-for-dc-studios/,MarvelsGrantMan136,2025-05-21T10:52:34.600458Z
1kqkcd4,reddit,Spike Lee's 'Highest 2 Lowest' - Review Thread,"*A music mogul faces a life-and-death moral dilemma when he gets caught up in a ransom plot.*

Cast: Denzel Washington, A$AP Rocky, Jeffrey Wright

**Rotten Tomatoes:** [90%](https://www.rottentomatoes.com/m/highest_2_lowest)

**Metacritic:** [75/100](https://www.metacritic.com/movie/highest-2-lowest/)

Some Reviews:

[DEADLINE - Pete Hammond](https://deadline.com/2025/05/highest-2-lowest-review-denzel-washington-aap-rocky-spike-lees-music-industry-crime-drama-cannes-film-festival-1236403669/)

>The first film shot in Lee’s native NYC in more than a decade is one of his best. It has been in various forms of development over 30 years for the likes of David Mamet, Chris Rock and others, and now Washington helped get Lee on board with it for a new take from screenwriter Alan Fox, who adapts material from Ed McBain’s book *King’s Ransom* and the original Kurosawa movie. The premise fits like a glove with the music industry, and Washington is smooth as silk, delivering one of his best recent performances as a man caught in an impossible moral quandary. With his fifth collaboration with Lee (*Malcolm X, He Got Game, Inside Man, Mo Better Blues*), he really finds his groove on this one to be sure.

[Variety - Peter Debruge](https://variety.com/2025/film/reviews/highest-2-lowest-review-spike-lee-1236402884/)

>In the end, Lee has taken “High and Low” to new highs, delivering a soul-searching genre movie that entertains while also sounding the alarm about where the culture could be headed.

[The Hollywood Reporter - David Rooney](https://www.hollywoodreporter.com/movies/movie-reviews/highest-2-lowest-review-denzel-washington-spike-lee-1236221654/)

>Lee’s adaptation doesn’t match the complexities of class and hierarchy and even dynamics in a marriage that are such a fascinating part of the Kurosawa. Then again, he’s not trying to, and this is a universe away from the disappointment of *Oldboy*, his 2013 remake of the Park Chan-wook thriller. The director is in the role of the flashy, panache-y showman here, and he plays it to perfection, delivering a big, highly polished chunk of movie that’s pure enjoyment.

[IndieWire - David Ehrlich - 'B'](https://www.indiewire.com/criticism/movies/highest-2-lowest-review-spike-lee-denzel-washington-1235124498/)

>“Highest 2 Lowest” is naturally at its best when it deviates from its source material. The film’s wholehearted embrace of Black culture is baked into David’s desire to protect Stackin’ Hits from buyers who might dilute the brand of its history, but it’s also suffused into the various changes that Lee’s version makes to the story’s third act, which pivots away from the darkness of Japan’s post-war heroin epidemic and towards the aspirational aspects of hip-hop. The tension between David and Paul keeps “Highest 2 Lowest” upright even when the movie around it threatens to go slack. Lee doesn’t share Kurosawa’s patience for long, talky, single-location sequences, and his attempts at Ice Spicing up this relatively low-event movie can be more trouble than they’re worth, even if Ice Spice herself is acquitted on all charges for her two seconds of screen time. 

[The Playlist - Gregory Ellwood](https://theplaylist.net/highest-2-lowest-review-spike-lee-once-again-brings-out-the-best-in-denzel-washington-cannes-20250519/) \- B+

>Now, not to backtrack from what might seem like a rave review, we’ll remind you that “Highest 2 Lowest” has quite a rough start, and Lee’s excesses are not for everyone. It’s no shame that this thriller isn’t even in the top pantheon of Lee joints, as he refers to them. The man has some masterpieces on his resume. It might be in Washington’s, however. He’s so viscerally engaging that you want to see the movie again just to enjoy his performance. Is that a result of the collective experience of having the gang back together again? Or is Washington just on a roll? Either way, let’s just hope we don’t have to wait another 20 years to find out.

[The Guardian - Peter Bradshaw](https://www.theguardian.com/film/2025/may/19/highest-2-lowest-review-spike-lee-and-denzel-washington-remake-kurosawa-in-fine-style) \- 4/5

>This is a big, muscular picture which aspires to the crowd-pleasing athleticism of Spike Lee’s sports icons; it’s very enjoyable and there’s a great turn from Washington.

[The Wrap - Steve Pond](https://www.thewrap.com/highest-2-lowest-review-spike-lee-denzel-washington-asap-rocky/)

>“Highest 2 Lowest” is a mixture of gleaming, professional filmmaking and curious choices. It’s a showcase for a classic powerhouse, Washington, and an upstart one, ASAP Rocky. Overhauling and updating Kurosawa’s film by turning the lead character from a shoe executive to a music mogul, it simultaneously drags the story into the social-media age and uses it to pay tribute to older urban dramas.

[The Independent - Geofrrey Macnab](https://www.independent.co.uk/arts-entertainment/films/reviews/highest-2-lowest-cannes-review-denzel-washington-b2753613.html) \- 3/5

>Lee is working with a top cast, but actors such as Wright and Wendell Pierce (playing one of King’s music company managers) have sketchy roles. This is ultimately Washington’s show. He remains as magnetic as ever, switching in a second from affability to menace, demanding respect from his sons and colleagues alike, and trying to keep multiple plates spinning at once as both his business and private lives go off the rails. It’s another of his virtuoso star turns, but it’s ultimately weakened by his refusal to show any emotional vulnerability whatsoever.

[Screen Daily - Tim Grierson](https://www.screendaily.com/reviews/highest-2-lowest-review-spike-lee-reteams-with-denzel-washington-for-ambitious-crime-thriller/5205115.article)

>Beyond the shaky character dynamics, the plotting often feels disjointed, despite a terrific action sequence that pays homage to a similarly riveting set piece in Kurosawa’s film. But such moments are squandered in an overstuffed story that unconvincingly also wants to tackle the materialism in the hip-hop world and the scourge of social media. Ultimately, the picture’s energetic swirl comes across as slightly hollow, its barrage of themes and impulses never finding harmony.",2025-05-19T19:13:12Z,movies,movies,entertainment,Entertainment,[],0,382,69,,0.87,https://www.reddit.com/r/movies/comments/1kqkcd4/spike_lees_highest_2_lowest_review_thread/,ChiefLeef22,2025-05-21T10:52:36.840140Z
1k4l65c,reddit,‘Succession’ Star Alan Ruck Joins Horror-Thriller ‘Corporate Retreat’,,2025-04-21T18:45:05Z,movies,movies,entertainment,Entertainment,[],0,377,41,,0.93,https://variety.com/2025/film/news/succession-alan-ruck-horror-film-corporate-retreat-1236373814/,KillerCroc1234567,2025-05-21T10:52:38.395632Z
1k8185c,reddit,‘The White Lotus’ Actress Simona Tabasco Joins Horror-Thriller ‘Corporate Retreat’,,2025-04-26T01:20:41Z,movies,movies,entertainment,Entertainment,[],0,367,33,,0.9,https://bloody-disgusting.com/movie/3865818/the-white-lotus-actress-simona-tabasco-joins-horror-thriller-corporate-retreat/,Sonia341,2025-05-21T10:52:39.589067Z
1kdyuom,reddit,Best third act hero entrances,I just watched Major League for the first time and when Vaughn shows up to pitch that last batter at the end with Wild Thing blasting it’s prolly the coolest thing I’ve ever seen. What are some other great last minute hero entrances? Think Ripley in the power suit in Aliens or Han Solo coming back to shoot up Darth Vader in Star Wars.,2025-05-03T17:53:01Z,movies,movies,entertainment,Entertainment,[],0,374,238,,0.89,https://www.reddit.com/r/movies/comments/1kdyuom/best_third_act_hero_entrances/,rowlfthedogfriend,2025-05-21T10:52:40.696986Z
1kkxubs,reddit,Kevin Costner’s ‘Horizon’ Sparks Sprawling Legal Battle,,2025-05-12T17:04:37Z,movies,movies,entertainment,Entertainment,[],0,363,108,,0.92,https://www.hollywoodreporter.com/business/business-news/horizon-lawsuit-kevin-costner-new-line-territory-1236211679/,NoCulture3505,2025-05-21T10:52:43.501635Z
1k7xu1z,reddit,Sony’s Screen Gems Sets November 21st Theatrical Release For ‘Sisu’ Sequel,,2025-04-25T22:32:31Z,movies,movies,entertainment,Entertainment,[],0,365,37,,0.94,https://deadline.com/2025/04/sisu-2-release-date-1236377403/,KillerCroc1234567,2025-05-21T10:52:45.202893Z
1ketrs3,reddit,What are the new movies cliche one-liners?,"We all know the ones from movies that came out from like, the 80s-2000s, ones like ""He's right behind me, isn't he?"", ""Are you thinking what I'm thinking?"", ""Nobody gets to bully [BLANK] but me!"", ""I can explain!"", etc etc. you know the list goes on.
But what are some newer cliches that are popping up in more recent movies? 

My submission: when someone goes ""We only have *one* chance to do this."" ",2025-05-04T20:37:22Z,movies,movies,entertainment,Entertainment,[],0,369,358,,0.87,https://www.reddit.com/r/movies/comments/1ketrs3/what_are_the_new_movies_cliche_oneliners/,LukeGuyFrotter,2025-05-21T10:52:46.422381Z
1k9mk1a,reddit,"I saw Revenge of the Sith in theaters in 2005 when I was nine. Twenty years later, I saw Revenge of the Sith in theaters again today.","So today, I took a nostalgic journey back to my childhood. Revenge of the Sith was the first Star Wars movie I ever saw in theaters, and I still carry some memories with me from that experience. I still remember reacting to the opening aerial battle over Coruscant, and I was so loud that my then-best friend who was sitting beside me had to lean over to me and tell me, “Dude, be quiet.”  I also remember after the car ride home, my grandmother, who has since passed away, called my cousin, my friend and I all “little Skywalker’s.”

Today, I took my dad to see the 20th anniversary of Revenge of the Sith. He's the one I showed scenes to from all the Star Wars movies as a kid over and over and over, and he was the main one I had lightsaber fights with as a kid. He gave me new memories that I can carry with me from this theater experience. He always mimics Windu's face when he is lightsaber locked with Palpatine about mid-fight, he mouthed, “Darth….Vader” as Palpatine names him, and I noticed he side-eyed me when Anakin ignites his lightsaber in front of the Younglings.

Now I have memories of old and new, and I had a very entertaining experience revisiting 2005 in 2025.",2025-04-28T03:54:22Z,movies,movies,entertainment,Entertainment,[],0,362,148,,0.75,https://www.reddit.com/r/movies/comments/1k9mk1a/i_saw_revenge_of_the_sith_in_theaters_in_2005/,red_riders,2025-05-21T10:52:49.530162Z
1kn41ol,reddit,First Image of Joan Collins and Isabella Rossellini in Mike Newell's ‘The Bitter End’ based on Wallis Simpson – A scandalous romance between an American socialite and British royalty leads to a historic abdication but decades later the Duchess of Windsor faces unexpected hardships in her later years,,2025-05-15T09:35:37Z,movies,movies,entertainment,Entertainment,[],0,356,61,,0.9,https://i.redd.it/38hsslu41x0f1.jpeg,Task_Force-191,2025-05-21T10:52:51.801234Z
1kpk13k,reddit,"I think I’ve finally accepted that I’m a Southland tales defender, even if I don’t fully understand it",,2025-05-18T13:30:47Z,movies,movies,entertainment,Entertainment,[],0,359,180,,0.81,https://youtu.be/ra7Fa6kE718?si=4IVr5YqrtHKRGffe,Odd_Advance_6438,2025-05-21T10:52:53.364603Z
1kn89n4,reddit,Trailer: Americana (Lionsgate),,2025-05-15T13:30:47Z,movies,movies,entertainment,Entertainment,[],0,357,77,,0.88,https://youtu.be/1RyND0jShjw?si=Ff5Sro0VaoqwogJe,Task_Force-191,2025-05-21T10:52:55.533860Z
1kqp5dh,reddit,What's the biggest flaw of your favorite movie?,"No movie's perfect, so what's the biggest flaw of your favorite movie? 

For me, it's in Eternal Sunshine of the Spotless Mind, when Kirsten Dunst is on the phone and says something along the lines of ""you can't get the procedure three times in a month."" This is played off as a joke, however a significant part of the film is that people that get the procedure aren't allowed to be told they ever received it, creating a plot inconsistency. ",2025-05-19T22:26:26Z,movies,movies,entertainment,Entertainment,[],0,359,699,,0.88,https://www.reddit.com/r/movies/comments/1kqp5dh/whats_the_biggest_flaw_of_your_favorite_movie/,Loud_Share_260,2025-05-21T10:52:57.048796Z
1kd60un,reddit,What “hated” movies do you love?,"Battle: Los Angeles is the answer to this question for me. I genuinely think it’s a good alien invasion movie with great action. Yeah, it’s cliche but it’s definitely not as bad as people make it out to be in my opinion. 

What movie do you love despite being disliked by the majority of general movie goers? ",2025-05-02T17:00:16Z,movies,movies,entertainment,Entertainment,[],0,362,1126,,0.86,https://www.reddit.com/r/movies/comments/1kd60un/what_hated_movies_do_you_love/,FilmWaffle-FilmForum,2025-05-21T10:53:01.864691Z
1k7qod9,reddit,Warner Bros. Discovery Beats Lawsuit Over Superman Rights,,2025-04-25T17:27:52Z,movies,movies,entertainment,Entertainment,[],0,360,35,,0.93,https://www.hollywoodreporter.com/business/business-news/warner-bros-discovery-beats-lawsuit-superman-rights-1236200839/,MarvelsGrantMan136,2025-05-21T10:53:05.699329Z
1ka4auz,reddit,‘Miami Vice’ Movie in the Works with Joseph Kosinski Directing,,2025-04-28T19:30:38Z,movies,movies,entertainment,Entertainment,[],0,353,187,,0.86,https://www.hollywoodreporter.com/news/general-news/miami-vice-movie-in-the-works-with-joseph-kosinski-1236202540/,ChiefLeef22,2025-05-21T10:53:07.241751Z
1kd6kzx,reddit,"Ruth Buzzi, comedy sketch player on groundbreaking series ‘Laugh-In,’ dies at 88",,2025-05-02T17:23:05Z,movies,movies,entertainment,Entertainment,[],0,351,24,,0.93,https://apnews.com/article/ruth-buzzi-dead-88-laughin-0ad12e343297d352fe5406067851367f,Gonstackk,2025-05-21T10:53:09.397083Z
1kh4mp3,reddit,‘Ferris Bueller’s Matthew Broderick & Alan Ruck Reunite In ‘The Best Is Yet To Come’,,2025-05-07T18:25:07Z,movies,movies,entertainment,Entertainment,[],0,344,45,,0.93,https://deadline.com/2025/05/ferris-bueller-matthew-broderick-alan-ruck-reteam-movie-the-best-is-yet-to-come-1236388672/,cmaia1503,2025-05-21T10:53:10.681228Z
1k6yvw7,reddit,'Havoc' - Review Thread,"Director: Gareth Evans

Cast: Tom Hardy,  Jessie Mei Li, Timothy Olyphant, Forest Whitaker, Justin Cornwell

Logline: *After a drug deal gone wrong, a bruised detective must fight his way through the criminal underworld to rescue a politician's estranged son, unravelling a deep web of corruption and conspiracy that ensnares his entire city.*

**Rotten Tomatoes:** [67/100](https://www.rottentomatoes.com/m/havoc_2025)

**Metacritic:** [59/100](https://www.metacritic.com/movie/havoc/)

Some Reviews:

[The Hollywood Reporter - David Rooney](https://www.hollywoodreporter.com/movies/movie-reviews/havoc-review-tom-hardy-gareth-evans-netflix-1236198216/)

>With Hardy in fine form at the wheel, *Havoc* knows what its audience wants. It also looks great, with regular Evans DP Matt Flannery’s dynamic cameras zipping in and out of the bloody fray and textured visuals slashed with throbbing colors. The setting is a city so grim and seedy it seems to exist only at night. The fact that the environments were mostly constructed at a studio in Cardiff suggests there’s lots of ace craftspeople hiding out in Wales.

[SlashFilm - Chris Evangelista](https://www.slashfilm.com/1842207/havoc-movie-review-tom-hardy-gareth-evans/)

>To be clear: I love a good, violent action movie as much as the next dude, but you have to give me something more than just one extreme shootout followed by another. Perhaps if the hyperviolence was a little more stylized it would play better. Instead, it's just ugly stuff repeated in numbing fashion. By the time ""Havoc"" ended, I felt as exhausted as Hardy's beaten and bruised character. I suppose Evans and company deserve some credit for making an action movie that really leans into the brutality, but there's only so much of that you can put up with before it starts to grow tedious.

[Variety - Peter Debruge](https://variety.com/2025/film/reviews/havoc-review-tom-hardy-gareth-evans-1236375320/)

>There’s a reason big-studio producers looked to Sundance darlings like Colin Trevorrow, Rian Johnson and Jon Watts to handle their tentpoles: not because those guys are great at action, but because they keep the interpersonal dynamics interesting. That’s precisely where Evans wreaks the most havoc, ignoring (or simply not understanding) what connects us to such characters in the first place — and therefore ensuring that his unwieldy Netflix vehicle is dead on arrival.

[NextBestPicture - Giovanni Lago](https://nextbestpicture.com/havoc/) \- 6/10

>After years of waiting, it feels like “Havoc” was never going to reach the pre-conceived levels of hype that it was supposed to live up to. It’s clear that whenever certain moments were filmed years later than the original period of principal photography (mainly due to Hardy’s more than apparent changes in beard thickness), there’s doubt it made any real difference in the final cut that Evans envisioned. Still, when “Havoc” hits, it only reminds us how awesome it feels when Evans gets to do his own thing. Even a flawed Gareth Evans film satisfies more than most action flicks today.

[Empire - Beth Webb](https://www.empireonline.com/movies/reviews/havoc/) \- 4/5

>There’s also something refreshingly egoless to it; Hardy may have top billing but takes not only many sucker punches to the face but an entire roof to the head. Around him Evans utilities his full cast, throwing greener actors like Quelin Sepulveda, who plays Charlie’s partner Mia, into the eye of the storm, armed with a meat cleaver and a mission to survive. The result is a throbbing, bone-crunching diorama of violence with the occasional horrifying, glorious flourish (you’ll never want to see a fishing harpoon again).

[Slant Magazine - Jake Cole](https://www.slantmagazine.com/film/havoc-review-tom-hardy-gareth-evans/)

>Instead of elaborate exchanges of close-quarters strikes and counters, the characters here tend to get the upper hand based on who has the quickest reflexes in tackling an assailant or getting a block up at the last possible second. Despite the advanced choreography that Evans and Flannery capture with a generally superior sense of visual fluidity than they displayed in the *Raid* movies, there’s an overwhelming sense of chaos here that feels realistic.

[Nick Schager - The Daily Beast](https://www.thedailybeast.com/obsessed/tom-hardys-havoc-review-the-action-extravaganza-of-the-year/)

>*Havoc* is such relentless, hardhearted business that the squeamish need not enlist. Nonetheless, those with a hankering for escalating insanity will be well satiated by this saga, whose narrative convolutions are untangled in a second half that puts a premium on combat. Disappointingly, Evans (who wrote the script) shortchanges Olyphant in a role that’s barely one-dimensional and receives no stand-out moments—to a large extent because he shares only scant screen time with Hardy. The director makes up for it, however, with a barrage of broken bones and mutilated corpses—and set pieces drenched in slow motion and decorated with flying glass, splinter, and bodily debris—that tips the material into sensory-overload territory.

[Collider - Tania Hussain](https://collider.com/havoc-movie-review-netflix-tom-hardy/)

>*Havoc* might deliver on its promise of blood, guts, and glory, but it’s these committed performances that keep it from completely collapsing under its self-induced chaos. While the vision by Evans swings hard as a stylishly savage brawler, it rarely lands with meaning, which also feels like an injustice to the filmmaker’s incredible past work. Despite a top-tier cast and bone-rattling action to keep you engaged, the Netflix flick buckles under a cluttered story with chaotic execution. It’s watchable, even entertaining in bursts — but beneath all the bruises and broken bones, there’s not much else to hold onto.

[IndieWire - David Ehrlich](https://www.indiewire.com/criticism/movies/havoc-review-netflix-tom-hardy-1235117850/?utm_campaign=trueanthem&utm_medium=social&utm_source=twitter) \- B-

>Rote as Evans’ plot might be, and wasteful as its treatment of certain characters *definitely* is (pour one out for Jessie Mei Li, whose screen time as Walker’s new partner greatly outweighs her purpose to the story), he has a well-developed ear for ice-cold gangster speak, and he isn’t afraid to make people pay a steep price for their penance. It’s enough to forgive him — and/or the movie gods — for making us wait so long to see him do it again. ",2025-04-24T18:01:24Z,movies,movies,entertainment,Entertainment,[],0,352,604,,0.89,https://www.reddit.com/r/movies/comments/1k6yvw7/havoc_review_thread/,ChiefLeef22,2025-05-21T10:53:12.271162Z
1k5x01r,reddit,Movies with unassumingly stacked casts? I rewatched Tinker Tailor Soldier Spy recently and the talent on screen is silly.,"A who's who of British heavy hitters. Gary Oldman, Colin Firth, Tom Hardy, Benedict Cumberbatch, Mark Strong, John Hurt, Stephen Graham (and a couple of other notables like Toby Jones and Ciaran Hinds).

For a different flavour I'd also submit Scott Pilgrim: Michael Cera, Chris Evans, Mary Elizabeth Winstead, Aubrey Plaza, Kieran Culkin, Brie Larson, Anna Kendrick...

Maybe the cast list got some big names just before the became big, or maybe it just attracted the talent, but what other movies come to mind with unexpectedly stacked casts?",2025-04-23T11:41:08Z,movies,movies,entertainment,Entertainment,[],0,339,300,,0.91,https://www.reddit.com/r/movies/comments/1k5x01r/movies_with_unassumingly_stacked_casts_i/,profheg_II,2025-05-21T10:53:16.863059Z
1kgk7h8,reddit,Matthew Wood (General Grievous in 'Star Wars') To Voice H.E.R.B.I.E. In Marvel’s ‘The Fantastic Four: First Steps’,,2025-05-07T00:26:17Z,movies,movies,entertainment,Entertainment,[],0,342,33,,0.88,https://deadline.com/2025/05/matthew-wood-voice-herbie-marvel-fantastic-four-first-steps-1236387808/,MarvelsGrantMan136,2025-05-21T10:53:19.546113Z
1kbv5hj,reddit,What's a slightly lesser known movie that gives you some great quotes?,"I was just thinking about [Captain Ron](https://youtu.be/RlFXddu3HJ0?si=QvhQTTumLgqqC15F), which is a great movie, but I didn't think it's as well known as it should be. A pair of my favorite quotes come from it in the form of ""Shit happens. Cough it up."" Also ""gorillas vs guerillas"". 

So, I ask you my movie-loving brethren and sistren, what are some of your favorite movies that just don't get the love they should, and what are some of your favorite scenes and quotes? 

",2025-04-30T23:55:25Z,movies,movies,entertainment,Entertainment,[],0,335,703,,0.91,https://www.reddit.com/r/movies/comments/1kbv5hj/whats_a_slightly_lesser_known_movie_that_gives/,CaptainPunisher,2025-05-21T10:53:22.674054Z
1ko5cba,reddit,Ana De Armas Joining Tom Cruise in Doug Liman's Supernatural Thriller 'Deeper' With Christopher McQuarrie Writing,,2025-05-16T16:34:59Z,movies,movies,entertainment,Entertainment,[],0,340,76,,0.88,https://deadline.com/2025/05/tom-cruise-ana-de-armas-jon-chu-sydney-sweeney-two-projects-in-play-1236400979/,ChiefLeef22,2025-05-21T10:53:26.573588Z
1kqc5fj,reddit,Regal Adds Four Imax Theaters in U.S.,,2025-05-19T13:48:32Z,movies,movies,entertainment,Entertainment,[],0,336,61,,0.91,https://www.hollywoodreporter.com/business/business-news/regal-imax-theaters-imarket-1236221228/,KillerCroc1234567,2025-05-21T10:53:28.927783Z
1kdcw6x,reddit,Making Ben Affleck Talk About Every Film He's Ever Done | GQ,,2025-05-02T21:51:37Z,movies,movies,entertainment,Entertainment,[],0,337,73,,0.8,https://youtube.com/watch?v=gv8LLEmMu-M&si=HKcWBAH9iY47LbJU,bomberman12,2025-05-21T10:53:30.507514Z
1kbspwr,reddit,Poster for the Theatrical Re-Release of 'This Is Spinal Tap' - The cult classic mockumentary directed by Rob Reiner is being re-released ahead of the premiere of 'This Is Spinal Tap II' in September.,,2025-04-30T22:02:06Z,movies,movies,entertainment,Entertainment,[],0,332,33,,0.94,https://i.redd.it/ey62l58go1ye1.jpeg,BunyipPouch,2025-05-21T10:53:32.007879Z
1kmddbb,reddit,Jeremy Allen White & Austin Butler Are ‘Enemies’ In A24’s Henry Dunham Crime Pic,,2025-05-14T12:02:03Z,movies,movies,entertainment,Entertainment,[],0,331,47,,0.88,https://deadline.com/2025/05/jeremy-allen-white-austin-butler-enemies-1236396847/,KillerCroc1234567,2025-05-21T10:53:33.468597Z
1kim1wv,reddit,Any suggestions for a mind-fuck sci-fi movie?,"I like things with strange concepts and things that tickle your brain after watching it. Old movies are cool. Any suggestions would be much appreciated.

12 monkeys

Oxygen

Mad god

Contact

Gattaca

Dark City

The Quiet Earth

X machina

Everything everywhere all at once

The abyss

Swiss army man

Shutter Island

A cure for wellness

Edit: Wow... Thank you for all the suggestions! I definitely won't get to all of them but I'll keep the list for the future. For now, I'll watch Predestination as it's popped up a few times.",2025-05-09T15:59:51Z,movies,movies,entertainment,Entertainment,[],0,328,864,,0.9,https://www.reddit.com/r/movies/comments/1kim1wv/any_suggestions_for_a_mindfuck_scifi_movie/,BobThe-Bodybuilder,2025-05-21T10:53:34.732233Z
1kdkesi,reddit,Restoring Dirty Work's Lost Cut,,2025-05-03T04:18:14Z,movies,movies,entertainment,Entertainment,[],0,333,37,,0.91,https://www.youtube.com/watch?v=neDdNOxjH7U,Over-Net-7989,2025-05-21T10:53:38.861321Z
1kom0y3,reddit,"AMA/Q&A Announcement - Simon Pegg - Wednesday 5/21 at 10:45 AM ET - Actor in 'Shaun of the Dead', 'Mission Impossible', 'Hot Fuzz', 'Star Trek, 'The World's End', 'Ice Age', 'Star Wars', and lots more.",,2025-05-17T06:02:56Z,movies,movies,entertainment,Entertainment,[],0,330,44,,0.91,https://i.redd.it/87luszjx8a1f1.png,BunyipPouch,2025-05-21T10:53:40.006122Z
1k8j1bo,reddit,What movie do you think has the best ending of all time?,"It might sound a bit cliche because of how popular it is, but I love Fight Club. I’m especially drawn to the psychological depth and the poetic  way the story is written. The movie isn’t just about rebellion or violence, it dives deep into identity, consumerism, and the search for meaning in a world that feels empty. Every time I watch it, I find something new to appreciate.",2025-04-26T17:59:42Z,movies,movies,entertainment,Entertainment,[],0,337,877,,0.85,https://www.reddit.com/r/movies/comments/1k8j1bo/what_movie_do_you_think_has_the_best_ending_of/,N/A,2025-05-21T10:53:41.154299Z
1k9gwfg,reddit,"First Poster for Comedy-Thriller 'Sew Torn' - A seamstress gets tangled in her own thread after stealing a briefcase from a drug deal gone bad. In an escalating game of cat and mouse, her different choices lead to drastically different outcomes along the way.",,2025-04-27T22:55:04Z,movies,movies,entertainment,Entertainment,[],0,330,43,,0.86,https://i.redd.it/ou3okqe7jgxe1.jpeg,BunyipPouch,2025-05-21T10:53:44.966876Z
1kckzlb,reddit,"Approaching 80: Filmmaker John Waters talks about how he avoids becoming an old fart, stage diving and his ‘youth spies’",,2025-05-01T22:04:01Z,movies,movies,entertainment,Entertainment,[],0,327,19,,0.94,https://baltimorefishbowl.com/stories/approaching-80-filmmaker-john-waters-talks-about-how-he-avoids-becoming-an-old-fart-stage-diving-and-his-youth-spies/?fbclid=IwZXh0bgNhZW0CMTEAAR5McByKWbloNYmHtEGMrfeJ2rKsRKEYONXNzNnhCd9aY5cO6XCnm2sVy7Pn1Q_aem_nySVDJIA5H18XS0Og0OUFg,aresef,2025-05-21T10:53:46.597546Z
1kl15l7,reddit,"If you haven't seen ""Batteries Not Included"" yet then I highly reccommend it. Total feel good 80s flick.","If you're into ""feel good"" scifi 80s movies then you should definitely watch ""Batteries Not Included."" I recently watched it for the first time since my childhood and I loved it. I'm surprised that this movie doesn't get mentioned more often. In my opinion it is a totally underrated family movie that you can enjoy with your kids. ",2025-05-12T19:13:07Z,movies,movies,entertainment,Entertainment,[],0,323,48,,0.93,https://www.reddit.com/r/movies/comments/1kl15l7/if_you_havent_seen_batteries_not_included_yet/,GirlWhoLovesGod,2025-05-21T10:53:47.707954Z
1khw8zo,reddit,First Poster for Bi Gan's sci-fi detective tale 'RESURRECTION' starring Shu Qi & Jackson Yee with original score by M83,"In a world where humanity has lost the ability to dream, one creature remains entranced by the fading illusions of the dreamworld. This monster, adrift in reverie, clings to visions no one else can see—until a woman appears. Gifted with the rare power to perceive these illusions for what they truly are, she chooses to enter the monster’s dreams, determined to uncover the truth that lies hidden within.",2025-05-08T17:42:41Z,movies,movies,entertainment,Entertainment,[],0,329,26,,0.91,https://i.redd.it/t8m0w2g2hlze1.jpeg,mayukhdas1999,2025-05-21T10:53:49.078000Z
1kb7nn1,reddit,"First Poster for Horror-Thriller 'Dangerous Animals' - A surfer is abducted by a shark-obsessed serial killer and held captive on his boat, she must figure out how to escape before he carries out a ritualistic feeding to the sharks below.",,2025-04-30T04:09:01Z,movies,movies,entertainment,Entertainment,[],0,324,44,,0.89,https://i.redd.it/oucmlu14dwxe1.jpeg,BunyipPouch,2025-05-21T10:53:50.344806Z
1kplkx2,reddit,"Kristen Stewart’s First Feature ‘The Chronology of Water’ Felt So Good, She Says, She’ll Direct Again (Interview)",,2025-05-18T14:43:07Z,movies,movies,entertainment,Entertainment,[],0,320,73,,0.8,https://www.indiewire.com/features/interviews/kristen-stewart-the-chronology-of-water-interview-1235124310/,indiewire,2025-05-21T10:53:51.492805Z
1k7q2yq,reddit,"Michael B. Jordan’s ‘Thomas Crown Affair’ From Amazon MGM Studios Gets March 5, 2027 Release",,2025-04-25T17:03:35Z,movies,movies,entertainment,Entertainment,[],0,323,102,,0.81,https://deadline.com/2025/04/michael-b-jordan-thomas-crown-affair-release-date-1236377077/,DemiFiendRSA,2025-05-21T10:53:53.236737Z
1kn27mc,reddit,Cosmo Jarvis to Lead ‘Young Stalin’ Biopic From ‘Zone of Interest’ Producer Access Entertainment,,2025-05-15T07:23:30Z,movies,movies,entertainment,Entertainment,[],0,320,76,,0.9,https://variety.com/2025/film/news/cosmo-jarvis-joseph-stalin-biopic-young-stalin-1236398702/,KillerCroc1234567,2025-05-21T10:53:54.984891Z
1kkiyxj,reddit,What's your favorite most random insult in a movie?,"Mine is when Elliot where in E.T. the extraterrestrial,  he calls his older brother Micheal penis breath. It's always made me laugh and I've used that many times in random situations. Another favorite of mine is Arnold Schwarzenegger, in the Running Man calls Dynamo Light bulb head and Christmas tree. I've used those several times as well. What's yours and how do you use it? *Edit for grammar*",2025-05-12T03:35:54Z,movies,movies,entertainment,Entertainment,[],0,321,842,,0.9,https://www.reddit.com/r/movies/comments/1kkiyxj/whats_your_favorite_most_random_insult_in_a_movie/,Waldropings,2025-05-21T10:53:56.746329Z
1kgty3k,reddit,Which film has the most remakes?,"Which film has had the most remakes? I think I've seen 3 versions of the Taking of Pelham 123, but can only find evidence of two on a quick search.

I don't really want to include movies about historical events like WW2, but like if someone remade Saving Private Ryan in 10 years with the same script, that would be acceptable.

",2025-05-07T10:25:43Z,movies,movies,entertainment,Entertainment,[],0,316,513,,0.9,https://www.reddit.com/r/movies/comments/1kgty3k/which_film_has_the_most_remakes/,AsparagusNo2955,2025-05-21T10:54:00.483954Z
1k9uerv,reddit,What’s your favorite movie monologue?,"One of my all-time favorites is from the end of Blade Runner — Roy Batty’s final speech: “All those moments will be lost in time, like tears in rain.” It’s such a inspirational moment, especially knowing that much of it was improvised by Rutger Hauer himself. It perfectly captures the fragility of life and memory.

What‘s your take ?",2025-04-28T12:33:08Z,movies,movies,entertainment,Entertainment,[],0,316,592,,0.93,https://www.reddit.com/r/movies/comments/1k9uerv/whats_your_favorite_movie_monologue/,Faded_in_rain,2025-05-21T10:54:04.744212Z
1k6vy1y,reddit,‘Ballerina’: Exclusive Character Posters from the John Wick Universe Movie,,2025-04-24T16:03:14Z,movies,movies,entertainment,Entertainment,[],0,317,63,,0.84,https://www.ign.com/articles/ballerina-exclusive-character-posters-from-the-john-wick-universe-movie,KillerCroc1234567,2025-05-21T10:54:08.969655Z
1kel088,reddit,What are examples of movie franchises where the sequels were already written as separate films but had to be linked retroactively?,"I'm thinking of cases like the Cloverfield trilogy, where Cloverfield Lane and Cloverfield Paradox are clearly just separate horrorfilms with the tiniest connection added (usually in the final shot) to create the illusion of connective tissue.

I also remember learning that The Raid 2 was a film that was already written as a standalone but couldn't find the money to produce it, so they decided to re-frame it as the new case for the main character of The Raid.

Would love to learn about more examples like that.",2025-05-04T14:24:04Z,movies,movies,entertainment,Entertainment,[],0,311,152,,0.91,https://www.reddit.com/r/movies/comments/1kel088/what_are_examples_of_movie_franchises_where_the/,JohnHamFisted,2025-05-21T10:54:10.427613Z
1kqb297,reddit,ALPHA - Official Teaser Trailer - In Theaters October,,2025-05-19T12:59:33Z,movies,movies,entertainment,Entertainment,[],0,309,43,,0.81,https://www.youtube.com/watch?v=vrBEZNAiJIA,NoCulture3505,2025-05-21T10:54:12.511717Z
1kh6ws3,reddit,The Warriors (1979) | The Warriors Versus Baseball Furies,,2025-05-07T19:57:43Z,movies,movies,entertainment,Entertainment,[],0,304,54,,0.91,https://youtu.be/mDJf2lRa55o?si=v76Qcq1kcMkEJHJi,Bynairee,2025-05-21T10:54:13.647506Z
1kfccgb,reddit,David O. Russell To Direct Robert De Niro & Jenna Ortega In Pool Hustler Movie ‘Shutout’ For RK Films & Black Bear – Cannes Market Hot Project,,2025-05-05T14:00:54Z,movies,movies,entertainment,Entertainment,[],0,305,139,,0.83,https://deadline.com/2025/05/jenna-ortega-robert-de-niro-david-o-russell-shutout-movie-1236384128/,NoCulture3505,2025-05-21T10:54:14.882022Z
1kbqtym,reddit,F. Murray Abraham - Amadeus,"Having just watched the Amadeus theatrical cut in 4K (which is wonderful, everyone should check it out if they can), I think I feel confident to say that Murray’s performance in this film is the best performance in film history, that I’ve seen. 

I’ve seen the film many times, and there are so many great all time performances out there but I don’t think I’ve seen one better. You could argue he doesn’t get to do anything that reaches into, say, DDL level emotion for There Will Be Blood for abandoning his child or De Niro smashing up a concrete wall in darkness in Raging Bull, but the scene where Murray reads Mozart’s music for the first time is the best acting I think I have seen in a film. 

Comes down to personal taste rather than anything objective I suppose. Thoughts?",2025-04-30T20:42:06Z,movies,movies,entertainment,Entertainment,[],0,301,97,,0.9,https://www.reddit.com/r/movies/comments/1kbqtym/f_murray_abraham_amadeus/,HoldsworthMedia,2025-05-21T10:54:16.822803Z
1k58icv,reddit,Mountainhead | Official Teaser | Max,,2025-04-22T15:02:37Z,movies,movies,entertainment,Entertainment,[],0,303,88,,0.87,https://www.youtube.com/watch?v=jxsyXc-LpKk,NoCulture3505,2025-05-21T10:54:18.398554Z
1k9ckit,reddit,What are the worst movie villains?,"There’s usually a lot of discussion of the best movie villains. Darth Vader, Hannibal Lector, Hans Landa, etc. We all know who the best movie villains are. However, who are the worst movie villains? These can be villains that are severely underwritten, poorly casted, not threatening or intimating, etc. ",2025-04-27T19:42:38Z,movies,movies,entertainment,Entertainment,[],0,300,655,,0.82,https://www.reddit.com/r/movies/comments/1k9ckit/what_are_the_worst_movie_villains/,Pizza_Hero24,2025-05-21T10:54:20.056853Z
1knvn9o,reddit,At what point did Jean Claude Van Damme's career fall on its side?,"I watched his new film The Gardener back in January and it just crossed my mind today that he doesn't appear in any notable films in recent years.

He has classics like Kickboxer, Bloodsport, Absent Without Leave (AWOL) and a few other recognizable titles, yet people claim his career (or he claimed, I cant recall correctly) that it fell after the release of Street Fighter: The Movie.

He seemed like the next big thing looked at his portfolio from the 80s and early 90s, and now he just seems to star in projects that are either straight to DVD or relatively unknown streaming releases with things like, the asforementioned, The Gardener, as well as Kill 'Em All 1 & 2, Darkness of Man.",2025-05-16T08:17:58Z,movies,movies,entertainment,Entertainment,[],0,296,313,,0.85,https://www.reddit.com/r/movies/comments/1knvn9o/at_what_point_did_jean_claude_van_dammes_career/,the_instru,2025-05-21T10:54:24.223593Z
1klkc5v,reddit,"Kristen Stewart Waited Her Whole Life to Direct ""The Chronology of Water"" (First Images)",,2025-05-13T12:12:34Z,movies,movies,entertainment,Entertainment,[],0,294,120,,0.71,https://www.vanityfair.com/hollywood/story/kristen-stewart-chronology-of-water-directorial-debut-cannes,NoCulture3505,2025-05-21T10:54:27.201413Z
1klrhr0,reddit,What is the most NECESSARY sequel to an older movie?,"Saw a post about unnecessary sequels, but what’s an awesome sequel that  never happened for whatever reason?

For me, it’s BIGGER Trouble in Little China. Such a great movie that even set up a sequel, but it just never happened. I would have watched the hell out of that movie. 

So, what movie never got a deserved sequel?",2025-05-13T17:12:05Z,movies,movies,entertainment,Entertainment,[],0,300,566,,0.87,https://www.reddit.com/r/movies/comments/1klrhr0/what_is_the_most_necessary_sequel_to_an_older/,phreesh2525,2025-05-21T10:54:28.961081Z
1kfmtnr,reddit,"Chris Pine to Lead Action Film ‘Run the Night’ for Lionsgate and Hidden Pictures, Sales Launching in Cannes",,2025-05-05T21:00:29Z,movies,movies,entertainment,Entertainment,[],0,291,15,,0.91,https://variety.com/2025/film/global/chris-pine-action-film-run-the-night-lionsgate-cannes-1236387144/,NoCulture3505,2025-05-21T10:54:33.051415Z
1k94i2l,reddit,What are some courtroom/crime movies where we never actually find out if the person is guilty or innocent?,"I really enjoy movies where it's almost irrelevant whether or not the person accused actually committed the crime, because the primary focus of the story is the trial itself (or the aftermath of the verdict). The only ones I can think of are Anatomy of a Fall, 12 Angry Men, and Shawshank Redemption. Are there any others besides these three that exist?

**EDIT**: I misremembered Shawshank Redemption. My apologies.

Edit: It doesn't need to fit crime in the traditional sense, since Doubt also fits this category.",2025-04-27T13:54:43Z,movies,movies,entertainment,Entertainment,[],0,296,333,,0.88,https://www.reddit.com/r/movies/comments/1k94i2l/what_are_some_courtroomcrime_movies_where_we/,Celestialstardust17,2025-05-21T10:54:34.076517Z
1kk6dmt,reddit,Bad ass movie scenes,"What’s one movie scene that you can think of that every time you see it it sends chills down your spine and when you watch it with someone who’s never seen it before you turn the volume up and make sure they get the same feeling as you? 

One that comes to my mind off the rip is the first fight scene from Book of Eli where Denzel Washington backs into the shadows of the overpass taking on the crew of guys trying to rob him and you just see the silhouettes of them fighting with the intense music and chainsaw swinging around. 
",2025-05-11T17:29:17Z,movies,movies,entertainment,Entertainment,[],0,285,626,,0.84,https://www.reddit.com/r/movies/comments/1kk6dmt/bad_ass_movie_scenes/,We5Nile,2025-05-21T10:54:37.211906Z
1klqsa5,reddit,Elizabeth Olsen Joins Kristen Stewart & Oscar Isaac In Panos Cosmatos's 'Flesh Of The Gods’ — Cannes Market,,2025-05-13T16:44:41Z,movies,movies,entertainment,Entertainment,[],0,288,21,,0.92,https://deadline.com/2025/05/elizabeth-olsen-kristen-stewart-oscar-isaac-flesh-the-gods-1236395390/,NoCulture3505,2025-05-21T10:54:41.216639Z
1klfxz1,reddit,"It’s One of the Weirdest Mistakes in Movie History. I Spent Months Investigating How It All Went Wrong. (A journalist uncovers the make, model, and sound of the bird at the end of 2000's Charlie Angels)",,2025-05-13T07:27:54Z,movies,movies,entertainment,Entertainment,[],0,288,40,,0.87,https://slate.com/culture/2025/05/birds-movies-charlies-angels-2000-pygmy-nuthatch.html,IvyGold,2025-05-21T10:54:42.289104Z
1kpo8gf,reddit,Movies To Watch While Feeling Hopeless & Struggling With Depression?,"I'm looking for movie reccomendations to watch that are ideal to watch when feeling down, not neccesarily a comedy movie but a life-affirming movie that will make an impact on me. Movies similar to The Way Way Back maybe?

Are there any films you’d suggest or that have helped you get out of a rut? Thanks in advance. ",2025-05-18T16:39:30Z,movies,movies,entertainment,Entertainment,[],0,287,506,,0.87,https://www.reddit.com/r/movies/comments/1kpo8gf/movies_to_watch_while_feeling_hopeless_struggling/,OBrian_176,2025-05-21T10:54:43.460396Z
1kh19w5,reddit,"""Rabbit Proof Fence"" (2002) - Three Half-Aboriginal Girls go on a journey, across the Outback, to return to their families. A touching, heartbreaking film about a dark chapter in Australia's history and its treatment of the Aboriginal people",,2025-05-07T16:11:32Z,movies,movies,entertainment,Entertainment,[],0,284,21,,0.88,https://www.youtube.com/watch?v=Lbnk8wSVMaM,Davis_Crawfish,2025-05-21T10:54:46.609505Z
1kh7g8i,reddit,'Requiem for a Dream' is an absolutely devastating movie.,"I have been going through my movie lists. I am a fan of depressing and melancholic movies. Manchester by the Sea is one of my top 3 movies ever. As dark as moat of the movies ive seen, Requiem for a Dream is completely unsettling. It is meant to be. The score is incredible. The use of sounds to create unnerving feelings is powerful. The split screen and use of disturbing images really sets the tone for the absolute nightmare of addiction.

The movie feels like a made for after school documentary but just keeps descending into a pit of hell.

The mother character made me feel sorry as a son and decent human for an elderly woman. Fearful of how I would be vulnerable as I got older.

Letos absolutely depraved character shows what a selfish and self destructive person will do to get to where they think they want to be. At any means necessary.

Connellys character made me hyper aware of women in compromising relationships and the absolutely disgusting behavior of people who wish to exploit it.

Wayans character shows what a man with some promise and a dream can be horrifically compromised. 

This is a film that should be required viewing for high schoolers to show the horrors of addiction. Addictions to everything. Drugs, alcohol, sex, TV, Weightloss, food, public opinion, peer pressure, self esteem, sex work... ",2025-05-07T20:19:00Z,movies,movies,entertainment,Entertainment,[],0,278,152,,0.75,https://www.reddit.com/r/movies/comments/1kh7g8i/requiem_for_a_dream_is_an_absolutely_devastating/,Personal-Ladder-4361,2025-05-21T10:54:47.817197Z
1krm70m,reddit,I actually don’t hate Prometheus,"Lifelong Alien franchise fan, hear me out. 

I realize Prometheus was confusing and weird and some parts were straight nonsense, but I love the way they told the story of existence and evolution. It’s a high-concept story that was only made better by the wistful musings of the characters, especially Fassbender. His search for humanity in media, philosophy, and poetry is a thing of beauty. Even though it ends well for exactly no one, just the fact that they tried to tackle this subject in the context of a horror-thriller-sci fi was so ambitious and creative I can’t hate it. 

To me, this movie is an extension of concepts explored by Bladerunner and other films, stemming from ‘Do Androids Dream of Electric Sheep’. It’s about creation and evolution and the pursuit of the soul, by a creature that can neither create, nor evolve, nor has a soul. 

This was the David show, for me, 100%. He steals every scene he’s in. 

The cinematography, score, and ambition of this film deserves way more respect than it gets. ",2025-05-21T01:46:32Z,movies,movies,entertainment,Entertainment,[],0,1099,494,,0.79,https://www.reddit.com/r/movies/comments/1krm70m/i_actually_dont_hate_prometheus/,Melementalist,2025-05-21T10:54:49.745053Z
1kqtfup,reddit,"Anaconda (1997), which features Jennifer Lopez and Ice Cube, is unintentionally hilarious, iconic, and so-bad-it's-great.","*Anaconda* showed up in my suggestions on Hulu, and I watched it for the very first time. I could not stop giggling throughout the film. The transition scenes from one plot point to the next are hilariously bad; I've rarely seen worse continuity editing. The film is peppered with prolonged scenes where the camera is just focusing on the scenery and nothing else is happening. Jon Voight's character is an absolute wordsmith who provides a misspoken English sentence in almost every line of dialogue. Voight's incomprehensible accent is just one of several in the film, and their delightful dialog is only enhanced by the characters abruptly changing their mood throughout the film--like when Denise is balling her eyes out, abruptly loses every ounce of sadness to accuse Jon Voight of hatching villainous schemes, and then goes back to crying. The fact that Ice Cube and JLo are just part of the cast like it's nbd is so fabulously iconic ⭐ 

Anyway, that's all I wanted to say. The film is so bad that it's good, and it effectively elevates bad filmmaking decisions to an art form. How do you feel about *Anaconda*? ",2025-05-20T01:56:22Z,movies,movies,entertainment,Entertainment,[],0,280,96,,0.86,https://www.reddit.com/r/movies/comments/1kqtfup/anaconda_1997_which_features_jennifer_lopez_and/,neocortexia,2025-05-21T10:54:53.523675Z
1kna52g,reddit,New Poster for “The Bad Guys 2”,,2025-05-15T14:50:42Z,movies,movies,entertainment,Entertainment,[],0,276,39,,0.86,https://i.redd.it/ou3ifv9dly0f1.jpeg,KillerCroc1234567,2025-05-21T10:54:55.293837Z
1kk85k9,reddit,After watching thousands of movies. What are your top 5 movies of all time?,"I would like to know your rankings as I have watched so many movies & want to know about peoples top 5 favourite movies of all time.
I'll appreciate your answer.

I would like to know your rankings as I have watched so many movies & want to know about peoples top 5 favourite movies of all time.
I'll appreciate your answer.


",2025-05-11T18:46:12Z,movies,movies,entertainment,Entertainment,[],0,277,1490,,0.76,https://www.reddit.com/r/movies/comments/1kk85k9/after_watching_thousands_of_movies_what_are_your/,RaIZeNArC,2025-05-21T10:54:56.909893Z
1kat0zm,reddit,"Cora Sue Collins, celebrated child actress at MGM in the 1930s, has passed away at 98",,2025-04-29T17:01:36Z,movies,movies,entertainment,Entertainment,[],0,278,8,,0.94,https://www.hollywoodreporter.com/movies/movie-news/cora-sue-collins-dead-child-actress-mgm-1236202858/,Amaruq93,2025-05-21T10:55:01.046101Z
1kgaq7z,reddit,"In Margin Call, what exactly is the problem? (I still don’t get it)","When Will is explaining to Sam the nature of the high volatility limit index, he says “we’re so levered up” which makes me think they have a ton of money invested in… something… that’s about to lose value. 

But I’m so beyond baffled with what they’re saying. What exactly is the problem? Tell me as you would a young child, or a golden retriever. 

Edit  - thanks everyone for all of the great info, with minimal redditor shittiness. Appreciate ya",2025-05-06T17:43:00Z,movies,movies,entertainment,Entertainment,[],0,276,195,,0.85,https://www.reddit.com/r/movies/comments/1kgaq7z/in_margin_call_what_exactly_is_the_problem_i/,Melementalist,2025-05-21T10:55:02.105512Z
1kr6xvq,reddit,Nickelodeon and Paramount+ Announce New Live-Action Movie Dora and the Search for Sol Dorado,,2025-05-20T14:56:43Z,movies,movies,entertainment,Entertainment,[],0,317,80,,0.84,https://nerdtropolis.com/dora-search-for-sol-dorado-live-action-movie/,TheLaraSuChronicles,2025-05-21T10:55:04.504435Z
1k8osu7,reddit,What's an under-appreciated twist?,"What's a twist that's not talked about enough? I don't mean ""The Usual Suspects"" or ""The Sixth Sense"" but lesser known movies with a genuinely surprising twist(s) that you didn't see coming AND holds up on repeat viewings. For me it would be the end of FINAL DESTINATION 5 when you find out it's actually a prequel to the original. 
",2025-04-26T22:20:21Z,movies,movies,entertainment,Entertainment,[],0,276,484,,0.86,https://www.reddit.com/r/movies/comments/1k8osu7/whats_an_underappreciated_twist/,ThrowAwayGayNJ,2025-05-21T10:55:06.127118Z
1k5xi42,reddit,"Hollywood icon Will Hutchins, who starred alongside Elvis Presley in Spinout, and Clambake, has died aged 94",,2025-04-23T12:07:45Z,movies,movies,entertainment,Entertainment,[],0,266,15,,0.9,https://www.the-express.com/entertainment/movies/169700/hutchins-dead-elvis-presley-co-star-showbiz-legend-dies-94,TheExpressUS,2025-05-21T10:55:09.893366Z
1krag7f,reddit,"A He-Man live-action movie had already been made and it was campy fun. ""Masters of the Universe"" (1987) with Dolph Lundgren as He-Man, a spunky Courtney Cox, creepy Meg Foster (the eyes!) as Evil-Lyn and Frank Langella as Skeletor. Cannon got it right with this one.",,2025-05-20T17:15:41Z,movies,movies,entertainment,Entertainment,[],0,373,195,,0.75,https://www.youtube.com/watch?v=B1c22sUKfBY,Davis_Crawfish,2025-05-21T10:55:10.885932Z
1kmiwno,reddit,'Hunger Games: Sunrise On The Reaping' Casts Maya Hawke As Wiress,,2025-05-14T16:01:46Z,movies,movies,entertainment,Entertainment,[],0,268,39,,0.85,https://deadline.com/2025/05/hunger-games-sunrise-on-the-reaping-maya-hawke-wiress-1236397412/,MarvelsGrantMan136,2025-05-21T10:55:12.819540Z
1kmbcss,reddit,"First image of Milla Jovovich in Adrian Grunberg's upcoming action-thriller Protector – Former war hero Nikki's peaceful life is shattered when her daughter is kidnapped. Thrust into the criminal underworld while hunted by cops and military, she must fight to rescue her child.",,2025-05-14T10:01:02Z,movies,movies,entertainment,Entertainment,[],0,266,152,,0.74,https://i.redd.it/mt7cs5wr0q0f1.jpeg,Task_Force-191,2025-05-21T10:55:14.192992Z
1kibb6o,reddit,"Eli Roth is set to write and direct a new and original horror film titled, 'Ice Cream Man'",,2025-05-09T05:52:46Z,movies,movies,entertainment,Entertainment,[],0,264,134,,0.76,https://variety.com/2025/film/markets-festivals/eli-roth-directing-ice-cream-man-horror-movie-cannes-1236390675/,Robemilak,2025-05-21T10:55:16.286519Z
1kbl1v4,reddit,Have you ever experienced a film that was a sequel before seeing the original?,"In my case it wasn't a sequel per-se, but I saw the ""Serenity"" film when it was on television about 5 years before I'd even heard of Firefly.

I remember a few scenes that were memorable; but I also remember that it didn't really leave any sort of emotional impression on me. When I watched it again much later with context after watching the series, I was certainly more engaged then the first one since I understood the characters and the overall world, but also didn't have much of an emotional reaction as I expected, and I've always wondered whether that was just down to me having seen it before without realising it, or if it was down to my tastes and the way I think about films just being different then it was before.

But that's just my experience; has anyone else been in this situation, and what was your experience during or after?",2025-04-30T16:40:26Z,movies,movies,entertainment,Entertainment,[],0,263,936,,0.87,https://www.reddit.com/r/movies/comments/1kbl1v4/have_you_ever_experienced_a_film_that_was_a/,MichaelGMorgillo,2025-05-21T10:55:18.338980Z
1k4dsjk,reddit,"Hey r/movies! I'm David Bushell, director of CHEECH & CHONG’S LAST MOVIE, the new doc that stars Cheech & Chong and traces their legacy as groundbreaking comedians & counterculture icons. I’ve produced other films like SLING BLADE, ETERNAL SUNSHINE OF THE SPOTLESS MIND and DALLAS BUYERS CLUB. AMA!","Hey r/movies! - I'm David Bushell (you can call me Dave), director and producer of CHEECH & CHONG’S LAST MOVIE, the new “movie-mentary” that stars Cheech and Chong and traces their legacy as groundbreaking comedians and counterculture icons. I’ve produced and executive produced other films like SLING BLADE, ETERNAL SUNSHINE OF THE SPOTLESS MIND and DALLAS BUYERS CLUB! I'll be back at 7:00pm ET today to answer your questions. Ask me anything!

More info:

Official Trailer:

[https://www.youtube.com/watch?v=yFZaR4ubS20](https://www.youtube.com/watch?v=yFZaR4ubS20)

CHEECH & CHONG’S LAST MOVIE – Exclusively in Theaters Friday 4/25 🥦

In the 1970s, Cheech & Chong redefined stand-up comedy, blending drugs, sex, rock’n’roll, and improvisation into a genre-shaping act. Their multicultural, irreverent humor turned them into icons, counterculture rock stars, and Hollywood legends. How did Cheech and Chong ignite imaginations and stay relevant over 50 years? Join them for one last ride to find out... and bring a bud!

Directed by: David Bushell

Produced by: David Bushell and Robbi Chong

Starring: Cheech Marin and Tommy Chong

",2025-04-21T13:40:37Z,movies,movies,entertainment,Entertainment,[],0,255,81,,0.82,https://i.redd.it/tty7wplwy6we1.png,CheechAndChongAMA,2025-05-21T10:55:22.136657Z
1kjd2t8,reddit,"""Indiana Jones and the Temple of Doom"" gets a bad rep but it's the one movie in the series which offers you the biggest thrills while also being a big fun adventure and a Horror movie at the same time (PG-13 founder?)","We all know Steven Spielberg hates Temple of Doom because he was going through a rough time and the film reflected his mood as well as George Lucas. 

But as someone who was not that impressed by the other Indiana Jones movies, this movie gave me everything I wanted: it was epic, it was funny, it was never boring for a second and it even made scared at one point. Spielberg rarely does Horror but when he does, you're going to have a Horror classic like we saw in Jaws and then, Temple of Doom. 

Oh, but Short Round and Willie Scott were annoying! Well, I didn't find Short Round annoying. Every kid who saw this in the 80s loved Short Round, and Short Round felt like a real kid who just so happened to be a sidekick, we could relate to him in a way I could never with other kids in adventure movies like those dorky brats from Jurassic Park (""I'm a Vegetarian!!!"").

And I like Willie Scott. First, the Anything Goes number was a stunning opening. It shows the prowess Spielberg had for the musical genre. 

People bash Willie because she's a shrieking diva but that's what she is. She's not a archeologist like Marion. She didn't even want to go on this mission. She's a character placed in a situation which is out of her comfort zone so she behaves accordingly. And I thought Kate Capshaw did a good job. The way she tries to pass on the townspeople food turning it into an even more awkward moment. And how she grows but not too much. Which is a far cry from what we see today where every female lead needs to be a Lara Croft in training. 

Harrison Ford is spectacular in it. Especially when Indiana gets possessed and becomes a temporary baddie. Ford is amazing at playing heroes but I do wish he had played a bad guy just once.",2025-05-10T15:36:26Z,movies,movies,entertainment,Entertainment,[],0,262,174,,0.72,https://www.reddit.com/r/movies/comments/1kjd2t8/indiana_jones_and_the_temple_of_doom_gets_a_bad/,Davis_Crawfish,2025-05-21T10:55:23.669793Z
1kndrct,reddit,How do you feel about Justin Long?,"Who needs drugs when you have weird movies..

I just watched Tusk and Barbarian for the first time in the same week. Arguably, two of the weirdest movies on earth and both starring Justin Long.

I feel like he is underrated.



One random movie I watched of his was called ""Literally right, before Aaron', and he basically carried the movie but I remember liking the ending.",2025-05-15T17:16:35Z,movies,movies,entertainment,Entertainment,[],0,255,346,,0.8,https://www.reddit.com/r/movies/comments/1kndrct/how_do_you_feel_about_justin_long/,MyFavMovie,2025-05-21T10:55:25.770974Z
1kk0owa,reddit,"I'm not sure there's a movie that's more creatively daring for the most cynical of reasons than the original animated ""Transformers: The Movie."" The most traumatic TV commercial ever.","Anyone who saw this movie as a kid, especially in the 80s, can probably remember how shocked they were when this movie ruthlessly killed off the bulk of the cast from the TV series within the first act, including having Optimus Prime, the main hero and symbol of the franchise, getting shot in the gut and perishing on an operating table. This is an insane and seemingly ballsy creative decision (imagine if ""Avengers: Infinity War"" had Thanos killing all the main Avengers in the first act), until you realize why it was done; to sell more toys. The film is a feature-length toy commercial and they were simply clearing out the old line to make room for the new toys. They just did it in the most upsetting way possible.

""Hey, kids, guess what? Remember all those toys you love and cherish? They're all DEAD! WE KILLED THEM ALL!!!...so how about buying some new ones? We got them right here!""

Of course, the joke is, they played themselves and not only made what was intended as nothing more than a toy commercial a memorable film, they also were hit with a backlash to Optimus Prime's demise that was so fierce, they eventually ordered the character brought back to life. (The backlash even spilled over to other projects; the similar ""G.I. Joe"" animated movie hastily rewrote a major character death to just going into a coma to avoid a repeat reaction.) Sometimes, the craziest movies can be made for the most cynical of reasons.

",2025-05-11T13:10:58Z,movies,movies,entertainment,Entertainment,[],0,253,81,,0.86,https://www.reddit.com/r/movies/comments/1kk0owa/im_not_sure_theres_a_movie_thats_more_creatively/,Mst3Kgf,2025-05-21T10:55:28.620393Z
1ki0cic,reddit,"42 Years Ago, ‘Gandhi’ Beat Out ‘E.T.’ and ‘Tootsie’ at the Oscars — Today, It’s Still a Great Movie",,2025-05-08T20:28:20Z,movies,movies,entertainment,Entertainment,[],0,244,64,,0.84,https://www.indiewire.com/features/commentary/richard-attenborough-gandhi-4k-uhd-1235120812/,indiewire,2025-05-21T10:55:30.187703Z
1kjm678,reddit,"'September 5' Sweeps German Film Awards - The real-life thriller based on the terrorist attacks on the 1972 Munich Olympics won 9 awards: Best Film, Director, Screenplay, Editing, Cinematography, Supporting Actress, Sound Design, Makeup, and Production Design.",,2025-05-10T22:31:02Z,movies,movies,entertainment,Entertainment,[],0,243,21,,0.83,https://www.hollywoodreporter.com/movies/movie-news/september-5-wins-german-film-awards-1236208545/,BunyipPouch,2025-05-21T10:55:31.657101Z
1kdrkax,reddit,DOOM (2005) - So who or what actually built that teleportation portal device from Earth to Mars?,"This be most likely the least film anyone on here actually wants to discuss but seriously it frustrates me how the filmmakers went out of their way to completely remove all the supernatural and Hell references from the game when they made this adaptation, BUT then wrote that voice over opening about some lost and advanced civilization that built the portal and never explained it after that. Not even any of the working scientists there seem intrigued by it or wanting to find out. This film would have been way better if that was a main part of the story. ",2025-05-03T12:14:31Z,movies,movies,entertainment,Entertainment,[],0,243,107,,0.82,https://www.reddit.com/r/movies/comments/1kdrkax/doom_2005_so_who_or_what_actually_built_that/,Knightson11,2025-05-21T10:55:32.702962Z
1kkhgcu,reddit,What's a bad scene or performance from a movie that lives rent-free in your head?,"I've got to go with a classic: Marion Cotillard's death scene in The Dark Knight Rises. Long after everyone else has moved on, I'm still thinking about all the elements that go together to make this one-scene masterpiece. It's not just her performance (though that's the major part). It's how Batman and Catwoman and Jim Gordon are talking to her through a truck window, and at a lower height too. Just the absurdity of standing around outside a semi, looking up, listening to someone poignantly die. I think Cotillard understood the assignment: this is camp, so that's how I'm playing it. I'll never get tired of rewatching it.",2025-05-12T02:11:33Z,movies,movies,entertainment,Entertainment,[],0,244,319,,0.81,https://www.reddit.com/r/movies/comments/1kkhgcu/whats_a_bad_scene_or_performance_from_a_movie/,moscowramada,2025-05-21T10:55:34.683746Z
1k95szv,reddit,Perfect Days hit me harder than I expected...pure life lessons hidden in silence.,"So today I watched *Perfect Days* (Japanese movie) and honestly...I didn't expect it to leave such a strong impact.

At first, it feels so simple... just a guy living his everyday life, cleaning toilets, listening to old cassettes, taking pictures of trees. But the more you watch, the more you realize how much peace and depth there is behind his routine.

One thing that stood out to me was how he smiles at the sky every morning. Like he’s genuinely grateful for another day. No rush, no complaints, just...existing with full heart.

He doesn’t talk much unless necessary, but when he does interact (like with his niece or that random guy he plays shadow games with), you can feel how much he enjoys human connection too. He’s not *avoiding* people...he just doesn't *need* noise to be happy.

There’s this beautiful bittersweetness. He’s not ""choosing loneliness"" in a sad way...it's more like, life took him down this path, and instead of fighting it, he embraced it with full acceptance. That’s powerful in today’s world where everyone feels pressure to chase something constantly.

The scene where his niece leaves... and he quietly cries...man, that hit different.  
Not because he's weak or regretting, but because even the strongest hearts carry a little sadness somewhere deep.

And that final drive...the way he smiles and then tears up while listening to music, that was pure *life itself*. Happiness, sadness, memories, gratitude...all flowing through him at once.

Honestly gave me the same vibe I felt after watching Shawshank Redemption...the idea that freedom and peace are an inside job. No matter what life gives or takes away.

One of the most beautiful movies I’ve ever watched without trying to be ""loud"" about it. I liked the whole silent treatment vibe

Also, I’m surprised how not many people talk about this movie.

Would love to hear what you guys felt after watching it.",2025-04-27T14:54:54Z,movies,movies,entertainment,Entertainment,[],0,241,40,,0.92,https://www.reddit.com/r/movies/comments/1k95szv/perfect_days_hit_me_harder_than_i_expectedpure/,Kudoshinichi0007,2025-05-21T10:55:38.239495Z
1k8o70x,reddit,Sean Astins Goonies audition.,,2025-04-26T21:51:19Z,movies,movies,entertainment,Entertainment,[],0,242,21,,0.87,https://www.youtube.com/watch?v=n6pN3gLxaAY,amn70,2025-05-21T10:55:39.690802Z
1knz296,reddit,Tilda Swinton to Star in David Lowery’s ‘Death in Her Hands’ From See-Saw Films,,2025-05-16T12:00:51Z,movies,movies,entertainment,Entertainment,[],0,240,16,,0.91,https://variety.com/2025/film/global/tilda-swinton-david-lowerys-death-in-her-hands-1236400191/,NoCulture3505,2025-05-21T10:55:40.823959Z
1keq5em,reddit,I rewatched live free or die hard,"This is my third time watching this film and i have to say. Whoever says the PG-13 rating ruined this movie is absolutely wrong. 

John McClanes character was not lost in this film as at this point in time Bruce Willis still cared about his job. John McClane feels like John McClane.

This film always feels to me like it is pushing John from 80s-90s style action to a more modern style action, while maintaining the franchises roots. 

The main villain is very good in this movie. Definitely the best villain whose surname isn't Gruber in this franchise. 

So over all this movie is like a 7/10. ",2025-05-04T18:03:28Z,movies,movies,entertainment,Entertainment,[],0,235,133,,0.75,https://www.reddit.com/r/movies/comments/1keq5em/i_rewatched_live_free_or_die_hard/,alienleader57,2025-05-21T10:55:41.839050Z
1kdvuu8,reddit,"In 30 years, what minor details (fashion, slang, tech, etc.) do you think movies set in our current decade will get wrong?","I asked my 13-year-old daughter this question, and she said that movies would probably downplay the amount of sex jokes that kids her age tell during school. Apparently everything can be turned into a sex joke. I think everyone will have better tech than we currently do and that will be considered normal. ",2025-05-03T15:40:51Z,movies,movies,entertainment,Entertainment,[],0,237,145,,0.84,https://www.reddit.com/r/movies/comments/1kdvuu8/in_30_years_what_minor_details_fashion_slang_tech/,SegaGuy1983,2025-05-21T10:55:43.606904Z
1kj2ukk,reddit,Movie trailers that ruined the actual movie itself? Showed/spoiled all of the best scenes?,"Basically what the title says... what movie was spoiled and ruined for you because the trailer gave too much away or spoiled the best scenes? Particularly horror movies where all or most of the good jump scares were featured in the trailer so you anticipated them.

I think the trailer for the movie Smile ruined some good jump scare scenes, especially when a girl knocks on the driver side car window.. IFYKYK",2025-05-10T05:27:08Z,movies,movies,entertainment,Entertainment,[],0,237,361,,0.79,https://www.reddit.com/r/movies/comments/1kj2ukk/movie_trailers_that_ruined_the_actual_movie/,QosmoQueen,2025-05-21T10:55:45.884393Z
1kb12rw,reddit,Who is your most hated character with the least amount of screen time?,"I was rewatching Forrest Gump and the actor who played Wesley does an amazing job at being an asshole. In about two minutes of screentime during the black panther party scene I already hate him. 

I hate his haircut, his attitude, his voice, he calls Forest a ""baby killer"", and he slaps Jenny. No redeeming qualities whatsoever. ",2025-04-29T22:36:00Z,movies,movies,entertainment,Entertainment,[],0,236,219,,0.88,https://www.reddit.com/r/movies/comments/1kb12rw/who_is_your_most_hated_character_with_the_least/,RoyaleWhiskey,2025-05-21T10:55:49.030564Z
1k5t78v,reddit,Scary Movie: What are you waiting for?,,2025-04-23T07:22:41Z,movies,movies,entertainment,Entertainment,[],0,230,39,,0.84,https://youtu.be/N-ecZ8CPcxw?si=Ii98sErilminMxNT,OCGamerboy,2025-05-21T10:55:51.442806Z
1kf0z1y,reddit,Who else bawled like a baby during The Wild Robot?,"I don't have the words to describe how that movie made me feel. I've seen sad movies before and cried during them, but nothing ever came close to this. It wasn't just sadness.   
   
It gave me such a powerful sense of longing and nostalgia that I can't describe. Like you look at where someone used to be but you understand they're gone now. Damn. Made ke hyper aware of how much I love my family, especially mum. All the sacrifices she's made (and dad) raising and protecting us like a mama bear, all that time passed and how fleeting it all is. Made me think of how tired they look now, how proud they are of us that we've made it. And I know one day they will pass the mantle and then they'll be gone. I can't handle it. Suckerpunched right in the heart. 

That movie moved me in ways nothing else ever has. I can't stop thinking about it and I'm listening and crying to the score on repeat now. The frission. Please send help.

Who else had such a devastating emotional response to that film?   ",2025-05-05T02:26:47Z,movies,movies,entertainment,Entertainment,[],0,232,109,,0.79,https://www.reddit.com/r/movies/comments/1kf0z1y/who_else_bawled_like_a_baby_during_the_wild_robot/,BobbyThrowaway6969,2025-05-21T10:55:52.578100Z
1k9maue,reddit,Quentin Tarantino and Robert Zemeckis Interview Each Other (1995): The two directors have a conversation about film and filmmaking just after both FORREST GUMP and PULP FICTION were nominated for Best Picture.,,2025-04-28T03:39:46Z,movies,movies,entertainment,Entertainment,[],0,230,15,,0.9,https://www.latimes.com/archives/la-xpm-1995-03-26-ca-47175-story.html,rolo_tamazi,2025-05-21T10:55:54.583237Z
1kbh8od,reddit,Deep Cover - Official Trailer | Prime Video,,2025-04-30T14:00:17Z,movies,movies,entertainment,Entertainment,[],0,228,51,,0.87,https://www.youtube.com/watch?v=1x--MaHsbEc,MarvelsGrantMan136,2025-05-21T10:55:55.645357Z
1kbz710,reddit,How the hell did they make the sets in the second half of Full Metal Jacket???,"I watched Full Metal Jacket earlier today, and was absolutely blown away by the sets that the characters ran through in Vietnam. The fire; the rubble, the full scale buildings. Did they really build nearly an entire town for the movie? Because they run through so much of it that it can’t be a matte painting or miniatures right?? If anyone has the answer or knows any behind the scenes videos I could watch, that would be greatly appreciated. 10/10 movie by the way",2025-05-01T03:25:44Z,movies,movies,entertainment,Entertainment,[],0,232,82,,0.86,https://www.reddit.com/r/movies/comments/1kbz710/how_the_hell_did_they_make_the_sets_in_the_second/,MayHeim10,2025-05-21T10:55:56.870395Z
1kej05j,reddit,"If you were to retroactively award Oscars for best stunts, what movie should be awarded?","Exactly as the title says. They're apparently giving out Oscars for best stunt performance, a hard and critically thankless job. If this category were to have existed prior to its implementation now, what would previous year's Oscars best stunt winners? Are there any individual stunt performers that should be recognized, such as Buster Keaton?",2025-05-04T12:47:26Z,movies,movies,entertainment,Entertainment,[],0,226,345,,0.82,https://www.reddit.com/r/movies/comments/1kej05j/if_you_were_to_retroactively_award_oscars_for/,GrandManSam,2025-05-21T10:55:58.489221Z
1krf5nc,reddit,Looking for the most overused and overhyped movie trivia “facts”,"Not sure if this is the right sub, but I’m trying to put together a list of the most clichéd, overshared bits of movie trivia out there — the ones that show up in *every* video essay, listicle, behind-the-scenes doc, or YouTube Short.

You know the type:

* “Viggo Mortensen really broke his toe when he kicked the helmet!”
* “OJ Simpson was considered for The Terminator, but James Cameron didn’t think he looked like a killer.”
* “Ridley Scott didn’t tell the actors about the chestburster scene so their reactions were genuine.”
* “Shelley Duvall was really traumatized on the set of *The Shining*.”

I’m also hunting for those “everyone knows” facts that are actually incorrect, like:

* “The T. rex breaking the sunroof in *Jurassic Park* wasn’t scripted, so the kids’ screams were real.”
* “Will Smith turned down *The Matrix* because the script was too confusing.”

Drop your favorites! The more tired or debunked, the better.",2025-05-20T20:22:37Z,movies,movies,entertainment,Entertainment,[],0,382,466,,0.86,https://www.reddit.com/r/movies/comments/1krf5nc/looking_for_the_most_overused_and_overhyped_movie/,EIochai,2025-05-21T10:56:01.371957Z
1k550cx,reddit,"‘Enola Holmes 3’ Begins Production; Millie Bobby Brown, Henry Cavill, Louis Partridge and More Returning",,2025-04-22T12:25:55Z,movies,movies,entertainment,Entertainment,[],0,224,52,,0.74,https://variety.com/2025/film/global/enola-holmes-3-netflix-millie-bobby-brown-henry-cavill-1236374735/,MarvelsGrantMan136,2025-05-21T10:56:05.437060Z
1khxw5u,reddit,"The kids from Honey, I Shrunk the Kids (1989) reunite!",Except for Nick sadly. But it's weird they got 3/4 kid actors despite being being AWOL!,2025-05-08T18:47:57Z,movies,movies,entertainment,Entertainment,[],0,217,16,,0.87,https://www.youtube.com/watch?v=Hl5kyyYUnHc,TheListenerCanon,2025-05-21T10:56:06.675214Z
1kc83u9,reddit,"Sorry, Baby | Official Trailer HD | A24",,2025-05-01T12:59:29Z,movies,movies,entertainment,Entertainment,[],0,224,38,,0.83,https://www.youtube.com/watch?v=Rc0jgWoZo9w,NoCulture3505,2025-05-21T10:56:07.748206Z
1kcyqe4,reddit,What's your favourite comfort movie?,"When you are feeling out of sorts or anxious, or sad. What's your go to movie?
For me it's has to be Disneys Sword in the Stone. It's comedic and feel good with an underdog, and has the best disney character in my opinion... Archimedes. But I want to know what else has vibes that relax and chill you out?",2025-05-02T11:36:05Z,movies,movies,entertainment,Entertainment,[],0,218,565,,0.95,https://www.reddit.com/r/movies/comments/1kcyqe4/whats_your_favourite_comfort_movie/,Odins-raven,2025-05-21T10:56:08.997793Z
1k6d4sl,reddit,Mystery of live action Up starring Harrison Ford,"My parents went to the movies a couple weeks ago and were telling me how they don't think Harrison Ford looks right to play the old man from Up. I asked what they were talking about, they said they saw a trailer for a live action Up starring Harrison Ford. I didn't remember ever hearing about it. I kept looking through websites and subreddits and I couldn't find anything about it online, turns out they went to the movies on April 1 and their theater played fake movie trailers as an April Fools joke. 

I was curious what else they played but that's the only one the could remember.",2025-04-23T23:03:07Z,movies,movies,entertainment,Entertainment,[],0,218,30,,0.83,https://www.reddit.com/r/movies/comments/1k6d4sl/mystery_of_live_action_up_starring_harrison_ford/,Individual_Judgment3,2025-05-21T10:56:12.356606Z
1kfmbcu,reddit,One word movie titles that don’t exist,"With thousands of films released every year, I was wondering if all the single (real) word movie titles have been taken already. 

- No non-English words
- No proper nouns
- Have to have been used in English speech at some point 
- No words that couldn’t reasonably be published on a poster

If you’ve got any ideas, what would your movie be about?

Give us a quick plot summary of your movie. ",2025-05-05T20:39:44Z,movies,movies,entertainment,Entertainment,[],0,214,445,,0.81,https://www.reddit.com/r/movies/comments/1kfmbcu/one_word_movie_titles_that_dont_exist/,queen-adreena,2025-05-21T10:56:13.476512Z
1kat1kd,reddit,Andrew Karpen Dies: Bleecker Street Media Founder And CEO Was 59,,2025-04-29T17:02:11Z,movies,movies,entertainment,Entertainment,[],0,211,32,,0.87,https://deadline.com/2025/04/andrew-karpen-deads-bleecker-street-media-founder-1236379872/,NoCulture3505,2025-05-21T10:56:16.688388Z
1k53klu,reddit,'Heartstopper' To End With Finale Movie On Netflix In Lieu Of Season 4,,2025-04-22T11:06:52Z,movies,movies,entertainment,Entertainment,[],0,213,52,,0.75,https://deadline.com/2025/04/heartstopper-series-finale-movie-netflix-no-season-4-1236372418/,Sisiwakanamaru,2025-05-21T10:56:17.729183Z
1kgwj78,reddit,"Hi /r/movies! I'm Trey Edward Shults, writer and director of WAVES, IT COMES AT NIGHT, and KRISHA. My next film, HURRY UP TOMORROW, stars Jenna Ortega, The Weekend, and Barry Keoghan. It's out in theaters worldwide via Lionsgate on May 16th. Ask me anything!","Hi r/movies! I'm Trey Edward Shults, writer and director of WAVES, IT COMES AT NIGHT, and KRISHA. My next film, HURRY UP TOMORROW, stars Jenna Ortega, The Weekend, and Barry Keoghan. It's out in theaters worldwide via Lionsgate on May 16th. Ask me anything!

**Hurry Up Tomorrow** (2025)

>Plagued by insomnia, a musician gets pulled into a nightmarish odyssey with a stranger who begins to unravel the very core of his existence.

Trailer:

[https://www.youtube.com/watch?v=e2PsmMlSP5s](https://www.youtube.com/watch?v=e2PsmMlSP5s)

And my previous films:

A24's **Waves** (2019) - Starring Kelvin Harrison Jr, Taylor Russell, Sterling K. Brown, Lucas Hedgesm, Alexa Demie, Renee Elise Goldsberry, Clifton Collins Jr

>Traces the journey of a suburban family - led by a well-intentioned but domineering father - as they navigate love, forgiveness, and coming together in the aftermath of a loss.

Trailer - [https://www.youtube.com/watch?v=V5z3cr8AB5g](https://www.youtube.com/watch?v=V5z3cr8AB5g)

A24's **It Comes At Night** (2017) - Starring Joel Edgerton, Christopher Abbott, Riley Keough, Kelvin Harrison Jr, Carmen Ejogo 

>After a mysterious apocalypse leaves the world with few survivors, two families are forced to share a home in an uneasy alliance to keep the outside evil at bay -- only to learn that the true horror may come from within.

Trailer - [https://www.youtube.com/watch?v=6YOYHCBQn9g](https://www.youtube.com/watch?v=6YOYHCBQn9g)

A24's **Krisha** (2015) - Starring Krisha Fairchild

>Tensions rise at a Thanksgiving gathering when a troubled woman reunites with the extended family that she abandoned years earlier.

Trailer - [https://www.youtube.com/watch?v=wnX\_lLuENfI](https://www.youtube.com/watch?v=wnX_lLuENfI)

I'll be back at 11:45 AM PT/2:45 PM ET today (Wednesday 5/7) to answer your questions. Ask me anything!

",2025-05-07T12:49:25Z,movies,movies,entertainment,Entertainment,[],0,216,276,,0.87,https://i.redd.it/hhhn8jtgvcze1.png,TreyEdwardAMA,2025-05-21T10:56:18.963853Z
1k5lxr5,reddit,Oscar Isaac singing “Love is the drug” in Sucker Punch is easily my favorite part. It’s crazy they cut it out of the theatrical version,,2025-04-23T00:23:04Z,movies,movies,entertainment,Entertainment,[],0,211,67,,0.78,https://v.redd.it/1z96upaiahwe1,Odd_Advance_6438,2025-05-21T10:56:22.017934Z
1knzwcl,reddit,"Hi /r/movies - We're Danny & Michael Philippou, directors of A24's upcoming horror BRING HER BACK. It stars Sally Hawkins and is out in theaters May 30. We also directed A24's TALK TO ME. Ask us anything!","Hi r/movies \- We're Danny & Michael Philippou, directors of A24's upcoming horror BRING HER BACK. It stars Sally Hawkins and is out in theaters May 30. We also directed A24's TALK TO ME. Ask us anything!

Synopsis:

A brother and sister uncover a terrifying ritual at the secluded home of their new foster mother.

Cast: 

Billy Barratt, Sora Wong, Jonah Wren Phillips, Sally-Anne Upton, Stephen Phillips, Mischa Heywood and Sally Hawkins

Trailer:

[https://www.youtube.com/watch?v=kBskrYZfhw8](https://www.youtube.com/watch?v=kBskrYZfhw8)

Ticketing Link:

[tickets.bringherback.movie](http://tickets.bringherback.movie)

Out in theaters May 30.

Ask us anything! Back at 3 PM ET later today Friday 5/16 for answers.",2025-05-16T12:43:30Z,movies,movies,entertainment,Entertainment,[],0,210,228,,0.84,https://i.redd.it/yy5qx7lqq41f1.png,BringHerBackAMA,2025-05-21T10:56:23.859023Z
1khebis,reddit,"What happened to Jackie Chan's, 1998 Who Am I? Movie","Feels like this movie just disappeared into tho void. There is no place to stream it. No way to purchase it. And the last time it was released was on DVD. Which has been out of print since 1999 I think.

Is there a reason why this moive hasn't seen a reprint in so long? And is not available anywhere to stream at all?

It's just odd. That Just this one Jackie-Chan Movie is just gone. There has to be a story there. Or some reasoning behind it all. 

",2025-05-08T01:32:21Z,movies,movies,entertainment,Entertainment,[],0,211,122,,0.86,https://www.reddit.com/r/movies/comments/1khebis/what_happened_to_jackie_chans_1998_who_am_i_movie/,LeDelmo,2025-05-21T10:56:26.232111Z
1kjzzgn,reddit,"""The Reflecting Skin"" (1990): A young boy suspects his strange neighbor of being a vampire. A suspicion which leads into tragic circumstances. A eerie, spooky picture set in the American midwest.",,2025-05-11T12:33:31Z,movies,movies,entertainment,Entertainment,[],0,204,46,,0.83,https://www.youtube.com/watch?v=rvmHOGhHBQM,Davis_Crawfish,2025-05-21T10:56:28.033428Z
1kikznw,reddit,Scarlett Johansson And Miles Teller To Star Opposite Adam Driver In James Gray’s Next Film ‘Paper Tiger’; Filming To Begin Next Month & Sales To Continue At Cannes Market,,2025-05-09T15:15:39Z,movies,movies,entertainment,Entertainment,[],0,209,35,,0.83,https://deadline.com/2025/05/scarlett-johansson-miles-teller-james-gray-next-paper-tiger-1236390980/,ChiefLeef22,2025-05-21T10:56:29.655061Z
1k55pih,reddit,I KNOW WHAT YOU DID LAST SUMMER - Official Trailer (HD),,2025-04-22T13:00:40Z,movies,movies,entertainment,Entertainment,[],0,204,267,,0.77,https://www.youtube.com/watch?v=9QABNfDhSxs,NoCulture3505,2025-05-21T10:56:30.835517Z
1kij8sw,reddit,Hannah Einbinder & Gillian Anderson Board Jane Schoenbrun’s ‘Teenage Sex And Death At Camp Miasma’ For Mubi And Plan B,,2025-05-09T14:01:49Z,movies,movies,entertainment,Entertainment,[],0,207,32,,0.84,https://deadline.com/2025/05/jane-schoenbrun-teenage-sex-and-death-at-camp-miasma-cast-1236390856/,NoCulture3505,2025-05-21T10:56:33.819864Z
1kqncu5,reddit,"New Poster for Horror-Thriller 'Dangerous Animals' - A surfer is abducted by a shark-obsessed serial killer and held captive on his boat, she must figure out how to escape before he carries out a ritualistic feeding to the sharks below.",,2025-05-19T21:11:35Z,movies,movies,entertainment,Entertainment,[],0,207,27,,0.88,https://i.redd.it/896lfqky0t1f1.jpeg,BunyipPouch,2025-05-21T10:56:35.028111Z
1kphq4z,reddit,'Thief' by Michael Mann was absolutely awesome! Gimme more hidden diamonds like this.,"What a phenomenal film. Came out in 1981 and I only saw it last night. Hooked from first scene, to the end of credits (watched the creds for the awesome music). 

Awesome performance by Caan and Porksky. Everyone else was awesome too. Sharp writing. Spectacular performances. I had tough time deciding should I mark it as 8 or 9 on IMDB. 

Recommend me more amazing, hidden gems of movies. Any genre, doesn't matter, just want absolute peak cinema.

And those of you who haven't seen Thief yet, and enjoy heist, crime capers or noir, this one needs to be high on your must watch list. Thanks all!

ETA: Thanks for the great recommendations, keep them coming. Apologies if I'm not able to respond to all comments, but you've all come through on my ask and for that I wish you all good fortune and good times at the movies :)",2025-05-18T11:25:11Z,movies,movies,entertainment,Entertainment,[],0,203,105,,0.86,https://www.reddit.com/r/movies/comments/1kphq4z/thief_by_michael_mann_was_absolutely_awesome/,rdtismyadctn,2025-05-21T10:56:36.151611Z
1ko6kwi,reddit,Which actors were given disproportionately high billing in the credits compared to their actual screentime in the film?,"Liv Tyler was barely in The Two Towers/The Return of the King (5 minutes each), yet she was given 3rd billing in all 3 films over much more important characters such as Viggo Mortensen and Cate Blanchett.  

Gwyneth Paltrow was given 4th billing in Spiderman: Homecoming despite being in the film for a grand total of 30 seconds at the end. ",2025-05-16T17:25:12Z,movies,movies,entertainment,Entertainment,[],0,204,256,,0.89,https://www.reddit.com/r/movies/comments/1ko6kwi/which_actors_were_given_disproportionately_high/,No-Violinist-9268,2025-05-21T10:56:38.277278Z
1kmrdds,reddit,A push back from human dubbers has successfully derailed a few high-profile AI-dubs in Europe.,,2025-05-14T21:40:17Z,movies,movies,entertainment,Entertainment,[],0,200,9,,0.92,https://www.hollywoodreporter.com/business/business-news/europe-film-tv-dubbers-ai-1236212015/,mrinternetman24,2025-05-21T10:56:40.830960Z
1km5wqx,reddit,What’s a movie you’ll defend no matter what even if everyone else hates it?,"Let’s be honest we all have that one movie we love, even though critics trashed it or everyone we know thinks it’s terrible.

Maybe it’s nostalgia. Maybe it’s the vibe. Maybe you don’t care—it just works for you. 

I’m always fascinated by how personal film can be How something dismissed by others can feel meaningful, comforting, or even profound to someone else.

No judgment, only cinema love.
",2025-05-14T03:53:09Z,movies,movies,entertainment,Entertainment,[],0,206,1486,,0.82,https://www.reddit.com/r/movies/comments/1km5wqx/whats_a_movie_youll_defend_no_matter_what_even_if/,Optimal_Piano_23,2025-05-21T10:56:42.022213Z
1kawma5,reddit,‘The Two Popes’ Viewership Pops on Netflix Following Francis’ Death,,2025-04-29T19:28:13Z,movies,movies,entertainment,Entertainment,[],0,205,23,,0.85,https://www.hollywoodreporter.com/tv/tv-news/the-two-popes-streaming-netflix-views-1236203510/,KillerCroc1234567,2025-05-21T10:56:46.156277Z
1k6wpmp,reddit,‘Hunger Games: Sunrise On The Reaping’ Movie At Lionsgate Taps Mckenna Grace In Maysilee Donner Role,,2025-04-24T16:34:02Z,movies,movies,entertainment,Entertainment,[],0,203,56,,0.82,https://deadline.com/2025/04/hunger-games-sunrise-on-the-reaping-movie-mckenna-grace-1236375795/,cmaia1503,2025-05-21T10:56:47.174768Z
1kp8rr0,reddit,What was your first R-rated movie? How did it effect you?,"I think mine was Die Hard.

I remember watching it with my grandparents on TV when I was six or seven years old. I thought it was super cool to watch something that I probably shouldn’t have been watching. It didn’t really have any sort of negative effect on me; I just thought it was awesome, DEFINITELY wouldn’t let my kid watch it, though.

What was yours?

NOTE:

I used “effect” instead of “affect” and I’m quite embarrassed.",2025-05-18T01:40:53Z,movies,movies,entertainment,Entertainment,[],0,199,871,,0.81,https://www.reddit.com/r/movies/comments/1kp8rr0/what_was_your_first_rrated_movie_how_did_it/,BalaBustaRhymes,2025-05-21T10:56:48.407806Z
