content_id,platform,title,content,created_at,source_id,source_name,category_id,category_name,tags,views,score,comment_count,duration,upvote_ratio,url,author,crawl_time
1khr2vk,reddit,First Image of Jackson Yee in Bi Gan's 'RESURRECTION',"In a world where humanity has lost the ability to dream, one creature remains entranced by the fading illusions of the dreamworld. This monster, adrift in reverie, clings to visions no one else can see—until a woman appears. Gifted with the rare power to perceive these illusions for what they truly are, she chooses to enter the monster’s dreams, determined to uncover the truth that lies hidden within.",2025-05-08T14:10:57Z,movies,movies,entertainment,Entertainment,[],0,196,11,,0.86,https://i.redd.it/oa7mdu6wfkze1.jpeg,mayukhdas1999,2025-05-21T10:57:06.783493Z
1k9yl2m,reddit,"Brad Pitt to lead Edward Berger's next film titled ‘The Riders’ at A24 | Based on the novel of the same name, it follows Fred Scully (Pitt) whose life falls to pieces as he and his daughter Billie look for her missing mother throughout Europe.",,2025-04-28T15:38:42Z,movies,movies,entertainment,Entertainment,[],0,197,42,,0.82,https://deadline.com/2025/04/brad-pitt-edward-berger-the-riders-scott-free-a24-boards-1236378237/,ChiefLeef22,2025-05-21T10:57:08.273419Z
1klmoy4,reddit,Cells At Work! | Official Trailer | Netflix,,2025-05-13T14:01:24Z,movies,movies,entertainment,Entertainment,[],0,193,79,,0.79,https://youtu.be/VKzbpeFLXTk?si=NuduVu2Kn0MSfuA0,MiserableSnow,2025-05-21T10:57:09.578565Z
1k9qsz3,reddit,How many of you guys still make it a point to go to theaters vs watch at home?,"Ted Sarandos (Netflix CEO) recently gave an interview where he re-iterated how the theatrical model was outdated. So I thought I'd ask a sub of movie lovers. How many of you still enjoy going to the movies? Personally I still go when there's something that really peaks my interest. But current ticket prices have made me a lot more selective and obviously I tend to favor the big movies where the theatrical set up really shines vs the samller films that you can enjoy at home without missing much in terms of bigger screen and super duper sound set up. But, I do agree with the aspect that streaming has ""democratized"" the movie viewing experience. Not everyone lives close to a movie theater and not everyone has the time to go to one. Being able to press play and just enjoy is a huge plus. Also, home set ups are becoming more advanced. Some OLED and Mini LED tvs are out of this world in terms of quality and you can get a great sound system too. So I guess I'm 50/50 on this. What do you guys think?",2025-04-28T08:45:33Z,movies,movies,entertainment,Entertainment,[],0,196,776,,0.79,https://www.reddit.com/r/movies/comments/1k9qsz3/how_many_of_you_guys_still_make_it_a_point_to_go/,BillyThe_Kid97,2025-05-21T10:57:11.189329Z
1k7t2ff,reddit,"Giancarlo Esposito, Tatiana Maslany & Steve Buscemi Among New Additions To John Turturro Crime Thriller ‘The Only Living Pickpocket In New York’",,2025-04-25T19:05:46Z,movies,movies,entertainment,Entertainment,[],0,196,20,,0.92,https://deadline.com/2025/04/the-only-living-pickpocket-in-new-york-adds-five-1236377025/,KillerCroc1234567,2025-05-21T10:57:15.092722Z
1ko59q5,reddit,Why do movie franchises abandon numbering? Are they embarrassed to have a high number?,"I would think that having a successful franchise with a large number of entries would be considered a badge of honor but it seems like a lot franchises try to get away from numbers once they get past 3... Back to the Future 2 had a gag about Jaws 19, but with the way things have been trending, it looks like something like that will never happen.

Some franchise examples:

Mission Impossible  
Hellraiser  
Final Destination  
Alien  
Puppet Master (stopped numbering after 5)  
Terminator

Even more annoying is when there is a movie in the series that breaks up the established pattern, while also making it confusing where it goes in the chronologically:  
for example (Fast and Furious and The final destination are both part 4 in their respective franchises, and Saw 3d is part 7) ",2025-05-16T16:31:55Z,movies,movies,entertainment,Entertainment,[],0,194,205,,0.82,https://www.reddit.com/r/movies/comments/1ko59q5/why_do_movie_franchises_abandon_numbering_are/,Gtype,2025-05-21T10:57:16.133610Z
1k7egcf,reddit,What film is the 'wrong entry point' for either an actor or director?,"What film represents the wrong entry point for an actor or director when viewed against the rest of their body of work? This isn't necessarily about their worst or least successful film, but rather about a movie that serves as the wrong starting place to their career. Their first film is off-limits, choosing that would be too easy and feel like a cop-out. The film should stand out in some distinct way from the rest of their work, which makes the question even more interesting and more difficult when applied to someone with a long and varied career.

Some examples might include Arnold Schwarzenegger in Junior, Francis Ford Coppola's Jack, Kevin Smith's Red State, or Judi Dench in The Chronicles of Riddick.",2025-04-25T06:43:40Z,movies,movies,entertainment,Entertainment,[],0,193,365,,0.85,https://www.reddit.com/r/movies/comments/1k7egcf/what_film_is_the_wrong_entry_point_for_either_an/,hcknbnz,2025-05-21T10:57:18.384417Z
1kgphb7,reddit,Anyone else “watch” movies with their parents who live thousands of miles away regularly?,"Single. Somewhat lonely. My parents are the only people I care about in my mid 30s. Especially since they are aging and probably won’t be around much longer. I find myself more comforted with their voices than anyone else my age.

We share streaming platforms and turn on movies at the same time. We are on speaker phone the entire time we watch so we can hear each others reactions and discuss what is happening in the movie.

Just curious if anyone else does this. 

I’ve found it greatly increases my overall mental health. ",2025-05-07T05:12:16Z,movies,movies,entertainment,Entertainment,[],0,191,62,,0.82,https://www.reddit.com/r/movies/comments/1kgphb7/anyone_else_watch_movies_with_their_parents_who/,NightFox0719,2025-05-21T10:57:21.579927Z
1kraq23,reddit,Alan Rickman,"Is Alan Rickman one of the best British actors of all time? I just rewatched the Harry Potter series and his subtle mannerisms in the way he delivers his dialogue are second to none. Especially his more niche work is great as well. I really think he’s one of the best actors of the last couple of generations, if not all time",2025-05-20T17:26:13Z,movies,movies,entertainment,Entertainment,[],0,199,161,,0.82,https://www.reddit.com/r/movies/comments/1kraq23/alan_rickman/,RaphaeleFirenze,2025-05-21T10:57:22.991673Z
1kn8aef,reddit,Anna Sawai And ‘Drive My Car’ Star Hidetoshi Nishijima Join Jeremy Allen White and Austin Butler In ‘Enemies’ At A24,,2025-05-15T13:31:42Z,movies,movies,entertainment,Entertainment,[],0,186,10,,0.91,https://deadline.com/2025/05/shogun-anna-sawai-hidetoshi-nishijima-enemies-1236398020/,KillerCroc1234567,2025-05-21T10:57:24.997172Z
1kfaqls,reddit,Who is the most forgotten 80s celebrities that was amazing or they are just completely not well remembered?,"In my opinion I think Bo Derek is forgotten I didn't even know who she was until this year when I was watching the film Tarazan the ape man 1981 who I never even heard of her and I checked her up and realised some people forgotten about her.

Another one was Kelly Mcgillis is nowadays completely forgotten but some of you would still remember her from Top Gun, The Accused and the other film Witness with Harrison Ford. But she was never asked back in Top Gun Maverick like she aged a lot and left Hollywood forever. 

Jennifer Beals who is known for Flashdance 1983 film, she was huge that time but nowadays she has been forgotten. Even now generation wouldn't know Jami Gertz but if you was in the 80s you probably remember her from the lost boys, Sixteen Candles and others but nowadays she retired and she is a million, but I don't think she is well remembered that well as soon as you see her face bow compared to the 80s where you would recognise her well.

Well can you guys think of more 80s celebrities that are completely forgotten as you watch them again and some others you recognise their face, but didn't know their name from a classic 80s film as you searched them up. Well any suggestions about this?",2025-05-05T12:46:34Z,movies,movies,entertainment,Entertainment,[],0,192,647,,0.8,https://www.reddit.com/r/movies/comments/1kfaqls/who_is_the_most_forgotten_80s_celebrities_that/,JazzlikeTea7432,2025-05-21T10:57:26.046313Z
1kq7ajk,reddit,What is one of the most boring movies you've stuck out & regretted it?,"835 COMMENTS?! I feel famous 🤣🙈

I've done it with so many but the one that took the biscuit for me was 'Survival Box' - there was so many ways they could have made that at least minimally interesting. I will admit I hit the +10 seconds button on various parts throughout the movie because I was THAT bored, just hoping something would happen. It was like The Walking Dead with no Zombies, no back stories & no personalities 🙈 ",2025-05-19T09:19:48Z,movies,movies,entertainment,Entertainment,[],0,187,908,,0.77,https://www.reddit.com/r/movies/comments/1kq7ajk/what_is_one_of_the_most_boring_movies_youve_stuck/,Randomaf899,2025-05-21T10:57:29.780915Z
1kk73es,reddit,There are some wild entries on this list of obscure box office bombs,"I thought I'd share this video because I thought this guy did a fascinating take on the biggest bombs in Hollywood. He broke it down by year and I've never heard of a ton of these movies, even though I'm fascinated by box office bombs (which makes sense because, you know, they bomb when nobody sees them so there's nobody who remembers them). 

His description and the footage he shows makes me want to watch a lot of these.

https://www.youtube.com/watch?v=UZK8irOr5A0

Here are the crazier-sounding ones I'd never heard of before:

SEXTETTE - 1978 - famous sexpot Mae West's last picture. She was 85, deaf and disoriented. People had to hold cue cards really close to her and she seemed to have no idea who her co-actors were in what seems to be a plot where a young Timothy Dalton is trying to seduce her.

HONKEY TONK FREEWAY - 1981 - at the time, the most expensive comedy ever made. Apparently it made no sense, but they painted a real town pink, blew up a real bridge and put a real elephant on water skis.

KRULL - 1983 - apparently meant to be the next Star Wars, this bomb had a young Liam Neeson. This one stands out to me because I had a Krull comic when I was a kid and I loved it. I had no idea it was based on a movie. I kind of want to see this *and* read the comic again.

THE COTTON CLUB - 1984 - Coppola's first bomb? The studio took it away to recut it, someone was murdered, the entire thing was derailed by a FBI investigation and it took 36 years for Coppola to do his intended cut of it.

REVOLUTION - 1985 - I feel like I'm having a stroke writing this one out. Al Pacino was cast in a period piece, but he refused to wear period-appropriate footwear so they had to shoot him from the knees up to hide his modern boots. 

NORTH - 1994 - kid Elijah Wood in a bomb that had the director asking critics to go easy on it. I'm pretty sure I saw Bruce Willis, Julia Louise Dreyfuss and Jason Alexander in the footage.

MARY REILLY - 1996 - I kind of remember this one, a movie about Dr. Jekyl's housekeeper, which turned out to be a pretty boring story.

LEGENDS OF OZ: DOROTHY'S RETURN - 2014 - I had never heard about this, but I'm just going to quote the video, ""A disaster on every possible level. Legend of Oz pulled in just three point seven million on it's opening weekend... It wasn't just a flop, it was a scam. The shady studio behind it strong-armed pension funds into investing.""
 
PAN - 2015 - ""Another year, another reboot that tanked. Studio execs pitched this one as a dark reboot with a Moulin Rouge vibe. What they delivered was Hugh Jackman, in eyeliner, singing Nirvana with a children's choir.""

PLAYMOBIL: THE MOVIE - 2019 - I can't believe I never heard of this Lego rip-off starring Daniel Radcliffe. Narrator: ""Critics called it the biggest box office flop of all time, but they just didn't know what was going to happen next."" (Covid happened next.)

CHAOS WALKING- 2021 - I have no memory of this. It was filmed in 2017 and sat on a shelf for 4 years. Tom Holland and Daisy Ridley starred in this bomb that had the studio reshoot major parts of it (without the director) because test audiences had no idea what was going on.

STRANGE WORLD - 2022 - nothing noteworthy about this bomb except I'm shocked at how many recent films I'd never heard of. I expected to be pretty clueless about the ones from when I was a kid, not the ones from the most recent years of my life.

Land Of The Lost was on this list and I genuinely like it. I'd heard about most of the other movies on the list because they're such famous bombs and you probably have, too.

I'm not connected to the youtube channel, I'm just bored and needed something to pass the time.",2025-05-11T18:00:08Z,movies,movies,entertainment,Entertainment,[],0,191,120,,0.85,https://www.reddit.com/r/movies/comments/1kk73es/there_are_some_wild_entries_on_this_list_of/,thebigeverybody,2025-05-21T10:57:33.669163Z
1kgcdwx,reddit,"New Poster for 'The Ritual' - Starring Al Pacino, Dan Stevens and Ashley Greene - Two priests, one in crisis with his faith and the other confronting a turbulent past, must overcome their differences to perform a risky exorcism.",,2025-05-06T18:49:13Z,movies,movies,entertainment,Entertainment,[],0,186,106,,0.81,https://i.redd.it/mvwh68qmj7ze1.jpeg,BunyipPouch,2025-05-21T10:57:35.487516Z
1ko02vc,reddit,Jacob Elordi & Lily-Rose Depp To Star In Cormac McCarthy Adaptation ‘Outer Dark’ — Red Hot Project Bubbling At The Cannes Market,,2025-05-16T12:52:10Z,movies,movies,entertainment,Entertainment,[],0,189,84,,0.78,https://deadline.com/2025/05/jacob-elordi-lily-rose-depp-cormac-mccarthy-outer-dark-film-1236400543/,lawrencedun2002,2025-05-21T10:57:37.474042Z
1k8rirg,reddit,What is an infuriating example of a protagonist not being believed?,"Basically, the protagonist is not believed no matter how evidence they may try to look for, not even given the benefit of the doubt most of the time.   
Orphan, where the husband John doesn't believe his wife Kate at all about Esther being a potential problem child. I might be skeptical as well, but I would give her the benefit of the doubt. It's not helped that he IMMEDIATELY prioritizes attention on his new adopted daughter and neglects his son, and even TELLS off Sister Abigail who visits to warn them of Esther's presence near questionable situations. They were obviously just trying to make him the cliched idiot horror character to advance the plot.",2025-04-27T00:36:10Z,movies,movies,entertainment,Entertainment,[],0,184,245,,0.84,https://www.reddit.com/r/movies/comments/1k8rirg/what_is_an_infuriating_example_of_a_protagonist/,Mean_Lingonberry_355,2025-05-21T10:57:39.323824Z
1klsvc3,reddit,"Robert Benton, director of ""Kramer vs. Kramer"" and ""Places in the Heart,"" dies at 92",,2025-05-13T18:05:18Z,movies,movies,entertainment,Entertainment,[],0,185,14,,0.91,https://www.nytimes.com/2025/05/13/movies/robert-benton-dead.html,rrrrrafe,2025-05-21T10:57:42.057319Z
1kfbgrw,reddit,Paddington 2 turns eight this year. Do you think it deserves a place among the greatest family adventure films of all time?,"What the title says, where does Paddington 2 rank among the greats like E.T., The Goonies, The Princess Bride or The Iron Giant? Do you think it has stood the test of time so far?

I’d say it's definitely one of the best family adventure films to come out since the 2000s, so it certainly deserves a place in the conversation.",2025-05-05T13:21:01Z,movies,movies,entertainment,Entertainment,[],0,183,84,,0.76,https://www.reddit.com/r/movies/comments/1kfbgrw/paddington_2_turns_eight_this_year_do_you_think/,cinefilucho,2025-05-21T10:57:43.577613Z
1k95y34,reddit,I forgot how much I love Wedding Crashers,"Sometimes I can get stuck in a rut on movies. Lately movies have seemed to take themselves way too seriously and even comedies are dry and witless. I haven’t watched Wedding Crashers for years and I just fired it up this morning. I laughed so hard, it has just the right amount of awkward moments, fun dialogue, and Isla Fisher is absolutely amazing.

Now I’m putting Meet the Parents and There’s Something About Mary on the re-watch agenda.",2025-04-27T15:00:54Z,movies,movies,entertainment,Entertainment,[],0,184,111,,0.81,https://www.reddit.com/r/movies/comments/1k95y34/i_forgot_how_much_i_love_wedding_crashers/,Lokitusaborg,2025-05-21T10:57:45.504718Z
1ka868x,reddit,Worst body doubles you've spotted in film?,"I'm currently going through a Nic Cage rewatch and this weekend saw me reach his action trifecta (Con Air/The Rock/Face Off). At the climax of Face/Off, when Castor and Archer are on the speedboats and Archer (played by Cage) is hanging off the side, I forgot just how bad the body double for him was. Not only is his body size different but his hair is a totally different style. It has to go down as one of the worst body doubles in cinema, in my opinion. 

Which others do you think should be added to the list?",2025-04-28T22:13:39Z,movies,movies,entertainment,Entertainment,[],0,181,333,,0.84,https://www.reddit.com/r/movies/comments/1ka868x/worst_body_doubles_youve_spotted_in_film/,james2183,2025-05-21T10:57:47.414385Z
1kqcm5z,reddit,"AMA/Q&A Announcement - Simon Pegg - Wednesday 5/21 at 10:45 AM ET - Actor in 'Shaun of the Dead', 'Mission Impossible', 'Hot Fuzz', 'Star Trek, 'The World's End', 'Ice Age', 'Star Wars', and lots more.",,2025-05-19T14:08:31Z,movies,movies,entertainment,Entertainment,[],0,184,27,,0.87,https://i.redd.it/1ptttgvgxq1f1.png,BunyipPouch,2025-05-21T10:57:50.267849Z
1knjwjg,reddit,What movie made you like an actor you previously didn't like or thought was average.,"What's that role or character that gave a actor/actress a chance to show their range and made you backflip on your opinion and reckonize greatness. 
Examples for me are-

Angelina Jolie in Changling.

Brad Pitt in Burn after Reading.

Charlize Theron in monster. 

Colin Farrell In Bruge 

I said movies but must mention Colin Farrell and Vince Vaughn in true detective TV show. 








",2025-05-15T21:26:33Z,movies,movies,entertainment,Entertainment,[],0,181,515,,0.89,https://www.reddit.com/r/movies/comments/1knjwjg/what_movie_made_you_like_an_actor_you_previously/,xendazzle,2025-05-21T10:57:51.469170Z
1k79o90,reddit,Official Discussion - Until Dawn [SPOILERS],"#Poll

**If you've seen the film, please rate it [at this poll](https://strawpoll.ai/poll/vote/oS6HYtAvNujW)**

**If you haven't seen the film but would like to see the result of the poll [click here](https://strawpoll.ai/poll/results/oS6HYtAvNujW)**

#Rankings

[Click here](https://strawpoll.ai/list/ItnAgr4mX7QR) to see the rankings of 2025 films

[Click here](https://youpoll.me/list/4/) to see the rankings for every poll done 

---

**Summary**  
*Until Dawn* is a horror film directed by David F. Sandberg, based on the 2015 video game of the same name. The story follows Clover and her friends as they venture into a remote valley to investigate the mysterious disappearance of Clover's sister, Melanie. They find themselves trapped in a time loop, reliving the same night where they are hunted by a masked killer. Each iteration introduces new and more terrifying threats, and the group realizes they have a limited number of chances to survive until dawn. The film explores various horror subgenres, including slasher, supernatural, and body horror.

**Director**  
David F. Sandberg

**Writers**  
- Blair Butler  
- Gary Dauberman

**Cast**  
- Ella Rubin as Clover  
- Michael Cimino  
- Odessa A’zion  
- Ji-young Yoo  
- Maia Mitchell  
- Belmont Cameli  
- Peter Stormare as Dr. Alan J. Hill

**Rotten Tomatoes**: [63%](https://www.rottentomatoes.com/m/until_dawn_2025)  
**Metacritic**: [56](https://www.metacritic.com/movie/until-dawn/)

**VOD**  
Theaters

**[Trailer](https://www.youtube.com/watch?v=2b3vBaINZ7w)**

---",2025-04-25T02:03:33Z,movies,movies,entertainment,Entertainment,[],0,182,458,,0.87,https://www.reddit.com/r/movies/comments/1k79o90/official_discussion_until_dawn_spoilers/,LiteraryBoner,2025-05-21T10:57:55.444917Z
1koq9i8,reddit,"Marisa Tomei, Sam Rockwell and Chris Messina to Star in Zombie Comedy ‘Hellhound’ (EXCLUSIVE)",,2025-05-17T10:58:27Z,movies,movies,entertainment,Entertainment,[],0,174,18,,0.9,https://variety.com/2025/film/global/marisa-tomei-sam-rockwell-zombie-comedy-hellhound-1236401495/,JonasKahnwald11,2025-05-21T10:57:59.776216Z
1kccw1i,reddit,Christopher Plummer’s portrayal of Mike Wallace in The Insider has always stuck with me,"I think about Michael Mann’s excellent movie The Insider every so often. Watch it if you haven’t. Plummer should have been nominated for an Oscar for this but he wasn’t. Russell Crowe and Pacino also gave great performances and Crowe was nominated for best lead. This interaction in the hotel room had me rapt. This is the best video I could find of it. 

https://youtu.be/CpLNH4D7KQk?si=S9mG8SxsVQs0E3XT",2025-05-01T16:23:53Z,movies,movies,entertainment,Entertainment,[],0,177,52,,0.96,https://www.reddit.com/r/movies/comments/1kccw1i/christopher_plummers_portrayal_of_mike_wallace_in/,DigMeTX,2025-05-21T10:58:01.075844Z
1k9dcq1,reddit,"California King (2025, out now) starring Jimmy Tatro, Victoria Justice, Travis Bennett, and Joel McHale - A mattress store manager hatches a wild plan to impress the girl of his dreams, chaos ensues.",,2025-04-27T20:16:09Z,movies,movies,entertainment,Entertainment,[],0,177,77,,0.75,https://www.youtube.com/watch?v=2DYk3883n3g&ab_channel=ONEMedia,ophiosaur,2025-05-21T10:58:02.214083Z
1k79o5r,reddit,Official Discussion - The Accountant 2 [SPOILERS],"#Poll

**If you've seen the film, please rate it [at this poll](https://strawpoll.ai/poll/vote/cyPFmDgtrtMx)**

**If you haven't seen the film but would like to see the result of the poll [click here](https://strawpoll.ai/poll/results/cyPFmDgtrtMx)**

#Rankings

[Click here](https://strawpoll.ai/list/ItnAgr4mX7QR) to see the rankings of 2025 films

[Click here](https://youpoll.me/list/4/) to see the rankings for every poll done 

---

**Summary**  
*The Accountant 2* picks up nine years after the original, with Christian Wolff (Ben Affleck) drawn back into a deadly investigation when his former boss, Treasury Director Ray King (J.K. Simmons), is murdered. The cryptic message ""find the accountant"" leads Agent Marybeth Medina (Cynthia Addai-Robinson) to seek Christian's help. Teaming up with his estranged brother Brax (Jon Bernthal), Christian uses his exceptional skills to unravel a conspiracy involving human trafficking and corruption. As they delve deeper, they attract the attention of ruthless killers intent on stopping them. The film combines intense action with moments of dark humor, exploring themes of neurodiversity and familial bonds.

**Director**  
Gavin O'Connor

**Writer**  
Bill Dubuque

**Cast**  
- Ben Affleck as Christian Wolff  
- Jon Bernthal as Brax  
- Cynthia Addai-Robinson as Marybeth Medina  
- Daniella Pineda as Anaïs  
- Allison Robertson as Justine  
- J.K. Simmons as Ray King  
- Robert Morgan as Burke  
- Grant Harvey as Cobb  
- Andrew Howard as Batu 

**Rotten Tomatoes**: [75%](https://www.rottentomatoes.com/m/the_accountant_2)  
**Metacritic**: [60](https://www.metacritic.com/movie/the-accountant-2/)  

**VOD**  
Theaters

**[Trailer](https://www.youtube.com/watch?v=)**

---",2025-04-25T02:03:25Z,movies,movies,entertainment,Entertainment,[],0,178,707,,0.91,https://www.reddit.com/r/movies/comments/1k79o5r/official_discussion_the_accountant_2_spoilers/,LiteraryBoner,2025-05-21T10:58:03.678509Z
1k71dlk,reddit,The Gods Must Be Crazy,"How many of you watched this one? If not, I highly recommend it! I think it captures quite well what's wrong with ""civilized men"", in particular, to how we relate to more ""primitive societies"", and I think it has a very strong moral message, or perhaps a few! In addition, I think the story is quite entertaining and inspiring. Watch where you drop your Coke bottle!",2025-04-24T19:41:32Z,movies,movies,entertainment,Entertainment,[],0,177,93,,0.87,https://www.reddit.com/r/movies/comments/1k71dlk/the_gods_must_be_crazy/,dcterr,2025-05-21T10:58:07.715213Z
1k7x2zr,reddit,Didn’t think 2001: A space odyssey was such a horror,"I thought I watched the movie long ago but couldn’t remember so I watched it again. What a mind mover it is. Creepy as hell at times. By the end I thought this movie was a psychological horror. Even in the beginning, with the monkeys and their faces, oddly eerie. Then with the robot and that slow realization that 9000 series computer is a fucking killer to his slow mercy pleading death. No jumpscares or anything, just empty shots and crazy good cinema. Didn’t think it was possible to convey such fear, eeriness, nothingness in such shots. Incredible and creepy. Then it just started getting even worse. Hallucination like extraterrestrial shots with colors and sound that make you feel like you’ve gone insane. The occasional look of horror from the crew member as he is experiencing this is also DEEPLY unsettling. Then finally, the room. Was expecting a jumpscare but nothing. Just weird play with time and age. Extremely unsettling. 

Was expecting something like Interstellar. Mind bending storyline that makes you go “wow the universe is a crazy place.” Odessey makes you go “Wow the universe is scary, empty, nothing. torture. Evil. Cinical. Relative. Unending. Lonely.”

crazy shit man crazy shit…",2025-04-25T21:57:52Z,movies,movies,entertainment,Entertainment,[],0,177,98,,0.83,https://www.reddit.com/r/movies/comments/1k7x2zr/didnt_think_2001_a_space_odyssey_was_such_a_horror/,GloriousGladiator51,2025-05-21T10:58:09.493948Z
1kp7uh2,reddit,When Red tells Andy that his dream is “a shitty pipe dream”. What wonderful writing.,I’ve seen this movie a few times but never caught that foreshadowing until today. It’s so obvious when you hear it! I’ve been feeling super nostalgic lately and rewatching my favorite movies from being a teen in the mid 90s. The writing in this movie is so perfect. Everyone’s arch is so well crafted. ,2025-05-18T00:50:23Z,movies,movies,entertainment,Entertainment,[],0,173,22,,0.81,https://www.reddit.com/r/movies/comments/1kp7uh2/when_red_tells_andy_that_his_dream_is_a_shitty/,Sirnando138,2025-05-21T10:58:11.305897Z
1kmpldg,reddit,"NEON releases 1 hour promo footage for Osgood Perkins's new film ""KEEPER"" (starring Tatiana Maslany) on YouTube",,2025-05-14T20:27:28Z,movies,movies,entertainment,Entertainment,[],0,169,76,,0.86,https://youtu.be/WX1wi9eEE5k,JonasKahnwald11,2025-05-21T10:58:12.349557Z
1kpjnv6,reddit,Andrew Garfield & Focus Features Nearing Deals To Join Paul Greengrass Peasant Revolt Movie ‘The Rage’: Cannes Market,,2025-05-18T13:12:32Z,movies,movies,entertainment,Entertainment,[],0,174,14,,0.9,https://deadline.com/2025/05/andrew-garfield-paul-greengrass-rage-focus-deal-cannes-1236399047/,KillerCroc1234567,2025-05-21T10:58:13.879439Z
1kowr31,reddit,‘The Chronology Of Water’ Review: Kristen Stewart’s Long-Gestating Directorial Debut Is A Stylish Triumph,,2025-05-17T16:16:25Z,movies,movies,entertainment,Entertainment,[],0,172,1,,0.83,https://theplaylist.net/the-chronology-of-water-review-kristen-stewarts-long-gestating-directorial-debut-is-a-stylish-triumph-cannes-20250517/,Contcos,2025-05-21T10:58:15.149687Z
1ki09gy,reddit,"Movies like Annihilation, Nope, Men, Mother! And the Fountain?","All the films I listed are visually stunning... yet leave you feeling creeped out at the same time. That feeling of dread, awe, sadness and terror all rolled into one.

Annihilation: the music in the final act makes my heart palpitate!

Nope: when the antagonist revealed their true form, I had the weirdest feeling come over me. Can't explain it.

Mother!: this was just crazy chaos, buy perfectly put together once you realise the story.

Men: wow. Just utter shock at the final act and having to relive it over and over again!

The Fountain: the visuals of him in the bubble are just beautiful.... and when he drinks sap, it scared the crap out me. But the love story is just heartwarming throughout.

Any suggestions for more? Please let me know!

The Fall
Mr Nobody
Interstellar
Black Swan
",2025-05-08T20:24:53Z,movies,movies,entertainment,Entertainment,[],0,172,275,,0.84,https://www.reddit.com/r/movies/comments/1ki09gy/movies_like_annihilation_nope_men_mother_and_the/,Zestyclose_Prize6032,2025-05-21T10:58:16.118587Z
1k96ayw,reddit,‘The Wretched’ Sequel to Begin Shooting in September,,2025-04-27T15:16:16Z,movies,movies,entertainment,Entertainment,[],0,175,13,,0.87,https://variety.com/2025/film/news/the-wretched-sequel-begin-production-september-1236288613/,BunyipPouch,2025-05-21T10:58:18.538412Z
1kd6er6,reddit,What's the best sequel that never had to be made?,"What's the best sequel to a movie you believe is the best sequel to the initial movie, but didn't have to be made because the story in the original movie was wrapped up? 

I was watching Gladiator 2 yesterday with some high hopes. Gladiator never called fie a sequel, the story was wrapped up. Yet they made it, and after, I wish it wasn't a sequel. It is OK for a standalone movie, but not worth continuing the already ended story line of Gladiator.

What comes to my mind is Judgement Day. Terminator could have been a one and done and have been a fantastic movie. And the T2 brings it back and is an absolutely phenomenal movie.

Update: Getting a lot of suggestions quickly. I should have thought more about this. Didn't even think of Aliens or Shrek 2!",2025-05-02T17:16:00Z,movies,movies,entertainment,Entertainment,[],0,169,308,,0.8,https://www.reddit.com/r/movies/comments/1kd6er6/whats_the_best_sequel_that_never_had_to_be_made/,Sullhammer,2025-05-21T10:58:19.571810Z
1k7dur9,reddit,Trainspotting 2 is a Top-Tier Film,"Just as the title says. I watch this movie around once a year, and it's easily in my top 5. 

It's fantastic movie about aging, friendship and loneliness. It's heartbreaking, funny, thought provoking, and well directed (crisp and creative visuals) + acted. I really like the original as well, but there's just something about this film. 

Anyone else think Trainspotting 2 is top notch? ",2025-04-25T06:03:24Z,movies,movies,entertainment,Entertainment,[],0,168,78,,0.8,https://www.reddit.com/r/movies/comments/1k7dur9/trainspotting_2_is_a_toptier_film/,The_Spaghetti_yeti,2025-05-21T10:58:22.312156Z
1kpv2qs,reddit,"Christopher McQuarrie is credited on 8 films since 2014. All 8 are with Tom Cruise: Edge of Tomorrow, MI5, Jack Reacher 2, The Mummy, MI6, Top Gun 2, MI7, MI8","| Title | Year | Dom | WW | RT | IMDb | MC | Director(s) | Writer(s) | Producer(s) | Actor |
|-------|------|---------------------|-----------------------|------------------|------|-------------|--------------|------------|--------------|-------------|
| *Public Access* | 1993 | N/A | N/A | N/A | N/A | N/A | Bryan Singer | Christopher McQuarrie | N/A | Ron Marquette |
| *The Usual Suspects* | 1995 | $23.3M | $34.4M | 88% | 8.5 | 77 | Bryan Singer | Christopher McQuarrie | N/A | Kevin Spacey |
| *The Way of the Gun* | 2000 | $5.9M | $13.1M | 45% | 6.6 | 49 | Christopher McQuarrie | Christopher McQuarrie | N/A | Ryan Phillippe |
| *Valkyrie* | 2008 | $83.1M | $200.3M | 62% | 7.1 | 56 | Bryan Singer | C. McQuarrie, N. Alexander | B. Singer, C. McQuarrie | Tom Cruise |
| *The Tourist* | 2010 | $67.6M | $278.3M | 20% | 6.0 | 37 | F.H. von Donnersmarck | C. McQuarrie, J. Fellowes, F.H. von Donnersmarck | N/A | Johnny Depp |
| *Jack Reacher* | 2012 | $80.1M | $218.3M | 63% | 7.0 | 50 | Christopher McQuarrie | Christopher McQuarrie | T. Cruise, D. Granger, P. Wagner | Tom Cruise |
| *Jack the Giant Slayer* | 2013 | $65.2M | $197.7M | 52% | 6.2 | 51 | Bryan Singer | D. Lemke, C. McQuarrie, D. Studney | N/A | Nicholas Hoult |
| *Edge of Tomorrow* | 2014 | $100.2M | $370.5M | 91% | 7.9 | 71 | Doug Liman | C. McQuarrie, J. & J-H Butterworth | E. Stoff, T. Lassally, J. Silver | Tom Cruise |
| *Mission: Impossible – Rogue Nation* | 2015 | $195.0M | $682.7M | 94% | 7.4 | 75 | Christopher McQuarrie | Christopher McQuarrie | T. Cruise, J.J. Abrams, B. Burk | Tom Cruise |
| *Jack Reacher: Never Go Back* | 2016 | $58.7M | $162.1M | 38% | 6.1 | 47 | Edward Zwick | R. Wenk, E. Zwick, M. Herskovitz | T. Cruise, D. Granger, C. McQuarrie | Tom Cruise |
| *The Mummy* | 2017 | $80.1M | $409.2M | 16% | 5.4 | 34 | Alex Kurtzman | D. Koepp, C. McQuarrie, D. Kussman | A. Kurtzman, C. Morgan, S. Daniel | Tom Cruise |
| *Mission: Impossible – Fallout* | 2018 | $220.2M | $791.1M | 97% | 7.7 | 86 | Christopher McQuarrie | Christopher McQuarrie | T. Cruise, J.J. Abrams, C. McQuarrie | Tom Cruise |
| *Top Gun: Maverick* | 2022 | $718.7M | $1.496B | 96% | 8.3 | 78 | Joseph Kosinski | E. Kruger, E.W. Singer, C. McQuarrie | J. Bruckheimer, T. Cruise, C. McQuarrie | Tom Cruise |
| *Mission: Impossible – Dead Reckoning Part One* | 2023 | $172.1M | $567.5M | 96% | 7.8 | 81 | Christopher McQuarrie | C. McQuarrie, E. Jendresen | T. Cruise, C. McQuarrie | Tom Cruise |
| *Mission: Impossible – The Final Reckoning* | 2025 | TBD | TBD | TBD | TBD | TBD | Christopher McQuarrie | C. McQuarrie, E. Jendresen | T. Cruise, C. McQuarrie | Tom Cruise |",2025-05-18T21:33:06Z,movies,movies,entertainment,Entertainment,[],0,173,59,,0.85,https://www.reddit.com/r/movies/comments/1kpv2qs/christopher_mcquarrie_is_credited_on_8_films/,arashtp,2025-05-21T10:58:24.147822Z
1kp7dpp,reddit,Trailer: Nouvelle Vague (2025) | Dir. Richard Linklater | Starring Zoey Deutch,,2025-05-18T00:24:54Z,movies,movies,entertainment,Entertainment,[],0,172,64,,0.8,https://www.youtube.com/watch?v=d2aNoARBSoo,talkingbook,2025-05-21T10:58:25.702046Z
1kg0yi3,reddit,Meet Joe Black made me rethink what real love and connection actually look like,"I’ve seen Meet Joe Black three times now, and every time it impacts me more. As a guy who doesn’t usually enjoy romance-heavy movies, I didn’t expect this one to grab me the way it did—but it really did. It’s not just about love or death or philosophy—it’s about the kind of deep, genuine connection that most of us long for but rarely see portrayed with this kind of sincerity.

What really hit me is the portrayal of Death—not as a monster or villain, but as a spirit who’s never experienced life, love, or connection. Watching Death interact with Susan feels innocent, honest, and deeply curious. He doesn’t approach her with game or charm or hidden motives. He’s just… open. Vulnerable. Trying to understand why being around her makes him feel something entirely new.

As a 22-year-old married man, that spoke volumes to me. I think a lot of guys are taught—either directly or through culture—that love is about conquest, performance, or even just fulfilling expectations. But Meet Joe Black shows a kind of love that’s raw and unfiltered. Death doesn’t even know what he’s feeling—he just knows that being close to Susan matters to him. That kind of presence and simplicity is something I think a lot of us have lost or never learned to begin with.

The sex scene between them really stood out, not because it was graphic (it wasn’t), but because it felt sacred. I don’t usually like sex scenes in movies—they often feel cheap, or like they’re just there for shock or entertainment. But this one felt like something else entirely. It felt like watching someone experience intimacy for the first time—not just physically, but emotionally and spiritually. There’s no lust, no selfishness—just a desire to be close, to be known, and to hold something real with someone else. It made me reflect on how important it is to approach love and sex with purity—not just in terms of physical boundaries, but in terms of motive and mindset. Are we connecting to consume or to truly unite?

Then there’s the quote from Bill to Death that’s been echoing in my head ever since:
“Truth, responsibility, taking the weight for your choices and feelings, and spending the rest of your life living up to them. And above all, not hurting the object of your love.”

That line punched me in the chest. Because that’s the part of love we don’t talk about enough—the weight. Love isn’t just about chemistry, passion, or even compatibility. It’s about making a choice, over and over again, to be someone your partner can rely on. To carry the consequences of your actions. To not run when things get hard. To live with integrity and protect the heart of the person who trusts you with theirs. That’s what being a husband means to me, and this movie put words to it in a way I hadn’t felt before.

I recommend any guy watch this movie—especially if you’ve ever felt unsure or confused about what love really is. If you’ve struggled with warped ideas about sex, bonding, or what emotional connection looks like, Meet Joe Black might surprise you. It’s not a perfect film, but it’s honest, and sometimes that’s the thing that sticks with you most.",2025-05-06T10:18:27Z,movies,movies,entertainment,Entertainment,[],0,166,63,,0.82,https://www.reddit.com/r/movies/comments/1kg0yi3/meet_joe_black_made_me_rethink_what_real_love_and/,Ezra_Porter16,2025-05-21T10:58:27.126734Z
1k6vy5t,reddit,Fountain of Youth — Official Trailer 2 | Apple TV+,,2025-04-24T16:03:20Z,movies,movies,entertainment,Entertainment,[],0,164,123,,0.74,https://youtu.be/-7S28bH8iDs,Task_Force-191,2025-05-21T10:58:28.955340Z
1k4bbq0,reddit,"What's one movie scene that just sticks in your head, even years later? What makes it so memorable?","Hey folks,

You know those movie scenes that just get stuck in your brain and you can't shake them? Not necessarily the best scene ever, or from your favorite movie, but just a single, specific moment that pops up in your head out of nowhere, even years after you've seen it.

What's that one scene for you? What movie is it from, and what's so unforgettable about it? Was it something shocking, something beautiful, something weird, or just a really powerful moment?

For me, it's definitely a few moments from Annihilation. But one that really messed with me was when they get deeper into the Shimmer and you start seeing how the mutations are blending everything together. Like those flowers that had human-like features, or even the way the crew members started to get mixed up with the environment and each other. That whole visual of nature and people merging in this bizarre, unnatural way was so creepy and unsettling. It really made you think about what was happening in that zone. That whole idea of things losing their boundaries and becoming something else… yeah, that sticks with you. Coming from a person with plant biology background may be a reason. 

What's that one scene for you? Share the movie and what made that specific moment so unforgettable. Let's hear those scenes that are just stuck to your memory!",2025-04-21T11:35:46Z,movies,movies,entertainment,Entertainment,[],0,164,468,,0.88,https://www.reddit.com/r/movies/comments/1k4bbq0/whats_one_movie_scene_that_just_sticks_in_your/,Polyglotpen,2025-05-21T10:58:30.834220Z
1k62wog,reddit,"Seth Rogen, Penélope Cruz and Edward Norton to Star in Olivia Wilde’s Date Night Comedy ‘The Invite’",,2025-04-23T16:03:44Z,movies,movies,entertainment,Entertainment,[],0,165,24,,0.83,https://variety.com/2025/film/news/seth-rogen-penelope-cruz-olivia-wilde-the-invite-1236375822/,cmaia1503,2025-05-21T10:58:34.323382Z
1kp41kw,reddit,What are GOOD movies that heavily features rain or snow?,"I love thrillers and I love putting on movies with rain or snow as background noise.  Movies like The Girl With A Dragon Tattoo(Fincher) has a very cold feeling because of the snow, which I think really adds to the movie.  

I think alot of movies that take place on mountains don't do well to use the ice and snow as characters in the movie.  Cliffhanger and Everest for example.  Not my type.

Can't think too many good movies with rain other than Se7en.",2025-05-17T21:38:46Z,movies,movies,entertainment,Entertainment,[],0,162,431,,0.81,https://www.reddit.com/r/movies/comments/1kp41kw/what_are_good_movies_that_heavily_features_rain/,Cultural_Kick,2025-05-21T10:58:35.618634Z
1k6s3wt,reddit,New Character Posters for ‘Mission: Impossible – The Final Reckoning’,,2025-04-24T13:23:39Z,movies,movies,entertainment,Entertainment,[],0,163,79,,0.78,https://imgur.com/a/uqlFtJc,MarvelsGrantMan136,2025-05-21T10:58:38.814396Z
1k7bluo,reddit,"Oscars: Film Academy Revokes, Then Reinstates Screenings Access for Widows and Widowers After Backlash",,2025-04-25T03:46:44Z,movies,movies,entertainment,Entertainment,[],0,161,18,,0.85,https://www.hollywoodreporter.com/movies/movie-news/oscars-academy-reinstates-screening-access-widows-widowers-1236199958/,KillerCroc1234567,2025-05-21T10:58:40.386269Z
1kp47qx,reddit,"To Live and Die in LA (1985): The real story of this film isn't Willem Dafoe or William Petersen's tour de force performances, its not the greatest car chase in movie history, nor the hot lesbian sex. Its the slow, methodical corruption of a good cop.","**SPOILERS BELOW!!** 

The first time you watch Friedkin's '85 frenetic, gritty, neo noir action thriller you are dazzled by Dafoe's menacing insanity and by Petersen's red hot detective on the edge of total pychopathy. You are mesmerized by literally the greatest car chase in movie history, bar none. No CGI, just real cars doing real car shit. 

The hot lesbian sex and the hot cop sex also wows you. And don't forget John Turturro being a total scumbag. The action is relentless and every character is grimier than the next. Honestly one of the greatest, and most under rated, movies of the 80s. 

But here is the thing! its literally not until the very last line of dialogue that you realize Friedkin's genius in this flick. What you thought was the C story was actually the A story all along. 

""You're working for me now"" 

holy shit! Then it hits you - this movie was really about Vukovich being slowly, methodically corrupted and turned into another psycho just like his partner was. Bit by bit, step by step, he is lead along the way until its too late and now he has become the monster. 

Friedkin you son of a bitch!",2025-05-17T21:46:48Z,movies,movies,entertainment,Entertainment,[],0,159,56,,0.86,https://www.reddit.com/r/movies/comments/1kp47qx/to_live_and_die_in_la_1985_the_real_story_of_this/,Randomnonsense5,2025-05-21T10:58:41.580276Z
1kj3c1i,reddit,"""The Cat in the Hat"" (2003) is surrealist genius.","Okay, hear me out. *The Cat in the Hat* (2003) is not just a chaotic fever dream from our childhoods. It’s actually a brilliant piece of surrealist comedy and deserves way more credit than it gets.

First off, let’s talk about Mike Myers' performance. It’s absolutely unhinged in the best way. He takes the Cat beyond the page and turns him into a manic trickster god, bouncing between vaudeville humor, adult satire, and slapstick. He *knows* how ridiculous the whole thing is, and he leans into it hard. That self-awareness is what gives the film its edge.

Next, the set design and cinematography are insane in a good way. The film looks like a Dr. Seuss book exploded on a soundstage. The colors are bold, the architecture is twisted, and everything is slightly off-kilter. It creates this dreamlike, almost dystopian suburbia that mirrors the chaotic energy of the Cat himself. It’s visually unique in a way most kids’ films wouldn’t dare to be.

And yeah, it’s full of jokes that definitely weren't meant for kids, but that’s what makes it timeless. As a kid, it was all goofy fun. As an adult, it’s loaded with wild one-liners and surreal humor that feels closer to Adult Swim than Nick Jr.

Is it a faithful Dr. Seuss adaptation? No. But maybe it’s not supposed to be. Maybe it’s a cult film hiding in plain sight. A chaotic satire of consumerism, suburbia, and childhood boredom wrapped in a furry costume and a red-striped hat.

Rewatch it with fresh eyes. You might just realize it's genius in disguise.

Anyone else secretly love this movie?",2025-05-10T05:59:55Z,movies,movies,entertainment,Entertainment,[],0,162,49,,0.76,https://www.reddit.com/r/movies/comments/1kj3c1i/the_cat_in_the_hat_2003_is_surrealist_genius/,Giff95,2025-05-21T10:58:42.836276Z
1keb6in,reddit,Warfare.,"I just saw warfare, I’m gonna try and be as spoiler light as I can.. where do I start. Warfare is not a movie, it’s an experience. I have never in my life felt that overwhelmed and stressed by a movie. The sound design is unforgiving and overwhelming and loud. The movie barely has a story (compared to something like saving private Ryan or lone survivor), but it doesn’t need one. The point of the movie is not to tell you a riveting story about a squad that gets pinned down and makes a miraculous effort to escape. The point of this movie is to drag you to the deep end and try and drown you. With a run time of 1hr 35 minutes, it feels like it’s about 40 minutes long. You get so sucked in and feel like you are there. The movie is insanely fast paced. I love war movies, and this one might take the cake for the most intense and overwhelming war movie I’ve seen. 


I can see and appreciate where people come from if they say they don’t like it. There really isn’t a story, there’s not really a beginning, middle, or end to what you are watching. It just kind of starts. To me, this is why it’s called warfare.. that’s what you’ll witness watching it. That’s what it’s about. I think out of the entire cast my brain remembered two character names. 

Sorry for the long rant. Just finished watching it and just kinda trying to put together words for what I just experienced, if you enjoy the war movie genre, go see it. It’s worth it. I’m curious to hear opinions from people who have seen it as well. ",2025-05-04T04:09:19Z,movies,movies,entertainment,Entertainment,[],0,156,167,,0.79,https://www.reddit.com/r/movies/comments/1keb6in/warfare/,onorsworthy,2025-05-21T10:58:44.225174Z
1kmhpdc,reddit,Nine Inch Nails Announce Film-Score Composer Music Festival,,2025-05-14T15:13:23Z,movies,movies,entertainment,Entertainment,[],0,158,8,,0.92,https://www.stereogum.com/2307948/nine-inch-nails-announce-film-score-composer-music-festival-future-ruins/news/,LooseDistance1059,2025-05-21T10:58:46.398827Z
1keyhsy,reddit,Movies that were juuuust a bit too long.,"I love movies with ambiguous endings. Roger Dodger and 25th Hour spring to mind. If you like you can include Thelma and Louise or Butch Cassidy and the Sundance Kid, although I doubt thre’s much debate about the fate of those characters.

What movies do you think should have ended just before they did, making for an improved and ambiguous ending? I’ll nominate Shawshank Redemption, by about 40 seconds.",2025-05-05T00:16:01Z,movies,movies,entertainment,Entertainment,[],0,158,567,,0.75,https://www.reddit.com/r/movies/comments/1keyhsy/movies_that_were_juuuust_a_bit_too_long/,leftnotracks,2025-05-21T10:58:47.452538Z
1krlamh,reddit,Cloud Atlas: I love it,"Before watching it I heard people complain about it. Honestly, I cant see any of it. The soundtrack is beautiful, the acting was great (alright the race-changing make-up was kind of questionable), and I just loved each of the stories. One of the things I loved about the structure was each story had it's own charms and this is something controversial I will say: I feel like each could stand on it's own.",2025-05-21T01:00:15Z,movies,movies,entertainment,Entertainment,[],0,235,72,,0.85,https://www.reddit.com/r/movies/comments/1krlamh/cloud_atlas_i_love_it/,mrcopter2,2025-05-21T10:58:51.357825Z
1ko3czz,reddit,"IFC Picks Up Jason Segel, Samara Weaving’s ‘Over Your Dead Body’ directed by Jorma Taccone. Follows  a dysfunctional couple who head to a remote cabin to reconnect, but who secretly have a plan to kill the other.",,2025-05-16T15:14:07Z,movies,movies,entertainment,Entertainment,[],0,154,29,,0.91,https://www.hollywoodreporter.com/movies/movie-news/ifc-jason-segel-samara-weavings-over-your-dead-body-1236216542/,SafeBodybuilder7191,2025-05-21T10:58:52.960184Z
1kqoab8,reddit,"May 16-18 Box Office Recap – 'Final Destination: Bloodlines' debuts with a colossal $51M domestically and $105M worldwide, the best in the franchise. 'Hurry Up Tomorrow' flops with just $3.3M. 'Thunderbolts*' crosses $300M worldwide, but it's dropping faster than anticipated.","https://preview.redd.it/z1hsynpn7t1f1.png?width=1920&format=png&auto=webp&s=79ad3fdce57bfee2ec5ba408ed8fea55e0bf0778

This weekend, WB successfully resurrected another iconic horror franchise.

***Final Destination: Bloodlines*** easily topped the box office, achieving the best debut in the franchise by a wide margin. Meanwhile, the other wide release, ***Hurry Up Tomorrow***, flopped with one of the most front-loaded debuts in history.

The Top 10 earned a combined $101.3 million this weekend. That's up 11% from last year, when ***IF*** topped the box office.

Debuting on first place, WB/New Line's ***Final Destination: Bloodlines*** debuted with a fantastic $51.6 million this weekend. That's easily the franchise's biggest debut, passing ***The Final Destination*** ($27.4 million). In fact, within just 3 days, it's already the fourth biggest film in the franchise. By tomorrow, it will move to second place. And in a few days, it will pass the fourth film to become the biggest film in the franchise.

Not only that, but this was also higher than any of the ***Scream*** and ***Alien*** films. It's the 11th biggest debut for a horror film. Absolute craziness. That raises the question: how did the franchise jump from $27 million to $51 million? 

Simply put, ***Final Destination*** is one of the most iconic horror franchises of the century. How many people refused to board planes or drive behind log trucks because of these films? Quite a lot. The franchise allowed itself to find new audiences by releasing films with a good frequency: 2000, 2003, 2006, 2009, and 2011. And as each film is pretty much standalone (except maybe the second), everyone can jump into any point to watch these films.

Needless to say, the 14-year gap helped the film build anticipation and intrigue. The franchise has become very popular among Millennials and Gen Z, which are key demos for a horror film. The trailers did a fantastic job in showcasing everything everyone loves about these films: brutal and insane Rube Goldberg-style deaths. The franchise may have not been popular with critics, but they were won over with this one. It's sitting at a fantastic 93% on RT, suggesting that people should give this one a chance. And finally there might have been interest in seeing the late Tony Todd one last time in his role, no matter if it was a big or small role.

According to Warner Bros., 52% of the audience was male. We mentioned Millennials and Gen Z loved the franchise and the demos corroborate that; a massive 73% was 34 or under. They gave it a ""B+"" on CinemaScore, which is pretty good for a horror film, tying for the best in the franchise. There's some rough competition in the coming weeks, so it's unlikely it will hold incredibly well. Nevertheless, the film is already a hit. For now, we're projecting a $130 million domestic total for ***Final Destination: Bloodlines***. Expect WB to greenlight a sequel any minute now.

In second place, ***Thunderbolts*** dipped 49%, earning $16.6 million this weekend. That's not as bad as last week's drop, but it indicates ***Final Destination*** was bigger than expected competition. The film has amassed $155.5 million so far. The film is currently beating ***Captain America: Brave New World*** in daillies, although it remains $8 million behind. Depending on how much it drops against ***Lilo & Stitch*** and ***Mission: Impossible – The Final Reckoning***, there's a strong chance it could miss $200 million domestically. That'd be very disappointing.

In third place, ***Sinners*** was barely affected by the arrival of ***Final Destination***. It eased a light 31%, earning $15.2 million this weekend. One thing on its favor was that it regained some IMAX 70mm screens this weekend. It's slightly behind ***Thunderbolts***, but it looks like it will start gaining a lead; [on Thursday, it beat ***Thunderbolts*** by almost $200K.](https://www.the-numbers.com/box-office-chart/daily/2025/05/15) By next week, it could go ahead of it. The film has earned $240 million, and it's heading towards around $280 million lifetime.

***A Minecraft Movie*** dipped 22%, adding $5.9 million this weekend. The film has earned $416.7 million, and it should finish with around $430 million domestically.

In fifth place, ***The Accountant 2*** had another great hold. It eased just 29%, earning $4.7 million this weekend. The film has earned $58.8 million, and it should finish with over $65 million domestically.

Debuting in sixth place, Lionsgate's ***Hurry Up Tomorrow*** flopped with an awful $3.3 million in 2,020 theaters.  That's one of the weakest debuts for any film playing at over 2,000 theaters. That's even worse than Jenna Ortega's ***Death of a Unicorn*** ($5.7 million), which was another failure a few months ago. It's not even Trey Edward Shults' best debut as director, as it's barely half of what ***It Comes at Night*** ($5.9 million) made back in 2017.

The one question everyone should be asking right now: is anyone remotely surprised by this? OP here certainly doesn't. The Weeknd may be popular (he's the third most popular singer on Spotify with 116 million monthly listeners), but he's no stranger to flops. Back in 2023, he released the critically panned HBO series ***The Idol***, which was cancelled after ending its 5-episode run. There's been reports that he changed the series' original premise, mainly because it was ""heading too much into a female perspective.""

So what was his next move? A companion film piece to the album of the same name. But that set a challenge: it meant that the film would appeal to no one outside The Weeknd's fanbase. Jenna Ortega and Barry Keoghan are well respected actors, but they're not immune to failure either. And while the presence of an acclaimed filmmaker like Trey Edward Shults aliviated some concerns regarding the quality, it turns out it was all for nothing; the film is currently sitting at a horrible 16% on RT. Turns out we were witnessing ***The Idol 2.0***, except this time it was in theaters.

Finally, the one thing that makes this debut worse than it already is: how front-loaded it was. The film earned $1.65 million in Wednesday and Thursday previews. It made just $684,959 on Friday, followed by steep drops on Saturday and Sunday. Basically, its Friday ($2.3 million) represented a colossal 70% of its weekend gross. This NEVER happens, pals. NEVER. [The makes it the second most front-loaded film in history](https://www.the-numbers.com/box-office-records/domestic/all-movies/legs/front-loaded-opening-weekend), where most of the top spots belong to Indian films. What does this mean? What was previously said: it was for Weeknd fans, and Weeknd fans only. Zero appeal beyond that. Ouch.

According to Lionsgate, 55% of the audience was female, and 44% of the audience was in the 18-24 demographic. Critics annihilated the film, and the audience agreed. They gave it a horrible ""C–"" on CinemaScore, incredibly poor word of mouth. And that's when The Weeknd's fanbase is already boosting the grade. Seeing how front-loaded it was, the film will finish with just $5 million domestically. That's 0/2 for The Weeknd's career as leading actor. Save your tears for another day.

After its incredible start in 6 theaters last week, A24 expanded ***Friendship*** to 60 theaters. The result? It managed to crack the seventh spot, with a pretty great $1.4 million this weekend. That's a strong $23,338 per-theater average, which is the best of the weekend. Through 10 days in limited release, the film has already earned $2 million. Now its true test begins this week, when A24 expands it into wide release.

***Clown in a Cornfield*** was deeply affected by ***Final Destination***. It collapsed 63%, earning $1.3 million this weekend. Through 10 days, the film has made $6.3 million so far.

Facing the wrath of ***Final Destination***, Sony's ***Until Dawn*** collapsed 58%, adding $811,159. The film's domestic total stands at $19.6 million, and it only has $2 million left in the gas (at most).

Rounding up the Top 10 was 20th Century Studios' ***The Amateur***. It dipped 38%, adding $724,688. The film has made $40.1 million so far.

#**OVERSEAS**

Death was also welcome in the rest of the world.

***Final Destination: Bloodlines*** outperformed projections, debuting with a fantastic $54 million overseas, for a $105 million worldwide debut. It's already the highest grossing film in the franchise in so many countries after just one weekend. The best debuts were in Mexico ($5.5M), the UK ($5.3M), Philippines ($3.4M), India ($3M) and France ($3M). This is an easy profit here, ladies and gentlemen. Look for the film to finish with over $250 million worldwide, and it could get close to $300 million assuming it holds well against the incoming competition.

***Thunderbolts*** took another rough drop this week. It dropped 54% and added $15.7 million overseas, taking its worldwide total to $325 million. The best markets are the UK ($18.4M), China ($15.2M), Mexico ($13.7M), France ($8.6M) and Australia ($7.8M). We have to face reality: this is not good at all. It's not holding very well, and competition is incoming. Right now, the film will probably finish below $400 million. This is flop territory. 

***A Minecraft Movie*** added $8.3 million this weekend, taking its worldwide total to $929 million. The best markets are the UK ($72.1M), Germany ($37.6M), Australia ($34.6M), Mexico ($32.5M) and China ($28.7M). Right now, it looks like the billion milestone is unlikely.

***Sinners*** added $3.8 million this weekend, allowing the film to cross $300 million worldwide, three times its budget. The domestic market is doing all heavy lifting (75.9%), but at the end of the day, it's a hit. 

#**FILMS THAT ENDED THEIR RUN THIS WEEK**

Movie | Release Date | Studio | Domestic Opening | Domestic Total | Worldwide Total | Budget |
----------|----------|----------|:--------:|:--------:|:--------:|:--------:
*Drop* | Apr/11 | Universal | $7,397,015 | $16,600,805 | $28,355,317 | $11M

- Can anyone check for signs of life on Blumhouse? Cause ***Drop*** closed with an underwhelming $28 million worldwide. That's incredibly weak, and it's one of their worst performers ever. The budget may have been $11 million, but it still had an extensive marketing campaign. For the film to not hit $30 million is simply terrible. Considering this, ***The Woman in the Yard*** and ***Wolf Man*** all underwhelmed, Blumhouse really needs to reconsider whatever the hell it's doing. 

#**THIS WEEKEND**

Brace yourselves, for we're heading for perhaps the best Memorial Day weekend in history, thanks to two films.

The first is Disney's ***Lilo & Stitch***, their latest live-action remake. The original earned $273 million worldwide back in 2002, and its popularity has grown in the past years. Thanks to an incredible marketing campaign, high interest (it's Disney's second-most viewed live-action film trailer) and incredibly strong pre-sales, ***Lilo & Stitch*** will easily break some records this weekend.

The other release is Paramount's ***Mission: Impossible – The Final Reckoning***. It's the eighth film in the franchise, although both Tom Cruise and Christopher McQuarrie claim it won't necessarily end the franchise. Still, Paramount has built a big marketing campaign, selling the film with the ""one last time"" angle. They're not scared of going against ***Lilo & Stitch***, as ***The Final Reckoning*** has an exclusive 3-week IMAX run. It has already premiered in Cannes, where reviews are positive but not as strong as prior installments (81% on RT, 69 on Metacritic). Due to an insane amount of delays (due to the strikes and COVID), the budget has ballooned all the way to $400 million. Paramount may have to accept the film won't recoup all that investment in theaters. Nevertheless, considering they're selling the film as the final one, the very least it should do is be the highest grossing film in the franchise (***Fallout*** is top with $791 million). But will it?

#**ANNOUNCEMENT**

As Memorial Day delays actuals by a day, the post will go up on Tuesday.

____________________________________________________________________________________________

If you're interested in following the box office, come join us in r/BoxOffice.",2025-05-19T21:49:33Z,movies,movies,entertainment,Entertainment,[],0,154,76,,0.88,https://www.reddit.com/r/movies/comments/1kqoab8/may_1618_box_office_recap_final_destination/,SanderSo47,2025-05-21T10:58:54.105751Z
1kgou5p,reddit,"First Poster for Comedy Sci-Fi 'Tim Travers & the Time Travelers Paradox' - Starring Samuel Dunning, Joel McHale, Felicia Day, Danny Trejo, Keith David - A mad genius travels to the past to try to kill himself in order to solve the Time Traveler's Paradox.",,2025-05-07T04:32:21Z,movies,movies,entertainment,Entertainment,[],0,150,34,,0.86,https://i.redd.it/lw7dxymefaze1.jpeg,BunyipPouch,2025-05-21T10:58:55.688476Z
1kg07z5,reddit,Who is the most forgotten 90s celebrities in Hollywood after they did well and amazing in the 90s?,"Since I done the 80s now I am doing the 90s for the celebrities who were incredible but are completely forgotten afterwards, so in my opinion I think David Strickland was a struggling actor and he wasn't very popular but had a less few hits of TV shows but he sadly passed away in 1999. 

Another one was Rachel Leigh Cook was another successful in the 90s thanks to her film with Freddie Prize Jr, she was so good but until the early 2000s.

Even some of the American Pie actress like Shannon Elizabeth, she was popular for that film and some others but then suddenly in the early 2000s she became forgotten and vanished.

Well who else is on this list you remember that became forgotten after their serveal successful films they been in well any suggestions about this?
",2025-05-06T09:27:49Z,movies,movies,entertainment,Entertainment,[],0,153,501,,0.79,https://www.reddit.com/r/movies/comments/1kg07z5/who_is_the_most_forgotten_90s_celebrities_in/,JazzlikeTea7432,2025-05-21T10:58:56.891915Z
1k75qcp,reddit,'Friday the 13th Part VII’ Star Lar Park Lincoln Has Passed Away,,2025-04-24T22:47:54Z,movies,movies,entertainment,Entertainment,[],0,151,8,,0.88,https://bloody-disgusting.com/news/3865708/friday-the-13th-part-vii-star-lar-park-lincoln-has-passed-away/,verissimoallan,2025-05-21T10:59:00.287710Z
1kgw3kw,reddit,Paradise Records (Official Movie Trailer),,2025-05-07T12:28:13Z,movies,movies,entertainment,Entertainment,[],0,150,47,,0.82,https://youtu.be/NLKJFz01F5A?si=fVhhB68GR69odAwW,Lucky_Chaarmss,2025-05-21T10:59:01.293591Z
1k5yh2a,reddit,What poorly received movies were/are ahead of their time?,"I watched Under the Silver Lake a couple months ago even after seeing how poor and mixed the reviews were. It exceeded my expectations massively, the mystery elements matched with the dream-like plot makes it one of the most original movies I’ve seen in a long time. I feel like in the next decade or two it will be held in a much higher regard. 

What other poorly received movies were/are ahead of their time? ",2025-04-23T12:56:27Z,movies,movies,entertainment,Entertainment,[],0,149,345,,0.84,https://www.reddit.com/r/movies/comments/1k5yh2a/what_poorly_received_movies_wereare_ahead_of/,FilmWaffle-FilmForum,2025-05-21T10:59:02.483778Z
1kcgl3r,reddit,Movies that Actually Changed You,"I need some good movie recommendations. Like, really good movies across all genres. Movies that had you in a chokehold/so transfixed it changed your perception of life. Movies that you still think about.

Thanks. I'm in a strange place in my life right now and I just need a list of films to binge and obsess over.👍


(Or TV shows, if you will.)",2025-05-01T18:56:20Z,movies,movies,entertainment,Entertainment,[],0,146,564,,0.83,https://www.reddit.com/r/movies/comments/1kcgl3r/movies_that_actually_changed_you/,Holiday-Plan4458,2025-05-21T10:59:06.130369Z
1kazj6l,reddit,Netflix is streaming a showcase of Hitchcock’s greatest films this June | The streamer is also teaming up with the Paris Theater in New York City to put on a series of theatrical screenings,,2025-04-29T21:29:16Z,movies,movies,entertainment,Entertainment,[],0,147,7,,0.92,https://www.theverge.com/news/658321/netflix-hitchcock-movie-showcase-paris-theater,DubiousLLM,2025-05-21T10:59:09.509954Z
1kaevck,reddit,Who is the coolest movie character of all-time?,"Top 2 that come to mind are of course owned by the great Harrison Ford -- Han Solo and Indiana Jones. 

I'd throw Ian McKellan in the ring for Gandalf. 

Tom Cruise as Ethan Hunt is extra awesome in a way where his awesomeness is bolstered by knowing the fact that Cruise does so many of the stunts; helps envelop you into the movie...

Who is at the top of your list?",2025-04-29T03:51:10Z,movies,movies,entertainment,Entertainment,[],0,146,614,,0.74,https://www.reddit.com/r/movies/comments/1kaevck/who_is_the_coolest_movie_character_of_alltime/,ITS_GOOD_FOR_YOU,2025-05-21T10:59:10.822519Z
1kq9ne6,reddit,Wes Anderson Teases Next Project With Richard Ayoade & Roman Coppola – Cannes,,2025-05-19T11:48:20Z,movies,movies,entertainment,Entertainment,[],0,149,24,,0.86,https://deadline.com/2025/05/wes-anderson-next-movie-richard-ayoade-roman-coppola-cannes-1236404089/,NoCulture3505,2025-05-21T10:59:14.518650Z
1koylpu,reddit,Sylvain Chomet announces he's working on a Triplets of Belleville sequel,,2025-05-17T17:38:04Z,movies,movies,entertainment,Entertainment,[],0,148,15,,0.88,https://www.hollywoodreporter.com/movies/movie-news/sylvain-chomet-marcel-pagnol-cannes-film-a-magnificent-life-1236219593/,andalusiandoge,2025-05-21T10:59:16.064750Z
1kkwlls,reddit,‘Fury Road’ Co-Stars Zoë Kravitz And Nicholas Hoult Reuniting On David Leitch’s Next Film ‘How To Rob A Bank’ At Amazon MGM Studios,,2025-05-12T16:15:55Z,movies,movies,entertainment,Entertainment,[],0,146,9,,0.87,https://deadline.com/2025/05/zoe-kravitz-nicholas-hoult-how-to-rob-a-bank-1236392274/,ChiefLeef22,2025-05-21T10:59:17.089946Z
1kgdsbh,reddit,Nocturnal Animals (2016) has stuck with me more than I ever expected it to. *SPOILERS*,"A few days ago I watched Nocturnal Animals after seeing JG and Michael Shannon in the cast and I'll watch anything with those two in it. My god I never expected to be rattled this much. Not by the actual events that take place but the fictional ones. 
The initial scene where Tony's (Edward's book character/self) family gets run off the road by a couple cars full of seemingly drunk losers and the events of that whole portion have stuck in my mind more than any movie scene has in a while. Aaron Taylor Johnson absolutely stole the show and managed to make me despise his character more than any villain I've seen in the past year or two. Just the pure evil behind his eyes and the way he toys with Tony and his family is absolutely terrifying. He haunts this entire movie. 
I'm struggling to describe the way it makes me feel but God damn if this movie wasn't great. I enjoyed the irl portion as well but the book scenes blew me away. ",2025-05-06T19:46:38Z,movies,movies,entertainment,Entertainment,[],0,142,59,,0.89,https://www.reddit.com/r/movies/comments/1kgdsbh/nocturnal_animals_2016_has_stuck_with_me_more/,Intelligent_Barber47,2025-05-21T10:59:18.130696Z
1k8xqxr,reddit,"Just discovered Tubi and I re-watched the 2011 movie ""Paul""...So many laughs, so many re-discovered homages. It is just brilliant.","[https://en.wikipedia.org/wiki/Paul\_(2011\_film)](https://en.wikipedia.org/wiki/Paul_(2011_film))

I love Sigourney Weaver as a villain. She does it so well! (Also in [*The Cabin in the Woods*](https://en.wikipedia.org/wiki/The_Cabin_in_the_Woods))

But when she says ""Step aside, f\*g!"" to Nick Frost's nerd character...It just made me howl with laughter even though I've always identified as a gay nerd.

Edit: (spoilers!) [https://youtu.be/DicS-Rxjt9I?t=48](https://youtu.be/DicS-Rxjt9I?t=48)

That's odd, isn't it? I'm still trying to process it.

When the same term is used in other mainstream movies (like [*Teen Wolf*](https://en.wikipedia.org/wiki/Teen_Wolf)) it seems offensive.

What do you think?

Also...Jason Bateman is a terrific actor, but I forgot how frickin' long he has been acting until I accidentally stopped on Pluto TV's ""Little House on the Prairie"" channel and there he was as a kid.",2025-04-27T06:47:23Z,movies,movies,entertainment,Entertainment,[],0,141,68,,0.75,https://www.reddit.com/r/movies/comments/1k8xqxr/just_discovered_tubi_and_i_rewatched_the_2011/,BigglesFlysUndone,2025-05-21T10:59:19.478438Z
1kpcb94,reddit,"Can someone recommend movies that give us a ""we're really screwed"" feeling?","Can someone recommend movies where you can truly feel the situation is dire and humanity has almost zero hope? Like ""Dawn of the Dead"" (both the remake and original capture this feeling really well) and ""The Crossed"" (although it's a comic). I've seen many apocalyptic movies, but rarely have I seen ones that capture this feeling so effectively.",2025-05-18T05:09:30Z,movies,movies,entertainment,Entertainment,[],0,142,288,,0.83,https://www.reddit.com/r/movies/comments/1kpcb94/can_someone_recommend_movies_that_give_us_a_were/,Far-Relation9962,2025-05-21T10:59:21.180849Z
1kp2fls,reddit,"‘Dangerous Animals’ Review: A Great, White-Knuckle Horror Movie Featuring a Shark-Obsessed Serial Killer",,2025-05-17T20:25:32Z,movies,movies,entertainment,Entertainment,[],0,138,20,,0.84,https://variety.com/2025/film/reviews/dangerous-animals-review-shark-1236401561/,Contcos,2025-05-21T10:59:23.921061Z
1kkorwz,reddit,What is your go-to comfort movie?,"I’m pretty sure most people have a movie they watch whenever they need some comfort. It doesn’t necessarily have to be a “feel good” movie either, just something that helps you switch off and enjoy the moment. 

Mine is far from perfect but Grown Ups (2010) has always been my go-to comfort movie. It’s cheesy but that’s part of what makes it so much fun. ",2025-05-12T10:05:28Z,movies,movies,entertainment,Entertainment,[],0,140,573,,0.88,https://www.reddit.com/r/movies/comments/1kkorwz/what_is_your_goto_comfort_movie/,FilmWaffle-FilmForum,2025-05-21T10:59:25.218099Z
1krgjex,reddit,Movies that freaked you out as a child.,"I have two. The first is Jaws. Really did a number on me. I must have been four when I saw it. When I was six my family went to the ocean (I’m from Nebraska) and I wouldn’t go in it unless I was on my sister’s shoulders. Apparently I was okay with her getting eaten by a shark as long as I had time to swim to shore. The second is Heavy Metal. As a little kid only familiar with Bugs Bunny and Daffy Duck it was quite a shock to see such violence, nudity, and adult themes in animation. It left me with a weird sticky feeling inside. Those are my two. What are yours?",2025-05-20T21:19:35Z,movies,movies,entertainment,Entertainment,[],0,225,845,,0.91,https://www.reddit.com/r/movies/comments/1krgjex/movies_that_freaked_you_out_as_a_child/,ObjectPhysical6676,2025-05-21T10:59:28.778010Z
1keo3pd,reddit,Scarface (1983): Was Elvira genuinely in love with Tony or was she just using him?,"I think Elvira didn't know what love was, even if she tried to. Let's be honest, she left Tony because she could see the writing on the wall, he was headed to a tragic end and she wasn't going to stay and end up made into swiss cheese alongside the self destructive Tony.

Every relationship she had was a business exchange with the purpose of leaving her protected and safe. That was her arrangement with Frank and it was now Tony and Tony knew that and that's why he treated her like crap because he wanted her to be like Gina but she was just a tramp looking to be a kept woman. 

The sad thing is that Tony ended up losing the two people who loved him for who he was: Manny, his best friend, whom he killed out of a sense of betrayal, and Gina, who hated his guts before dying. 

Elvira was the smart one because she got off the bus before the crash but not before telling Tony off for how he treated her.",2025-05-04T16:37:23Z,movies,movies,entertainment,Entertainment,[],0,138,54,,0.84,https://www.reddit.com/r/movies/comments/1keo3pd/scarface_1983_was_elvira_genuinely_in_love_with/,Davis_Crawfish,2025-05-21T10:59:32.553845Z
1k7r836,reddit,IMAX Returns to Chicago - AMC Theaters Opening New Theater (Roosevelt 16) in Downtown Today - Fully Renovated with New Dolby & IMAX Screen,,2025-04-25T17:50:25Z,movies,movies,entertainment,Entertainment,[],0,134,10,,0.88,https://chicago.suntimes.com/news/2025/04/23/amc-imax-movie-theatre-theater-roosevelt-collection-icon,BunyipPouch,2025-05-21T10:59:33.864739Z
1knp4qs,reddit,Paramount’s ‘Mission: Impossible’ Secures China Release Date,,2025-05-16T01:39:04Z,movies,movies,entertainment,Entertainment,[],0,134,26,,0.86,https://www.bloomberg.com/news/articles/2025-05-16/paramount-s-mission-impossible-secures-china-release-date,BunyipPouch,2025-05-21T10:59:35.152816Z
1kmktew,reddit,‘The White Lotus’ & ‘Sex Education’ Star Aimee Lou Wood Joins Angelina Jolie In ‘Anxious People’ With Black Bear & WME Selling At Cannes Market,,2025-05-14T17:17:12Z,movies,movies,entertainment,Entertainment,[],0,138,1,,0.85,https://deadline.com/2025/05/aimee-lou-wood-joins-angelina-jolie-anxious-people-cannes-1236397598/,NoCulture3505,2025-05-21T10:59:36.418184Z
1kr71no,reddit,Whac-A-Mole Film in Development From Mattel and TriStar Pictures,,2025-05-20T15:00:55Z,movies,movies,entertainment,Entertainment,[],0,153,129,,0.76,https://variety.com/2025/film/news/whac-a-mole-movie-mattel-tristar-1236404020/,NoCulture3505,2025-05-21T10:59:37.451294Z
1kfvr7d,reddit,"Final released Tony Todd flick - shot in 2005, film thought missing or destroyed.  Negatives found and released 5/1/2025","Just starting it.  Enjoy!

[Cutter's Club on TUBI](https://tubitv.com/movies/100039678/cutter-s-club)

[IMDB - no reviews yet](https://www.imdb.com/title/tt36727311/?ref_=nm_flmg_job_1_cdt_c_1)

Horror icon [Tony Todd](https://www.imdb.com/name/nm0865302/?ref_=ttpl) stars in this ""lost"" Full Moon film, a gory sci-fi-fueled horror/thriller from director [Charles Band](https://www.imdb.com/name/nm0023929/?ref_=ttpl) that sees a pair of young student doctors getting involved in a secret society of surgery fetishists and monster makers called the ""Cutters Club"", overseen by the maddest of doctors. Creatures, carnage, mayhem and macabre malpractice combine in this maniacal movie, brought back from the brink of oblivion to take its rightful place as Todd's fevered cinematic swan song.

RIP CandyMan

edit:  Viewed last night.  No spoilers, but this is pure Tony Todd!

",2025-05-06T04:14:30Z,movies,movies,entertainment,Entertainment,[],0,135,14,,0.85,https://www.reddit.com/r/movies/comments/1kfvr7d/final_released_tony_todd_flick_shot_in_2005_film/,Suspicious_Abroad484,2025-05-21T10:59:39.275482Z
1kofh38,reddit,Deepwater Horizon (2016) has some insane performances,"Okay, I found this movie totally by accident and decided to check it out, expecting an Armageddon-like disaster movie with stock characters and situations. While some of those do exist, this movie blew me away. 

Malkovich as the sleazy corporate guy valuing money over safety was one of the most effortlessly hateable performances I’ve ever seen outside of actual violent, sociopathic villains. 

Russell also delivers, with these chilling silent stares throughout the film that perfectly convey his disgust and contempt without saying a word.  

And then just when I thought I had seen it all, Mark Wahlberg of all people makes me cry. I can’t remember the last time I cried during a movie. His performance was a total gut punch, every moment authentic, and it’s some of the hands down best acting I’ve seen from him.

Man, what a rush this movie was. Unexpected viewing pleasure. ",2025-05-16T23:52:38Z,movies,movies,entertainment,Entertainment,[],0,137,32,,0.82,https://www.reddit.com/r/movies/comments/1kofh38/deepwater_horizon_2016_has_some_insane/,Melementalist,2025-05-21T10:59:40.311865Z
1khaqph,reddit,"First Poster for Apple's Thriller 'Echo Valley' - Starring Sydney Sweeney, Julianne Moore, Domhnall Gleeson, Kyle MacLachlan, and Fiona Shaw - A daughter arrives to her mother's farmhouse trembling, frightened, and covered in someone else's blood. - From 'Mare of Eastown' Writer",,2025-05-07T22:38:01Z,movies,movies,entertainment,Entertainment,[],0,133,23,,0.81,https://i.redd.it/o8dhfhrftfze1.jpeg,BunyipPouch,2025-05-21T10:59:41.393354Z
1kfjbkg,reddit,Steven Soderbergh’s Advice to First-Time Filmmakers,,2025-05-05T18:40:51Z,movies,movies,entertainment,Entertainment,[],0,130,26,,0.84,https://www.indiewire.com/features/interviews/steven-soderbergh-first-feature-film-advice-1235119439/,indiewire,2025-05-21T10:59:42.908628Z
1k9b4oo,reddit,"What Weird, Quirky Movies Do You Love?","I'm talking about movies that don't have a big budget or even a genre. Any quirky gems you'd like to talk about? I'll start. 

The Brass Teapot (2012) - One of my favorite movies for misanthropes. God Bless America is the top of that list for me. 

Safety Not Guaranteed (2012) - Scifi? Romantic Comedy? Aubrey Plaza. I'm in. 

Anna and the Apocalypse (2017) - Such a fun take on the zombie genre. 

Vampires vs the Bronx (2020) - Great horror-ish comedy. 

So many others I can't remember. Seems like 2010 - 2020 what the sweet spot for this weirdness. 

Edit - Wow! I love Reddit. So many great recommendations here. I've seen a few, but not many. 

Also forgot one of my favorites, Lars and the Real Girl (2007) ",2025-04-27T18:40:48Z,movies,movies,entertainment,Entertainment,[],0,129,363,,0.9,https://www.reddit.com/r/movies/comments/1k9b4oo/what_weird_quirky_movies_do_you_love/,leogodin217,2025-05-21T10:59:44.041813Z
1k8mego,reddit,What movie has stuck with you the longest after watching it?,"Some movies end and you move on but others stick in your mind for days, weeks, or even years. Whether it’s the powerful storytelling, breathtaking visuals, or unforgettable characters. What made it stand out for you, was it the ending, a particular scene, or the overall theme/message? and how has it stayed with you since?",2025-04-26T20:29:01Z,movies,movies,entertainment,Entertainment,[],0,129,360,,0.84,https://www.reddit.com/r/movies/comments/1k8mego/what_movie_has_stuck_with_you_the_longest_after/,N/A,2025-05-21T10:59:46.880046Z
1k64b4q,reddit,"Antonio Banderas Joins Dominic Sessa In Anthony Bourdain Pic ‘Tony’ From A24, Star Thrower And Zapruder Films",,2025-04-23T17:00:32Z,movies,movies,entertainment,Entertainment,[],0,134,11,,0.86,https://deadline.com/2025/04/antonio-banderas-dominic-sessa-anthony-bourdain-tony-a24-1236374654/,NoCulture3505,2025-05-21T10:59:50.089892Z
1kksi77,reddit,"Hi /r/movies - We are David Mamet (director & writer), Evan Jonigkeit (actor, 'X-Men', 'Bone Tomahawk'), Chris Bauer (actor, 'The Wire', 'Thunderbolts*'). Our new film, HENRY JOHNSON, is out now. David's previous work includes 'Glengarry Glen Ross', 'The Verdict', 'Hannibal', more. Ask us anything!","Hi r/movies \- We are David Mamet (director & writer), Evan Jonigkeit (actor, 'X-Men', 'Bone Tomahawk'), Chris Bauer (actor, 'The Wire', 'Thunderbolts\*'). Our new film, HENRY JOHNSON, is out now. David's previous work includes 'Glengarry Glen Ross', 'The Verdict', 'Hannibal', more. Ask us anything!

Our movie can be found at [henryjohnsonmovie.com](http://henryjohnsonmovie.com)

HENRY JOHNSON also co-stars Shia LaBeouf.

Trailer:

[https://www.youtube.com/watch?v=\_5u0INUpDBU&pp=ygUVaGVucnkgam9obnNvbiB0cmFpbGVy](https://www.youtube.com/watch?v=_5u0INUpDBU&pp=ygUVaGVucnkgam9obnNvbiB0cmFpbGVy)

Synopsis:

A man seeks his moral compass while meeting authority figures, including his future cellmate Gene.

We'll be back at 2 PM ET today to answer your questions. Ask us anything.",2025-05-12T13:27:46Z,movies,movies,entertainment,Entertainment,[],0,131,219,,0.8,https://i.redd.it/74thub0yqc0f1.png,HenryJohnsonAMA,2025-05-21T10:59:51.111278Z
1klfkzb,reddit,"Michael Cera To Make Directorial Debut With ‘Love Is Not The Answer’ Starring Pamela Anderson, Steve Coogan, Fred Hechinger & Jamie Dornan",,2025-05-13T07:02:08Z,movies,movies,entertainment,Entertainment,[],0,132,12,,0.84,https://deadline.com/2025/05/michael-cera-directorial-debut-pamela-anderson-steve-coogan-1236394254/,Sisiwakanamaru,2025-05-21T10:59:53.606142Z
1kczr85,reddit,"Billy Magnussen, Ella Purnell and Ariana Greenblatt to Star in Teen Comedy ‘Hot Ted’ From ‘SNL’ Alum Hannah Levy, Protagonist Launching in Cannes (EXCLUSIVE)",,2025-05-02T12:29:56Z,movies,movies,entertainment,Entertainment,[],0,125,5,,0.85,https://variety.com/2025/film/global/billy-magnussen-ariana-greenblatt-ella-purnell-hot-ted-1236382534/,SafeBodybuilder7191,2025-05-21T10:59:54.614125Z
1kh0isj,reddit,Dangerous Animals - Official trailer - Sean Byrne's serial killer shark movie,,2025-05-07T15:41:24Z,movies,movies,entertainment,Entertainment,[],0,126,42,,0.82,https://www.youtube.com/watch?v=WR2btzjmmuc,johntentaquake,2025-05-21T10:59:55.935365Z
1k8hkii,reddit,What’s a movie you went into with low expectations but ended up loving?,"I feel like some of the best movie experiences happen when you dont expect much and then the film completely surprises you
Maybe it was something you thought would be cheesy boring or just not your style but it ended up becoming a favorite
Curious to hear what movies totally caught you off guard in a good way",2025-04-26T16:56:13Z,movies,movies,entertainment,Entertainment,[],0,129,612,,0.79,https://www.reddit.com/r/movies/comments/1k8hkii/whats_a_movie_you_went_into_with_low_expectations/,N/A,2025-05-21T10:59:57.162673Z
1korzxk,reddit,"I see more complaints on CGI quality than (mostly) anything else, what recent movies have had good CGI?","Seems like the most common feedback on an any new movie/trailer is that the CGI is bad.

I know a lot of times in trailers that the CGI is not complete and then the final product and that it always ends up looking better, but even then still seemingly always complaints.

My question is, by industry standards which movies over the last ~10 years are used as an example of good CGI?



",2025-05-17T12:38:01Z,movies,movies,entertainment,Entertainment,[],0,128,267,,0.77,https://www.reddit.com/r/movies/comments/1korzxk/i_see_more_complaints_on_cgi_quality_than_mostly/,TonyWonder18,2025-05-21T11:00:01.000170Z
1k5evq0,reddit,Going to the movies by myself has become one of my favorite things to do,"In recent weeks I have seen two different movies (Drop and Warfare) on my own. As much as I do like going to the movies with people to of course be able to react to things together, there is something I have really started to enjoy about going by myself. 

It’s almost like de-stressing after a long day where you just don’t want to have to talk to anyone and can sit in a dark theater, enjoy a snack and watch the film. 

I’m not even necessarily super introverted it’s just become my thing, does anyone else enjoy this? 

Also another part of it is if there is a movie you want to see that others don’t, I don’t think you should be stopped from watching it. ",2025-04-22T19:16:40Z,movies,movies,entertainment,Entertainment,[],0,126,39,,0.9,https://www.reddit.com/r/movies/comments/1k5evq0/going_to_the_movies_by_myself_has_become_one_of/,Askanything236,2025-05-21T11:00:03.894797Z
1kh9kay,reddit,Scarlett Johansson Says That Genre Films Are Easier to Finance than Indies,,2025-05-07T21:46:13Z,movies,movies,entertainment,Entertainment,[],0,125,34,,0.75,https://www.indiewire.com/news/general-news/scarlett-johansson-subpar-genre-films-easier-finance-indie-1235121129/,indiewire,2025-05-21T11:00:05.226870Z
1klikl1,reddit,"HanWay has unveiled an image of Werner Herzog’s ‘Bucking Fastard’, starring sisters Rooney and Kate Mara",,2025-05-13T10:32:55Z,movies,movies,entertainment,Entertainment,[],0,120,12,,0.87,https://www.screendaily.com/news/hanway-unveils-first-look-at-werner-herzogs-bucking-fastard/5204867.article,Sisiwakanamaru,2025-05-21T11:00:06.451092Z
1kn7yju,reddit,Favorite movie lines dubbed for TV?,"My favorite dubbed for TV lines from a movie come from The Big Lebowski.

While destroying the sports car with a bat, Walter yells ""this is what happens Larry, this is what happens when you fuck a stranger in the ass""


However on Comedy Central the line is ""this is what happens Larry, this is what happens when you find a stranger in the alps""

I just find this dubbing to be absolutely hilarious.

What's yours?",2025-05-15T13:16:36Z,movies,movies,entertainment,Entertainment,[],0,122,173,,0.86,https://www.reddit.com/r/movies/comments/1kn7yju/favorite_movie_lines_dubbed_for_tv/,jcheese27,2025-05-21T11:00:07.462088Z
1kis4bp,reddit,Nicolas Cage's Jesus-Christ-Horror-Thriller 'The Carpenter's Son' Movie Sells To Magnolia Pictures - Planning Late 2025 Theatrical Release - Also Starring FKA Twigs & Noah Jupe,,2025-05-09T20:14:21Z,movies,movies,entertainment,Entertainment,[],0,124,43,,0.85,https://deadline.com/2025/05/nicolas-cage-the-carpenters-son-magnolia-1236391880/,BunyipPouch,2025-05-21T11:00:09.508963Z
1ki3mpp,reddit,"Sing Street (2016) is a perfect ""feel good"" movie","Sing Street (2016) is my favorite ""feel good"" movie and I believe it is a perfect one. 

For anyone who has not seen it, Sing Street is a musical set in Ireland in the 80s. It follows a young kid who has a lot of negativity going in in his life. He meets a girl he starts to like and creates a band to impress her. 

I think Sing Street succeeds where many ""feel good"" movies struggle. Many of these movies have a character with certain struggles in their life but in the end they are able to overcome them and change. However my issue with these turns are often that they (as well as the plot of the movie) ventures into ""fantasy"" land. The character actions are outlandish and over the top. Moreover, there are no consequences for these outlandish actions. I understand that the feeling associated with these actions are supposed to be a sense of control but more importantly freedom. However, they always make my wish that I could get a sobering but optimistic conclusion. 

This is exactly where Sing Street succeeds. For one, it is able to leverage it musical genre (which blends well with fantastical elements) to heighten the reality and get a but not outlandish without sacrificing the grounding emotional core of the situation. Moreover, the film ends at just the right point where we do not see a character get into trouble but be happy or completely improve their life. Instead we see an ending where that can be defined as ""potential for improvement"" rather than actual improvement. I really enjoy this framing because it emphasizes the character choices and struggles over the actual end result of their actions. And that makes me feel good. 

There's more to the movie that makes it a perfect ""feel good"" movie but this is one that I really like. So all in all, I love Sing Street and I think everyone should watch it. ",2025-05-08T22:50:50Z,movies,movies,entertainment,Entertainment,[],0,126,36,,0.86,https://www.reddit.com/r/movies/comments/1ki3mpp/sing_street_2016_is_a_perfect_feel_good_movie/,Typical_Wishbone7678,2025-05-21T11:00:10.778142Z
1kgta2e,reddit,"'The Lord of the Rings' Trilogy Weekender Announced for Films in Concert 2026 at the Royal Albert Hall, London",,2025-05-07T09:40:53Z,movies,movies,entertainment,Entertainment,[],0,125,12,,0.87,https://theartsshelf.com/2025/05/07/the-lord-of-the-rings-trilogy-weekender-announced-for-films-in-concert-2026-at-the-royal-albert-hall/,Phantom90AG,2025-05-21T11:00:11.943666Z
1k9m2j1,reddit,What’s a movie that hit a little too close to home for you?,"What is a film that you watch that when you watch it you feel like it is narrating something that has happened in your life: whether a difficult breakup, something impactful, just something in general that when you watch it you can truly connect and feel the emotions?
  

(And why?) I feel like movies and music are so incredibly relatable that I’d like to hear which maybe you were a little too close for comfort ",2025-04-28T03:26:38Z,movies,movies,entertainment,Entertainment,[],0,122,334,,0.86,https://www.reddit.com/r/movies/comments/1k9m2j1/whats_a_movie_that_hit_a_little_too_close_to_home/,Askanything236,2025-05-21T11:00:13.046630Z
1ko7f3q,reddit,"What are facts you've gathered from movies that probably aren't even true, but you assume to be true?","For example:

I know from Jurassic Park that a T-Rex can run 35MPH (absolutely not true and unfounded).

I know from Fight Club that modern bombs don't tick, they vibrate (seems very plausible, but may have just been a setup for a dildo joke).  

I also know from the Matrix that there's way too much information to decode the matrix so you have to view it in code (absolutely not true fabricated fact the matrix is not real).",2025-05-16T17:59:30Z,movies,movies,entertainment,Entertainment,[],0,117,199,,0.85,https://www.reddit.com/r/movies/comments/1ko7f3q/what_are_facts_youve_gathered_from_movies_that/,floodums,2025-05-21T11:00:16.294539Z
1kl5818,reddit,"May 9-11 Box Office Recap – Despite staying at #1, 'Thunderbolts*' drops a rough 56.4% this weekend, and also drops 60% overseas. The film has earned $271M, and there's the possibility it could miss $400M worldwide. In some good news, A24's 'Friendship' has a fantastic debut in 6 theaters.","https://preview.redd.it/zy18hg9n9f0f1.png?width=1920&format=png&auto=webp&s=2dab97437ff88f2bc81c215ada160320fc6f9f18

Without any notable competition, ***Thunderbolts*** kept the #1 spot this weekend. There were three wide releases, yet they all made for a combined $7.6 million this weekend. The only bright spot was ***Clown in a Cornfield***, while ***Shadow Force*** and ***Fight or Flight*** had some of the worst debuts for films playing at over 2,000 theaters. The weekend's best news, however, was in limited release; A24's ***Friendship*** earned the year's best per-theater average.

The Top 10 earned a combined $79.6 million this weekend. That's down 12.7% from last year, when ***Kingdom of the Planet of the Apes*** debuted at #1.

Stating atop, Marvel Studios' ***Thunderbolts*** earned $32.3 million this weekend. That's off a rough 56.4% from last weekend, which was already a bit muted. That drop is better than ***Captain America: Brave New World*** (68.3%) earlier this year, but it feels like the film could've done a bit better than this. After all, it had a much more positive response and competition was almost non-existent this weekend.  Not to mention its new title change, [which was heavily promoted on social media.](https://variety.com/2025/film/news/thunderbolts-poster-the-new-avengers-title-change-1236386731/) But it looks like its ""A–"" on CinemaScore pretty much signaled that while word of mouth is good, it's not exceptional enough to convince those skeptical.

Through 10 days, the film has earned $127.7 million domestically. While the film is posting better daillies than ***Brave New World***, it's still $14 million behind that film through the same point. That film benefitted from lack of competition and a lot of under-performers. ***Thunderbolts***, on the other hand, is about to face more challenges. This weekend, it's losing PLF screens to ***Final Destination: Bloodlines***, which should dethrone it. And then it's gonna face a brutal Memorial Day Weekend with the arrival of ***Lilo & Stitch* and *Mission: Impossible – The Final Reckoning***. What a contrast: a poorly received film with weak competition vs. a well received film with a lot of competition. Right now, it doesn't look like ***Thunderbolts*** will hit $200 million lifetime, which is quite concerning.

***Sinners*** had its biggest drop this weekend. But when your biggest drop means just 33%, you know you're absolutely killing it. The film earned another $22.1 million this weekend, managing to add even more theaters on its fourth weekend. The film has earned an incredible $215.4 million, passing ***Captain America: Brave New World*** as the second biggest film of the year domestically. Depending on how it drops next weekend against ***Final Destination: Bloodlines***, we could be looking at a $270 million domestic total. And it can go higher!

***A Minecraft Movie*** is still on the top 3. It dropped 44%, earning $7.6 million this weekend. The film has earned $408.6 million so far, and it's set to finish with a little below $430 million domestically.

In fourth place, ***The Accountant 2*** recovered from its rough drop. It eased just 29%, adding $6.7 million this weekend. The film has earned $51.5 million so far, and it should make a nice amount of money before facing brutal competition from ***Mission: Impossible – The Final Reckoning***.

***Clown in a Cornfield*** debuted in fifth place, earning $3.6 million in 2,277 theaters. That's the best debut for Shudder/IFC, and they wisely spent very little on marketing (not even $10 million here). Although with a ""C+"" on CinemaScore and rough competition from ***Final Destination: Bloodlines*** next weekend might prevent it from hitting $10 million.

Lionsgate released ***Shadow Force*** in 2,170 theaters, but the film flopped with an abysmal $2.1 million this weekend. Considering the move was very last-minute, it's no surprise that the audience just didn't care for this. They gave it a middling ""B"" on CinemaScore, and with heavy competition on the coming weeks, it's unlikely it will stay long enough to hit $5 million domestically.

Vertical also released ***Fight or Flight*** on 2,153 theaters, but it flopped with just $2 million this weekend. Well, we can't really act surprised; this company hasn't been very successful in launching films on wide release. With a ""C+"" on CinemaScore, this is going to disappear quickly from theaters.

In eighth place, Sony's ***Until Dawn*** dropped 49% this weekend, adding $1.9 million this weekend. The film has earned just $17.9 million, and with ***Final Destination: Bloodlines*** coming up, it won't make it much further than $20 million domestically.

20th Century Studios' ***The Amateur*** dropped a light 39%, earning $1.1 million. The film has amassed $39 million so far.

Rounding up the Top 10 was Angel Studios' ***The King of Kings***. It continued falling, now dropping 54% and adding $778,391 this weekend. The film's domestic total stands at $59.1 million so far.

Okay, it was a lot of negativity this weekend, so let's go to the other bright spot of the weekend. A24's ***Friendship***, starring Tim Robinson and Paul Rudd, earned $451,904 in 6 theaters. That's an incredible $75,317 per-theater average, which is the best of the year so far.

Of course, a fantastic performance in limited release does not guarantee a successful wide expansion (***Kinds of Kindness*** comes to mind). But who knows? Maybe Tim Robinson's fanbase could be bigger than expected.

#**OVERSEAS**

If ***Thunderbolts*** is not lighting the domestic box office on fire, the overseas prospects are also looking quite bad.

On its second weekend, the film added $34 million overseas this weekend, taking its worldwide total to $271.4 million. That's a rough 60% drop from last weekend (even if we exclude the weekday holidays from last week, it's still a 52% drop), which is steeper than expected, and barely above ***Brave New World***'s second weekend ($35 million). The best markets are the UK ($15.5M), China ($13.8M), Mexico ($11.2M), France ($7.2M) and Australia ($6.4M). With drops like these and heavy competition on its way, there's a strong chance the film could miss $400 million. Considering the $180 million budget, that's flop territory. Damn, what does this mean for the MCU? 

***A Minecraft Movie*** added $12.5 million this weekend, taking its worldwide total to $909 million. The best markets are the UK ($71.2M), Germany ($37M), Australia ($34.2M), Mexico ($32M) and China ($28.4M). The billion milestone is starting to feel unlikely.

***Sinners*** added $6.6 million this weekend. Its worldwide total is now $283 million, and should hit $300 million by Friday. The best markets are the UK ($17.4M), France ($8.1M), Australia ($5.5M), Mexico ($3.9M) and Germany ($3.1M).

3 weeks ahead of its domestic debut, ***Karate Kid: Legends*** premiered in 12 markets in Latin America, debuting with $5.7 million. The best market was Mexico with $3 million, although this debut is lower than the 2010 version ($3.5 million). Other markets are Brazil ($860K), Peru ($415K) and Argentina ($320K). It won't hit more markets till the last weekend of May.

#**FILMS THAT ENDED THEIR RUN THIS WEEK**

None.

#**THIS WEEKEND**

We've got two wide releases, with one clear winner.

***Final Destination: Bloodlines*** should easily win the top spot. It's the sixth installment in the iconic franchise, and follows a group who realizes Death is coming after them... because they should never have existed in the first place. Notably, it includes Tony Todd's final appearance in the franchise, having filmed all his scenes prior to his death in November 2024. This is one of the most iconic horror franchises of the century, with the past 5 films earning a combined $666 million worldwide (hey, that's cool). It's gonna have a pretty great opening. The question is how high can it go?

Another release is Trey Edward Schults' ***Hurry Up Tomorrow***, which is a companion piece to The Weeknd's album of the same name. It stars The Weeknd, Jenna Ortega, and Barry Keoghan, and follows a fictionalized version of the Weeknd, an insomniac musician on the verge of a mental breakdown who is pulled into an existential odyssey by a mysterious stranger. The Weeknd drew poor reviews for his performance in ***The Idol***, but at least he's working with a great filmmaker like Trey Edward Shults here. Although the film is probably going to be sold for Weeknd fans, and Weeknd fans only. Will the general audience care?

____________________________________________________________________________________________

If you're interested in following the box office, come join us in r/BoxOffice.",2025-05-12T21:55:07Z,movies,movies,entertainment,Entertainment,[],0,119,52,,0.8,https://www.reddit.com/r/movies/comments/1kl5818/may_911_box_office_recap_despite_staying_at_1/,SanderSo47,2025-05-21T11:00:18.668639Z
1koufgc,reddit,"Which movies, good or bad, were overshadowed by their soundtrack?","My personal pick is Tron: Legacy. It was an OK movie, with good effects and questionable CGI characters, but the score was superb. Daft Punk did a great job, and the film is remembered primarily for its soundtrack rather than the film itself. Nine Inch Nails faces a major challenge because their work can't avoid being compared to the musical legacy Daft Punk left us.
hich other movies do you think Another movie worth mentioning is Sucker Punch. While not particularly memorable as a film, its music selection is excellent, which, at least for me, often happens with Zack Snyder’s movies.",2025-05-17T14:34:25Z,movies,movies,entertainment,Entertainment,[],0,119,189,,0.87,https://www.reddit.com/r/movies/comments/1koufgc/which_movies_good_or_bad_were_overshadowed_by/,0110-1100,2025-05-21T11:00:20.337788Z
1knevn0,reddit,Maika Monroe to Star in Period Horror Thriller ‘Victorian Psycho’,,2025-05-15T18:00:59Z,movies,movies,entertainment,Entertainment,[],0,118,15,,0.86,https://www.hollywoodreporter.com/movies/movie-news/maika-monroe-star-horror-victorian-psycho-1236218164/,NoCulture3505,2025-05-21T11:00:24.733310Z
1kja3zs,reddit,"AMA/Q&A Announcement: Ana de Armas - Tuesday 5/13 at 11:00 AM ET - Oscar-Nominated Actress and Star of Ballerina, Knives Out, Blonde, Blade Runner 2049, No Time To Die, Ghosted, The Gray Man, Deep Water",,2025-05-10T13:18:33Z,movies,movies,entertainment,Entertainment,[],0,120,1,,0.78,https://i.redd.it/zu4w0n8bgyze1.png,BunyipPouch,2025-05-21T11:00:25.850926Z
1kaq1j4,reddit,Fear Street: Prom Queen | Official Trailer | Netflix,,2025-04-29T15:00:25Z,movies,movies,entertainment,Entertainment,[],0,118,39,,0.87,https://youtu.be/gYbnjaK5nsI?si=5fy1mmm8FagkGTyu,Comic_Book_Reader,2025-05-21T11:00:26.828619Z
1k4t6l9,reddit,"Announcement - Our AMA/Q&A with Peter Stormare ('Fargo', 'Constantine', The Big Lebowski', 'Prison Break, 'Until Dawn', 'Armageddon', 'Bad Boys 2', 'John Wick 2') is now live and Peter will be back on Tuesday 4/22 at 12:30 PM ET to answer your questions.",,2025-04-22T00:28:28Z,movies,movies,entertainment,Entertainment,[],0,117,14,,0.86,https://i.redd.it/qbfpfvr76awe1.png,BunyipPouch,2025-05-21T11:00:27.966437Z
1krd7v9,reddit,Steven Spielberg’s Shark Hits 50: Steven Soderbergh On Why ‘Jaws’ Is The Most Disruptive Film Of Our Lives & Why Spielberg Is The GOAT,,2025-05-20T19:04:19Z,movies,movies,entertainment,Entertainment,[],0,182,33,,0.86,https://deadline.com/2025/05/steven-spielberg-jaws-50th-steven-soderbergh-interview-1236386883/,NoCulture3505,2025-05-21T11:00:29.224950Z
1kjp7p5,reddit,Mia Threapleton Says That She Struggled to Focus on ‘The Phoenician Scheme’ Opposite Tom Hanks,,2025-05-11T01:09:54Z,movies,movies,entertainment,Entertainment,[],0,117,33,,0.79,https://www.indiewire.com/news/general-news/mia-threapleton-tom-hanks-the-phoenician-scheme-1235122148/,indiewire,2025-05-21T11:00:30.383996Z
1kesmej,reddit,Apu trilogy by Satyajit Ray,,2025-05-04T19:48:37Z,movies,movies,entertainment,Entertainment,[],0,117,9,,0.8,https://v.redd.it/6c2tiokhktye1,Htanbed,2025-05-21T11:00:31.660722Z
1khulqe,reddit,Theo James Joining Gangster Thriller 'The Bookie & the Bruiser',,2025-05-08T16:36:25Z,movies,movies,entertainment,Entertainment,[],0,117,39,,0.85,https://variety.com/2025/film/global/theo-james-gangster-thriller-the-bookie-and-the-bruiser-1236390942/,ClaresRaccoon,2025-05-21T11:00:32.712099Z
1kgagzq,reddit,"Hunter Schafer, Tim Roth to Star in 'Fish' From Carlo Hintermann",,2025-05-06T17:32:53Z,movies,movies,entertainment,Entertainment,[],0,116,5,,0.8,https://variety.com/2025/film/festivals/hunter-schafer-tim-roth-fish-carlo-hintermann-1236386857/,CyberGhostface,2025-05-21T11:00:34.027238Z
1k58x00,reddit,‘Mammoth’ and ‘An Invisible Sign’ Actress Sophie Nyweide Has Passed Away,,2025-04-22T15:19:20Z,movies,movies,entertainment,Entertainment,[],0,118,11,,0.82,https://www.hollywoodreporter.com/movies/movie-news/sophie-nyweide-dead-mammoth-invisible-sign-1236197814/,NoCulture3505,2025-05-21T11:00:35.103399Z
1k71c2e,reddit,"In Casino, why did Ace trust Ginger when it was clear she shouldn't/couldn't be trusted?","At the beginning of Casino, there's a voiceover of Ace where he says, ""When you love someone, you gotta trust them, there's no other way. You've got to give them the key to everything that's yours. Otherwise, what's the point? And for a while, that's the kind of love I believed I had"". 

How did Ace ever trust Ginger as much as he did? He's a smart guy, and suspicious of everyone. He knew she was a hustler/grifter. And there are moments pretty early on where she blatantly lies to him or cheats him--when she takes money for a drink and doesn't give him change and says she spent it on some tables on the way back; when she calls Lester after their wedding. 

I don't get why he was so blind to her being untrustworthy to the point he gives her the only key to the money that might need to be used to get him out of trouble. (And I'm surprised she didn't take any of it before the end of things.)

Am I missing something--why did Ace think he had the kind of love where he could trust her with everything when she never showed herself to be worthy of that trust in the first place? ",2025-04-24T19:39:46Z,movies,movies,entertainment,Entertainment,[],0,115,90,,0.77,https://www.reddit.com/r/movies/comments/1k71c2e/in_casino_why_did_ace_trust_ginger_when_it_was/,StellaZaFella,2025-05-21T11:00:36.134381Z
1kh2kdl,reddit,"Leslie Grace to Play Diver Swallowed by Giant Sperm Whale in Survival Thriller ‘Propel,’ Altitude Launching Sales in Cannes (EXCLUSIVE)",,2025-05-07T17:03:18Z,movies,movies,entertainment,Entertainment,[],0,111,49,,0.79,https://variety.com/2025/film/global/leslie-grace-underwater-survival-thriller-propel-1236389673/,lawrencedun2002,2025-05-21T11:00:37.877481Z
1k7w4dv,reddit,Make me cry - which movies broke you into a sobbing mess?,"I just re-watched Heavenly Forest (2006 / Japanese), and Warrior (2011) and both of them just left me on the ground bawling.

Which movies, regardless of genre, had you so emotionally built-up it left you in tears?  Also, not gonna lie, I bring this up because I need to just let a ton of depression and feelings out.",2025-04-25T21:15:57Z,movies,movies,entertainment,Entertainment,[],0,112,672,,0.81,https://www.reddit.com/r/movies/comments/1k7w4dv/make_me_cry_which_movies_broke_you_into_a_sobbing/,counter-strike,2025-05-21T11:00:39.160437Z
1kj1pdg,reddit,"AMA/Q&A Announcement: Ana de Armas - Tuesday 5/13 at 11:00 AM ET - Oscar-Nominated Actress and Star of Ballerina, Knives Out, Blonde, Blade Runner 2049, No Time To Die, Ghosted, The Gray Man, Deep Water",,2025-05-10T04:15:50Z,movies,movies,entertainment,Entertainment,[],0,108,10,,0.77,https://i.redd.it/4kncu8nirvze1.png,BunyipPouch,2025-05-21T11:00:43.573358Z
1k7rly8,reddit,"Norman Reedus Joins Joseph Gordon-Levitt & Phoebe Dynevor In Darren Aronofsky-Produced ‘Pendulum’, Filming Underway",,2025-04-25T18:05:41Z,movies,movies,entertainment,Entertainment,[],0,109,4,,0.86,https://deadline.com/2025/04/norman-reedus-joseph-gordon-levitt-phoebe-dynevor-pendulum-1236377129/,cmaia1503,2025-05-21T11:00:44.539760Z
1knpnfr,reddit,Official Discussion - Hurry Up Tomorrow [SPOILERS],"#Poll

**If you've seen the film, please rate it [at this poll](https://strawpoll.ai/poll/vote/rOFeiEu6Xysh)**

**If you haven't seen the film but would like to see the result of the poll [click here](https://strawpoll.ai/poll/results/rOFeiEu6Xysh)**

#Rankings

[Click here](https://strawpoll.ai/list/ItnAgr4mX7QR) to see the rankings of 2025 films

[Click here](https://youpoll.me/list/4/) to see the rankings for every poll done 

---

**Hurry Up Tomorrow (2025) – Official Discussion**

**Summary**
In his feature film debut, Abel ""The Weeknd"" Tesfaye stars as a fictionalized version of himself — a tormented musician spiraling into insomnia, addiction, and existential dread after a public breakdown. When he meets Anima, a mysterious and volatile fan, their connection pulls him into a surreal odyssey of self-destruction and attempted rebirth. Directed by Trey Edward Shults (*Waves*), the film blends psychological thriller, musical drama, and meta-commentary on fame and identity.

**Director**
Trey Edward Shults

**Writers**
Trey Edward Shults, Abel Tesfaye, Reza Fahim

**Cast**

* Abel Tesfaye as Abel / The Weeknd
* Jenna Ortega as Anima
* Barry Keoghan as Lee
* Riley Keough as Anima’s mother / Girl on Voicemail
* Ivan Troy as Young Abel

**Rotten Tomatoes**
Critics Score: [18%](https://www.rottentomatoes.com/m/hurry_up_tomorrow)

**Metacritic**
Metascore: [29](https://www.metacritic.com/movie/hurry-up-tomorrow/)

**VOD**
Theaters

**Trailer**
[Watch here](https://www.youtube.com/watch?v=NsIOX5dQrbY)

---",2025-05-16T02:06:20Z,movies,movies,entertainment,Entertainment,[],0,107,192,,0.89,https://www.reddit.com/r/movies/comments/1knpnfr/official_discussion_hurry_up_tomorrow_spoilers/,LiteraryBoner,2025-05-21T11:00:45.691011Z
1kkeu8c,reddit,"Ben Wheatley directed a secret sci-fi project called BULK, which is set to premiere this year",,2025-05-11T23:51:51Z,movies,movies,entertainment,Entertainment,[],0,105,13,,0.87,https://deadline.com/2025/05/edinburgh-film-festival-midnight-madness-ben-wheatley-bulk-1236391125/,WorldsBestWrestling,2025-05-21T11:00:48.274506Z
1kr7c4f,reddit,Did you see (The One) with Jet li?,"they send him to the new universe at the end where he meets his wife again, but in his old universe would they just think he went rogue and really killed his wife and they never find him??? Also why didn’t they just kill the bad version of himself rather than taking the chance to escape to eventually kill him? Bad ass ending though. ",2025-05-20T15:12:31Z,movies,movies,entertainment,Entertainment,[],0,118,61,,0.84,https://www.reddit.com/r/movies/comments/1kr7c4f/did_you_see_the_one_with_jet_li/,Frost_Sun11,2025-05-21T11:00:49.277361Z
1kepijt,reddit,Do you wish Peter Jackson's Halo got made?,"Question, Do you wish Peter Jackson's Halo got made?

In the 2000s, Peter Jackson attempted to make a Halo film with him as Producer and Neil Blomkamp was going to direct it & Alex Garland was going to write the script. However, the film wasn't made due to several reasons. 1 was that Microsoft had very strict terms, demanding $10 million against 15 percent of gross. 20th Century Fox & Universal both decided to partner on the film. However after awhile, 20th Century Fox threaten to pull, & Universal demanded Jackson to reduced his first dollar revenue deal, which he refused, thus, Halo was cancelled. Another was that the production was plagued with problems with pre-production being re-started multiple times.

I kinda wish the film got made, but one thing that came out of this was that Peter Jackson decided to help Blomkamp make District 9, which I enjoyed. However, I do think if the film did get made, if probably would of been a disaster given that Microsoft was micro-managing the hell out of the project and that fact the production was really on shaky ground with the multiple studios teaming up.

Overall, Do you wish Peter Jackson's Halo got made?",2025-05-04T17:36:59Z,movies,movies,entertainment,Entertainment,[],0,102,83,,0.78,https://www.reddit.com/r/movies/comments/1kepijt/do_you_wish_peter_jacksons_halo_got_made/,FreshmenMan,2025-05-21T11:00:51.019835Z
1k56rbg,reddit,What’s a movie quote that really stuck with you?,"For me, it’s “The things you own end up owning you.” from Fight Club (1999).  
It hits different every time I hear it.

Fight Club is one of my all-time favorite movies. It’s full of strange philosophies that may sound silly at first, but they reveal something deeply true. These days, we can hardly live without smartphones or the internet — they’re practically owning us.  
Whenever I take a break from them, I feel a sense of real freedom.  
But don’t worry, I’m not looking to punch anyone in a basement like in Fight Club!",2025-04-22T13:48:43Z,movies,movies,entertainment,Entertainment,[],0,105,353,,0.82,https://www.reddit.com/r/movies/comments/1k56rbg/whats_a_movie_quote_that_really_stuck_with_you/,AccomplishedYak411,2025-05-21T11:00:53.050421Z
1kmb5er,reddit,Galaxy Quest,"That movie seems like a pure perfection in many aspects and it should have got a proper marketing and recognition back then. It is not just ""parody"", it is a great sci-fi movie but with a huge heart, with actors having an absolute blast. It is also much better than many movies it actually digs into. Characters develop, and you see them grow also as a group.

I just rewatched it and I think the older I get, the more and more I can appreciate how brilliant and well done some scenes are.

The shuttle landing scene is so funny....you have ACTORS flying to an unknown planet, where  ""Laredo"" obviously has no idea how to fly that thing, then Sam Rockwell´s Guy gets hysterical and yells for mum, holding Gwen´s hands (who is disgusted), Jason trying to encourage them, Fred Kwan (hilarious Tony Shalhoub) eating something, totally unbothered by all of it and Alan Rickman (God, I miss him!) saying ""Are we there yet?""

I think it is actually one of the most hilarious scenes ever - followed by even more hilarious scene on the planet itself.

I loved the fact that Rickman played the ""classically trained"" actor (who was supposed to be smart thanks to it, according to Laredo) who got caught in the green screen (sort of) world. We look at it differently today, of course, you have many British actors with Shakespearen background playing superheroes or action heroes but this was of course a different time. And it is obviously aimed not only at Shatner/Nimoy relationship but Patrick Stewart as well, with him being respected stage actor. But it is done respectfully and Stewart himself said he laughed so much that he had tears in his eyes.",2025-05-14T09:47:03Z,movies,movies,entertainment,Entertainment,[],0,105,48,,0.84,https://www.reddit.com/r/movies/comments/1kmb5er/galaxy_quest/,Jarita12,2025-05-21T11:00:55.902034Z
1kblws2,reddit,Chris Hemsworth to Star in Submarine Thriller ‘Subversion’ for Amazon MGM,,2025-04-30T17:15:43Z,movies,movies,entertainment,Entertainment,[],0,103,40,,0.84,https://www.hollywoodreporter.com/movies/movie-news/chris-hemsworth-submarine-thriller-for-amazon-mgm-1236204208/,NoCulture3505,2025-05-21T11:00:57.496584Z
1kql7wn,reddit,What Film Has a Director's Cut Not Many People Know About?,"I remember when I found out there was a Watchmen Director's Cut I was very surprised I'd never heard about it when I'd seen the film so many times. It added some fun bits as well and some animated segments for the Black Freighter comic too!

What other films have a little-known Director's Cut that you would recommend (or maybe not recommend!)",2025-05-19T19:47:19Z,movies,movies,entertainment,Entertainment,[],0,102,210,,0.8,https://www.reddit.com/r/movies/comments/1kql7wn/what_film_has_a_directors_cut_not_many_people/,Redruby88,2025-05-21T11:00:58.751826Z
1kks132,reddit,"First Poster for ‘Alpha’, directed by Julia Ducournau",,2025-05-12T13:05:40Z,movies,movies,entertainment,Entertainment,[],0,101,11,,0.86,https://pbs.twimg.com/media/GqwCA9DWkAAHvxY?format=jpg&name=large,KillerCroc1234567,2025-05-21T11:01:01.192877Z
1kfye80,reddit,What's a perfect movie that you would not change a single frame of ?,"Not necessarily the best movie ever - but that one film where, every time you rewatch it, you think: Yep, they nailed it. Could be for emotional impact, pacing, cinematography, even nostalgia. For me, it's Before Sunset. Just two people walking and talking, but it's so precise and raw that I would not change a second of it. Curious what movie you think is perfect exactly as it is - no edits, no updates, no director's cut needed.",2025-05-06T07:11:26Z,movies,movies,entertainment,Entertainment,[],0,100,656,,0.75,https://www.reddit.com/r/movies/comments/1kfye80/whats_a_perfect_movie_that_you_would_not_change_a/,TrueEntertainment933,2025-05-21T11:01:02.594631Z
1kbp5vy,reddit,"'The School Duel' - First Trailer - Dystopian-Thriller - Set in near-future Florida, schoolchildren are recruited to take part in a deadly, statewide competition known as “The School Duel”, in order to try to curb the rise of school shootings.",,2025-04-30T19:31:09Z,movies,movies,entertainment,Entertainment,[],0,100,72,,0.66,https://youtu.be/yVbp0tjLk-M,BunyipPouch,2025-05-21T11:01:06.357080Z
1kmbxoi,reddit,Breakdown (1997) starring Kurt Russell an engaging and cohesive 90 min thriller,"Picked this movie out of the blue.

The plot seemed simplistic yet intriguing. What surprised me upon viewing this is that we don't get enough movies like this in recent times.

Don't want any allegorical/ psychological thrillers where dead characters are imagining the entire movie. Just a straight up action thriller with a no nonsense plot.

Loved the overall screenplay of the movie, it was an edge of the seat thriller in the 2nd half. The craziness turns upto eleven in the final third. An engaging popcorn flick for the afternoon",2025-05-14T10:39:41Z,movies,movies,entertainment,Entertainment,[],0,99,35,,0.86,https://www.reddit.com/r/movies/comments/1kmbxoi/breakdown_1997_starring_kurt_russell_an_engaging/,mansplentyhot,2025-05-21T11:01:08.030565Z
1khg85k,reddit,David Dastmalchian & Georgina Campbell to Star in Horror-Thriller ‘The Shepherd’ from ‘Sick’ Director John Hyams,,2025-05-08T03:11:58Z,movies,movies,entertainment,Entertainment,[],0,101,10,,0.88,https://bloody-disgusting.com/movie/3867330/david-dastmalchian-georgina-campbell-to-star-in-the-shepherd-from-sick-director-john-hyams/,Sonia341,2025-05-21T11:01:09.644415Z
1ke2d2q,reddit,End of Humanity movies?,"I love contemplative fiction, and story scenarios that wrap up characters in a ""last moments of the human species"" type of stuff, where if humanity ended, what did it all boil down to?

I swear I almost cried finally watching the movie Artificial Intelligence with my mom. It was Stanley Kubrick's final film that ended up transferring to Steven Spielberg. It goes in truly unprecedented directions I didn't (but should've) excepted that are characteristically Kubrickan.

I've just rewatched Sunshine and I'm thinking of Space Odyssey 2001. Now I'm watching some horror films because I'm in the mood for darkness.

But I get a little impatient with horror as it often turns into either a slasher flick or a mystery with a killer or a monster in it. I think what I really wish I had more of were movies that take us to the philosophical end of life as we know it, and explore that horrific fantasy.

I'm just super inspired by ""what if"" scenarios about what humans would do if Earth could no longer be inhabited or some other extinction event.

What are some ""end of Humanity"" movies you liked?",2025-05-03T20:28:47Z,movies,movies,entertainment,Entertainment,[],0,99,256,,0.82,https://www.reddit.com/r/movies/comments/1ke2d2q/end_of_humanity_movies/,linkenski,2025-05-21T11:01:10.658477Z
1k6tg5g,reddit,'Until Dawn' - Review Thread,"*One year after her sister disappeared, Clover and her friends head to the remote valley where she vanished to search for answers. Exploring an abandoned visitor center, they soon encounter a masked killer who murders them one by one. However, when they mysteriously wake up at the beginning of the same night, they're forced to relive the terror over and over again.*

**Rotten Tomatoes:** [61%](https://www.rottentomatoes.com/m/until_dawn_2025)

**Metacritic:** [53/100](https://www.metacritic.com/movie/until-dawn/)

Some Reviews:

[AV Club - Jacob Oller](https://www.avclub.com/until-dawn-review) \- D+

>Horror, whether in games or in movies, is about setups and payoffs. *Until Dawn* is a film almost exclusively of setups, with the payoffs either mismatched or permanently deferred. In its indecision around what kind of film it wanted to turn a decision-driven game into, firing its shotgun approach haphazardly into the air, it incoherently spins itself in circles.

[Inverse - Lyvie Scott](https://www.inverse.com/entertainment/until-dawn-review-horror-video-games)

>Throws plot out the window in favor of gore and schlock. \[Using\] a time-loop conceit to replicate the feeling of respawning in a video game, it gives director David F. Sandberg an excuse to blitz through as many teen horror tropes as can fit in two hours.

[Screen Rant](https://www.rottentomatoes.com/critics/source/1647) \- [Mary Kassel](https://www.rottentomatoes.com/critics/mary-kassel) \- 8/10

>Until Dawn takes the trope of the time loop & raises the stakes, immersing us in a thrilling & dynamic world of characters we can't stop rooting for. The movie is at its best when it's not taking itself too seriously. ***Until Dawn***\*\*'s weakest moments are when the action slows down and the writing attempts to psychoanalyze Clover\*\* and her issues. While it's necessary for her to have a fraught emotional backstory and for there to be hints of development, these transitions are far from seamless. Like all scary movies, *Until Dawn* sprinkles in commentary about the nature of grief and fear. However, it doesn't waste too much time trying to have a message, as it knows that isn't what the story is for.

[Slashfilm](https://www.rottentomatoes.com/critics/source/1996) \- [Bill Bria](https://www.rottentomatoes.com/critics/bill-bria) \- 8/10

>Although the film is deliberately not a repetition of the video game's plot, it absolutely adapts the game's implicit concept of asking the player whether they could actually survive a horror movie or not. ""Until Dawn"" the movie subtextually asks those questions of its viewers throughout, and with so many various beasties to encounter, the answers will vary for each person alone, never mind for multiple people. The movie's variety is the peanut butter to that idea's chocolate, never allowing the film to feel stuck in one mode even as it establishes its own structure. To borrow a phrase from Bobby, ""Until Dawn"" really does feel like the platonic ideal of a graveyard smash.

[FandomWire](https://www.rottentomatoes.com/critics/source/100009878) \- [Manuel São Bento](https://www.rottentomatoes.com/critics/manuel-sao-bento) \- B+

>Ella Rubin stands out in a cast that meets the bare minimum, and David F. Sandberg proves yet again that he's a filmmaker with vision, talent, and the creativity to craft visually captivating horror sequences.

[IGN Movies](https://www.rottentomatoes.com/critics/source/811) \- [Chase Hutchinson](https://www.rottentomatoes.com/critics/chase-hutchinson) \- 5/10

>Until Dawn shares a title and some key details with the game that inspired it, though it mostly tries to do its own thing – to mixed results. While Annabelle: Creation director David F. Sandberg is able to find moments of bloody fun and tension – particularly in the way he shoots darkness – the lackluster script he’s working with isn’t doing him or the movie any favors. It isn’t a total disaster, but as it pushed its one-dimensional characters through a cycle of horror cinema’s greatest hits, I wished that the morning could come as quickly as possible.

[The Daily Beast](https://www.rottentomatoes.com/critics/source/2345) \- [Nick Schager](https://www.rottentomatoes.com/critics/nick-schager)

>Given that the game was co-penned by indie-horror icon Larry Fessenden (*Wendigo*), it’s somewhat baffling that *Until Dawn* ditches his story in favor of something this run-of-the-mill and half-baked. Despite an under-30 cast that’s perfectly capable of running and screaming when necessary (which is often), there’s no personality to this pandemonium, its evil beasts generic and its relive-the-night structure under-exploited.",2025-04-24T14:21:13Z,movies,movies,entertainment,Entertainment,[],0,102,166,,0.83,https://www.reddit.com/r/movies/comments/1k6tg5g/until_dawn_review_thread/,ChiefLeef22,2025-05-21T11:01:13.415336Z
1k6llwv,reddit,The Most Anticipated Movie of 2025: What Has You Counting Down the Days?,"Fellow film lovers,

With 2025's slate of releases slowly taking shape, I've been thinking about which upcoming film has me most excited to be in a theater again. Between delayed productions finally seeing the light of day, unexpected sequels, and original visions from visionary directors, this year is shaping up to be incredible for cinema.
I'm curious what everyone else is looking forward to! Is it Villeneuve's mysterious new sci-fi project? The long-awaited adaptation of that unfilmable novel? That indie director finally getting a proper budget? The continuation of a beloved franchise?

What movie has you marking your calendar and saving your opening night ticket money? And what specifically about it has captured your imagination? The director? The cast? The source material? Or something else entirely?

",2025-04-24T06:37:55Z,movies,movies,entertainment,Entertainment,[],0,98,376,,0.77,https://www.reddit.com/r/movies/comments/1k6llwv/the_most_anticipated_movie_of_2025_what_has_you/,Bluntfeedback,2025-05-21T11:01:15.469915Z
1kg4hsh,reddit,"Hey reddit! I'm Lorcan Finnegan. I directed THE SURFER, starring Nicolas Cage. It premiered at Cannes and is now out in theaters worldwide. I also directed VIVARIUM, a fantasy-horror starring Jesse Eisenberg and Imogen Poots and NOCEBO, a thriller starring Eva Green and Mark Strong. Ask me anything!","Hey reddit! I'm Lorcan Finnegan. I directed THE SURFER, starring Nicolas Cage. It premiered at Cannes and is now out in theaters worldwide. I also directed VIVARIUM, a fantasy-horror starring Jesse Eisenberg and Imogen Poots and NOCEBO, a thriller starring Eva Green and Mark Strong. Ask me anything!

THE SURFER is out now in theaters.

\> A man revisits his childhood beach to surf with his son. Humiliated by locals, he becomes entangled in an escalating conflict that pushes him to his limits.  
\-**Starring**: Nicolas Cage; Julian McMahon; Nic Cassim; Miranda Tapsell; Alexander Bertrand; Justin Rosniak

Trailer:

[https://www.youtube.com/watch?v=A7Bo6cyfWho](https://www.youtube.com/watch?v=A7Bo6cyfWho)

I've also directed VIVARIUM, NOCEBO, and WITHOUT NAME.

I'll be back at 1 PM PT/4 PM ET today (Tuesday 5/6) to answer your questions.

Ask me anything!",2025-05-06T13:29:12Z,movies,movies,entertainment,Entertainment,[],0,100,135,,0.77,https://i.redd.it/sbq4tr9kx5ze1.png,TheSurferAMA,2025-05-21T11:01:18.395258Z
1kcckqv,reddit,"Official Poster for ""Everything's Going to Be Great"" - Starring Allison Janney, Bryan Cranston, Jack Champion and Simon Rex",,2025-05-01T16:10:50Z,movies,movies,entertainment,Entertainment,[],0,97,22,,0.87,https://i.redd.it/iskgya0s27ye1.jpeg,JonasKahnwald11,2025-05-21T11:01:20.619530Z
1kbivgg,reddit,Hot Milk Feat. Emma Mackey | Official Trailer | HD | IFC Films,,2025-04-30T15:10:08Z,movies,movies,entertainment,Entertainment,[],0,95,25,,0.8,https://youtu.be/_tGonuEcOq4,Task_Force-191,2025-05-21T11:01:21.793707Z
1kchqgr,reddit,Ridley Scott was not against the idea of voice-over narration for Blade Runner,"Just watched the 2007 Final Cut dvd commentary with Ridley Scott today. 

I was surprised to hear that he was NOT against the idea of voice-over narration. The actors were, yes, but he was not. 

I was surprised to hear this because on every video I’ve seen on YouTube or article I’ve read about this movie they’ve always blamed the studios and have never implicated the director in its use.

Ridley says anyone who says that is talking nonsense.

Just thought I’d clear that up.",2025-05-01T19:45:02Z,movies,movies,entertainment,Entertainment,[],0,97,63,,0.78,https://www.reddit.com/r/movies/comments/1kchqgr/ridley_scott_was_not_against_the_idea_of/,1whoisconcerned,2025-05-21T11:01:22.924468Z
1klw4lr,reddit,"Locke (2013) is a perfect example of ""The right way Vs. The easy way""."," 
This is more of a rambling about ""what I took away from the movie"" rather than a review. If you haven't watched Locke, go watch it right now. It's a short 80 minute movie, and due to it being set in a single scene for it's entirety it feels even shorter. I suggest going in completely blind. But if you *really* want to know something, it's bassically >!an 80 minute movie set entirely in a car where Ivan Locke, played by Tom Hardy, makes a series of phone calls to some other characters regarding a big cement project and the birth of his child through an affair with a coworker!<. 

Anyways, now that you've watched it, this is what I have to say. In every call Ivan could've lied or made the morally wrong choice to make his life easier. Instead in every instance, he strives to tell the truth and do the right thing. The first proper thought I had about him as a character while watching was ""he's playing every single card right"". He was playing this situation in the best possible way, choosing each word perfectly. He was being the best possible human he could be in this fucked up situation. It's just a shame that the odds were entirely against him from the start due to his original mistake of cheating on Katherine. It's commendable honestly, he isn't a bad person, he's actually a very good person, who just so happened to make a very shitty mistake. You can't even blame all the other characters for reacting the way they did, in the end it is Ivan's fault. But the fact that he owns up to it in an incredible way makes him redeemable. When Kathrine says ""it's never once"", I genuinely felt she was making a mistake saying that. I don't blame her for saying or thinking that, she'd be right most of the time, if it were any other man. But after seeing Ivan managing this situation in such a way, I do thing he is the kind of person who wouldn't cheat again.

The whole cement thing interestingly also had a more literal version of the message behind it too. Obviously Ivan choosing to go forward with the cement project was the right thing, but even beyond that, both Ivan and Donal going out of their way to make sure it all went correctly is the perfect example of doing something the right way instead of the easy way. They could've easily laid back and relaxed after making only the necessary checks, but then they would have never found out about the whole C5 and C6 situation, or the fault rebar.

The reason why this message speaks to me is because that's how *I* want to be in life. It's the way I've been raised and it's something my grandfather used to teach too. God forbid I ever end up in a situation like that, but in any poor situation, I want to be able to choose the right thing over the easy thing. And that's why I enjoyed watching Ivan. Quite often you see characters in movies and shows make stupid and wrong decisions, that you know are wrong, both literally and morally, and you're there screaming at them to stop through the screen. But Ivan does it correctly, all like a good person. Despite having to watch the whole heartbreaking situation unfold, it was still satisfying to watch him stay strong with each phone call and continue to say and do the right thing. There are other messages you can get from the movie too, all of which I could also write a lot about, but this was the strongest for me. Weirdly enough, with the bitter ending, we still got a great moral out of the story. ",2025-05-13T20:14:14Z,movies,movies,entertainment,Entertainment,[],0,95,16,,0.85,https://www.reddit.com/r/movies/comments/1klw4lr/locke_2013_is_a_perfect_example_of_the_right_way/,SilentBeef909,2025-05-21T11:01:25.085228Z
1klnom9,reddit,What is the most impactful romance movie you’ve ever seen?,"What is a romance movie that you watched that you genuinely feel impacted you and moved you in a way that others can’t? Whether it be a more lightweight romantic comedy, a deep romantic drama, what is one that comes to mind in terms of one of your favorites? 

Or on the flipside, is there an underrated one that you don’t think too many people know about? 
",2025-05-13T14:41:30Z,movies,movies,entertainment,Entertainment,[],0,93,282,,0.86,https://www.reddit.com/r/movies/comments/1klnom9/what_is_the_most_impactful_romance_movie_youve/,Askanything236,2025-05-21T11:01:26.144756Z
1kkb952,reddit,Does anyone remember Toys (1992)? I think about it all the time,"Great, funny, poignant movie with creative sets. Joan Cusack is fantastic. 

I think it flopped, but it deserved better. Robin Williams is wonderful in it as well. 

I really loved weird/off-putting movies like that, that were kind of sweet and kind of subtly disturbing. 

Sometimes I wish more movies were being made in this style. ",2025-05-11T21:00:44Z,movies,movies,entertainment,Entertainment,[],0,95,64,,0.83,https://www.reddit.com/r/movies/comments/1kkb952/does_anyone_remember_toys_1992_i_think_about_it/,BlkNtvTerraFFVI,2025-05-21T11:01:28.674720Z
1kilhxw,reddit,Troy Baker & Yasmeen Fletcher To Star In AI-Themed Sci-Fi Horror Film ‘Othermor’ From The Distorting Mirror & Twenty-Nine Palms – Cannes Market,,2025-05-09T15:36:51Z,movies,movies,entertainment,Entertainment,[],0,95,19,,0.83,https://deadline.com/2025/05/troy-baker-yasmeen-fletcher-sci-fi-horror-othermor-1236391148/,TuxedoAugust,2025-05-21T11:01:30.352136Z
1kcpg6k,reddit,Poison Ivy (1992) - one of Drew Barrymore's best films,"The name Poison Ivy had been rattling around in my head for ages. It’d pop up now and then, only to disappear again. All I knew was it was something from the ‘90s, but I’d never watched it. A quick Google for “movies by category” — ‘cause, honestly, there was nothing to watch — and there it was, among the thrillers, that familiar title. I figured it was finally time to give it a go. Finding out it was a thriller got me pumped, and when I realized it was an erotic thriller, man, I was thrilled to bits.Quick side note: I’m obsessed with ‘90s erotic thrillers. They’re practically their own cinematic wave. Why the ‘90s? It’s just my take, but ‘80s erotic thrillers feel kinda outdated, and the ones from the 2000s on are mostly just crude and overdone. The ‘90s hit the sweet spot: the eroticism drips with sensuality and charm, not just a showcase of naked bodies. You can gripe about the plot being simple (depends on who’s watching; for fans, that’s just nitpicking. Look at Color of Night or Wild Things — those prove an erotic thriller can blow your mind with crazy twists). But in this genre, a good movie isn’t just about dialogue. It’s about perfect shot composition, that awesome bluesy soundtrack, and tastefully visualized nudity. 

No denying it: these ‘90s thrillers with erotic vibes have their clichés, but, damn, those clichés are what make you wanna watch, ‘cause they’re the ultimate fantasy for both women and men.Back to the movie: right from the first seconds, seeing Drew Barrymore’s character oozing sexual magnetism, you know she’s bad news. The title’s pretty straightforward but spot-on: clingy as ivy, Ivy wraps herself around Sylvia’s family, sneaking into not just their house but their hearts... even the loyal dog falls for her charm.Ivy’s the first to catch Georgie’s eye, Sylvia’s mom, the first to spark Sylvia’s interest, and, of course, Daryl, the head of the family, can’t resist her poison either. So, what’s gonna come of their run-in with this girl? And what’s it gonna cost her?

[This scene could be described as \\""The lady and her little dog.](https://reddit.com/link/1kcpg6k/video/mtrd6nsfw9ye1/player)

  
",2025-05-02T01:41:40Z,movies,movies,entertainment,Entertainment,[],0,93,20,,0.74,https://www.reddit.com/r/movies/comments/1kcpg6k/poison_ivy_1992_one_of_drew_barrymores_best_films/,Soggy-Discipline5656,2025-05-21T11:01:31.418228Z
1k7l7vw,reddit,"Weird question, but is there an example of a movie where the end credits are black text on a white background instead of the usual white on black?","A very, very oddly specific question, but I only realized how common that form of end credits are after watching a series that had the opposite, like the title of this post suggests; black text on a white background. So I was wondering if there were any examples of this reversal in actual movies or not?",2025-04-25T13:40:53Z,movies,movies,entertainment,Entertainment,[],0,92,73,,0.74,https://www.reddit.com/r/movies/comments/1k7l7vw/weird_question_but_is_there_an_example_of_a_movie/,1fishmob,2025-05-21T11:01:32.586478Z
1kr4if6,reddit,"Hello r/movies, I'm Isaiah Saxon, the writer-director of A24's THE LEGEND OF OCHI, which is available to watch at home beginning today. Our film stars Willem Dafoe, Emily Watson, Finn Wolfhard, Helena Zengel, and an animatronic primate. Please, ask me anything.","Hello r/movies, 

I spent six years making a weird fantasy adventure movie about human-animal communication, so please, ask me anything.

Synopsis for THE LEGEND OF OCHI:

In a remote village on the island of Carpathia, a shy farm girl named Yuri is raised to fear an elusive animal species known as Ochi. But when Yuri discovers a wounded baby Ochi has been left behind, she escapes on a quest to bring him home.

Here's the trailer: [https://www.youtube.com/watch?v=\_jTFLg3arYU](https://www.youtube.com/watch?v=_jTFLg3arYU)

Now available to watch at home here: [https://tickets.thelegendofochi.movie/](https://tickets.thelegendofochi.movie/)

Pre-order the Blu-ray here: [https://shop.a24films.com/products/the-legend-of-ochi-blu-ray](https://shop.a24films.com/products/the-legend-of-ochi-blu-ray)

I'll be back at 1:00PM PT / 4:00 PM ET today (Tuesday 5/20) to answer some questions. Ask me anything.",2025-05-20T13:11:42Z,movies,movies,entertainment,Entertainment,[],0,109,67,,0.79,https://i.redd.it/23re0fw1sx1f1.jpeg,TheLegendOfOchiAMA,2025-05-21T11:01:34.132081Z
1kh1420,reddit,Echo Valley - Official Trailer | Apple TV+,,2025-05-07T16:04:58Z,movies,movies,entertainment,Entertainment,[],0,93,77,,0.79,https://youtu.be/KQiZ5zMhliw?si=tNjzQmX7oL1ehapm,MyNameIsNotGump,2025-05-21T11:01:35.744272Z
1kndylf,reddit,"Remembering Joe Don Baker, who played the villain in the pilot episode of “Lancer.""

In Quentin Tarantino's ""Once Upon a Time in Hollywood,"" Leonardo DiCaprio's Rick Dalton was playing the Western bad guy that Baker actually played in that episode.",,2025-05-15T17:24:30Z,movies,movies,entertainment,Entertainment,[],0,92,25,,0.84,https://www.indiewire.com/news/obituary/joe-don-baker-dead-1235123378/,indiewire,2025-05-21T11:01:37.390672Z
1km7ugu,reddit,New poster for Ballerina Movie,,2025-05-14T05:51:42Z,movies,movies,entertainment,Entertainment,[],0,96,40,,0.74,https://i.redd.it/y7x8f7k9so0f1.jpeg,Robemilak,2025-05-21T11:01:38.665773Z
1k6bs87,reddit,Martin Scorsese’s Unmade Movies: 16 Films the Oscar Winner Almost Directed,,2025-04-23T22:03:27Z,movies,movies,entertainment,Entertainment,[],0,94,32,,0.81,https://www.indiewire.com/gallery/martin-scorsese-unmade-movies/,indiewire,2025-05-21T11:01:39.966228Z
1ki7lag,reddit,Official Throwback Discussion - Gladiator [SPOILERS],"# As an ongoing project, in 2025 /r/movies will be posting Throwback Discussion threads weekly for the movies that came out this same weekend 25 years ago. As a reminder, Official Discussion threads are for discussing the movie and not for meta sub discussion.

---


**Summary**
Roman general Maximus Decimus Meridius is betrayed when Commodus, the ambitious son of Emperor Marcus Aurelius, murders his father and seizes the throne. Reduced to slavery, Maximus becomes a gladiator and rises through the ranks of the arena, determined to avenge the murders of his family and the emperor.

**Director**
Ridley Scott

**Writers**
David Franzoni, John Logan, William Nicholson

**Cast**

* Russell Crowe as Maximus Decimus Meridius
* Joaquin Phoenix as Commodus
* Connie Nielsen as Lucilla
* Oliver Reed as Proximo
* Richard Harris as Marcus Aurelius
* Djimon Hounsou as Juba
* Derek Jacobi as Senator Gracchus
* Ralf Möller as Hagen
* Tommy Flanagan as Cicero
* Spencer Treat Clark as Lucius

**Rotten Tomatoes**
Critics Score: 80%
Audience Score: 87%

**Metacritic**
Critics Score: 67/100
User Score: 8.7/10

**Accolades**
*Gladiator* received 12 Academy Award nominations and won 5, including Best Picture and Best Actor for Russell Crowe. It also secured wins for Best Costume Design, Best Sound, and Best Visual Effects.

**VOD**
Available on Amazon Prime Video, Apple TV, and Google Play

**Trailer**
[Watch the Trailer](https://www.youtube.com/watch?v=owK1qxDselE)

---",2025-05-09T02:12:56Z,movies,movies,entertainment,Entertainment,[],0,89,62,,0.76,https://www.reddit.com/r/movies/comments/1ki7lag/official_throwback_discussion_gladiator_spoilers/,LiteraryBoner,2025-05-21T11:01:41.221606Z
1kf323f,reddit,Rewatching 4 weddings and a funeral,"I was thinking how if they made it today some people would say it was “too woke”. It was made in the early 90’s, it heavily feature a gay couple that were refers to as soulmates. It had a deaf character and featured BSL. It’s interesting how things that were once just part of telling an interesting story have been so politicized.",2025-05-05T04:25:49Z,movies,movies,entertainment,Entertainment,[],0,90,35,,0.78,https://www.reddit.com/r/movies/comments/1kf323f/rewatching_4_weddings_and_a_funeral/,sureasyoureborn,2025-05-21T11:01:42.830116Z
1k4wtwl,reddit,Dave,"I just watched Dave tonight for about the 10th time. I love this movie! Not only is it a superbly acted comedy, but I think it also makes the very good point that anyone with a good heart could make a great president, which is what I think we need now more than ever! I also like how Dave was able to get all the right people on his side against the evil Secretary of Arms and ends up falling in love with the former First Lady. Hey, it could happen!",2025-04-22T03:35:06Z,movies,movies,entertainment,Entertainment,[],0,88,65,,0.83,https://www.reddit.com/r/movies/comments/1k4wtwl/dave/,dcterr,2025-05-21T11:01:43.967080Z
1koabbi,reddit,‘The Legend Of Aang: The Last Airbender’ Pushed to October 2026 and ‘Teenage Mutant Ninja Turtles: Mutant Mayhem’ Sequel Delayed to September 2027,,2025-05-16T20:00:34Z,movies,movies,entertainment,Entertainment,[],0,92,5,,0.81,https://variety.com/2025/film/news/legend-of-aang-the-last-airbender-release-date-october-2026-1236400411/,MarvelsGrantMan136,2025-05-21T11:01:45.397873Z
1kd3vow,reddit,The Hunchback of Notre Dame (1996) is one of the most beautifully dark animated films and I adore it.,"""Who is the monster and who is the man?"" is a question posed at The Hunchback of Notre Dame's start and finish that perfectly encapsulates the story. A man (Judge Claude Frollo) chases down a young mother, kills her, prepares to drown her deformed baby (Quasimodo), is stopped from plunging the child into a watery grave and then saddled with caring for the infant. Instead of receiving affection, the child is manipulated into thinking they're a monster who will never be loved or accepted. On top of this, the man is actively pursuing an obsession to eradicate an entire ethnic group (Gypsies) while lusting after a woman (Esmeralda) who is one of those people.



If that in no way sounds like it could be an animated children's film, much less a Disney movie, that is where you are mistaken and this is precisely why The Hunchback of Notre Dame is the most beautifully grim and special piece of work that the studio has ever produced. The first six and a half minutes alone are one of the most emotionally arresting expository sequences thanks in large part to Alan Menken's incredible music. Menken delivers what is easily his strongest score and several stellar songs (The Belles of Notre Dame, Out There and Heaven's Light/Hellfire) paired with some of the most striking visuals in any animated film.



It's immediately after the opening sequence that we are introduced to the film's only true flaw... the gargoyles. Apparently, the directors (Gary Trousdale and Kirk Wise) forcibly inserted these painfully intrusive characters as an attempt at humor which instead tarnishes the dark tone of the film; the gargoyles are even given a horribly out of place and mediocre song (A Guy Like You). A far better means for delivering their brief heartfelt moments of wisdom to Quasimodo would have been through the Arch Deacon character introduced earlier in the film.



As a whole, I have a deep love for this film despite it being just shy of perfection.",2025-05-02T15:31:29Z,movies,movies,entertainment,Entertainment,[],0,91,55,,0.87,https://www.reddit.com/r/movies/comments/1kd3vow/the_hunchback_of_notre_dame_1996_is_one_of_the/,gruesomesonofabitch,2025-05-21T11:01:46.474744Z
1kkj766,reddit,"AMA/Q&A Announcement - Chris Bauer - Monday 5/12 at 2:00 PM ET - Actor in 'The Wire', 'Thunderbolts*', 'True Blood', 'Henry Johnson', 'The Deuce', 'For All Mankind', '8MM', 'The Devil's Advocate', 'Sully', 'Tomorrowland', and much more.",,2025-05-12T03:49:06Z,movies,movies,entertainment,Entertainment,[],0,87,15,,0.84,https://i.redd.it/qifm6h1bw90f1.png,BunyipPouch,2025-05-21T11:01:47.953624Z
1kil02r,reddit,Carrie Coon and Lily James Join Bella Ramsey in Guy Nattiv’s Cult Thriller ‘Harmonia’ for Bleecker Street,,2025-05-09T15:16:07Z,movies,movies,entertainment,Entertainment,[],0,84,8,,0.8,https://www.indiewire.com/news/breaking-news/carrie-coon-lily-james-bella-ramsey-harmonia-1235121905/,NoCulture3505,2025-05-21T11:01:48.985847Z
1ke34i3,reddit,I guess it never really dawned on me that Jacob's Ladder is a take on An Occurrence at Owl Creek Bridge,"SPOILER ALERT: if you do not know what either of these pieces of art are, i suggest reading/watching them.  *Owl Creek* has also been made into a film that was hosted by *The Twilight Zone*.  watch that too!

[*An Occurrence at Owl Creek Bridge*](https://www.wikipedia.org/wiki/An_Occurrence_at_Owl_Creek_Bridge) has been one of my absolutely favorite pieces of writing ever since my very first reading.  

i was hooked from the start and then when i saw the [*Twilight Zone* episode](https://www.wikipedia.org/wiki/An_Occurrence_at_Owl_Creek_Bridge_(film\)) i knew exactly what i was watching immediately!  so friggen good!!!

anyway, i had both read, and watched, the two official versions of the story years before i finally watched [*Jacob's Ladder*](https://en.m.wikipedia.org/wiki/Jacob%27s_Ladder_(1990_film\)) and for some reason it did not hit me that the stories are the same...  do bad, get killed, see shit, die.

and looking at the *Owl Creek* wiki it lists adaptations but does not mention *Jacob's Ladder*.

am i wrong comparing them?

it seems like all the themes are met (depending on how you feel about the Vietnam War, i guess) and that at the end the main characters meet the same fate...  dying after hallucinating a whole lot of unlived life.",2025-05-03T21:03:47Z,movies,movies,entertainment,Entertainment,[],0,87,28,,0.82,https://www.reddit.com/r/movies/comments/1ke34i3/i_guess_it_never_really_dawned_on_me_that_jacobs/,fuqdisshite,2025-05-21T11:01:50.070778Z
1kbejmd,reddit,"First Poster for Thriller 'Barron's Cove' - Starring Garrett Hedlund, Brittany Snow, Stephen Lang - After his son is killed, a grieving father with a history of violence kidnaps the child responsible, igniting a frenzied manhunt fueled by a powerful politician, the father of the kidnapped boy.",,2025-04-30T11:53:01Z,movies,movies,entertainment,Entertainment,[],0,86,16,,0.8,https://i.redd.it/1aof2fgsnyxe1.jpeg,BunyipPouch,2025-05-21T11:01:51.379644Z
1kaob6b,reddit,"Tell me about the scene of ""Baby Driver"".","I am an English learner.

I have a question about the scene where Doc talks to BABY about making money.

Why ""The good news is you're about to make a lot of money.And the good news is you're about to make a A lot of money. ""Did Doc say the same thing twice?

Is this his joke? I'd be happy if someone could tell me.
",2025-04-29T13:45:16Z,movies,movies,entertainment,Entertainment,[],0,84,20,,0.76,https://www.reddit.com/r/movies/comments/1kaob6b/tell_me_about_the_scene_of_baby_driver/,InterestConscious804,2025-05-21T11:01:52.584609Z
1k55u1w,reddit,I just finished Lupin III: The Castle of Cagliostro (1979)...wow. just WOW. Hayao Miyazaki was THAT good from the begining. This just became one of my favourite heist movies,"I randomly decided to give this a watch. I've heard this is Hayao Miyazaki's first feature film and his directorial debut. It's still a couple years before studio Ghibli was established. Oh this blew my mind on multiple levels.


This was also my first Lupin The Third experience. I...I don't know how I've lived my life so far without having ever experienced the Lupin series. I'm hooked bro. I'm so hooooked. I'm gonna go out of my way and watch a couple more Lupin III movies after this. This was my first introduction to the Lupin cast and I'm already deeply in love with them and feeling nostalgic. Lupin, Jigen, Goemon, Fujiko, Zenigata. Brilliant characters.



This is 70's anime. When animation was still colored flat. And this movie still looks like a masterpiece. The background art is so gorgeous and lovely.


Cagliostro feels so green and lush and cozy. Which is a classic Miyzaki trademark. The aesthetuc choices for the enviorment deisgn is just magnificent.


I understand this is also more Miyazaki and less Lupin The Third as far as characterization and story goes. A bit more lighthearted and whimsical than how classic Lupin is. I personally had no complaints about that at all. I think it plays well into the character.",2025-04-22T13:06:22Z,movies,movies,entertainment,Entertainment,[],0,84,23,,0.87,https://www.reddit.com/r/movies/comments/1k55u1w/i_just_finished_lupin_iii_the_castle_of/,Wonder-Lad-2Mad,2025-05-21T11:01:53.654120Z
1khmsh5,reddit,What is the best Western martial arts movie?,I recently watched Blood and Bone and can confidently say Michael Jai White is incredible no matter what the movie is. But this made me wonder what other western martial arts movies are people's favorites. Bloodsport with Jean-Claude Van Damme comes to mind. What is the best Western martial arts film to you?,2025-05-08T10:32:01Z,movies,movies,entertainment,Entertainment,[],0,85,306,,0.77,https://www.reddit.com/r/movies/comments/1khmsh5/what_is_the_best_western_martial_arts_movie/,usagi-utsubyo,2025-05-21T11:01:54.732856Z
1k96cf2,reddit,"Bleecker Street Acquires Thriller ‘Relay’ Starring Riz Ahmed, Lily James and Sam Worthington from Director David Mackenzie ('Hell or High Water', 'Outlaw King') - Planning 2025 Theatrical Release",,2025-04-27T15:18:00Z,movies,movies,entertainment,Entertainment,[],0,86,8,,0.8,https://deadline.com/2024/11/riz-ahmed-thriller-relay-acquired-bleecker-street-2025-1236180311/,BunyipPouch,2025-05-21T11:01:57.803339Z
1ka1w9r,reddit,Mission: Impossible - The Final Reckoning: Exclusive IMAX Trailer,,2025-04-28T17:52:24Z,movies,movies,entertainment,Entertainment,[],0,82,33,,0.74,https://youtu.be/aRk2UyLbv04?si=InAAeRMsHJ9w2PTK,Alternative-Cake-833,2025-05-21T11:01:58.838002Z
1khtahf,reddit,What’s the worst editing mistake you’ve noticed in a high budget movie?,Big movies should theoretically have sufficient budget and enough people watching to be reviewed and edited and checked and double checked before release to avoid big obvious errors. So what’s the biggest mistake you noticed in a big movie that stunned you that it was not caught before it was released.,2025-05-08T15:42:59Z,movies,movies,entertainment,Entertainment,[],0,83,300,,0.76,https://www.reddit.com/r/movies/comments/1khtahf/whats_the_worst_editing_mistake_youve_noticed_in/,mikehocalate,2025-05-21T11:02:00.106238Z
1kdg7p5,reddit,Official Discussion - Another Simple Favor [SPOILERS],"#Poll

**If you've seen the film, please rate it [at this poll](https://strawpoll.ai/poll/vote/FdrboZByXWE2)**

**If you haven't seen the film but would like to see the result of the poll [click here](https://strawpoll.ai/poll/results/FdrboZByXWE2)**

#Rankings

[Click here](https://strawpoll.ai/list/ItnAgr4mX7QR) to see the rankings of 2025 films

[Click here](https://youpoll.me/list/4/) to see the rankings for every poll done 

---

**Summary**
Stephanie Smothers is a widow and mommy‑vlogger whose life is turned upside down when her glamorous best friend Emily mysteriously disappears. As Stephanie digs deeper she uncovers a web of secrets, lies, and betrayals that go far beyond her small town.

**Director**
Paul Feig

**Writer**
Jessica Sharzer, based on the novel by Darcey Bell

**Cast**

* Anna Kendrick as Stephanie Smothers
* Blake Lively as Emily Nelson
* Henry Golding as Sean Townsend
* Andrew Rannells as Dennis Nylon
* Rupert Friend as Gabriel Sanford
* Isabella Russo as Nicky Smothers

**Rotten Tomatoes**
[R67%](https://www.rottentomatoes.com/m/another_simple_favor)

**Metacritic**
[55](https://www.metacritic.com/movie/another-simple-favor)

**VOD**
Amazon Prime

**Trailer**
[Official Trailer on YouTube](https://www.youtube.com/watch?v=un6mlTXMdig)",2025-05-03T00:27:54Z,movies,movies,entertainment,Entertainment,[],0,82,466,,0.79,https://www.reddit.com/r/movies/comments/1kdg7p5/official_discussion_another_simple_favor_spoilers/,LiteraryBoner,2025-05-21T11:02:03.277880Z
1k9zs7m,reddit,"Dafne Keen, Sam McCarthy, Steve Buscemi, Johnny Knoxville, Josh Lucas & Sarah Chalke Starring In “Raunchy” Comedy ‘The Marshmallow Experiment’",,2025-04-28T16:26:38Z,movies,movies,entertainment,Entertainment,[],0,83,19,,0.79,https://deadline.com/2025/04/dafne-keen-sam-mccarthy-movie-marshmallow-experiment-1236378790/,cmaia1503,2025-05-21T11:02:07.432453Z
1ko8dc9,reddit,Inside the Painstaking Restoration of John Woo’s ‘Hard Boiled’,,2025-05-16T18:38:03Z,movies,movies,entertainment,Entertainment,[],0,83,7,,0.9,https://variety.com/2025/film/news/john-woo-hard-boiled-restoration-cannes-classics-1236398697/,mattisafriend,2025-05-21T11:02:08.619917Z
1kmjbu1,reddit,"‘Longlegs’ Filmmaker Osgood Perkins Launches Banner, Inks First-Look with Neon",,2025-05-14T16:18:29Z,movies,movies,entertainment,Entertainment,[],0,84,14,,0.83,https://www.hollywoodreporter.com/movies/movie-news/longlegs-filmmaker-osgood-perkins-launches-banner-1236216573/,KillerCroc1234567,2025-05-21T11:02:09.638073Z
1kleyf6,reddit,‘The Hunger Games: Sunrise on the Reaping’ Adds Kelvin Harrison Jr. As Beetee,,2025-05-13T06:20:17Z,movies,movies,entertainment,Entertainment,[],0,81,17,,0.8,https://variety.com/2025/film/news/hunger-games-sunrise-on-the-reaping-kelvin-harrison-jr-beetee-1236395325/,cmaia1503,2025-05-21T11:02:10.884219Z
1kjmd3z,reddit,Hard Boiled - 2025 Cannes Selection (with remastered trailer),,2025-05-10T22:40:22Z,movies,movies,entertainment,Entertainment,[],0,79,18,,0.85,https://www.festival-cannes.com/en/medialibrary/hard-boiled-de-john-woo-bande-annonce/,cmdrbrock,2025-05-21T11:02:12.482584Z
1khykwy,reddit,Sebastian Stan & Leo Woodall Set For Justin Kurzel’s ‘Burning Rainbow Farm’,,2025-05-08T19:16:00Z,movies,movies,entertainment,Entertainment,[],0,83,10,,0.83,https://deadline.com/2025/05/sebastian-stan-leo-woodall-to-star-burning-rainbow-farm-1236390424/,KillerCroc1234567,2025-05-21T11:02:13.493073Z
1kdyml2,reddit,40 Acres ~ Official Trailer ~ Danielle Deadwyler ~ RT Thorne,,2025-05-03T17:43:10Z,movies,movies,entertainment,Entertainment,[],0,82,10,,0.73,https://www.youtube.com/watch?v=ajH1DuwITZ8,EThorns,2025-05-21T11:02:14.827477Z
1k8bfi0,reddit,"What villain or antagonist do you still hate, regardless if they had a justified reason for their actions?","Thanos from the MCU (Marvel Cinematic Universe) is up there for me without a doubt! 

Regardless if killing half of the universe was his way of trying to “save” it and Infinity War made him somewhat sympathetic, for moments like when he found it very hard to kill Gamora to claim the Soul Stone and show grief for her death. 

I think Endgame showed us all that deep down, all he truly cares about is having power and control over everything and his true colours are shown that he has ALWAYS been a monster! ",2025-04-26T12:07:04Z,movies,movies,entertainment,Entertainment,[],0,81,272,,0.66,https://www.reddit.com/r/movies/comments/1k8bfi0/what_villain_or_antagonist_do_you_still_hate/,phantom_avenger,2025-05-21T11:02:16.117263Z
1k4nusg,reddit,How did Matilda's (1996) production create the cereal scene? The one where she fully mastered her telekinesis?,"When I was young I am really amazed on the practical effects of that movie and recently I watched it again and appreciated it more.

Couldn't find any source on how they made the cards and chips fly, and other movie magic they did. Like when she levitated the water jug, or the chalk writing.

Would appreciate if anyone could give a serious answer, thank you!",2025-04-21T20:32:57Z,movies,movies,entertainment,Entertainment,[],0,82,21,,0.78,https://www.reddit.com/r/movies/comments/1k4nusg/how_did_matildas_1996_production_create_the/,Character_Habit8513,2025-05-21T11:02:19.033109Z
1kjurmj,reddit,Movies are magic.,"Just a salute to the artform. As a lover of film, I always appreciate how a good film takes you on a journey for a couple of hours and makes you forget your real life problems for a brief period of time.

Along the way you experience great visuals, engaging stories, connect with characters, hear gorgeous music, and often times learn a thing or two about the world or human emotions. Sometimes there are themes that make you reflect and ponder over.

There is a lot written about the future of movies and there is increasing competition from various forms of entertainment for people's time. There are also reports that newer gens are not that much interested in movies as previous gens were.

But I feel movies have a place in the world and is a beautiful form of art and entertainment.",2025-05-11T06:47:43Z,movies,movies,entertainment,Entertainment,[],0,81,41,,0.78,https://www.reddit.com/r/movies/comments/1kjurmj/movies_are_magic/,Boss452,2025-05-21T11:02:20.187551Z
1k6rpwx,reddit,What's a scene in a movie that really stayed with you?,"So I'm of the opinion that everyone has that one scene that really stayed with them (or multiple), something that really pops into your head often and seemingly at random. So what's yours? Why do you think it's that one specifically?

Mine might be the Mockingjay pt 1 scene where Katniss talks to Snow during the rescue mission. Reinforces the idea that The Mockingjay could have been anyone, Katniss isn't special and isn't a revolutionary. She is just a girl trying to survive, and one of the most iconic quotes of the movies is said in the scene",2025-04-24T13:05:37Z,movies,movies,entertainment,Entertainment,[],0,79,318,,0.81,https://www.reddit.com/r/movies/comments/1k6rpwx/whats_a_scene_in_a_movie_that_really_stayed_with/,uselesssociologygirl,2025-05-21T11:02:21.356308Z
1knz995,reddit,Man frozen in a cave,"So a friend and I were talking about random movies and shows we only saw parts that we saw as kids but still remember. We have tried looking for one he mentioned and had no luck. All he can remember is the the protagonist gets frozen in a cave (he can't remember how exactly) to go into the future and but he wakes up he has gone to far into the future and he says that is how the movie ends, it's in color as some of the titles I suggested were in black and white and he shot those down. He saw it some time in the late 90s early 2000s. Can anyone hlep narrow down the movie, was to vague for AI.


Edit: 

So I shared the post with my friend and it is Army of darkness. He literally saw like the last 2 minutes and assumed it was fantasy/Syfy. Not horror comedy. We also didn't know it had an alt ending which is why I didn't think of it even though I have seen the movies. We thank everyone for the help.",2025-05-16T12:10:56Z,movies,movies,entertainment,Entertainment,[],0,81,77,,0.76,https://www.reddit.com/r/movies/comments/1knz995/man_frozen_in_a_cave/,emp9th,2025-05-21T11:02:24.198324Z
1kfg2xb,reddit,"Susan Sarandon, Everly Carganilla & Aubrey Plaza Starring In Zach Woods’ Film Directing Debut ‘The Accompanist’",,2025-05-05T16:33:15Z,movies,movies,entertainment,Entertainment,[],0,79,7,,0.83,https://deadline.com/2025/05/susan-sarandon-aubrey-plaza-zach-woods-accompanist-1236384958/,N/A,2025-05-21T11:02:25.772699Z
1k7zfyi,reddit,Official Discussion - Havoc [SPOILERS],"#Poll

**If you've seen the film, please rate it [at this poll](https://strawpoll.ai/poll/vote/GIcQN0TSHjgU)**

**If you haven't seen the film but would like to see the result of the poll [click here](https://strawpoll.ai/poll/results/GIcQN0TSHjgU)**

#Rankings

[Click here](https://strawpoll.ai/list/ItnAgr4mX7QR) to see the rankings of 2025 films

[Click here](https://youpoll.me/list/4/) to see the rankings for every poll done 

---

**Summary**  
*Havoc* follows Detective Walker, a bruised and morally ambiguous cop forced to navigate a city’s violent criminal underworld after a drug deal goes wrong. When he's tasked with rescuing a politician’s estranged son, Walker uncovers a far-reaching web of corruption involving crime syndicates and dirty cops. As he fights to survive, he must also confront his own demons in a relentless, high-stakes battle for justice. The film blends brutal, kinetic action with noir-style atmosphere and a stripped-down narrative.

**Director**  
Gareth Evans

**Writer**  
Gareth Evans

**Cast**  
- Tom Hardy as Detective Walker  
- Timothy Olyphant  
- Forest Whitaker  
- Jessie Mei Li as Ellie  
- Luis Guzmán  
- Michelle Waterson  
- Yeo Yann Yann  
- Sunny Pang  
- Xelia Mendes-Jones  
- Jim Caesar  
- Quelin Sepulveda  

**Rotten Tomatoes**: [67%](https://www.rottentomatoes.com/m/havoc_2025)  
**Metacritic**: N/A  

**VOD**  
Streaming on Netflix

**[Trailer](https://www.youtube.com/watch?v=6txjTWLoSc8)**

---",2025-04-25T23:49:20Z,movies,movies,entertainment,Entertainment,[],0,81,422,,0.86,https://www.reddit.com/r/movies/comments/1k7zfyi/official_discussion_havoc_spoilers/,LiteraryBoner,2025-05-21T11:02:26.865213Z
1k74918,reddit,TCM Classic Film Festival To Open With George Lucas And ‘The Empire Strikes Back’ & More Popular Blockbusters Than Ever From ‘Jaws’ To ‘Back To The Future’ To ‘Superman’,,2025-04-24T21:41:17Z,movies,movies,entertainment,Entertainment,[],0,78,4,,0.84,https://deadline.com/2025/04/tcm-classic-film-festival-opens-george-lucas-the-empire-strikes-back-blockbusters-jaws-blade-runner-superman-1236376446/,KillerCroc1234567,2025-05-21T11:02:30.369027Z
1k4u6nh,reddit,Movies that will distract my mind from reality,"I’ve had a really tough day dealing with my anxiety and depression. I’ve been studying for my exams nonstop and need a movie to take my mind off of everything. I don’t want a movie that will uplift me or anything, I mean a movie that will take my mind off of everything. For reference, if I hadn’t already seen Scarface, inglorious bastards, Django unchained, then those would be the perfect movie for my scenario. Please lmk if you have any suggestions for me

Update:
I chose to watch seven. HOWEVER, I feel like this constantly so PLEASE KEEP ADDING MORE MOVIES for myself and others!! Thank you so much",2025-04-22T01:17:59Z,movies,movies,entertainment,Entertainment,[],0,80,140,,0.82,https://www.reddit.com/r/movies/comments/1k4u6nh/movies_that_will_distract_my_mind_from_reality/,skrtlee7,2025-05-21T11:02:31.324386Z
1kktsn8,reddit,What movies had the potential to be great but ended up falling short?,"Prometheus always comes to mind whenever I think of a movie with wasted potential. The world building and cinematography are amazing. It’s let down by poor character development, a rushed story and frustrating character decisions.

What other movies can you think of with high potential but poor execution?",2025-05-12T14:23:39Z,movies,movies,entertainment,Entertainment,[],0,82,172,,0.83,https://www.reddit.com/r/movies/comments/1kktsn8/what_movies_had_the_potential_to_be_great_but/,FilmWaffle-FilmForum,2025-05-21T11:02:33.054193Z
1kfenfp,reddit,"People they've never made a biopic about, but they should","Pretty simple, who have they never made a biopic about that you think they really should?

I'll acknowledge I'm from Boston, so I'm a little biased, but I was checking out another post in r/baseball about recommendations for good baseball movies and it occurred to me they should make a movie about Ted Williams.  Not only was he the greatest hitter who ever played the game, he fought in two wars.  There's gotta be a story worth telling somewhere in there.  Plus, we all know how much Hollywood loves a good ""Boston Movie.""  Just please don't let Ben Affleck play him.

Maybe his life isn't controversial enough for a film?  Maybe there aren't enough movie goers left from age groups that would care enough to go see it?  I know I would, though.

So who is your choice for someone that never had a biopic made about them, but you think it'd be a pretty good movie if they did?",2025-05-05T15:36:25Z,movies,movies,entertainment,Entertainment,[],0,77,433,,0.7,https://www.reddit.com/r/movies/comments/1kfenfp/people_theyve_never_made_a_biopic_about_but_they/,Pleasant_Garlic8088,2025-05-21T11:02:35.129193Z
1kf6j1r,reddit,"What’s a movie you hated the first time, but later came to love — and why?","For me the first movie that comes to mind here is Blade Runner (82’). First watched it when I was very young and found it slow and confusing. I Revisited it a few years later and paid more attention to the cinematography, atmosphere, and theme; now I consider it one of the best sci fi films ever. Curious if anyone else had a similar experience with a film they originally didn’t like.",2025-05-05T08:27:25Z,movies,movies,entertainment,Entertainment,[],0,78,116,,0.84,https://www.reddit.com/r/movies/comments/1kf6j1r/whats_a_movie_you_hated_the_first_time_but_later/,loudimage1,2025-05-21T11:02:38.560816Z
1kc466z,reddit,"Wes Anderson: The Archives - Objects from The Grand Budapest Hotel, The Royal Tenenbaums and More to Feature in Landmark Retrospective at Design Museum, London",,2025-05-01T08:59:57Z,movies,movies,entertainment,Entertainment,[],0,77,4,,0.85,https://theartsshelf.com/2025/05/01/wes-anderson-the-archives-objects-from-the-grand-budapest-hotel-the-royal-tenenbaums-and-more-to-feature-in-design-museums-landmark-retrospective/,Phantom90AG,2025-05-21T11:02:40.414840Z
1k6fo2f,reddit,"Official Posters for ""The Last Blossom (HOUSENKA)""",,2025-04-24T01:06:03Z,movies,movies,entertainment,Entertainment,[],0,75,6,,0.85,https://i.redd.it/g7pf3me3nowe1.jpeg,Task_Force-191,2025-05-21T11:02:41.423310Z
1k44frp,reddit,"AMA/Q&A Announcement - David Bushell - Monday 4/21 at 7:00 PM ET - Director of 'Cheech and Chong's Last Movie' - Exploring their 5-decade career performing stand-up, making records, and starring in hit films. It covers their lives, comedy partnership, and lasting influence on pop culture.",,2025-04-21T03:51:22Z,movies,movies,entertainment,Entertainment,[],0,79,4,,0.79,https://i.redd.it/hkp0zoco14we1.jpeg,BunyipPouch,2025-05-21T11:02:42.631866Z
1kc9wld,reddit,Penélope Cruz & Javier Bardem To Play Married Couple On Rocky Terrain In Florian Zeller’s Psychological Thriller ‘Bunker’,,2025-05-01T14:19:59Z,movies,movies,entertainment,Entertainment,[],0,77,10,,0.88,https://deadline.com/2025/05/penelope-cruz-javier-bardem-florian-zeller-bunker-cannes-1236382353/,KillerCroc1234567,2025-05-21T11:02:43.773364Z
1k7g0sl,reddit,What are some of the most aesthetically pleasing animated movies?,"Coraline will always be my first choice for this question. The set design, cinematography and vibrant colours are fantastic. The garden scene in the other world will forever be one of my favourite animated scenes of all time. 

What other animated movies can you think of that scream “aesthetically pleasing”?",2025-04-25T08:37:54Z,movies,movies,entertainment,Entertainment,[],0,81,221,,0.81,https://www.reddit.com/r/movies/comments/1k7g0sl/what_are_some_of_the_most_aesthetically_pleasing/,FilmWaffle-FilmForum,2025-05-21T11:02:45.221103Z
1klrtjv,reddit,"'Anemone' Starring Daniel Day-Lewis Sets Release Date With Focus Features (Limited Release October 3rd, Wide Release on October 10th)",,2025-05-13T17:24:52Z,movies,movies,entertainment,Entertainment,[],0,75,32,,0.84,https://deadline.com/2025/05/anemone-daniel-day-lewis-sets-release-date-focus-features-1236395700/,NoCulture3505,2025-05-21T11:02:48.255090Z
1kmv0s8,reddit,"Hi /r/movies! I'm James Madigan, director of FIGHT OR FLIGHT. It's an action-comedy starring Josh Harnett that's out in theaters nationwide now. Ask me anything!","Hi /r/movies! I'm James Madigan, director of FIGHT OR FLIGHT. It's an action-comedy starring Josh Harnett that's out in theaters nationwide now. Ask me anything!

I'll be back tomorrow (Thursday 5/15) at 6:00 PM ET to answer your questions.

More information:

It stars Josh Hartnett, Charithra Chandran, Marko Zaror, and Katee Sackhoff 

Synopsis: 

A mercenary takes on the job of tracking a high-value asset known only as ""The Ghost"" on an international flight. Realizing the plane is filled with assassins assigned to kill them both, the pair must work together in a fight for their lives.

Trailer:

[https://www.youtube.com/watch?v=SdsHRpjfqEI](https://www.youtube.com/watch?v=SdsHRpjfqEI)

Out in theaters now. Ask me anything!

Other credits: 

James Madigan's film work includes Hart's War, The League of Extraordinary Gentlemen, Van Helsing, The Brothers Grimm, The Da Vinci Code, and HBO’s “Rome” for which he won an Emmy and two Visual Effects Society Awards. Since returning to the U.S. James has directed second unit on blockbusters like Transformers: Rise of the Beasts, Meg, RED, Snake Eyes, Iron Man 2 and G.I. Joe: Retaliation as well as TV episodes for Marvel, Netflix and Apple. James’ feature film directorial debut Fight or Flight will release in the U.S. on May 9th, 2025.",2025-05-15T00:29:48Z,movies,movies,entertainment,Entertainment,[],0,71,128,,0.75,https://i.redd.it/be7yfv26bu0f1.png,FightOrFlightAMA,2025-05-21T11:02:49.590252Z
1kgtkal,reddit,‘Shaun the Sheep: The Beast of Mossy Bottom’ Feature in the Works at Aardman,,2025-05-07T10:00:54Z,movies,movies,entertainment,Entertainment,[],0,77,7,,0.87,https://www.hollywoodreporter.com/movies/movie-news/shaun-the-sheep-the-beast-of-mossy-bottom-film-3-aardman-1236209770/,MarvelsGrantMan136,2025-05-21T11:02:52.030836Z
1knlv0b,reddit,Question about Shawshank Redemption,"It’s been a few years since I’ve seen the film, but I saw a clip from it the other day and it made me wonder: how was Andy able to assume the identity of Randall Stephens when he said earlier in the film that Randall Stephens was the one who all of the Warden’s money laundering would lead to? Didn’t Andy put himself at risk of being caught by going by that identity, or am I missing something? ",2025-05-15T22:54:11Z,movies,movies,entertainment,Entertainment,[],0,74,45,,0.75,https://www.reddit.com/r/movies/comments/1knlv0b/question_about_shawshank_redemption/,ThinkingBud,2025-05-21T11:02:53.224144Z
1khnvf6,reddit,Any slightly more obscure quotations you use daily?,"I'm not talking about your ""I have a bad feeling about this"" or ""I could do this all day"". Those lesser known soundbites; the more obscure the better. 

Mine is ""Would that it t'were so simple"" from the Coen Brothers' 'Hail Caesar!'. Every variation of it that they go through. I rarely find anyone who recognises the quotation, although the film was great with a stacked cast.",2025-05-08T11:36:11Z,movies,movies,entertainment,Entertainment,[],0,73,435,,0.77,https://www.reddit.com/r/movies/comments/1khnvf6/any_slightly_more_obscure_quotations_you_use_daily/,Toby1066,2025-05-21T11:02:54.514642Z
1kdym75,reddit,What’s a type of movie you’d like to see make a comeback?,"What's a type of movie you think could use a resurgance? For me I'd love to see more grounded character movies like were popular in the in the 70s. A bit slower but full of rich characters and unique, personal dramatic situations. 

The studio system doesn't like to take chances but what do you think is a chance worth taking?

----
ITT Every movie imaginable haha

----
Also in this thread, a recurring theme is fun movies. Shit is too serious these days. ",2025-05-03T17:42:42Z,movies,movies,entertainment,Entertainment,[],0,75,311,,0.84,https://www.reddit.com/r/movies/comments/1kdym75/whats_a_type_of_movie_youd_like_to_see_make_a/,rawsynergy,2025-05-21T11:02:58.215531Z
1k66d5g,reddit,"Dave Franco and Alison Brie Horror ""Together"" to Open Sydney Film Festival",,2025-04-23T18:22:07Z,movies,movies,entertainment,Entertainment,[],0,71,7,,0.82,https://au.variety.com/2025/film/news/sydney-film-festival-together-dave-franco-alison-brie-21842/,Ironyfree_annie,2025-05-21T11:03:01.055387Z
1kp2ri6,reddit,"Lynne Ramsay's 'Die, My Love' - Review Thread","*In a remote forgotten rural area, a mother struggles to maintain her sanity as she battles with psychosis.*

Cast: Jennifer Lawrence, Robert Pattinson, LaKeith Stanfield, Sissy Spacek

(couldn't seem to update the last post so I'm making a new one, hoping it works now)

Rotten Tomatoes: [92%](https://www.rottentomatoes.com/m/die_my_love_2025)

Metacritic: [N/A (updating)](https://www.metacritic.com/movie/die-my-love)

Some Reviews:

[BBC - Nicholas Barber](https://www.bbc.com/culture/article/20250517-die-my-love-review-jennifer-lawrence-is-better-than-ever-in-a-searing-portrait-of-motherhood) \- 3/5

>Die, My Love should probably be shown to teenagers as a warning of how repetitive, exasperating and alienating it can be to look after a baby. Ramsay makes expert use of countless techniques – detailed sound design, insistent music, mixed-up chronology, bizarre dream sequences – to convey the sense that Grace is becoming blearily adrift from reality: she may be even more unstable than the traumatised protagonist of Ramsay's last film, 2017's You Were Never Really Here.

[Variety - Owen Glieberman](https://variety.com/2025/film/reviews/die-my-love-review-jennifer-lawrence-robert-pattinson-1236401527/)

>Jennifer Lawrence’s performance feels so explosive but, at the same time, so emotionally reined in. In “Die My Love,” you feel the power of her presence, the hellbent quality of her rage. When it comes to chewing out a blabby cashier, crawling around like an animal, trashing the bathroom and pouring soap products all over the floor, or bashing her head on a mirror, she’s an ace wastrel. But the very force of her destruction makes us want to go: What is happening?

[IndieWire - Ryan Lattanzio](https://www.indiewire.com/criticism/movies/die-my-love-review-jennifer-lawrence-lynne-ramsay-1235124227/) \- 'B'

>Seeing “Die My Love” at Cannes, European critics will be unfazed by Lawrence’s unvarnished and very naked turn, though in the U.S., she will be commended for her “bravery.” If enough people see it at all to make such an appraisal. Her performance will shock the baser public. What Lawrence achieves here is extremely impressive, a marquee movie star throwing herself with abandon into a filmmaker’s warped and demandingly miserable vision. A last visual metaphor, however strained, forces us (and Jackson) to finally see Grace for who she is: a woman beyond the pale, beyond reproach, beyond help. Lawrence is committed to the insanity. She’s never been better, and she needs no help getting to where this film takes her. Lynne Ramsay, wind her up and watch her go.

[Independent UK - Monks Kaufman](https://www.independent.co.uk/arts-entertainment/films/reviews/die-my-love-review-cannes-jennifer-lawrence-b2752523.html?utm_medium=Social&utm_source=Twitter#Echobox=1747514822) \- 3/5

>MVP here is Robert Pattinson, whose layered performance contains both the man that Grace cannot abide and the one who is worried about his wife. His expression when she asks why he is stressed is so despairing that it deepens Jackson in one fell swoop. It’s a shame to single out a male performance in a tale of primal femininity. There is simply no one for Lawrence to bounce off and no structure against which to craft an emotional trajectory. She is dancing on her own.

[The Wrap - Chase Hutchinson](https://www.thewrap.com/die-my-love-review-robert-pattinson-and-jennifer-lawrence-are-outstanding-in-haunting-domestic-horror/)

>Even as it’s not Ramsay’s best film, even a minor work from the filmmaker is still better than just about any other director. There remains a haunting power that she’s able to wield over her audience. Both Pattinson and Lawrence are outstanding in their roles — the latter becomes a protagonist of sorts while the other is a pseudo-antagonist. We can see the anger, fear and isolation in their every move, with the vacancy that exists behind their eyes proving to be the most chilling part of the whole affair.

[DEADLINE - Damon Wise](https://deadline.com/2025/05/die-my-love-review-lynne-ramsay-jennifer-lawrence-robert-pattinson-1236402485/)

>America knows very well how good Jennifer Lawrence can be, and this could well mean a fifth Oscar nomination if it lands in savvy hands. It could also be the film that takes Ramsay into the next stage of her career. As producer Martin Scorsese well knows, she’s a genius. And now, it turns out — goddammit — she can sing too.

[Collider - Emma Kiely](https://collider.com/die-my-love-review-jennifer-lawrence-robert-pattinson/) \- 8/10

>*Die, My Love* feels like Ramsay’s way of showing how versatile she is. It’s not as hopeless and disturbing as something like *We Need to Talk About Kevin,* following the optimism of her last film, the desolate crime thriller, *You Were Never Really Here*. But what it has in common with all of her work is that it draws out the little ways humans can be so destructive to themselves and each other. *Die, My Love* is further proof that no one is doing it like Lynne Ramsay, whose technique and style continue to evolve, as she draws out a career-best performance from Jennifer Lawrence in a must-see thriller spectacle that turns a single woman’s experience into a brutally honest psychological epic.",2025-05-17T20:40:44Z,movies,movies,entertainment,Entertainment,[],0,73,19,,0.84,https://www.reddit.com/r/movies/comments/1kp2ri6/lynne_ramsays_die_my_love_review_thread/,ChiefLeef22,2025-05-21T11:03:02.180707Z
1kik1p0,reddit,Friendship - Limited Release Discussion,"Anyone else catching the limited release of Friendship?  I saw it last night.  Comedy is obviously subjective but as a fan of I Think You Should Leave (and Detroiters), this film was probably the most I've laughed in theaters since Pop Star.  It's a fairly simple plot that goes down these cul de sacs of bits.  
I imagine it will be very off-putting to many people but will become a bit of a cult classic among people who love this kind of humor.",2025-05-09T14:36:27Z,movies,movies,entertainment,Entertainment,[],0,72,98,,0.97,https://www.reddit.com/r/movies/comments/1kik1p0/friendship_limited_release_discussion/,Mattyzooks,2025-05-21T11:03:03.350057Z
1kaz1l8,reddit,‘The Legend of Ochi’ Revives an Extinct Kind of Filmmaking,,2025-04-29T21:09:05Z,movies,movies,entertainment,Entertainment,[],0,70,9,,0.78,https://www.theatlantic.com/culture/archive/2025/04/the-legend-of-ochi-movie-review/682635/?utm_source=reddit&utm_medium=social&utm_campaign=the-atlantic&utm_content=edit-promo,theatlantic,2025-05-21T11:03:05.263980Z
1k9xio4,reddit,"‘Twilight Of The Warriors: Walled In’ Wins Nine Prizes Including Best Film At Hong Kong Film Awards - The martial arts action thriller, set in the infamous Kowloon Walled City in 1980s Hong Kong, also won best editing, cinematography, art direction, sound design, costumes & make-up, choreography.",,2025-04-28T14:54:32Z,movies,movies,entertainment,Entertainment,[],0,74,15,,0.88,https://deadline.com/2025/04/twilight-of-the-warriors-last-dance-hong-kong-film-awards-1236378357/,BunyipPouch,2025-05-21T11:03:06.311728Z
1k9g2e1,reddit,What is the technique called when there is a edit-reversed footage shot?,"The most common example iv noticed is when a character is looking forward and then looks down in the original shot. However it is then edited (reversed) to make it so the character looks up from looking down originally. 

Personally i find it very obvious but have never understood the reasoning. Is it intentional to give a surreal/irregular feel? Or is it because they didn’t have the shot they needed so just sort of butchered an already existing shot to fit the narrative? 

Their eye movement and blink just its really unnatural but i’v not seen any evidence or articles mentioning this besides a couple of Reddit posts asking the same thing. 

What prompted me to post this question was i noticed it on Nicholas Hoult’s character in The Menu. If that helps the explanation of scene. 

I have included the shot in question, watch how his eyes flick. This is obviously reversed. 

https://imgur.com/a/Rl7kq3N",2025-04-27T22:15:10Z,movies,movies,entertainment,Entertainment,[],0,72,38,,0.8,https://www.reddit.com/r/movies/comments/1k9g2e1/what_is_the_technique_called_when_there_is_a/,ollymillmill,2025-05-21T11:03:07.910590Z
1kgak4d,reddit,"‘Drive My Car’ Director Ryusuke Hamaguchi to Make His Next Film ‘All of the Sudden’ in Paris With Virginie Efira, Tao Okamoto",">Hamaguchi, who is currently in Paris preparing for the movie, penned the script with Léa Le Dimna, loosely inspired by a collection of real-life exchanged letters published in the book “Youn and I – The Illness Suddenly Get Worse,” by Makiko Miyano and Maho Isono.
>In the book “You and I — The Illness Suddenly Get Worse,” which was brought to Hamaguchi by Matsuda from Office Shirous, a philosopher and an anthropologist are exchanging letters discussing their thoughts on chance and risk, and their relationship develops into something more personal when the philosopher’s health suddenly deteriorates.
>*“Death becomes a subject they discuss and exchange a lot about, and gradually, it becomes an encounter between two souls,”* says Hamaguchi, who ultimately decided to transpose the story in France, and turn the epistolary relationship into a real one between two women, a Japanese theater director and French director of a nursing home.",2025-05-06T17:36:22Z,movies,movies,entertainment,Entertainment,[],0,73,24,,0.8,https://variety.com/2025/film/global/drive-my-car-ryusuke-hamaguchi-paris-efira-tao-okamoto-1236387071/,HotOne9364,2025-05-21T11:03:09.237753Z
1kcqa9q,reddit,Another Simple Favor,"I just watched the movie and I really liked it, I found it entertaining, funny, surprising and exciting, it kept me hooked from beginning to end. I wonder if there will be a sequel or if this was the end because Portia's made me think with everything that happened with Blake and it seems like she had problems with the Anna, would she do the 3.",2025-05-02T02:26:02Z,movies,movies,entertainment,Entertainment,[],0,72,189,,0.75,https://www.reddit.com/r/movies/comments/1kcqa9q/another_simple_favor/,IntelligentTart293,2025-05-21T11:03:10.508651Z
1kczs6k,reddit,"In ‘The History of Sound’, Paul Mescal and Josh O’Connor’s Tender Romance Defines a Complex Life (First Images)",,2025-05-02T12:31:12Z,movies,movies,entertainment,Entertainment,[],0,69,3,,0.82,https://www.vanityfair.com/hollywood/story/history-of-sound-paul-mescal-josh-oconnor-first-look-awards-insider,KillerCroc1234567,2025-05-21T11:03:14.592622Z
1k9vcpc,reddit,"I Know Catherine, The Log Lady - Trailer",,2025-04-28T13:19:23Z,movies,movies,entertainment,Entertainment,[],0,71,4,,0.85,https://www.youtube.com/watch?v=TNsNVIocysE,Bennett1984,2025-05-21T11:03:15.587854Z
1k5zf18,reddit,"Charles Melton To Star In Nicolas Winding Refn's Next Movie At Neon - ""Her Private Hell""",,2025-04-23T13:39:27Z,movies,movies,entertainment,Entertainment,[],0,72,13,,0.79,https://deadline.com/2025/04/charles-melton-nicolas-winding-refn-neon-1236374644/,NoCulture3505,2025-05-21T11:03:16.610036Z
1kmoxwj,reddit,‘The Hunger Games: Sunrise On The Reaping’ Casts Lili Taylor As Mags,,2025-05-14T20:01:04Z,movies,movies,entertainment,Entertainment,[],0,68,7,,0.8,https://deadline.com/2025/05/hunger-games-sunrise-on-the-reaping-adds-lili-taylor-mags-1236397432/,NoCulture3505,2025-05-21T11:03:17.658448Z
1kge7vy,reddit,"Toni Collette - The Australian actress who rose from being the ugly duckling star of ""Muriel's Wedding"" to an internationally famous movie star","An actress who got her big international break in 1994 as the lead in Muriel's Wedding, which led to other box office hits such as Emma, The Sixth Sense, Little Miss Sunshine, Hereditary, and Knives Out, she has simply never stopped working.

She prefers independent films over Hollywood blockbusters, claiming independent films are more flexible, and focus on character and plot over CGI and ""popcorn for the eyes."" Independent film directors seek her out, claiming she is the best actress working today with her versatility and perfect communication solely through facial expressions.

Shy, witty, and having an insatiable appetite to learn, let's discuss the great Australian actress Toni Colette.

PS - A movie few saw but shows a different side of Toni Collette and certainly makes her character in Hereditary look tame by comparison was her highly disturbing turn as the sadistic girlfriend of a psychopath in ""THE BOYS"", a movie based on the infamous murder of Anita Cobby in 80s Australia. Give it a watch if you haven't seen it yet.",2025-05-06T20:04:01Z,movies,movies,entertainment,Entertainment,[],0,69,23,,0.77,https://www.reddit.com/r/movies/comments/1kge7vy/toni_collette_the_australian_actress_who_rose/,Davis_Crawfish,2025-05-21T11:03:18.826114Z
1ke1grc,reddit,"Hi Reddit! I'm Rahul Kohli — you might know me from iZombie, Midnight Mass, and The Haunting of Bly Manor. I'm also a huge gamer and a passionate Liverpool F.C. fan. AMA!",,2025-05-03T19:47:28Z,movies,movies,entertainment,Entertainment,[],0,69,3,,0.81,/r/Fauxmoi/comments/1ke1feu/hi_reddit_im_rahul_kohli_you_might_know_me_from/,rfauxmoi,2025-05-21T11:03:20.069797Z
1kdgibw,reddit,"Burning (2018) is a wonderful movie. A hypnotic, moody slow-burn that refuses to provide any easy answers","You know it's funny, as I was watching Burning, I kept thinking to myself that something about the story feels very familiar. It’s like I’ve seen elements from it in other places before. It’s only after I rolled credits and looked up some details on Wikipedia that it hit me – it’s based on a story by Haruki Murakami, and I had completely missed that detail in the opening credits.

It seems so obvious in retrospect because Burning contains pretty much all of Murakami’s classic tropes: a young, directionless man without much of a personality. A hot manic-pixie dream girl drawn to the protag for unknown reasons. A surreal, dreamlike atmosphere. A well. Shots of the protagonist running. And of course, a cat! 

Jokes aside, Burning is a pretty terrific movie, but it’s also a pretty elusive one that isn’t really eager to provide any easy answers. I suspect that it’s probably going to leave a lot of people unsatisfied because of the way it plays coy with pretty much every aspect of its narrative but that’s what I loved about it. It leaves a lot open to interpretation and lets you draw your own conclusions.

I’m not sure if mine are right or wrong, but I have a few thoughts. The concept of the ""Big Hunger"" seems to drive a lot of the narrative forward. All 3 of the characters found something within each other to fill that metaphorical gaping void. Haemi to have someone to trust and feel validated by. Jongsu to feel some kind of meaningful physical sensation to jolt him out of his life of drudgery. And Ben...I suppose he felt fulfillment by finding these lost and lonely girls and essentially using them as prizes to maintain the image of his cool, rich alpha male life? At least that's what I gathered from the trophies in his bathroom - he parades these beautiful women around until he gets bored and moves on to the next one.

I'm still perplexed at Haemi's disappearance from the movie about 2/3 of the way through. I could be wrong, but I took it to mean that at that point, she had stopped mattering to both Jongsu and Ben. Ben was already moving on to the next girl after getting bored with Haemi, and Jongsu was more obsessed with Ben's lifestyle and personality than caring about Haemi as a person. There definitely seems to be some commentary about misogyny here as well. In addition to Ben's treatment of Haemi, Jongsu calling her a whore for dancing half-naked while high is pretty telling.

And all the talk of burning and burning imagery - I took it as a symbol of rebirth and continuance. To move on from something, you have to burn it and destroy it. I'm not sure if Ben saying he burns greenhouses down every few months correlates with him finding a new ""trophy"" girl. And maybe Jongsu burned down Ben in his car to try and move on from his obsession of him.

I'm sure you could spend a lot more time interpreting the movie but I'll leave that for the comments. Storytelling aside, it works really well as a pure vibe piece. It's so atmospheric and moody, and gets downright eerie and menacing at times. The cinematography is gorgeous as well with some unforgettable shots and sequences.

The performances are top notch as well. Steven Yeun is fantastic as Ben, and seeing him play this charismatic and sinister bad boy was a blast. The actors who play Jongsu and Haemi are damn good as well.

I'm still thinking about the movie and it's really trying to say. Might need to watch it another time but would love to discuss it in the meantime.

",2025-05-03T00:42:55Z,movies,movies,entertainment,Entertainment,[],0,71,23,,0.83,https://www.reddit.com/r/movies/comments/1kdgibw/burning_2018_is_a_wonderful_movie_a_hypnotic/,keepfighting90,2025-05-21T11:03:21.682832Z
1kknb0i,reddit,Sandra Oh to Star in Wang Xiaoshuai's Thriller 'Child's Play',,2025-05-12T08:21:04Z,movies,movies,entertainment,Entertainment,[],0,70,5,,0.82,https://variety.com/2025/film/global/sandra-oh-wang-xiaoshuai-thriller-childs-play-1236392330/,LushCharm91,2025-05-21T11:03:22.989027Z
1k6szdi,reddit,What’s a quip you’ve heard that you adopted into your own vocabulary?,"Movies have lots of pithy sayings and cool one-liners, but we don’t always use those lines in our own day to day lives. But sometimes they’re funny enough or quick enough or expressive enough that we end up adding it into our own lexicon of phrases. 

As one example for me personally, in The Incredibles when Bob aka Mr. Incredible lost his cool and threw his boss through several walls and outed himself as a secret Super, and he remarks to his government agent buddy that he thinks he’s fired, and his buddy just gives him the sarcastic “oh, you think?”

I’ve definitely said that or thought that, exactly the way he said it, in my life when an incredibly obvious statement or question comes up. 

What’s yours?",2025-04-24T14:01:46Z,movies,movies,entertainment,Entertainment,[],0,67,346,,0.76,https://www.reddit.com/r/movies/comments/1k6szdi/whats_a_quip_youve_heard_that_you_adopted_into/,Faust_8,2025-05-21T11:03:24.071469Z
1kp1o69,reddit,"Empire’s Top 100 Films, No Country for Old Men, 12/100","In an attempt to watch more movies, I decided to watch Empires list of top 100 movies. I take dumb notes and write down my favorite lines then I put them here. Going from 100 to 1 (with exceptions), aiming for 1 movie each day. Disclaimer, I know nothing about movies and am bad at critical thinking. I will have many terrible takes. 

**Notes from No Country for Old Men, movie #89** 

- whooo we’re in the 80s! this is flying by 
- i, once again, have absolutely zero clue what this is about! let’s have some fun 
- ah jeez that poor deputy 
- holy shit the look on javier bardems face is so intense 
- so we’re off to a wild start! 
- idk why i thought this movie was set in the wild wild west 
- DAMN 
- he shot him through the head with OXYGEN 
- i love the silence with just the wind howling over the desert 
- already very into this 
- what happened here! 
- oh shit that’s a lot of drugs 
- WHOAAAAA
- THATS A LOT OF MONEY
- “hmm” reasonable reaction 
- “what’s in the satchel?” “it’s full of money.” “that’ll be the day” 
- this movie is so pretty 
- holy shit dude this is insane 
- oh my god the dog jumping at him 
- aw it’s little whimpers :( ik it was gonna kill him or whatever but still 
- god bardem is kind of terrifying 
- “what’s the most you’ve ever lost in a coin toss?”
- oh is he gonna kill him if he loses 
- i am seriously loving this so far 
- the dialogue is amazing 
- other directors need to take notes because THIS is how you do lighting when it’s dark 
- god he’s a stone cold sociopath 
- OH it’s tommy lee jones!! 
- god i love southernisms
- “oh hells bells, they even shot the dog”
- i’m sorry this is a total nitpick but who the HELL takes eggs out in that order, all willy-nilly 
- the shots of the reflections in the tv are so cool 
- oh he’s smart, hiding it all the way back in the vent 
- also shout out to the detail of the vent being gross and dusty! 
- i appreciate a smart protagonist 
- ooooo the case has some sort of tracker 
- i am so stressed oh my god he’s totally gonna hear llewelyn poking around in the vents 
- jesus christ that oxygen gun is horrifying 
- YOOO WOODY HARRELSON
- “Did i ask you to sit?” “No, sir. But you struck me as a man who wouldn’t want to waste a chair.” 
- YESS he’s finally checking the briefcase 
- jesus christ the scene in the room with chigurh slowly getting closer 
- insane 
- this movie uses silence like a goddamn weapon 
- the sound design is just !
- captivating 
- “give me that beer, too” he has his priorities straight 
- if i woke up, after the night llewelyn just had, to a mariachi band playing at me, i would. i don’t even know what id do 
- “you’ve seen him? and you’re not dead? hm” now that’s aura 
- NOOO WOODY
- “is carson wells there?” “not in the sense that you mean” god he is actually fucking terrifying 
- *casually moves his feet away from the pool of blood* 
- jesus the sound design is almost too good
- love hearing a man gurgle and choke on his own blood 
- mannnn rip llewelyn 
- he just didn’t know when to quit 
- “well, all the time you spend trying to to get back what’s been took from you, more is going out the door. after a while you just have to try get a tourniquet on it.”
- man poor carla jean 
- “the coin ain’t got no say” 
- they showed that green light and i KNEW he was gotta get hit 
- god 
- that movie was insane 

**Final Thoughts:**

This movie was incredible. One thing that really struck me is that, despite all the chaos and violence, it took its time. It lingered on specific images, and let quiet, still moments speak for themselves. Each character was brilliant and I absolutely adored the dialogue. And the ending! I can imagine there were probably many people who felt unsatisfied but I personally loved it. Nobody wins, nobody gets out on top. The story concludes itself quietly and calmly. 

- Enjoyment: 9
- Plot: 9
- Visuals: 10

**Overall: 9.3/10**

Does it deserve a top 100 spot? Totally 
",2025-05-17T19:51:32Z,movies,movies,entertainment,Entertainment,[],0,71,20,,0.71,https://www.reddit.com/r/movies/comments/1kp1o69/empires_top_100_films_no_country_for_old_men_12100/,salmonpapayas,2025-05-21T11:03:27.129760Z
1knbon6,reddit,"Maybe someone can change my mind, but Babygirl didn’t work for me on any level","I just don’t get the point of the film. Are we supposed to pity Kidman’s character? I was never rooting for her, and a lot of the time, I just felt sorry for her.

Dickson’s character is such a piece of shit, and treats her terribly…but is that the point? I never once felt like the two had any chemistry, or fondness for one another. The lengths her character went to, to seemingly attract Dickinson became so glaringly pathetic, that I had to look away. And again, he treats her like shit. Was that first sex scene between Dickinson and Kidman supposed to be “erotic” or “sexy”? Because again, I just felt sorry for her. 

Towards the end, the film alludes to her character taking the bedroom techniques that she learned from Samuel, and incorporating them with her husband…but it didn’t feel like Kidman gave a shit about her husband. It felt like Banderas’ character could’ve divorced her, and she wouldn’t have cared. In no way was I ever intrigued or invested in her marriage. 

The film just felt like a series of vignettes, with no clear beginning, middle or end. It’s one of those films, that when it ended, the first words out of my mouth were “That’s it?”.

I just didn’t care. I didn’t care about any of the characters. I didn’t care about her marriage, career, affair, etc.

I was talking with a close friend about the film. He made it clear that he felt the film was about female empowerment and sexual freedom…and I couldn’t disagree more. 

Maybe I’m not thinking about it correctly. I don’t know. I may watch it again. 

Can anyone change my mind? ",2025-05-15T15:53:00Z,movies,movies,entertainment,Entertainment,[],0,69,35,,0.75,https://www.reddit.com/r/movies/comments/1knbon6/maybe_someone_can_change_my_mind_but_babygirl/,Single_Reason7898,2025-05-21T11:03:28.307062Z
1klwqey,reddit,What's a remake that was later retroactively brought into the same continuity as the original movie?,"Inspired to ask this after watching the trailer for *Karate Kid: Legends,* which will feature both Ralph Macchio's character from the 1984 original movie and Jackie Chan's character from the 2010 remake.  That means the remake is now canonically part of the wider Karate Kid universe when it was originally just a remake of the first movie.

Is this the first time something like this has happened?  Or are there other examples where a movie's remake was later canonically brought into the same continuity as the original movie?",2025-05-13T20:38:23Z,movies,movies,entertainment,Entertainment,[],0,70,62,,0.8,https://www.reddit.com/r/movies/comments/1klwqey/whats_a_remake_that_was_later_retroactively/,drumwolf,2025-05-21T11:03:29.441745Z
1kl8x08,reddit,Aliens(1986) rewatch,"Probably one of my top 3 movies.  Old enough to have seen it opening weekend when I was in HS.   Rewatching it again now.   It never occurred to me that the action really doesn’t start until 70 minutes in.  It was a slow build to stomach action that is just incredible.  

I miss storytelling in movies.  The tension that is created is lost today.  I’ve tried showing my daughter, but she’s become so trained by the MCU era of movies, that the idea of plot building seems lost.  I’ll get off my old man screams at clouds soapbox now.  ",2025-05-13T00:45:18Z,movies,movies,entertainment,Entertainment,[],0,67,49,,0.78,https://www.reddit.com/r/movies/comments/1kl8x08/aliens1986_rewatch/,Nero3k,2025-05-21T11:03:31.353366Z
1kdekha,reddit,What’s a movie you loved (or hated) but could never watch again?,"Ive always wanted to watch Eternal Sunshine of the Spotless Mind (2004). Featuring Jim Carry and Kate Winslet, but haven't built up the courage to because I hear so many people mention how gut wrenching it is. So I was curious of course and wanted to ask reddit, what are some movies you'd never watch again because of this? ",2025-05-02T23:07:07Z,movies,movies,entertainment,Entertainment,[],0,72,240,,0.76,https://www.reddit.com/r/movies/comments/1kdekha/whats_a_movie_you_loved_or_hated_but_could_never/,Looniluz,2025-05-21T11:03:32.560224Z
1krexti,reddit,"Movies you watched as kids that made you go ""What the hell am I watching""","When I was 8, I caught the cover of a VHS tape of Fantasia at the local video store and I was obsessed. All I could think of was Mickey Mouse is a wizard, he looks so cool, this must be a fun adventure movie. So I instantly decided I needed to buy it but I didn't have the money for it so I saved my allowances. 

By the time I had enough money, I bought the tape and hurried home, super happy. Then I put it on the player and when it started with the orchestra and all, I was like, uh???!! THen it got weirder and less fun. The classical music, the scary mountain, the forest, the hippo. Even when Mickey showed up, it wasn't what I expected so I was like Homer and Bart when they realized Paint Your Wagon wasn't a bloody Western. I was pissed!!!",2025-05-20T20:13:48Z,movies,movies,entertainment,Entertainment,[],0,88,120,,0.86,https://www.reddit.com/r/movies/comments/1krexti/movies_you_watched_as_kids_that_made_you_go_what/,Davis_Crawfish,2025-05-21T11:03:35.638363Z
1kl62b9,reddit,"""Crimson Tide"" at 30 | How the US Navy tried to influence a very different story for the 1995 blockbuster",,2025-05-12T22:31:35Z,movies,movies,entertainment,Entertainment,[],0,65,38,,0.84,https://filmstories.co.uk/features/crimson-tide-how-the-us-navy-tried-to-influence-a-very-different-original-story/,Amaruq93,2025-05-21T11:03:37.418815Z
1k5eigz,reddit,Brawl in cell block 99 was one of Vince Vaughns best movies I've seen him in.,I like him as a comedian. Seeing him serious was really great. I have no idea I've never seen this until today. My only opinion was that I didn't like the title of the movie. The story was good.  His dark hero character was interesting. Seeing him bald he's almost unrecognizable. I like that there's no set up for a sequel it's a complete movie within. What are some other one and done movies that need no sequel?,2025-04-22T19:01:56Z,movies,movies,entertainment,Entertainment,[],0,66,85,,0.7,https://www.reddit.com/r/movies/comments/1k5eigz/brawl_in_cell_block_99_was_one_of_vince_vaughns/,mikerockitjones,2025-05-21T11:03:38.676901Z
1krfygb,reddit,"AMA/Q&A Announcement - Joel McHale - Wednesday 5/21 at 5:00 PM ET - Actor and comedian from 'Community', 'The Soup', 'Animal Control', 'Becky', 'California King', 'Ted', 'The Bear', 'A Futile and Stupid Gesture', and much more.",,2025-05-20T20:55:34Z,movies,movies,entertainment,Entertainment,[],0,108,37,,0.81,https://i.redd.it/nvdh7xpz202f1.png,BunyipPouch,2025-05-21T11:03:40.366495Z
1kp7pbt,reddit,10 of David Lynch’s Favorite Films,,2025-05-18T00:42:40Z,movies,movies,entertainment,Entertainment,[],0,67,24,,0.7,https://www.indiewire.com/gallery/david-lynch-favorite-movies-stream/,indiewire,2025-05-21T11:03:41.531749Z
1kmelzo,reddit,"Hi r/movies! I’m musician & actor David Yow. My newest film A DESERT is out now in theaters from Dark Sky Films. I also star in Dinner in America w/ Kyle Gallner, I Don’t Feel at Home in This World Anymore & the upcoming The Toxic Avenger. I’m also the vocalist for noise rock band Jesus Lizard. AMA!",,2025-05-14T13:02:51Z,movies,movies,entertainment,Entertainment,[],0,64,104,,0.78,https://i.redd.it/f1qmg69irq0f1.png,DavidYowAMA,2025-05-21T11:03:42.676491Z
1klpjos,reddit,"Kate Mara to Star in Vampire Romantic Comedy ‘She Kills Them’ by Director Dan Clark, Hailing From Tea Shop Films, The Project",,2025-05-13T15:55:52Z,movies,movies,entertainment,Entertainment,[],0,67,2,,0.78,https://variety.com/2025/film/news/kate-mara-vampire-romantic-she-kills-them-dan-clark-tea-shop-1236394175/,NoCulture3505,2025-05-21T11:03:44.850522Z
1kf73k8,reddit,David Lean's unmade epic 'NOSTROMO',,2025-05-05T09:09:04Z,movies,movies,entertainment,Entertainment,[],0,67,15,,0.78,https://www.youtube.com/watch?v=WBYsIzAryps,truth-4-sale,2025-05-21T11:03:45.821179Z
1k56l2d,reddit,Jurassic World Rebirth to be  scored by Alexandre Desplat,,2025-04-22T13:40:55Z,movies,movies,entertainment,Entertainment,[],0,64,18,,0.76,https://ew.com/jurassic-world-rebirth-switches-composers-alexandre-desplat-exclusive-11719200,Chocobodude,2025-05-21T11:03:46.916564Z
1kiwtfa,reddit,Indiana Jones small character moments,"Rewatching Indiana Jones and the Temple of Doom, first time for my wife. I apologize for not correcting that sooner. Watching the scene where Indy and Short Round get stuck in the trap, small character moment I saw was Indy has a moment to escape after the first door closes but stops himself as the second door is closing. There isn’t enough time to escape but he stops himself to try and get Short Round through, realizes there isn’t enough time and they both end up stuck in the trap.
I thought it was a very positive character moment for Indy, even though it is a dangerous situation, he doesn’t forget about Short Round. What do you all think, and does anyone else have a small character moment that stands out for them?",2025-05-09T23:49:06Z,movies,movies,entertainment,Entertainment,[],0,64,40,,0.77,https://www.reddit.com/r/movies/comments/1kiwtfa/indiana_jones_small_character_moments/,Redleg84,2025-05-21T11:03:48.118152Z
1khkw35,reddit,"If you could erase one movie from your memory to experience again with fresh eyes, what would it be?","It doesn’t necessarily have to be your favourite movie. It could be a movie that made you sit back and question the meaning of life or a shocking twist you want to experience for first time again. 

My pick fits into the latter category, Identity (2003). Probably one of the most unexpected and well executed twists I’ve ever seen.",2025-05-08T08:16:59Z,movies,movies,entertainment,Entertainment,[],0,64,306,,0.72,https://www.reddit.com/r/movies/comments/1khkw35/if_you_could_erase_one_movie_from_your_memory_to/,FilmWaffle-FilmForum,2025-05-21T11:03:49.198741Z
1k9kalj,reddit,Scream 2 - Gale Weathers’ chase through the recording studio is such a great scene,"Been marathoning Scream movies and I just love this scene so much. One of my favorite chase scenes from any horror movie tbh. I love how they used the soundproof rooms and the way you can see Ghostface just behind her in the studio walls. 

And I just love Gale and Dewey so even though I’ve seen this movie 100 times, I’m still upset when he gets stabbed. Courteney Cox sla the hell out of it too and I think Scream 2 is my favorite version of Gale.

Between this and the scene with Sidney and Hallie having to escape from the back of the cop car, Scream 2 has some of my favorite setpieces in the franchise.",2025-04-28T01:49:25Z,movies,movies,entertainment,Entertainment,[],0,61,15,,0.8,https://youtu.be/H2FOaNL_CNE?si=UYRc6YPoc_3KoxPi,Craphole-Island,2025-05-21T11:03:51.984283Z
1kk036b,reddit,What movie left you speechless… and no one else seems to remember it?,"There are films that didn't win awards or appear on famous lists, but that left their mark on you because of their story, atmosphere, or performances. Those are the ones you saw once and couldn't forget, even though few others talk about them. What is that film that had a lasting impact on you and you feel has been unfairly forgotten?",2025-05-11T12:39:21Z,movies,movies,entertainment,Entertainment,[],0,64,256,,0.72,https://www.reddit.com/r/movies/comments/1kk036b/what_movie_left_you_speechless_and_no_one_else/,MojonConPelos,2025-05-21T11:03:53.065151Z
1kfn9rc,reddit,People talk about Sandler performances in uncut gems and such but his character in funny people is amazing and overlooked.,Rewatching funny people right now currently on MAX! And Adam sandlers character is amazing. Full self awareness but also funny as any comedian would probably be in that situation. He also eventually takes full control of his past mistakes it seems and knows wrong from right. Anyone else feel this way about this movie? ,2025-05-05T21:18:06Z,movies,movies,entertainment,Entertainment,[],0,60,43,,0.66,https://www.reddit.com/r/movies/comments/1kfn9rc/people_talk_about_sandler_performances_in_uncut/,Admirable-Cat7434,2025-05-21T11:03:55.375144Z
1knh1nz,reddit,'Jason Universe' Reveals New Jason Voorhees Designed by Makeup Effects Legend Greg Nicotero,,2025-05-15T19:29:07Z,movies,movies,entertainment,Entertainment,[],0,63,37,,0.77,https://bloody-disgusting.com/news/3868657/friday-the-13th-owners-reveal-new-jason-voorhees-designed-by-special-effects-legend-greg-nicotero/,NoCulture3505,2025-05-21T11:03:56.508662Z
1kkupb0,reddit,Color of Night (1994) - re:Visit,,2025-05-12T15:00:34Z,movies,movies,entertainment,Entertainment,[],0,63,41,,0.71,https://www.youtube.com/watch?v=KzfQEZoF8jk,Jazzlike-Camel-335,2025-05-21T11:03:57.723288Z
1ki934z,reddit,I need a movie that can make me cry.,"I have seen my fair share of ""sad"" movies that other people say make them cry (Eternal Sunshine of the Spotless Mind, The Wild Robot, Interstellar). I need a truly gut wrenching, tear duct wringing film that I will be thinking about for weeks. I don't have a specific genre, animated, drama, thriller. I just need a really heartbreaking movie, because I've always found it difficult to cry during a movie/tv show.",2025-05-09T03:35:23Z,movies,movies,entertainment,Entertainment,[],0,63,557,,0.75,https://www.reddit.com/r/movies/comments/1ki934z/i_need_a_movie_that_can_make_me_cry/,BeanBoi_79,2025-05-21T11:03:58.917150Z
1k9sbhz,reddit,Alexander Payne Announced As Jury President At 2025 Venice Film Festival,,2025-04-28T10:33:33Z,movies,movies,entertainment,Entertainment,[],0,63,1,,0.79,https://deadline.com/2025/04/venice-film-festival-2025-jury-president-1236378609/,KillerCroc1234567,2025-05-21T11:04:03.200415Z
1kik66t,reddit,Paramount’s Republic Pictures Takes International Rights To Tim Robinson & Paul Rudd Comedy ‘Friendship’,,2025-05-09T14:41:47Z,movies,movies,entertainment,Entertainment,[],0,61,7,,0.84,https://deadline.com/2025/05/paul-rudd-friendship-sells-paramount-republic-pictures-a24-1236391331/,KillerCroc1234567,2025-05-21T11:04:04.230612Z
1k5n4b0,reddit,AMA/Q&A Announcement - Cheech & Chong - Thursday 4/24 at 4:00 PM ET,,2025-04-23T01:22:37Z,movies,movies,entertainment,Entertainment,[],0,59,3,,0.82,https://i.redd.it/1pfbms03lhwe1.png,BunyipPouch,2025-05-21T11:04:05.573754Z
1krdzp4,reddit,Japanese psychological horror film ‘The Exit 8’ premiered yesterday at the Cannes Film Festival. First reviews are positive.,"**Screen International**:

> ""A rare game-based movie that actually has the feel of a game, with confoundingly tricky rules, Exit 8 should achieve solid cult status beyond Japan""

**South China Morning Post**:

> ""Genki Kawamura has turned a simple premise – in which a player is made to run repeatedly down a short underground passage to search for a way out – into a psychological thriller exploring a man’s guilt and redemption"".

**IMDb**: 8.1/10 (7 ratings)",2025-05-20T19:35:24Z,movies,movies,entertainment,Entertainment,[],0,75,3,,0.83,https://www.screendaily.com/reviews/exit-8-review-tokyos-subway-is-an-endless-purgatory-in-ingenious-video-game-adaptation/5205197.article,Yaya0108,2025-05-21T11:04:07.103039Z
1kpon38,reddit,Movies for 5.1 sound system?,"So I just installed sony's 5.1 surround sound system and very excited to try it out. I want to get the best experience possible. What movie should i go for? I have Netflix subscription. But open to other recommendations as well (not bound by netflix only). Any help would be great. 
Language: preferably english",2025-05-18T16:57:16Z,movies,movies,entertainment,Entertainment,[],0,61,85,,0.83,https://www.reddit.com/r/movies/comments/1kpon38/movies_for_51_sound_system/,Serious_Statement702,2025-05-21T11:04:08.123307Z
1k5u5do,reddit,What movies that you saw the first time and instantly knew it would be iconic?,"The title says it all really. What are those movies that you’ve watched and immediately thought this film will be iconic. You didn’t need to go online or read a review or even talk to your friends. You just knew it. 
A couple of obvious examples for me; The Matrix, Star Wars: A New Hope, Mad Max Fury Road. 

Edit: holy fuck - blown away by the response to this post! This is what I love about this sub. I’ve learned about some great films I haven’t seen and will do soon and had some lols about others. Awesome. 

I’ll try to reply to as many as I can but I don’t think I’ll get to all of them. Ngā mihi nui to you all. ",2025-04-23T08:32:50Z,movies,movies,entertainment,Entertainment,[],0,58,371,,0.76,https://www.reddit.com/r/movies/comments/1k5u5do/what_movies_that_you_saw_the_first_time_and/,GhostChips42,2025-05-21T11:04:09.781947Z
1k5czbw,reddit,"George Lucas, Steven Spielberg to Present AFI Life Achievement Award to Francis Ford Coppola",,2025-04-22T18:01:31Z,movies,movies,entertainment,Entertainment,[],0,58,4,,0.82,https://www.hollywoodreporter.com/movies/movie-news/george-lucas-steven-spielberg-afi-francis-ford-coppola-1236197944/,ChiefLeef22,2025-05-21T11:04:12.773280Z
1kd6f96,reddit,"Will Poulter, Kit Connor & Manu Ríos To Star In Medieval Zombie Horror ‘Rapture’ For Elevation, 2AM & Brookstreet; HanWay Launching Sales For Cannes",,2025-05-02T17:16:33Z,movies,movies,entertainment,Entertainment,[],0,58,0,,0.84,https://deadline.com/2025/05/will-poulter-kit-connor-manu-rios-zombie-horror-rapture-1236383845/,KillerCroc1234567,2025-05-21T11:04:13.802255Z
1k8s6rg,reddit,Bullet Train Explosion is the speed 2 I wish we got in the 90s.,"This movie is so good and so fun. It's the 90s type action movie that I enjoy. In the 1990s we got Speed. Dumb, fun movie. And then they followed that up with speed 2. Such a disappointment. This movie that takes place in Japan, reminds me of that type of 90s over the top, bad plot, fun movie. The only thing the movie is missing is a one liner. ",2025-04-27T01:11:29Z,movies,movies,entertainment,Entertainment,[],0,60,36,,0.81,https://www.reddit.com/r/movies/comments/1k8s6rg/bullet_train_explosion_is_the_speed_2_i_wish_we/,Significant-Basket76,2025-05-21T11:04:14.744364Z
1koavp2,reddit,EXIT 8 - Official Teaser | Feature film based on the game,"A man trapped in a endless sterile subway passageway sets out to
find Exit 8. The rules of his quest are simple: do not overlook anything
out of the ordinary. If you discover an anomaly, turn back immediately.
If you don’t, carry on. Then leave from Exit 8.
But even a single oversight will send him back to the beginning. Will
he ever reach his goal and escape this infinite corridor?",2025-05-16T20:24:11Z,movies,movies,entertainment,Entertainment,[],0,58,8,,0.79,https://youtu.be/05gfeo6Ipmg?si=FqxszA4ksb8vvUmo,mayukhdas1999,2025-05-21T11:04:15.823318Z
1k9xuoc,reddit,New Posters for ‘Mission: Impossible - The Final Reckoning’,,2025-04-28T15:08:00Z,movies,movies,entertainment,Entertainment,[],0,58,14,,0.75,https://imgur.com/a/Zs8zm0J,KillerCroc1234567,2025-05-21T11:04:16.811861Z
1k56e6v,reddit,"Hi /r/movies! We are Nahéma Ricci (lead actress), Annick Blanc (director/writer) & Maria Gracia Turgeon (producer) of HUNTING DAZE, a Canadian thriller that premiered at SXSW in 2024. A stranded young woman joins a group of hunters at a remote cabin, threatening the group's balance. Ask us anything!","More information:

Nina, a young, tempestuous woman, finds herself stranded in the far North. She convinces five men on a bachelor hunting trip, to put her up for a few days. In this masculine microsociety, by turns hilarious and philosophical, Nina starts to feel a sense of belonging she never has before. But a mysterious stranger’s arrival changes the course of this improvised holiday forever. Both raw and dreamlike, Hunting Daze offers up a unique universe where humour, horror, the uncanny, and the sensual combine.

Our film played at SXSW, Fantasia, Sydney FF, KVFF, and more in 2024. It's out now in the US and Canada on Digital.

Trailer:

[https://www.youtube.com/watch?v=O66TVAcpeFM](https://www.youtube.com/watch?v=O66TVAcpeFM)

Nahéma was also the star of 2019's \*\*Antigone\*\* from French-Canadian director Sophie Deraspe, which won five Canadian Screen Awards (and TIFF's Best Canadian Film Award) and was submited to the Oscars as Canada's Best International Feature Film choice.

Maria was twice-nominated for an Oscar for Best Live Action Short Film (\*\*Fauve\*\* in 2019 and \*\*Brotherhood\*\* in 2020, both from Canada).

This is Annick's feature directorial debut.

We will be back at 4 PM ET today (Tuesday 4/22) to answer your questions. Ask us anything!

",2025-04-22T13:32:04Z,movies,movies,entertainment,Entertainment,[],0,59,60,,0.76,https://i.redd.it/d3rm59260ewe1.png,HuntingDaze,2025-05-21T11:04:17.794751Z
1kjb27b,reddit,Which movie performances that you loved rarely gets talked about the most?,"Jake Gyllenhaal in Prisoners

He was the best part of the film and why the film was so successful critically as it was. He stole the whole film.

The character of Detective Loki was so complex and incredibly written. His portrayal of the role was convincing and believable.

He definitely should have gotten an Oscar nominated for it let alone the film should have gotten more attention than it did.

Jake is one of the top working actors with great range and versatility who often doesn’t get recognized for roles like this",2025-05-10T14:04:38Z,movies,movies,entertainment,Entertainment,[],0,59,94,,0.75,https://www.reddit.com/r/movies/comments/1kjb27b/which_movie_performances_that_you_loved_rarely/,Zackerz0891,2025-05-21T11:04:19.210538Z
1kj14vd,reddit,‘Goosebumps’ Actress Odeya Rush Joins Horror-Thriller ‘Corporate Retreat’,,2025-05-10T03:43:00Z,movies,movies,entertainment,Entertainment,[],0,57,1,,0.76,https://bloody-disgusting.com/movie/3867732/goosebumps-actress-odeya-rush-joins-horror-thriller-corporate-retreat/,Sonia341,2025-05-21T11:04:20.766502Z
1kepss7,reddit,Bone tomahawk?,"I rewatched bone tomahawk. I think the move was brilliantly made. The movie was not very long but still had great character development. 

It kept you intrigued and made you need to see the ending. The sheriff was a great leader and selfless man. The way he treated the old man with respect and trusted his experience and skills even though he had clear deficiencies was amazing. 

The way he said goodbye to the old man in the end was emotional for a horror movie as well. 

I think overall this movie was better than its reviews. 

What is everyone's opinion about it? 

Also, I like how it gives some insight to the old man's past, leaving it ambiguous to the viewer to make up in their minds what the old
Man has seen. 
It also doesn't give much back story about Bright Hope or the people who live there or how it was established. 

Also, what do you guys think about the ending when the old
Man throws the rock? Does the sheriff survive? All good things to think about. ",2025-05-04T17:49:07Z,movies,movies,entertainment,Entertainment,[],0,53,32,,0.74,https://www.reddit.com/r/movies/comments/1kepss7/bone_tomahawk/,LagarretsBlount,2025-05-21T11:04:21.715810Z
1kq0d2r,reddit,What is your favorite peak 90’s action film?,"Thinking like classic Don Simpson/Jerry Bruckheimer films…personally The Rock always rises to the top, but Crimson Tide and Speed are also in heavy rotation when I’m feeling this genre. Something about the pacing, camera movement, tight storytelling and a pretty consistent rotation of actors always makes this era and genre of movie stand out to me, with the benefit of hindsight.

No they’re not particularly smart or compelling in the traditional film sense, but in an age where everything is franchised it’s interesting to look back to an era when popcorn movies were original and stood alone. What are your favorite films from this era and genre?

Edit: oh man, the problem with writing this kind of post sparked by watching one movie (The Rock in this case) is you forget all the other great movies in the genre. Just a quick edit on my Mount Rushmore of 90s films it has to be Fifth Element, T2, The Rock, and Speed. But also love all these others in the comments!",2025-05-19T01:56:56Z,movies,movies,entertainment,Entertainment,[],0,58,209,,0.77,https://www.reddit.com/r/movies/comments/1kq0d2r/what_is_your_favorite_peak_90s_action_film/,bynapkinart,2025-05-21T11:04:22.796386Z
1kccz2j,reddit,What movie was amazing but the trailer turned you off?,"Goslings Drive looked like a F&F rip off, that ended up being some amazing Neo-noir, action flick. 

Furiosa looked terrible from the previews. 

Edge of tomorrow looked like a cheap ass tom cruise action flick. 

The grey sold us Liam Neeson punching wolves but instead ended up being some deep survival drama.",2025-05-01T16:27:16Z,movies,movies,entertainment,Entertainment,[],0,58,91,,0.74,https://www.reddit.com/r/movies/comments/1kccz2j/what_movie_was_amazing_but_the_trailer_turned_you/,keenynman343,2025-05-21T11:04:24.983959Z
1k7zxfw,reddit,"I just finished the first Rambo movie for the umpteenth time, casually found while channel surfing... and I genuinely feel the desire to share my opinion as a non-expert","I don't have the knowledge for a real review but, to me, **this film is a truly jewel**

Ironically, in my country, Rambo may be used as meme. It's a joking for those person who throw themself headlong into a problem, thinking he can solve all by themself

What Rambo represents, however, is the exact opposite: he is a symbol of **humanity fragility**

Probably Rambo is not a committed movie... but how many other action movies deal with such important themes?

The amazing thing is how these themes are not exploited for political propaganda by those who, perhaps, are sharply aligned; they are told for what they are in themselves and the impact they have on people, how we are all victims

Because, let's be honest, whatever your opinion of Vietnam War, the pain, the loneliness... the contradictions suffered by veterans were tremendous. And it's something that can flood into broader contexts, precious to show the damage of war... **not just during, even after**

Then we have even more: how health is not only physical, but also mental. Denunciation of police abuses. The weak picking on the even weaker. Hatred of the unknown in favor of maintaining an illusory status quo

One of the very few action films that does not overdo with... exaggerations. A film that, within limits, tries to keep itself realistic, plausible. The action is there, but it's secondary to the telling of the story, of the protagonist and his message we talked about above

You're not watching explosions, jumps, missiles, fast vehicles... you're watching the vicissitudes of a **man**; you're feeling his emotions. You can empathise

Last but not least, I try to delve a little bit into the more technical part. The **shots, the cinematography**... I love them. They manage to make you feel the vibes of those places; the cloudy, muggy Northwest, the thick coniferous forests, mountains, the smell of rain and wet earth

For me, a hiking lover, it's simply something magical. It feels like being there, walking through the trees, vibing and living a new adventure

And finally, this time for real, how an ending is important to hold this boring wall of text together... there is one thing that holds all these points of the film together: the **music**. There is little to say, except that takes me back in time. Sweet nostalgia. Thanks, Rambo

Thanks to you all for reading",2025-04-26T00:13:09Z,movies,movies,entertainment,Entertainment,[],0,60,57,,0.7,https://www.reddit.com/r/movies/comments/1k7zxfw/i_just_finished_the_first_rambo_movie_for_the/,SouI23,2025-05-21T11:04:26.520759Z
1k461oa,reddit,Charlie Brown and the Eternal Eggless Easter: A Study in Animated Despair,,2025-04-21T05:30:48Z,movies,movies,entertainment,Entertainment,[],0,56,8,,0.78,https://substack.com/@movietownbrown/note/p-161754039?r=1geuao&utm_medium=ios&utm_source=notes-share-action,HoboSnobo,2025-05-21T11:04:27.825424Z
1kcjty0,reddit,"What are some visually stunning, slow-burn films with a strong emotional or narrative payoff?","Just watched Portrait of a Lady on Fire and was completely mesmerized by its visual beauty, quiet intensity, and emotional storytelling. I’m looking for more films like this, slow-paced but gripping, where every frame feels like art, and the story unfolds with emotional depth. 

Open to any language or genre, as long as it leaves a lasting impact. What should I watch next?

Edit - I should have added something that available on streaming for free. ",2025-05-01T21:13:52Z,movies,movies,entertainment,Entertainment,[],0,52,177,,0.75,https://www.reddit.com/r/movies/comments/1kcjty0/what_are_some_visually_stunning_slowburn_films/,tin369,2025-05-21T11:04:28.875396Z
1k8msy8,reddit,Pleasantville,"Who here has seen this movie? I think it's a very good one about the loss of innocence in our society and how this is a good thing. It also touches on how ignorance can breed racism and intolerance, and why knowledge and creativity need to be encouraged. I wish that more people in our society would learn this lesson!",2025-04-26T20:47:35Z,movies,movies,entertainment,Entertainment,[],0,55,35,,0.75,https://www.reddit.com/r/movies/comments/1k8msy8/pleasantville/,dcterr,2025-05-21T11:04:30.871406Z
1k7d6qt,reddit,Just for fun. What movie do you always watch if it happens to come on,"Point Blank just came on while I was flipping through channels, and I haven't watched it since it came out, but I have come across it 2x in the last year and watched both times.  Not my favorite by any means, but still find it a good watch/stands the test of time.  So it got me thinking what movies my fellow redditors also rewatch (not necessarily seeking it out) when it comes on.

Not asking for favorites necessarily, just for fun, and maybe I'll find a movie or two to check out from your responses! 

Edited: typos and RIP Patrick Swayze ",2025-04-25T05:19:58Z,movies,movies,entertainment,Entertainment,[],0,59,250,,0.8,https://www.reddit.com/r/movies/comments/1k7d6qt/just_for_fun_what_movie_do_you_always_watch_if_it/,tme77,2025-05-21T11:04:31.930360Z
1kjzdli,reddit,"AMA/Q&A Announcement - David Mamet - Monday 5/12 at 2:00 PM ET - Oscar-nominated, Pulitzer-prize-winning, Tony-nominated director, writer, and playwright 'Glengarry Glen Ross', 'The Untouchables', 'House of Games', 'Wag the Dog', 'Hannibal', 'Homicide', 'Hoffa', 'The Verdict', and 'Henry Johnson'",,2025-05-11T11:59:53Z,movies,movies,entertainment,Entertainment,[],0,53,11,,0.72,https://i.redd.it/26qz9ze0750f1.png,BunyipPouch,2025-05-21T11:04:34.260872Z
1kglafo,reddit,"Submarine films: Run Silent, Run Deep","What a movie! I just watched it for the first time. I was a bit worried about the effects going in, but damn. That depth charge sequence had me at the edge of my seat. When the torpedo got loose! Man, what an intense death scene for 1958. Hell, intense for today.



Any lesser-known sub films I should watch next?",2025-05-07T01:20:50Z,movies,movies,entertainment,Entertainment,[],0,54,77,,0.85,https://www.reddit.com/r/movies/comments/1kglafo/submarine_films_run_silent_run_deep/,Pure_Salamander2681,2025-05-21T11:04:35.259082Z
1k5ljc8,reddit,We need to talk about kevin,"So…I finally decided to watch We Need to Talk About Kevin. After finishing the movie, I came straight here to see what people had to say about the ending and the film overall. One question that keeps coming up is: Why didn’t Kevin kill his mother?

A lot of people interpret it as Kevin wanting to punish her or provoke a reaction—and while I agree with that interpretation to some extent, I have a different take I’d like to share.

I think Kevin didn’t kill his mother because doing so would’ve given his actions a clear motive. Let me explain.

There’s a scene where his mother asks him why he collects those “crash CDs,” and he replies: “There is no point. That’s the point.” That line really stuck with me. It shows that Kevin is fascinated by meaningless things—things that have no purpose.

Which brings me to my theory: he killed his father, sister, and classmates because there was no reason to. His father was kind to him, his sister was just a child, and the classmates didn’t really do anything to him. There was no personal vendetta. And in Kevin’s twisted worldview at the time, that lack of meaning made it worth doing.

But killing his mother? That would have made sense. That would have had a clear motive:revenge, hatred, resentment. And that’s exactly why he didn’t do it.

At the end of the movie, when she asks him “Why?”, he says, “I used to think I knew. Now I’m not so sure.” To me, that shows he’s grown out of that phase of finding meaning in meaninglessness, and now he’s left with confusion and regret, or at least uncertainty.
",2025-04-23T00:03:04Z,movies,movies,entertainment,Entertainment,[],0,56,29,,0.75,https://www.reddit.com/r/movies/comments/1k5ljc8/we_need_to_talk_about_kevin/,alotofbruhmoments,2025-05-21T11:04:36.766750Z
1k4ufeo,reddit,Just bought a Possessor poster. Brandon Cronenberg is doing his father proud—this might be one of the smartest shockers I’ve seen.,"I think \*Possessor\* (2020) is an absolute beast of a film. Grotesque, potent, and genuinely intelligent — not just another slick horror concept, but a brutal, evocative exploration of identity, corporate ethics, and psychological fragmentation. The idea of possession-as-a-service for assassination, with plausible deniability baked into its very mechanics (“no one would believe it anyway”), is such a strong sci-fi premise. But what really blew me away is how \*\*expertly it’s implemented\*\*.

The creative violence feels like early Rodriguez if he had a Cronenberg soul. Every shock is earned, not just stylized — and that final stretch? Devastating. Cronenberg Jr. Doesn’t just live up to his dad’s legacy — he’s mutating it into something uniquely his own.

I loved it so much I bought a poster. Next on my haul is \*Possession\* (1981), which I’ve heard is equally deranged but in a totally different register.

Anyone else vibe with \*Possessor\* this hard? Or have other twisted, intelligent horror recs in the same lane?",2025-04-22T01:30:33Z,movies,movies,entertainment,Entertainment,[],0,54,17,,0.75,https://www.reddit.com/r/movies/comments/1k4ufeo/just_bought_a_possessor_poster_brandon_cronenberg/,N/A,2025-05-21T11:04:37.841313Z
1kp5ma6,reddit,From Hollywood to Your Garage: The Screen-Used “Barricade” Mustang from Transformers is Up for Grabs,,2025-05-17T22:55:42Z,movies,movies,entertainment,Entertainment,[],0,54,5,,0.72,https://auto1news.com/from-hollywood-to-your-garage-the-screen-used-barricade-mustang-from-transformers-is-up-for-grabs/,riki73jo,2025-05-21T11:04:38.843161Z
1kougym,reddit,Movies need more villains like Gen. Francis X. Hummel in The Rock (1996).,"*The Rock* isn't one of my favorite movies, not by a long shot, but besides having some really quotable lines, it has one feature that I'd like to see more of. Ed Harris's Gen. Hummel is a complicated villain who is unequivocally wrong in his actions but simultaneously right in his motives. The sympathetic criminal trope isn't anything new, and it's certainly not unique to *The Rock.* De Niro's Neal McCauley in *Heat* is another great example, which *is* one of my favorite movies. Though calling McCauley the villain is a stretch. Even some comic book films accomplish this to a greater or lesser degree. I'm thinking of Killmonger's death scene on the cliff, watching the sun setting over Wakanda. I don't think enough was done to develop that sympathy over the course of the film, though. It's only in the end that we begin to really sympathize with him. Even though he has some perfectly reasonable criticisms of Western colonialism, it's always framed through the desire to do harm, which doesn't endear him to audiences. It's really my only criticism of *Black Panther*. I guess I just like some ambiguity with my villains when I can get it. I also like it when the hero isn't necessarily ""right."" I'll be honest, I didn't rewatch *The Rock* before posting this, so maybe my memory is faulty, but I just remember Gen. Hummel as a very complicated, very human character who had seen some shit in his years serving a country that didn't always seem grateful. Who's your favorite complicated villain?",2025-05-17T14:36:20Z,movies,movies,entertainment,Entertainment,[],0,55,32,,0.72,https://www.reddit.com/r/movies/comments/1kougym/movies_need_more_villains_like_gen_francis_x/,PunkShocker,2025-05-21T11:04:40.012691Z
1kmq9v3,reddit,Movie recs for someone raised in a cult??,"So, I was born and raised in a cult. I got out in late 2020 (27 yrs old) and wow did I miss a lot lol there are so many classics and solid movies that I've missed. This seems like a good sub to ask for recommendations!

I've seen most Disney movies, Star Wars, and have (finally) seen all of the LOTR and Harry Potter movies. 

I've been wanting to see all the things I missed, be able to understand references and jokes, etc. But when I try to start, I get so many random results and recommendations that I get overwhelmed. I'm making a spreadsheet with all the movie recs so I can check them off and feel a bit more in control on where to start lol

My hubby got to show me Goonies for the first time last year! But most movies I've never seen. Give me your ""Must Watch"" list, please!!! ",2025-05-14T20:55:22Z,movies,movies,entertainment,Entertainment,[],0,56,90,,0.76,https://www.reddit.com/r/movies/comments/1kmq9v3/movie_recs_for_someone_raised_in_a_cult/,ItsTooPeopleyOutside,2025-05-21T11:04:41.365346Z
1kcpxna,reddit,Official Discussion Megathread (Thunderbolts* / The Surfer) Plus Throwback Discussions,"# New Theatrical Releases

[Clown in a Cornfield](https://old.reddit.com/r/movies/comments/1ki7l69/official_discussion_clown_in_aa_cornfield_spoilers/?)

[Fight or Flight](https://old.reddit.com/r/movies/comments/1ki7l7u/official_discussion_fight_or_flight_spoilers/?)

[Shadow Force](https://old.reddit.com/r/movies/comments/1ki7l93/official_discussion_shadow_force_spoilers/?)

# 25th Anniversary Throwback Discussion Threads

[Gladiator](https://old.reddit.com/r/movies/comments/1ki7lag/official_throwback_discussion_gladiator_spoilers/?)

[I Dreamed of Africa](https://old.reddit.com/r/movies/comments/1ki7lci/official_throwback_discussion_i_dreamed_of_africa/?)


# Still in Theaters

[Thunderbolts*](https://old.reddit.com/r/movies/comments/1kcpug8/official_discussion_thunderbolts_spoilers/?)

[The Surfer](https://old.reddit.com/r/movies/comments/1kcpuhw/official_discussion_the_surfer_spoilers/?)

[The Accountant 2](https://old.reddit.com/r/movies/comments/1k79o5r/official_discussion_the_accountant_2_spoilers/?)

[The Legend of Ochi](https://old.reddit.com/r/movies/comments/1k79o78/official_discussion_the_legend_of_ochi_spoilers/?)

[Until Dawn](https://old.reddit.com/r/movies/comments/1k79o90/official_discussion_until_dawn_spoilers/?)

[Sinners](https://www.reddit.com/r/movies/comments/1k1tsoo/official_discussion_sinners_spoilers/?)



# On Streaming

[Another Simple Favor](https://old.reddit.com/r/movies/comments/1kdg7p5/official_discussion_another_simple_favor_spoilers/?)

[Havoc](https://old.reddit.com/r/movies/comments/1k7zfyi/official_discussion_havoc_spoilers/?)",2025-05-02T02:07:12Z,movies,movies,entertainment,Entertainment,[],0,54,0,,0.8,https://www.reddit.com/r/movies/comments/1kcpxna/official_discussion_megathread_thunderbolts_the/,LiteraryBoner,2025-05-21T11:04:43.046863Z
1k5yagf,reddit,"What's Your ""You HAVEN'T Seen That?!"" Movie?","What's ONE movie that is considered a classic, a must-see, or just incredibly popular that you have somehow... never actually seen?

For me, it's **The Lord of the RIngs**. Every time it comes up in conversation, I get *that* look.

What's your ""how have you not seen that?!"" movie? I'm genuinely curious.",2025-04-23T12:47:22Z,movies,movies,entertainment,Entertainment,[],0,57,538,,0.71,https://www.reddit.com/r/movies/comments/1k5yagf/whats_your_you_havent_seen_that_movie/,ThirtyIsTheNewForty,2025-05-21T11:04:43.980250Z
1k4on42,reddit,"David Cronenberg has a new film coming out. I saw 3 of his classics in theaters this month (Rabid, Fly, Crash). Got a favorite or what do you think of him?","His new one is just coming out, but he’s been making people uncomfortable since the ’70s.

I recently caught *Rabid*, *The Fly*, and *Crash* in theaters... each one incredibly absorbing in its own way. He’s just *so* good at body horror and making you squirm.

*Crash* was especially wild. There’s no traditional plot... it's more about mood and atmosphere. The whole thing is sexual, creepy, and totally hypnotic.

He’s moved away from straight horror but has stayed completely relevant.

I want to see Crimes of the Future before I catch the new one. ",2025-04-21T21:05:13Z,movies,movies,entertainment,Entertainment,[],0,55,87,,0.77,https://www.reddit.com/r/movies/comments/1k4on42/david_cronenberg_has_a_new_film_coming_out_i_saw/,Freddy-Philmore,2025-05-21T11:04:47.605276Z
1kolzoo,reddit,"""The Black Stallion"" is one of the greatest tonal masterpieces of all time.","If you've never seen it...watch it in a completely dark room, on a big screen, with the volume turned up.  This movie is about sound, and visuals.  Turn off your phone, and any other distractions.

It's ostensibly a kids' story...I was born in 1979, the year the movie came out, so admittedly it has a certain nostalgic appeal to me, especially since I looked a lot like the protagonist boy, Alec.

But it's not really a kids' film...and Alec is not the real protagonist, either.

The first twenty minutes of it are almost something like gothic horror.  Then it effortlessly transforms into something completely different.

It's a movie that you can almost close your eyes to, and just *hear* the story.  It's visceral, in a way that's rarely ever shown on screen.

&nbsp;


It's one of those ""acid trips"" of a movie.  Meant to be ""felt"", much more than narrated. It's almost like a fever-dream.

Anyone else here who has seen it?  Don't spoil anything, but I'd love to hear if anyone else appreciates it, the way I do.",2025-05-17T06:00:51Z,movies,movies,entertainment,Entertainment,[],0,51,34,,0.76,https://www.reddit.com/r/movies/comments/1kolzoo/the_black_stallion_is_one_of_the_greatest_tonal/,Tidezen,2025-05-21T11:04:49.278533Z
1klc01z,reddit,Best animal performance in a movie,"So I’m rewatching John Carpenter’s The Thing, and they got legit performances out of these dogs. There’s like, nuance to the dog that’s “infected”. It’s in that cage ‘acting funny’ like I’d imagine an alien would. 

Idk excuse my rambling, got me thinking though, what are some other good or just iconic performances by animals in movies?

Also note, it sucks because I don’t know how animal friendly movie sets were in the 80s, hopefully not bad. ",2025-05-13T03:23:21Z,movies,movies,entertainment,Entertainment,[],0,49,150,,0.73,https://www.reddit.com/r/movies/comments/1klc01z/best_animal_performance_in_a_movie/,Its-Jut,2025-05-21T11:04:50.401244Z
1kbfm1x,reddit,"‘How to Train Your Dragon’, ‘Lilo & Stitch’ to Screen in China Despite Trade Dispute",,2025-04-30T12:47:29Z,movies,movies,entertainment,Entertainment,[],0,52,5,,0.75,https://www.bloomberg.com/news/articles/2025-04-29/disney-universal-films-to-screen-in-china-despite-trade-dispute,MarvelsGrantMan136,2025-05-21T11:04:52.283151Z
1kaxpou,reddit,Lost in Starlight | Official Teaser | Netflix,,2025-04-29T20:14:03Z,movies,movies,entertainment,Entertainment,[],0,52,8,,0.75,https://youtu.be/pV_-COLJOiY?si=w8rvdlaEtIRHSXBv,MiserableSnow,2025-05-21T11:04:53.278215Z
1knccav,reddit,"‘Waltzing With Brando’, Starring Billy Zane As Brando, is set for North American release via Iconic Releasing on September 19",,2025-05-15T16:19:49Z,movies,movies,entertainment,Entertainment,[],0,47,26,,0.78,https://deadline.com/2025/05/waltzing-with-brando-billy-zane-brando-us-release-september-1236399332/,DemiFiendRSA,2025-05-21T11:04:54.234475Z
1kjrqof,reddit,Warfare,"Sorry if I’m late to this, I just joined this sub literally to talk about this movie. I kinda like war movies, whether it’s something like fury or saving private ryan, there’s TONS of Great War movies. I haven’t seen one like this though. I don’t know really what it was about this one, it was just different. And I have read that it was incredibly realistic, and people with PTSD actually had a hard time sitting through it. But watching the end credits was a really cool finish, especially seeing the actual people go through how they would clear a street/area. So am I kinda overreacting here or was this legit a good movie?",2025-05-11T03:33:50Z,movies,movies,entertainment,Entertainment,[],0,48,55,,0.69,https://www.reddit.com/r/movies/comments/1kjrqof/warfare/,DakPrescoot,2025-05-21T11:04:55.327664Z
1k7sn2w,reddit,Do any of you guys have choice anxiety?,"I think of watching a movie. I open youtube I search for an hour atleast and jot down 10 best movies in bla bla genre.

I select a favourite one, I search on which platform I could find it. It's not where to be found. I get sad. I try for hours to find the movie. I fail. At this point I might make a fresh list. I make lists. Lists. Lists. Crazy 🤣 right!

Do you guys have this issue like choice anxiety? I end of scrolling reels a few minutes later.",2025-04-25T18:48:02Z,movies,movies,entertainment,Entertainment,[],0,48,87,,0.72,https://www.reddit.com/r/movies/comments/1k7sn2w/do_any_of_you_guys_have_choice_anxiety/,Gravitycaliber,2025-05-21T11:04:56.752171Z
1kkfz46,reddit,"Hi r/movies! I’m Max Talisman: writer, director, actor & producer of Things Like This, a romantic comedy about self-worth, connection and queer love without apology. It hits theaters Friday, May 16. Excited to chat with you. Ask me anything!","Hi r/movies! I’m Max Talisman: writer, director, actor & producer of Things Like This, a romantic comedy about self-worth, connection and queer love without apology. It hits theaters Friday, May 16. Excited to chat with you. Ask me anything!

Synopsis:

Struggling writer Zack Anthony meets Zack Mandel, an assistant to a talent agent. Their connection begins with a small act of kindness and soon grows after a disastrous but comedic first date. As they spend more time together, they uncover a surprising shared past that feels like fate. Despite personal challenges and misunderstandings, their bond deepens as they navigate what could be the start of something special.

Trailer:

[https://www.youtube.com/watch?v=tMQIedljySI&pp=0gcJCdgAo7VqN5tD](https://www.youtube.com/watch?v=tMQIedljySI&pp=0gcJCdgAo7VqN5tD)

  
I'll be back tomorrow Monday 5/12 at 8:00 PM ET to answer your questions. Ask me anything!",2025-05-12T00:51:36Z,movies,movies,entertainment,Entertainment,[],0,49,56,,0.64,https://i.redd.it/0ftx9k4j090f1.png,ThingsLikeThisAMA,2025-05-21T11:04:58.321174Z
1kc2kvz,reddit,Havoc (2025) CGI?,"Wow, the CGI in this was incredibly distracting; did anyone else notice how everytime there was a car chase it turned into like PlayStation graphics?  Even when they are within a car and talking the background can be incredibly distracting because it's so poorly done.  This thing definitely reads like one of those Netflix productions with plastic visuals.  But it had Tom Hardy so I watched it.",2025-05-01T07:01:28Z,movies,movies,entertainment,Entertainment,[],0,49,46,,0.82,https://www.reddit.com/r/movies/comments/1kc2kvz/havoc_2025_cgi/,poopsmog,2025-05-21T11:04:59.739147Z
1k8lyd8,reddit,Anyone have movie suggestions similar to Dredd,"Just watched it and LOVEDDDD it. I’m looking for a move that TOPS this with a super cool main character, crazy one liners, lots of action. Sry, I’m just rly excited loll 

So far movies that have come close: None.   If I rly push it: matrix, v for vandetta, The dark knight I guess, the gentleman with Matthew 

Edit: I hear the consensus is Raid. Thanks all for the suggestions. It’s going down tonight ",2025-04-26T20:08:47Z,movies,movies,entertainment,Entertainment,[],0,46,132,,0.72,https://www.reddit.com/r/movies/comments/1k8lyd8/anyone_have_movie_suggestions_similar_to_dredd/,No-Touch-6067,2025-05-21T11:05:00.838563Z
1kqi6l9,reddit,Vulture ranked every time Joey Pants has died onscreen,"this writer crunched the numbers, and listed all his deaths:

>**How often does Joe Pantoliano die?** There are 160 credits in Pantoliano’s filmography, and 25 on this list, which excludes animation and video-game roles (+4 *Galex, Godzilla: The Series, The Simpsons*, and *Mob of the Dead*, which makes the total 28), meaning Pantoliano dies in 17.5 percent of his roles, which sounds low, but he works a lot.

Spoilers for everything in there of course, be warned. TV roles included too (including one that *just* aired, so be extra careful)",2025-05-19T17:50:12Z,movies,movies,entertainment,Entertainment,[],0,50,22,,0.69,https://www.vulture.com/article/joe-pantoliano-death-rank.html,vilbo,2025-05-21T11:05:02.812819Z
1knvodu,reddit,What are the best opening scenes of the last ten years?,"The best opening scene question comes up a lot and it tends to produce the same answers every time. I’m curious, what are the best opening scenes of the last decade in particular? 

The Revenant is the first one that comes to mind. Everything about that opening scene is epic, especially the camera work. ",2025-05-16T08:20:18Z,movies,movies,entertainment,Entertainment,[],0,51,119,,0.78,https://www.reddit.com/r/movies/comments/1knvodu/what_are_the_best_opening_scenes_of_the_last_ten/,FilmWaffle-FilmForum,2025-05-21T11:05:03.831977Z
1kkx4ca,reddit,"Cannes: Neon Picks Up Sebastian Stan, Renate Reinsve-Starrer ‘Fjord’",">The re-teaming of Stan and Reinsve, who co-starred in A Different Man, is a family drama focused on the Gheorghiu family, made up of a Romanian father (Stan) and a Norwegian mother (Reinsve), who relocate to a remote village in the mother’s homeland. They quickly form a close bond with the neighboring Halberg family. But when troubling allegations surface, the Gheorghius find themselves at the center of a small-town reckoning.

The movie is actually based on and inspired by real life events and stories.",2025-05-12T16:36:06Z,movies,movies,entertainment,Entertainment,[],0,47,6,,0.81,https://www.hollywoodreporter.com/movies/movie-news/neon-picks-up-sebastian-stan-renate-reinsve-starrer-fjord-1236213944/,Comic_Book_Reader,2025-05-21T11:05:05.857861Z
1khjo2s,reddit,Crazy People (1990) with Dudley Moore and Daryl Hannah. Adman gets committed for telling the truth.,,2025-05-08T06:47:33Z,movies,movies,entertainment,Entertainment,[],0,46,15,,0.74,https://www.youtube.com/watch?v=XzyNPoI17rE,pigjingles,2025-05-21T11:05:06.868672Z
1kg68a5,reddit,Malin Akerman & Michael Jai White To Star In Thriller 'Spymasters',,2025-05-06T14:43:00Z,movies,movies,entertainment,Entertainment,[],0,49,17,,0.72,https://deadline.com/2025/05/malin-akerman-michael-jai-white-spymasters-bleiberg-cannes-1236386824/,LushCharm91,2025-05-21T11:05:07.906621Z
1kdjs8n,reddit,"AMA/Q&A Announcement - David Mamet - Monday 5/12 at 2:00 PM ET - Oscar-nominated, Pulitzer-prize-winning, Tony-nominated director, writer, and playwright 'Glengarry Glen Ross', 'The Untouchables', 'House of Games', 'Wag the Dog', 'Hannibal', 'Homicide', 'Hoffa', 'The Verdict', and 'Henry Johnson'",,2025-05-03T03:42:25Z,movies,movies,entertainment,Entertainment,[],0,48,27,,0.72,https://i.redd.it/kdqn2mw6nhye1.png,BunyipPouch,2025-05-21T11:05:08.945314Z
1kcpuhw,reddit,Official Discussion - The Surfer [SPOILERS],"#Poll

**If you've seen the film, please rate it [at this poll](https://strawpoll.ai/poll/vote/mFLpbrKLuids)**

**If you haven't seen the film but would like to see the result of the poll [click here](https://strawpoll.ai/poll/results/mFLpbrKLuids)**

#Rankings

[Click here](https://strawpoll.ai/list/ItnAgr4mX7QR) to see the rankings of 2025 films

[Click here](https://youpoll.me/list/4/) to see the rankings for every poll done 


---

**Summary**  
*The Surfer* stars Nicolas Cage as a man who returns to his childhood beachside home in Australia, only to become embroiled in a psychological war with a group of aggressive local surfers who claim ownership over the waves. As tensions escalate, the man refuses to leave the beach, determined to reclaim his past and his dignity, leading to an increasingly surreal and volatile standoff. The film blends existential thriller with sun-drenched menace, anchored by a committed performance from Cage.

**Director**  
Lorcan Finnegan

**Writer**  
Thomas Martin

**Cast**  
- Nicolas Cage as The Surfer  
- Julian McMahon  
- Miranda Tapsell  
- Alexander Bertrand  
- Justin Rosniak

**Rotten Tomatoes**: [86%](https://www.rottentomatoes.com/m/the_surfer_2024)  
**Metacritic**: [60](https://www.metacritic.com/movie/the-surfer/)

**VOD**  
Theaters

**[Trailer](https://www.youtube.com/watch?v=thesurfer)**

---",2025-05-02T02:02:32Z,movies,movies,entertainment,Entertainment,[],0,47,263,,0.83,https://www.reddit.com/r/movies/comments/1kcpuhw/official_discussion_the_surfer_spoilers/,LiteraryBoner,2025-05-21T11:05:10.030118Z
1kgjdnx,reddit,Gladiator at 25: The Story Behind Ridley Scott's Sword-and-Sandal Epic,,2025-05-06T23:46:06Z,movies,movies,entertainment,Entertainment,[],0,43,4,,0.71,https://www.flickeringmyth.com/gladiator-at-25-the-story-behind-ridley-scotts-sword-and-sandal-epic/,JannTosh70,2025-05-21T11:05:12.844877Z
1kf4ycn,reddit,What are some underground movies that are 10/10s?,I’m looking for a movie — any genre — that is lesser known but is still really really good. Lately I’ve been having a harder time finishing movies because they just don’t seem to pique my interest. I’d be happy to read all of your opinions :) some lesser known movies I watched recently and liked were shiva baby and Celeste and Jesse forever,2025-05-05T06:32:02Z,movies,movies,entertainment,Entertainment,[],0,44,213,,0.73,https://www.reddit.com/r/movies/comments/1kf4ycn/what_are_some_underground_movies_that_are_1010s/,Useful-Project-2307,2025-05-21T11:05:13.798865Z
1kdckgg,reddit,Madeline is the absolute villain of “Death Becomes Her”,"In the movie, Madeline and Helen are rivals to one another, portrayed as equally antagonistic. In the end, the both are punished for their vanity and forced to spend eternity with each other, but do so as friends. 

Except Madeline was a psychopath. Helen didn’t drink the potion because of her own narcissism, Madeline repeatedly destroyed Helen’s life and left her with nothing. Helen wanted to be a writer. She felt compelled to make herself beautiful because it’s the only thing she could do make herself safe from Madeline. Madeline stole husband after husband, demolished Helen’s self worth and her love - because at one point Helen called her “trashy”? Madeline didn’t even like Ernest, her cheating on him was a huge plot point! 

But they’re both framed as equally vain and narcissistic. At the end, they just decide to forget it all and be friends. 

I know that’s the point. I know not every bad character has to be “punished” by the narrative. 

But did the ending piss anyone else off 😭 Man fuck Madeline!! Justice for Helen. ",2025-05-02T21:36:57Z,movies,movies,entertainment,Entertainment,[],0,48,17,,0.74,https://www.reddit.com/r/movies/comments/1kdckgg/madeline_is_the_absolute_villain_of_death_becomes/,garlicmanatee,2025-05-21T11:05:16.217903Z
1ka3ne4,reddit,"AMA/Q&A Announcement - Jenny Jue - Wednesday 4/30 at 8:00 PM ET - Casting Director ('Inglorious Basterds', 'Snowpiercer', 'Okja', 'The Wedding Banquet', 'No One Will Save You', 'The Legend of Aang: The Last Airbender')",,2025-04-28T19:03:18Z,movies,movies,entertainment,Entertainment,[],0,46,7,,0.77,https://i.redd.it/gbe4fvxwimxe1.png,BunyipPouch,2025-05-21T11:05:17.305463Z
1kqgyh8,reddit,"Just finished Six String Samurai (1998). Wow. What a fun movie. Incredible amounts of style and attitude. Western, samurai and Rockabilly is a genius combination.","I would definitely call this movie a hidden gem. I was expecting something a bit more campy considering the premise of this movie, but I was pleasantly surprised. It's more experimental and expressionistic. Definitely more reliant on vibes and style over substance, cause the story is more of a framing device to show you some dope shit.


This felt like a Tarantino movie, maybe that's just me who assosciates rock and roll and samurai shit with him.


I also felt some El Topo influence in some places.



That's a big running theme of watching this, I felt a lot of homages to different media throughout the whole things.


Definitely some Lone Wolf & Cub in there too. A whole lotta nudges to asian cinema and martial art movies and Buddy's doing his best Clint Eastwood impression.",2025-05-19T17:02:45Z,movies,movies,entertainment,Entertainment,[],0,46,17,,0.83,https://www.reddit.com/r/movies/comments/1kqgyh8/just_finished_six_string_samurai_1998_wow_what_a/,Wonder-Lad-2Mad,2025-05-21T11:05:18.282215Z
1koxgs3,reddit,‘Renoir’ Review: Scenes From a 1980s Japanese Girlhood Coalesce Into a Breezy But Moving Drama,,2025-05-17T16:47:50Z,movies,movies,entertainment,Entertainment,[],0,45,0,,0.78,https://variety.com/2025/film/reviews/renoir-review-1236400211/,Contcos,2025-05-21T11:05:19.310354Z
1kor1k3,reddit,"NOUVELLE VAGUE, a film by Richard Linklater",,2025-05-17T11:46:09Z,movies,movies,entertainment,Entertainment,[],0,45,14,,0.7,https://youtu.be/795BXtBR2u4,Task_Force-191,2025-05-21T11:05:20.307209Z
1ko2am0,reddit,‘Adolescence’s’ Stephen Graham Joins Penelope Cruz and Javier Bardem in Florian Zeller’s ‘Bunker’,,2025-05-16T14:30:16Z,movies,movies,entertainment,Entertainment,[],0,43,7,,0.79,https://variety.com/2025/film/global/stephen-graham-penelope-cruz-bardem-bunker-florian-zeller-1236400328/,NoCulture3505,2025-05-21T11:05:21.305436Z
1kivtte,reddit,"Director Hirokazu Kore-eda, director of Monster and Shoplifters, released a short film for Apple",,2025-05-09T22:59:53Z,movies,movies,entertainment,Entertainment,[],0,45,2,,0.74,https://youtu.be/8aExk3WHGN4?si=xk77cdjRu7lOLA7C,ShushKebab,2025-05-21T11:05:22.333658Z
1ketpkd,reddit,The best movie villains are the ones who believe they are the hero of their own story.,"I think the best movie villans are those that think they are justified in their actions. Whether it is Anton Chigurh in No Country for Old Men, or even Walter White(at least initially) in Breaking Bad, the most compelling antagonists are the ones who view themselves as the protagonists of their narrative. It makes them more complex and, in some cases, more relatable.

What is your favorite villain who truly believes they’re in the right? Do you think this makes them more dangerous or appealing perhaps?",2025-05-04T20:34:45Z,movies,movies,entertainment,Entertainment,[],0,46,77,,0.68,https://www.reddit.com/r/movies/comments/1ketpkd/the_best_movie_villains_are_the_ones_who_believe/,Brilliant_Part5434,2025-05-21T11:05:23.337234Z
1kbr9qt,reddit,"Martin Scorsese to Honor Pope Francis With ‘Aldeas — A New Story’ Documentary, Featuring His Last On-Camera Interview",,2025-04-30T21:00:45Z,movies,movies,entertainment,Entertainment,[],0,47,8,,0.69,https://variety.com/2025/film/global/martin-scorsese-pope-francis-aldeas-a-new-story-doc-1236383047/,cmaia1503,2025-05-21T11:05:25.074275Z
1kansve,reddit,Jackie Chan to Receive Locarno Film Festival Lifetime Honor,,2025-04-29T13:21:46Z,movies,movies,entertainment,Entertainment,[],0,45,6,,0.78,https://www.hollywoodreporter.com/movies/movie-news/jackie-chan-locarno-film-festival-lifetime-honor-2025-1236202110/,NoCulture3505,2025-05-21T11:05:26.104171Z
1k8cjf3,reddit,Finish Him! A Tribute To Combat Cinema!,,2025-04-26T13:07:28Z,movies,movies,entertainment,Entertainment,[],0,46,12,,0.75,https://youtu.be/FX1K0JG0WKs?si=_uH9dqAFoqcIe-YG,SteamySecrets,2025-05-21T11:05:27.126257Z
1k5d3pf,reddit,"The Restorationists Behind ‘Lawrence of Arabia,’ ‘Spartacus,’ and ‘Apocalypse Now’ Turn to a Forgotten Epic",,2025-04-22T18:06:25Z,movies,movies,entertainment,Entertainment,[],0,43,2,,0.81,https://www.indiewire.com/features/craft/beau-geste-restoration-tcm-fest-1235117342/,indiewire,2025-05-21T11:05:28.187202Z
1kqo6p4,reddit,"question about ""poor things"" (2023)","so after bella leaves and godwin begins to miss her, >!he creates a new girl felicity (margaret qualley), i'm wondering how exactly she was made? of course bella was created from the corpse of a pregnant woman and the brain of her baby, so was felicity made the same way? did he happen to get lucky and stumble across another recently dead pregnant woman?!<

they don't explain it in the film and afaik felicity isn't in the original book so i don't expect anyone to know the exact answer but i'm curious as to what you think",2025-05-19T21:45:23Z,movies,movies,entertainment,Entertainment,[],0,49,13,,0.78,https://www.reddit.com/r/movies/comments/1kqo6p4/question_about_poor_things_2023/,bowieapple,2025-05-21T11:05:29.285185Z
1kl4z4t,reddit,Favorite movie so far in 2025?,"Feel like movies have been stale recently. Went to see Sinners and Thunderbolts last week, they were both alright. I didn’t really get the hype with Sinners but it is still probably my favorite movie so far in 2025. Either that or Bring Them Down (US RELEASE). What is your favorite movie so far this year? Looking for something to watch after work.",2025-05-12T21:44:35Z,movies,movies,entertainment,Entertainment,[],0,44,179,,0.71,https://www.reddit.com/r/movies/comments/1kl4z4t/favorite_movie_so_far_in_2025/,OscarFromSharkTales,2025-05-21T11:05:30.681260Z
1kcl5c2,reddit,Nothing But Joy As ‘Inside Out 2’ Is No. 1 Movie In Deadline’s 2024 Most Valuable Blockbuster Tournament With $650M In Profit,,2025-05-01T22:11:03Z,movies,movies,entertainment,Entertainment,[],0,44,3,,0.68,https://deadline.com/2025/05/inside-out-2-movie-profits-1236379921/,MarvelsGrantMan136,2025-05-21T11:05:32.568349Z
1krk5ft,reddit,Can we take a minute to talk about how messed up Joe Vs The Volcano is.,"To be more specific, how messed up Mr. Graynamore is. I loved this movie as a kid and thought it was such a wonderful story with a happy ending. I knew that Joe got duped, but I didn't realize to what extent. 

Mr. Graynamore went to the trouble to find someone that fit a very specific criteria, had his doctor tell this person that he's dying just so he can get some mineral rights. He's completely ok with sending a healthy man to die, just for the money. And he got his daughters involved, and even gave one of them a yacht.  And the volcano was going to erupt anyway!

Oh, and where do you think the Waponis got all their orange pop??",2025-05-21T00:02:36Z,movies,movies,entertainment,Entertainment,[],0,67,57,,0.74,https://www.reddit.com/r/movies/comments/1krk5ft/can_we_take_a_minute_to_talk_about_how_messed_up/,Wanni25,2025-05-21T11:05:33.571995Z
1kmlcr6,reddit,National Air and Space Museum Announces Five New Galleries Will Open July 28 | Smithsonian Institution (including the re-opening of the IMAX theatre),"The true 70mm capable IMAX theater in DC is finally reopening! It initially was closed back in 2018, so this has been a long time coming.",2025-05-14T17:38:04Z,movies,movies,entertainment,Entertainment,[],0,40,5,,0.83,https://www.si.edu/newsdesk/releases/national-air-and-space-museum-announces-five-new-galleries-will-open-july-28,Gold-Papaya7045,2025-05-21T11:05:34.793304Z
1kju6jo,reddit,Recommendations for films about starting over after divorce/major life change.,"My 12 year Marriage is about to come to end and I want some recommendations for films about starting life over again, how to get used to living alone again, living life in general alone. There must be some good films about people doing crazy whacky things after suddenly becoming  single after a long time.",2025-05-11T06:07:36Z,movies,movies,entertainment,Entertainment,[],0,42,85,,0.77,https://www.reddit.com/r/movies/comments/1kju6jo/recommendations_for_films_about_starting_over/,JasonVoorhees3,2025-05-21T11:05:35.896230Z
1kbwwp8,reddit,Jacki Weaver To Star In Horror Feature ‘Pendulum’ From Producer Darren Aronofsky,,2025-05-01T01:23:21Z,movies,movies,entertainment,Entertainment,[],0,45,11,,0.78,https://deadline.com/2025/04/jacki-weaver-pendulum-fim-darren-aronofsky-1236380364/,Sonia341,2025-05-21T11:05:39.860453Z
1kb2sqt,reddit,Christopher Nolan’s Favorite Movies: 44 Films the Director Wants You to See,,2025-04-29T23:56:38Z,movies,movies,entertainment,Entertainment,[],0,41,75,,0.65,https://www.indiewire.com/gallery/christopher-nolan-favorite-movies/,indiewire,2025-05-21T11:05:40.863778Z
1klxbvj,reddit,Free movie on Youtube Stephen King's Christine!  Now playing!,,2025-05-13T21:02:09Z,movies,movies,entertainment,Entertainment,[],0,43,24,,0.71,https://www.youtube.com/watch?v=uJtxhQKQtBA,facebookboy2,2025-05-21T11:05:42.503529Z
1kgnq8n,reddit,"Comparing ""Rita Hayworth and Shawshank Redemption"" the book to the movie ""Shawshank Remption"" the movie","First I just have to say, Shawshank Redemption is my favorite movie of all time. It is a true masterpiece, I can never get tired of rewatching it. If its on, no matter at what point, I will watch it to the end.

With that out of the way, I'm surprised it took me so long to read the actual source material by Stephen King. King is obviously a master author, and while he's most well known for his horror novels some of his finest work I would argue are outside that genre (the green mile and shawshank sticking out specifically).

The book is quite easy to read coming in at under 130 pages, but the story as told by Red flows really well, there are no wasted words, and Stephen is masterful in his craft.

I was somewhat surprised that so much of the dialog in the movie, specifically between Red and Andy, is pretty much exactly as written in the book. I mean its hard to beat perfection so its understandable Frank Darabont chose not to change a lot of the dialog.

With that said there are numerous differences, the big ones being Red was actually irish, Andy was supposed to be short, they went through I think 3 or 4 wardens, a lot of things with timeline either as far as dialog or events sort of get flipped around, but a lot of this I can see why Frank did it. The source material is amazing by itself but if anything I don't see where someone could complain with Franks choices.

The book did go into a bit more detail about when Andy was being victimized by the sisters, including the sodomy and bleeding which I think was fair to leave out of the movie. Also King talked about some child rapist making beautiful figurines through Red which Darabont also left out.

One of the biggest set of changes was just having the inmate who would have gotten Andy a new trial just moved to a different prison instead of executed. This was a fine change by Darabont I think as it made it more brutal for Andy. Also in the book the final warden ends up getting off pretty light, only stepping down after 3 years with no seeming consequences for all the illegal things he had been doing. I think Darabont having him kill himself and also having Andy mail the incriminating evidence was a very good change.

Finally perhaps one thing that I believe was an improvement by Darabont was making it so that Andy ended up creating his 'fake persona' by himself instead of needing outside help. This adds a bit to Andy's mystique.

But man if you like the movie, I HIGHLY recommend reading the book. King's writing of Red is so well done, his writing on the exploits of Andy just makes him so special. I have so much respect for both King and Darabont, usually its pretty clear if the book or movie is better (almost always the book wins), but I think in this case they are both masterpieces.",2025-05-07T03:29:14Z,movies,movies,entertainment,Entertainment,[],0,43,14,,0.73,https://www.reddit.com/r/movies/comments/1kgnq8n/comparing_rita_hayworth_and_shawshank_redemption/,FIstateofmind,2025-05-21T11:05:43.535442Z
1kcdwx5,reddit,"Hi, r/movies. It's Joel Potrykus, writer/director/editor of VULCANIZADORA, and leading man Josh Burge. This is our fourth film together after APE, BUZZARD, and RELAXER. VULCANIZADORA is a bleak comedy-thriller about friends who embark on a disturbing mission in the woods. Ask us anything if you dare","What's up, cine-freaks. It's writer/director/editor/actor Joel Potrykus and leading man Josh Burge. We've been making movies together for a long time, starting with APE (2012), BUZZARD (2015), and RELAXER (2018). Our new film VULCANIZADORA opens in theaters today, May 2nd, starting at the IFC Center in NYC and expanding in the coming weeks. Find a screening near you at vulcanizadora.oscilloscope.net. 

Check out the trailer here: [https://youtu.be/S80Jz\_ob8-U?feature=shared](https://youtu.be/S80Jz_ob8-U?feature=shared)

We look forward to talking about movies and I guess literally anything else. Cheers. We'll be back tomorrow (Friday 5/2)( at 3:00 PM ET to answer your questions.

",2025-05-01T17:06:02Z,movies,movies,entertainment,Entertainment,[],0,42,99,,0.77,https://i.redd.it/v1qp1vsfc7ye1.png,VulcanizadoraAMA,2025-05-21T11:05:44.508419Z
1k6ts6o,reddit,What movies have bittersweet endings?,"First one that comes to mind is Rogue One. I’m pleased they went with the ending they did, that being said, I can’t help but feel sorry for the characters. They completed the mission in exchange for their lives. My personal favourite Star Wars movie.

What other movies can you think of with bittersweet endings?",2025-04-24T14:35:23Z,movies,movies,entertainment,Entertainment,[],0,38,90,,0.74,https://www.reddit.com/r/movies/comments/1k6ts6o/what_movies_have_bittersweet_endings/,FilmWaffle-FilmForum,2025-05-21T11:05:46.022480Z
1kr8att,reddit,‘Eleanor the Great’ Review: June Squibb Steadies Scarlett Johansson’s Wobbly Directorial Debut,,2025-05-20T15:51:08Z,movies,movies,entertainment,Entertainment,[],0,45,5,,0.75,https://www.hollywoodreporter.com/movies/movie-reviews/eleanor-the-great-review-june-squibb-scarlett-johansson-1236221396/,Contcos,2025-05-21T11:05:47.583644Z
1khk9h4,reddit,What’s the first movie you went to go to the cinema for and how was it?,"I think it was Land Before Time or the Star Wars series, it opened up my eyes to a whole spectrum of space / sci-fi movie genre and eventual fantastical movies! Truly enjoyed with grandparents and siblings, and it was also a good time from childhood that you can go back to, mark of the time then. Plus, watching a movie in the cinema has vibes very different from being on a small screen like the handy devices we have now.

What’s your core memory of your first movie in the cinema? ",2025-05-08T07:30:13Z,movies,movies,entertainment,Entertainment,[],0,43,169,,0.75,https://www.reddit.com/r/movies/comments/1khk9h4/whats_the_first_movie_you_went_to_go_to_the/,icedtea027,2025-05-21T11:05:48.608019Z
1k8gt8y,reddit,SLC Punk: Thoughts?,"Hey everyone, I just watched this movie for the first time, and i got really into it. I paid attention the whole time. Watched it immediately again soon after. I loved the cinematography, the directing, the characters and over all the whole plot. I love how it made me feel like he was really talking to me and telling me his story, or updates on life and where hes at in his mind. 4/5 for me, but was anybody else ready for the ending of SLC punk? Because i definitely WAS NOT. ",2025-04-26T16:23:17Z,movies,movies,entertainment,Entertainment,[],0,41,42,,0.79,https://www.reddit.com/r/movies/comments/1k8gt8y/slc_punk_thoughts/,Looniluz,2025-05-21T11:05:50.411431Z
1k4abah,reddit,What Ever Happened To Baby Jane,"What was the light coloured stuff on the plate she gave her for breakfast with the budgie?
Even looking at a photo online I cannot make out what it is and I’m thinking that being from Australia it’s likely something we don’t have. 
I can make out the tomato and then what may be lettuce underneath (based on pic I saw online), obviously the budgie and then the blob of stuff. 
My mum and I were wondering what it is. ",2025-04-21T10:33:00Z,movies,movies,entertainment,Entertainment,[],0,44,7,,0.72,https://www.reddit.com/r/movies/comments/1k4abah/what_ever_happened_to_baby_jane/,teddybluethecurser,2025-05-21T11:05:51.694287Z
1krdp43,reddit,Michael Bay's 'Skibidi Toilet' Movie Begins Production,,2025-05-20T19:23:33Z,movies,movies,entertainment,Entertainment,[],0,347,262,,0.68,https://www.animationmagazine.net/2025/05/viral-hit-skibidi-toilet-prepares-to-infect-theaters-with-michael-bay-invisible-narratives/,MarvelsGrantMan136,2025-05-21T11:05:52.733154Z
1kn9x2v,reddit,"What's everyone's favorite ""went for it"" role?","Those times an actor/actress just fully goes in, dives into the character or world with complete abandon and just let themselves go wild.   What's everyone;'s fav?  My most recent is prolly Skasgard in The Northman, the berserker scene, the physicality of the role, the scene where he growls at a fucking dog lol, it's just completely immersed and I love it.  All time?  Prolly Daniel Day Lewis in There Will Be Blood, especially the second half, also Rowlands in a Woman Under The Influence.",2025-05-15T14:41:29Z,movies,movies,entertainment,Entertainment,[],0,37,187,,0.76,https://www.reddit.com/r/movies/comments/1kn9x2v/whats_everyones_favorite_went_for_it_role/,actvscene,2025-05-21T11:05:55.419558Z
1kjf6zr,reddit,Which movie did you think came out late?,"Have you watched any movie and thought that if it had been released, for example, in the 80s, it would have been a classic, but for the year of its release it already seems outdated?

I can give you an example of Paul Blart: Mall Cop. Like, a lot of people laugh at this movie because it's bad and unfunny. But if it had been released in the 80s, many would have considered it a comedy classic.",2025-05-10T17:11:53Z,movies,movies,entertainment,Entertainment,[],0,39,123,,0.69,https://www.reddit.com/r/movies/comments/1kjf6zr/which_movie_did_you_think_came_out_late/,mystery5009,2025-05-21T11:05:57.611298Z
1kfbpxz,reddit,"Hi /r/movies! I'm Duncan Skiles, director of NEIGHBORHOOD WATCH (starring Jack Quaid and Jeffrey Dean Morgan). It's out now on VOD via RLJE Films. I also directed 2018's THE CLOVEHITCH KILLER. Ask me anything!","Hey reddit, Duncan here. I'm the director of NEIGHBORHOOD WATCH (out now, starring Jack Quaid and Jeffrey Dean Morgan) and 2018's CLOVEHITCH KILLER (starring Dylan McDermott, Charlie Plummer, Samantha Mathis) which was inspired by the story of the real-life BTK Killer.

Feel free to ask me any questions. I'll be back at 7 PM ET for answers.

  
More information about the film:

  
Neighborhood Watch is a 2025 American crime thriller film written by Sean Farley and directed by Duncan Skiles, starring Jeffrey Dean Morgan, Jack Quaid, Cecile Cubiló, Jim Klock, and Malin Akerman. The story follows Simon, a mentally ill young man, who thinks he witnessed a woman being abducted. He gets his neighbor Ed, a retired security guard, to help him find the missing woman.

The film was released on video on demand and in theaters on April 25, 2025, by RLJE Films.

Trailer:

[https://www.youtube.com/watch?v=U-ACHHn8VvY](https://www.youtube.com/watch?v=U-ACHHn8VvY)

  
Talk to you all later! Ask me anything.",2025-05-05T13:32:40Z,movies,movies,entertainment,Entertainment,[],0,42,59,,0.68,https://i.redd.it/lyy52njotyye1.png,NeighborhoodWatchAMA,2025-05-21T11:05:59.597664Z
1kb0zgl,reddit,"Dylan O’Brien’s Sundance Comedy ‘Twinless’ Finalizes Sale, Sets September 5 Theatrical Release Date - It debuted to rave reviews but was later pulled from the festival's online portion to due Twitter leaks of the film's sex scenes.",,2025-04-29T22:31:55Z,movies,movies,entertainment,Entertainment,[],0,39,2,,0.77,https://variety.com/2025/film/news/twinless-release-date-dylan-obrien-sundance-film-festival-1236381663/,BunyipPouch,2025-05-21T11:06:01.083798Z
1kawvq3,reddit,What do you all think is the most unnecessary sequel to have ever been made and why?,"My Answer: Toy Story 4
Reason: Toy Story 3 had the perfect ending to the trilogy with Andy leaving the toys behind and it was so emotional to watch, but all of a sudden they made this which is just a cash grab like I really hated the idea of ending with Woody staying with Bo Peep and leaving the other toys with Bonnie just WTF. However the movie wasn't really bad it was just mid in my opinion and it had some entertaining moments",2025-04-29T19:39:16Z,movies,movies,entertainment,Entertainment,[],0,43,195,,0.65,https://www.reddit.com/r/movies/comments/1kawvq3/what_do_you_all_think_is_the_most_unnecessary/,finza_prey,2025-05-21T11:06:02.078451Z
1k7rfpw,reddit,Blue Thunder | Helicopter Chase Scene,,2025-04-25T17:59:01Z,movies,movies,entertainment,Entertainment,[],0,39,21,,0.77,https://youtu.be/JW3mBnOEoTY?si=iT70b7WvJ5sV0phK,Bynairee,2025-05-21T11:06:04.082517Z
1k79rk2,reddit,Official Discussion Megathread (The Accountant 2 / The Legend of Ochi / Until Dawn) plus Throwback Discussions!,"# New Theatrical Releases

[The Accountant 2](https://old.reddit.com/r/movies/comments/1k79o5r/official_discussion_the_accountant_2_spoilers/?)

[The Legend of Ochi](https://old.reddit.com/r/movies/comments/1k79o78/official_discussion_the_legend_of_ochi_spoilers/?)

[Until Dawn](https://old.reddit.com/r/movies/comments/1k79o90/official_discussion_until_dawn_spoilers/?)


# 25th Anniversary Throwback Discussion Threads

[Love & Basketball](https://old.reddit.com/r/movies/comments/1k79oaq/official_throwback_discussion_love_basketball/?)

[The Virgin Suicides](https://old.reddit.com/r/movies/comments/1k79och/official_throwback_discussion_the_virgin_suicides/?)

[U-571](https://old.reddit.com/r/movies/comments/1k79oe1/official_throwback_discussion_u571_spoilers/?)

# Still in Theaters

[Sinners](https://www.reddit.com/r/movies/comments/1k1tsoo/official_discussion_sinners_spoilers/?)

[The Wedding Banquet](https://www.reddit.com/r/movies/comments/1k1tsqm/official_discussion_the_wedding_banquet_spoilers/?)

[Warfare](https://www.reddit.com/r/movies/comments/1jwev1e/official_discussion_warfare_spoilers/)

[The Amateur](https://www.reddit.com/r/movies/comments/1jwev63/official_discussion_the_amateur_spoilers/)

[Drop](https://www.reddit.com/r/movies/comments/1jwevax/official_discussion_drop_spoilers/)

[Freaky Tales](https://www.reddit.com/r/movies/comments/1jwevev/official_discussion_freaky_tales_spoilers/)

[A Minecraft Movie](https://www.reddit.com/r/movies/comments/1jr0qff/official_discussion_a_minecraft_movie_spoilers/?)




# On Streaming

**I'm a bit behind on streaming releases so here's a bunch of them from the last few weeks**

[Havoc](https://old.reddit.com/r/movies/comments/1k7zfyi/official_discussion_havoc_spoilers/?)

[G20](https://old.reddit.com/r/movies/comments/1k7zfzp/official_discussion_g20_spoilers/?)

[2073](https://old.reddit.com/r/movies/comments/1k7zg0y/official_discussion_2073_spoilers/?)

[Holland](https://old.reddit.com/r/movies/comments/1k7zg30/official_discussion_holland_spoilers/?)",2025-04-25T02:08:12Z,movies,movies,entertainment,Entertainment,[],0,40,0,,0.82,https://www.reddit.com/r/movies/comments/1k79rk2/official_discussion_megathread_the_accountant_2/,LiteraryBoner,2025-05-21T11:06:05.259663Z
1knfsy7,reddit,'Rambo’ Origin Movie ‘John Rambo’ In The Works With 'Sisu' Director Jalmari Helander,,2025-05-15T18:38:40Z,movies,movies,entertainment,Entertainment,[],0,42,122,,0.63,https://deadline.com/2025/05/rambo-origin-movie-john-rambo-sylvester-stallone-1236399700/,ChiefLeef22,2025-05-21T11:06:06.214969Z
1kgmsjg,reddit,lonely in your 20s and all your friends have moved on recs,title kinda says it but looking for recs when you’re in your mid late twenties and it feels like everyone is married or engaged and moving forward in life and you’re the black sheep and you just wanna cry because you feel lonely. i’ve seen a lot of them but it’s like the older version of coming of age. ,2025-05-07T02:39:02Z,movies,movies,entertainment,Entertainment,[],0,41,68,,0.69,https://www.reddit.com/r/movies/comments/1kgmsjg/lonely_in_your_20s_and_all_your_friends_have/,butterflisav,2025-05-21T11:06:08.294427Z
1ka1b4a,reddit,"Ben Foster, Manny Jacinto & Fiona Shaw To Star In Western Comedy ‘The Stalemate’",,2025-04-28T17:29:09Z,movies,movies,entertainment,Entertainment,[],0,39,4,,0.82,https://deadline.com/2025/04/ben-foster-manny-jacinto-fiona-shaw-to-star-the-stalemate-1236378994/,cmaia1503,2025-05-21T11:06:09.585946Z
1k9v07q,reddit,Orlando Bloom & Domhnall Gleeson Join Kate & Rooney Mara In ‘Bucking Fastard’ With HanWay Boarding For Cannes; Werner Herzog Says Film Completes A Trilogy After ‘Fitzcarraldo’ And ‘Grizzly Man’,,2025-04-28T13:02:43Z,movies,movies,entertainment,Entertainment,[],0,37,11,,0.73,https://deadline.com/2025/04/orlando-bloom-domhnall-gleeson-rooney-mara-bucking-fastard-1236375864/,KillerCroc1234567,2025-05-21T11:06:10.574762Z
1k5wmdo,reddit,Famke Janssen's Xenia Onatopp was the most memorable Bond Girl in the Pierce Brosnan Bond Era,"Sure, some fans like Michelle Yeoh's Wai Lin from Tomorrow Never Dies. I liked her as well, even though I did feel her character is barely onscreen for the first hour. I liked Isabella Scorupo's resourceful Natalya. Rosamund Pike was okay as Miranda Frost. I found Halle Berry overrated as Jinx. 

Out of all the Bond Girls, the one who stood out the most for me was Famke Janssen as Xenia Onatopp. I've never seen a female villain be that bad in film and enjoy every moment of it. Her ice cold demeanour, the devilish smile as she kills. You can tell she gets a sick pleasure from breaking her victim's waists. 

The Sauna scene she has with Bond is a mix of violence and sexual tension. Bond is terrified of her but also, he finds himself drawn by her. I loved that. 

And then she goes full Incredible Hulk at the end. How many movies has its female villain headbutt another woman??!! Not many!!!",2025-04-23T11:19:17Z,movies,movies,entertainment,Entertainment,[],0,36,28,,0.69,https://www.reddit.com/r/movies/comments/1k5wmdo/famke_janssens_xenia_onatopp_was_the_most/,CinephileCrystal,2025-05-21T11:06:11.658795Z
1k5plwr,reddit,"Found connection between new movie coming out ""Weapons"" and ""Barbarian""","Watching the trailer for the movie to be released titled Weapons, there is a link at the end of the trailer to http://maybrookmissing.com/


Anywho, if you follow the link you get to a page discussing the recent events of missing children in the movie's universe. A little ways down there's another link to an article titled ""Underground Prison Discovered in Rental Home."" Reading through the article, I noticed some direct references to the plot of Barbarian and the article event quotes Barbarry St. in which the events of the movie took place.

This was all at first glance and just thought it was interesting! Curious to see how these two films will be connected.  ",2025-04-23T03:32:14Z,movies,movies,entertainment,Entertainment,[],0,37,12,,0.71,https://www.reddit.com/r/movies/comments/1k5plwr/found_connection_between_new_movie_coming_out/,SirSiro,2025-05-21T11:06:12.718592Z
1kq2o0z,reddit,What are some movies like Encino Man or The Visitors(Les Visiteurs) where people from olden times accidentally arrive in the modern world?,"Les Visiteurs was worth watching, exploring a new idea. Though it does not have a very high rating it was a good watch. I would like to watch some more like this. Also, I haven't watched Encino Man yet but it seems interesting, exploring the same idea of a person with no knowledge of the modern world navigating through it. ",2025-05-19T04:04:37Z,movies,movies,entertainment,Entertainment,[],0,41,102,,0.8,https://www.reddit.com/r/movies/comments/1kq2o0z/what_are_some_movies_like_encino_man_or_the/,VoldemortPoutin,2025-05-21T11:06:13.742154Z
1knppue,reddit,Official Discussion Megathread (Final Destination: Bloodlines / Hurry Up Tomorrow),"# New Theatrical Releases

[Final Destination: Bloodlines](https://old.reddit.com/r/movies/comments/1knpnb1/official_discussion_final_destination_bloodlines/?)

[Hurry Up Tomorrow](https://old.reddit.com/r/movies/comments/1knpnfr/official_discussion_hurry_up_tomorrow_spoilers/?)

# Still in Theaters

[Clown in a Cornfield](https://old.reddit.com/r/movies/comments/1ki7l69/official_discussion_clown_in_aa_cornfield_spoilers/?)

[Fight or Flight](https://old.reddit.com/r/movies/comments/1ki7l7u/official_discussion_fight_or_flight_spoilers/?)

[Shadow Force](https://old.reddit.com/r/movies/comments/1ki7l93/official_discussion_shadow_force_spoilers/?)

[Thunderbolts*](https://old.reddit.com/r/movies/comments/1kcpug8/official_discussion_thunderbolts_spoilers/?)

[The Surfer](https://old.reddit.com/r/movies/comments/1kcpuhw/official_discussion_the_surfer_spoilers/?)

[The Accountant 2](https://old.reddit.com/r/movies/comments/1k79o5r/official_discussion_the_accountant_2_spoilers/?)


# On Streaming

[Another Simple Favor](https://old.reddit.com/r/movies/comments/1kdg7p5/official_discussion_another_simple_favor_spoilers/?)

[Havoc](https://old.reddit.com/r/movies/comments/1k7zfyi/official_discussion_havoc_spoilers/?)",2025-05-16T02:10:01Z,movies,movies,entertainment,Entertainment,[],0,39,0,,0.88,https://www.reddit.com/r/movies/comments/1knppue/official_discussion_megathread_final_destination/,LiteraryBoner,2025-05-21T11:06:15.763449Z
1knij4u,reddit,"Will Forte, Colin Jost, Kumail Nanjiani Join Nate Bargatze in Comedy ‘The Breadwinner’",,2025-05-15T20:30:36Z,movies,movies,entertainment,Entertainment,[],0,39,4,,0.82,https://www.hollywoodreporter.com/movies/movie-news/will-forte-colin-jost-kumail-nanjiani-nate-bargatze-the-breadwinner-1236218388/,NoCulture3505,2025-05-21T11:06:16.684120Z
1kn999t,reddit,"Kiernan Shipka, Kiefer Sutherland & Krysten Ritter Pic ‘Stone Cold Fox’ Boarded For Sales At Cannes Market, First Images Revealed",,2025-05-15T14:13:52Z,movies,movies,entertainment,Entertainment,[],0,38,12,,0.78,https://deadline.com/2025/05/kiernan-shipka-kiefer-sutherland-stone-cold-fox-1236399146/,NoCulture3505,2025-05-21T11:06:17.670667Z
1k79och,reddit,Official Throwback Discussion - The Virgin Suicides [SPOILERS],"# As an ongoing project, in 2025 /r/movies will be posting Throwback Discussion threads weekly for the movies that came out this same weekend 25 years ago. As a reminder, Official Discussion threads are for discussing the movie and not for meta sub discussion.


---

**Summary**  
*The Virgin Suicides* is a haunting coming-of-age drama directed by Sofia Coppola in her feature debut. Set in 1970s suburban Michigan, the film follows the lives of the five Lisbon sisters—Cecilia, Lux, Bonnie, Mary, and Therese—through the eyes of a group of neighborhood boys who become obsessed with them. After a series of tragic events, including the suicides of the sisters, the boys reflect on their memories and the mystery surrounding the girls' lives. The film explores themes of adolescence, isolation, and the complexities of female identity.

**Director**  
Sofia Coppola

**Writer**  
Sofia Coppola

**Cast**  
- Kirsten Dunst as Lux Lisbon  
- Josh Hartnett as Trip Fontaine  
- James Woods as Mr. Lisbon  
- Kathleen Turner as Mrs. Lisbon  
- A.J. Cook as Mary Lisbon  
- Hanna Hall as Cecilia Lisbon  
- Chelse Swain as Bonnie Lisbon  
- Leslie Hayman as Therese Lisbon

**Rotten Tomatoes**: [80%](https://www.rottentomatoes.com/m/virgin_suicides)  
**Metacritic**: [77](https://www.metacritic.com/movie/the-virgin-suicides/)

**VOD**  
Theaters

**[Trailer](https://www.youtube.com/watch?v=Q3YtQqGzP1M)**

---",2025-04-25T02:03:41Z,movies,movies,entertainment,Entertainment,[],0,38,8,,0.78,https://www.reddit.com/r/movies/comments/1k79och/official_throwback_discussion_the_virgin_suicides/,LiteraryBoner,2025-05-21T11:06:18.654213Z
1kr2li2,reddit,What are some of the best movies with great child actors?,"Stand by Me is one of my favorite movies mainly because of the main cast being so believable in their roles. Rob Reiner is one of the best directors of all time imo. However I know there are some other great films out there with good child performances. I know Sandlot and the Goonies are good, but what other ones have I missed?",2025-05-20T11:33:51Z,movies,movies,entertainment,Entertainment,[],0,39,144,,0.75,https://www.reddit.com/r/movies/comments/1kr2li2/what_are_some_of_the_best_movies_with_great_child/,According-War3839,2025-05-21T11:06:19.650031Z
1kp0v1j,reddit,Dennis To Returns as Wing Chun Master in ‘Ip Man: Kung Fu Legend’,,2025-05-17T19:16:15Z,movies,movies,entertainment,Entertainment,[],0,37,13,,0.73,https://variety.com/2025/film/news/dennis-ip-man-kung-fu-legend-1236401645/,KillerCroc1234567,2025-05-21T11:06:21.328967Z
1koawbn,reddit,Jack OConnell needs more praise for his talent and his character,"u/dunechello said it correctly when he commented: He's so good at playing pitiful, misunderstood characters who get put through the wringer.

I'm laughing because in Sinners what is his first scene??..taking one last jump to a random house to get away from the sun and native americans lol then the last half of the movie he gets garlic water thrown in his face by annie, then shot by someone, stabbed by pearline, shot AGAIN, gets a guitar disc in his head, and then burns alive. what is more jack oconnell than that.

past movies:  
trial by fire...um I wont even explain this one.  
starred up... wont explain this one either.  
71...Unbroken lol  
Jungleland...bare knuckle boxing to survive..yup.  
Lady Chatterlys Lover - ya he falls in love but he loses his job..his home..his reputation..where is his dog at the end? lol  
SOS Rogue Heroes: loses his sterling love :(   


God bless Jack OConnell",2025-05-16T20:24:56Z,movies,movies,entertainment,Entertainment,[],0,37,16,,0.73,https://www.reddit.com/r/movies/comments/1koawbn/jack_oconnell_needs_more_praise_for_his_talent/,eye_contain-100tudes,2025-05-21T11:06:23.019620Z
1knw447,reddit,New documentary about Scottish band The Average White Band to premiere at Cannes Film Festival,,2025-05-16T08:53:40Z,movies,movies,entertainment,Entertainment,[],0,34,3,,0.8,https://www.heraldscotland.com/news/25165033.new-film-influential-scottish-band-average-white-band/,mrjohnnymac18,2025-05-21T11:06:24.821821Z
1kg438k,reddit,"New Posters for Celine Song’s 'Materialists' - Starring Dakota Johnson, Chris Evans and Pedro Pascal",,2025-05-06T13:10:43Z,movies,movies,entertainment,Entertainment,[],0,39,33,,0.67,https://i.redd.it/ikfza1f7v5ze1.jpeg,JonasKahnwald11,2025-05-21T11:06:25.783243Z
1kg2n68,reddit,"Tatiana Maslany, Marwan Kenzari to Star in Berlin-Set Romantic Comedy ‘Any Other Night’ (EXCLUSIVE)",,2025-05-06T11:59:05Z,movies,movies,entertainment,Entertainment,[],0,38,7,,0.7,https://variety.com/2025/film/global/tatiana-maslany-marwan-kenzari-any-other-night-1236388130/,Robemilak,2025-05-21T11:06:26.914869Z
1kabr87,reddit,Can you recommend a certain type of comedy?,"I’m don’t know the right word I’m looking for. A stupid, lighted hearted comedy movie just based on some of my favorites. Just wanting to watch something I’ve never seen and never knew I needed. Some of these are stupid, lighted hearted, or both:

- Hot Fuzz
- Kung Pow
- Mrs Doubtfire 
- The Nutty Professor 
- Zoolander
- George of the Jungle omfg 
- Any Leslie Neilson comedy 
- National Lampoons Christmas Vacation
- TOMMY BOY OMFG (basically any Chris Farley comedy) 
- Ballad of Ricky Bobby (DONT YOU PUT THAT EVIL ON ME RICKY)/Step Brothers 
- Austin Powers
- Rat Race
- Hitchhiker’s Guide

(I have lost my marbles and can’t think of more)
Bonus: funny noises like farts make me die of laughter

Ones I don’t like:
- Dumb & Dumber
- Napoleon Dynamite 
- Jim Carrey movies are great but I’ve seen all of them so you don’t have to recommend 
",2025-04-29T01:04:46Z,movies,movies,entertainment,Entertainment,[],0,36,352,,0.76,https://www.reddit.com/r/movies/comments/1kabr87/can_you_recommend_a_certain_type_of_comedy/,NeonGhoulie,2025-05-21T11:06:27.888487Z
1kqu8de,reddit,"What’s a movie moment that no matter how many times you watch it, you still cheer like a kid.","For me it’s the end of a New Hope, all hope seems lost, Red Team is dead except for Luke and Darth Vader has him in his sight.

But just at the last minute in flies Han and Chewie having realized the job had become more about money to them, shooting Vaders ship and forcing him to retreat and letting Luke get a clear shot to use the force to blow it up.

I try so hard to recreate Han’s Yahoo but no matter how much I try it sounds like Mario.",2025-05-20T02:36:29Z,movies,movies,entertainment,Entertainment,[],0,38,85,,0.74,https://www.reddit.com/r/movies/comments/1kqu8de/whats_a_movie_moment_that_no_matter_how_many/,S0mecallme,2025-05-21T11:06:31.058038Z
1ki7l69,reddit,Official Discussion - Clown in aa Cornfield [SPOILERS],"#Poll

**If you've seen the film, please rate it [at this poll](https://strawpoll.ai/poll/vote/rMb38Vir3I7e)**

**If you haven't seen the film but would like to see the result of the poll [click here](https://strawpoll.ai/poll/results/rMb38Vir3I7e)**

#Rankings

[Click here](https://strawpoll.ai/list/ItnAgr4mX7QR) to see the rankings of 2025 films

[Click here](https://youpoll.me/list/4/) to see the rankings for every poll done 

---

**Summary**
A father and daughter move to a small town in search of a fresh start, only to find themselves targeted by a terrifying masked killer dressed as the town’s mascot—Frendo the Clown. As the bodies pile up, the town's dark secrets are dragged into the light, forcing the teens to fight back against the bloody chaos lurking in the cornfields.

**Director**
Eli Craig

**Writer**
Carter Blanchard (screenplay), based on the novel by Adam Cesare

**Cast**

* Katie Douglas as Quinn Maybrook
* Aaron Abrams as Dr. Maybrook
* Carson MacCormac as Cole
* Vincent Muller as Rust
* Kevin Durand as Arthur Hill

**Rotten Tomatoes**
Critics Score: [83%](https://www.rottentomatoes.com/m/clown_in_a_cornfield/reviews?utm_source=chatgpt.com ""Clown in a Cornfield - Movie Reviews - Rotten Tomatoes)

**VOD**
Available on Amazon Prime Video, Apple TV, and Google Play

**Trailer**
[Watch the Trailer](https://www.youtube.com/watch?v=dummytrailerlink) *(Replace with real link once available)*

---",2025-05-09T02:12:46Z,movies,movies,entertainment,Entertainment,[],0,34,125,,0.71,https://www.reddit.com/r/movies/comments/1ki7l69/official_discussion_clown_in_aa_cornfield_spoilers/,LiteraryBoner,2025-05-21T11:06:32.710524Z
1kf63pe,reddit,Appallingly bad decisions made by characters in horror films,"I remember watching ""Wolf Creek"", a movie I had seen years ago. It's really great for the first hour—slowgoing, ominous, suspenseful, believable acting. Three backpackers in Australia unwittingly end up at an abandoned mining camp in the outback with a loon who tortures and kills people. However, around the hour mark, when shit goes south, one of the girls tries to save her friend who is being assaulted by the maniac, and ends up shooting him and grazing his neck. He falls apparently unconscious, but rather than ensuring he is actually dead, she hits him in the back with the butt end of the rifle twice, and the two drive off in one of his vehicles. This in and of itself is absurd.

To add insult to injury, the two women soon reach a cliff, and instead of trying to steer a different direction and avert their tormentor (he is now pursuing them in another car), they end up getting out and pushing the fucking car over the cliff—mind you, it is the middle of the night, they are hundreds if not thousands of miles away from civilization, and will inevitably die of heat exhaustion/dehydration because it's the fucking outback.

It is maybe the most egregious ""bad choice"" I've ever seen in a horror movie. Both of the characters end up dying, and in a way, they kind of deserve it. What is particularly frustrating about it is that this is not a popcorn horror flick by any means. It's serious in tone, and really uncompromising, but that stroke of bad writing derails the whole damn thing.",2025-05-05T07:56:11Z,movies,movies,entertainment,Entertainment,[],0,36,104,,0.69,https://www.reddit.com/r/movies/comments/1kf63pe/appallingly_bad_decisions_made_by_characters_in/,Davis_Crawfish,2025-05-21T11:06:35.086651Z
1k6c05d,reddit,AMA/Q&A Announcement - Cheech & Chong - Thursday 4/24 at 4:00 PM ET,,2025-04-23T22:12:56Z,movies,movies,entertainment,Entertainment,[],0,32,8,,0.73,https://i.redd.it/5hhisp37snwe1.png,BunyipPouch,2025-05-21T11:06:36.871016Z
1kobmdq,reddit,Trying to identify a movie I saw on an Air France flight (2025 entertainment selection),"Hey everyone, I’m trying to find the title of a movie I saw someone watching on an Air France flight earlier this year (2025). I only caught fragments of it, but here’s everything I remember: 

•	It seemed to be a recent horror or thriller movie. •	The story took place mostly in a large villa or mansion, which had a swimming pool. 
•	The setting felt like a closed-off environment, maybe even a bottle film or one-location thriller. 
•	The main character was a Black woman, often dressed in white, and she was a survivor-type, fighting back hard, possibly killing many people. 
•	There were a lot of fight scenes, some hand-to-hand combat and some involving bladed weapons.
•	There were a lot of fight scenes, some hand-to-hand combat and some involving bladed weapons.
•	White color was dominant in most scenes. 
•	There was a scene in the woods, where one character ran away and was being searched for with flashlights.
•	I think there was also a scene involving a candle or candlelight.
•	The movie ended (or nearly ended) with the villa catching on fire.
•	There was no supernatural element — no monsters, demons, or powers. Everything seemed very grounded and realistic.
•	I didn’t recognize any famous actors.

Any ideas? Thanks a lot!

Edit for who answer already :

It is was more like a modern villa. ",2025-05-16T20:56:00Z,movies,movies,entertainment,Entertainment,[],0,34,13,,0.71,https://www.reddit.com/r/movies/comments/1kobmdq/trying_to_identify_a_movie_i_saw_on_an_air_france/,Legomanfr,2025-05-21T11:06:37.872021Z
1knnhm1,reddit,Anyone started/organized a movie watching group?,"I’ve always thought about this, but never initiated anything. Has anyone ever started a movie watching group? Sort of like a book club, but for movies. Like renting out a small private theatre, having snacks and drinks, popcorn etc. Maybe meeting once a month or so to watch a movie that is voted on by the group. (Thinking maybe provide the group with a few options to vote on each month to select one). Then we watch it together, and spend the after hours discussing anything we think of it. Sounds like a fun and cool concept to me, just curious if anyone else has done anything like this. ",2025-05-16T00:13:42Z,movies,movies,entertainment,Entertainment,[],0,35,18,,0.81,https://www.reddit.com/r/movies/comments/1knnhm1/anyone_startedorganized_a_movie_watching_group/,PomeloResponsible122,2025-05-21T11:06:38.833181Z
1kjakhk,reddit,2 minute monologue,"Hello guys.
I need a two (or one and half minute would also do) monologue for my speaking class. I tried to look up to it on the internet but I felt no connection to those scripts as I did not watched the most well-known ones or I couldn't form an emotional connection with them. 
I am looking for more like a fantasy or sci-fi kind of thing. Although I did not watched Star Wars series (which I am intended to) or The Lord of the Rings, I am super into dnd or other fantastic fictions or, you know, magical things in general. So I would gladly act the scripts from them. Any recommendations?

Edit: I need something suitable for class environment 🫶🏻

Second edit: Thank you all for your precious answers ❤️
I wanted to do something intresting but I did not had enough self-confidence so I ended up picking Mia's speech from Princess Diaries since she talks anxiously, very similar to mine in real life. But your advices were much more impressive. I am just low when it comes to confidence 💔",2025-05-10T13:41:18Z,movies,movies,entertainment,Entertainment,[],0,31,72,,0.7,https://www.reddit.com/r/movies/comments/1kjakhk/2_minute_monologue/,Cleomnia,2025-05-21T11:06:39.820734Z
1kj6luv,reddit,I feel like no one has seen Freaky Tales and it is genuinely fantastic,"Apologies if this has been talked about to death, but my god this movie is amazing and no one knows what I am talking about.

I was grinning like an idiot the entire film, it's 4 stories loosely intertwined into one plot, kinda like 4 Rooms. It had a super small release, a friend randomly invited me and I had never heard of it or seen a trailer. We had to see it in our town's little boutique theater, but it just came out on streaming. The film is a love letter to Oakland, CA, specifically in 1987. You do not need to care about Oakland or 1987 to love this movie. It's so goddamn good.

Anyways, pleaaase, do yourself a favor and see this film. It has Pedro Pascal (why get him and then do no advertising??) and I audibly groaned when he came onscreen, just because he is in everything. I take a shower and expect him to be in my bathroom holding a towel for me. However, he plays a great character, brings a load of gravitas and isn't a massive part of the film. He nails the role but he isn't the star.

This movie has it all: humor, tragedy, basketball, SICK rap battles, romance, action, scares, sword fights, psychic powers, skinheads brawling, racists getting their comeuppance, all set to an amazing 80s soundtrack. 2 Short (famous Oakland rapper for you youngsters) is played by an actor and then 2 short is also in the movie playing a character. It doesnt get more 80s than that.  
  
I realize the description I just gave sounds like I had a stroke but you have to see it. It's seriously fantastic. I clapped at the end of the movie. I CLAPPED, like a drunken child. I am not a movie clapper. Ever. OK, maybe when Cap picked up Mjolnir. But I was so happy, I didn't know how else to express how much fun I had just had. The small audience was all laughing and gasping and going bananas. It is without a doubt the most fun I've had in theaters in years, and I go to the movies about 3-5 times a month. 

When the movie got out, I immediately called every friend I have and recommended it, I didn't even wait to get to my car. I literally made about 7 calls in 15 minutes. 

Anyways, that's all. Aint trying to overhype it, but it reminded me of the films of the 80s and 90s where weird, experimental gems just landed in your lap, instead of the churning, ""film by committee"" bullshit state that Hollywood is in right now. Do yourself a favor and check it out, if this doesn't become a cult classic, I will be really surprised.

",2025-05-10T09:50:32Z,movies,movies,entertainment,Entertainment,[],0,38,31,,0.78,https://www.reddit.com/r/movies/comments/1kj6luv/i_feel_like_no_one_has_seen_freaky_tales_and_it/,writinglegit2,2025-05-21T11:06:41.388046Z
1ke1cbd,reddit,House of Flying Daggers - thoughts?,"I absolutely love this movie but never see it being discussed. It's my personal favourite wuxia and I'm a sucker for the romance elements. Great fight scenes, beautiful cinematography, colourful costumes and lots of style. Surprised this movie doesn't get as much attention as I would have thought and appears to be a bit forgotten",2025-05-03T19:42:00Z,movies,movies,entertainment,Entertainment,[],0,31,30,,0.72,https://www.reddit.com/r/movies/comments/1ke1cbd/house_of_flying_daggers_thoughts/,Present_Cry1268,2025-05-21T11:06:42.618589Z
1kb3o01,reddit,What’s the most fucked up outdated advice or moral lesson from a movie?,"So I’m thinking movies where the moral lesson seems very outdated and just morally wrong, now. I’m struggling to think of one myself, apart from blatant racist movies. 

Perhaps the way Gone with the Wind romanticises the times of slave labour in the American South…but I hasten to add, I love that movie. I suppose at that time, a lot of white people in the south would have had romantic notions of those times when they benefitted off exploitation. 

I’m specifically thinking of the caption at the very beginning which says: 

>There was a land of Cavaliers and Cotton Fields called the Old South... Here in this pretty world Gallantry took its last bow.. Here was the last ever to be seen of Knights and their Ladies Fair, of Master and Slave... Look for it only in books, for it is no more than a dream remembered.

Bit of a cringey opening gambit now.
",2025-04-30T00:39:28Z,movies,movies,entertainment,Entertainment,[],0,34,218,,0.66,https://www.reddit.com/r/movies/comments/1kb3o01/whats_the_most_fucked_up_outdated_advice_or_moral/,AngryGardenGnomes,2025-05-21T11:06:43.682379Z
1k5egiq,reddit,I Saw the TV Glow and We’re all going to the Worlds Fair capture loneliness in a way I’ve never seen before.,"SPOILERS for We’re all going to the Worlds Fair and I saw the TV Glow

I know their movies are not for everyone but I just finished watching We’re all going to the Worlds Fair and I saw the TV Glow and was blown away.

 I grew up having no close friends, being homeschooled for a big chunk of my childhood and having basically no parental supervision so I watched a lot of movies, TV shows and anime and I would become totally engrossed in whatever I was watching at that moment, if I was watching Buffy the Vampire Slayer, Dragon Ball Z or Inuyasha it was all I talked about, and all I thought about and I would go to sleep thinking about those shows. The characters in the shows actually felt like my friends and the fantasy world became more real than real life. 


When I saw I saw the TV Glow I’ve never connected with a movie on that level before. The main character becomes obsessed with a TV show and he has a very surface level relationship with his only friend where all they have on common is their obsession for that TV Show.  Just like the main character, later in the movie, I’ve also revisited old cartoons and shows that used to mean so much to me and was surprised how much they just looked like crappy kids shows.

One thing I liked about We’re all Going to the World Fair is unlike a lot of movies that portray depression this was just about a normal kid. I really hate the “depressed teenager who is an incredible artist or musician” archetype. I thought it was refreshing to see a movie about a normal sad person.


I can’t speak to the “trans” aspects of the films but I can relate to being isolated and uncomfortable in your own skin. I’m very excited to see what Jane Schoenbrun makes next.",2025-04-22T19:00:05Z,movies,movies,entertainment,Entertainment,[],0,30,9,,0.68,https://www.reddit.com/r/movies/comments/1k5egiq/i_saw_the_tv_glow_and_were_all_going_to_the/,Umangar,2025-05-21T11:06:48.702240Z
1kqefga,reddit,d'Hubert and Feraud's first encounter and duel - 'The Duellists' (1977) Starring Keith Carradine and Harvey Keitel,,2025-05-19T15:22:35Z,movies,movies,entertainment,Entertainment,[],0,31,6,,0.72,https://www.youtube.com/watch?v=zV1dTSXKOU8,UpperphonnyII,2025-05-21T11:06:49.674848Z
1kpd62v,reddit,Harvey,"Although I've been avoiding watching this movie for years because the idea seemed so ridiculous to me, I finally got around to watching Harvey tonight, and I must say, I was very pleasantly impressed! Not only does Jimmy Stewart do an excellent acting job as an eccentric man who has an imaginary invisible giant rabbit friend, but the movie is quite good for the simple reason that although on the surface he seems crazy, which is why his family tries to get him committed, he actually turns out to be much saner than them for the simple reason that he has a kind heart and just wants to bring everyone together over Harvey, which ultimately helps them all out. I think this movie says a lot about life and what's really ""crazy"" and ""sane""!",2025-05-18T06:06:16Z,movies,movies,entertainment,Entertainment,[],0,29,17,,0.75,https://www.reddit.com/r/movies/comments/1kpd62v/harvey/,dcterr,2025-05-21T11:06:50.636225Z
1kl2dnj,reddit,3000 Pictures’ Adaptation Of Don Winslow’s ‘City On Fire’ Starring Austin Butler Taps ‘Captain Fantastic’ Director Matt Ross To Helm,,2025-05-12T20:01:08Z,movies,movies,entertainment,Entertainment,[],0,36,7,,0.8,https://deadline.com/2025/05/don-winslow-city-on-fire-austin-butler-matt-ross-1236394161/,NoCulture3505,2025-05-21T11:06:51.661922Z
1kdhp69,reddit,Unrelated films that you watch back to back.,"I am about to rewatch the early 2000s ""trilogy"" of Blades of Glory, Dodgeball and Balls of Fury, three comedy films about minor sports Figure Skating, Dodgeball and Table Tennis respectively. 

It caused me to think about other films, for example I'll often watch Bill and Ted at around end same time as Wayne's World or Wargames and Flight of the Navigator. 

What films do you tend to watch together even though they have only a vague similarity to one another? ",2025-05-03T01:45:58Z,movies,movies,entertainment,Entertainment,[],0,32,74,,0.77,https://www.reddit.com/r/movies/comments/1kdhp69/unrelated_films_that_you_watch_back_to_back/,Martipar,2025-05-21T11:06:53.165072Z
1kd3xty,reddit,"Emma Roberts, Luke Wilson & Heather Graham To Star In Rom-Com ‘Getting Rid Of Matthew’ From ‘Purple Hearts’ & ‘Gossip Girl’ Outfit Alloy",,2025-05-02T15:33:55Z,movies,movies,entertainment,Entertainment,[],0,35,3,,0.74,https://deadline.com/2025/05/emma-roberts-luke-wilson-heather-graham-getting-rid-matthew-1236382332/,MyNameIsNotGump,2025-05-21T11:06:54.686835Z
1kblmzw,reddit,Summer of 69 | Official Trailer | Hulu,,2025-04-30T17:04:36Z,movies,movies,entertainment,Entertainment,[],0,33,38,,0.64,https://youtu.be/v05tfNInHsU?si=9ESFcCrg6eZ2kHHK,N/A,2025-05-21T11:06:55.677443Z
1k69ct2,reddit,"Cannes Film Festival Adds Jennifer Lawrence, Robert Pattinson’s ‘Die, My Love’ and Kristen Stewart’s ‘Chronology of Water’ to 2025 Lineup",,2025-04-23T20:22:58Z,movies,movies,entertainment,Entertainment,[],0,33,6,,0.74,https://variety.com/2025/film/festivals/cannes-film-festival-jennifer-lawrence-robert-pattinsons-die-my-love-kristen-stewart-chronology-of-water-1236374029/,SafeBodybuilder7191,2025-05-21T11:06:56.796645Z
1k64e1p,reddit,"Lynne Ramsay’s ‘Die, My Love’ and Kristen Stewart’s ‘Chronology of Water’ Confirmed for Cannes",,2025-04-23T17:03:30Z,movies,movies,entertainment,Entertainment,[],0,33,6,,0.71,https://www.indiewire.com/news/festivals/cannes-lynne-ramsay-die-my-love-1235117748/,indiewire,2025-05-21T11:06:57.913322Z
1kl1vui,reddit,What quotes do you use as motivation?,"Something to make yourself smile, hype yourself, hype someone else up or make your friends laugh. 

The one I like to keep coming back to is from The Last Boy Scout after Hallenbeck gets in his car to go home.

""Nobody likes you. Everybody hates you. You're gonna lose. Smile you fuck."" And naturally I smile.

Lately I've also been quoting alot of Glengarry Glen Ross. ""Fuck you! That's my name!""",2025-05-12T19:41:45Z,movies,movies,entertainment,Entertainment,[],0,32,122,,0.74,https://www.reddit.com/r/movies/comments/1kl1vui/what_quotes_do_you_use_as_motivation/,GeneralDoughnut4488,2025-05-21T11:06:58.871360Z
1kjtjow,reddit,What is that one song you associate a movie with?,"For me, Mondo '77 is the Vanilla Sky song. Great song. American Dad did a funny parody of the scene. Is that movie still divisive amongst the crowd? I personally loved that movie. I think people are starting to reflect well on it. Maybe. 

Or Don't You Forget About Me is the Breakfast Club song. Weird Science is the Weird Science song. 

What are you personal examples?",2025-05-11T05:25:00Z,movies,movies,entertainment,Entertainment,[],0,34,178,,0.74,https://www.reddit.com/r/movies/comments/1kjtjow/what_is_that_one_song_you_associate_a_movie_with/,MaybeTodaySatan0,2025-05-21T11:07:00.633896Z
1khqpsg,reddit,"Hi r/movies! We're Freddy Macdonald, director/co-writer of SEW TORN, and Eve Connolly, star of the film! Joel Coen (the Coen Brothers) urged us to make this movie, and it will be in theaters May 9th after premiering at SXSW! It’s my first feature, and I directed it when I was 21. Ask us anything!","Hi r/movies! We're Freddy Macdonald, director/co-writer of SEW TORN, and Eve Connolly, star of the film! Joel Coen (the Coen Brothers) urged us to make this movie, and it will be in theaters May 9th after premiering at SXSW! It’s my first feature, and I directed it when I was 21. Ask us anything!

We'll be back at 4 PM ET today (Thursday 5/8) to answer any questions.

Here's our trailer:

[https://www.youtube.com/watch?v=DRu8hLsgODo](https://www.youtube.com/watch?v=DRu8hLsgODo)

  
Logline:

A seamstress gets tangled in her own thread after stealing a briefcase from a drug deal gone bad. In an escalating game of cat and mouse, her different choices lead to drastically different outcomes along the way.

More information:

[https://en.wikipedia.org/wiki/Sew\_Torn](https://en.wikipedia.org/wiki/Sew_Torn)

The SEW TORN feature film is based on a short film of the same name - which was actually my application to film school! I was incredibly lucky, because the short got passed around and ended up in the hands of Joel Coen (who is my hero - and a huge inspiration). After meeting him, Joel's number one advice was to turn the short into a feature, and to do it independently. The short ended up getting acquired by Searchlight Pictures, had a theatrical release alongside READY OR NOT, and was our proof of concept that helped finance the full length movie.

You can watch the short film here: [https://www.youtube.com/watch?v=9ivBwzO1wn4&ab\_channel=SearchlightPictures](https://www.youtube.com/watch?v=9ivBwzO1wn4&ab_channel=SearchlightPictures)",2025-05-08T13:55:18Z,movies,movies,entertainment,Entertainment,[],0,36,48,,0.71,https://i.redd.it/naq7acicckze1.png,SewTornAMA,2025-05-21T11:07:02.775896Z
1kedxkb,reddit,the zone of interest,i know i’m like 2 years late but i went in not expecting much as every review seemed to act like there was no dialogue. i was blown away by the symbolism & cinematography. while not a -fun- watch it exceeded my expectations & was depressing without having to show excessive gore. this movie is so impressive in how it shows the true disconnect. ,2025-05-04T07:12:48Z,movies,movies,entertainment,Entertainment,[],0,32,40,,0.7,https://www.reddit.com/r/movies/comments/1kedxkb/the_zone_of_interest/,WinnerBusy855,2025-05-21T11:07:04.265314Z
1k8r6sk,reddit,What is your favourite movie poster of all time?,"I've just moved into a new apartment with my wife and want to jazz it up with some cool movie posters. Open to recommendations on iconic ones that stand out. Currently leaning towards the Matrix and A New Hope but very open to suggestions!! Other great ones I can think of are Pulp Fiction, Jaws and Goodfellas. Thanks!",2025-04-27T00:19:00Z,movies,movies,entertainment,Entertainment,[],0,30,176,,0.75,https://www.reddit.com/r/movies/comments/1k8r6sk/what_is_your_favourite_movie_poster_of_all_time/,Present_Cry1268,2025-05-21T11:07:05.719839Z
1kqo7tq,reddit,Georgia Maintains Status as Top Production Hub in the Face of Industry Slowdowns,,2025-05-19T21:46:43Z,movies,movies,entertainment,Entertainment,[],0,34,2,,0.74,https://variety.com/2025/film/filming-locations/georgia-filming-production-hub-1236392186/,mrinternetman24,2025-05-21T11:07:08.070215Z
1ke1es1,reddit,Struggling to find a bank heist movie. The one where the employees of some rural branch are robbing it.,"This is not an action movie. I remember it was a comedy. Pretty recent. Not more than 15-20 years ago.

It all revolves around the exhausted employees and ends with each of them robbing the bank. In their own way.

I can't recite any of the cast, unfortunately, and it's not mentioned in any of the lists I've found.

Please assist.

TIA",2025-05-03T19:45:05Z,movies,movies,entertainment,Entertainment,[],0,35,23,,0.68,https://www.reddit.com/r/movies/comments/1ke1es1/struggling_to_find_a_bank_heist_movie_the_one/,migoodenuf,2025-05-21T11:07:09.001207Z
1kbrtj2,reddit,The Confederacy in film -- what was the first anti-South major film?,"To me it is surprising how many Hollywood films embrace the ""Lost Cause"" myth.  Birth of a Nation is a striking example, but there are numerous other examples, some of which were made after the civil  rights era. 

What was the first movie where the northerners were the good guys. I guess the Lincoln biopics show the President as a hero, but let's exclude those.

I also wonder when the last pro-confederacy was made.",2025-04-30T21:24:11Z,movies,movies,entertainment,Entertainment,[],0,31,54,,0.63,https://www.reddit.com/r/movies/comments/1kbrtj2/the_confederacy_in_film_what_was_the_first/,relesabe,2025-05-21T11:07:10.090315Z
1kqvfdd,reddit,My first time watching Escape From New York was on a small B&W TV sitting on a deli case.,"When I was younger I worked at this New York Puerto Rican deli in South Florida. And on Saturdays, I’d end up watching movies like Escape. Being introduced to both Snake Plissken AND Adrienne Barbeau is one hell of an afternoon. I’m not sure I knew who John Carpenter was yet.

There’d be few customers, and they’d play the movies longer with fewer commercials. I believe they were on Channel 33. I’d see Swamp Thing, House, and Creepshow.. Stuff like Vice Academy, American Ninja, and Masters of the Universe. All in B&W. And on a very small screen. You can imagine experiencing them on a big screen for the first time.",2025-05-20T03:41:25Z,movies,movies,entertainment,Entertainment,[],0,30,26,,0.76,https://www.reddit.com/r/movies/comments/1kqvfdd/my_first_time_watching_escape_from_new_york_was/,tangledapart,2025-05-21T11:07:11.273640Z
1kldyj0,reddit,"What are ""old movies"" to you?","If someone asks you, ""Hey, do you like old movies?"" what time period are you thinking of?

I was born in '85, and most of the movies I like to watch are from the 60s to the 90s, so when I say ""old movies,"" I'm probably talking about movies from the 40s or 50s. I'm curious what other people think of, especially people younger than me.",2025-05-13T05:16:56Z,movies,movies,entertainment,Entertainment,[],0,30,119,,0.72,https://www.reddit.com/r/movies/comments/1kldyj0/what_are_old_movies_to_you/,_kony3012,2025-05-21T11:07:12.475964Z
1kbk4ok,reddit,First Images of Josh O’Connor and Alana Haim in Kelly Reichardt’s 'The Mastermind',,2025-04-30T16:02:22Z,movies,movies,entertainment,Entertainment,[],0,28,1,,0.74,https://theartsshelf.com/2025/04/30/first-look-at-josh-oconnor-and-alana-haim-in-kelly-reichardts-the-mastermind/,Phantom90AG,2025-05-21T11:07:14.631521Z
1kanxim,reddit,"Hey r/movies! I’m Scott Mann - director, writer, and co-Founder of Flawless. Flawless and XYZ Films are releasing the sci-fi adventure WATCH THE SKIES exclusively in AMC Theatres on May 9. I also directed the survival-thriller FALL. Joined by co-directors of SKIES, Victor & Albin. Ask us anything!","Hey r/movies! I’m Flawless co-founder Scott Mann. Flawless and XYZ Films are releasing WATCH THE SKIES  exclusively in AMC Theatres on May 9. It’s the world's first theatrical full-length feature to use ﻿AI for immersive dubbing. Ask me anything!

WATCH THE SKIES was originally filmed in Swedish, but the original cast re-recorded their dialogue in English and Flawless' technology seamlessly integrates the English dialogue into the film, ensuring perfect lip sync. With full endorsement from SAG, Flawless is leading the charge in ethical AI filmmaking, pushing boundaries, and crafting a new era of cinematic storytelling.

I’ll be back today at 1pm PT, along with WATCH THE SKIES filmmakers Victor Danell (Director) and Albin Pettersson (Producer), to answer your questions.

More info about our new movie:

Official Trailer: 

[https://www.youtube.com/watch?v=-pI5eTJa2FI&t=3s](https://www.youtube.com/watch?v=-pI5eTJa2FI&t=3s) 

WATCH THE SKIES - Exclusively in AMC Theatres on May 9th!

Synopsis: A rebellious teenage woman’s father went missing years ago and she believes that he didn’t run away, but was abducted by aliens. She joins forces with a funky UFO club made up of a lovable group of weirdos and rejects. Together, they embark on an adventure that takes them far beyond the boundaries of the law and ultimately, our world.",2025-04-29T13:27:51Z,movies,movies,entertainment,Entertainment,[],0,31,66,,0.72,https://i.redd.it/lpkfrzlizrxe1.png,WatchTheSkiesAMA,2025-05-21T11:07:15.611876Z
1k9oi3o,reddit,"In The War of the Roses (1989) Danny DeVito’s character, Gavin, is telling the terrifying story of Oliver and Barbara to his client (who’s considering divorce). Do you think Gavin is telling a true story or just inventing it as a cautionary tale?","I think *The War of the Roses* is one of the all-time best dark comedies ever made...*.* but I've always suspected the story Gavin tells (his client/Homer Simpson) is something he uses to make sure his clients really want a divorce.

There’s no clear answer that the Roses actually existed in the movie's universe. The way Gavin frames it, to me it feels like he’s trying to scare his client into rethinking a nasty divorce by telling an exaggerated or fictional horrifying example of how bad things can get.

You think he's telling a made-up story, or is he documenting real events from his life? I feel like DeVito who directed, intentional keeps it vague so you don't know for sure.",2025-04-28T05:56:40Z,movies,movies,entertainment,Entertainment,[],0,28,24,,0.74,https://www.reddit.com/r/movies/comments/1k9oi3o/in_the_war_of_the_roses_1989_danny_devitos/,Freddy-Philmore,2025-05-21T11:07:17.112839Z
1k9bm6s,reddit,What are some stories you think will never be translated into a movie?,"Just wanted to ask this out of curiosity. There are a lot of stories that I feel will never be made into a movie for one reason or another. Some that come to the top of my head are most of Saramago's work (especially his most critical works on religion), and I Have No Mouth and I Must Scream by Harlan Ellison.
Any other stories that come to mind?",2025-04-27T19:01:43Z,movies,movies,entertainment,Entertainment,[],0,31,153,,0.73,https://www.reddit.com/r/movies/comments/1k9bm6s/what_are_some_stories_you_think_will_never_be/,N/A,2025-05-21T11:07:18.169378Z
1k5wqcd,reddit,"Of the phrase ""I've seen this movie 100 times"" how many times would you accurately say you've seen your favourite movies(s)?","Like we're all familiar with the phrase at this point. But I think we can tell seeing a movie 100 times sounds fictitious. And since reddit is a place of asking stupidly complex questions. I want to know the reasonable amount of times you can see a movie multiple times.

For example, I'm in my early 20s and my favourite film of all time is treasure planet. I tend to rewatch the film every 2nd or 3rd year. With around 2-3 rewatches that year, minorly helped by YouTube clips I also watch.

So for me, I think I can say I've watched treasure planet 30-40 times in my life. Which feels like a substantial number, but not unreasonable.",2025-04-23T11:25:46Z,movies,movies,entertainment,Entertainment,[],0,30,191,,0.7,https://www.reddit.com/r/movies/comments/1k5wqcd/of_the_phrase_ive_seen_this_movie_100_times_how/,ah-screw-it,2025-05-21T11:07:20.065764Z
1k568cp,reddit,What are some examples of good movies which share a name but are completely unrelated to each other?,"This came to mind as I watched Hush (2008), a British Hitcher-esque horror, the other night but have previously also enjoyed Hush (2016), Mike Flanagan's home invasion horror film.

Another pairing that came to mind were The Hunt (2016), the Danish small-town drama starring Mads Mikkelsen, and The Hunt (2020), the darkly comedic film starring Betty Gilpin (which didn't get much attention at the time due to getting shifted around due to real-world events/politics, but I loved it!).

I know there are likely a lot of low budget or bad movies that share name with more acclaimed ones, and of course franchise reboots etc, but what pairing can you think of which are both good in their own right but completely unrelated?",2025-04-22T13:24:50Z,movies,movies,entertainment,Entertainment,[],0,29,84,,0.73,https://www.reddit.com/r/movies/comments/1k568cp/what_are_some_examples_of_good_movies_which_share/,MissingLink101,2025-05-21T11:07:22.345601Z
1k4cp5s,reddit,Conclave has a weak story written entirely to create a controversial plot,"
I just watched Conclave after hearing so much about the film and while it’s an interesting story it’s ultimate a weak story with plot points and characters created just to reach the controversial ending.

What’s really disappointing is that it leaves aside so many interesting opportunities and characters of the other cardinals just to get to the ending of the Pope’s successor being intersex.

How is it that a cardinal from Afghanistan who was kept secret from the rest of the world and the the Catholic Church is able to arrive at the conclave after the Pope dies and he manages to garner enough support to get voted in as the next Pope? It seems ridiculously far fetched.

For a religious institution as conservative as the Catholic Church he would have never gained enough support to become the next Pope.

What’s really disappointing about this movie is that it leaves aside so many interesting opportunities for a good story (Tremblay and his history, Lawrence and him struggling with his faith) and instead tries to go for a controversial ending that is utterly unbelievable and weak.
",2025-04-21T12:49:31Z,movies,movies,entertainment,Entertainment,[],0,26,77,,0.57,https://www.reddit.com/r/movies/comments/1k4cp5s/conclave_has_a_weak_story_written_entirely_to/,WaterH2Omelon,2025-05-21T11:07:24.013438Z
1kqm8qr,reddit,"Which minor or lesser-known actors made you think ""Why aren't they in more stuff?""","Some actors show up in just a few scenes or a handful of projects, but leave a *huge* impression. You watch them and instantly think they should’ve had a bigger career.

For me, it's:

* **Romany Malco** in *The 40-Year-Old Virgin* — hilarious, great timing, tons of charisma. I thought he was going to blow up in comedy.
* **Darrel Heath** as Toothpick in *Don't Be a Menace to South Central While Drinking Your Juice in the Hood* — tiny role, but *completely* stole every scene.
* **Tyler Labine** — I first saw him in *Reaper* and was cracking up. Then way later *Tucker and Dale vs. Evil* came out which just confirmed how effortlessly funny he can be.
* **Haley Joel Osment** — he obviously had a lot of roles as a child, but not nearly as many later on—which is a shame, because he’s great in every little part I see him in. Even in that quick It’s Always Sunny parody where he played Mac for a few seconds.

There are plenty more, but these come to mind immediately.  
**Who are some minor or underrated actors you wish had bigger careers or more roles?** Curious what others think!",2025-05-19T20:27:27Z,movies,movies,entertainment,Entertainment,[],0,31,154,,0.7,https://www.reddit.com/r/movies/comments/1kqm8qr/which_minor_or_lesserknown_actors_made_you_think/,Michael_mkz,2025-05-21T11:07:25.663555Z
1kqltgn,reddit,Kate Mara on Treating ‘Friendship’ Like a Dramatic Indie and the Surprisingly Weird Connection to Werner Herzog,,2025-05-19T20:10:53Z,movies,movies,entertainment,Entertainment,[],0,26,7,,0.68,https://www.indiewire.com/features/interviews/kate-mara-friendship-werner-herzog-1235122076/,indiewire,2025-05-21T11:07:27.648406Z
1kinnmu,reddit,"Official Poster for 'NIGHT COURIER' - In Riyadh, desperate Fahad becomes a courier to save his sick father. When he stumbles upon the city’s criminal underworld, he's offered a risky way out — one that could cost him his morals, sanity, and everything he loves",,2025-05-09T17:05:28Z,movies,movies,entertainment,Entertainment,[],0,25,1,,0.73,https://i.redd.it/s0icp9k5fsze1.jpeg,mayukhdas1999,2025-05-21T11:07:28.652498Z
1ki7y48,reddit,Official Discussion Megathread (Clown in a Cornfield / Fight or Flight / Shadow Force) Plus Throwback Discussions!,"# New Theatrical Releases

[Clown in a Cornfield](https://old.reddit.com/r/movies/comments/1ki7l69/official_discussion_clown_in_aa_cornfield_spoilers/?)

[Fight or Flight](https://old.reddit.com/r/movies/comments/1ki7l7u/official_discussion_fight_or_flight_spoilers/?)

[Shadow Force](https://old.reddit.com/r/movies/comments/1ki7l93/official_discussion_shadow_force_spoilers/?)

# 25th Anniversary Throwback Discussion Threads

[Gladiator](https://old.reddit.com/r/movies/comments/1ki7lag/official_throwback_discussion_gladiator_spoilers/?)

[I Dreamed of Africa](https://old.reddit.com/r/movies/comments/1ki7lci/official_throwback_discussion_i_dreamed_of_africa/?)


# Still in Theaters

[Thunderbolts*](https://old.reddit.com/r/movies/comments/1kcpug8/official_discussion_thunderbolts_spoilers/?)

[The Surfer](https://old.reddit.com/r/movies/comments/1kcpuhw/official_discussion_the_surfer_spoilers/?)

[The Accountant 2](https://old.reddit.com/r/movies/comments/1k79o5r/official_discussion_the_accountant_2_spoilers/?)

[The Legend of Ochi](https://old.reddit.com/r/movies/comments/1k79o78/official_discussion_the_legend_of_ochi_spoilers/?)

[Until Dawn](https://old.reddit.com/r/movies/comments/1k79o90/official_discussion_until_dawn_spoilers/?)

[Sinners](https://www.reddit.com/r/movies/comments/1k1tsoo/official_discussion_sinners_spoilers/?)



# On Streaming

[Another Simple Favor](https://old.reddit.com/r/movies/comments/1kdg7p5/official_discussion_another_simple_favor_spoilers/?)

[Havoc](https://old.reddit.com/r/movies/comments/1k7zfyi/official_discussion_havoc_spoilers/?)",2025-05-09T02:31:44Z,movies,movies,entertainment,Entertainment,[],0,29,0,,0.8,https://www.reddit.com/r/movies/comments/1ki7y48/official_discussion_megathread_clown_in_a/,LiteraryBoner,2025-05-21T11:07:29.582052Z
1kfozev,reddit,"What makes Tony Montana’s rise and fall arc still so captivating, even when we know he’s a monster? Is it just Pacino’s raw magnetism, or is Scarface a darker reflection of our own fascination with power and downfall?","I’ve always found it fascinating how Scarface remains a cultural touchstone, decades later, not because Tony Montana is likable, but because he embodies the twisted American Dream ambition without brakes, loyalty tainted by paranoia, and a hunger that can never be satisfied. Why do we still idolize Tony despite knowing he’s a doomed figure? Is it Pacino’s brilliance, or something deeper about our obsession with excess and destruction?",2025-05-05T22:31:13Z,movies,movies,entertainment,Entertainment,[],0,31,74,,0.62,https://www.reddit.com/r/movies/comments/1kfozev/what_makes_tony_montanas_rise_and_fall_arc_still/,AvailableReality557,2025-05-21T11:07:30.506249Z
1kb1at6,reddit,"Looking for some more dark, weird and/or fucked up movies to watch.","Looking for some more movies to watch that fit in these categories. This is a list of some of my favorite movies like this in random order: Asthma, Manic, Flashback (also known as The Education of Fredrick Fitzell), Super Dark Times, Donnie Darko, Requiem for a Dream, Strange Darling, the Machinist, the Virgin Suicides, the Basketball Diaries, Cherry and Nightcrawler.

As u can see I'm into movies about troubled people and I have watched a whole lot more than the ones that I listed, but hoping to get some recommendations for some more good ones. Hopefully you guys can help.

**EDIT:**   
**Thanks so much for all the replies and recommendations! Have so many movies to watch now :)**",2025-04-29T22:46:01Z,movies,movies,entertainment,Entertainment,[],0,32,205,,0.73,https://www.reddit.com/r/movies/comments/1kb1at6/looking_for_some_more_dark_weird_andor_fucked_up/,Mell00000,2025-05-21T11:07:32.179984Z
1kau65h,reddit,John Waters Calls Pedro Almodóvar the Best Director in the World,,2025-04-29T17:47:25Z,movies,movies,entertainment,Entertainment,[],0,27,3,,0.69,https://www.indiewire.com/news/general-news/john-waters-pedro-almodovar-best-director-in-the-world-1235118995/,indiewire,2025-05-21T11:07:34.538248Z
1k9ie4b,reddit,movie recommendations about intense female friendships?,"I’m writing a script for a short film and I’m looking to other films for inspiration, ones that feature very close female friendships, whether that’s portrayed negatively or positively. An example would be Heavenly Creatures (1994), Thoroughbreds (2017), Thelma and Louise (1991), Persona (1966), or Mulholland Drive (2001). Let me know!",2025-04-28T00:08:42Z,movies,movies,entertainment,Entertainment,[],0,30,81,,0.73,https://www.reddit.com/r/movies/comments/1k9ie4b/movie_recommendations_about_intense_female/,anaxplain,2025-05-21T11:07:35.902250Z
1k7jrdy,reddit,Havoc Director Gareth Evans Discusses Netflix Action Thriller's Reshoots,,2025-04-25T12:31:49Z,movies,movies,entertainment,Entertainment,[],0,29,24,,0.73,https://filmstories.co.uk/features/havoc-director-gareth-evans-on-his-netflix-action-thrillers-reshoots-exclusive/,WorldsBestWrestling,2025-05-21T11:07:37.175689Z
1k7h4kq,reddit,"If you’re into ’80s/’90s little known serial killer B-movie thrillers, I fell down a Tubi rabbit hole... here’s 10 that I liked. If any suggestions please share.","I love watching this stuff late at night. Not like the A list ones like Manhunter, Silence of the Lambs...  but the direct to vid kind. Not horror but more thriller territory.

These movies have a bunch of things in common... besides being on Tubi...

* They’ve all been remastered and look great... not those cheap, oversaturated digital transfers you sometimes get with obscure titles.
* 2) They're all real decently-made B-indie thrillers not like super cheepos.
* 3) They involve serial killers.
* 4) Most have surprisingly solid casts and a few have well regarded directors.
* 5) They're all a little bit weird.

**Fear City**  
This one was a real surprise. Directed by Abel Ferrara, it stars Billy Dee Williams, a young Tom Berenger, and an about-to-be-famous Melanie Griffith. The plot centers around a serial killer targeting strippers and their bosses in NYC. Billy Dee plays a hard-as-nails cop with some raw, standout scenes... he’s seriously great in this. Everyone is, actually except the killer, oddly. You see him early (not a reveal), and he's almost laughably bad, like a weirdly silent rock trying to act. Still, it works in its own unhinged way.

**The Killer Hour 1982 (the** clairvoyant)  
A serial killer is handcuffing victims in bizarre ways. A psychic develops a strong connection to the case. Meanwhile, a TV talk show host (a young Perry King) sees it as a chance to boost his career, and a detective caught between them (also trying to be a comedian doing impressions) is trying to solve the case while navigating friendships and romance. lol

**Stranger by Night 1994**  
Steven Bauer is terrific as a detective who’s blacking out and starting to believe he might actually be the killer he’s hunting. Classic B-movie setup: clunky side characters and obvious plot points, and feels very direct to video but Bauer's performance really grounds it and makes it work better than you'd expect.

**Blind Date 1984**  
This one is really *strange*. A photographer, still obsessed with his ex, thinks her new boyfriend might be a serial killer. While spying on them, the boyfriend chases him, and he runs into a tree and goes blind. From there, the movie totally shifts gears into a sort of tech-drama as he learns to navigate the world again with the help of a computer system that lets him ""see"" in stick figures. This is most of the movie oddly. Eventually, we return to the serial killer plot very late in the film. It’s unevenly paced, but it kept me watching.

**The Rain Killer 1990**  
Set in a gloomy, rainy L.A., a serial killer is murdering women, and the lead detective has a personal connection to the case. This one sits firmly in B-movie territory but has a decent lead and a noir-ish vibe that gives it some style.

**Traces in Red 1992**  
More serial killings, more cops, more partners, and lots of tangled personal relationships. Jim Belushi stars, and your enjoyment will probably depend on your tolerance for Belushi doing Belushi things. It's B-movie cheese fun if you're in the right mood.

**Killer's Delight 1976**  
Mid-70s grindhouse vibes. A serial killer is stalking young women across California. Misogynistic. A determined cop is on the case. It’s pretty by-the-numbers, but as a time capsule of '70s California, it’s got style and charm.

**The Stranger 1987**  
Bonnie Bedelia (the wife from Die Hard) plays a woman with amnesia after a traumatic accident. Someone is trying to kill her, and she doesn’t know why. Her doctor tries to piece together her returning memories before it’s too late. A nice mix of psychological thriller and slasher.

**The Banker 1989**  
The title is misleading... he's not really a banker. He’s a psycho killing prostitutes for a South American god or something with a crossbow. Glossy late-‘80s vibes, sleazy charm, and an awkward killer setup make this one stand out a bit. Supporting role for Grease/Taxi star Jeff Conaway. He's seen better days. But Robert Forster (Jackie Brown) raises the bar here.

And finally the one that got me into the rabbit hole...

**NIGHT GAME (1989)**  
Roy Scheider is great as usual as a Texas cop tracking (not a shark this time) a serial killer targeting young women in a coastal town, all while the Astros chase a playoff spot. The film is misogynistic... even by late '80s standards, with graphic kills, macho cops, and Scheider’s character engaged to a woman 25 years his junior, which feels icky. Still, it’s well-acted and nicely shot. While light on action, it delivers a solid investigation and plenty of scene-chewing, character-driven dialogue as it dips into slasher territory. A flawed but entertaining watch.",2025-04-25T09:56:30Z,movies,movies,entertainment,Entertainment,[],0,28,23,,0.77,https://www.reddit.com/r/movies/comments/1k7h4kq/if_youre_into_80s90s_little_known_serial_killer/,Freddy-Philmore,2025-05-21T11:07:38.269601Z
1koxeok,reddit,"Searchlight Pictures Buys Alexander Payne’s Next Film ‘Somewhere Out There’, Starring Renate Reinsve – The Danish-language film will mark Payne’s first European feature.",,2025-05-17T16:45:21Z,movies,movies,entertainment,Entertainment,[],0,24,1,,0.73,https://variety.com/2025/film/global/searchlight-pictures-alexander-paynes-somewhere-out-there-1236401799/,SanderSo47,2025-05-21T11:07:39.368083Z
1knflui,reddit,‘The Hunger Games: Sunrise on the Reaping’ Adds Ben Wang as Wyatt,,2025-05-15T18:30:35Z,movies,movies,entertainment,Entertainment,[],0,24,8,,0.68,https://variety.com/2025/film/news/the-hunger-games-sunrise-on-the-reaping-ben-wang-wyatt-1236399399/,NoCulture3505,2025-05-21T11:07:40.350837Z
1kn90ow,reddit,"Hi r/movies! We’re Isaac Gale & Ryan Olson, directors of the new documentary SWAMP DOGG GETS HIS POOL PAINTED. The film follows legendary musician Jerry ""Swamp Dogg"" Williams, and features lots of familiar faces like John Prine, Mike Judge, Johnny Knoxville. It's in theaters now. Ask us anything!","Hi [r/movies](https://www.reddit.com/r/movies/)– We’re directors Isaac Gale and Ryan Olson, and our documentary SWAMP DOGG GETS HIS POOL PAINTED is now playing in theaters from Magnolia Pictures. Jerry ""Swamp Dogg"" Williams has made a huge impact on popular music, and we got to follow him around as he writes and creates with some friends, like Jenny Lewis, John Prine, Mike Judge, Johnny Knoxville and Tom Kenny. After premiering at SXSW in 2024 the film had a great festival run, and is now playing and expanding in theaters nationwide. The two of us are based in Minneapolis, and we also make music as Marijuana Deathsquads, and produced the score to this film. More information on the film below:

SWAMP DOGG GETS HIS POOL PAINTED is a wildly entertaining and fittingly unconventional documentary about convention-defying singer, songwriter and record producer Jerry Williams, aka Swamp Dogg, one of the great cult figures of 20th-century American music whose singular voice and ideas have shaped the history not merely of soul music, but of country, hip-hop and a dozen other genres. In the film, the titular artist and his “bachelor pad of aging musicians”, including the charming Guitar Shorty and lovably quirky Moogstar, navigate the tumultuous music industry, transform their home into an artistic playground and invite fellow musicians like Jenny Lewis and John Prine and superfans Mike Judge, Johnny Knoxville and Tom Kenny to play in their unique musical sandbox…and paint Swamp Dogg’s pool. Bursting with infectious personality and stoner energy, SWAMP DOGG GETS HIS POOL PAINTED is a music documentary unlike any other.

Official Trailer:

[https://youtu.be/p6DxeQc1D9A?si=E8aChVbEZeWQD2vC](https://youtu.be/p6DxeQc1D9A?si=E8aChVbEZeWQD2vC)

Get tickets for the film:

[https://www.magpictures.com/swampdogg/screenings/](https://www.magpictures.com/swampdogg/screenings/)

We'll be back at 4 PM ET today (Thursday 5/15) to answer questions. Ask us anything!",2025-05-15T14:03:32Z,movies,movies,entertainment,Entertainment,[],0,28,51,,0.72,https://i.redd.it/5jis8i8bcy0f1.png,SwampDoggAMA,2025-05-21T11:07:41.368786Z
1kllq6l,reddit,"Hi /r/movies - I’m Mason Klein, rally racer and subject of the upcoming documentary DAKAR: RACE AGAINST THE DESERT. The documentary follows racers during the Dakar Rally, one of the most grueling motorsport races in the world. Ask me anything!","Hi r/movies \- I’m Mason Klein, rally racer and subject of the upcoming documentary DAKAR: RACE AGAINST THE DESERT. The documentary follows racers during the Dakar Rally, one of the most grueling motorsport races in the world. Ask me anything!

Bio about me:

Mason Klein is a fearless adventurer and rising star in the world of bike rally racing. Hailing from California, he grew up with a passion for speed, the great outdoors, and a relentless drive to push his limits on two wheels. From dirt tracks to mountain trails, Mason quickly honed his skills and earned a reputation as a formidable rider, navigating treacherous terrain with natural talent and determination. Starting his rally racing journey at just 18 years old, substantially younger than most in the sport. Mason's youth and fearless approach have set him apart. At 21, he made his mark with breakthrough performances in the highly competitive Dakar Rally, proving his ability to tackle the toughest challenges the sport has to offer. For Mason, bike rally racing is about more than just winning. It's a way of life one defined by camaraderie, the thrill of exploration, and the freedom of conquering the unknown. As he continues to push the boundaries of what's possible, now at 23, Mason is cementing his place as a name to watch in the rally racing world.

Trailer for the film:

[https://www.youtube.com/watch?v=omwWUuExb7g](https://www.youtube.com/watch?v=omwWUuExb7g)

The film is available on VOD starting today, May 13.

Ask me anything! Back at 2 PM PT/5 PM ET today to answer questions.",2025-05-13T13:18:43Z,movies,movies,entertainment,Entertainment,[],0,26,45,,0.73,https://i.redd.it/50bf7dnatj0f1.png,Dakar-AMA,2025-05-21T11:07:42.798158Z
1kk2l6r,reddit,What Are The Best Examples Of Movies That Intertwine Real Historical Events/Items/People To Tell A Good Story?,"Most ""historically inspired"" films are best when real history is weaved into the story such as Edward Laboulaye's role in ""National Treasure; Book of Secrets"" compared to movies that miss the mark such as Scots wearing kilts in Braveheart.

What are movies that do a solid job and share the event that worked well to tell the story?",2025-05-11T14:41:46Z,movies,movies,entertainment,Entertainment,[],0,27,102,,0.72,https://www.reddit.com/r/movies/comments/1kk2l6r/what_are_the_best_examples_of_movies_that/,AbbreviationsAway500,2025-05-21T11:07:43.941859Z
1ki7l7u,reddit,Official Discussion - Fight or Flight [SPOILERS],"#Poll

**If you've seen the film, please rate it [at this poll](https://strawpoll.ai/poll/vote/n1PbllFmBZme)**

**If you haven't seen the film but would like to see the result of the poll [click here](https://strawpoll.ai/poll/results/n1PbllFmBZme)**

#Rankings

[Click here](https://strawpoll.ai/list/ItnAgr4mX7QR) to see the rankings of 2025 films

[Click here](https://youpoll.me/list/4/) to see the rankings for every poll done 

---

**Summary**
A disgraced American agent, Lucas Reyes, is given one last chance at redemption: identify a high-value asset known only as ""The Ghost"" aboard a commercial flight from Bangkok to San Francisco. But when the plane is overrun with assassins from every corner of the globe—each with a target on their backs—Lucas and The Ghost must team up in a brutal mile-high battle for survival.

**Director**
James Madigan

**Writers**
Brooks McLaren, D.J. Cotrona

**Cast**

* Josh Hartnett as Lucas Reyes
* Charithra Chandran as Isha
* Julian Kostov as Aaron Hunter
* Katee Sackhoff as Katherine Brunt

**Rotten Tomatoes**
Critics Score: 77%

**Metacritic**
Score: 60/100

**VOD**
Available on Amazon Prime Video, Apple TV, and Google Play

**Trailer**
[Watch the Trailer](https://www.youtube.com/watch?v=dummytrailerlink)

---",2025-05-09T02:12:49Z,movies,movies,entertainment,Entertainment,[],0,27,109,,0.74,https://www.reddit.com/r/movies/comments/1ki7l7u/official_discussion_fight_or_flight_spoilers/,LiteraryBoner,2025-05-21T11:07:46.026598Z
1kh73gf,reddit,‘Last Meals’: Mads Mikkelsen & Boyd Holbrook Star In Death Row Chef Prison Drama for Director Ramin Bahrani,,2025-05-07T20:04:58Z,movies,movies,entertainment,Entertainment,[],0,27,7,,0.79,https://theplaylist.net/last-meals-mads-mikkelsen-boyd-holbrook-star-in-death-row-chef-prison-drama-from-99-homes-director-20250507/,Ok_Hovercraft4925,2025-05-21T11:07:47.900487Z
1kggz1x,reddit,'The Duellists' (1977),"Ridley Scott's epic of Napoleon received wide ridicule for it's choices. Which range from its historical accuracy, pacing, the casting, Phoenix's portrayal in general. In short for many the film was a disappointment after much time waited for a decent biographical film of Napoleon. Ironically Scott's first ever film was also Napoleonic in setting and better received. 

'The Duellists' though Napoleon is featured in only but name and instead the backdrop of this film's drive of the plot. The film is based loosely on a real life thirty year feud between two French officers. The two main characters Armand d'Hubert (Keith Carradine) and Gabriel Feraud (Harvey Keitel) being locked in a similar feud that spans for nearly all of Napoleon's conquest. Feraud, an avid duellist, after fighting a duel with a nephew of a local city mayor, is to be put under arrest. Sent out to carry on the task is d'Hubert. Though after a heated exchange over some unreasonable reasons, Feraud throws him into a duel as well. What follows is an on and off conflict between the two as they duel each other in various manners and results.

For me this film is a great example of a period film and a prime example of ""less is more"". Ridley Scott didn't have quite the budget to make an epic. As a result you don't see any big action scenes or battles. I think it works to the film's benefit. What he lacked in money for such scenes he made up for in the atmosphere and costuming. He did a great job in making you feel as if you a part of the setting. Major events are in the background and drive the plot. You are pretty much seeing the characters along for the ride. The cinematography is wonderful too, especially the final sequence which you must see for yourself. Lots of scenes where the weather plays a good part in creating the atmosphere.

One thing I like to point out is the difference between the main leads. Both are accomplished officers though d'Hubert is of aristocratic background while Feraud is of working class. Dueling in a sense is typically seen as a gentleman's game. Though throughout the film d'Hubert seems more down to earth. Frequently he points out the absurdity and his frustration of the sport he is bound to due to the notion of honor. Feraud on the other hand lives for it to the point of obsession. As if it is the only meaning for his life. So much so as to make flimsy reasons to start one.

Overall without revealing too much I think this is a historical film well worth the watch. Great filming, story, and production.",2025-05-06T21:57:39Z,movies,movies,entertainment,Entertainment,[],0,31,6,,0.82,https://www.reddit.com/r/movies/comments/1kggz1x/the_duellists_1977/,UpperphonnyII,2025-05-21T11:07:48.862839Z
1kcpumj,reddit,Official Throwback Discussion - The Flintstones in Viva Rock Vegas [SPOILERS],"# As an ongoing project, in 2025 /r/movies will be posting Throwback Discussion threads weekly for the movies that came out this same weekend 25 years ago. As a reminder, Official Discussion threads are for discussing the movie and not for meta sub discussion.

---

**Summary**  
In this prequel to *The Flintstones* (1994), *The Flintstones in Viva Rock Vegas* follows young Fred Flintstone and Barney Rubble as they court Wilma Slaghoople and Betty O’Shale in the prehistoric party city of Rock Vegas. Along the way, they tangle with Wilma’s wealthy and disapproving mother and the scheming Chip Rockefeller, who has his own plans for Wilma. The film amps up the cartoonish spectacle with colorful sets, slapstick gags, and Stone Age puns.

**Director**  
Brian Levant

**Writers**  
- Deborah Kaplan  
- Harry Elfont  
- Jim Cash  
- Jack Epps Jr.

**Cast**  
- Mark Addy as Fred Flintstone  
- Stephen Baldwin as Barney Rubble  
- Kristen Johnston as Wilma Slaghoople  
- Jane Krakowski as Betty O’Shale  
- Joan Collins as Pearl Slaghoople  
- Thomas Gibson as Chip Rockefeller  
- Alan Cumming as Gazoo / Mick Jagged

**Rotten Tomatoes**: [25%](https://www.rottentomatoes.com/m/the_flintstones_in_viva_rock_vegas)  
**Metacritic**: [27](https://www.metacritic.com/movie/the-flintstones-in-viva-rock-vegas)

**VOD**  
Streaming / VOD rental

**[Trailer](https://www.youtube.com/watch?v=iqU_MWlIOI0)**

---",2025-05-02T02:02:44Z,movies,movies,entertainment,Entertainment,[],0,31,32,,0.7,https://www.reddit.com/r/movies/comments/1kcpumj/official_throwback_discussion_the_flintstones_in/,LiteraryBoner,2025-05-21T11:07:50.448705Z
1k5g5ac,reddit,Steven Soderbergh Shopping Documentary On Final Interview Of John Lennon,,2025-04-22T20:08:00Z,movies,movies,entertainment,Entertainment,[],0,32,9,,0.73,https://deadline.com/2025/04/steven-soderbergh-prepping-doc-john-lennon-interview-1236374201/,NoCulture3505,2025-05-21T11:07:51.597880Z
1kqvej4,reddit,Wow ‘A Cure For Wellness’ - Incredible,"I don't want to spoil the ending, but what a whopper, fantastically cast and edited, great pacing, the film is a hidden gem! 

I'm not sure if I 100% get the absolute last shot or not, but I'm guessing that's intentional. Incredible writing, I don't get how this film is slept on. Think Black Mirror meets Indiana Jones.

The lead was from Place Beyond the Pines, really really good.


What did you guys make of it?",2025-05-20T03:40:11Z,movies,movies,entertainment,Entertainment,[],0,23,31,,0.66,https://www.reddit.com/r/movies/comments/1kqvej4/wow_a_cure_for_wellness_incredible/,plibtyplibt,2025-05-21T11:07:52.627422Z
1kovs5p,reddit,Needing help finding specific film scene examples,"Hey there, I'm looking for help to find specific examples of scenes in films (preferably wide and mediums) where the character is walking left to right through different scenes while the camera is tracking them.   
  
The character doesn't change but their environment/ clothes, hair etc, changes as they walk and the scene changes.   
  
For example, (and this is just in my head) say a woman is walking through a wide shot of a kitchen in a robe, she exits through a door frame right and all of a sudden without breaking stride, she's in an office environment wearing a business suit. She continues to walk through the office and exits frame right and all of a sudden she's in a  fitness class environment and she's wearing workout clothes and so on.   
  
I'm just looking for examples of that technique. Any links or suggestions would be helpful.

Thank you so much! ",2025-05-17T15:34:15Z,movies,movies,entertainment,Entertainment,[],0,28,10,,0.72,https://www.reddit.com/r/movies/comments/1kovs5p/needing_help_finding_specific_film_scene_examples/,eyeofthirds,2025-05-21T11:07:53.689332Z
1khp0pi,reddit,What's an older movie that you would love to see on the big screen?,"I would love to see The Matrix on the big screen, didn't get to unfortunately. 

Ben Hur would be great in theater.

The original star wars trilogy, a set of movies that I was unfortunately born too late to see in theater.

The Indiana Jones trilogy would be fun.

I was born in 1981 so either want born or was too young for so many great classics.",2025-05-08T12:36:23Z,movies,movies,entertainment,Entertainment,[],0,26,160,,0.72,https://www.reddit.com/r/movies/comments/1khp0pi/whats_an_older_movie_that_you_would_love_to_see/,sandiercy,2025-05-21T11:07:54.674657Z
1kcyjcr,reddit,What films have the most under appreciated cinematography?,"A lot of best cinematography lists seem to have the same films on rotation. Blade Runner, Lawrence of Arabia, and basically anything shot by Roger Deakins. But what are some films that you rarely see on these lists which you're surprised aren't always there.

For me, Pleasantville's the most significant one that comes to mind. But I'm curious to hear everyone's thoughts",2025-05-02T11:25:09Z,movies,movies,entertainment,Entertainment,[],0,26,112,,0.71,https://www.reddit.com/r/movies/comments/1kcyjcr/what_films_have_the_most_under_appreciated/,Magnumdoge,2025-05-21T11:07:56.492347Z
1kby0ss,reddit,"Chris Hemsworth, Halle Berry's 'Crime 101' Lands Presidents' Day Weekend 2026 Release",,2025-05-01T02:21:07Z,movies,movies,entertainment,Entertainment,[],0,26,6,,0.71,https://www.hollywoodreporter.com/movies/movie-news/chris-hemsworth-halle-berry-crime-101-2026-release-1236204739/,KillerCroc1234567,2025-05-21T11:07:58.137946Z
1k6y788,reddit,"If your country/state/city/town or whatever had an official movie, what would it be and why?","f your country, state, city, or town had an official movie that captures its vibe, what would it be and why?

I’m in New England, and I’d say Boston’s gotta be The Departed. For New Hampshire? Probably Jumanji—small-town energy meets chaotic wilderness. For New England broadly, maybe The Lighthouse.

What’s yours? Let’s hear it, Reddit!",2025-04-24T17:33:54Z,movies,movies,entertainment,Entertainment,[],0,27,181,,0.76,https://www.reddit.com/r/movies/comments/1k6y788/if_your_countrystatecitytown_or_whatever_had_an/,samx3i,2025-05-21T11:07:59.161416Z
1k5j4ox,reddit,Writers Guild West Staffers Launch Their Own Unionization Drive,,2025-04-22T22:11:45Z,movies,movies,entertainment,Entertainment,[],0,28,0,,0.8,https://www.hollywoodreporter.com/business/business-news/writers-guild-west-staffers-attempt-unionize-1236198245/,crome66,2025-05-21T11:08:01.052952Z
1kqf7gx,reddit,"‘Atonement’: Kenneth Branagh, Hiam Abbass & Boyd Holbrook Teaming On Feature About Iraq War Veteran Seeking Forgiveness",,2025-05-19T15:53:56Z,movies,movies,entertainment,Entertainment,[],0,25,6,,0.7,https://deadline.com/2025/05/kenneth-branagh-hiam-abbass-boyd-holbrook-atonement-1236399231/,NoCulture3505,2025-05-21T11:08:02.033156Z
1ko3jae,reddit,I wanna talk about Doctor Sleep,"Particularly the visual representation of the inside of Abra and Rose the hat's minds. The human brain can be compared to a supercomputer but also very much like a library as depicted in the film and I love the difference between them as Abra in her youth only has her room and filing cabinets (compartmentalization much?) compared to Rose who has lived much longer life, has a vast and grand library representing her mind. I think it's a very striking and on the nose visual representation. ",2025-05-16T15:21:15Z,movies,movies,entertainment,Entertainment,[],0,23,14,,0.72,https://www.reddit.com/r/movies/comments/1ko3jae/i_wanna_talk_about_doctor_sleep/,Bobbygnar,2025-05-21T11:08:04.974000Z
1knagxd,reddit,THE BAD GUYS 2 | Official Trailer 2,,2025-05-15T15:03:43Z,movies,movies,entertainment,Entertainment,[],0,24,16,,0.63,https://youtu.be/HvLHYox_Vq8?si=vXhXI4MGMCfwMHsA,KillerCroc1234567,2025-05-21T11:08:05.993925Z
1kmygqq,reddit,What movies written/directed by men have really authentic portrayals of the female experience?,"Some that come to mind for me are:

- *Everything Everywhere All At Once*
- *The Worst Person in the World*
- *Hard Candy*
- *Hereditary*
- *The Silence of the Lambs* (author too)
- *May*
- *Easy A*
- *Little Miss Sunshine* (screenplay only)
- *Possession*
- *Muriel’s Wedding*

Do y’all have some of these? Or maybe gender-swapped?",2025-05-15T03:29:13Z,movies,movies,entertainment,Entertainment,[],0,28,60,,0.63,https://www.reddit.com/r/movies/comments/1kmygqq/what_movies_writtendirected_by_men_have_really/,DickNJaneNumber1Fan,2025-05-21T11:08:06.962724Z
1khy8j0,reddit,Walkabout (1971),"A geologist (John Meillon) takes his teenage daughter (Jenny Agutter) and 6-year-old son (Lucien John) into the Australian outback and attempts to shoot them. When he fails, he turns the gun on himself, and the two city-bred children must contend with harsh wilderness alone. They are saved by a chance encounter with an Aboriginal boy (David Gulpilil) who shows them how to survive and in the process underscores the disharmony between nature and modern life. I really enjoyed the film, beautiful cinematography from Nicolas Roeg of the Australian desert and great shots of the mountains and all the animals and creatures in the desert. Nicolas Roeg not only did the cinematography but also directed the film. Jenny Agutter and Lucien John (who is Roeg’s son) and David Gulpilil all did a good job and they had great chemistry with each other. Beautiful film that’s worth a watch.",2025-05-08T19:01:51Z,movies,movies,entertainment,Entertainment,[],0,25,11,,0.82,https://www.reddit.com/r/movies/comments/1khy8j0/walkabout_1971/,Mikeyboy101591,2025-05-21T11:08:08.463866Z
1kezauy,reddit,"Did You See Don Bluth’s animated Classics “The Secret of Nimh”, “An American Tail” and “The Land Before Time” in Theaters? Share Your Memories!","Has anyone seen Don Bluth’s animated films—like The Secret of NIMH, An American Tail, or The Land Before Time in theaters when they first came out?
If so, what was the experience like? I’d love to hear how it felt watching those movies on the big screen. What were movie theaters like back then compared to now? And if you remember, which theater did you see them at?",2025-05-05T00:57:49Z,movies,movies,entertainment,Entertainment,[],0,26,19,,0.71,https://www.reddit.com/r/movies/comments/1kezauy/did_you_see_don_bluths_animated_classics_the/,Playful_Fly_6542,2025-05-21T11:08:09.434230Z
1ke1ahz,reddit,Best third act of a movie,"Interested in understanding what people consider to be the movie with their favourite third act. For me, the Matrix has an almost unassailable third act - everything from when the lobby scene onwards is absolutely unbelievable - the rooftop scene, train station fight, corridor madness and then the phone booth walk off / fly off.",2025-05-03T19:39:43Z,movies,movies,entertainment,Entertainment,[],0,23,97,,0.65,https://www.reddit.com/r/movies/comments/1ke1ahz/best_third_act_of_a_movie/,Present_Cry1268,2025-05-21T11:08:10.509958Z
1kcm3s8,reddit,"New Trailer for 'Me, Myself & The Void' starring Jack De Sena, Chris W. Smith & Kelly Marie Tran","Hi Reddit film community! Here's a new trailer for our independent feature Me, Myself & The Void. We  launched on Tubi yesterday (link [here](https://tubitv.com/movies/100035026/me-myself-and-the-void) !) and we are excited to connect new audiences. We thoroughly enjoyed the AMA we did last year and are happy to continue it here if any community members have checked out the film subsequently or are just learning about it now :) ",2025-05-01T22:54:43Z,movies,movies,entertainment,Entertainment,[],0,29,6,,0.72,https://youtu.be/IZa2KAPpoRE?si=Y3ZzC9L-TzDbtwAb,TheVoidMovie-AMA,2025-05-21T11:08:12.358472Z
1kb0pio,reddit,"AMA/Q&A Announcement - Jenny Jue - Wednesday 4/30 at 8:00 PM ET - Casting Director ('Inglorious Basterds', 'Snowpiercer', 'Okja', 'The Wedding Banquet', 'No One Will Save You', 'The Legend of Aang: The Last Airbender')",,2025-04-29T22:19:37Z,movies,movies,entertainment,Entertainment,[],0,27,4,,0.73,https://i.redd.it/idxosi2vmuxe1.png,BunyipPouch,2025-05-21T11:08:13.321992Z
1k69yyj,reddit,"After a request from the producers of ""I'm Still Here"", the Brazilian Academy of Cinema went back on its decision and announced that the film will be eligible in all categories of the 2025 Grande Otelo Award (the Brazilian Oscar)",,2025-04-23T20:48:16Z,movies,movies,entertainment,Entertainment,[],0,29,0,,0.75,https://gshow.globo.com/globoplay/noticia/ainda-estou-aqui-vai-concorrer-as-categorias-do-premio-otelo-de-cinema.ghtml,verissimoallan,2025-05-21T11:08:14.255863Z
1k4irgs,reddit,What's the last movie you watched at home with friends?,I am curious to know the last movie you watched in your home or at someone else's home with at least one other person who is not a blood relative or romantic partner.  Did you enjoy the movie?  Was it a good experience?  Was it a movie you're seen before or was it a first time viewing?  Was it one other person or a group?,2025-04-21T17:10:52Z,movies,movies,entertainment,Entertainment,[],0,23,121,,0.67,https://www.reddit.com/r/movies/comments/1k4irgs/whats_the_last_movie_you_watched_at_home_with/,VincentVegaGenesis,2025-05-21T11:08:15.377109Z
1kpm3v8,reddit,Movies with main plot in romance and or action,"So, I have recently been watching a lot of romanctic and popular movies and am looking to watch a few more. The movies I have watched recently includes legally blonde, red white and royal blue , hidden figures, sidelined Qb and me, etc. 

If anyone has any recommendations which someone who has watched and liked these movies would like, I would appreciate it. Also I really like movies based on books so if you know any I would love to watch it.",2025-05-18T15:06:14Z,movies,movies,entertainment,Entertainment,[],0,27,19,,0.77,https://www.reddit.com/r/movies/comments/1kpm3v8/movies_with_main_plot_in_romance_and_or_action/,Fast-Telephone2269,2025-05-21T11:08:17.145227Z
1kkbiic,reddit,"Any recommendations for a good romance movie, that isn’t a romantic comedy?","I mean outside of the really obvious ones like Titanic,or Casablanca, and honestly I prefer happy endings like Like Pride and Prejudice, but that's not a dealbreaker if the story is really good. I especially like westerns and historical films, but again, would love any recommendations even if a movie doesn't fall into that category. ",2025-05-11T21:12:14Z,movies,movies,entertainment,Entertainment,[],0,26,110,,0.76,https://www.reddit.com/r/movies/comments/1kkbiic/any_recommendations_for_a_good_romance_movie_that/,Various-Most2367,2025-05-21T11:08:18.118672Z
1kadpn2,reddit,Pseudo Western Movie Recommendations?,"One of my favorite movies is No Country for Old Men and I love other movies like it with a similar vibe like Hell or High Water and sicario, and I was wondering if you lovely people know any other movies that match this vibe? I guess some attributes I like in these movies to be a little bit more specific would include but not limited to, the lonely western setting, slow burn and suspenseful, dark and gritty, and great action. 

Appreciate it",2025-04-29T02:47:01Z,movies,movies,entertainment,Entertainment,[],0,25,69,,0.78,https://www.reddit.com/r/movies/comments/1kadpn2/pseudo_western_movie_recommendations/,Temporary-Steak-3636,2025-05-21T11:08:19.783850Z
1kr6x8n,reddit,Best movies of the 2020s?,"I mostly find myself rewatching the classics. I find it difficult to keep track of new releases across the various streaming platforms today, but I’d love to branch out instead of queuing up Fargo for the 87th time. I’ve seen a few modern award winners here and there (Anora, Oppenheimer, Everything Everywhere) but none of them blew me away. 

What are some of the best movies of this decade so far? ",2025-05-20T14:55:57Z,movies,movies,entertainment,Entertainment,[],0,30,72,,0.71,https://www.reddit.com/r/movies/comments/1kr6x8n/best_movies_of_the_2020s/,yyyyyttttbbbbb,2025-05-21T11:08:20.996857Z
1kpropq,reddit,Movies like “Super Dark Times” and “On the Count of Three” with female leads?,"Pretty much just the title! I love dark movies that deal with themes about mortality and friendship, and how different people react to different traumas and cope with their own internal struggles. I’ve been struggling to find movies like these that have a predominantly female cast. Language doesn’t matter to me! ",2025-05-18T19:05:48Z,movies,movies,entertainment,Entertainment,[],0,24,10,,0.7,https://www.reddit.com/r/movies/comments/1kpropq/movies_like_super_dark_times_and_on_the_count_of/,dismal-icious,2025-05-21T11:08:22.475320Z
1koz22r,reddit,Richard Linklater's 'Nouvelle Vague' - Review Thread,"“The story of Godard making *Breathless*, told in the style and spirit in which Godard made *Breathless.*”

Cast: Zoey Deutch , Guillaume Marbeck, Aubry Dullin

**Rotten Tomatoes:** [N/A (updating)](https://www.rottentomatoes.com/m/nouvelle_vague_2025)

**Metacritic:** N/A (updating)

Some Reviews:

[Variety - Owen Glieberman](https://variety.com/2025/film/reviews/nouvelle-vague-review-richard-linklater-jean-luc-godard-1236401508/)

>“Nouvelle Vague” is a Linklater gem, and arriving now it really is the right movie at the right time. In an age when blockbuster overkill is supposed to be saving movies, it reminds you that the real salvation of cinema will always come from those who understand that making a movie should be a magic trick good enough to fool the magician himself into believing it.

[DEADLINE - Pete Hammond](https://deadline.com/2025/05/nouvelle-vauge-review-richard-linklaters-splendid-love-letter-french-new-wave-godard-cannes-film-festival-1236402145/)

>This is that rare bird, a movie about movies that doesn’t miss a beat. Whether you have seen *Breathless* or not doesn’t really matter. If you love film, *cinema,* and the dreamers who create it this one will simply take *your* breath away.

[The Hollywood Reporter - Jordan Mintzer](https://www.hollywoodreporter.com/movies/movie-reviews/nouvelle-vague-review-richard-linklater-godard-breathless-1236220222/)

>If *Nouvelle Vague* is not exactly *Breathless*, it’s a loving homage to the crazy way *Breathless* was made — back when you could shoot movies fast, cheap and out of control, and somehow change cinema in the process.

[IndieWire - Ryan Lattanzio](https://www.indiewire.com/criticism/movies/nouvelle-vague-review-richard-linklater-1235124209/?utm_campaign=trueanthem&utm_medium=social&utm_source=twitter) \- B-

>David Chambille’s celluloid cinematography and a period jazz soundtrack immerse us in this world more than the features of “Midnight in Paris” managed to, while Catherine Schwartz’s editing moves us through the “Breathless” production at a quick clip. But these elements may not, for a naive audience, successfully make the case for the brilliance of “Breathless” and how its pulp and punch inform pretty much everything such a younger audience watches these days. Hopefully, “Nouvelle Vague” encourages you to look back and watch “Breathless” again — or for the first time — but Linklater’s movie may inadvertently suggest, “You could just watch this one instead.”",2025-05-17T17:58:22Z,movies,movies,entertainment,Entertainment,[],0,24,4,,0.75,https://www.reddit.com/r/movies/comments/1koz22r/richard_linklaters_nouvelle_vague_review_thread/,ChiefLeef22,2025-05-21T11:08:23.499557Z
1koxe4d,reddit,Legendary Chinese director Jia Zhangke explains how he made his latest film 'Caught by the Tides' from footage he's been shooting since 2001.,,2025-05-17T16:44:40Z,movies,movies,entertainment,Entertainment,[],0,24,1,,0.68,https://www.vulture.com/article/jia-zhangke-explains-the-mysteries-of-caught-by-the-tides.html,Bullingdon1973,2025-05-21T11:08:24.434648Z
1kmn3wl,reddit,Exclusive Clip: ‘Eleanor The Great’ | Scarlett Johansson’s Directorial Debut – Sneak Peek,,2025-05-14T18:47:27Z,movies,movies,entertainment,Entertainment,[],0,24,2,,0.67,https://youtu.be/ozsNcDD2bAk,Task_Force-191,2025-05-21T11:08:25.377705Z
1kl2neh,reddit,"Richard Linklater’s ‘Blue Moon’, Starring Ethan Hawke, Margaret Qualley and Andrew Scott, To Set This Fall - Oct. 17 with an expansion on Oct. 24.",,2025-05-12T20:11:43Z,movies,movies,entertainment,Entertainment,[],0,24,1,,0.76,https://deadline.com/2025/05/richard-linklater-blue-moon-release-date-1236394179/,ChiefLeef22,2025-05-21T11:08:26.313806Z
1kjq7j2,reddit,Horror movies to help relieve anxiety. (Movie recommendations),"I’m unsure if this is the right sub but I’m on the lookout for more movies to watch and recommendations.

I have severe social anxiety and I’m dealing with a cycle of Burnout relapses. I’ve been trying everything. My doctor is considering some sort of stress disorder, disassociation or something.

My therapist suggested staying away from the news, the true crime I used to watch and any content that could be “bad to my mental health”.

Well, today I broke the rules and just watched the movie “Us” (I watched when it was released, but remembered very little). And it was surprisingly good to my anxiety.

I laughed at the comical relief moments. I enjoyed the suspense and also enjoyed the meanings I could take from it. Also led me to acknowledge my own “shadow(s)” and not neglect them (?), at least that’s how I took it. Also, the suspense grows and so does my physical and mental tension, but then these symptoms I already felt anyway gets released. It was a good experience, contrary to my expectations. If I had any.

I feel more grounded and more connected to reality for now. So I’d really like recommendations. I’ve watched “Run” a few years ago and really liked it. Shutter Island. Midsommar. Psychological horror movies. Don’t need to be heavy on the horror, just the building suspense. Also ones that make you think, have or could have deeper meanings. Plot twists. Good movies.

Appreciate it.",2025-05-11T02:05:13Z,movies,movies,entertainment,Entertainment,[],0,21,56,,0.66,https://www.reddit.com/r/movies/comments/1kjq7j2/horror_movies_to_help_relieve_anxiety_movie/,AdministrativeAir879,2025-05-21T11:08:27.303800Z
1k88drc,reddit,"I finally watched ""One of Them Days"" and it made me nostalgic for the genre. What are your favorite Buddy comedy/Odyssey films?","One of Them Days is classified as a ""Buddy comedy"" but it's also an Odyssey and I love that whole premise. Other movies that I can think of that fit that premise are, "" Dude Where's My Car?"", ""Pineapple Express"", ""Superbad"",  and ""Booksmart"". I know there are definitely others that I've seen but can't think of them on the spot. What movies in this category have you seen and recommend?",2025-04-26T08:40:36Z,movies,movies,entertainment,Entertainment,[],0,23,25,,0.78,https://www.reddit.com/r/movies/comments/1k88drc/i_finally_watched_one_of_them_days_and_it_made_me/,Citizenerased1989,2025-05-21T11:08:28.707467Z
1k4y95u,reddit,What did IFC (Channel) used to be like?,"I wasn’t around when it was like this but I know that IFC used to be a channel showing nothing but independent films, now all they show is Two and a Half Men reruns. For those who were there, what did IFC use to be like? It sounds like heaven for a cinephile to just turn on a channel and watch an independent film that you would have never heard of any other way. I wish I could have been around when it was like this. ",2025-04-22T04:57:28Z,movies,movies,entertainment,Entertainment,[],0,24,66,,0.66,https://www.reddit.com/r/movies/comments/1k4y95u/what_did_ifc_channel_used_to_be_like/,Gobiggs88,2025-05-21T11:08:29.738447Z
1kop7jk,reddit,Saw Streets of Fire in a theater tonight... the wild Walter Hill rock ’n’ roll action-noir musical… didn’t expect to love it this much.,"I knew about *Streets of Fire* for years… came out in the early 80s. Walter Hill, director of *The Warriors* and *48 Hours*, I guess had carte blanche to do his dream project. This movie is wildly fun. Things I noticed...

1. Connections to *The Warriors* with at least two actors crossing over — Deborah Van Valkenburgh and the radio DJ from *Warriors*. Plus, thematically it has a similar plot thread of the characters needing to get from one turf or area to their own.
2. The energy is wild... it’s so tight and crisply edited. It has a crazy youthful energy to it.
3. Way more music than I thought… I think there were at least 7 songs, not sure how many were original, but that opening song and particularly he finale **Tonight Is What It Means to Be Young""** by Fire Inc., written by **Jim Steinman** who wrote it in 2 days lol... he's the guy behind many of Meat Loaf’s big rock hits... those 2 are bangers. How was that not nominated for an Oscar?
4. The cast is (mostly) great and they act like they’re hyped up on coke or something... it really works... like they’re really pushing it. Rick Moranis is awesome, and Amy Madigan, Deborah, Diane Lane and Willem Dafoe are so good. Even actors in smaller parts like Bill Paxton.
5. The set design and costumes — just over the top. Willem Defoe shirtless in shiny pleather overalls? Amazing!
6. It takes place in this odd place and time... it’s like the 50s but not. Always raining and dark and moody. Plus, they have music videos and people talk very 80s modern in a noir way.
7. It’s very short… like this must have been cut down, because it’s 90 minutes soaking wet and that’s with a lot of music and a 15-minute opening.
8. And lastly… when I mention the cast, I left out the lead Michael Paré. I had heard he’s the dead weight in the film, and OMG, he really is.  I feel bad saying it because I like Paré, he’s fun in B-movies, but damn, when you see his dead eyes on a big screen and hear that slow sleepy monotone voice compared to the rest of the cast like he's reading his lines, it’s crazy. I don’t get how Hill didn’t recast that after a week of shooting. He’s just so miscast. Paré has commented that he was a bit overwhelmed on such a big production and could have used more guidance. Walter Hill is not known for being a communicative director.
9. This was IMO a very ballsy swing for the fences by Hill and I don't think even if it had a better lead that audience back then would have gone for it.

I’d love to know if anyone else likes this one…",2025-05-17T09:45:47Z,movies,movies,entertainment,Entertainment,[],0,24,20,,0.78,https://www.reddit.com/r/movies/comments/1kop7jk/saw_streets_of_fire_in_a_theater_tonight_the_wild/,Freddy-Philmore,2025-05-21T11:08:31.460865Z
1kmwhvm,reddit,Kathryn Newton & Lana Condor Set For Amazon MGM Studios’ Jeff Wadlow Survival Thriller ‘Devil’s Mouth’,,2025-05-15T01:46:02Z,movies,movies,entertainment,Entertainment,[],0,23,9,,0.68,https://deadline.com/2025/05/kathryn-newton-lana-condor-devils-mouth-marvel-1236398688/,Diligent_Night602,2025-05-21T11:08:32.461864Z
1kks0uf,reddit,THE MOST PRECIOUS OF CARGOES - Official Trailer,,2025-05-12T13:05:21Z,movies,movies,entertainment,Entertainment,[],0,26,1,,0.74,https://www.youtube.com/watch?v=tz-CSLWHO8o,Bennett1984,2025-05-21T11:08:33.516593Z
1kkhxud,reddit,Jupiter Ascending,"I thought this movie would be one of those movies where it was reviled when it was released but turns out it was good. 

No.  

I've never seen a movie where I was like,  this is terrible.  

I think they tried to fit a 3 hour movie into 2. The pacing in the beginning is completely off and I wonder what happened. 

It reminds me of Promethius in that it was so close to being amazing but missed the mark and flipped the table.  

Also,  this could have been Mila Kunis's thing, but it just didn't hit and I would have been interested to see her lead more movies where she's not part of  an ensemble or duo and it's not a rom com. I've seen some and she was great.  

I felt frustrated throughout the movie.  
Just like the Matrix sequels they prioritized visuals v the story.  

The only good thing was the acting from the leads.  They did really well with what they had.  They should flesh it out and take their time setting up the story.  

I really wonder what happens from conception to finished product,  like,  how could they let this happen? 

",2025-05-12T02:38:16Z,movies,movies,entertainment,Entertainment,[],0,22,62,,0.61,https://www.reddit.com/r/movies/comments/1kkhxud/jupiter_ascending/,Impressive-Basket-57,2025-05-21T11:08:34.448608Z
1kjio3t,reddit,"""Eyes Without a Face"" (1960) is one of the greatest horror films of its era.","If you haven't seen *Eyes Without a Face* (1960), you're missing out on one of the most haunting and poetic horror films ever made. Directed by Georges Franju, this French classic isn't just a chilling story of obsession and identity. It’s a surreal, atmospheric masterpiece that was ahead of its time in nearly every way.

The plot centers around a brilliant but deranged surgeon who is willing to commit horrific crimes in order to restore his daughter's disfigured face. That premise alone is disturbing, but what sets *Eyes Without a Face* apart is how beautifully it's executed. The cinematography is stark and dreamlike, creating an eerie tone that lingers long after the credits roll. The black-and-white visuals enhance the haunting quality, especially during the now-infamous face transplant scene—shocking for its time and still unsettling today.

Edith Scob's performance as the daughter, Christiane, is mesmerizing. She wears a blank, porcelain-like mask for much of the film, and yet conveys deep emotion through her eyes and body language. It's tragic, unsettling, and oddly ethereal.

What really makes this film remarkable is how it balances horror with lyricism. It’s grotesque, yes, but also strangely beautiful. There’s a sense of sadness and humanity beneath the horror that you rarely see in films of this genre or era.

*Eyes Without a Face* paved the way for body horror auteurs like Cronenberg and influenced countless filmmakers. It's the kind of movie that crawls under your skin. Not with jump scares, but with quiet, creeping dread.

If you’re into psychological horror, art-house cinema, or just want to see something totally unique from the 1960s, give this film a watch. It’s disturbing, elegant, and unforgettable.",2025-05-10T19:48:48Z,movies,movies,entertainment,Entertainment,[],0,22,6,,0.7,https://www.reddit.com/r/movies/comments/1kjio3t/eyes_without_a_face_1960_is_one_of_the_greatest/,Giff95,2025-05-21T11:08:35.873325Z
1kiriau,reddit,Cozy murder mystery movies?,"Murder is not mandatory. I'm spending the weekend by myself and I wish to treat me to some cozy mystery vibes with a touch of humor, think Cold Comfort Farm, Gosford Paerk or even Murder by Death. I've already watched all the classic Agatha Christie's movies, so I'm gonna need something new. Give me your favorites! ",2025-05-09T19:48:31Z,movies,movies,entertainment,Entertainment,[],0,22,67,,0.75,https://www.reddit.com/r/movies/comments/1kiriau/cozy_murder_mystery_movies/,Icleanforheichou,2025-05-21T11:08:36.843826Z
1kijirn,reddit,I didn't know that the original African Queen was still around..and you can ride on her!,,2025-05-09T14:14:05Z,movies,movies,entertainment,Entertainment,[],0,23,1,,0.81,https://floridamedianow.com/2025/05/african-queen-experience-history/,Just-Oil8156,2025-05-21T11:08:38.375673Z
1kfcqiu,reddit,"Ladj Ly’s ‘Dumas: Black Devil’ Sets All-Star French Cast: Omar Sy, Vincent Cassel, François Civil, Theo Christine to Headline Epic Adventure Film",,2025-05-05T14:17:28Z,movies,movies,entertainment,Entertainment,[],0,26,6,,0.73,https://variety.com/2025/film/global/ladj-ly-dumas-black-devil-omar-sy-vincent-cassel-chapter-2-1236386695/,LushCharm91,2025-05-21T11:08:39.341403Z
1ka5n5l,reddit,The Dead Zone (1983),"Based on Stephen King’s novel The Dead Zone follows Johnny Smith (Christopher Walken) who awakens from a coma caused by a car accident, he finds that 5 years have passed, and he now has psychic abilities. Heartbroken that his girlfriend Sarah (Brooke Adams) has moved on with her life, Johnny also must contend with his unsettling powers, which allow him to see a person's future with a mere touch. I really enjoyed this film it is very well directed by David Cronenberg, it has a very interesting story, Christopher Walken as Johnny is a very interesting character in how he can see the future of people. If you haven’t seen the film would recommend it.",2025-04-28T20:25:45Z,movies,movies,entertainment,Entertainment,[],0,23,27,,0.82,https://www.reddit.com/r/movies/comments/1ka5n5l/the_dead_zone_1983/,Mikeyboy101591,2025-05-21T11:08:40.461780Z
1k9y5xm,reddit,"Which is the best/greatest film, or films, you have ever seen that profoundly captures and reveals the evilness in humanity??","Which is the best film, or films, you have ever seen that profoundly captures and reveals the evilness in humanity??

I could give some examples, but it would go on forever, from the most obvious to the ones less known:

•Schindler's List

•Come and See

•Salo'

•A Clockwork Orange 

•12 Years A Slave

•Killers Of The Flower Moon

•The Pianist

•Irreversible

•Funny Games



Do you agree?

What are your choices?",2025-04-28T15:21:15Z,movies,movies,entertainment,Entertainment,[],0,25,87,,0.66,https://www.reddit.com/r/movies/comments/1k9y5xm/which_is_the_bestgreatest_film_or_films_you_have/,West_Conclusion_1239,2025-05-21T11:08:41.510830Z
1k761nm,reddit,Which sports movie made you want to play that sport?,"This probably happens a lot less as an adult, but I think every one of us as a kid saw a movie and right after it we wanted to play that sport. I don't necessarily mean professionally. I mean, you just wanted to go out and do what you saw in the movie. I remember after watching kingpin me and my sister wanted to go bowling. She also wanted me to train her how to box after we watched Rocky.",2025-04-24T23:02:16Z,movies,movies,entertainment,Entertainment,[],0,23,116,,0.76,https://www.reddit.com/r/movies/comments/1k761nm/which_sports_movie_made_you_want_to_play_that/,Ghostmoderator,2025-05-21T11:08:43.973892Z
1kn7kzl,reddit,Bring Her Back | Official Trailer 2 HD | A24,,2025-05-15T12:59:40Z,movies,movies,entertainment,Entertainment,[],0,21,3,,0.73,https://www.youtube.com/watch?v=1I15ttCedfY,NoCulture3505,2025-05-21T11:08:45.924901Z
1kjfqwv,reddit,Joel Potrykus on His Deadly Bummer Trip Comedy ‘Vulcanizadora’ and Only Approaching Indie Filmmaking With a ‘Band Mentality’,,2025-05-10T17:36:52Z,movies,movies,entertainment,Entertainment,[],0,26,1,,0.7,https://variety.com/2025/film/features/vulcanizadora-joel-potrykus-staying-indie-1236391876/,CosmosBazaar,2025-05-21T11:08:46.930138Z
1kh4nh1,reddit,"Dustin Hoffman, Alison Brie, André Holland & Tom Sturridge Drama ‘The Revisionist’ Heads To Cannes Market",,2025-05-07T18:25:56Z,movies,movies,entertainment,Entertainment,[],0,22,6,,0.73,https://deadline.com/2025/05/dustin-hoffman-alison-brie-andre-holland-revisionist-1236388469/,NoCulture3505,2025-05-21T11:08:47.913415Z
1kfm4dq,reddit,"""The Glass House"" (2001): When you have Stellan Skarsgaard and Diane Lane for foster parents, run. Fun Thriller.","I love this movie, even though it flopped and got bad reviews. But do I care? No. I felt engrossed by the story and Leelee Sobieski made her character believable and likably engrossing. You want her to survive her unfortunate circumstances. 

And how can you hate a movie with Stellan Skarsgaard as a sleazy psychopath creeping on his niece and Diane Lane as his drug-addicted wife/accomplice? And set in a chic glass house. It's a Lifetime TV Movie with better production values. 

Yes, the film is often ludicrous and often unintentionally funny. I mean, the plagiarized homework, Diane Lane having a drug overdose while watching cheesy home videos? I was hollering!!!!",2025-05-05T20:32:05Z,movies,movies,entertainment,Entertainment,[],0,21,9,,0.73,https://www.reddit.com/r/movies/comments/1kfm4dq/the_glass_house_2001_when_you_have_stellan/,Davis_Crawfish,2025-05-21T11:08:48.877873Z
1kfdbil,reddit,What movie is still good enough to watch even if you already know the ending? (Please use SPOILER covers as needed.),"I already know the big reveals from classic movies like Citizen Kane and Soylent Green. But even with the ending slightly spoiled, are these good enough to still enjoy the work as a whole? And - without ruining it for others - what are other examples of movies still worth viewing, even if you've accidentally learned the ending?",2025-05-05T14:42:30Z,movies,movies,entertainment,Entertainment,[],0,20,131,,0.63,https://www.reddit.com/r/movies/comments/1kfdbil/what_movie_is_still_good_enough_to_watch_even_if/,bruzdnconfuzd,2025-05-21T11:08:49.853540Z
1keyhay,reddit,“The Matrix” question,"Rewatched movie this weekend, will always love it.  That being said here’s my question;

Did the oracle know he was going to break the vase because it has happened in every single past version of her the “the ones” meeting?  Or did she know it because she just had a general premonition?
 
No wrong answers yo this question, thanks in advance for answers/theories.  
 ",2025-05-05T00:15:20Z,movies,movies,entertainment,Entertainment,[],0,20,68,,0.63,https://www.reddit.com/r/movies/comments/1keyhay/the_matrix_question/,Frem0015,2025-05-21T11:08:51.686298Z
1kdteln,reddit,Looking for well-shot examples of characters walking into light from darkness or shadow.,"Putting together a reference reel to inform a shoot I’m on. Like the headline suggests, looking for cool examples of characters walking into light from darkness or shadow. Particularly examples that focus on the character’s face and have some unique lighting effect washing over them. One example would be Road to Perdition and the shootout in the rain. Thanks in advance for your recommendations.",2025-05-03T13:48:57Z,movies,movies,entertainment,Entertainment,[],0,20,50,,0.68,https://www.reddit.com/r/movies/comments/1kdteln/looking_for_wellshot_examples_of_characters/,RRLSonglian,2025-05-21T11:08:53.358769Z
1kcg0ml,reddit,Any movies where the whole protagonist group rotates out by the end?,"To be clear, not like where the good guys all get killed and the bad guys win. More like the protagonists are replaced by new protagonists, like the ship of Theseus. Also not where nearly everyone dies but there's like 1 person who is there the whole time who gets reinforcements later to form a mostly new group. Just like: people join the group, people leave the group, and by the end it's a new group (could just be two people; doesn't have to be large).

edit: Archimedes didn't have a paradox named after any ship he might have owned.",2025-05-01T18:32:32Z,movies,movies,entertainment,Entertainment,[],0,25,79,,0.67,https://www.reddit.com/r/movies/comments/1kcg0ml/any_movies_where_the_whole_protagonist_group/,burmerd,2025-05-21T11:08:54.546525Z
1kaa033,reddit,Name Your Favorite Villains Who Were  Master Manipulators In Movies.,"Sometimes they're called the puppet master, or spin doctor, string puller and so on.  The movies have given us some clever villains that were experts at manipulating the series of events to help advance their agenda.  Most failed in the end but there are a special few that succeeded in the end.

My opening offer is Hannibal Lecter.  I can't think of many better",2025-04-28T23:37:55Z,movies,movies,entertainment,Entertainment,[],0,25,87,,0.68,https://www.reddit.com/r/movies/comments/1kaa033/name_your_favorite_villains_who_were_master/,AbbreviationsAway500,2025-05-21T11:08:56.100464Z
1ka9f6l,reddit,BARRON'S COVE Trailer (2025) Brittany Snow,,2025-04-28T23:10:37Z,movies,movies,entertainment,Entertainment,[],0,25,6,,0.71,https://www.youtube.com/watch?v=87ioRwGlh1k,cyPersimmon9,2025-05-21T11:08:57.639045Z
1k9xujb,reddit,Looking up information as you watch.,As I watch a movie I find myself always looking up how old someone was when they made the movie. Then it leads to where they’re from and I inevitably go down a rabbit hole from there. Does anybody else do this as well? I do it during tv shows from back in the day (the 80s and 90s)also. Wasn’t sure if I’m the odd one or if it’sa normal thing out there.,2025-04-28T15:07:50Z,movies,movies,entertainment,Entertainment,[],0,24,30,,0.73,https://www.reddit.com/r/movies/comments/1k9xujb/looking_up_information_as_you_watch/,LW_colts,2025-05-21T11:08:58.617466Z
1k9wna1,reddit,"Pamela Anderson, Dakota Fanning and Lindsay Duncan to Lead Sally Potter’s Next Feature ‘Alma,’ Bankside Launching Sales in Cannes",,2025-04-28T14:17:14Z,movies,movies,entertainment,Entertainment,[],0,22,1,,0.69,https://variety.com/2025/film/news/pamela-anderson-dakota-fanning-sally-potter-alma-1236379991/,NoCulture3505,2025-05-21T11:08:59.778157Z
1k92p7l,reddit,"Moving out, feeling a bit scared, any films with a similar premise?","I live in a fairly quiet area, and I've gotten really comfortable here. I'm going to move to London soon, and I've never moved out before, so I'm scared about how I'll adjust to it all. I'm worried about how different people are going to be and how overwhelming it might get. If there's any films that touch on this, or maybe some 'coming-of-age' type of stuff, send it my way! Anything you think has an important message that's worth a watch.",2025-04-27T12:21:48Z,movies,movies,entertainment,Entertainment,[],0,22,59,,0.64,https://www.reddit.com/r/movies/comments/1k92p7l/moving_out_feeling_a_bit_scared_any_films_with_a/,Interesting-Noise191,2025-05-21T11:09:00.802196Z
1kngoug,reddit,Final Destination Question,"So I was just thinking about how you could survive death by killing someone and taking their life, so does that apply only to human life? 
Like could they survive if they killed some animal with a good lifespan, like a whale or maybe that aquatic creature ???
It's stupid but yeah just wanted to see how you guys feel :)",2025-05-15T19:14:31Z,movies,movies,entertainment,Entertainment,[],0,23,21,,0.73,https://www.reddit.com/r/movies/comments/1kngoug/final_destination_question/,WeariestPuma,2025-05-21T11:09:01.966315Z
1kmoryi,reddit,The Battle of Algiers - Trailer,,2025-05-14T19:54:29Z,movies,movies,entertainment,Entertainment,[],0,23,5,,0.75,https://youtu.be/ZA6dHSXMIhQ?si=kxfdI5dqgQpKMUFI,apple_kicks,2025-05-21T11:09:03.245995Z
1klc53z,reddit,Does anyone know which physical media releases of 1993’s Demolition Man mention Pizza Hut?,"I’m an American and am looking to add the European version of Demolition Man to my physical media library so I can between whether I want the product placement to be Taco Bell or Pizza Hut. Does anyone know which releases in Europe mention Pizza Hut and which mention Taco Bell?

Please leave a comment below. It’d be greatly appreciated.",2025-05-13T03:30:45Z,movies,movies,entertainment,Entertainment,[],0,18,20,,0.64,https://www.reddit.com/r/movies/comments/1klc53z/does_anyone_know_which_physical_media_releases_of/,MrKidd_49,2025-05-21T11:09:04.190617Z
1kd5pu5,reddit,The Death of De Laurentiis Entertainment Group,,2025-05-02T16:47:28Z,movies,movies,entertainment,Entertainment,[],0,21,2,,0.82,https://www.youtube.com/watch?v=8UsdWJo5UUE,trollingjabronidrive,2025-05-21T11:09:05.281499Z
1k8fu9e,reddit,Movies about immortality,"Just finished watching Invincible and feel like watching some movies about immortality. I want films that explore immortality rather than just have immortal characters. An off the top of my head example would be Bicentennial Man (1999). 

I know people are going to recommend it so I will say here: **I have seen Highlander and did not like it.**",2025-04-26T15:41:26Z,movies,movies,entertainment,Entertainment,[],0,19,116,,0.63,https://www.reddit.com/r/movies/comments/1k8fu9e/movies_about_immortality/,Plane-Earth-4386,2025-05-21T11:09:06.224656Z
1k67e0x,reddit,Thriftstore dvd's ignited love for movie watching once again,"The last two years I have been buying every now and then a couple of dvd's from local thriftstores. 

Sometimes i see a title of which I know it's a good one but never seen (tonight it will be Blade Runner, 1982) or a movie from my childhood long forgotten. 

When I started buying dvd's I used to google titles, using IMDB to see if the rates were high enough. But I have stopped doing this because picking movies based on their covers and small descriptions is so much more fun and simply closer to myself. There are plenty of movies who have a 3/10 rating which, for me.. are solid 8/10... and vise versa.

Picking movies like this also works differenly without endless scrolling. It forces some commitment: even if the movie is bad. But now by watching so many bad movies, the enjoyment and understanding of good scenes only grew stronger. 

Something started to spark inside me, a will. The will to create my own story: a comic. 

I felt like sharing this because it is so much fun and so much greater than Netflix or such

  
",2025-04-23T19:02:43Z,movies,movies,entertainment,Entertainment,[],0,19,6,,0.73,https://www.reddit.com/r/movies/comments/1k67e0x/thriftstore_dvds_ignited_love_for_movie_watching/,Toonzaal8,2025-05-21T11:09:07.870858Z
1krn19a,reddit,"Kathleen Hughes, ‘It Came From Outer Space’ Scream Queen, Dies at 96",,2025-05-21T02:29:52Z,movies,movies,entertainment,Entertainment,[],0,367,2,,0.92,https://variety.com/2025/film/news/kathleen-hughes-dead-it-came-from-outer-space-1236405368/,BunyipPouch,2025-05-21T11:09:08.825939Z
1kpqsge,reddit,"A ""Wiseguy"" Movie Is In The Works",,2025-05-18T18:27:43Z,movies,movies,entertainment,Entertainment,[],0,20,28,,0.63,https://www.darkhorizons.com/a-wiseguy-movie-is-in-the-works/,Bennett1984,2025-05-21T11:09:09.757582Z
1kosz7r,reddit,"Hi, /r/movies! I am Andy Tennant, director of HITCH, SWEET HOME ALABAMA, THE BOUNTY HUNTER, FOOLS RUSH IN, EVER AFTER, FOOL'S GOLD, ANNA THE KING. My newest film, UNIT 234, an action-thriller starring Don Johnson, Isabelle Fuhrman, and Jack Huston is out now. Ask me anything.","Hi, r/movies! I am Andy Tennant, director of HITCH, SWEET HOME ALABAMA, THE BOUNTY HUNTER, FOOLS RUSH IN, EVER AFTER, FOOL'S GOLD, ANNA THE KING. My newest film, UNIT 234, an action-thriller starring Don Johnson, Isabelle Fuhrman, and Jack Huston is out now. Ask me anything. 

Trailer:

[https://www.youtube.com/watch?v=KYE1Hkl8Kpg&pp=0gcJCdgAo7VqN5tD](https://www.youtube.com/watch?v=KYE1Hkl8Kpg&pp=0gcJCdgAo7VqN5tD)

Synopsis:

A woman gets the shock of her life when she finds a handcuffed man inside a storage unit. When a group of criminals comes looking for him, she does whatever she can to save his life -- and her own.

My credits:

[https://www.imdb.com/name/nm0855035/](https://www.imdb.com/name/nm0855035/)

I will be back at 3 PM ET today (Saturday 5/17) to answer questions. Ask me anything!

",2025-05-17T13:26:45Z,movies,movies,entertainment,Entertainment,[],0,20,68,,0.62,https://i.redd.it/50m5fg3dfc1f1.png,Unit234AMA,2025-05-21T11:09:10.861878Z
1ko5hsw,reddit,"Mary Poppins (1964) - Mr. Banks knows he will be dismissed from the bank, walks to an ominous meeting.",,2025-05-16T16:41:18Z,movies,movies,entertainment,Entertainment,[],0,20,5,,0.69,https://youtu.be/z0R9kEnu4zo?si=L68W5MoXbBE1MWW1,Applesburg14,2025-05-21T11:09:12.638508Z
1kmgbsy,reddit,What's your favorite Italian movie?,My number one is La vita e bella. I just love Roberto Benigni's work. It's a classic you remember for the rest of your life and the movie that has a truly great impact on you. Generally speaking I adore Italian cinematography and love their comedies. It's very similar to my type of humor and it makes me relaxed. Every Italian movie I've watched has got a deeper meaning of life behind it so I find movies like that precious. Which one is your favorite and why? ,2025-05-14T14:17:55Z,movies,movies,entertainment,Entertainment,[],0,19,85,,0.73,https://www.reddit.com/r/movies/comments/1kmgbsy/whats_your_favorite_italian_movie/,valkyriee24,2025-05-21T11:09:13.859530Z
1kiplrk,reddit,Best “Intro to Horror” Movies,"When I started seeing my girlfriend, she made it clear that she doesn’t like horror movies typically. I made it clear that I LOVE horror movies. In the months since, she has warmed up to the idea of them and has even agreed to watch some more palatable fare (The Town That Dreaded Sundown, The Faculty, Sinners). What else can I show her that would continue to open her up to watching more with me? She will not watch anything with spiders so unfortunately Arachnophobia is off the table (much to my chagrin).",2025-05-09T18:26:41Z,movies,movies,entertainment,Entertainment,[],0,19,166,,0.65,https://www.reddit.com/r/movies/comments/1kiplrk/best_intro_to_horror_movies/,mattmccoy92,2025-05-21T11:09:15.370608Z
1kem1wp,reddit,Movie recommendations? 2000's era....," I am in this phase where 2000's rom-coms and drama movies r my go-to. I watched Devil wears Prada, Gladiator, Blood Diamond, She's the Man, Legally Blonde, Notebook, The Proposal, The Holiday, First daughter, Transformers.......... and many more.

 I also watched David Fincher movies (Fight Club, Shutter Island, Zodiac). But I wasn't that much into them. Don't hate me for that. 

 Please suggest me something in these genres. AND NO HORROR...... Thank u!

Thank u for everyone for recommending. I will check out ur recs for sure. ",2025-05-04T15:09:57Z,movies,movies,entertainment,Entertainment,[],0,22,69,,0.67,https://www.reddit.com/r/movies/comments/1kem1wp/movie_recommendations_2000s_era/,Conscious_Charge_793,2025-05-21T11:09:17.430274Z
1kc93kw,reddit,Willem Dafoe to Star in Dark Comedy ‘The Souffleur’ From Rising Helmer Gastón Solnicki; Magnify Boards for Worldwide Sales,,2025-05-01T13:45:03Z,movies,movies,entertainment,Entertainment,[],0,18,5,,0.66,https://variety.com/2025/film/global/willem-dafoe-the-souffleur-magnify-1236383477/,KillerCroc1234567,2025-05-21T11:09:18.954079Z
1kb2d5p,reddit,The Food Of The Gods: An H. G. Wells Classic Turned 70's Eco-Horror Movie,,2025-04-29T23:35:39Z,movies,movies,entertainment,Entertainment,[],0,20,4,,0.76,https://deepinthekeep.com/2025/04/29/the-food-of-the-gods-an-h-g-wells-classic-turned-70s-eco-horror-movie/,TwowolvesMatt,2025-05-21T11:09:19.978079Z
1k9z3fv,reddit,"Shaji N Karun, renowned cinematographer-director and chairman of KSFDC, dies at 73",,2025-04-28T15:59:20Z,movies,movies,entertainment,Entertainment,[],0,20,1,,0.76,https://www.thenewsminute.com/kerala/shaji-n-karun-renowned-cinematographer-director-and-chairman-of-ksfdc-dies-at-73,Fan387,2025-05-21T11:09:21.007477Z
1k6pk1m,reddit,Movies with great soundtracks?,"As the title says, I want a discussion for movies with at least a great soundtrack; Songs included in the soundtrack for movie you mention that elevates it to that level of: “Whoa! The music is elevating this film and is on par with the themes/makes me feel in multiple scenes/etc..”

So let’s hear it! What films have an excellent soundtrack that compliments it?",2025-04-24T11:12:00Z,movies,movies,entertainment,Entertainment,[],0,21,180,,0.72,https://www.reddit.com/r/movies/comments/1k6pk1m/movies_with_great_soundtracks/,SnufflesMcPieface,2025-05-21T11:09:21.938708Z
1k6c3bg,reddit,Six Degrees of Separation Movie Game,"I know there are a few of these out there, but after playing through all the grid games and other daily movie games, some buddies and I decided to see if we could build a fairly simple ""six degrees of separation"" type game that we could play against each other. 

We're still adding features to it and fine-tuning things, but if anyone wants to check it out and give us some feedback, we'd appreciate it - [https://www.cinemachaingame.com/](https://www.cinemachaingame.com/)",2025-04-23T22:16:51Z,movies,movies,entertainment,Entertainment,[],0,22,8,,0.71,https://www.cinemachaingame.com/,treding,2025-05-21T11:09:23.736544Z
1k4ruvn,reddit,"Deja Vu (2006) w/ Denzel Washington, Val Kilmer, Paula Patton","What are some unexplained and abrupt sequences you found? I watched the movie for the first time last night and really enjoyed it. It took the usual suspension of disbelief for the plot of time displacement. All good. Very interesting. Captivating. But there were some scenes that popped in from nowhere.

For one, how did Doug perfectly get onto a gurney in the local hospital in front of emergency doctors in his warp jump? Did I miss something?",2025-04-21T23:25:12Z,movies,movies,entertainment,Entertainment,[],0,19,9,,0.72,https://www.reddit.com/r/movies/comments/1k4ruvn/deja_vu_2006_w_denzel_washington_val_kilmer_paula/,veryken,2025-05-21T11:09:24.721134Z
1k4cgmv,reddit,Revisit Lake Placid,"There are a number of films that I think perfectly encapsulate their genres, and I'd like to put forth Lake Placid as the epitome of creature-features.

It's hard to say that it's better than Jaws, which defines the genre, but in terms of the best follow ups, I think Lake Placid and Tremors reign supreme.

And while I have a deep love for Tremors (pun intended) I think Lake Placid's dialogue and acting is far superior. 

Betty White as a foul-mouth old farm lady, Oliver Platt as a smarmy yet charmy billionaire, and Brendan Gleeson as the dry-witted sheriff absolutely sparkle as the supporting cast, around the fairly boring Bridget Fonda + Bill Pullman leads. 

The CGI is decent, the dialogue is Shakespearean, and the overall product is absolutely stellar. It is everything a 90s movie wanted to be and if you've never seen it do yourself a favor and check it out.",2025-04-21T12:37:33Z,movies,movies,entertainment,Entertainment,[],0,16,23,,0.67,https://www.reddit.com/r/movies/comments/1k4cgmv/revisit_lake_placid/,NeedNewNameAgain,2025-05-21T11:09:25.713890Z
1k4638n,reddit,Dutch guy creates official Hollywood movie trailer music from his attic,"(English auto subtitles are available on this video).

Most humble and relaxed non-Hollywood Dutch guy creates official trailer music for productions such as BabyGirl and The White Lotus from his attic in Rotterdam, The Netherlands.",2025-04-21T05:33:45Z,movies,movies,entertainment,Entertainment,[],0,20,5,,0.61,https://www.youtube.com/watch?v=MxOq_48thO8,Wizzythumb,2025-05-21T11:09:26.861415Z
1kr2ofr,reddit,"Poster for 'Hot Milk' - Starring Emma Mackey, Fiona Shaw and Vicky Krieps.",,2025-05-20T11:38:35Z,movies,movies,entertainment,Entertainment,[],0,22,8,,0.63,https://i.redd.it/bxc4z5eibx1f1.png,JonasKahnwald11,2025-05-21T11:09:28.152740Z
1kqmdg2,reddit,Question about No Country for Old Men: Who is actually chasing Llewelyn Moss at which time?,"Okay, it's one of my favorite movies (and books), but something just started nagging at me and I'm trying to figure it out. Here goes. 

We have a drug deal gone wrong. Obviously two parties involved. Stephen Root in Houston (""The Man Who Hires Carson Welles"" in the credits) has put up 2 million dollars to buy a truckload of heroin from the Mexican cartel. The deal goes bad, everybody dies. Moss finds the drugs and the money.

When Moss goes back that night, the drugs are gone. The cartel must have come and taken them. We know this because, later, Stephen Root says they are missing both the money and the ""product."" Moss is chased by men in a truck with a dog. I assume these men are from the Mexican cartel because if they were from Stephen Root's group, they would have gotten the drugs. 

Anton Chigurh, we know, is hired by Stephen Root. He has a transponder. He follows Moss to the motel in Del Rio and there he kills a group of Mexicans who are waiting in Moss's room. However, these Mexicans are not from the cartel, they were also given a transponder by Stephen Root. (Chigurh later goes and kills Stephen Root because of this. ""You use the one right tool..."") 

Now here's where I get most confused. 

A Mexican man learns where Moss is in El Paso from Carla Jean's mother. Later, Moss is killed by a group of men who speed off in a truck. Are these men from the cartel? If they are, why are they still chasing Moss? They already got their heroin back. Do they just want to kill him on principle? 

Or are they yet a third party hired by Stephen Root? 

(The book is slightly different BTW. In the book, somebody taps the telephone and that's how they learn where Moss is. The man who kills Moss is Mexican, but we don't learn which group he's from.)   

I don't know. Maybe it doesn't matter which group it is who kills Moss. It just started bugging me. Did I maybe miss a clue somewhere?",2025-05-19T20:32:29Z,movies,movies,entertainment,Entertainment,[],0,17,37,,0.64,https://www.reddit.com/r/movies/comments/1kqmdg2/question_about_no_country_for_old_men_who_is/,PaulsRedditUsername,2025-05-21T11:09:29.104007Z
1kqiy4w,reddit,Dennis Lehane Adapts US Remake of Finnish Hit '100 Litres of Gold',,2025-05-19T18:19:22Z,movies,movies,entertainment,Entertainment,[],0,19,2,,0.67,https://variety.com/2025/film/news/dennis-lehane-100-litres-gold-1236400184/,jfkk,2025-05-21T11:09:30.227834Z
1kqil6a,reddit,"First Poster for Tarik Saleh's political-thriller 'EAGLES OF THE REPUBLIC' - Egypt's most celebrated actor, George Fahmy, is pressured into starring in a state propaganda film. As he falls into the regime's grip, a risky affair with a general's wife threatens his career - and his life",,2025-05-19T18:05:21Z,movies,movies,entertainment,Entertainment,[],0,18,0,,0.7,https://i.redd.it/q3s9jliq3s1f1.jpeg,mayukhdas1999,2025-05-21T11:09:31.334143Z
1kneoee,reddit,AMA/Q&A Announcement - Danny & Michael Philippou - Friday 5/16 at 3:00 PM ET - Directors of A24's 'Talk To Me' & 'Bring Her Back',,2025-05-15T17:53:03Z,movies,movies,entertainment,Entertainment,[],0,20,6,,0.71,https://i.redd.it/z3s790bvhz0f1.png,BunyipPouch,2025-05-21T11:09:32.311810Z
1kn38r8,reddit,What are some of the best jumpscares in non-horror movies?,"The horror genre undoubtedly has the most jumpscares but I’m curious, what non-horror movies contain a great jumpscare or two that visibly made you jump? 

More of a recent one would be Warfare (2025), experiencing the IED explosion in theatres had most people jumping out of their seats. The sound design as a whole was incredible. ",2025-05-15T08:37:59Z,movies,movies,entertainment,Entertainment,[],0,22,86,,0.71,https://www.reddit.com/r/movies/comments/1kn38r8/what_are_some_of_the_best_jumpscares_in_nonhorror/,FilmWaffle-FilmForum,2025-05-21T11:09:33.310148Z
1kl4vk3,reddit,Resurrection Road (2025) Exclusive Trailer / Civil War Horror Movie Releases in June 2025,,2025-05-12T21:40:30Z,movies,movies,entertainment,Entertainment,[],0,22,1,,0.71,https://youtu.be/3KgHEuJwZ-A?si=HEa_cOulm873fTEW,EnigmaForce,2025-05-21T11:09:34.903099Z
1kknit0,reddit,"The devil won the rock-off in ""pick of destiny""","The D had a great comeback verse, and the last word seems to always prevail. In addition, they put a lot of heart into their lyrics. That being said, the devil went hard and won the rock-off. The guitar and drums were extremely heavy metal. Maybe its my bias as a metalhead but the devil absolutely cooked the D.",2025-05-12T08:37:04Z,movies,movies,entertainment,Entertainment,[],0,15,33,,0.56,https://www.reddit.com/r/movies/comments/1kknit0/the_devil_won_the_rockoff_in_pick_of_destiny/,ordrius098,2025-05-21T11:09:35.862452Z
1kkdvsp,reddit,What movies surprised you when you found out they were feature debuts?,"Sometimes, I am floored to find out that a movie was the director’s feature debut. Either because of the beauty in its content or just that they have such a distinct style. Some that come to mind are:

- *Past Lives*
- *It’s What’s Inside*
- *His House*
- *Lars and the Real Girl* (technically Craig Gillespie also released Mr. Woodcock around the same time, but I choose to ignore that)
- *Bachelorette* 
- *Aftersun*
- *Little Miss Sunshine* (they did a doc earlier, but their first fiction feature)
- *Swiss Army Man*
- *Sorry to Bother You*
- *Saint Maud*
- *Eraserhead*",2025-05-11T23:03:33Z,movies,movies,entertainment,Entertainment,[],0,19,49,,0.67,https://www.reddit.com/r/movies/comments/1kkdvsp/what_movies_surprised_you_when_you_found_out_they/,DickNJaneNumber1Fan,2025-05-21T11:09:36.956626Z
1kiqok2,reddit,Small Things Like These (2024) is a perfectly restrained tragedy.,"What a lovely film this is. I've had it on my radar for a while, but it took until now for me to just finally sit down and give it my time.

As its title implies, it's a movie that's interested in the understated details, the little moments that can have big impacts. It's beautifully restrained from the first frame to the last.. and it's incredibly quiet, but its bittersweet story hits as hard as it does because of the commitment to realistic slow-burn tension and the way that it presents tragedy and beauty without smacking you over the head with a sad score or overwrought dialogue. I've wondered for a while exactly where the line was between ""Drama"" and ""Melodrama"" and this film showed me exactly where the difference lies; there's no screaming here, no half-sobbed monologues (not to imply that I don't love a good one of those), it just moves along at a patient pace and uses every tool in its arsenal (handsome, well-staged cinematography, sparse dialogue) to immerse you in everything that its lead character is feeling.

It focuses on pain and the weight of hardship in a way that feels very relatable, and like a lot of the best stories, I think it takes something very specific and turns it into an idea and a feeling that could resonate for a lot of us.

The movie might not have felt as compelling as it does if it didn't have Cillian Murphy leading almost every scene.. but man, he's so damn good here. If Oppenheimer taught us anything, it's that this man's face was quite simply destined to deliver tragic expressions. So if you're looking for a moving, small-scale but thoroughly human story, then this is a great pick to go for.

(And as always, if you didn't like it, that's totally cool with me; everyone has their own tastes and preferences.)",2025-05-09T19:12:43Z,movies,movies,entertainment,Entertainment,[],0,20,0,,0.79,https://www.reddit.com/r/movies/comments/1kiqok2/small_things_like_these_2024_is_a_perfectly/,AaronYaygar,2025-05-21T11:09:38.091401Z
1ki2pgd,reddit,"Paramount Notches Streaming Growth, but Revenue Drops",,2025-05-08T22:08:44Z,movies,movies,entertainment,Entertainment,[],0,21,0,,0.69,https://www.wsj.com/business/media/paramount-notches-streaming-growth-but-revenue-drops-03e5bce9,Malencon,2025-05-21T11:09:39.011803Z
1kdbkil,reddit,Bring Her Back ~ The Philippou brothers dish out some preliminary deets,,2025-05-02T20:53:54Z,movies,movies,entertainment,Entertainment,[],0,21,1,,0.82,https://www.youtube.com/watch?v=hIPQA77Rshs,EThorns,2025-05-21T11:09:39.932636Z
1kbz1j3,reddit,"Ryan Coogler talks ""Sinners"" on Elvis Mitchell's The Treatment","Best, deepest Coogler / *Sinners* interview I've heard so far IMO. At one point he even says, ""I've never talked about this in the media before but...""",2025-05-01T03:16:46Z,movies,movies,entertainment,Entertainment,[],0,19,0,,0.64,https://www.kcrw.com/culture/shows/the-treatment/ryan-coogler-andrew-mccarthy,geekteam6,2025-05-21T11:09:40.933031Z
1krgsnw,reddit,In awe of Magnolia,"On Sunday evening I had the privilege of watching a 35mm restoration of PTA's Magnolia at the BFI Southbank in London. 

It's the second time I've seen the movie and both times it's stayed with me for days afterwards. There's so many incredible things in this movie, Tom Cruise, Aimee Mann's vocals, the tales tragedy and love and hope, as well as the humour and sheer surreal aspect that underpins it all. The way all these themes are woven together seamlessly and so tightly that 3 hours flies by. Wow. 

I don't have a question or anything insightful to say about the film. Just that I found it really moving. I think Paul Thomas Anderson is a genius and this his Magnum Opus ",2025-05-20T21:30:21Z,movies,movies,entertainment,Entertainment,[],0,21,7,,0.82,https://www.reddit.com/r/movies/comments/1krgsnw/in_awe_of_magnolia/,Bojanglez789,2025-05-21T11:09:41.880226Z
1kqgxuh,reddit,Chad Stahelski’s 87Eleven Entertainment & Capstone Studios Set Action Thriller ‘Sentinel’ – Cannes Market,,2025-05-19T17:02:05Z,movies,movies,entertainment,Entertainment,[],0,18,4,,0.7,https://deadline.com/2025/05/chad-stahelski-87eleven-capstone-set-sentinel-cannes-market-1236404493/,NoCulture3505,2025-05-21T11:09:42.896509Z
1kokmpu,reddit,ERIC LARUE Trailer (2025) Judy Greer,,2025-05-17T04:34:23Z,movies,movies,entertainment,Entertainment,[],0,16,17,,0.61,https://www.youtube.com/watch?v=7NJvorUD9Z8&ab_channel=TheMovieHouse,wired41,2025-05-21T11:09:43.858174Z
1kndpku,reddit,I've never loved or hated Alien 3 (1992) but a recent viewing struck me differently.,"Elliot Goldenthal's score stood out more than ever (it's extremely solid) and the visuals that I've always been fond of were particularly striking (I was unaware that Alex Thomson \[DP\] also shot Labyrinth \[1986\] and Cliffhanger \[1993\]); the opening sequence aboard the Sulaco is incredibly well orchestrated both visually and musically. Alien 3 is a prime example of style over substance so focusing my attention heavily on the visuals and score allowed me to enjoy the film more than I ever have in the past; in a way, this explains why David Fincher was such a successful music video director prior to film. I'm 37 and have seen the Alien trilogy many times, the situation which I encountered is welcomed but it's frustrating that the impactfulness of key artistic details can go underappreciated for so long.",2025-05-15T17:14:40Z,movies,movies,entertainment,Entertainment,[],0,16,43,,0.64,https://www.reddit.com/r/movies/comments/1kndpku/ive_never_loved_or_hated_alien_3_1992_but_a/,gruesomesonofabitch,2025-05-21T11:09:45.177098Z
1ki39ws,reddit,Watch the Skies (2025),"I was so excited after watching the trailer for a good UFO movie. Man was I disappointed. First I could immediately tell that it was dubbed. The AI work was pretty good tbf that’s something I was not expecting but everything else was terrible imao. The “math” was sad, the “authorities” were laughable AND the trailer is an absolute lie! ""Infused with Spielbergian flair"" was what sold me. If you’re like me and want a good UFO movie with real “Spielbergian flair” watch 2019’s The Vast of Night.",2025-05-08T22:34:30Z,movies,movies,entertainment,Entertainment,[],0,18,20,,0.78,https://www.reddit.com/r/movies/comments/1ki39ws/watch_the_skies_2025/,Hellfire242,2025-05-21T11:09:46.714113Z
1kgepo0,reddit,Favorite unheralded supporting actors?,"I've always liked Bruce Greenwood a lot. He just has a very appealing screen presence. I'm not gonna say he has great range - he's basically always playing Bruce Greenwood - but that's a neat character. And sometimes like in Gerald's Game he does twist it up a bit. 

But I like that guy cause he's always interesting and is always steady regardless of the movie he's in. I just watched a low-budget thing called Donovan's Echo with Danny Glover which is... eh, one of those random Tubi movies. But Greenwood still acts like he's in any other movie. He never phones it in. ",2025-05-06T20:23:49Z,movies,movies,entertainment,Entertainment,[],0,18,44,,0.7,https://www.reddit.com/r/movies/comments/1kgepo0/favorite_unheralded_supporting_actors/,NewSunSeverian,2025-05-21T11:09:47.820130Z
1kg0n38,reddit,Prime Focus Group Inks $400 Million Deal for Mumbai Entertainment Hub,,2025-05-06T09:57:29Z,movies,movies,entertainment,Entertainment,[],0,18,0,,0.73,https://variety.com/2025/film/news/prime-focus-400-million-deal-mumbai-entertainment-hub-1236384911/,sidroy81,2025-05-21T11:09:48.913344Z
1kanjr1,reddit,Help identify a zombie movie I watched with my father in the 1990s,"My father passed away in a car accident when I was very young. I have only a few memories of him. One of them is watching a movie with him. It was a zombie movie, probably American. The scene I remember is the male and female protagonists escaping into the sewer through a ladder at a manhole entrance. However, either the male or female lead (I can’t recall clearly) got a scratch on their thigh from a zombie. Inside the sewer, there might have been barrels, and when broken, some gas leaked out, which could repel the zombies. What’s the name of this movie? I watched it around 1993.",2025-04-29T13:09:54Z,movies,movies,entertainment,Entertainment,[],0,16,14,,0.67,https://www.reddit.com/r/movies/comments/1kanjr1/help_identify_a_zombie_movie_i_watched_with_my/,Debt-Western,2025-05-21T11:09:49.867835Z
1k9kora,reddit,Looking for an ocean themed movie,"Me and my Gf are planning on watching a movie and I’m really wanting something ocean themed. We don’t want to watch a cartoon or a documentary but something that feels adventurous or explorative would be awesome.  If it involves diving, that would be even better. We are huge fans of the guardian (coast guard movie) and think a movie with a rescue attempt would be great. Thank you so much.",2025-04-28T02:10:10Z,movies,movies,entertainment,Entertainment,[],0,18,200,,0.66,https://www.reddit.com/r/movies/comments/1k9kora/looking_for_an_ocean_themed_movie/,KyzuDaHomie,2025-05-21T11:09:51.031078Z
1k9il34,reddit,Looking for some feel good movie reccommendations,"My wife and i had a pretty traumatic experience this week and i am hoping to find some feel good movies to watch without any sort of violence.  I don't really care what genre the movie is,  as long as we feel the opposite of movies like Requiem or Kids etc..  Bonus points for movies that aren't on netflix because their password sharing crackdown is lame. thanks.",2025-04-28T00:18:58Z,movies,movies,entertainment,Entertainment,[],0,20,92,,0.72,https://www.reddit.com/r/movies/comments/1k9il34/looking_for_some_feel_good_movie_reccommendations/,termeric0,2025-05-21T11:09:52.953347Z
1k79o78,reddit,Official Discussion - The Legend of Ochi [SPOILERS],"#Poll

**If you've seen the film, please rate it [at this poll](https://strawpoll.ai/poll/vote/n0dOW7Kb128M)**

**If you haven't seen the film but would like to see the result of the poll [click here](https://strawpoll.ai/poll/results/n0dOW7Kb128M)**

#Rankings

[Click here](https://strawpoll.ai/list/ItnAgr4mX7QR) to see the rankings of 2025 films

[Click here](https://youpoll.me/list/4/) to see the rankings for every poll done 

---

**Summary**  
*The Legend of Ochi* is a visually rich, handcrafted fantasy adventure directed by Isaiah Saxon in his feature debut. Set on the remote island of Carpathia, the film follows Yuri (Helena Zengel), a shy farm girl raised to fear the elusive creatures known as Ochi. When she discovers a wounded baby Ochi, Yuri defies her father's teachings and embarks on a perilous journey to return the creature to its family. Along the way, she reconnects with her estranged mother, Dasha (Emily Watson), and confronts the truths about her family's past. The film is noted for its use of puppetry and practical effects, creating an immersive world that blends medieval ambiance with 1970s Soviet influences.

**Director**  
Isaiah Saxon

**Writer**  
Isaiah Saxon

**Cast**  
- Helena Zengel as Yuri  
- Willem Dafoe as Maxim  
- Emily Watson as Dasha  
- Finn Wolfhard as Petro

**Rotten Tomatoes**: [77%](https://www.rottentomatoes.com/m/the_legend_of_ochi)  
**Metacritic**: [65](https://www.metacritic.com/movie/the-legend-of-ochi)

**VOD**  
Theaters

**[Trailer](https://www.youtube.com/watch?v=)**

---",2025-04-25T02:03:29Z,movies,movies,entertainment,Entertainment,[],0,16,143,,0.7,https://www.reddit.com/r/movies/comments/1k79o78/official_discussion_the_legend_of_ochi_spoilers/,LiteraryBoner,2025-05-21T11:09:54.376738Z
1k5rtfd,reddit,Watched Bio-Dome (1996) on Earth Day… and the coincidences were weirdly spot-on,"So I half-jokingly pulled Bio-Dome off the shelf tonight and said, “Let’s watch this, it’s Earth Day,” totally forgetting the movie actually takes place on Earth Day. Already kind of a funny coincidence.

Then during the movie there’s this fake newspaper headline that says “Pope Condemns Bio-Dome.” We laughed at how random and over the top it was.

But then I remembered… the actual Pope just died yesterday. And not just any pope...Pope Francis, who was known for being a major advocate for the environment. He literally wrote an encyclical on climate change. So the Earth Day connection felt extra surreal.

And to make it even weirder, there’s a throwaway line in the movie about red food dye, and sure enough, earlier today there was an actual press conference about banning certain petroleum-based food dyes like Red 3 and Red 40.

It’s obviously just coincidence, but it kind of felt like Bio-Dome accidentally synced up with the real world for Earth Day 2025. Has that ever happened to anyone else, where a totally random movie weirdly lines up with current events?",2025-04-23T05:46:37Z,movies,movies,entertainment,Entertainment,[],0,22,10,,0.7,https://www.reddit.com/r/movies/comments/1k5rtfd/watched_biodome_1996_on_earth_day_and_the/,ChrisPrattFalls,2025-05-21T11:09:56.318794Z
1kqv2bi,reddit,Caught early screening of Bring Her Back,"Not really ""spoilery"", but I am cautious of others.

As someone who lost their father as a late teenager, Danny and Michael Philippou's *Talk to Me* hit subconsciously hard. I am not usually affected by horror movies, but about an hour after seeing it I had like a full blown panic attack and needed my friends to pick me up so I wasn't alone. It didn't really help.

Now *Bring Her Back* both holds AND reverses the perspective of grief from it's three main characters and gruesomely, I mean GRUESOMELY, explores it. It's production is so clean, Sally Hawkin's performance is amazing in the most disgusting way. I haven't despised a character so much since Percy in *The Green Mile*.

The story unfurls without over exposition (besides one weird subtitle lol) which makes us feel passenger to the youthful protagonists. Ultimately, it is so unapologetic in the way it shows the lengths and depths of grief, similar to Talk to Me but kinda....like....maybe more brutal. Not by much. But damn do I respect the filmmakers for this.

Side note, once the credits hit, someone behind me sprinted to and out the emergency exit door and drove like 35 mph out of the parking lot, hit a curb, and kept driving. I think this movie will or can be incredibly triggering, especially for certain parents.

Absolutely amazing horror film. Philippou's are a very real deal.",2025-05-20T03:21:09Z,movies,movies,entertainment,Entertainment,[],0,18,1,,0.7,https://www.reddit.com/r/movies/comments/1kqv2bi/caught_early_screening_of_bring_her_back/,alohasprinting,2025-05-21T11:09:57.311229Z
1ko46zi,reddit,Cannes 2025: How 61 Cinematographers Shot Their Films,,2025-05-16T15:48:00Z,movies,movies,entertainment,Entertainment,[],0,16,1,,0.7,http://indiewire.com/gallery/cannes-2025-cinematography-cameras-arri-alexa-35/,indiewire,2025-05-21T11:09:58.275294Z
1kncx3r,reddit,What are some good comedies like Burn After Reading?,"I just watched it for the first time and LOVED it. Exactly how I like my dark comedy movies, lol. Plot, characters, interactions, ending, “the message” is just amazing. 


Are there other films out there similar that you would recommend? It doesn’t have to be exactly the same taste, but movies you’d put think of Burn After Reading after watching. ",2025-05-15T16:42:57Z,movies,movies,entertainment,Entertainment,[],0,18,49,,0.7,https://www.reddit.com/r/movies/comments/1kncx3r/what_are_some_good_comedies_like_burn_after/,wild_spoon,2025-05-21T11:09:59.250607Z
1kmy2ub,reddit,What do you think about Fantasia 2000?,"This is the sequel to the 1940 Disney classic, with new musical segments combined with more modern animation. It was released at the end of the last century and beginning of the new millennium, but it was a box office failure and has since been forgotten in the face of the studio's other classics

However, I consider it somewhat underrated, although it's a shame that its conductor, James Levine, has been involved in infamous sexual abuse cases",2025-05-15T03:07:57Z,movies,movies,entertainment,Entertainment,[],0,16,41,,0.63,https://www.reddit.com/r/movies/comments/1kmy2ub/what_do_you_think_about_fantasia_2000/,Edmundo2900,2025-05-21T11:10:00.643739Z
1kmilvy,reddit,"Taylor Sheridan Sets Action Thriller ‘F.A.S.T.’, Starring Brandon Sklenar, at Warner Bros. for an April 23, 2027 theatrical release",,2025-05-14T15:50:09Z,movies,movies,entertainment,Entertainment,[],0,20,10,,0.67,https://www.hollywoodreporter.com/movies/movie-news/taylor-sheridan-action-thriller-f-a-s-t-brandon-sklenar-1236216363/,DemiFiendRSA,2025-05-21T11:10:01.749458Z
1kkygri,reddit,Actors which you love that haven’t quite hit their peak?,"By peak I mean a few things, could be recognition, awards even a blockbuster movie. Who are those actors or actresses for you? For me it has to be Toby Kebbel, I think he’s. Hugely talented and I want to see him win an Oscar . I’ve enjoyed him in all the roles he has played and certainly showed he can do drama and even comedy if we go by his character in rocknrolla ",2025-05-12T17:28:48Z,movies,movies,entertainment,Entertainment,[],0,15,107,,0.63,https://www.reddit.com/r/movies/comments/1kkygri/actors_which_you_love_that_havent_quite_hit_their/,roxana2708,2025-05-21T11:10:03.088416Z
1kks48m,reddit,Producers of 'American Psycho' and 'Spring Breakers' Developing Alex Kazemi Y2K Novel 'New Millennium Boyz' For Film,,2025-05-12T13:09:51Z,movies,movies,entertainment,Entertainment,[],0,18,2,,0.71,https://deadline.com/2025/05/new-millennium-boyz-muse-films-developing-alex-kazemi-novel-film-1236389906/,gotmearound59,2025-05-21T11:10:04.742444Z
1kk08ba,reddit,What are your feel-good movies?,"If I have a rough day, I can sit on my couch and throw on one of these. What are yours? Mine are—

•Almost Famous
•Dead Poets Society
•The Way Way Back
•You’ve Got Mail
•High Fidelity 
•Jojo Rabbit
•Accepted
•Ruby Sparks
•Hot Rod

Definitely wondering which movies will be most agreed upon, and which ones will wind up being added to my list",2025-05-11T12:47:08Z,movies,movies,entertainment,Entertainment,[],0,17,60,,0.72,https://www.reddit.com/r/movies/comments/1kk08ba/what_are_your_feelgood_movies/,HovercraftHelpful926,2025-05-21T11:10:05.906343Z
