content_id,platform,title,content,created_at,source_id,source_name,category_id,category_name,tags,views,score,comment_count,duration,upvote_ratio,url,author,crawl_time
1knhsob,reddit,‘Gears of War’ Movie Landing David Leitch as Director,,2025-05-15T20:00:22Z,movies,movies,entertainment,Entertainment,[],0,1040,198,,0.94,https://www.hollywoodreporter.com/movies/movie-news/gears-of-war-movie-david-leitch-director-1236212544/,MarvelsGrantMan136,2025-05-25T19:38:07.930774Z
1k7m904,reddit,Tom Hanks & Apple’s ‘Greyhound’ Sequel To Begin Filming Early 2026 & Will Take In D-Day & The Pacific Theater,,2025-04-25T14:25:11Z,movies,movies,entertainment,Entertainment,[],0,1046,109,,0.93,https://deadline.com/2025/04/tom-hanks-greyhound-sequel-start-2026-australia-plot-1236376695/,KillerCroc1234567,2025-05-25T19:38:09.937066Z
1kl4mdm,reddit,The Total Recall movie fixed a huge dumb problem with the original short story,"I've loved Total Recall for years so I wanted to finally read the short story it was based on, ""We Can Remember It For You Wholesale"" by Philip K Dick. And the short story is... kinda dumb, even compared to a Schwartzeneggar movie. Specifically this one aspect.

The story and movie are vastly different, but the setup is basically the same in both.

Story and movie: An ordinary man is bored with his average life on earth and endlessly dreams of having adventures on Mars. He discovers a company called Rekal, which boasts it can implant 100% convincing false memories into your mind. He pays for the memory of an epic adventure on Mars in which he's a badass action hero spy. The procedure fails catastrophically because he actually IS a badass spy and just doesn't remember it.

In the movie, they made a very wise change. Rekal in the film makes sense as a business. Rekal is basically an entertainment company. You have a memory of a thrilling adventure, then it ends and you go back to your life. It's like a movie. You know it wasn't real and yet you have the satisfied feeling of coming home from an epic vacation, only with no personal risk and a lot less financial burden.

Here's what immediately bugged me about the short story. In the story, Rekal is supposed to convince you that their fake memories are real. Period. They give you fake ""souvenirs"" from your adventure. They delete the last couple weeks of your real memories. They even delete your memories of coming to Rekal. You will just wake up at home after your ""adventure"" is over.

My issue: How is that supposed to work? They expect you to believe you're a spy assassin, but still show up for your shift at T Mobile? To just keep waiting on new orders from the agency that will never show up? What if you try to tell your wife? She'll correctly assume you're insane. What if you get mugged? You'll think you can do John Wick moves on the gunman and then get shot in the face. How can you live an ordinary life believing you're basically a superhero? Rekal is pretty much a company that charges you to ruin your life.",2025-05-12T21:30:03Z,movies,movies,entertainment,Entertainment,[],0,1033,186,,0.88,https://www.reddit.com/r/movies/comments/1kl4mdm/the_total_recall_movie_fixed_a_huge_dumb_problem/,GarthDagless,2025-05-25T19:38:11.548667Z
1ko7pod,reddit,What is the weirdest bonus feature you remember from the DVD era?,"*The Ring* had a secret menu option to play the cursed tape start to finish, great for dares.

*Thirteen Ghosts* had nice little A&E-style mini-biographies of all thirteen ghosts, narrated by F. Murray Abraham: https://www.youtube.com/watch?v=sGv6XxVS8G8

*Kung Pow* had a classy audiobook track with the whole movie narrated by a posh Englishman: https://www.youtube.com/watch?v=BNPbSwVq9uQ

I remember the original *Final Destination* had a “death clock”: you’d input all sorts of personal/life/health information, and it would calculate whenabouts you’d die.

One of the questions was “Do you have cancer?” and at that point in my life I did, so I got the fun experience of having the *Final Destination* DVD telling me I’m going to die in 2-3 years.",2025-05-16T18:10:56Z,movies,movies,entertainment,Entertainment,[],0,1035,460,,0.96,https://www.reddit.com/r/movies/comments/1ko7pod/what_is_the_weirdest_bonus_feature_you_remember/,profound_whatever,2025-05-25T19:38:13.332817Z
1kr311j,reddit,Jurassic World Rebirth | Official Trailer 2,,2025-05-20T11:57:45Z,movies,movies,entertainment,Entertainment,[],0,1025,755,,0.82,https://www.youtube.com/watch?v=smavD1fopZ8,MarvelsGrantMan136,2025-05-25T19:38:16.301179Z
1kb07uh,reddit,Steven Spielberg Calls ‘The Godfather’ the ‘Greatest American Film Ever Made’ at Francis Ford Coppola AFI Life Achievement Award Ceremony,,2025-04-29T21:58:45Z,movies,movies,entertainment,Entertainment,[],0,1022,140,,0.91,https://variety.com/2025/film/news/francis-ford-coppola-afi-life-achievement-award-george-lucas-1236377439/,mrnicegy26,2025-05-25T19:38:20.163260Z
1kmpm3o,reddit,"Dan Trachtenberg's Animated Movie 'Predator: Killer of Killers' Rated ""R"" for Bloody Violence and Gore",,2025-05-14T20:28:17Z,movies,movies,entertainment,Entertainment,[],0,1022,59,,0.95,https://bloody-disgusting.com/movie/3868490/animated-movie-predator-killer-of-killers-rated-r-for-bloody-violence-and-gore/,MarvelsGrantMan136,2025-05-25T19:38:21.948194Z
1kkrt6j,reddit,New Poster for 'F1',,2025-05-12T12:55:26Z,movies,movies,entertainment,Entertainment,[],0,1010,322,,0.86,https://i.redd.it/e5fd1ad2mc0f1.jpeg,MarvelsGrantMan136,2025-05-25T19:38:23.296617Z
1kj8w04,reddit,"Which films do people wrongly associate with a director / actor? Like how ""A Nightmare Before Christmas"" wasn't directed by Tim Burton.","Are there any films that people wrongly think of being directed or starring certain people? I know Tim Burton wrote the story for A Nightmare Before Christmas, but I was pretty shocked to find out he didn't direct it. Are there any other examples of this? 

The same goes for actors. Are there any films that people often think star someone who wasn't actually in the movie?

Edit: guys, I know Tim Burton was very much involved. I'm just pointing out that most people probably thought he directed it.",2025-05-10T12:15:35Z,movies,movies,entertainment,Entertainment,[],0,996,680,,0.91,https://www.reddit.com/r/movies/comments/1kj8w04/which_films_do_people_wrongly_associate_with_a/,PI_______,2025-05-25T19:38:26.417301Z
1kg7f84,reddit,"Zoey Deutch, Jon Hamm, John Slattery Starring in R-Rated Hollywood Comedy From 'Wet Hot American Summer' Director David Wain",,2025-05-06T15:30:57Z,movies,movies,entertainment,Entertainment,[],0,990,68,,0.94,https://variety.com/2025/film/news/zoey-deutch-jon-hamm-john-slattery-david-wain-comedy-1236387256/,KillerCroc1234567,2025-05-25T19:38:30.673109Z
1kfvu00,reddit,"What movie has the most ""all-star"" cast, all time?","
What movies most come to mind when thinking of movies with the most big names?

Not necessarily saying each star has to have a large role, just a credit in the movie.

Any era, even if it was before someone became a big star.

The 2000s Oceans movies come to mind for me. Also, The Godfather movies, where it's possible Part 2 has more names due to De Niro being in that one.",2025-05-06T04:19:16Z,movies,movies,entertainment,Entertainment,[],0,991,1440,,0.88,https://www.reddit.com/r/movies/comments/1kfvu00/what_movie_has_the_most_allstar_cast_all_time/,FunShorts,2025-05-25T19:38:31.960916Z
1kihnsb,reddit,"First Poster for Thai Fantasy-Drama 'A Useful Ghost' - After his wife dies due to dust pollution, a man discovers that her spirit has unexpectedly returned in the form of a vacuum cleaner, he embraces it and the pair form an unconventional human-ghost love story.",,2025-05-09T12:49:04Z,movies,movies,entertainment,Entertainment,[],0,987,126,,0.89,https://i.redd.it/57tmwcc06rze1.jpeg,BunyipPouch,2025-05-25T19:38:35.534442Z
1ka2u3x,reddit,"Dev Patel to Direct, Star in Period Revenge Action Thriller ‘The Peasant’ for Fifth Season",,2025-04-28T18:30:10Z,movies,movies,entertainment,Entertainment,[],0,986,87,,0.92,https://www.hollywoodreporter.com/movies/movie-news/dev-patel-to-direct-star-in-the-peasant-1236202431/,NoCulture3505,2025-05-25T19:38:37.051066Z
1krxdz9,reddit,"AMA/Q&A Reminder - Simon Pegg - Wednesday 5/21 (today) at 10:45 AM ET on /r/movies. Actor in 'Shaun of the Dead', 'Mission Impossible', 'Hot Fuzz', 'Star Trek, 'The World's End', 'Ice Age', 'Star Wars', 'Paul', 'Star Wars', and lots more.",,2025-05-21T13:07:46Z,movies,movies,entertainment,Entertainment,[],0,978,35,,0.93,https://i.redd.it/sfg5uyl2w42f1.jpeg,BunyipPouch,2025-05-25T19:38:38.701037Z
1kovsss,reddit,"And the Oscar Goes to … Something the Voters Didn’t Watch, by Amogh Dimri",,2025-05-17T15:35:03Z,movies,movies,entertainment,Entertainment,[],0,971,50,,0.92,https://www.theatlantic.com/ideas/archive/2025/05/oscars-academy-voters-rule/682803/?utm_source=reddit&utm_medium=social&utm_campaign=the-atlantic&utm_content=edit-promo,theatlantic,2025-05-25T19:38:39.749584Z
1k9x39r,reddit,What's a critically panned movie that you just can't help loving?,"For me, it's Roland Emmerich's 10,000 BC. It has 10% on Rotten Tomatoes, and it's based on a crackpot theory about the pyramids from the rear end of Graham Hancock. But somehow, no matter how many times I see this movie, I never get tired of it. The scene where Steven Strait javelins the Pharaoh and shouts ""He is not a god!"" is one of my favourite movie scenes ever. Also, the music is awesome, the filming locations are gorgeous, and the miniature pyramid models used in production are fantastic. So despite the story being illogical and stupid, and the historiography being absolutely batshit, 10,000 BC will always be one of my guilty pleasures.",2025-04-28T14:36:28Z,movies,movies,entertainment,Entertainment,[],0,968,1931,,0.91,https://www.reddit.com/r/movies/comments/1k9x39r/whats_a_critically_panned_movie_that_you_just/,DeepThinkingReader,2025-05-25T19:38:41.076540Z
1kulg3h,reddit,"Live-Action ‘Voltron’ Movie, Starring Henry Cavill, Wraps Filming",,2025-05-24T20:47:52Z,movies,movies,entertainment,Entertainment,[],0,2314,252,,0.95,https://animemojo.com/mecha/voltron/voltron-live-action-movie-wraps-filming-still-no-release-date-a19327,MarvelsGrantMan136,2025-05-25T19:38:45.437850Z
1k7cquy,reddit,Movies that aged like fine wine,"What older movie (20+ years) do you think has aged like fine wine and is even more impressive when watched today?

Network (1976) seemed over-the-top and satirical when it was released, but watching it now feels eerily prophetic about our modern media landscape and reality TV culture. What other older films initially missed the mark but became more relevant with time?",2025-04-25T04:52:21Z,movies,movies,entertainment,Entertainment,[],0,967,1191,,0.9,https://www.reddit.com/r/movies/comments/1k7cquy/movies_that_aged_like_fine_wine/,Bluntfeedback,2025-05-25T19:38:47.933430Z
1kasv3r,reddit,Now You See Me: Now You Don’t - Official Trailer,,2025-04-29T16:55:17Z,movies,movies,entertainment,Entertainment,[],0,964,688,,0.74,https://youtu.be/-E3lMRx7HRQ?si=Nd6x6D3sd56M0ZaB,RobotiSC,2025-05-25T19:38:51.858632Z
1kk96t5,reddit,Michelle Yeoh To Star In Action Film ‘The Surgeon’ For ‘John Wick’ Outfit Thunder Road — Cannes Market,,2025-05-11T19:30:39Z,movies,movies,entertainment,Entertainment,[],0,964,75,,0.91,https://deadline.com/2025/05/michelle-yeoh-surgeon-john-wick-thunder-road-cannes-market-1236392938/,NoCulture3505,2025-05-25T19:38:55.632492Z
1kmow0s,reddit,'Mission: Impossible - The Final Reckoning' - Review Thread,"**'Mission: Impossible - The Final Reckoning' - Review Thread**

* [Rotten Tomatoes](https://www.rottentomatoes.com/m/mission_impossible_the_final_reckoning): 87% (97 Reviews) - Certified Fresh

* Critics Consensus: Gargantuan in action, runtime, and scope, The Final Reckoning is a sentimental sendoff for Ethan Hunt that accomplishes its mission with a characteristic flair for the impossible.

* [Metacritic](https://www.metacritic.com/movie/mission-impossible-the-final-reckoning/): 70 (33 Reviews)

Reviews:

[Hollywood Reporter](https://www.hollywoodreporter.com/movies/movie-reviews/mission-impossible-the-final-reckoning-review-tom-cruise-christopher-mcquarrie-1236215149/) (60):

>If it’s going to be the last we see of one of the most consistently entertaining franchises to come out of Hollywood in the past few decades — a subject about which Cruise and McQuarrie have remained vague — it’s a disappointing farewell with a handful of high points courtesy of the indefatigable lead actor.

[Deadline](https://deadline.com/2025/05/mission-impossible-the-final-reckoning-review-tom-cruise-cannes-1236394481/):

>Is this *really* the end? It’s certainly *an* end, wrapping up seven films’ worth of storylines with a showman’s flourish. What it doesn’t do, though, is rule out another. As Cruise breezes into his mid-60s, it’s hard to imagine him pulling off anything like the high-wire act he achieves here. But the door is still open, and the challenge is there, should anyone else choose to accept it.

[Variety](https://variety.com/2025/film/reviews/mission-impossible-the-final-reckoning-review-tom-cruise-1236396671/) (80):

>It's the most enveloping ""M:I"" film since ""Ghost Protocol,"" because something's at stake. And because Cruise's stunt work is off the hook.

[The Independent ](https://www.the-independent.com/arts-entertainment/films/reviews/mission-impossible-final-reckoning-review-tom-cruise-b2750034.html)(4/5):

>*The Final Reckoning*, final or not, presents us with a fascinating contradiction: Ethan Hunt is both a pure singular and a state of mind. He’s cinema as the madman dreamer’s paradise.

[IndieWire](https://www.indiewire.com/criticism/movies/mission-impossible-the-final-reckoning-review-1235122988/) (50):

>“We make our own destiny,” someone intones during the film’s closing voiceover, and by the end of Ethan Hunt’s story, it’s hard not to take those words to heart. I only wish that Cruise and McQuarrie had managed to make a better one.

[The Wrap](https://www.thewrap.com/author/williambibbiani/) (75):

>If this is the end of the 'Mission: Impossible' movies, they ended on an adequate note.

[IGN](https://www.ign.com/articles/mission-impossible-final-reckoning-review-tom-cruise) (6/10):

>While its action is reliably thrilling and a few of its most exciting sequences are sure to hold up through the years, Mission: Impossible – The Final Reckoning tries to deal with no less than the end of every living thing on the planet – and suffers because of it. The somber tone and melodramatic dialogue miss the mark of what’s made this franchise so much fun for 30 years, but the door is left open for more impossible missions and the hope that this self-serious reckoning isn’t actually final.

[The Guardian](https://www.theguardian.com/film/2025/may/14/mission-impossible-the-final-reckoning-review-tom-cruise-wildly-entertaining-adventure) (5/5):

>It is a wildly silly, wildly entertaining adventure which periodically gives us a greatest-hits flashback montage of the other seven films in the M:I canon - but we still get a brand new, box-fresh Tom-sprinting-along-the-street scene, without which it wouldn’t be M:I. Moreover, this eighth film gives us a terrific new character, US sub commander Capt Bledsoe, played with suavity and the tiniest hint of camp by Tramell Tillman (from TV’s Severance) who has the chops for M:I9 whenever that happens.

[Collider](https://collider.com/mission-impossible-the-final-reckoning-review/) (80):

>The Final Reckoning is stuffed, convoluted, and ludicrous at times. But it’s also mostly a great send-off to this universe, a deserved celebration for everything this series has accomplished, and one final (again, seemingly) showcase for Cruise as one of the greatest action stars of all time.

[Slashfilm](https://www.slashfilm.com/1859165/tom-cruise-mission-impossible-the-final-reckoning-review/) (50):

>And yet, The Final Reckoning is too messy, too awkward, too clumsy. It somehow feels overlong and inert even as it never slows down.

[Screendaily](https://www.screendaily.com/reviews/mission-impossible-the-final-reckoning-review-spy-franchise-wraps-a-self-regarding-double-bill/5204859.article) (70):

>The press notes get the tone of the film best: ”It is impossible to overstate how seismically significant the filmmaking partnership between Tom Cruise and Christopher McQuarrie has been on the direction the *Mission: Impossible* franchise has taken since they first joined forces on it,” they intone. “Or how uniquely potent it is.” *Mission Impossible - The Final Reckoning*, the second instalment in a globally-shot, monumental multi-year concurrent film-making effort which should be lauded for its ambition, knows what popcorn cinema escapism is all about. But, like the perennially defiant Hunt, it sometimes over-estimates its own powers.

Directed by Christopher McQuarrie:

>Ethan Hunt and the IMF team continue their search for the terrifying AI known as the Entity — which has infiltrated intelligence networks all over the globe — with the world’s governments and a mysterious ghost from Ethan’s past on their trail. Joined by new allies and armed with the means to shut the Entity down for good, Hunt is in a race against time to prevent the world as we know it from changing forever.

Cast:

* Tom Cruise as Ethan Hunt
* Hayley Atwell as Grace
* Ving Rhames as Luther Stickell
* Simon Pegg as Benji Dunn
* Henry Czerny as Eugene Kittridge
* Angela Bassett as Erika Sloane
* Esai Morales as Gabriel
* Pom Klementieff as Paris
* Mariela Garriga as Marie
* Pasha Lychnikoff as Captain Koltsov
* Holt McCallany as Serling Bernstein
* Janet McTeer as Walters
* Nick Offerman as General Sidney
* Hannah Waddingham as Admiral Neely
* Shea Whigham as Jasper Briggs
* Greg Tarzan Davis as Degas.
* Charles Parnell as Richards
* Rolf Saxon as William Donloe
* Tommie Earl Jenkins as Colonel Burdick
* Katy O'Brian as Kodiak
* Mark Gatiss as Angstrom, Head of the NSA
* Indira Varma as The Head of the DIA
* Tramell Tillman as Captain Bledsoe
* Lucy Tulugarjuk as Tapeesa",2025-05-14T19:59:05Z,movies,movies,entertainment,Entertainment,[],0,965,680,,0.91,https://www.reddit.com/r/movies/comments/1kmow0s/mission_impossible_the_final_reckoning_review/,MarvelsGrantMan136,2025-05-25T19:38:57.161006Z
1kc7gmz,reddit,Best performance trapped in a bad movie?,"It is, as condescending as it may sound, the ultimate acting compliment for an amazing acting performance to stand out in a bad movie. If you as an actor are the one beacon of hope in an otherwise bleak ocean of mediocrity, you have done your job ten times over. 

So, what are the best examples?

I will die on this hill but Rami Malek as Freddy Mercury in Bohemian Rhapsody absolutely deserved every single ounce of praise that he got. The movie as a whole is wildly inconsistent and definitely is not a great film especially in terms of honouring the legacy of a band as iconic and truly legendary as Queen, but Maleks performance I will to the hilt defend because he put everything he had into the portrayal. In a bad movie, he very much deserved his Oscar win. Fight me. ",2025-05-01T12:26:28Z,movies,movies,entertainment,Entertainment,[],0,959,1138,,0.87,https://www.reddit.com/r/movies/comments/1kc7gmz/best_performance_trapped_in_a_bad_movie/,PriestofJudas,2025-05-25T19:39:01.155716Z
1kri8gy,reddit,Chiwetel Ejiofor & Cristin Milioti Eyed To Star In ‘The Backrooms’ At A24,,2025-05-20T22:32:52Z,movies,movies,entertainment,Entertainment,[],0,937,76,,0.93,https://deadline.com/2025/05/the-backrooms-chiwetel-ejiofor-cristin-milioti-eyed-to-star-a24-1236406671/,MarvelsGrantMan136,2025-05-25T19:39:04.983514Z
1kht20y,reddit,"‘Lord of the Rings: The Hunt for Gollum’ Sets December 17, 2027 Release Date; Warner Bros. Also Dates New ‘Evil Dead’ (July 24, 2026) and M. Night Shyamalan's Next Movie (October 23, 2026)",,2025-05-08T15:33:15Z,movies,movies,entertainment,Entertainment,[],0,944,309,,0.88,https://variety.com/2025/film/news/lord-of-the-rings-the-hunt-for-gollum-release-date-december-2027-1236390820/,MarvelsGrantMan136,2025-05-25T19:39:06.475362Z
1kmjwa0,reddit,Nicholas Hoult is so great.,"The guy has really been becoming one of my favorite actors in the past couple years. The guy is just so watchable and he is great in everything. Juror 2, Nosferatu, The Menu etc. I watched the new Superman trailer and I can tell that he’s gonna crush this role as Lex Luthor! He’s one of those actors now that when I hear that he’s in something, it immediately peaks my interest. Dude just has a likability and a charisma. He might be the best Lex Luthor since Gene Hackman!",2025-05-14T16:40:50Z,movies,movies,entertainment,Entertainment,[],0,935,219,,0.9,https://www.reddit.com/r/movies/comments/1kmjwa0/nicholas_hoult_is_so_great/,These_Feed_2616,2025-05-25T19:39:09.494619Z
1ksi7eo,reddit,"What’s your “I don’t know what to watch, so I’ll just watch this again” movie?","You know the one.  
Not necessarily your favorite movie(it could be), or the best movie ever made but just the one that’s always there when your brain is tired, your food’s getting cold, and you don’t feel like making a decision.

Could be comfort. Could be nostalgia. Could just be vibes.

What movie do you keep going back to when you’re overwhelmed by options but still want to feel something?

Bonus points if it’s weirdly specific or not what people expect.",2025-05-22T04:36:20Z,movies,movies,entertainment,Entertainment,[],0,932,2059,,0.93,https://www.reddit.com/r/movies/comments/1ksi7eo/whats_your_i_dont_know_what_to_watch_so_ill_just/,EnvironmentalZone189,2025-05-25T19:39:11.521871Z
1kd42id,reddit,New Character Posters for 'The Fantastic Four: First Steps',,2025-05-02T15:39:22Z,movies,movies,entertainment,Entertainment,[],0,921,133,,0.88,https://i.redd.it/txenz5l32eye1.jpeg,MarvelsGrantMan136,2025-05-25T19:39:15.297252Z
1krh6n9,reddit,Snatch (2000) is so rewatchable,"I absolutely love this film and the characters in it. It’s so rewatchable and I can watch it in any mood I’m in. The characters are so colorful and memorable. My personal favorites are Cousin Avi, Bullet Tooth Tony, Boris The Blade, and Brick Top. I’m American but I love British humor and this movie is filled with so many great quotes and one liners and the editing is so fucking cool as well!",2025-05-20T21:47:03Z,movies,movies,entertainment,Entertainment,[],0,923,246,,0.94,https://www.reddit.com/r/movies/comments/1krh6n9/snatch_2000_is_so_rewatchable/,These_Feed_2616,2025-05-25T19:39:17.223032Z
1ka2dmk,reddit,Ben Affleck visits the Criterion Closet,,2025-04-28T18:11:30Z,movies,movies,entertainment,Entertainment,[],0,915,202,,0.84,https://www.youtube.com/watch?v=3TJ2BlReus0,Planatus666,2025-05-25T19:39:19.696846Z
1klhzv6,reddit,What is the most unnecessary sequel of all time?,"There’s countless unnecessary sequels but which one stands out the most to you? 

The most obvious one for me is The Hangover sequels. Admittedly, they’re still pretty fun at times but leaving the first movie as a standalone would have been a much wiser decision in my opinion. They undoubtedly tarnished the original. ",2025-05-13T09:55:17Z,movies,movies,entertainment,Entertainment,[],0,916,1943,,0.89,https://www.reddit.com/r/movies/comments/1klhzv6/what_is_the_most_unnecessary_sequel_of_all_time/,FilmWaffle-FilmForum,2025-05-25T19:39:22.532573Z
1ko7ecp,reddit,'Howard the Duck' Documentary About Marvel's Disastrous First Theatrical Feature Acquired by Anchor Bay,,2025-05-16T17:58:42Z,movies,movies,entertainment,Entertainment,[],0,915,107,,0.96,https://collider.com/howard-the-duck-documentary-theatrical-release-anchor-bay/,Minifig81,2025-05-25T19:39:26.436438Z
1kefv07,reddit,Which actor shocked you with an unexpectedly great performance?,"I have seen actors performance performances that completely changed how I saw them in ways I didnt expect. Maybe it was a comedic actor suddenly showing the dramatic talent, or a side character stealing the spotlight. Im always fascinated by those moments when an actor breaks free of what we expect and delivers something raw, powerful, and unforgettable. Which performance truly shocked you and why ? I would love to hear examples that made you rethink everything you thought you knew about that actor.",2025-05-04T09:30:08Z,movies,movies,entertainment,Entertainment,[],0,918,1827,,0.9,https://www.reddit.com/r/movies/comments/1kefv07/which_actor_shocked_you_with_an_unexpectedly/,AvailableReality557,2025-05-25T19:39:27.915160Z
1kobwzk,reddit,"Bruce Springsteen Biopic ‘Deliver Me From Nowhere’ Lands October 24, 2025 Release Date",,2025-05-16T21:08:16Z,movies,movies,entertainment,Entertainment,[],0,896,92,,0.89,https://variety.com/2025/film/news/bruce-springsteen-deliver-me-from-nowhere-release-date-1236401167/,KillerCroc1234567,2025-05-25T19:39:32.204969Z
1kqinfa,reddit,‘The Day The Earth Blew Up: A Looney Tunes Movie’ Sets Max Premiere Date - June 27,,2025-05-19T18:07:48Z,movies,movies,entertainment,Entertainment,[],0,902,42,,0.95,https://deadline.com/2025/05/the-day-the-earth-blew-up-a-looney-tunes-movie-premiere-date-max-1236404732/,MarvelsGrantMan136,2025-05-25T19:39:33.987590Z
1kknfrh,reddit,Could it be true that George Lucas made and released several “secret films” that hardly anyone has seen?,"I was talking to a movie nerd friend on the weekend who is currently working as a camera assistant in Hollywood. He told me that there's a rumor that George Lucas has shot and released two or three small art-house type movies since selling Lucasfilm. However, those were shot under pseudonyms and hard NDAs for everyone involved. Which is why hardly anyone has seen or noticed them?

Can that really be the case?

",2025-05-12T08:30:53Z,movies,movies,entertainment,Entertainment,[],0,901,264,,0.86,https://www.reddit.com/r/movies/comments/1kknfrh/could_it_be_true_that_george_lucas_made_and/,GrueneWiese,2025-05-25T19:39:35.098867Z
1ks29ck,reddit,Michael B. Jordan to Receive American Cinematheque Award,,2025-05-21T16:30:34Z,movies,movies,entertainment,Entertainment,[],0,891,90,,0.85,https://www.hollywoodreporter.com/movies/movie-news/michael-b-jordan-american-cinematheque-award-1236223421/,NoCulture3505,2025-05-25T19:39:39.021836Z
1ko818g,reddit,New Image from 'EXIT 8' - Live-action adaptation of the popular walking simulator game,"A man trapped in a endless sterile subway passageway sets out to
find Exit 8. The rules of his quest are simple: do not overlook anything
out of the ordinary. If you discover an anomaly, turn back immediately.
If you don’t, carry on. Then leave from Exit 8.
But even a single oversight will send him back to the beginning. Will
he ever reach his goal and escape this infinite corridor?",2025-05-16T18:24:18Z,movies,movies,entertainment,Entertainment,[],0,891,77,,0.92,https://i.redd.it/x1eux1sds61f1.png,mayukhdas1999,2025-05-25T19:39:41.048527Z
1krd4cy,reddit,Carey Mulligan Joins Greta Gerwig’s ‘Narnia’ (Exclusive),,2025-05-20T19:00:36Z,movies,movies,entertainment,Entertainment,[],0,890,148,,0.9,https://www.hollywoodreporter.com/movies/movie-news/carey-mulligan-joins-greta-gerwigs-narnia-exclusive-1236214317/,ChiefLeef22,2025-05-25T19:39:42.584211Z
1kf6vtd,reddit,What movies pulled the ultimate “uno reverse” card?,"Recently watched a movie called Stranger Darling (2023) expecting your typical run of the mill slasher. The non-linear storytelling made me think the guy was the serial killer, turns out it was the supposed “damsel in distress” the whole time. 

What other movies tricked you into believing something only to do a complete 180? ",2025-05-05T08:54:04Z,movies,movies,entertainment,Entertainment,[],0,888,699,,0.86,https://www.reddit.com/r/movies/comments/1kf6vtd/what_movies_pulled_the_ultimate_uno_reverse_card/,FilmWaffle-FilmForum,2025-05-25T19:39:45.182047Z
1k7ix5u,reddit,"Sam Raimi’s Survival Horror ‘SEND HELP’, Starring Dylan O’Brien & Rachel McAdams, Has Wrapped Filming",,2025-04-25T11:46:51Z,movies,movies,entertainment,Entertainment,[],0,873,39,,0.94,https://www.fangoria.com/sam-raimi-send-help-wrapped-filming/,MarvelsGrantMan136,2025-05-25T19:39:49.164166Z
1krn19a,reddit,"Kathleen Hughes, ‘It Came From Outer Space’ Scream Queen, Dies at 96",,2025-05-21T02:29:52Z,movies,movies,entertainment,Entertainment,[],0,865,12,,0.94,https://variety.com/2025/film/news/kathleen-hughes-dead-it-came-from-outer-space-1236405368/,BunyipPouch,2025-05-25T19:39:50.255371Z
1ks5ktf,reddit,Dwayne Johnson Joins 'Breakthrough' Thriller At A24,,2025-05-21T18:42:10Z,movies,movies,entertainment,Entertainment,[],0,855,245,,0.76,https://deadline.com/2025/05/dwayne-johnson-joins-breakthrough-thriller-at-a24-1236406725/,NoCulture3505,2025-05-25T19:39:51.211322Z
1khtpve,reddit,The Conjuring: Last Rites | Official Teaser,,2025-05-08T16:00:41Z,movies,movies,entertainment,Entertainment,[],0,848,237,,0.84,https://www.youtube.com/watch?v=FSAz556s0fM,NoCulture3505,2025-05-25T19:39:53.780646Z
1kgzkus,reddit,HONEY DON'T - Official Trailer [HD] - Only in Theaters August 22,,2025-05-07T15:03:39Z,movies,movies,entertainment,Entertainment,[],0,848,197,,0.92,https://www.youtube.com/watch?v=Jzr6pHIZAI0,NoCulture3505,2025-05-25T19:39:55.908469Z
1kg65vl,reddit,A24's 'Friendship' - Review Thread,"*A man tries to befriend his charismatic new neighbour, but it soon threatens to ruin both of their lives.*  
  
Director: Andrew DeYoung

Cast: Tim Robinson, Paul Rudd, Kate Mara, Jack Dylan Grazer

**Rotten Tomatoes:** [91%](https://www.rottentomatoes.com/m/friendship_2024)

**Metacritic:** [78/100](https://www.metacritic.com/movie/friendship/critic-reviews/)

Some Reviews:

[Chase Hutchinson - ](https://www.rottentomatoes.com/critics/chase-hutchinson)[TheWrap](https://www.rottentomatoes.com/critics/source/2205) 

>Never could the story be described as a series of sketches haphazardly stitched together as many comedies can fall into being. It looks and feels like a drama that is coming apart at the seams as Robinson careens his way through it.

[Fred Topel - ](https://www.rottentomatoes.com/critics/fred-topel)[United Press International](https://www.rottentomatoes.com/critics/source/2795)

>In Friendship, the world around Craig reacts appropriately to his inappropriate behavior. So whereas an Adam Sandler character, or Bill Murray before him, would endear himself to the audience, Craig just digs himself deeper and deeper.

[Marshall Shaffer ](https://www.rottentomatoes.com/critics/marshall-shaffer)\- [Slant Magazine](https://www.rottentomatoes.com/critics/source/821) \- 3/4

>But even for those in the audience whose mileage only goes so far with Robinson’s schtick, *Friendship* has more to offer than cringe-inducing, often bawdy humor. He and DeYoung expertly skewer the rituals that trap men in prisons of consumption and estrange them from their emotions. The film is deeply attuned to male malaise, though it steers away from offering anything resembling an overly academic thesis about its roots. More than anything, *Friendship* makes the conditions of modern masculinity feel as weird to watch as they are to understand

[Variety](https://www.rottentomatoes.com/critics/source/466) \- [Owen Gleiberman](https://www.rottentomatoes.com/critics/owen-gleiberman)

>Robinson’s brand of middle-class psycho surrealism works perfectly in bite-size sketch-comedy doses. Stretched out to feature length, a character like Craig simply stops making sense.

[AV Club](https://www.rottentomatoes.com/critics/source/833) \- [Jacob Oller](https://www.rottentomatoes.com/critics/jacob-oller) \- B-

>But it all relies on the chemistry between the abrasive Robinson and the too-cool Rudd. Their dynamic, either playing off each other or playing with the idea of each other when they’re not sharing the screen, is strong, and DeYoung keeps them both contained to the right frequencies throughout the film. I certainly wish Kate Mara had more to do, or even to react to, as Craig’s wife, but she makes her moments count. And, for better or for (much, much) worse, *Friendship* is one for the boys.



",2025-05-06T14:40:06Z,movies,movies,entertainment,Entertainment,[],0,857,420,,0.94,https://www.reddit.com/r/movies/comments/1kg65vl/a24s_friendship_review_thread/,ChiefLeef22,2025-05-25T19:39:59.032048Z
1kkrwqo,reddit,F1 — Official Trailer 2 | Apple TV+,,2025-05-12T13:00:13Z,movies,movies,entertainment,Entertainment,[],0,848,345,,0.86,https://www.youtube.com/watch?v=n-MDGqexqjQ,NoCulture3505,2025-05-25T19:40:04.001380Z
1kkaqoe,reddit,What are some of the best revenge lines you've heard in a movie?,"Star Trek  II: The Wrath of Khan

After being completely out manuvered by his nemesis James T. Kirk. Khan, played by Richardo Montalban, has one last move he can make. Bloodied and filled with hatred, he clutches the detonation device for project Genesis. On the view screen he can see that the Enterprise is badly damaged and only able to slowly limp away. Knowing that they will not be able to outrun the blast once detonated, Khan delivers a line from Herman Melville's novel Moby Dick.

""To the last, I will grapple with thee... from Hell's heart, I stab at thee! For hate's sake, I spit my last breath at thee!""

This moment of hate filled vengeance is absolutely incredible. What are some of your favorites?",2025-05-11T20:38:10Z,movies,movies,entertainment,Entertainment,[],0,835,487,,0.94,https://www.reddit.com/r/movies/comments/1kkaqoe/what_are_some_of_the_best_revenge_lines_youve/,Sp00kbee,2025-05-25T19:40:08.313519Z
1kcgsxq,reddit,OCEAN WITH DAVID ATTENBOROUGH | OFFICIAL TRAILER,,2025-05-01T19:05:21Z,movies,movies,entertainment,Entertainment,[],0,840,36,,0.96,https://www.youtube.com/watch?v=cIZAdCtKT_g,randolphquell,2025-05-25T19:40:13.067861Z
1kkb4ok,reddit,The Big Lebowski has more picture in the 4:3 version than the 16:9 widescreen cut,"So I was going through some old DVDs to back them up to my media server and popped in The Big Lebowski. Noticed the disc has two video tracks one in 4:3 and the other in 16:9 widescreen. I figured the 16:9 one was the “real” version since that’s what was apperantly shown in theaters.

But I realized the 4:3 version actually shows more of the image vertically kind of like an IMAX movie. -> look at the beer bottle at the top

I always thought 4:3 versions were just cropped in some way, but apparently not in this case. I’m debating which one to keep. I’m leaning towards the 4:3 because... well, more picture.

https://preview.redd.it/a47xpn9ku70f1.jpg?width=1080&format=pjpg&auto=webp&s=d32802ce8387b3bb9728ffefd6f0ae73e9e2609a

Since I can only add one picture here the scene in 16:9: [click](https://www.reddit.com/media?url=https%3A%2F%2Fpreview.redd.it%2Fthe-big-lebowski-dvd-has-more-picture-in-the-4-3-version-v0-u4rhg5m9u70f1.png%3Fwidth%3D2559%26format%3Dpng%26auto%3Dwebp%26s%3D08d83c5ff43a2868b084e8c467064a6e2f124983)

or as a youtube clip: [https://www.youtube.com/watch?v=gk5WiQWOXtY](https://www.youtube.com/watch?v=gk5WiQWOXtY)",2025-05-11T20:55:16Z,movies,movies,entertainment,Entertainment,[],0,829,138,,0.89,https://www.reddit.com/r/movies/comments/1kkb4ok/the_big_lebowski_has_more_picture_in_the_43/,desiigner1,2025-05-25T19:40:14.501509Z
1kc4v3v,reddit,Which movie would you be dead within the first 10 minutes?,"I was discussing this with some friends yesterday : you know those movies where you just know you wouldn’t last ten minutes? Like, if I were in Jurassic World, I would probably be the one who, in a panic, locks themselves in the wrong pen... and finds out too late that I’m surrounded by velociraptors.",2025-05-01T09:49:59Z,movies,movies,entertainment,Entertainment,[],0,826,791,,0.9,https://www.reddit.com/r/movies/comments/1kc4v3v/which_movie_would_you_be_dead_within_the_first_10/,Dragon_kawai,2025-05-25T19:40:16.548025Z
1kl1kiz,reddit,"What movie did you love as a child, only to find out that it's critically trashed?","Cat in the Hat. It's full of whimsy, with great set and costume design. I would’ve loved to visit a Cat in the Hat-themed park. Mike Myers delivered the perfect blend of quirky and weird—a weirdass giant cat wreaking havoc in a suburban house inhabited by two children.


Why did the critics hate this?


I just looked it up, it said it was criticized for having adult humor. Good thing I didn't understand shit lol. Yeah, maybe don't put weird jokes on children's movies. The movie's critical and box office failure led to cancellation of all future live-action adaptations of Dr. Seuss works lmaooooo.
",2025-05-12T19:29:22Z,movies,movies,entertainment,Entertainment,[],0,803,1261,,0.9,https://www.reddit.com/r/movies/comments/1kl1kiz/what_movie_did_you_love_as_a_child_only_to_find/,offline55555,2025-05-25T19:40:20.710421Z
1klppoq,reddit,'Final Destination: Bloodlines' - Review Thread,"*Plagued by a violent and recurring nightmare, a college student heads home to track down the one person who might be able to break the cycle of death and save her family from the grisly demise that inevitably awaits them all.*

Director: Zach Lipovsky, Adam Stein

**Rotten Tomatoes:** [94%](https://www.rottentomatoes.com/m/final_destination_bloodlines)

**Metacritic:** [75/100](https://www.metacritic.com/movie/final-destination-bloodlines/)

Some Reviews:

[The Hollywood Reporter - Frank Schech](https://www.hollywoodreporter.com/movies/movie-reviews/final-destination-bloodlines-review-1236214028/)

>It’s not whether but *how* the victims will die that gives these films their juice, and *Final Destination Bloodlines* doesn’t disappoint. It does get bogged down in a tedious plotline revolving around dysfunctional family dynamics that makes you impatient for the deaths to start coming. But once they do, the grisly fun resumes. The gory set pieces, involving such things as a lawnmower, a garbage truck, and, most spectacularly, an MRI machine, are so cleverly orchestrated that the audience at the preview screening applauded each one as if they were song-and-dance numbers. The combination of CGI and practical effects works seamlessly, and the sequences are sadistically edited for maximum tension, which is thankfully relieved by frequent doses of mordant humor.

[DEADLINE - Gregory Nussen](https://deadline.com/2025/05/final-destination-bloodlines-review-1236394628/)

>It’s a raucously good time, replete with enough subtle nods to previous entries and cheekily placed music cues for the most loyal of the franchise’s fans. That it also includes some genuinely heartfelt moments, including a nicely written farewell to the series’ lone consistent member William Bludworth (the late, truly great Tony Todd), is a delicious cherry on top of this reliable, horrific recipe dripping in blood and guts.

[IGN - Tom Jorgensen](https://www.ign.com/articles/final-destination-bloodlines-review) \- 8/10 (Great)

>In Final Destination: Bloodlines, death is the life of the party. There’s little novelty to the boilerplate family trauma plot of this sixth Final Destination movie, but what its comedy-forward take on the franchise’s established formula lacks in thematic depth, it more than makes up for with delightful, well-designed kills and boundless gallows humor. A testament to the powerful, simple joy of a well-executed setup and payoff, Bloodlines’ lethal Rube Goldberg machines are tactile and satisfying, benefiting from a solid blend of goopy practical and visual effects. It’s a fantastic jumping-on point for new fans, but the Final Destination faithful are well taken care of with cheeky references to previous movies and a truly poignant farewell from one of the horror genre’s late kings, Tony Todd.

[The Guardian - Radheyan Simonpillai](https://www.theguardian.com/film/2025/may/13/final-destination-bloodlines-review-horror) \- 4/5

>Where Bloodlines excels is in the clever and often diabolical storytelling craft and visuals. There’s a decadence in the film-making that isn’t at odds with the campy nature of Final Destination but instead realizing its full potential.

[AV Club - Jacob Oller ](https://www.avclub.com/final-destination-bloodlines-review)\- B-

>As the *Final Destination* films have continued on, they’ve gotten meaner, less superficially concerned with survival and more explicitly giddy at the prospect of a nasty death trap or a jumpy “crushed by a huge thing in an instant” reversal. *Final Destination Bloodlines* embraces this late-period slasher-minus-slasher construction, with Lipovsky and Stein eagerly constructing deaths into applause moments celebrated with the same bursts of bloody confetti. These movies are built to be splattery supercuts showcasing the warped imaginations of horror filmmakers and special effects professionals, exploiting the call of the void that everyday objects can sound throughout our lives. *Bloodlines* does so playfully and lightly, without getting bogged down by franchise lore or pesky cinematic tropes like “characters.” The long gap between series entries means the film doesn’t need to subvert expectations, but merely play into them—in doing so, it’s a success as simple as its death traps are convoluted.

[Next Best Picture - Josh Parham](https://nextbestpicture.com/final-destination-bloodlines/) \- 7/10

>This franchise loves to utilize the wind as an element to signal death’s encroaching presence. It was easy to fall into parody before, but there, it was deployed in a manner that is both unsettling and ludicrous. That is the perfect summation of this film. It swerves towards originality in some places and doesn’t break the mold in others, but it has a firm grasp on exuberant violence that will captivate a cheering audience that revels in a character being squashed under a falling piano. If you’re that type of sicko, then this one will be one of the better rides this series has to offer.",2025-05-13T16:02:11Z,movies,movies,entertainment,Entertainment,[],0,799,326,,0.93,https://www.reddit.com/r/movies/comments/1klppoq/final_destination_bloodlines_review_thread/,ChiefLeef22,2025-05-25T19:40:25.010880Z
1kpqvsx,reddit,What movie were you SUPER hyped for that turned out to be...something else entirely.,"Not necessarily ""they said it was gonna be good, but it was actually bad."" Any movie you feel was kind of built up on a certain sales pitch that ended up being something completely different when you watched it?

For me, something like ""Bad Times At The El Royale"" comes to mind, where i feel like i was sold a quirky, weird, all-out-gun-fest like Smoking Aces, but experienced a more subdued, measured, and secretive movie. Being in the wrong headspace going in kinda made me feel like i got ripped off.",2025-05-18T18:31:41Z,movies,movies,entertainment,Entertainment,[],0,788,1359,,0.92,https://www.reddit.com/r/movies/comments/1kpqvsx/what_movie_were_you_super_hyped_for_that_turned/,schlongjohnson69,2025-05-25T19:40:28.242106Z
1ko4ar6,reddit,Lionsgate’s ‘Ballerina’ Sets Russia Release as Studios Say Cold War Thaw Is ‘Inevitable’ (EXCLUSIVE),,2025-05-16T15:52:18Z,movies,movies,entertainment,Entertainment,[],0,787,209,,0.85,https://variety.com/2025/film/global/ballerina-russia-release-studios-cold-war-thaw-inevitable-1236397121/,CourtofTalons,2025-05-25T19:40:33.323624Z
1kh7nng,reddit,Have you ever seen someone get legit angry at a movie?,"Have you ever seen someone actually get really mad at a movie or have you yourself done this? yell at the screen or shake your fist in anger or just show visible disgust? I've never myself, but I remember My dad, who was an angry man, for 2 movies. The very end of Pleasantville, He got pretty pissed off at that. and also Atonement the twist He waved his hand at the screen In disgust, when he realized what was going on. And both times I thought it was really funny.",2025-05-07T20:27:21Z,movies,movies,entertainment,Entertainment,[],0,782,1649,,0.91,https://www.reddit.com/r/movies/comments/1kh7nng/have_you_ever_seen_someone_get_legit_angry_at_a/,Ghostmoderator,2025-05-25T19:40:35.647072Z
1kppsfe,reddit,What movie is proof you should never judge a movie by its cover?,"Thought I’d make this post after watching Tucker & Dale vs Evil. Expected a typical b-movie slasher, turns out it’s way more than that. Genuinely funny, likeable characters and a wildly entertaining plot. It gave me Cabin in the Woods vibes. 

What movies are great examples of not judging a movie by its cover/first impressions? ",2025-05-18T17:45:30Z,movies,movies,entertainment,Entertainment,[],0,769,489,,0.92,https://www.reddit.com/r/movies/comments/1kppsfe/what_movie_is_proof_you_should_never_judge_a/,FilmWaffle-FilmForum,2025-05-25T19:40:40.171699Z
1kj980j,reddit,"New images of Alison Brie & Dave Franco in Neon's ""TOGETHER""; scheduled to release on 30.7.2025",,2025-05-10T12:33:35Z,movies,movies,entertainment,Entertainment,[],0,771,56,,0.86,https://i.redd.it/w4q0jofc8yze1.jpeg,clubofab7,2025-05-25T19:40:43.912610Z
1kcjlj4,reddit,Yorgos Lanthimos and Emma Stone’s ‘Bugonia’ Sets New Fall Release Date (October 31st),,2025-05-01T21:03:58Z,movies,movies,entertainment,Entertainment,[],0,767,109,,0.92,https://variety.com/2025/film/news/yorgos-lanthimos-emma-stone-bugonia-new-fall-release-date-1236384269/,KillerCroc1234567,2025-05-25T19:40:45.042627Z
1kqcax6,reddit,What movie made you think “what on earth did I just watch?”,"I don’t necessarily mean in a good or bad way either. Just something that left you so gobsmacked you weren’t sure whether you loved it or hated it. 

Sorry to Bother You is a good example. I watched it recently after seeing a lot of people saying how crazy it was. It’s safe to say, I was not disappointed. Over the past week or two I’ve grown to appreciate it but after my first watch, I wasn’t entirely sure what to think. ",2025-05-19T13:55:22Z,movies,movies,entertainment,Entertainment,[],0,769,1837,,0.91,https://www.reddit.com/r/movies/comments/1kqcax6/what_movie_made_you_think_what_on_earth_did_i/,FilmWaffle-FilmForum,2025-05-25T19:40:46.708069Z
1ko0i6o,reddit,"What’s a movie that you loved growing up, but then you showed it to your kids and were all excited but your kids were like “really dad?” (Or mom)","For me it was “The Jerk” with Steve Martin. I hyped it up as the funniest thing ever. The kids were completely bored and left the room one by one. They didn’t laugh once, and I felt embarrassed for making such a big deal out of it. 

It kind of ruined the movie for me and made me question my tastes.

What is that movie for you?",2025-05-16T13:12:19Z,movies,movies,entertainment,Entertainment,[],0,771,880,,0.95,https://www.reddit.com/r/movies/comments/1ko0i6o/whats_a_movie_that_you_loved_growing_up_but_then/,NationalDisgrace40,2025-05-25T19:40:50.495291Z
1kuc26w,reddit,"There's few characters in cinema who are a big and as entertaining a loser as Jerry Lundegaard in ""Fargo."" Not only is William H. Macy one of the best casting choices ever, but a big part of the film's appeal is just watching him mess up EVERYTHING.","I fully understand why Macy was so determined to play this role that he jokingly threatened to shoot the Coens' dogs if he didn't get it. Not only is Macy one of the best actors ever at playing this kind of character (see ""The Cooler"" for another excellent example), but Jerry is just such a screw-up at everything he does. Right from the beginning, his whole ""kidnap my own wife"" plan is so half-baked and inane that the very crooks he hires to do it are dubious about it. Think of how many ways he screws up:

1. He hired Carl and Gaer on reference from someone at work (who only knows the latter and won't vouch for the former), knowing nothing about them or how competent they may be.(Short answer; not very.)

2. Because of that, he can't contact them to call off the kidnapping when it looks like he might not need it done.

3. He's amazed when his father in law, who is established from the beginning to not care much for him, won't just give him $750,000 with no strings attached.

4. His mumbled excuses to the GM lawyer about the serial numbers to the non-existent cars he scammed them with. (""Those're in the mail!"")

5. His plan revolving around being able to deliver the ransom himself and therefore cut out most of it to keep, never realizing that his stubborn and controlling father in law (who, again, DOES NOT LIKE YOU, JERRY) might demand on doing it himself. And sure enough...

And so on. And watching Jerry constantly fail and lose it is one of the great pleasures of the film, like when he impotently attacks his ice-covered windshield in rage or how his office blinds look like prison bars. Frequently, a character like this might bring about sympathy for his misfortunes, but not Jerry. Not only is he a loser, but his troubles are all self-inflicted. And in the end, when it all comes down on him, it feels earned and very satisfying.

Even though he did manage to knock off $100 on the truecoat. You did accomplish that, Jerry.

",2025-05-24T13:49:11Z,movies,movies,entertainment,Entertainment,[],0,835,164,,0.94,https://www.reddit.com/r/movies/comments/1kuc26w/theres_few_characters_in_cinema_who_are_a_big_and/,Mst3Kgf,2025-05-25T19:40:54.518487Z
1knit7c,reddit,'Hurry Up Tomorrow' - Review Thread,"*A musician plagued by insomnia is pulled into an odyssey with a stranger who begins to unravel the very core of his existence.*

Cast: The Weekend, Jenna Ortega, Barry Keoghan

**Rotten Tomatoes:** [0%](https://www.rottentomatoes.com/m/hurry_up_tomorrow/reviews)

**Metacritic:** [29%](https://www.metacritic.com/movie/hurry-up-tomorrow/)

Some Reviews:

[AV Club - Jesse Hassenger](https://www.avclub.com/hurry-up-tomorrow-review)

>*Hurry Up Tomorrow* is pure shtick, none of it funny. Shults changes aspect ratios and halfheartedly revives some 360-degree shots from *Waves*. Tesfaye grapples self-pityingly with his weaknesses. Keoghan natters. Everyone sheds elegant tears when recalling the vague traumas of their backstory. The movie is 105 minutes long and would feel stretched thin even if cut down to the cutscene bookends of a music video. It is a thing you can see, technically.

[RogerEbert - Clint Worthington](https://www.rogerebert.com/reviews/hurry-up-tomorrow-weeknd-jenna-ortega-movie-review-2025) \- 0.5/5

>“Hurry Up Tomorrow” takes its star’s caterwauling about how *hard* it is to be famous and heartbroken for granted, and expects its audience to roll with every self-inflicted wound. It’s vapid, meandering, and insistent on its own profundity as a tale of an artist reckoning with fame. If you’re looking for a pop star prodding at his image, turn to the far superior “[Better Man](https://www.rogerebert.com/reviews/better-man-robbie-williams-film-review)“; at least Robbie Williams has a sense of humor about his personal foibles. The Weeknd expects you to clap when he weeps.

[Reel Talk with Chuck and Pam](https://www.rottentomatoes.com/critics/source/3848) \- [Charles Koplinski ](https://www.rottentomatoes.com/critics/charles-koplinski)\- 0/5

>You don’t watch this film so much as try to survive it.

[BloodyDisgusting - Meagan Navarro](https://bloody-disgusting.com/reviews/3868604/hurry-up-tomorrow-review-an-exhausting-psychological-exercise-in-vanity/) \- 1.5/5

>What’s meant more as a baptism by fire that could double as a metaphorical rebirth instead rings hollow. That Shults and Tesfaye opt for a more experimental, emotion-driven form of visual storytelling over conventional narrative further alienates. It all makes for an exhausting show of empty vanity.

[Toronto Star - Alexander Mooney](https://www.thestar.com/entertainment/movies/the-weeknds-hurry-up-tomorrow-is-a-laughable-psychodrama-thats-not-only-bad-its-boring/article_953efb71-c023-4616-908a-e0cc601b9a16.html) \- 0.5/4

>The film’s circuitous narrative takes two agonizing hours to unveil its true colours, with desperate, borrowed abstractions striving to ennoble the flailing creative endeavours of the artist whose subconscious we’re trapped in. “Hurry Up Tomorrow” is remarkable in its ceaseless and shameless capacity for failure, constantly finding new and innovative ways to fall flat on its face.

[Globe & Mail - Brad Wheeler](https://www.theglobeandmail.com/arts/film/reviews/article-hurry-up-tomorrow-is-an-eye-acting-exhibition-and-moody-music-video/)

>In one way or another, Tesfaye has been telling this story of toxic relationships and inner unrest through the Weeknd his whole career. He has hinted that he would be putting the stage persona to rest. If this film is any indication, it needs to happen tomorrow.

[We Live Entertainment](https://www.rottentomatoes.com/critics/source/2789) \- [Aaron Neuwirth](https://www.rottentomatoes.com/critics/aaron-neuwirth) \- 'D'

>The intensity that should seemingly be shared by Tesfaye and Ortega doesn’t quite emerge as effectively as needed. Instead, there seems to be some dark comedy on display, intentional or not, that undercuts the results.",2025-05-15T20:41:55Z,movies,movies,entertainment,Entertainment,[],0,764,502,,0.93,https://www.reddit.com/r/movies/comments/1knit7c/hurry_up_tomorrow_review_thread/,ChiefLeef22,2025-05-25T19:40:56.581036Z
1kdzoml,reddit,"AMA/Q&A Announcement - Joel McHale - Wednesday 5/21 at 3:00 PM ET - Actor and comedian from 'Community', 'The Soup', 'Animal Control', 'Becky', 'California King', 'Ted', 'The Bear', 'A Futile and Stupid Gesture', and much more.",,2025-05-03T18:28:33Z,movies,movies,entertainment,Entertainment,[],0,762,82,,0.87,https://i.redd.it/4ikuo5fw0mye1.png,BunyipPouch,2025-05-25T19:41:00.385658Z
1kc9aze,reddit,Movies that spoil other movies?,"I'm currently in the hospital with my wife for the birth of our second child. To take her mind off labor pain, we watched one of her favorite cheesey movies - *50 First Dates*. As we watched it, I picked up on something I hadn't noticed in previous viewings.

There is a scene where Drew Barrymore's character Lucy invites her dad and brother to watch *The Sixth Sense*, which is new to her but not them (due to her memory problems). When talking about it afterwards, Lucy says something like ""I can't believe Bruce Willis was a ghost the whole time!"", thus spoiling the ending of that movie. 

It caught me off guard because it was so blatant. But that got me wondering: are there other examples of a movie spoiling a different, completely unrelated movie? ",2025-05-01T13:54:19Z,movies,movies,entertainment,Entertainment,[],0,756,256,,0.93,https://www.reddit.com/r/movies/comments/1kc9aze/movies_that_spoil_other_movies/,G_Force,2025-05-25T19:41:02.393665Z
1ka4hm3,reddit,What’s the best line from a character who only had one line in a movie?,"Was thinking about this after rewatching *Air Force One* (1997). There’s this random military guy who gets his one moment and absolutely nails it:

>**“Liberty 2-4 is changing call signs! Liberty 2-4 is now Air Force One!”**

Gives me chills every time. Dude had one job and he crushed it.

  
What’s your favorite example of an actor or character getting just *one* line, but it being super memorable? Could be serious, funny, iconic, whatever.",2025-04-28T19:38:14Z,movies,movies,entertainment,Entertainment,[],0,755,605,,0.92,https://www.reddit.com/r/movies/comments/1ka4hm3/whats_the_best_line_from_a_character_who_only_had/,Professional_Rent261,2025-05-25T19:41:05.216617Z
1ktmvlm,reddit,Which moment in a Disney live-action remake most misses the point of the original?,"Freezing take: the disney live-action remakes aren't very good. But I think what's most frustrating about these movies is how often it seems that the people tasked with recreating those classic movies don't seem to understand why the original movies were the way they were in the first place.

So, often, you have times where they will change a certain plot point without understanding why that plot point was important in the original, or the consequences that it has for the rest of the story. Or, on the other hand, you have moments where they will KEEP a certain plot point of the original, while removing the reason for said plot point to exist in the first place. In the current discussion for the recent Lilo and Stitch remake, the most upvoted comment points out that the movie keeps Lilo's ritual of feeding her doll because she claims it controls the weather, while removing the information that Lilo's parents died in an accident caused by bad weather, which gave Lilo's silly ritual emotional weight and purpose.

So I want to know which moment in these live action remakes is most telling that the writers didn't understand the original movie. For me, I'll submit Pinocchio going to school in the remake. In the original movie, Gepeto tells Pinocchio to go to school, but on the way there, he is accosted by Honest John who convinces him to join the Strombolli's puppet show instead, which Pinocchio agrees, ignoring the advice of his conscience. When Pinocchio joins the puppet show, he is abused by the owner and is only freed when he learns what he did wrong.

In the remake, after meeting with Honest John, Cricket actually convinces Pinocchio to go to school and he does... only to be abused by the teacher for being a puppet and thrown out, at which point he follows John to the puppet show.

This is an absolutely baffling change because it completely contradicts the point of the movie. Pinocchio wishes to be a real boy, but in order to achieve that, he must first learn to be a *good* boy, which, among other things, involves obeying his father and steering clear of bad influences. In the original, Pinocchio willingly disobeys his father and fucks off to do something fun instead, which leads to a bad time. It's a simple morality tale; Pinocchio is rewarded for being good, and punished for being bad. Pinocchio's nose grows when lies. All of Pleasure Island. The story is centered on this theme

But in the remake, not only does Pinocchio obey his father from the start, he is PUNISHED FOR DOING SO. Now, joining the puppet show isn't a reckless decision by Pinocchio, it's his only option because obeying his father was actively bad for him.

Maybe the writers wanted to make Pinocchio a ""better"" character by making him a well-behaved kid but, THE ENTIRE POINT OF THAT SCENE IS THAT PINOCCHIO MISBEHAVES. It's like if they made Pinocchio's nose grow even when he tells the truth

Anyway, that's mine. What's yours?",2025-05-23T15:46:49Z,movies,movies,entertainment,Entertainment,[],0,773,271,,0.93,https://www.reddit.com/r/movies/comments/1ktmvlm/which_moment_in_a_disney_liveaction_remake_most/,insertusernamehere51,2025-05-25T19:41:08.777628Z
1khpjqq,reddit,Materialists | Official Trailer 2 HD | A24,,2025-05-08T13:01:55Z,movies,movies,entertainment,Entertainment,[],0,758,401,,0.82,https://youtu.be/QXZ6znSpEh0?si=-YegbPDO0lEmbWwB,Comic_Book_Reader,2025-05-25T19:41:11.367127Z
1kg946e,reddit,"AMA/Q&A Announcement: Ana de Armas - Tuesday 5/13 at 11:00 AM ET - Oscar-Nominated Actress and Star of Ballerina, Knives Out, Blonde, Blade Runner 2049, No Time To Die, Ghosted, The Gray Man, Deep Water",,2025-05-06T16:38:46Z,movies,movies,entertainment,Entertainment,[],0,758,135,,0.86,https://i.redd.it/xlj7aa78w6ze1.png,BunyipPouch,2025-05-25T19:41:14.739902Z
1kct408,reddit,"Shudder Acquires GOOD BOY, A Haunted House Movie Told from Dog’s Perspective",,2025-05-02T05:10:26Z,movies,movies,entertainment,Entertainment,[],0,751,61,,0.96,https://bloody-disgusting.com/movie/3866584/shudder-acquires-good-boy-haunted-house-movie-told-from-dogs-perspective/,exophrine,2025-05-25T19:41:16.400900Z
1kiwquz,reddit,4-time Oscar winning makeup artist Greg Cannom Dies at 74,,2025-05-09T23:45:32Z,movies,movies,entertainment,Entertainment,[],0,727,15,,0.93,https://www.fangoria.com/greg-cannom-dead-at-74/,AMA_requester,2025-05-25T19:41:17.539413Z
1kcyipj,reddit,"in honor of dogma's 25th anniversary, here are 25 fun facts about dogma","in the bar scene, jay can be seen nodding off in the background. this wasn't a gag. jason mewes was actually strung out on heroin during filming.

prior to signing onto the movie, alan rickman only had two questions. would the angel wings be real and would his dialogue be filmed as written. kevin smith assured him that the wings would be real and the dialogue would be filmed as written. rickman enthusiastically signed on. 

george carlin had recently lost his wife prior to filming and asked kevin smith if there was someway he could film his scenes with his wedding ring on because he didn't feel ready to take it off. smith noted how the normally very calm carlin was very nervous when asking. smith and carlin both decided that carlin would wear a band aid on the finger with the ring to hide it. however, this was actually unnecessary since cardinals are given special rings to wear. oh well. hindsight is 20 20.

in a rare move for a kevin smith movie, the bulk of the movie was not shot in new jersey. rather, it was largely filmed in pittsburgh.

alanis morissette was originally offered the role of bethany but she couldn't commit to it due to her world tour. by the time morissette was available, linda fiorentino had been cast in the role. smith gave her the role of god instead.

kevin smith planned to make a sequel in the aftermath of 911 which would have focused on islam. the movie would have been about bethany's daughter who would have gone on an adventure to save humanity with the aid of jay and silent bob. smith eventually decided against it, deciding that the subject matter was too complicated for him to handle gracefully.

rufus's line ""know him? that N word owe me 12 bucks"" was improvised by chris rock, one of only a few things that he ad libbed for the movie.

an early draft of the script featured a scene where jay and silent bob sing.

holly hunter was kevin smith's original choice for the role of god. this is why jay refers to god as ""the chick from the piano"" in the film. however, hunter was unavailable. emma thompson was also offered the role but she declined due to her pregnancy. 

before jason lee was cast as azarael, bill murray, adam sandler, and john travolta were considered. sandler was even offered the role but declined due to his commitment to big daddy. 

both albert brooks and chevy chase were considered for the role of cardinal glick.

this movie was the first of 3 consecutive collaborations between kevin smith and george carlin. carlin was later cast in smith's films jay and silent bob strike back and jersey girl.

when alanis morissette was unavailable to play bethany, janeane garofalo, joey lauran adams, and gillian anderson were also considered.  

the adulterer on the train is played by scott mozier, the film's co producer and a good friend of kevin smith.

kevin smith approached robert rodriguez to direct the movie. rodriguez liked the script but felt that the film was super personal for smith and that he should be the one to direct it.

in addition to being the most fantasy oriented of the view askewniverse movies, dogma also holds the distinction of being the only movie in the series where the protagonist is not a man.

before howard shore was hired to compose the film's score, danny elfman was offered the chance but was unavailable. 

kevin smith actually wrote the movie before clerks was even a thought. however, upon listening to a radio interview with robert rodriguez about writing around your limitations, smith decided to put the project off and make clerks instead. he considered making dogma as his followup to clerks but decided that he needed more experience.

the mooby's playground was built specifically for the movie and was deliberately modelled like a meat grinder.

kevin smith briefly toyed with making the end be god answering bethany's ""why are we here"" question with ""i've got just one word for you...plastics"" which would have resulted in everyone's heads blowing up.

samuel L jackson and will smith were both offered the role of rufus. 

in addition to writing, directing, and starring in the film, kevin smith also helped puppeteer the wings on the angels. 

if you look very carefully, you'll notice that all the angels are dressed the same way. the only difference is the colors of their outfits.

gwyneth paltrow, a friend of ben affleck, actually visited the set of the airport scene. during the scene where ben and matt are sitting, paltrow was sitting just off camera. 

despite the controversy surrounding it's release, dogma was lionsgate's highest grossing movie until the 2004 release of crash.",2025-05-02T11:24:06Z,movies,movies,entertainment,Entertainment,[],0,725,92,,0.91,https://www.reddit.com/r/movies/comments/1kcyipj/in_honor_of_dogmas_25th_anniversary_here_are_25/,herequeerandgreat,2025-05-25T19:41:18.571821Z
1kmca3g,reddit,"‘Spring Breakers 2’ Set With New Cast: Bella Thorne, ‘Stranger Things’ Star Grace Van Dien and More",,2025-05-14T11:01:02Z,movies,movies,entertainment,Entertainment,[],0,715,221,,0.85,https://variety.com/2025/film/global/spring-breakers-2-belle-thorne-sequel-1236397224/,NoCulture3505,2025-05-25T19:41:20.061218Z
1kanrhz,reddit,Kathy Bates Tells Director Rob Reiner She Regrets Toning Down Misery Violence,,2025-04-29T13:19:57Z,movies,movies,entertainment,Entertainment,[],0,713,79,,0.94,https://www.indiewire.com/news/festivals/rob-reiner-and-kathy-bates-on-misery-at-tcm-fest-1235118817/,indiewire,2025-05-25T19:41:22.220803Z
1kao7gu,reddit,New Poster for “Bring Her Back”,,2025-04-29T13:40:35Z,movies,movies,entertainment,Entertainment,[],0,711,53,,0.93,https://i.redd.it/takxznv92sxe1.jpeg,KillerCroc1234567,2025-05-25T19:41:23.922518Z
1krdvd3,reddit,Cillian Murphy And Daniel Craig In Negotiations To Star In Damien Chazelle’s Next Movie,,2025-05-20T19:30:36Z,movies,movies,entertainment,Entertainment,[],0,700,56,,0.94,https://deadline.com/2025/05/cillian-murphy-daniel-craig-damien-chazelle-movie-1236406062/,MarvelsGrantMan136,2025-05-25T19:41:25.067276Z
1kezfs7,reddit,What’s a movie you want a sequel to but know you’ll never get?,"Mine is and always will be BASEKETBALL. Even with Zucker not producing and directing anymore, Matt and Trey have proved to be smart enough to take on satire of anything and make it worthwhile. Plus they’re actually sports fans so you know they know about all the scandals that have been happening across all sports that are ripe for parodying.",2025-05-05T01:04:41Z,movies,movies,entertainment,Entertainment,[],0,686,1305,,0.92,https://www.reddit.com/r/movies/comments/1kezfs7/whats_a_movie_you_want_a_sequel_to_but_know_youll/,AaronRodgersVaxCard,2025-05-25T19:41:26.445600Z
1kmax0t,reddit,"First image of Russell Crowe and Harry Lawtey in 'Billion Dollar Spy' - Set against the high-stakes backdrop of the late Cold War, the film follows Adolf Tolkachev (Crowe) who risks everything to pass thousands of pages of top-secret Soviet intelligence to the US.",,2025-05-14T09:30:16Z,movies,movies,entertainment,Entertainment,[],0,687,62,,0.92,https://i.redd.it/7n6sijkoup0f1.jpeg,JonasKahnwald11,2025-05-25T19:41:30.774627Z
1ktrow6,reddit,Questlove Spent 2½ Years Watching All 900-Plus ‘SNL’ Episodes To Prep His 50th Anniversary Documentary 'Ladies and Gentlemen… 50 Years of SNL Music',,2025-05-23T19:02:18Z,movies,movies,entertainment,Entertainment,[],0,711,30,,0.92,https://deadline.com/video/questlove-career-interview-snl-sly-lives-egot/,BunyipPouch,2025-05-25T19:41:31.907922Z
1kpnvzf,reddit,"Tom Cruise Is “Working On” Ideas For ‘Top Gun 3’, ‘Days of Thunder’ Sequel",,2025-05-18T16:24:32Z,movies,movies,entertainment,Entertainment,[],0,687,250,,0.83,https://deadline.com/2025/05/tom-cruise-working-on-ideas-top-gun-3-days-of-thunder-2-1236403110/,NoCulture3505,2025-05-25T19:41:33.223429Z
1ksb2qt,reddit,Which movie has the most accurate representation of spycraft?,"I'm in the mood for a spy movie and need some suggestions.


Specifically, I'm looking for spy movies that give an accurate sense of what espionage and spycraft are like.



I'm good with any genre, original stories or stories based in real events/history, etc. I'm open to any movie that fits in that category: true-to-life spy movies.


But, in your opinion, which one is *best*? Which gets it most right?

What's good?",2025-05-21T22:27:55Z,movies,movies,entertainment,Entertainment,[],0,670,589,,0.93,https://www.reddit.com/r/movies/comments/1ksb2qt/which_movie_has_the_most_accurate_representation/,NimdokBennyandAM,2025-05-25T19:41:36.102330Z
1ktpgwh,reddit,Diego Luna’s Criterion Closet Picks,,2025-05-23T17:31:39Z,movies,movies,entertainment,Entertainment,[],0,696,39,,0.92,https://www.youtube.com/watch?v=D4yc-PgEpqo,SanderSo47,2025-05-25T19:41:39.810626Z
1kq979r,reddit,"First images of Stellan Skarsgård, Elle Fanning and Renate Reinsve from Joachim Trier's 'Sentimental Value' - Follows a family in Oslo, the house they’ve lived in for generations, and of how the past has a way of resurfacing in unexpected ways.",,2025-05-19T11:22:34Z,movies,movies,entertainment,Entertainment,[],0,667,44,,0.94,https://i.redd.it/vwt705hp3q1f1.jpeg,JonasKahnwald11,2025-05-25T19:41:40.842625Z
1kkyspr,reddit,I have a deep love for the movie MONEYBALL. Here's why...,"Moneyball is a 2011 film. It was directed by Bennett Miller and adapted by Steven Zaillian and Aaron Sorkin. 

I have seen the movie over 15 times. It took me a while to figure out why I am such a huge fan. Turns out quite a few people on reddit feel the same way. But I think most of the reviews actually miss why the movie resonates so deeply. Here is my theory. It comes down to four things: 

**1. It uses the subject of Baseball to show society's evolution into the digial/computer age.** Of course, this is never mentioned in the film. But the real underlying story is how computing technology will eventually disrupt our old way of life. And how some people will kick and scream to stop it, but it is inevitable. Those who identify it first will have the edge. Billy Beane and Pete represent the digital, new way of thinking. The manager and scouts represent the analog age. In a sense it is the most important issue of our time, and it tells it through baseball, America's most beloved, but aging institution...genius. 

**2. It is a love/hate letter to capitalism and therefore, America**. Again, never mentioned explicitly. But Moneyball is also a story about all the evil and beauty of capitalism. It is a story about how capitalism serves the ultra-wealthy and creates an unfair advantage for the few who hold the power and resources (""there are rich teams, there are poor teams... there's fifty feet of shit, then there's us""). The game is rigged in their favor.  But...capitalism also forces innovation, Billy's place at the bottom forced him to innovate. And in the end, it got baseball closer to a meritocracy, where individuals are accurately compensated for the value they create. For better or for worse, that is America. 

**3. The acting, directing and writing are all remarkable**. Bennett Miller came from a documentary background, so he captured the film in a way that felt like a documentary, using real footage in key moments and recreating it in others. But Aaron Sorkin's dialogue adds a pace and flavor that it unbeatable. And then of course, Pitt and Hill are remarkable. Excellent casting. Not to mention Phillip Seymour Hoffman. 

**4. Above all else, I believe this movie is about Leadership**. This is the most important one IMO. I don't think anyone watching the movie will realize it until they obsess over it like I did. But really this movie is about Billy Beane's leadership. Humans are addicted to effective leaders. Beane was faced with great adversity, he accurately identified the threat, came up with a solution and found a way to implement his vision, despite great resistance. He also lifted up those around him who believed in his vision, even though they were young and inexperienced. That is what great leaders do. And subconsciously, I think that is the real, strongest draw of the film. And it certainly helps that Pitt is the perfect casting for it. ",2025-05-12T17:41:33Z,movies,movies,entertainment,Entertainment,[],0,670,187,,0.87,https://www.reddit.com/r/movies/comments/1kkyspr/i_have_a_deep_love_for_the_movie_moneyball_heres/,Idonteateggs,2025-05-25T19:41:42.137675Z
1kt4p5a,reddit,"'Avengers: Doomsday' Moves to December 18, 2026, 'Avengers: Secret Wars' Moves to December 17, 2027; Ridley Scott's 'The Dog Stars' Set for March 27, 2026 'Devil Wears Prada 2' Set for May 1, 2026",,2025-05-22T23:05:54Z,movies,movies,entertainment,Entertainment,[],0,665,223,,0.9,https://deadline.com/2025/05/next-avengers-movies-push-release-dates-dog-stars-devil-wears-prada-1236409088/,MarvelsGrantMan136,2025-05-25T19:41:44.216218Z
1kqnxaz,reddit,Linklater’s NOUVELLE VAGUE receives massive standing ovation at Cannes- Tarantino sees the movie twice in one day,,2025-05-19T21:34:30Z,movies,movies,entertainment,Entertainment,[],0,653,87,,0.92,https://deadline.com/2025/05/richard-linklater-nouvelle-vague-cannes-ovation-new-wave-1236402105/,Jakeysuave,2025-05-25T19:41:47.142194Z
1kfo6ll,reddit,"May 2-4 Box Office Recap: 'Thunderbolts*' debuts with a solid $74.3 million domestically and $160.4 million worldwide. Meanwhile, 'Sinners' crosses $200 million worldwide, while 'A Minecraft Movie' nears $900 million worldwide.","https://preview.redd.it/wngz60kwb1ze1.png?width=1920&format=png&auto=webp&s=7c1eddccb860443e3e769a9c792de4692c33d63c

Well, the summer season is officially underway.

The MCU returned to the first weekend of May, earning another #1 spot with ***Thunderbolts***. Which hopefully will be a sign of good legs ahead. Meanwhile, ***Sinners*** had another incredible hold, despite losing IMAX and other premium-large formats.

The Top 10 earned a combined $142.3 million this weekend. That's up a massive 108.2% from last year, when ***The Fall Guy*** flopped and delivered the worst start to the summer season in decades.

Debuting on top, Marvel Studios' ***Thunderbolts*** earned $74.3 million in 4,330 theaters. That's below ***Captain America: Brave New World*** ($88.8 million), which premiered on February. Compared to other MCU titles, that's below ***Ant-Man and The Wasp*** ($75.6 million) and ***Shang-Chi and the Legend of the Ten Rings*** ($75.3 million) and above ***Eternals*** ($71.2 million).

All in all, this is a solid (but not fantastic) debut. At the end of the day, it's a team-up film following secondary characters that aren't very popular, with the exception of Bucky and Yelena. Marvel probably wasn't expecting this film to open at $100+ million, considering ***Brave New World*** didn't get that with a more well known character. ***Thunderbolts*** only had one hook: the introduction of Sentry. There's also curiosity surrounding the meaning behind the asterisk in the title (we'll get to that in a moment).

Marvel knows that audiences haven't been fully on board with some of their previous projects (***Quantumania***, ***The Marvels***, ***Brave New World***, etc.), but they still hoped the audience could be interested in ***Thunderbolts***. To the point that one of its trailers highlighted the crew's involvement in multiple projects (most of which were A24). Well, the crew's involvement at least resulted in some great reviews (88% on RT). Not to mention the fact that back in March, Marvel confirmed that a lot of cast members from the film would be back in ***Avengers: Doomsday*** next year. While that spoiled the fate of the characters, it might have helped boost interest.

According to Disney, 65% of the audience was male. Marvel has had a problem in attracting younger audiences, and this film is another proof of that: only 30% of the audience was under 25. What does this mean? That they're losing ground with Gen Z. This has been noted a few years, and it doesn't look like it will be fixed any time soon.

In some good news, the audience gave the film an ""A–"" on CinemaScore. That represents a solid response from the audience, although the MCU mostly falls in the ""A"" score. At the very least, that's better than ***Brave New World***'s poor ""B–"". There's no competition over the coming weeks, although ***Final Destination: Bloodlines*** will probably dethrone it in its third weekend. We'll see how it goes, but for now, a final total around $200 million is likely for ***Thunderbolts***.

Marvel didn't even wait until the second week just to finally confirm on social media the meaning of the asterisk in the title. Just today, they've started promoting the film [under a new title](https://variety.com/2025/film/news/thunderbolts-poster-the-new-avengers-title-change-1236386731/) (big spoilers in that article). That's a bit too early, but will the audience be more interested in the film now?

Even with the arrival of ***Thunderbolts*** and losing IMAX and other formats, ***Sinners*** was not affected in the slightest. The film dipped just 28% this weekend, adding another $33.1 million. That's almost on par with ***Get Out***'s third weekend drop (26.5%), which is simply insane. The film has earned a fantastic $179.8 million domestically, and it should continue legging out. For now, the film should hit $270 million domestically. The fact that it's getting close to $300 million is simply spectacular.

***A Minecraft Movie*** dropped 40%, adding $13.7 million this weekend. One thing on its favor was [the ""rowdy screenings"" for this weekend.](https://www.hollywoodreporter.com/movies/movie-news/minecraft-movie-block-party-edition-1236202463/) Have theater employees in your hearts, for this might have been a very ugly experience. The film has earned $398.2 million so far.

Well, the math is out and the numbers aren't good for ***The Accountant 2***. The film earned $9.4 million, which is a very poor 61% drop from last week. In contrast, the original dropped just 44.8%. Through 10 days, the film has earned just $41.1 million, which is $6 million below the original through the same point. That gap will continue to widen. For now, the film should finish with around $60 million domestically.

***Until Dawn*** won't see a sunrise any time soon. The film dropped 52%, adding $3.8 million this weekend. That's not a horrible drop for a horror, but considering how low it began, it's simply unremarkable to make a difference. Through 10 days, the film has earned $14.3 million, and it only has one weekend before facing tough competition with ***Final Destination: Bloodlines***.

In sixth place, ***The Amateur*** dropped 48%, earning $1.9 million. That takes its domestic total to $37 million, and while it should cross $40 million, it won't be by much.

***The King of Kings*** continues losing steam. This weekend, it collapsed another 59%, earning $1.7 million. The film has earned $57.7 million so far, and it won't make it much further than $60 million.

A24's ***Warfare*** dropped 52%, adding $1.2 million this weekend. The film's domestic total stands at $24 million so far.

In ninth place, the Indian film ***HIT: The Third Case*** earned $955,000 in 950 theaters.

Rounding up the Top 10 was another Indian film, ***Guru Nanak Jahaz***. Despite playing in just 119 theaters, it earned $685,000 this weekend.

Outside the Top 10, we find Nicolas Cage's new film, ***The Surfer***. Unsurprisingly, it didn't fare well. It made just $698,114 from 884 theaters. It's not gonna last long on theaters, so hurry up.

A24's ***The Legend of Ochi*** fell outside the Top 10. It collapsed a brutal 76% this weekend, earning just $341,951. The film has earned a meager $2.1 million so far.

#**OVERSEAS**

***Thunderbolts*** also topped the overseas box office, debuting with $86.1 million abroad, for a $160.4 million worldwide debut. That's below ***Brave New World*** ($193.4 million), although that had an extra day on Monday. It was a mixed bag all around; some were pretty good, but others were soft. The best markets were China ($10.4M), UK ($7.7M), Mexico ($7.3M), Brazil ($4M), France ($3.8M), Germany ($3.6M), Korea ($3.5M), Australia ($3.4M), Japan ($3.2M) and Spain ($2.8M). Some of these markets were also boosted from local holidays (Labor Day). We'll wait for the second weekend to see if it has a chance of recouping its $180 million budget.

***A Minecraft Movie*** added $26.6 million, taking its worldwide total to $874.6 million. The best markets are the UK ($69M), Germany ($35.7M), Australia ($33.5M), Mexico ($31.2M) and China ($27.5M). It's still fighting to hit the $1 billion milestone.

***Sinners*** is also holding very well overseas, adding $10.4 million, for a $237.3 million worldwide total. The best markets are the UK ($13.8M), France ($6.7M), Australia ($4.3M), Mexico ($3.4M) and Germany ($2.7M). It's obviously going to skew domestically, but it looks like it could get close to $100 million overseas by the end of its run.

***The Accountant 2*** added $7.2 million overseas, for a $66.3 million worldwide total. Ouch, that's not actually great. Or good at all. It should still hit $100 million worldwide, but it feels like it should've done that without problem.

#**FILMS THAT ENDED THEIR RUN THIS WEEK**

Movie | Release Date | Studio | Domestic Opening | Domestic Total | Worldwide Total | Budget |
----------|----------|----------|:--------:|:--------:|:--------:|:--------:
*Black Bag* | Mar/7 | Focus Features | $7,607,250 | $21,474,035 | $39,284,035 | $50M
*The Day the Earth Blew Up: A Looney Tunes Movie* | Mar/14 | Ketchup | $3,158,830 | $8,875,344 | $13,896,775 | $15M
*The Woman in the Yard* | Mar/28 | Universal | $9,395,255 | $22,405,985 | $23,175,286 | $12M

- ""Make a good original movie and people will watch it."" Yeah, where were you when ***Black Bag*** played in theaters? Steven Soderbergh's film earned critical acclaim, but it has ended its run with just $39 million worldwide. How frustrating, isn't it? A film that deserved much better. Don't cry for Soderbergh tho; he has just recently said that Focus Features confirmed that the film would eventually be profitable thanks to home media and PVOD. He also recently said that his new film ***The Christophers*** has wrapped filming and could come out this year. Damn, 3 Soderbergh films in a year????

- That's all, folks. ***The Day the Earth Blew Up: A Looney Tunes Movie*** has closed with $13 million worldwide, failing to recoup its $15 million budget. But maybe Ketchup Entertainment is content with its performance, considering they just spent $50 million in buying ***Coyote vs. Acme***, which will come out next year. Let's just hope it fares better than this.

- Universal/Blumhouse's ***The Woman in the Yard*** has closed its run with just $23 million worldwide. That's the second flop in a row for Blumhouse, after the unremarkable run of ***Wolf Man*** back in January. Not to mention ***Drop*** is fading quickly. What's going with Blumhouse?

#**THIS WEEKEND**

Nothing lol. For some reason, studios avoided releasing anything noteworthy. The only major release is Lionsgate's ***Shadow Force***, but that has no chance of hitting #1. Probably not even Top 5.

____________________________________________________________________________________________

If you're interested in following the box office, come join us in r/BoxOffice.",2025-05-05T21:56:20Z,movies,movies,entertainment,Entertainment,[],0,659,61,,0.93,https://www.reddit.com/r/movies/comments/1kfo6ll/may_24_box_office_recap_thunderbolts_debuts_with/,SanderSo47,2025-05-25T19:41:49.005537Z
1ko6gnz,reddit,Ari Aster's 'EDDINGTON' - Review Thread,"**Ari Aster's 'EDDINGTON' - Review Thread**

* [Rotten Tomatoes](https://www.rottentomatoes.com/m/eddington)**:** 67% (27 Reviews)
* [Metacritic](https://www.metacritic.com/movie/eddington/)**:** 63 (15 Reviews)

Reviews:

[Variety:](https://variety.com/2025/film/reviews/eddington-review-joaquin-phoenix-pedro-pascal-ari-aster-1236400006/)

>There’s no question that in “Eddington” Art Aster makes himself a scalding provocateur, the same way Todd Field did in “Tár” when he staged the confrontation at Julliard between Cate Blanchett’s Lydia and the BIPOC student who questioned her devotion to dead-white-male composers. Yet as much as nailing down the precise point-of-view of “Eddington” is bound to be the subject of numerous incendiary debates, I’d argue that this is very much not a case of Aster becoming some young A24-approved version of David Mamet. What he captures in “Eddington” is an entire society — left, right, and middle — spinning out of control, as it spins away from any sense of collective values.

[IndieWire](https://www.indiewire.com/criticism/movies/eddington-movie-review-ari-aster-1235123804/):

>Stemming from a collective sickness to the same degree that “Beau Is Afraid” was born from some very personal trauma, “Eddington” — the tagline for which reads: “Hindsight is 2020” — only wields its *what’s the opposite of nostalgia?* specificity as a means to an end. It might set the scene with a little “remember how it felt to wait in line outside the pharmacy?” fun, but Aster’s bleakly funny and brilliantly plotted assessment of how fucked we’ve become since then soon leverages those fun memories into a far more probing story about the difficulties of sharing a town between people who live in separate realities. 

[Deadline](https://deadline.com/2025/05/eddington-review-ari-asters-explosive-satirical-neo-western-takes-a-big-swing-at-maga-culture-cannes-film-festival-1236401277/):

>*Eddington* is what you might call a big swing, a film that’s more serious than it first seems, seeing Covid as the Big Bang that landed us right where we are now. It’s about the elephant in the room: the emergent likes of QAnon, 4Chan and the Proud Boys, things that did more damage than Covid ever did, leaving a raw, still-festering wound. Without ceremony or mercy, *Eddington* rips the Band-Aid off, and not everyone is going to want to look at, or think about, what’s there underneath it.

[The Wrap](https://www.thewrap.com/eddington-review-cannes-2025-ari-aster-joaquin-phoneix-emma-stone-pedro-pascal/):

>And by way of creative catharsis – listen, no one was thrilled about 2020 – “Eddington” finds greater charge enacting American carnage than just winking about, but that should come with little surprise. Aster has always had a knack for confrontation, while Phoenix works best as an open-nerve. That the duo should prove so adept tapping into a vein of neurotic action is one of the many brutal surprises in a social satire as blunt and broad as America itself.

[BBC](https://www.bbc.com/culture/article/20250516-eddington-review) (4/5):

>If Beau is Afraid seemed to be about Aster's own fears and neuroses, Eddington is about the more general fears and neuroses of the US in the year 2020. The writer-director puts everything into his blackly comic modern western – Covid-19 and online conspiracy theories, Black Lives Matter and white privilege, cult leaders and cryptocurrency – even if he can't quite work out how to weave all of those subjects together. The film would probably have been better if it had been more focused (and shorter), but Aster's deranged vision makes most directors seem timid in comparison.

[The Independent](https://www.the-independent.com/arts-entertainment/films/reviews/eddington-review-cannes-joaquin-phoenix-b2752519.html) (4/5):

>This is Aster’s funniest film to date, and makes use of an ever expanding and shifting cast to dot the 150-minute runtime with well-observed comic details and visual payoffs.

[ScreenDaily:](https://www.screendaily.com/eddington-review-joaquin-phoenix-and-pedro-pascal-face-off-in-ari-asters-wan-satire/5205133.article)

>Without question, the pandemic profoundly transformed an America that was already descending into tribal factions and widespread animosity. But *Eddington* lacks a clear perspective on that ever-present tragedy, settling instead for cynical observations and a fatal amount of smug self-satisfaction.

[Collider ](https://collider.com/eddington-review/)(8/10):

>Eddington may feel like a step back for Ari Aster in regards to his striking visuals and talent for creating nightmarish viewing experiences. But, if anything, it’s showing that Aster can take these nightmares and show how they can operate in reality.

Written & Directed by Ari Aster:

>In May of 2020, a standoff between a small-town sheriff (Phoenix) and mayor (Pascal) sparks a powder keg as neighbor is pitted against neighbor in Eddington, New Mexico.

Cast:

* Joaquin Phoenix as Joe Cross, Eddington's sheriff
* Pedro Pascal as Ted Garcia, the town's mayor who is running for reelection
* Emma Stone as Louise Cross, Joe's wife
* Austin Butler as Vernon Jefferson Peak
* Luke Grimes as Guy, an officer at the Eddington sheriff's office
* Deirdre O'Connell as Dawn, Louise's mother
* Micheal Ward as Michael, a young sheriff's trainee
* Clifton Collins Jr. as Lodge
* William Belleau as Officer Butterfly Jimenez
* Cameron Mann as Brian
* Matt Gomez Hidaka as Eric Garcia
* Amélie Hoeferle as Sarah
* Landall Goolsby as Will
* Elise Falanga as Nicolette
* Robert Mark Wallace as Warren",2025-05-16T17:20:27Z,movies,movies,entertainment,Entertainment,[],0,652,276,,0.93,https://www.reddit.com/r/movies/comments/1ko6gnz/ari_asters_eddington_review_thread/,MarvelsGrantMan136,2025-05-25T19:41:50.434661Z
1khzh8k,reddit,‘Return to Silent Hill’ Set for Wide Theatrical Release From Cineverse,,2025-05-08T19:52:52Z,movies,movies,entertainment,Entertainment,[],0,653,115,,0.93,https://variety.com/2025/film/news/return-to-silent-hill-theatrical-release-1236391288/,NoCulture3505,2025-05-25T19:41:52.780623Z
1kt0845,reddit,Poster for 'Pretty Thing' - Starring Alicia Silverstone and Karl Glusman - Follows a successful executive who struggles with a scorned young lover who takes his obsession too far.,,2025-05-22T19:55:12Z,movies,movies,entertainment,Entertainment,[],0,650,182,,0.86,https://i.redd.it/1a8x90pj1e2f1.png,JonasKahnwald11,2025-05-25T19:41:54.391629Z
1kllbzd,reddit,From the World of John Wick: Ballerina (2025) Final Trailer,,2025-05-13T13:00:35Z,movies,movies,entertainment,Entertainment,[],0,648,277,,0.81,https://www.youtube.com/watch?v=b9Rr9ygb-ac,NoCulture3505,2025-05-25T19:41:56.579031Z
1kr79wq,reddit,"Alejandro González Iñárritu's New Movie 'Judy', Starring Tom Cruise, Has Wrapped Filming",,2025-05-20T15:09:55Z,movies,movies,entertainment,Entertainment,[],0,637,120,,0.91,https://deadline.com/2025/05/alejandro-gonzalez-inarritu-tom-cruise-amores-perros-cannes-1236405475/,MarvelsGrantMan136,2025-05-25T19:41:59.167765Z
1kspfrg,reddit,"Hey /r/movies! We're Alan Tudyk & Matt Winn, actor & director of THE TROUBLE WITH JESSICA, a dark comedy also starring Rufus Sewell & Shirley Henderson about a group of longtime friends at a dinner party that goes horribly wrong, recently in theaters and now available on digital. Ask us anything!","You might also know Alan for films and series such as Firefly, Tucker & Dale vs Evil, Serenity, Andor, A Knight's Tale, Resident Alien, Rogue One: A Star Wars Story, Moana, Frozen II, I Robot, Maze Runner, Transformers, Deadpool 2, The Electric State, Harley Quinn, Dodgeball, Raya and the Last Dragon, Ice Age, Arrested Development, 3:10 To Yuma, and much more.

ABOUT THE FILM: Married couple Sarah (Shirley Henderson) and Tom (Alan Tudyk) are in terrible financial trouble. On the brink of losing everything, they’ve managed to find a buyer for their stylish London home. When their best friends Richard (Rufus Sewell) and Beth (Olivia Williams) come over for a final dinner, an uninvited old friend, Jessica (Indira Varma), tags along.

After a seemingly trivial argument at dinner, Jessica disappears. She has the temerity to hang herself in the garden, totally oblivious to the adverse consequences for Sarah and Tom’s real estate sale. The only solution: Sarah and Tom must convince Richard and Beth to help take care of this little inconvenience. If they’re clever enough about it, what could possibly go wrong? Knives are out and best-kept secrets are revealed in this laugh-out-loud dark comedy featuring a starry ensemble cast of phenomenal UK talent.

TRAILER: [https://www.youtube.com/watch?v=l\_xhtk8Tj18](https://www.youtube.com/watch?v=l_xhtk8Tj18) 

Learn More and Rent/Buy THE TROUBLE WITH JESSICA: https://www.musicboxfilms.com/film/the-trouble-with-jessica.

Ask us anything! Back at 3 PM ET today for answers.



",2025-05-22T12:28:19Z,movies,movies,entertainment,Entertainment,[],0,642,415,,0.92,https://i.redd.it/ohy0hof2tb2f1.png,AlanAndMattAMA,2025-05-25T19:42:00.999827Z
1kecxi6,reddit,The Conclave is a quiet and powerful movie,"I just watched The Conclave and I really liked it. It is not a fast or loud film, but it slowly pulls you in with its story and mood. It shows the pressure, secrets, and power struggles that happen behind closed doors during an important religious event.

Some people might say the ending is easy to guess, but that did not bother me. The journey is more important than the surprise. The movie does a good job showing the weight of each choice the characters make.

Ralph Fiennes was amazing in this movie. He did not need big speeches or action scenes. His face, his voice, and his small movements said a lot. He made his character feel real and thoughtful.

This film may not be for everyone, but if you enjoy serious stories and good acting, I think you will enjoy The Conclave.

Can anyone recommend some similar movies ?",2025-05-04T06:03:09Z,movies,movies,entertainment,Entertainment,[],0,626,246,,0.78,https://www.reddit.com/r/movies/comments/1kecxi6/the_conclave_is_a_quiet_and_powerful_movie/,the_Celestial_Sphinx,2025-05-25T19:42:04.197635Z
1kmb0ut,reddit,Official poster for the 40th anniversary 4K restoration of Mamoru Oshii's ‘Angel's Egg’ – Set to Premiere at Cannes Film Festival 2025,,2025-05-14T09:37:54Z,movies,movies,entertainment,Entertainment,[],0,627,38,,0.94,https://i.redd.it/4lpgp5anwp0f1.jpeg,Task_Force-191,2025-05-25T19:42:07.075383Z
1ks7tcy,reddit,What movie is better than book?,"Usually people love books more. You spend more time with book and connect better with characters and little details. Especially if you read the book first, and you have some expectations of how characters should look and speak. I almost never heard someone recommending me a movie saying that is better than a book. What is your unusual experience?


EDIT: Apparently this is not as unusual as I thought!! Thanks guy for sharing, mine is - Me before you. Movie was much better.",2025-05-21T20:12:08Z,movies,movies,entertainment,Entertainment,[],0,628,1690,,0.88,https://www.reddit.com/r/movies/comments/1ks7tcy/what_movie_is_better_than_book/,pico_particle,2025-05-25T19:42:08.240358Z
1k942gr,reddit,"If you could change one movie ending, what would it be and why?","First one that comes to mind is Law Abiding Citizen. Why on earth they thought it would be a good idea to let the lawyer “win” is beyond me. I would have preferred both of them to go down in the midst of their own selfish, personal desires.

If you had the opportunity to change one movies ending, what would it be and why? ",2025-04-27T13:33:30Z,movies,movies,entertainment,Entertainment,[],0,620,1218,,0.87,https://www.reddit.com/r/movies/comments/1k942gr/if_you_could_change_one_movie_ending_what_would/,FilmWaffle-FilmForum,2025-05-25T19:42:12.306240Z
1kna15q,reddit,What movie characters were killed off too early?,"Immediately, Drexl Spivey (Gary Oldman) from True Romance comes to mind. Don’t get me wrong, the movie continues to be great even after his character is killed. That being said, I would have preferred him as the main villain rather than introducing other, less interesting characters. 

What other movie characters were killed off too early in your opinion? ",2025-05-15T14:46:14Z,movies,movies,entertainment,Entertainment,[],0,629,689,,0.9,https://www.reddit.com/r/movies/comments/1kna15q/what_movie_characters_were_killed_off_too_early/,FilmWaffle-FilmForum,2025-05-25T19:42:16.957604Z
1kkzmuy,reddit,‘28 Days Later’ Returning to Theaters for One Night Only on May 21,,2025-05-12T18:13:48Z,movies,movies,entertainment,Entertainment,[],0,625,41,,0.94,https://bloody-disgusting.com/movie/3867968/28-days-later-returning-to-theaters-for-one-night-only-this-month/,MarvelsGrantMan136,2025-05-25T19:42:21.296675Z
1kimao2,reddit,Godzilla x Kong: Supernova (2027) | Now in Production,,2025-05-09T16:09:41Z,movies,movies,entertainment,Entertainment,[],0,617,255,,0.9,https://www.youtube.com/watch?v=pa3nW0EYYcQ,MarvelsGrantMan136,2025-05-25T19:42:22.359335Z
1ksufx4,reddit,Guy Ritchie's 'Fountain of Youth' - Review Thread,"*Two estranged siblings partner on a global heist to find the mythological Fountain of Youth. They must use their knowledge of history to follow clues on an adventure that will change their lives and possibly lead to immortality.*

Cast: John Krasinski, Natalie Portman, Eiza González, Domhnall Gleeson, Arian Moayed, Laz Alonso, Carmen Ejogo, Stanley Tucci, Benjamin Chivers, Michael Epp.

**Rotten Tomatoes:** [45%](https://www.rottentomatoes.com/m/fountain_of_youth_2025)

**Metacritic:** [42/100](https://www.metacritic.com/movie/fountain-of-youth/)

Some Reviews:

[Variety - Todd Gilchrist](https://variety.com/2025/film/reviews/fountain-of-youth-review-guy-ritchie-john-krasinski-1236405297/)

>As a spirited time-filler, “Fountain of Youth” gets the job done, but anyone looking for a deeper exploration of the search for eternal life may find this little more insightful than a stopped clock.

[The Hollywood Reporter - Frank Scheck](https://www.hollywoodreporter.com/movies/movie-reviews/fountain-of-youth-review-john-krasinski-natalie-portman-1236224248/)

>It’s all as predictable as you’d expect, with the screenplay by James Vanderbilt failing to provide the wit necessary to make the film stand out in any way. (One exception, an exchange between young Thomas and billionaire Owen about what it’s like to be obscenely rich, stands out). By the time it concludes with the inevitable hinting at potential sequels, *Fountain of Youth* just seems desperate in its attempt to launch a viable film franchise for its streaming host.

[The Wrap - William Bibbiani](https://www.thewrap.com/fountain-of-youth-review-john-krasinski-natalie-portman-apple/)

>It would be nice to report that “Fountain of Youth” is harmless fluff, a brisk escapist adventure with a game cast and a few fun set pieces. And I suppose it may be mostly harmless, unless you count wasting your time as a “harm” (and I wouldn’t fight you on that). But it’s annoying fluff. It’s tedious fluff. The only thing I wanted to escape was the movie itself. The cast is either trying too hard or not enough, and none of the action sequences blew me away. There’s a bit on a boat that was probably expensive. There’s a fight in a library that’s competent. There’s a shootout at the pyramids between characters we don’t know or give a damn about. There’s a big difference between “fluffy” and “empty.” “Fountain of Youth” seems to have found it.

[The Daily Beast](https://www.rottentomatoes.com/critics/source/2345) \- [Nick Schager](https://www.rottentomatoes.com/critics/nick-schager)

>No matter his gifts for tales about motley crews, this sub-Spielbergian venture isn’t in his rough-and-tumble wheelhouse, the result being a clunky farce that never escapes its ancestors’ shadow.

[Guardian](https://www.rottentomatoes.com/critics/source/205) \- [Ryan Gilbey](https://www.rottentomatoes.com/critics/ryan-gilbey) \- 2/5

>A movie as derivative and uninspired as this will always be surplus to requirements so long as the first three Indiana Jones movies remain in circulation. As the family name Purdue suggests, Luke and Charlotte’s father believed that some things should remain lost. Would that this had been the fate of the film.",2025-05-22T16:02:45Z,movies,movies,entertainment,Entertainment,[],0,616,545,,0.93,https://www.reddit.com/r/movies/comments/1ksufx4/guy_ritchies_fountain_of_youth_review_thread/,ChiefLeef22,2025-05-25T19:42:24.791172Z
