content_id,platform,title,content,created_at,source_id,source_name,category_id,category_name,tags,views,score,comment_count,duration,upvote_ratio,url,author,crawl_time
1kb4g46,reddit,At a Steve themed party when Steve Harvey loses his stache.,,2025-04-30T01:18:26Z,funny,funny,entertainment,Entertainment,[],0,395,57,,0.66,https://v.redd.it/q08ltvcrivxe1,Honest-Particular688,2025-05-21T11:46:42.910566Z
1k9878y,reddit,Visited a retirement home and saw this signature on a painting,,2025-04-27T16:37:28Z,funny,funny,entertainment,Entertainment,[],0,396,33,,0.89,https://i.redd.it/ekq9aie0oexe1.jpeg,Vindsvept,2025-05-21T11:46:44.049900Z
1k79agu,reddit,Putpot,Does anyone know where to get a PutPot cable?,2025-04-25T01:43:50Z,funny,funny,entertainment,Entertainment,[],0,392,33,,0.92,https://i.redd.it/71o61g6ryvwe1.jpeg,ReturnRough2503,2025-05-21T11:46:45.201326Z
1kob10d,reddit,My GF's dog barking,,2025-05-16T20:30:25Z,funny,funny,entertainment,Entertainment,[],0,398,16,,0.87,https://i.redd.it/6itq2uase71f1.png,nohohar,2025-05-21T11:46:46.229918Z
1k60gwm,reddit,Exclusive,,2025-04-23T14:24:43Z,funny,funny,entertainment,Entertainment,[],0,387,8,,0.82,https://i.redd.it/hn8svnokglwe1.png,soyourlife,2025-05-21T11:46:47.272787Z
1kcg9mv,reddit,Friend went full Yamcha!,Buddy passed out on my couch after a night out and I knew I recognized the pose from somewhere. Gotta love Yamcha’s iconic death pose from Dragon Ball Z! ,2025-05-01T18:42:46Z,funny,funny,entertainment,Entertainment,[],0,384,33,,0.76,https://i.redd.it/ckziq8i0u7ye1.jpeg,Royal_Mud893,2025-05-21T11:46:48.303877Z
1kaarar,reddit,[OC] This tag from my kid's swimwear,,2025-04-29T00:14:42Z,funny,funny,entertainment,Entertainment,[],0,379,29,,0.92,https://i.redd.it/q3kdusth2oxe1.jpeg,maxmachine89,2025-05-21T11:46:49.471305Z
1klbpxy,reddit,Are you there god? It's John Wick,,2025-05-13T03:08:20Z,funny,funny,entertainment,Entertainment,[],0,382,24,,0.91,https://i.redd.it/e9dhpqm8ug0f1.jpeg,Independent-Judge-81,2025-05-21T11:46:50.565033Z
1kprh79,reddit,My GF's Dog,,2025-05-18T18:56:55Z,funny,funny,entertainment,Entertainment,[],0,382,7,,0.91,https://v.redd.it/7am3qs118l1f1,nohohar,2025-05-21T11:46:51.823498Z
1k8cr7j,reddit,Smooth Talker Geodome Sauna DIY,,2025-04-26T13:18:19Z,funny,funny,entertainment,Entertainment,[],0,367,27,,0.72,https://v.redd.it/akuel193j6xe1,johnnybagels,2025-05-21T11:46:52.866559Z
1kdqeph,reddit,The Birth of a TV Show,"Hollywood, 1963   

Producer: we’re calling it “Petticoat Junction!”   

Hollywood: (skeptical) isn’t a petticoat a woman’s undergarment?    

Producer: it’s about a grumpy uncle with three buxom nieces who work for him at his small rural hotel.   

Hollywood: I’m listening.    

Producer: every episode begins with the nieces skinny-dipping in a water tower.   

Hollywood: keep talking.   

Producer: they live in the town of “Hooterville!”   

Hollywood: You’ve got my attention.   

Producer: there’s also a skinny-dipping dog if you catch my drift. (Wink, Wink)   

Hollywood: (Splooge!)   ",2025-05-03T11:04:17Z,funny,funny,entertainment,Entertainment,[],0,367,124,,0.76,https://i.redd.it/ya289eg1ujye1.jpeg,jasonabaum,2025-05-21T11:46:53.883367Z
1krer8w,reddit,Dog really hates mosquitos.,,2025-05-20T20:06:17Z,funny,funny,entertainment,Entertainment,[],0,617,16,,0.93,https://v.redd.it/0luno4x6uz1f1,Hectabeni,2025-05-21T11:46:55.943822Z
1k48ygy,reddit,Caught in 4k,,2025-04-21T08:59:27Z,funny,funny,entertainment,Entertainment,[],0,366,17,,0.77,https://v.redd.it/qd53j1jtk5we1,sachit_suii,2025-05-21T11:46:56.933530Z
1kp067e,reddit,Accidental bush? OC,Found at local cemetery ,2025-05-17T18:46:25Z,funny,funny,entertainment,Entertainment,[],0,374,54,,0.75,https://i.redd.it/yhvcsuz81e1f1.jpeg,doppelgangland1,2025-05-21T11:46:57.926282Z
1klrvg0,reddit,"“Ok, but make sure I’m not in the confirmation picture holding all this food” - Me to the delivery driver",,2025-05-13T17:26:57Z,funny,funny,entertainment,Entertainment,[],0,366,27,,0.87,https://i.redd.it/lh0fp5bf3l0f1.jpeg,9VoltGorilla,2025-05-21T11:46:59.322528Z
1koijni,reddit,I definitely meant Furry,"Thank you, Steam ",2025-05-17T02:35:41Z,funny,funny,entertainment,Entertainment,[],0,363,16,,0.9,https://i.redd.it/tmhpzvt1891f1.jpeg,strawbeeeeez,2025-05-21T11:47:00.592757Z
1knxng2,reddit,Who owns this frikin cat,"I think he or she is just the cutest lol, is this what this cat really looks like? Ive had it as my profile for years, its just too silly",2025-05-16T10:39:24Z,funny,funny,entertainment,Entertainment,[],0,353,91,,0.87,https://i.redd.it/xjbix62gh41f1.jpeg,isnortvicksvaporub,2025-05-21T11:47:01.582900Z
1kjzuwz,reddit,Plans,,2025-05-11T12:26:38Z,funny,funny,entertainment,Entertainment,[],0,357,3,,0.92,https://i.redd.it/2vdtkkkzb50f1.jpeg,OddHops,2025-05-21T11:47:02.986843Z
1k4wzva,reddit,The art of Indian ads is to funny,,2025-04-22T03:43:58Z,funny,funny,entertainment,Entertainment,[],0,352,35,,0.84,https://v.redd.it/r7v5xr0g5bwe1,sanicthehoghedge12,2025-05-21T11:47:03.961374Z
1k6qoqe,reddit,He thought this was the best way to eat his food,,2025-04-24T12:14:54Z,funny,funny,entertainment,Entertainment,[],0,350,16,,0.94,https://i.redd.it/171qcwgfyrwe1.jpeg,CoyoteNew8487,2025-05-21T11:47:07.243826Z
1k6tpv4,reddit,Mortal Wombat,,2025-04-24T14:32:39Z,funny,funny,entertainment,Entertainment,[],0,344,26,,0.88,https://v.redd.it/qjo04oyzmswe1,Cutiepie88888,2025-05-21T11:47:08.287100Z
1k6yogk,reddit,graffiti doesn’t get much better than this…,,2025-04-24T17:53:14Z,funny,funny,entertainment,Entertainment,[],0,347,26,,0.88,https://i.redd.it/sexo9lfqmtwe1.jpeg,parenthetical_phrase,2025-05-21T11:47:09.611017Z
1kcfst6,reddit,Grandma? 😟,,2025-05-01T18:23:33Z,funny,funny,entertainment,Entertainment,[],0,344,47,,0.91,https://i.redd.it/1gqvh4zkq7ye1.jpeg,neeto85,2025-05-21T11:47:10.692551Z
1kae8vs,reddit,Found while aimlessly walking in Toronto after a concert,,2025-04-29T03:16:14Z,funny,funny,entertainment,Entertainment,[],0,343,12,,0.95,https://i.redd.it/xwtckiwvyoxe1.jpeg,TiredReader87,2025-05-21T11:47:11.903090Z
1kdgse7,reddit,Suspicious Dog,When you fake throw the ball one too many times and they catch on,2025-05-03T00:57:21Z,funny,funny,entertainment,Entertainment,[],0,340,25,,0.94,https://i.redd.it/nkhzqr2rtgye1.jpeg,MHillerich,2025-05-21T11:47:12.934749Z
1kndwoh,reddit,Went on a journey to meet a cultural icon,,2025-05-15T17:22:24Z,funny,funny,entertainment,Entertainment,[],0,337,52,,0.88,https://i.redd.it/ox6es0bfcz0f1.png,AgainBenAgain,2025-05-21T11:47:13.968118Z
1kmgqc4,reddit,Be careful out there. Seems the randomize(cars) function is buggy this morning.,,2025-05-14T14:34:15Z,funny,funny,entertainment,Entertainment,[],0,342,55,,0.92,https://i.redd.it/su1qx4sidr0f1.jpeg,NotAPickle,2025-05-21T11:47:15.268134Z
1kejarb,reddit,Quickest way to get in a fight in an Aussie pub?,,2025-05-04T13:02:50Z,funny,funny,entertainment,Entertainment,[],0,337,44,,0.84,https://v.redd.it/iulsk4xyjrye1,prean625,2025-05-21T11:47:16.450785Z
1k4d7hp,reddit,This Scaffolding Companies name is .. brilliant.,,2025-04-21T13:13:39Z,funny,funny,entertainment,Entertainment,[],0,332,31,,0.9,https://i.redd.it/j40vyoi6u6we1.jpeg,President_of_Space,2025-05-21T11:47:17.582938Z
1kgv10m,reddit,Wait a minute…,,2025-05-07T11:30:43Z,funny,funny,entertainment,Entertainment,[],0,338,23,,0.91,https://i.redd.it/y6370yceicze1.jpeg,jxs1,2025-05-21T11:47:18.884213Z
1kins8o,reddit,Saul Goodman defends the Gang in RDR 2,,2025-05-09T17:10:37Z,funny,funny,entertainment,Entertainment,[],0,324,11,,0.89,https://v.redd.it/vpcej27qgsze1,Ishnuporah,2025-05-21T11:47:19.925096Z
1kl5ffz,reddit,My dog appears holding a pair of socks then leaves,,2025-05-12T22:03:54Z,funny,funny,entertainment,Entertainment,[],0,327,30,,0.87,https://v.redd.it/bdug44fubf0f1,FrisbanaMatta,2025-05-21T11:47:21.040115Z
1kd5g7f,reddit,The evolution of Cows & its increasing IQ.,,2025-05-02T16:36:10Z,funny,funny,entertainment,Entertainment,[],0,319,35,,0.9,https://v.redd.it/9xf1fdebceye1,pirateaku,2025-05-21T11:47:22.117290Z
1k56xnm,reddit,The conclave,,2025-04-22T13:56:22Z,funny,funny,entertainment,Entertainment,[],0,330,7,,0.9,https://i.redd.it/pu3pqrgn6ewe1.jpeg,callycumla,2025-05-21T11:47:23.312805Z
1kmrihh,reddit,Why bro look so satisfied 😭,,2025-05-14T21:46:13Z,funny,funny,entertainment,Entertainment,[],0,326,8,,0.89,https://v.redd.it/yt29qu4lit0f1,SatisfactionHumble68,2025-05-21T11:47:24.387516Z
1kl9u0x,reddit,The Catalina Wine Mixer,,2025-05-13T01:31:21Z,funny,funny,entertainment,Entertainment,[],0,318,44,,0.88,https://i.redd.it/vkq9h0dxcg0f1.jpeg,Quarter103,2025-05-21T11:47:25.388754Z
1kpof4p,reddit,This can’t be real (OC),,2025-05-18T16:47:47Z,funny,funny,entertainment,Entertainment,[],0,320,45,,0.93,https://i.redd.it/6sqp7cvzkk1f1.jpeg,Fit-Abrocoma547,2025-05-21T11:47:26.599422Z
1k585uy,reddit,I thought it was funny.,,2025-04-22T14:48:34Z,funny,funny,entertainment,Entertainment,[],0,306,47,,0.86,https://i.redd.it/butrmvn0gewe1.jpeg,Nobody6269,2025-05-21T11:47:27.871101Z
1kelvd1,reddit,Never forget [oc],,2025-05-04T15:02:04Z,funny,funny,entertainment,Entertainment,[],0,301,21,,0.87,https://i.redd.it/57d2b1fd5sye1.jpeg,Zoodraws,2025-05-21T11:47:28.949190Z
1kqr7ge,reddit,Took a pic of my cat mid head shake,,2025-05-20T00:03:28Z,funny,funny,entertainment,Entertainment,[],0,309,11,,0.93,https://i.redd.it/ljv5qf0nvt1f1.png,bleepbloopdederp,2025-05-21T11:47:30.073724Z
1kgenld,reddit,I always knew Tony was an ass man.,,2025-05-06T20:21:22Z,funny,funny,entertainment,Entertainment,[],0,301,66,,0.71,https://i.redd.it/befc9nk508ze1.jpeg,Frylosphy,2025-05-21T11:47:31.085201Z
1khviwe,reddit,Remember folks...,,2025-05-08T17:13:36Z,funny,funny,entertainment,Entertainment,[],0,298,6,,0.87,https://i.redd.it/ekj55jhhclze1.jpeg,Narcosist,2025-05-21T11:47:32.326924Z
1kkpmsw,reddit,this new maid is awful,"hired a new maid, left water in the floor.
Disgraceful",2025-05-12T11:00:08Z,funny,funny,entertainment,Entertainment,[],0,296,34,,0.83,https://i.redd.it/7nn2910i1c0f1.jpeg,Traditional-Math7589,2025-05-21T11:47:33.313816Z
1kktgcg,reddit,English 0 | Bricks 100,Although I wonder if he is asking for a link instead!,2025-05-12T14:09:26Z,funny,funny,entertainment,Entertainment,[],0,291,32,,0.88,https://i.redd.it/7qmxczr9zc0f1.png,pirateaku,2025-05-21T11:47:34.457347Z
1keiscy,reddit,Talk about convenience!,,2025-05-04T12:35:31Z,funny,funny,entertainment,Entertainment,[],0,293,40,,0.95,https://i.redd.it/b0jtgc68frye1.jpeg,TeachMeImWilling69,2025-05-21T11:47:35.515828Z
1kpqpmi,reddit,He’s had enough of her shit…,The drama continues at Chuck E. Cheese. ,2025-05-18T18:24:23Z,funny,funny,entertainment,Entertainment,[],0,297,15,,0.88,https://v.redd.it/rd91se382l1f1,OBannion,2025-05-21T11:47:36.807009Z
1kfyks5,reddit,COSTCO freshly painted arrow is showing wrong direction.,,2025-05-06T07:24:59Z,funny,funny,entertainment,Entertainment,[],0,287,33,,0.91,https://i.redd.it/s5c4luym54ze1.jpeg,Beeptweet,2025-05-21T11:47:38.118977Z
1kbe2ra,reddit,[OC] The appetiser will be a doll,,2025-04-30T11:27:09Z,funny,funny,entertainment,Entertainment,[],0,290,18,,0.83,https://i.redd.it/p53doeqdjyxe1.jpeg,snelse_,2025-05-21T11:47:39.402502Z
1k89xcr,reddit,Start 'em young,,2025-04-26T10:32:01Z,funny,funny,entertainment,Entertainment,[],0,288,22,,0.89,https://v.redd.it/s4qo1uevp5xe1,DragonfruitRare4953,2025-05-21T11:47:40.412372Z
1k5bvd9,reddit,Very Honest Car Salesman 🤣,,2025-04-22T17:17:46Z,funny,funny,entertainment,Entertainment,[],0,289,23,,0.91,https://v.redd.it/15w6yyzm6fwe1,Prestigious-Yam-8605,2025-05-21T11:47:41.458015Z
1kkqii5,reddit,Who wants to grab a beer at,,2025-05-12T11:49:59Z,funny,funny,entertainment,Entertainment,[],0,287,123,,0.85,https://i.redd.it/ikl0r06eac0f1.jpeg,nasandre,2025-05-21T11:47:42.560396Z
1kovuur,reddit,This guys bike made me hungry,,2025-05-17T15:37:37Z,funny,funny,entertainment,Entertainment,[],0,288,44,,0.85,https://i.redd.it/ot1ix2dk3d1f1.jpeg,TeachMeImWilling69,2025-05-21T11:47:44.334946Z
1ko4a9n,reddit,Rocky Balboa's Punch Out!,,2025-05-16T15:51:46Z,funny,funny,entertainment,Entertainment,[],0,284,16,,0.8,https://v.redd.it/halww6f6161f1,westcal98,2025-05-21T11:47:45.430204Z
1kiuxtu,reddit,stop,,2025-05-09T22:17:59Z,funny,funny,entertainment,Entertainment,[],0,284,7,,0.85,https://v.redd.it/9optlhtiztze1,senseigoose12,2025-05-21T11:47:46.480288Z
1ko48od,reddit,The closed captions in this youtube video are going hard.,,2025-05-16T15:49:56Z,funny,funny,entertainment,Entertainment,[],0,280,18,,0.92,https://i.redd.it/p3zvx8aq061f1.jpeg,coniferous-1,2025-05-21T11:47:47.493719Z
1kdgt2v,reddit,What author penned To Kill a Mockingbird?,"Seen at tonight's game.⚾📖
📍Philadelphia, Pennsylvania, USA",2025-05-03T00:58:21Z,funny,funny,entertainment,Entertainment,[],0,283,14,,0.9,https://i.redd.it/yhpa00srtgye1.png,snrubucket,2025-05-21T11:47:48.496649Z
1k9xgrc,reddit,She’s Too Drunk,,2025-04-28T14:52:21Z,funny,funny,entertainment,Entertainment,[],0,276,12,,0.79,https://v.redd.it/ejkv31y5alxe1,MikeRightHere,2025-05-21T11:47:49.598838Z
1kf0hkr,reddit,dancing,,2025-05-05T02:00:35Z,funny,funny,entertainment,Entertainment,[],0,273,8,,0.92,https://i.redd.it/bpabfjsuevye1.jpeg,theycantalk,2025-05-21T11:47:50.727640Z
1ka9lbm,reddit,The Soggy Bottom Bastards!,,2025-04-28T23:18:37Z,funny,funny,entertainment,Entertainment,[],0,268,19,,0.79,https://v.redd.it/ee8iftihsnxe1,NationYell,2025-05-21T11:47:51.799764Z
1kmjege,reddit,"That time my dad found the cone wrapper INSIDE his cone, not outside, at McDonald's.",,2025-05-14T16:21:26Z,funny,funny,entertainment,Entertainment,[],0,268,41,,0.85,https://i.redd.it/sx0tda9nwr0f1.jpeg,ch3ych3y,2025-05-21T11:47:52.826531Z
1kc1no6,reddit,"""GIVE HIM A TICKET!"" GOES METAL",@AndreAntunesofficial,2025-05-01T05:57:46Z,funny,funny,entertainment,Entertainment,[],0,268,122,,0.82,https://youtu.be/W22AJN2sngU,tasermyface,2025-05-21T11:47:54.441325Z
1knunin,reddit,He knows what he wants,,2025-05-16T07:04:53Z,funny,funny,entertainment,Entertainment,[],0,264,15,,0.91,https://v.redd.it/1obz6qz4f31f1,Camhasareddit,2025-05-21T11:47:56.386786Z
1klr40c,reddit,"Go ahead, toss a coin. Don't you believe that I'm a cat?",,2025-05-13T16:57:20Z,funny,funny,entertainment,Entertainment,[],0,268,9,,0.94,https://v.redd.it/z0lg2tw4yk0f1,alexavg75,2025-05-21T11:47:57.385001Z
1kos3tr,reddit,"I think your buddy’s liver is shot, he’s all jaundiced",,2025-05-17T12:43:36Z,funny,funny,entertainment,Entertainment,[],0,269,7,,0.9,https://i.redd.it/x96bsgki8c1f1.jpeg,Acidick,2025-05-21T11:47:58.396544Z
1kh1t93,reddit,Billiards Pro Tips (not good),,2025-05-07T16:33:04Z,funny,funny,entertainment,Entertainment,[],0,263,17,,0.83,https://v.redd.it/j9rbdtrkydze1,BigVelcro,2025-05-21T11:47:59.398250Z
1kbnfwf,reddit,Best product demo,This guy is amazing ,2025-04-30T18:18:36Z,funny,funny,entertainment,Entertainment,[],0,262,40,,0.9,https://youtu.be/Ofn2A1p13Sg?si=Y6ACYp2f1dHZnR4V,voluntary-death,2025-05-21T11:48:00.421118Z
1kct6kl,reddit,Does yesterday's answer apply to today's trivia for prostitutes?,,2025-05-02T05:15:08Z,funny,funny,entertainment,Entertainment,[],0,264,63,,0.74,https://i.redd.it/tq7bm9vtyaye1.jpeg,kingochaos,2025-05-21T11:48:01.603698Z
1k648v4,reddit,Cinnamon is your first clue lol,,2025-04-23T16:58:03Z,funny,funny,entertainment,Entertainment,[],0,262,37,,0.85,https://v.redd.it/f0iz8vb18mwe1,Fin745,2025-05-21T11:48:02.791883Z
1k8v2e7,reddit,How it started...,,2025-04-27T03:52:19Z,funny,funny,entertainment,Entertainment,[],0,258,9,,0.91,https://v.redd.it/4qwwxkthvaxe1,apachebell,2025-05-21T11:48:03.890358Z
1k7txru,reddit,"Someone forgot to stock the ""out of stock"" tags. 🤣",,2025-04-25T19:42:41Z,funny,funny,entertainment,Entertainment,[],0,256,16,,0.92,https://i.redd.it/1hzvlx48b1xe1.jpeg,Krazywolve,2025-05-21T11:48:04.847287Z
1kkvwb9,reddit,She may be small but she’s feisty,,2025-05-12T15:48:39Z,funny,funny,entertainment,Entertainment,[],0,254,20,,0.9,https://v.redd.it/z7eoiabtgd0f1,ZarieRose,2025-05-21T11:48:05.849369Z
1kfs0rx,reddit,Life Call,,2025-05-06T00:56:06Z,funny,funny,entertainment,Entertainment,[],0,257,24,,0.91,https://v.redd.it/5iai7or882ze1,Cyborg_Ape,2025-05-21T11:48:06.931591Z
1khq0jp,reddit,Flight call sign,,2025-05-08T13:23:22Z,funny,funny,entertainment,Entertainment,[],0,258,14,,0.92,https://i.redd.it/nvjwi5897kze1.png,Shimazuru,2025-05-21T11:48:08.021633Z
1kbdgm0,reddit,no comments about his job please. he's trying to keep it on the down low,,2025-04-30T10:50:11Z,funny,funny,entertainment,Entertainment,[],0,250,35,,0.77,https://v.redd.it/v1hfk06rcyxe1,TeenyTerry_,2025-05-21T11:48:09.025867Z
1keiei7,reddit,"You raisin, you",,2025-05-04T12:14:02Z,funny,funny,entertainment,Entertainment,[],0,251,4,,0.88,https://i.redd.it/9vamje7ebrye1.jpeg,ADHDinos_,2025-05-21T11:48:10.164707Z
1km2alf,reddit,That boy chilling,,2025-05-14T00:44:43Z,funny,funny,entertainment,Entertainment,[],0,250,9,,0.96,https://i.redd.it/fyo5ve1j9n0f1.jpeg,Kjs054,2025-05-21T11:48:11.151654Z
1k7zcw9,reddit,My Aunt just sent me this..,Nothing runs like a….goat,2025-04-25T23:45:11Z,funny,funny,entertainment,Entertainment,[],0,250,40,,0.92,https://i.redd.it/8ilys5whi2xe1.jpeg,_Trap_King_,2025-05-21T11:48:12.226699Z
1k6bwih,reddit,Contagious,,2025-04-23T22:08:38Z,funny,funny,entertainment,Entertainment,[],0,250,23,,0.71,https://i.redd.it/667zdzqfrnwe1.png,toonhole,2025-05-21T11:48:13.473499Z
1kjm8s9,reddit,She doesn't like to be watched while she eats,,2025-05-10T22:34:28Z,funny,funny,entertainment,Entertainment,[],0,247,37,,0.86,https://v.redd.it/40x5oyxi710f1,additional_image_666,2025-05-21T11:48:14.757728Z
1k5rkjw,reddit,You look a bit peaky,,2025-04-23T05:30:22Z,funny,funny,entertainment,Entertainment,[],0,245,14,,0.89,https://v.redd.it/ozkogbhctiwe1,borgstea,2025-05-21T11:48:15.948940Z
1khpu02,reddit,Should... should I answer?,,2025-05-08T13:15:19Z,funny,funny,entertainment,Entertainment,[],0,237,37,,0.88,https://i.redd.it/rscx51yy5kze1.jpeg,kimisblue,2025-05-21T11:48:16.944343Z
1k8swfa,reddit,My father in law trimmed our sago palm. Send help.,,2025-04-27T01:50:05Z,funny,funny,entertainment,Entertainment,[],0,244,35,,0.9,https://i.redd.it/v2908txo9axe1.jpeg,Kkosik-021,2025-05-21T11:48:18.000438Z
1k94mn7,reddit,Snacks [OC],,2025-04-27T14:00:44Z,funny,funny,entertainment,Entertainment,[],0,236,23,,0.82,https://i.redd.it/tm6958m1wdxe1.jpeg,Unlikely_Talk8994,2025-05-21T11:48:19.177494Z
1kqnkka,reddit,Local hoarder house that always has police stopping by must have a good realtor,,2025-05-19T21:20:17Z,funny,funny,entertainment,Entertainment,[],0,248,109,,0.8,https://i.redd.it/n3l0kaqi2t1f1.jpeg,oldboy_and_the_sea,2025-05-21T11:48:20.212974Z
1k6ue5p,reddit,Random cat on vacation wants to come home,,2025-04-24T15:00:37Z,funny,funny,entertainment,Entertainment,[],0,239,18,,0.91,https://i.redd.it/63i0c5wzrswe1.jpeg,Dfordan123,2025-05-21T11:48:21.841828Z
1kqxfai,reddit,This deleted Borat scene always cracks me up,And-uh dyis?,2025-05-20T05:42:01Z,funny,funny,entertainment,Entertainment,[],0,247,134,,0.7,https://youtu.be/6ghB0mBugww?si=IOufPGTsSwaw1Pcu,_LumpBeefbroth_,2025-05-21T11:48:22.869067Z
1kh8efa,reddit,A cow stuck in traffic jam,,2025-05-07T20:57:40Z,funny,funny,entertainment,Entertainment,[],0,235,33,,0.91,https://i.redd.it/hzhrf4ojbfze1.jpeg,MahirSenpai,2025-05-21T11:48:24.772958Z
1k7rnb8,reddit,"Watching a movie last night, I had to take a screen shot. Advertising in the 90s was amazing, SirMixaLot 4 Life!",,2025-04-25T18:07:12Z,funny,funny,entertainment,Entertainment,[],0,233,53,,0.88,https://i.redd.it/6xide3y6u0xe1.jpeg,BigOColdLotion,2025-05-21T11:48:25.875201Z
1kgz66i,reddit,Medical Unisurance,,2025-05-07T14:46:53Z,funny,funny,entertainment,Entertainment,[],0,230,7,,0.9,https://i.redd.it/ukimowjdhdze1.png,Purple_Mtns_Studio,2025-05-21T11:48:27.070266Z
1kcwjhf,reddit,Dogs Barter System,Exchanging Fresh Fish & Exchanges with Large Broom......,2025-05-02T09:13:29Z,funny,funny,entertainment,Entertainment,[],0,233,11,,0.74,https://v.redd.it/qm9cv6s05cye1,pompetsindia,2025-05-21T11:48:28.041817Z
1kgpgv8,reddit,He’s popular among the kitties :),,2025-05-07T05:11:28Z,funny,funny,entertainment,Entertainment,[],0,229,7,,0.83,https://v.redd.it/tmkz7lfqmaze1,Turkey_uke,2025-05-21T11:48:29.927839Z
1ke1tte,reddit,How to use a chopstick properly,,2025-05-03T20:03:57Z,funny,funny,entertainment,Entertainment,[],0,226,7,,0.89,https://i.redd.it/dfrb95hbimye1.jpeg,ooaussieoo,2025-05-21T11:48:30.951656Z
1kb7oy9,reddit,That's one way to say it,,2025-04-30T04:11:09Z,funny,funny,entertainment,Entertainment,[],0,230,16,,0.86,https://v.redd.it/yi50ctaldwxe1,kinghrag,2025-05-21T11:48:31.983271Z
1kmgiao,reddit,Managing expectations,,2025-05-14T14:25:17Z,funny,funny,entertainment,Entertainment,[],0,226,4,,0.92,https://i.redd.it/sqwv0vcxbr0f1.jpeg,ADHDinos_,2025-05-21T11:48:33.283484Z
1kpyajk,reddit,During The I-70 Series Today,They had to have known what they were doing.,2025-05-19T00:06:10Z,funny,funny,entertainment,Entertainment,[],0,229,19,,0.88,https://i.redd.it/q77pvfg7rm1f1.png,jrm70210,2025-05-21T11:48:34.342258Z
1kkdfmb,reddit,Shrinkflation is getting out of hand,,2025-05-11T22:41:05Z,funny,funny,entertainment,Entertainment,[],0,226,70,,0.74,https://i.redd.it/iunzo65nd80f1.jpeg,VaultDwellerMike,2025-05-21T11:48:35.359196Z
1kj0ha5,reddit,That's What Friends Are For,,2025-05-10T03:05:22Z,funny,funny,entertainment,Entertainment,[],0,223,18,,0.84,https://v.redd.it/dyxjjctyevze1,nikazmil,2025-05-21T11:48:36.720001Z
1kmvqs7,reddit,This Coke Zero tastes like shit,,2025-05-15T01:07:14Z,funny,funny,entertainment,Entertainment,[],0,222,46,,0.84,https://i.redd.it/heuvpk6giu0f1.jpeg,gibsonsux,2025-05-21T11:48:37.914030Z
1kr6k0b,reddit,My local home oil delivery guys has been drawing picks on the back of the handwritten invoices for awhile. They recently went digital but it didn’t stop Paul.,,2025-05-20T14:40:39Z,funny,funny,entertainment,Entertainment,[],0,283,22,,0.91,https://i.redd.it/rw500mo48y1f1.jpeg,BobbyBloom,2025-05-21T11:48:39.040613Z
1k8efo6,reddit,Quality Control pass!,,2025-04-26T14:38:28Z,funny,funny,entertainment,Entertainment,[],0,221,29,,0.89,https://i.redd.it/1n9khtbvx6xe1.jpeg,TheRealJamesCaird,2025-05-21T11:48:40.448846Z
1k87ec2,reddit,St. Mark the Evangelist and his pet Sasquatch,,2025-04-26T07:29:55Z,funny,funny,entertainment,Entertainment,[],0,217,17,,0.95,https://i.redd.it/afrtcitet4xe1.jpeg,VicodinJones,2025-05-21T11:48:41.634746Z
1kes64b,reddit,I just wanted my pillow to be a little fluffier...,,2025-05-04T19:29:19Z,funny,funny,entertainment,Entertainment,[],0,216,12,,0.77,https://i.redd.it/k9poxtjxgtye1.png,AlloyComics,2025-05-21T11:48:42.918825Z
1km6yv9,reddit,"I don’t know what happened, but homie is crushed.",,2025-05-14T04:56:18Z,funny,funny,entertainment,Entertainment,[],0,219,8,,0.82,https://i.redd.it/t8u7mbreio0f1.jpeg,3aTroop,2025-05-21T11:48:43.982818Z
1k8deu7,reddit,Best name for an eye drops company,,2025-04-26T13:50:36Z,funny,funny,entertainment,Entertainment,[],0,214,15,,0.91,https://i.redd.it/0p25fkvbp6xe1.jpeg,WisdomExplorer_1,2025-05-21T11:48:44.967200Z
1kqrkrk,reddit,Dog Narrowly Avoids Robot Attack.,,2025-05-20T00:21:54Z,funny,funny,entertainment,Entertainment,[],0,219,38,,0.79,https://v.redd.it/ysagv26xyt1f1,IM_FAUX_REAL_BRO,2025-05-21T11:48:46.111016Z
1kodvgc,reddit,"In Germany the show Franklin was called ""Franklin – Eine Schildkröte erobert die Welt"" (""A turtle conquers the world."") This seems inaccurate since he doesn't do much world-conquering.",,2025-05-16T22:35:40Z,funny,funny,entertainment,Entertainment,[],0,213,52,,0.84,https://i.redd.it/6b6s2am0181f1.jpeg,N/A,2025-05-21T11:48:47.298476Z
1kf6nqt,reddit,These lions are feline festive for Cinco de Mayo!,,2025-05-05T08:37:11Z,funny,funny,entertainment,Entertainment,[],0,206,7,,0.93,https://i.imgur.com/OH6RJjG.jpeg,psykotic24,2025-05-21T11:48:48.499798Z
1kp01t7,reddit,Only the best QA,,2025-05-17T18:41:03Z,funny,funny,entertainment,Entertainment,[],0,213,34,,0.92,https://i.redd.it/lnbozcja0e1f1.jpeg,EnragedKidney,2025-05-21T11:48:49.509619Z
1kjj7xx,reddit,Can't belive they're making me say this in the Drivethru,,2025-05-10T20:13:35Z,funny,funny,entertainment,Entertainment,[],0,203,46,,0.79,https://i.redd.it/4am87h6fi00f1.jpeg,Rewbikx,2025-05-21T11:48:50.676071Z
1k8iwgs,reddit,I wonder how much this sign helped,,2025-04-26T17:53:40Z,funny,funny,entertainment,Entertainment,[],0,205,28,,0.9,https://i.redd.it/5k4apkzow7xe1.jpeg,alskrnenf,2025-05-21T11:48:51.799757Z
1k4t40b,reddit,My gf's cat,,2025-04-22T00:25:01Z,funny,funny,entertainment,Entertainment,[],0,201,39,,0.81,https://i.redd.it/ygiyraiy5awe1.jpeg,Vegetable_Cost7592,2025-05-21T11:48:52.844171Z
1kbp640,reddit,You gotta keep em separated...,,2025-04-30T19:31:24Z,funny,funny,entertainment,Entertainment,[],0,204,8,,0.77,https://i.redd.it/1eemjh1sx0ye1.png,shizzblatt,2025-05-21T11:48:53.882940Z
1kpih5g,reddit,Getting revenge,,2025-05-18T12:09:11Z,funny,funny,entertainment,Entertainment,[],0,207,7,,0.83,https://i.redd.it/ggufjifa7j1f1.jpeg,jonwritesmovies,2025-05-21T11:48:54.857664Z
1kp8plx,reddit,Taken after the fact. I was very careful,,2025-05-18T01:37:39Z,funny,funny,entertainment,Entertainment,[],0,199,7,,0.92,https://i.imgur.com/kC8Kj3J.jpeg,BlakeBurna,2025-05-21T11:48:55.824650Z
1kh6a0a,reddit,Grandma is a G,"Spone with her, she said she had another one on there that said, "" keep it rolling"" ",2025-05-07T19:31:23Z,funny,funny,entertainment,Entertainment,[],0,195,13,,0.88,https://i.redd.it/lmo6qdn5weze1.jpeg,Delicious-Tell9079,2025-05-21T11:48:56.833986Z
1k561f1,reddit,Teenager didn't want to color eggs so I was left to my own designs...,,2025-04-22T13:15:57Z,funny,funny,entertainment,Entertainment,[],0,198,12,,0.89,https://i.redd.it/2vmgicshzdwe1.jpeg,royjones,2025-05-21T11:48:57.818638Z
1khm27b,reddit,"A good reporter always checks credible sources, such as BBC",,2025-05-08T09:43:39Z,funny,funny,entertainment,Entertainment,[],0,191,24,,0.84,https://v.redd.it/btu3z3t54jze1,otrovni,2025-05-21T11:48:58.828348Z
1kj1cil,reddit,Hell No: the sensible horror movie,,2025-05-10T03:55:12Z,funny,funny,entertainment,Entertainment,[],0,195,13,,0.84,https://youtu.be/olEbwhWDYwM?si=hC7jujWPR-k58L2N,Mayo_Kupo,2025-05-21T11:48:59.946262Z
1k9hwvk,reddit,Case of the missing airpod: Solved,"Took my airpod out on the couch last night because it died, but couldn’t find it later when I was going to bed. Gave up searching, assuming my cat took it because he’s weird like that. Must’ve flown into the roses when I shook out my blanket. Last place I expected to find it LMAO",2025-04-27T23:44:24Z,funny,funny,entertainment,Entertainment,[],0,187,8,,0.89,https://i.redd.it/gvph64j6sgxe1.jpeg,Advanced-Rip1664,2025-05-21T11:49:01.145203Z
1kr54j4,reddit,Spice Girls - WANNABE (Sung by the Movies!),,2025-05-20T13:39:45Z,funny,funny,entertainment,Entertainment,[],0,252,16,,0.83,https://v.redd.it/02rihtemwx1f1,Unusual__Suspect,2025-05-21T11:49:04.562764Z
1kq4ga3,reddit,Walmart clearance aisle never disappoints,,2025-05-19T05:58:50Z,funny,funny,entertainment,Entertainment,[],0,188,39,,0.84,https://i.redd.it/htq6r2k4io1f1.jpeg,imextremelymoderate,2025-05-21T11:49:05.713258Z
1kbg8ud,reddit,Pope Perks [OC],,2025-04-30T13:16:58Z,funny,funny,entertainment,Entertainment,[],0,188,5,,0.93,https://i.redd.it/208avv4y2zxe1.png,BrianWonderful,2025-05-21T11:49:06.780779Z
1kewzgw,reddit,I saw emo philips driving a Banana 🍌,,2025-05-04T23:02:25Z,funny,funny,entertainment,Entertainment,[],0,187,12,,0.9,https://i.redd.it/pgih2qj2juye1.jpeg,Simple_Salad,2025-05-21T11:49:07.789641Z
1kjqbtn,reddit,He tried his best,,2025-05-11T02:11:57Z,funny,funny,entertainment,Entertainment,[],0,181,4,,0.87,https://v.redd.it/697ppx88a20f1,ZarieRose,2025-05-21T11:49:08.825480Z
1kdgchu,reddit,New boy band “Backfield Birds” performing their original hit live,,2025-05-03T00:34:35Z,funny,funny,entertainment,Entertainment,[],0,182,16,,0.93,https://v.redd.it/358bq8uopgye1,cainlane,2025-05-21T11:49:09.860791Z
1kh8h2g,reddit,Can I?,,2025-05-07T21:00:42Z,funny,funny,entertainment,Entertainment,[],0,184,12,,0.8,https://v.redd.it/ix7sdc13cfze1,SatisfactionHumble68,2025-05-21T11:49:10.919778Z
1kmwk2t,reddit,Lucas the American hero!,,2025-05-15T01:49:06Z,funny,funny,entertainment,Entertainment,[],0,182,18,,0.84,https://v.redd.it/2wry49pwpu0f1,GlueBlueBoi,2025-05-21T11:49:12.025607Z
1k7rgsc,reddit,This guy's enjoying the fan's mist a little too much,,2025-04-25T18:00:12Z,funny,funny,entertainment,Entertainment,[],0,183,28,,0.84,https://i.redd.it/6upy6hlxs0xe1.png,Armaron123,2025-05-21T11:49:13.076261Z
1kaipqf,reddit,This reporter’s mic,,2025-04-29T08:07:59Z,funny,funny,entertainment,Entertainment,[],0,182,54,,0.84,https://i.redd.it/mraa3hoxeqxe1.jpeg,itsekalavya,2025-05-21T11:49:14.225563Z
1km1zz0,reddit,Calculator humor,Mildyinteresting mods wouldn't have this post but it's also funny so I'll share here now. I expect to find the driver on Reddit. Lol,2025-05-14T00:29:36Z,funny,funny,entertainment,Entertainment,[],0,178,16,,0.85,https://i.redd.it/0dgpu7qt6n0f1.jpeg,Imightbeacop,2025-05-21T11:49:15.629008Z
1k4qhgo,reddit,This filter is how I know my cat did something wrong,,2025-04-21T22:23:17Z,funny,funny,entertainment,Entertainment,[],0,173,9,,0.86,https://i.redd.it/no6rurm8k9we1.jpeg,TheHealingPlace,2025-05-21T11:49:16.642808Z
1kfpd3e,reddit,You and me both.,,2025-05-05T22:48:36Z,funny,funny,entertainment,Entertainment,[],0,180,7,,0.93,https://i.redd.it/o3dydzgil1ze1.jpeg,alwaysfatigued8787,2025-05-21T11:49:17.648277Z
1kp5h9w,reddit,What da dog doin,,2025-05-17T22:48:43Z,funny,funny,entertainment,Entertainment,[],0,177,47,,0.77,https://i.redd.it/xj93j56h8f1f1.jpeg,Acrobatic_Plan4508,2025-05-21T11:49:18.627905Z
1kgihcz,reddit,FREE KIN-LIN,,2025-05-06T23:03:39Z,funny,funny,entertainment,Entertainment,[],0,171,48,,0.87,https://i.redd.it/8siebv34t8ze1.jpeg,huktonfonxwrx4mi,2025-05-21T11:49:19.796173Z
1kie7uz,reddit,"A long time ago in a galaxy far, far away.... Evil empires still need to stock up on travel money",,2025-05-09T09:21:58Z,funny,funny,entertainment,Entertainment,[],0,173,10,,0.89,https://i.redd.it/77inxjd55qze1.jpeg,meatbag2010,2025-05-21T11:49:21.020488Z
1kersm7,reddit,Access required,,2025-05-04T19:13:20Z,funny,funny,entertainment,Entertainment,[],0,175,31,,0.87,https://i.redd.it/62l70ow6etye1.jpeg,Badaxe13,2025-05-21T11:49:22.047347Z
1kqtcbr,reddit,Did someone order wings?,,2025-05-20T01:51:21Z,funny,funny,entertainment,Entertainment,[],0,183,13,,0.94,https://i.redd.it/k01gzzateu1f1.png,AlphaHouston1,2025-05-21T11:49:23.116438Z
1keojln,reddit,The Kangaroo Dance,,2025-05-04T16:56:19Z,funny,funny,entertainment,Entertainment,[],0,170,37,,0.84,https://v.redd.it/ijlz4gtqpsye1,Onemendo,2025-05-21T11:49:24.154974Z
1kh5wd8,reddit,Thousands of people clap for seagull on roof while awaiting to find out if there will be a new Pope,,2025-05-07T19:16:03Z,funny,funny,entertainment,Entertainment,[],0,171,39,,0.84,https://v.redd.it/j2zl1freteze1,GamingYouTube14,2025-05-21T11:49:25.226261Z
1kfidx7,reddit,Hisss-terics next door? Better watch!,,2025-05-05T18:04:02Z,funny,funny,entertainment,Entertainment,[],0,169,7,,0.9,https://v.redd.it/fqk665vq60ze1,kinghrag,2025-05-21T11:49:26.397089Z
1kqxmly,reddit,This chicken’s got style 🐔✨,,2025-05-20T05:55:31Z,funny,funny,entertainment,Entertainment,[],0,186,34,,0.88,https://i.redd.it/s6v8hcm5lv1f1.gif,weirdqq,2025-05-21T11:49:27.457844Z
1kcmaoy,reddit,Definitely not a front for vampires,,2025-05-01T23:03:28Z,funny,funny,entertainment,Entertainment,[],0,167,12,,0.9,https://i.redd.it/iaq85eni49ye1.jpeg,supernormal,2025-05-21T11:49:28.540111Z
1k6mezh,reddit,Pork belly on pizza,,2025-04-24T07:33:37Z,funny,funny,entertainment,Entertainment,[],0,169,28,,0.79,https://v.redd.it/l71bwqh8kqwe1,BrushKey6137,2025-05-21T11:49:29.569133Z
1ko4ibl,reddit,Michelangelo's David has fallen on hard times,,2025-05-16T16:00:58Z,funny,funny,entertainment,Entertainment,[],0,167,54,,0.88,https://i.redd.it/sxwu5f7t261f1.jpeg,NIPLZ,2025-05-21T11:49:30.666832Z
1kgxe3c,reddit,Distractions.,,2025-05-07T13:29:37Z,funny,funny,entertainment,Entertainment,[],0,163,13,,0.85,https://i.redd.it/v9to1xtl3dze1.jpeg,harishcs,2025-05-21T11:49:31.793556Z
1knba17,reddit,*bonk*,,2025-05-15T15:36:34Z,funny,funny,entertainment,Entertainment,[],0,164,4,,0.9,https://v.redd.it/48qw9ywjty0f1,thanksamillion55,2025-05-21T11:49:32.773065Z
1k7obre,reddit,Day 1 of my fitness journey is going great so far!,,2025-04-25T15:51:35Z,funny,funny,entertainment,Entertainment,[],0,162,9,,0.89,https://i.redd.it/tmcgro3060xe1.jpeg,FlintTheDad,2025-05-21T11:49:33.849458Z
1k76p1h,reddit,Bootlegger's map of the United States - 1926,,2025-04-24T23:33:33Z,funny,funny,entertainment,Entertainment,[],0,160,11,,0.85,https://i.redd.it/eo0917fibvwe1.jpeg,N/A,2025-05-21T11:49:34.821720Z
1kpvwlp,reddit,Batrian camel acting childish at the Peterborough Zoo.,,2025-05-18T22:09:51Z,funny,funny,entertainment,Entertainment,[],0,163,12,,0.92,https://i.redd.it/p6zhgkbb6m1f1.jpeg,charlton92,2025-05-21T11:49:36.004478Z
1kiqp9v,reddit,Who knew toots could boost your health?!,I know someone who’s going to live an extremely long time. 😳,2025-05-09T19:13:35Z,funny,funny,entertainment,Entertainment,[],0,158,61,,0.8,https://i.redd.it/xl10x9us2tze1.jpeg,PlayfulBandicoot9119,2025-05-21T11:49:37.001027Z
1k69580,reddit,My cat is ready for Friday🤣,"Today my cat was like: ""I'm ready for this week to be over"" 🤣",2025-04-23T20:14:13Z,funny,funny,entertainment,Entertainment,[],0,157,12,,0.91,https://i.redd.it/brvaxza17nwe1.jpeg,ug3n3,2025-05-21T11:49:38.273241Z
1kgxrzr,reddit,Pac-Man Fever [OC],,2025-05-07T13:46:59Z,funny,funny,entertainment,Entertainment,[],0,155,5,,0.87,https://i.redd.it/qhnomoro6dze1.png,BrianWonderful,2025-05-21T11:49:39.272083Z
1kiurwo,reddit,Darwin Awards nominee,,2025-05-09T22:10:27Z,funny,funny,entertainment,Entertainment,[],0,153,17,,0.81,https://v.redd.it/orfhj3ncytze1,viki_pedia,2025-05-21T11:49:40.234131Z
1ke94s0,reddit,That’s what they all say,,2025-05-04T02:10:07Z,funny,funny,entertainment,Entertainment,[],0,155,17,,0.94,https://i.redd.it/bbiidlbnboye1.jpeg,scubaBiscuit,2025-05-21T11:49:41.221934Z
1klap1o,reddit,He graduated elementary school and decided to make a loud noise,,2025-05-13T02:14:28Z,funny,funny,entertainment,Entertainment,[],0,157,55,,0.78,https://v.redd.it/cox8b6bmkg0f1,Archangel_Greysone,2025-05-21T11:49:42.226792Z
1kigjjj,reddit,How much do you love your German shepherd?,What is that shape supposed to be? ,2025-05-09T11:50:43Z,funny,funny,entertainment,Entertainment,[],0,155,34,,0.81,https://i.redd.it/i60w0yfsvqze1.jpeg,chuckedeggs,2025-05-21T11:49:43.406044Z
1k8fi0k,reddit,Going in more than just the tip,,2025-04-26T15:26:13Z,funny,funny,entertainment,Entertainment,[],0,157,9,,0.92,https://i.redd.it/jv9bfayd67xe1.jpeg,Tdanger78,2025-05-21T11:49:44.755858Z
1kfv17c,reddit,There's something odd about my Uber driver.,,2025-05-06T03:32:49Z,funny,funny,entertainment,Entertainment,[],0,147,29,,0.81,https://i.redd.it/4kvrnl0803ze1.jpeg,Careless-Writing-335,2025-05-21T11:49:46.022604Z
1kc13is,reddit,Cute puppy,,2025-05-01T05:20:10Z,funny,funny,entertainment,Entertainment,[],0,147,8,,0.86,https://v.redd.it/4qp72njtu3ye1,Global-Discussion-48,2025-05-21T11:49:47.180472Z
1k4i5g4,reddit,I don’t remember this version of N64,Perfectly priced too,2025-04-21T16:47:39Z,funny,funny,entertainment,Entertainment,[],0,139,27,,0.81,https://i.redd.it/yitaobxcw7we1.jpeg,p_f50,2025-05-21T11:49:48.161367Z
1kjzzfs,reddit,There's something out there waiting for us and it ain't no baby.,,2025-05-11T12:33:29Z,funny,funny,entertainment,Entertainment,[],0,134,7,,0.82,https://i.redd.it/b3t8h60qc50f1.png,Mooseylips,2025-05-21T11:49:49.219382Z
1kdz563,reddit,Thunderbolts* Rejects,,2025-05-03T18:05:20Z,funny,funny,entertainment,Entertainment,[],0,139,7,,0.83,https://v.redd.it/tt9o18i3xlye1,WiiFitBalanceBoard,2025-05-21T11:49:50.183716Z
1kavvb1,reddit,danged hole,truer words were never spoken ,2025-04-29T18:56:45Z,funny,funny,entertainment,Entertainment,[],0,140,17,,0.89,https://i.redd.it/q8o8v0lomtxe1.jpeg,resolutebewilderment,2025-05-21T11:49:51.477724Z
1k5zukm,reddit,Good Ol' Days [OC],,2025-04-23T13:58:21Z,funny,funny,entertainment,Entertainment,[],0,136,6,,0.83,https://i.redd.it/cncw595yblwe1.png,BrianWonderful,2025-05-21T11:49:52.732874Z
1ki4ogw,reddit,I miss Sean Lock,,2025-05-08T23:41:13Z,funny,funny,entertainment,Entertainment,[],0,136,29,,0.85,https://www.youtube.com/watch?v=zU-Axn3wGRU,dj-turnminator,2025-05-21T11:49:53.729880Z
1ki0qq7,reddit,Chicago Pope,,2025-05-08T20:44:36Z,funny,funny,entertainment,Entertainment,[],0,138,5,,0.78,https://i.redd.it/ljnfk7p4emze1.jpeg,MexicanRadio,2025-05-21T11:49:54.864311Z
1kk2g2t,reddit,Time to make a U-Turn,,2025-05-11T14:35:23Z,funny,funny,entertainment,Entertainment,[],0,136,14,,0.88,https://v.redd.it/debiltmzy50f1,HD_James1210,2025-05-21T11:49:55.851285Z
1k78jc4,reddit,Grab this hard bargain while you can,Taco place in my hometown had their sign messed with. Supposed to be hard tacos. ,2025-04-25T01:04:42Z,funny,funny,entertainment,Entertainment,[],0,132,24,,0.85,https://i.redd.it/os83zmurrvwe1.jpeg,kirutli,2025-05-21T11:49:56.932190Z
1k6u3mu,reddit,Flowers must be evolving,,2025-04-24T14:48:37Z,funny,funny,entertainment,Entertainment,[],0,132,20,,0.9,https://i.redd.it/ib7fhkvupswe1.jpeg,the_username_please,2025-05-21T11:49:57.949774Z
1k62inj,reddit,[OC] Great pic,,2025-04-23T15:48:26Z,funny,funny,entertainment,Entertainment,[],0,128,5,,0.87,https://i.redd.it/rezhjv5mvlwe1.jpeg,snelse_,2025-05-21T11:49:58.971284Z
1k5xxpn,reddit,Rewatching Pokémon [OC],,2025-04-23T12:29:46Z,funny,funny,entertainment,Entertainment,[],0,134,11,,0.85,https://i.redd.it/lae050w5wkwe1.jpeg,malxwas,2025-05-21T11:49:59.959291Z
1khl7bi,reddit,New pope confirmed.,,2025-05-08T08:40:38Z,funny,funny,entertainment,Entertainment,[],0,129,20,,0.76,https://i.redd.it/hcnr628xsize1.jpeg,gregofdeath,2025-05-21T11:50:00.966418Z
1k8xva0,reddit,"Press conference, emergencies",,2025-04-27T06:55:50Z,funny,funny,entertainment,Entertainment,[],0,130,8,,0.86,https://v.redd.it/45sfjhy4sbxe1,Gracestagelight,2025-05-21T11:50:02.049979Z
1klnezz,reddit,Two Wizards bragging about spells they've learnt,,2025-05-13T14:30:53Z,funny,funny,entertainment,Entertainment,[],0,132,14,,0.74,https://v.redd.it/z5d2ysnf7k0f1,WarthogDiligent8090,2025-05-21T11:50:03.028817Z
1kbdo93,reddit,My dog learnt how to make us laugh when she wants something :'),By now I have loads of photo's of her upside down making faces but the latest is the most unhinged (and meme-worthy) Hope y'all have a wonderful day!,2025-04-30T11:03:10Z,funny,funny,entertainment,Entertainment,[],0,127,2,,0.9,https://i.redd.it/qjqne5n3fyxe1.jpeg,LiteratureFirm599,2025-05-21T11:50:04.181744Z
1ko4bgl,reddit,"Yes, that’s what she said.",,2025-05-16T15:53:06Z,funny,funny,entertainment,Entertainment,[],0,130,11,,0.86,https://i.redd.it/y4dgq4te161f1.jpeg,PaddleMonkey,2025-05-21T11:50:05.157192Z
1kmdvw7,reddit,Perseverance [OC],,2025-05-14T12:27:41Z,funny,funny,entertainment,Entertainment,[],0,123,4,,0.85,https://i.redd.it/sio5abgxqq0f1.png,BrianWonderful,2025-05-21T11:50:06.135617Z
1k7q5r5,reddit,Invited a friend to poop.,,2025-04-25T17:06:49Z,funny,funny,entertainment,Entertainment,[],0,120,19,,0.72,https://i.redd.it/t272x9bdj0xe1.jpeg,TheUnk311,2025-05-21T11:50:07.277216Z
1k8r8ir,reddit,I saw this on Amazon while shopping for a new lawnmower,"With Tow Behind ATV&Golf Cart Mowers currently selling at $4000. Dollars I assembled a Conglomerated Budget Build Tow Behind the motors are strong at 170cc out of 4 mowers I have one that spewed oil out the muffler so the rings might not be good on that one yet it runs still. I used stainless steel zip ties to bind a $57. 1 1/2 inch steel pipe. 100 47 inch stainless steel zip ties $99.99 100 14 inch Zip ties $20.00 an 80 inch mower for that amount of money. The satisfaction is Priceless!
",2025-04-27T00:21:35Z,funny,funny,entertainment,Entertainment,[],0,118,50,,0.78,https://i.redd.it/vjgrq8hwt9xe1.jpeg,AHalfFilledBox,2025-05-21T11:50:08.723034Z
1ko5hwz,reddit,Batman for the sneak attack!,"Batman is our OG black rescue cat. When we brought white boy rescue, Echo into our fam, he was kind of an a-hole and bullied Batman. Batman sald enough is enough!!",2025-05-16T16:41:25Z,funny,funny,entertainment,Entertainment,[],0,120,15,,0.72,https://v.redd.it/p81oezp0a61f1,Yo_WhoNeeds2Know,2025-05-21T11:50:10.463543Z
1kmamb4,reddit,A boatercycle.,Weee,2025-05-14T09:08:46Z,funny,funny,entertainment,Entertainment,[],0,121,14,,0.87,https://v.redd.it/ptld7edrqp0f1,SaintNattygrumpo,2025-05-21T11:50:11.733079Z
1k971rh,reddit,Embrace it!,,2025-04-27T15:48:22Z,funny,funny,entertainment,Entertainment,[],0,119,1,,0.81,https://i.redd.it/l72zupy5fexe1.png,soyourlife,2025-05-21T11:50:12.777034Z
1k7u6ij,reddit,bro knows some tricks,,2025-04-25T19:53:07Z,funny,funny,entertainment,Entertainment,[],0,124,2,,0.84,https://v.redd.it/thxmiajqc1xe1,vaper12345,2025-05-21T11:50:13.799714Z
1kc34hw,reddit,Well they didn’t have to be so blunt about it,,2025-05-01T07:41:09Z,funny,funny,entertainment,Entertainment,[],0,119,22,,0.79,https://i.redd.it/1ggdw93xj4ye1.jpeg,Bahbahbro,2025-05-21T11:50:15.236834Z
1k8essh,reddit,I photoshopped my cat.,,2025-04-26T14:55:05Z,funny,funny,entertainment,Entertainment,[],0,120,38,,0.71,https://i.redd.it/whvug60u07xe1.jpeg,Herbert_Napkin,2025-05-21T11:50:16.731842Z
1knfayw,reddit,Blue collar birthday cake.,,2025-05-15T18:18:07Z,funny,funny,entertainment,Entertainment,[],0,121,24,,0.82,https://i.redd.it/xq10djmdmz0f1.png,CplKingShaw,2025-05-21T11:50:17.833092Z
1kgf84c,reddit,I found out my shoes have a funny message in it,,2025-05-06T20:44:34Z,funny,funny,entertainment,Entertainment,[],0,114,15,,0.78,https://i.redd.it/pwfrm0ua48ze1.jpeg,Claas2008,2025-05-21T11:50:18.881115Z
1kihnh4,reddit,Finally figured out where I've seen Wes Borland's look before,Wanted Poster Homer is dashing,2025-05-09T12:48:38Z,funny,funny,entertainment,Entertainment,[],0,112,10,,0.74,https://i.redd.it/y5q230a46rze1.jpeg,Sonzabitches,2025-05-21T11:50:20.051930Z
1kk34fy,reddit,[OC] what number are you currently?,,2025-05-11T15:05:37Z,funny,funny,entertainment,Entertainment,[],0,115,280,,0.68,https://i.redd.it/jpm8z1wd460f1.jpeg,snelse_,2025-05-21T11:50:21.320103Z
1k66lqn,reddit,3 ring circus...,,2025-04-23T18:31:33Z,funny,funny,entertainment,Entertainment,[],0,112,6,,0.82,https://i.redd.it/y9g2fvspomwe1.png,shizzblatt,2025-05-21T11:50:24.156771Z
1kk3kxg,reddit,memory,,2025-05-11T15:25:57Z,funny,funny,entertainment,Entertainment,[],0,116,3,,0.83,https://i.redd.it/nmsjv630860f1.png,chrisnaish,2025-05-21T11:50:25.122338Z
1kpicaj,reddit,More of an art than a science [OC],,2025-05-18T12:01:43Z,funny,funny,entertainment,Entertainment,[],0,114,4,,0.87,https://i.redd.it/y4o5bjmm5j1f1.jpeg,OddHops,2025-05-21T11:50:26.170018Z
1k8tt7e,reddit,Practice makes perfect,"Went axe/knife throwing, the knife said: ""Not today""",2025-04-27T02:40:08Z,funny,funny,entertainment,Entertainment,[],0,113,17,,0.87,https://i.redd.it/ktzxn5hmiaxe1.jpeg,ug3n3,2025-05-21T11:50:27.181785Z
1kpqw33,reddit,I love games with real time cutscenes,,2025-05-18T18:32:00Z,funny,funny,entertainment,Entertainment,[],0,124,17,,0.88,https://v.redd.it/ragrbmjh3l1f1,Fazazzle,2025-05-21T11:50:28.207814Z
1klhh74,reddit,stepping on a bus from oilyfoot65,,2025-05-13T09:18:34Z,funny,funny,entertainment,Entertainment,[],0,111,7,,0.78,https://v.redd.it/lqhtbcw9oi0f1,Mind-Jacked,2025-05-21T11:50:29.331495Z
1k4e3l0,reddit,"Chipmunk knocks Easter egg off of Angel’s Landing, Zion",Hiked Angel’s Landing yesterday and found a cute egg with a face drawn on it balanced at the top! The chipmunk had other plans 🧐,2025-04-21T13:54:36Z,funny,funny,entertainment,Entertainment,[],0,108,19,,0.85,https://v.redd.it/k95h6tjc07we1,spicycactus19,2025-05-21T11:50:30.446658Z
1kdo7a4,reddit,What are you doing step Dino?,,2025-05-03T08:30:44Z,funny,funny,entertainment,Entertainment,[],0,109,35,,0.73,https://i.redd.it/770y37jm2jye1.jpeg,TheFriendlyManO,2025-05-21T11:50:31.639147Z
1kfpm7t,reddit,Michael Bay’s budget cuts hitting hard this year…,,2025-05-05T23:00:23Z,funny,funny,entertainment,Entertainment,[],0,104,5,,0.82,https://i.redd.it/yb098gcmn1ze1.jpeg,Iamatwat123,2025-05-21T11:50:32.729722Z
1kbkenu,reddit,stop letting me stop you,,2025-04-30T16:13:49Z,funny,funny,entertainment,Entertainment,[],0,105,6,,0.85,https://i.redd.it/cxm922beyzxe1.png,chrisnaish,2025-05-21T11:50:33.720114Z
1k50jec,reddit,"Godzilla hammer just launched in Japan... 
We're getting into Krusty the Clown levels of merchandising",,2025-04-22T07:31:41Z,funny,funny,entertainment,Entertainment,[],0,109,19,,0.83,https://i.redd.it/ajygq081acwe1.png,kogemai,2025-05-21T11:50:34.800687Z
1kdvp2o,reddit,Not workin’ or No twerkin’?!,I’m confused,2025-05-03T15:33:50Z,funny,funny,entertainment,Entertainment,[],0,106,26,,0.9,https://i.redd.it/k5ifmw646lye1.jpeg,azjoe13,2025-05-21T11:50:36.052490Z
1k6xo0y,reddit,Baby Goatups,,2025-04-24T17:12:08Z,funny,funny,entertainment,Entertainment,[],0,106,14,,0.84,https://v.redd.it/b22r530fftwe1,SteedVM,2025-05-21T11:50:37.328995Z
1k5nb04,reddit,"Sure, you've heard of the 3 shells. But what about the 6 pinecones?",Found in the restroom of a wonderful Cuban place today.,2025-04-23T01:32:13Z,funny,funny,entertainment,Entertainment,[],0,104,33,,0.87,https://i.redd.it/2avy17tumhwe1.jpeg,deaddiquette,2025-05-21T11:50:38.392364Z
1kmgq1x,reddit,I can’t help but pester her sometimes…,,2025-05-14T14:33:55Z,funny,funny,entertainment,Entertainment,[],0,101,14,,0.69,https://v.redd.it/lcfy714fdr0f1,RStilesVol,2025-05-21T11:50:39.550982Z
1kl7lbm,reddit,Saw this at a Korean BBQ Restaurant,This was my phrase for the rest of the meal 😉,2025-05-12T23:41:38Z,funny,funny,entertainment,Entertainment,[],0,100,13,,0.74,https://i.redd.it/envinbxctf0f1.jpeg,SaltiGingi,2025-05-21T11:50:41.941012Z
1kf6ubp,reddit,My mother spotted an elusive Ring-tailed Scounger on her birdfeeder,,2025-05-05T08:50:48Z,funny,funny,entertainment,Entertainment,[],0,102,4,,0.88,https://i.imgur.com/v2h8Udv.jpeg,Warcraft_Fan,2025-05-21T11:50:43.173712Z
1ke2qcv,reddit,I Replaced the robot freakout videos audio with the cursing parrot audio.,,2025-05-03T20:45:41Z,funny,funny,entertainment,Entertainment,[],0,104,10,,0.8,https://v.redd.it/k2xnjy1npmye1,tinfoilzhat,2025-05-21T11:50:44.186356Z
1k7wmt2,reddit,Nice try SpongeBob and Patrick,,2025-04-25T21:37:43Z,funny,funny,entertainment,Entertainment,[],0,99,6,,0.8,https://i.redd.it/hkz3fv3rv1xe1.jpeg,rpodovich,2025-05-21T11:50:45.204386Z
1k48j9y,reddit,A quick snack!,,2025-04-21T08:29:29Z,funny,funny,entertainment,Entertainment,[],0,101,19,,0.79,https://v.redd.it/ohycg89hf5we1,Saerdna0,2025-05-21T11:50:46.334221Z
1k80izp,reddit,Please program me! I just want to be informative,,2025-04-26T00:44:00Z,funny,funny,entertainment,Entertainment,[],0,98,10,,0.89,https://v.redd.it/hj68uruys2xe1,Italianstyle73,2025-05-21T11:50:47.366737Z
1k5ncjg,reddit,Never ever EVER using a piping bag for refried beans on my nachoes ever again....,"Look, I was just trying something new. Can't blame a guy for trying.",2025-04-23T01:34:30Z,funny,funny,entertainment,Entertainment,[],0,96,25,,0.88,https://i.redd.it/orqyo9j9nhwe1.jpeg,burnyoudown13,2025-05-21T11:50:48.375994Z
1khuoi5,reddit,"Silly Dad joke I just made, thought it was pretty good.","\*For context, my wife just came home from a first day at her new career.  She basically just had to go in to finish off the on-boarding paperwork.\*

Wife: \*While pooping\* ""I'm glad I didn't do this there!""

Me: ""Might not have been their first impression, but it would have been #2.""",2025-05-08T16:39:24Z,funny,funny,entertainment,Entertainment,[],0,96,10,,0.72,https://www.reddit.com/r/funny/comments/1khuoi5/silly_dad_joke_i_just_made_thought_it_was_pretty/,DuranDurandall,2025-05-21T11:50:49.466638Z
1kgzc8m,reddit,My spring roll is alive,,2025-05-07T14:54:01Z,funny,funny,entertainment,Entertainment,[],0,98,39,,0.8,https://v.redd.it/67gs97emidze1,OrangeDot710,2025-05-21T11:50:50.703057Z
1kkyln2,reddit,Coincidence?!,,2025-05-12T17:33:53Z,funny,funny,entertainment,Entertainment,[],0,93,11,,0.83,https://i.redd.it/9j4wqyzqzd0f1.png,Dietomaha,2025-05-21T11:50:51.802791Z
1ki9b13,reddit,Asked mom to send her cutest pic of me.,,2025-05-09T03:47:54Z,funny,funny,entertainment,Entertainment,[],0,95,11,,0.75,https://i.redd.it/az6j81inhoze1.jpeg,Melodic_Quiet_1481,2025-05-21T11:50:53.031779Z
1k48ck3,reddit,Found this at the beach :D,,2025-04-21T08:16:03Z,funny,funny,entertainment,Entertainment,[],0,95,16,,0.86,https://i.redd.it/9vg645o1d5we1.jpeg,pokishious,2025-05-21T11:50:53.999373Z
1kejj3d,reddit,Dogs only want one thing…,,2025-05-04T13:14:37Z,funny,funny,entertainment,Entertainment,[],0,91,3,,0.85,https://v.redd.it/3b2d7rs2mrye1,SolidDrake117,2025-05-21T11:50:55.073499Z
1kbe07q,reddit,Cat Rancher,,2025-04-30T11:22:53Z,funny,funny,entertainment,Entertainment,[],0,92,7,,0.79,https://i.redd.it/jnc6tffmiyxe1.jpeg,rebelrosepins,2025-05-21T11:50:56.143884Z
1keeoqc,reddit,The Gunfighter,,2025-05-04T08:05:45Z,funny,funny,entertainment,Entertainment,[],0,94,9,,0.87,https://v.redd.it/vzuqe6223qye1,poka1123,2025-05-21T11:50:57.193765Z
1klu6o5,reddit,Horror game + VR = Noises,"As you can't tell, I don't do very well with scary things",2025-05-13T18:56:31Z,funny,funny,entertainment,Entertainment,[],0,91,9,,0.76,https://v.redd.it/xh2ejm34jl0f1,Old_Main476,2025-05-21T11:51:00.981129Z
1kiy3z9,reddit,Who's ready to get 'slawed?,,2025-05-10T00:55:16Z,funny,funny,entertainment,Entertainment,[],0,90,21,,0.7,https://i.redd.it/6c7ky4irruze1.jpeg,doombrother78,2025-05-21T11:51:02.467871Z
1keuscm,reddit,Proof of Bigfoot (oc),,2025-05-04T21:21:48Z,funny,funny,entertainment,Entertainment,[],0,88,20,,0.71,https://i.redd.it/1ukqrop31uye1.jpeg,WestCoastInquirer,2025-05-21T11:51:03.511633Z
1kjo9zb,reddit,Ha,Saw this cat today ,2025-05-11T00:18:17Z,funny,funny,entertainment,Entertainment,[],0,88,28,,0.8,https://i.redd.it/k5z0awt2q10f1.jpeg,princesscdsm,2025-05-21T11:51:04.960511Z
1khyr3v,reddit,Thought the nuggets tasted a little singed.,,2025-05-08T19:22:59Z,funny,funny,entertainment,Entertainment,[],0,91,24,,0.73,https://i.redd.it/oyn8cydkzlze1.jpeg,pathfire,2025-05-21T11:51:06.029193Z
1kgw3eh,reddit,Detective Pikachu [OC],,2025-05-07T12:27:57Z,funny,funny,entertainment,Entertainment,[],0,87,1,,0.83,https://i.redd.it/zt8vvcvlscze1.jpeg,malxwas,2025-05-21T11:51:07.135866Z
1kphhmy,reddit,Flood warning,,2025-05-18T11:10:25Z,funny,funny,entertainment,Entertainment,[],0,89,6,,0.84,https://i.redd.it/1620y3zswi1f1.jpeg,Christof_P,2025-05-21T11:51:08.104821Z
1kdhpth,reddit,Lion propaganda,,2025-05-03T01:46:56Z,funny,funny,entertainment,Entertainment,[],0,85,7,,0.75,https://v.redd.it/h6r8a7cl2hye1,BeautifulSea9005,2025-05-21T11:51:09.143582Z
1ki53ct,reddit,Hey!! Imma da pope-a,,2025-05-09T00:01:12Z,funny,funny,entertainment,Entertainment,[],0,86,14,,0.72,https://v.redd.it/s6l12hm1dnze1,TabbyLabby_acpc,2025-05-21T11:51:10.186268Z
1kbz91c,reddit,Yes it is,,2025-05-01T03:29:06Z,funny,funny,entertainment,Entertainment,[],0,83,20,,0.81,https://i.redd.it/rlc4dx10b3ye1.jpeg,aconthesand,2025-05-21T11:51:11.228275Z
1kaesq3,reddit,Alex typing,,2025-04-29T03:46:58Z,funny,funny,entertainment,Entertainment,[],0,85,9,,0.82,https://v.redd.it/pnxfnn7d4pxe1,Final-Communication6,2025-05-21T11:51:12.634624Z
1k5ea25,reddit,My dog tried to be intimidating… but forgot he's shaped like a loaf of bread.,"He barked at the mailman with full confidence, then immediately tripped over his own stubby legs and rolled down the porch like a baguette in distress. 10/10 effort, 0/10 intimidation.
",2025-04-22T18:53:01Z,funny,funny,entertainment,Entertainment,[],0,81,22,,0.78,https://www.reddit.com/r/funny/comments/1k5ea25/my_dog_tried_to_be_intimidating_but_forgot_hes/,Apprehensive_Can1741,2025-05-21T11:51:13.743310Z
1k9cp0u,reddit,REI Gem,I love reading the reasons for returns in the Re-coop section and found a little gem. Was tempted on picking it up just for the card. ,2025-04-27T19:47:59Z,funny,funny,entertainment,Entertainment,[],0,83,6,,0.88,https://i.redd.it/okiywk20mfxe1.jpeg,Brown_MD_Man,2025-05-21T11:51:14.809622Z
1kp1jhg,reddit,How my brother fixed his bed for our guests,,2025-05-17T19:45:46Z,funny,funny,entertainment,Entertainment,[],0,86,11,,0.71,https://i.redd.it/f1jbskhtbe1f1.jpeg,K-dog2010,2025-05-21T11:51:16.604399Z
1k4zbsk,reddit,Must Destory Lego City,Too much time on someone's hands,2025-04-22T06:06:49Z,funny,funny,entertainment,Entertainment,[],0,85,12,,0.83,https://youtu.be/_wGhzqc6zC0?si=LP-2eBCCRGIslka1,isaiddgooddaysir,2025-05-21T11:51:17.577012Z
1kgzxjt,reddit,Mixed Message,,2025-05-07T15:17:40Z,funny,funny,entertainment,Entertainment,[],0,81,3,,0.86,https://i.redd.it/l3w1luqtmdze1.png,soyourlife,2025-05-21T11:51:18.628920Z
1k8rkjr,reddit,Can't even get mad really,,2025-04-27T00:38:47Z,funny,funny,entertainment,Entertainment,[],0,77,9,,0.84,https://v.redd.it/yjl4psbyw9xe1,Immediate_Concert_46,2025-05-21T11:51:19.589956Z
1k58b7i,reddit,We got you now you wascawwy wabbit!,,2025-04-22T14:54:51Z,funny,funny,entertainment,Entertainment,[],0,81,41,,0.75,https://i.redd.it/3c39dq93hewe1.jpeg,FizzlePopBerryTwist,2025-05-21T11:51:20.566944Z
1kgbfce,reddit,What the?,,2025-05-06T18:10:35Z,funny,funny,entertainment,Entertainment,[],0,79,88,,0.67,https://i.redd.it/5241l7utc7ze1.jpeg,Virtual_Molasses8039,2025-05-21T11:51:21.917973Z
1k9b4f2,reddit,A new leash on life...,,2025-04-27T18:40:28Z,funny,funny,entertainment,Entertainment,[],0,80,1,,0.77,https://i.redd.it/hmnie4px9fxe1.png,shizzblatt,2025-05-21T11:51:23.964980Z
1ke6s1p,reddit,On the county jail,,2025-05-04T00:00:32Z,funny,funny,entertainment,Entertainment,[],0,76,2,,0.85,https://i.redd.it/kkf8uvwionye1.jpeg,SedimentSock82,2025-05-21T11:51:24.985134Z
1kbmmuv,reddit,How much is the GOOD fish?,Correct translation is Bighead Carp,2025-04-30T17:45:40Z,funny,funny,entertainment,Entertainment,[],0,81,37,,0.78,https://i.redd.it/flyyb8vwe0ye1.jpeg,phaeolus97,2025-05-21T11:51:25.934626Z
1k5iu2o,reddit,"""Honey, you should really use a ladder.""",,2025-04-22T21:59:19Z,funny,funny,entertainment,Entertainment,[],0,75,10,,0.76,https://v.redd.it/6brnwojukgwe1,lucky8ba11,2025-05-21T11:51:27.055545Z
1kmfuuf,reddit,Quite the headline!,Needs no further comment. ,2025-05-14T13:58:21Z,funny,funny,entertainment,Entertainment,[],0,76,8,,0.75,https://i.redd.it/r95e3o947r0f1.jpeg,Chayes83,2025-05-21T11:51:28.041704Z
1keahdh,reddit,Is my dog vemon?,,2025-05-04T03:28:16Z,funny,funny,entertainment,Entertainment,[],0,78,19,,0.71,https://i.redd.it/2j5orz9lpoye1.jpeg,upsidedownshelf,2025-05-21T11:51:29.138317Z
1kl9rhd,reddit,These taxidermied animals from Museo La Salle in Costa Rica,,2025-05-13T01:27:47Z,funny,funny,entertainment,Entertainment,[],0,71,17,,0.76,https://i.redd.it/n41hflqacg0f1.jpeg,journeyman369,2025-05-21T11:51:30.217633Z
1kjso2l,reddit,Our dog begging to lick the peanut butter spoon.,He,2025-05-11T04:28:55Z,funny,funny,entertainment,Entertainment,[],0,72,19,,0.73,https://v.redd.it/016dk8sry20f1,Entophreak,2025-05-21T11:51:31.280943Z
1kcckc2,reddit,Found at my auto tech trade school last night 🚙,,2025-05-01T16:10:24Z,funny,funny,entertainment,Entertainment,[],0,72,8,,0.8,https://i.redd.it/8v8tkcut27ye1.jpeg,Salty-Living-3412,2025-05-21T11:51:32.290654Z
1k7ninr,reddit,Winzyn Churchill,,2025-04-25T15:18:03Z,funny,funny,entertainment,Entertainment,[],0,70,20,,0.8,https://i.redd.it/p2p8bzjzzzwe1.jpeg,StreetzofFire,2025-05-21T11:51:33.297393Z
1kqszsr,reddit,"Danly, you are not going to believe this.",,2025-05-20T01:33:49Z,funny,funny,entertainment,Entertainment,[],0,74,22,,0.77,https://youtu.be/t3Q1pD3_He8?si=WOIlRMpFKZMToUCW,madisoncb29,2025-05-21T11:51:34.448054Z
1kqfyg4,reddit,Found this in my IT 'accompanying student book'. Can't believe they let this one slip past!,,2025-05-19T16:23:44Z,funny,funny,entertainment,Entertainment,[],0,74,19,,0.73,https://i.redd.it/pma33819lr1f1.jpeg,Wirmaple73,2025-05-21T11:51:35.776363Z
1kqv1za,reddit,I bought my dog communication buttons and we are making progress,,2025-05-20T03:20:39Z,funny,funny,entertainment,Entertainment,[],0,79,6,,0.8,https://v.redd.it/ux6h95gmuu1f1,DJGammaRabbit,2025-05-21T11:51:37.302996Z
1kpkz5b,reddit,Meeting someone while on an errand,,2025-05-18T14:15:35Z,funny,funny,entertainment,Entertainment,[],0,70,8,,0.66,https://i.redd.it/wzjhgwmttj1f1.png,luvs_animals,2025-05-21T11:51:38.719410Z
1kbgjn3,reddit,“I’m out of pepper!” “Don’t worry fam…”,,2025-04-30T13:30:10Z,funny,funny,entertainment,Entertainment,[],0,70,3,,0.8,https://i.redd.it/qbhqeirb5zxe1.jpeg,sinisterdesign,2025-05-21T11:51:39.697062Z
1ka8s8e,reddit,Wawa-Keeping It Simple for you,I hate to see what would have happened to my food had they not dumbed it down. Chaos. ,2025-04-28T22:41:03Z,funny,funny,entertainment,Entertainment,[],0,68,17,,0.72,https://i.redd.it/tyg9dfeslnxe1.jpeg,mojo_for_real,2025-05-21T11:51:40.666940Z
1kjcxp1,reddit,Spotted at the Nursery 😂,Go get your hairy balls for planting!,2025-05-10T15:30:09Z,funny,funny,entertainment,Entertainment,[],0,70,9,,0.81,https://i.redd.it/m6wk1ypu3zze1.jpeg,stonebridge0,2025-05-21T11:51:42.083160Z
1kcqszy,reddit,For those who love round hot dogs...,,2025-05-02T02:53:49Z,funny,funny,entertainment,Entertainment,[],0,67,27,,0.83,https://i.redd.it/krwmffqg9aye1.jpeg,mikepaineshow,2025-05-21T11:51:43.051022Z
1k6qn7g,reddit,Directions unclear. Pooped on the escalator.,,2025-04-24T12:12:38Z,funny,funny,entertainment,Entertainment,[],0,71,7,,0.77,https://i.redd.it/eamfdi11yrwe1.png,No_missed_steak,2025-05-21T11:51:44.102480Z
1key7zg,reddit,Cant be late again!,Fowl play bub 🫤,2025-05-05T00:02:11Z,funny,funny,entertainment,Entertainment,[],0,70,8,,0.73,https://v.redd.it/r7yucl0ptuye1,DramaticArmadillo797,2025-05-21T11:51:45.086798Z
1k60kdr,reddit,Found this while biking. I nearly fell of my bicycle,,2025-04-23T14:28:48Z,funny,funny,entertainment,Entertainment,[],0,68,15,,0.73,https://i.redd.it/rzkrh9udhlwe1.jpeg,pokishious,2025-05-21T11:51:46.284043Z
1ke5p3s,reddit,We got Las Vegas Sphere at Home,,2025-05-03T23:06:46Z,funny,funny,entertainment,Entertainment,[],0,68,6,,0.88,https://i.redd.it/amkhq0kxenye1.jpeg,space_tardigrades,2025-05-21T11:51:48.067254Z
1k9ei23,reddit,It's a pantry … pant tree,,2025-04-27T21:05:58Z,funny,funny,entertainment,Entertainment,[],0,63,18,,0.74,https://i.redd.it/nuw7csnvzfxe1.jpeg,vintagedragon9,2025-05-21T11:51:49.051486Z
1kmld1a,reddit,New Perspective,,2025-05-14T17:38:21Z,funny,funny,entertainment,Entertainment,[],0,64,5,,0.74,https://i.redd.it/khsvxx0das0f1.png,soyourlife,2025-05-21T11:51:50.282559Z
1kjv3hy,reddit,Napoleon being Napoleon,"Napoleon said:
""Glory is fleeting, but obscurity is forever"".
Then got turned into a meme 200 years later.",2025-05-11T07:10:00Z,funny,funny,entertainment,Entertainment,[],0,65,11,,0.7,https://i.redd.it/u8r9wk0jr30f1.jpeg,WiseSubject94,2025-05-21T11:51:51.330974Z
1k9ck3p,reddit,"For the record, I was only semi-kidding.  I never expected for him to actually comply!  ;p",,2025-04-27T19:42:06Z,funny,funny,entertainment,Entertainment,[],0,65,3,,0.65,https://i.redd.it/ck3lxiuwkfxe1.png,AlloyComics,2025-05-21T11:51:52.344375Z
1kk22ca,reddit,A wonderful ET-like story,,2025-05-11T14:17:57Z,funny,funny,entertainment,Entertainment,[],0,62,7,,0.66,https://i.redd.it/cablkx9vv50f1.png,luvs_animals,2025-05-21T11:51:53.495971Z
1kgbn8h,reddit,Give me compliments,I said ,2025-05-06T18:19:17Z,funny,funny,entertainment,Entertainment,[],0,60,13,,0.8,https://youtu.be/zi8ShAosqzI?si=HG8BvXIlmPqFIKXR,ShaggyLlamaRage,2025-05-21T11:51:54.563754Z
1kfvn4f,reddit,Watching The Chronicles Of Narnia 1988 BBC Series.,,2025-05-06T04:07:44Z,funny,funny,entertainment,Entertainment,[],0,59,8,,0.77,https://v.redd.it/ztt3m2fg63ze1,TimothyZentz,2025-05-21T11:51:56.131660Z
1ke81xh,reddit,"Marvin may be clueless, but at least he won't murder you in your sleep",,2025-05-04T01:09:40Z,funny,funny,entertainment,Entertainment,[],0,58,14,,0.73,https://i.redd.it/d3qjm6lt0oye1.png,VagabondVivant,2025-05-21T11:51:57.121200Z
1kcsz92,reddit,Today I realized my vacuum cleaner has a more exciting life than I do...,"I came home after a ""busy"" day (read: I pretended to work for 8 hours on Zoom and had cookies for dinner), only to find my Roomba drifting around the living room. No joke — it was performing a routine worthy of Dancing with the Stars: three pirouettes around a lonely sock, a flawless dodge of the charging cable (which I can’t even manage sober), and then a gentle bump into the bathroom door, like it was checking in on me.

Meanwhile, I was slumped on the couch, emotionally buffering, and it was out there living: cleaning, exploring, maybe even nurturing a complicated relationship with the mop in the corner.

Honestly, I started to envy it. It has purpose. It has direction. It has a backup battery. I don’t even have decent toothpaste.

I think it’s time I make it a Tinder profile. Who knows, maybe it’ll find love before I do. Or at least have a romantic dinner with the kitchen blender.

P.S. If it ever disappears, just know it ran away with the espresso machine. I knew something was going on between them — I saw the way they looked at each other in the mornings... all steamy and intense.",2025-05-02T05:02:11Z,funny,funny,entertainment,Entertainment,[],0,61,8,,0.71,https://www.reddit.com/r/funny/comments/1kcsz92/today_i_realized_my_vacuum_cleaner_has_a_more/,Ok-Acanthisitta884,2025-05-21T11:51:58.208711Z
1kakuf4,reddit,Is it me or this guy seems to be having a little too much fun?,Seen in Rome metro,2025-04-29T10:42:56Z,funny,funny,entertainment,Entertainment,[],0,62,6,,0.82,https://i.redd.it/5tf6pcui6rxe1.jpeg,milkcloudsinmytea,2025-05-21T11:51:59.171649Z
1kpb11o,reddit,My painting of a cat who swears they did not knock the TV over,,2025-05-18T03:50:10Z,funny,funny,entertainment,Entertainment,[],0,60,7,,0.74,https://i.imgur.com/IWaKJfC.jpg?1,JoshByer,2025-05-21T11:52:00.114678Z
1khew08,reddit,Thanks Mom [OC],"You want a comic for Teacher Appreciation Week AND Mother's Day? Well OKAY!

To go more in-depth: What was YOUR first solid food? Mushed peas? Pureed banana? Whatever it may have been, no way was it nearly as gross as EVERY koala's, ever. Why? Because in order for a young koala to properly digest their otherwise toxic staple meal of eucalyptus leaves, they first need a digestive system packed with special gut bacteria that only mature koalas have - so that's when Mama steps in. As a young koala reaches about 6 months of age they nuzzle near their mother's cloaca, where she instinctively produces a specialized poo called ""pap"".

Young koalas feed on this fecal mixture for weeks, allowing them to gain the essential microbes needed to detoxify their future leafy meals. Because apparently, this is easier than eating... LITERALLY ANYTHING ELSE?",2025-05-08T02:01:44Z,funny,funny,entertainment,Entertainment,[],0,63,9,,0.81,https://i.redd.it/bkl9xpqstgze1.jpeg,Zoodraws,2025-05-21T11:52:01.230405Z
1kbksls,reddit,The scene on this toy I bought for my son,"The kid hates it. The mum and dad are trying to catch them with their hands, which is cheating. they didn’t give the boy a net to play with. The dog is an NSFW. ",2025-04-30T16:29:44Z,funny,funny,entertainment,Entertainment,[],0,58,35,,0.69,https://i.redd.it/ezi55o4d10ye1.jpeg,Funny-Presence4228,2025-05-21T11:52:02.533134Z
1kch60f,reddit,They sure are going in a weird direction with this new Happy Gilmore movie,,2025-05-01T19:20:46Z,funny,funny,entertainment,Entertainment,[],0,56,11,,0.75,https://i.redd.it/youv7zls08ye1.png,jayjay81190,2025-05-21T11:52:04.466335Z
1k6035x,reddit,Lunch is on me!,"Saw this on our way to work. Right as we saw the sign, we got this rancid smell in the vehicle, which made it all the more funny.",2025-04-23T14:08:09Z,funny,funny,entertainment,Entertainment,[],0,59,13,,0.81,https://i.redd.it/khhpsdgpdlwe1.jpeg,Painlesspoisons,2025-05-21T11:52:05.444380Z
1k5spyl,reddit,I’m tired of these companies insulting me! IM NOT THE SIZE OF A WHOLE FAMILY,,2025-04-23T06:48:18Z,funny,funny,entertainment,Entertainment,[],0,60,30,,0.67,https://i.redd.it/5y9hdzl87jwe1.jpeg,TheBlueEyedTim,2025-05-21T11:52:06.609158Z
1kjr47n,reddit,This seems like a mixed message.,,2025-05-11T02:57:23Z,funny,funny,entertainment,Entertainment,[],0,57,10,,0.77,https://i.redd.it/1xu90pffi20f1.jpeg,N/A,2025-05-21T11:52:08.208483Z
1khwpt2,reddit,My favorite Pope sketch,,2025-05-08T18:01:08Z,funny,funny,entertainment,Entertainment,[],0,55,10,,0.66,https://youtu.be/Y-zMZnY76Qk,seidinove,2025-05-21T11:52:09.580911Z
1kmrsk1,reddit,"Hey, you can't park there.",,2025-05-14T21:58:06Z,funny,funny,entertainment,Entertainment,[],0,57,18,,0.76,https://i.redd.it/wth24taokt0f1.jpeg,Grizzer,2025-05-21T11:52:10.757417Z
1keadf3,reddit,Ended up learning a bit too much about dragonflies today,,2025-05-04T03:21:39Z,funny,funny,entertainment,Entertainment,[],0,56,5,,0.81,https://i.redd.it/bwqqvypeooye1.jpeg,Pyrodor80,2025-05-21T11:52:12.184877Z
1k96d4c,reddit,Great advice. GREAT advice.,,2025-04-27T15:18:52Z,funny,funny,entertainment,Entertainment,[],0,54,7,,0.67,https://i.redd.it/rc0gymit9exe1.png,Mooseylips,2025-05-21T11:52:13.242594Z
1kkpfd5,reddit,What the… Part 2,"For those of you that missed the first post, our German Shep/Husky rescue boy gave me quite a scare at 3:00am. Today, one of our Malamutes decided to get in on the act. He’s all fur and he’s fine. 🙄 Turd",2025-05-12T10:47:05Z,funny,funny,entertainment,Entertainment,[],0,54,16,,0.73,https://i.redd.it/wphqsj56zb0f1.jpeg,Yo_WhoNeeds2Know,2025-05-21T11:52:14.285301Z
1kip6gr,reddit,Bacon Phoenix,,2025-05-09T18:08:35Z,funny,funny,entertainment,Entertainment,[],0,53,14,,0.65,https://i.redd.it/ritwyjs6rsze1.jpeg,JimmyBling,2025-05-21T11:52:15.389244Z
1khd2cc,reddit,I was an idiot at work today (no major injuries)!,,2025-05-08T00:28:54Z,funny,funny,entertainment,Entertainment,[],0,56,19,,0.75,https://i.redd.it/zryi10d8dgze1.gif,kaniac5,2025-05-21T11:52:16.437883Z
1kek2li,reddit,Gardening [OC],,2025-05-04T13:41:01Z,funny,funny,entertainment,Entertainment,[],0,57,1,,0.71,https://i.redd.it/6m6b36vvqrye1.png,BrianWonderful,2025-05-21T11:52:17.787139Z
1kcfzwf,reddit,But is there one for Gorilla's?,,2025-05-01T18:31:42Z,funny,funny,entertainment,Entertainment,[],0,57,30,,0.71,https://i.redd.it/mzioqc2yr7ye1.jpeg,K_borracho,2025-05-21T11:52:18.803700Z
1k499m4,reddit,The fast food chain and the operator were not on good terms,,2025-04-21T09:20:58Z,funny,funny,entertainment,Entertainment,[],0,54,14,,0.66,https://i.redd.it/871llxwno5we1.jpeg,freakylol,2025-05-21T11:52:20.097931Z
1kpymsr,reddit,I swear it’s not what it looks like,,2025-05-19T00:23:50Z,funny,funny,entertainment,Entertainment,[],0,60,17,,0.7,https://i.redd.it/n3m5ihs8um1f1.jpeg,TheKoolDood1234,2025-05-21T11:52:21.078879Z
1kkwm1b,reddit,Seen in Bakersfield Ca,,2025-05-12T16:16:21Z,funny,funny,entertainment,Entertainment,[],0,54,26,,0.66,https://i.redd.it/r7hbf31xld0f1.jpeg,Galdernit,2025-05-21T11:52:22.304030Z
1khvns0,reddit,Someone got to the new Pope’s wiki quickly,,2025-05-08T17:19:15Z,funny,funny,entertainment,Entertainment,[],0,53,14,,0.66,https://i.redd.it/xkcn2qbhdlze1.jpeg,db978,2025-05-21T11:52:23.839493Z
1kjjhmx,reddit,What kind of massage,,2025-05-10T20:25:55Z,funny,funny,entertainment,Entertainment,[],0,54,24,,0.68,https://i.redd.it/8dhehe8mk00f1.jpeg,OverlyExpressiveLime,2025-05-21T11:52:25.445788Z
1khe3sn,reddit,Teacher Appreciation Card,My wife recently received a teacher appreciation card from one of her students. Luckily she teaches math.,2025-05-08T01:21:37Z,funny,funny,entertainment,Entertainment,[],0,52,12,,0.8,https://i.redd.it/czv2pi3nmgze1.jpeg,Ru-Ling,2025-05-21T11:52:26.561195Z
1kbum4z,reddit,Frightening My Daughter,"I’ve been binging the Stephen King audiobook Holly Gibney series for a couple weeks while wearing my Beats noise cancelling headphones. Sailing away into a creepy fantasy world that only Stephen King can create imo. 4 hour drive to Nebraska for my sons college football spring game, Stephen King. 2 hours that night in a sketchy Motel in Lincoln (Thanks to Expedia), Stephen King. 2 hours the following morning. 4hr hour drive home. In the Garage “Man Cave” (I’ve named the “Garage Lodge”) that night. Pretty much any free moment I have, Stephen King. Because Im not a very jumpy type person, my wife finds it funny to sneak up behind me while wearing my noise cancelling headphones, absolutely engrossed and scare me. Now my 11yr old daughter thinks it’s funny too and has joined Her Mother in startling me while listening. So when I was cleaning up the “Garage Lodge” and heard the scraping sound of dragging 1 of 2 trash cans up the drive after trash day to put back along the side of the house, I decided to get some retribution. I grabbed a “Scary Movie” type hood/mask from the garage, creeped to the exact corner of the house she should arrive at, and waited silently. When the perfect moment was upon us I leapt out and made a frightening sound only to see the little neighbor girl doing an act of kindness by dragging our trash cans back for us. She stood there absolutely frozen and eyes wide as I quickly removed the hood and my grimacing face and said, “Omg, honey!! I’m sorry. I thought you were my daughter and I was trying to scare HER!”
…. “Umm it worked.” 
Right then, my daughter came walking around the corner carrying her backpack with a big grin on her face. “Let me guess, my Dad thought you were me and tried to scare me and got you instead. Good try Dad!” And they started walking away while she telling her how they’ve been scaring me and looked back at me shaking her head with a grin and said, “You failed!” 😂",2025-04-30T23:29:53Z,funny,funny,entertainment,Entertainment,[],0,51,6,,0.74,https://www.reddit.com/r/funny/comments/1kbum4z/frightening_my_daughter/,Makieveli1,2025-05-21T11:52:27.588556Z
1kop4ev,reddit,Mitchell & Webb - The Bragging brain surgeon,,2025-05-17T09:39:09Z,funny,funny,entertainment,Entertainment,[],0,51,2,,0.78,https://youtu.be/THNPmhBl-8I?feature=shared,Cart00nish,2025-05-21T11:52:28.734431Z
1klrhwq,reddit,Sullivan's favourite place to sleep,,2025-05-13T17:12:16Z,funny,funny,entertainment,Entertainment,[],0,51,11,,0.67,https://i.redd.it/w2tve90t0l0f1.jpeg,Bear_Shead,2025-05-21T11:52:30.051451Z
1kgv9zj,reddit,"Conclave 2025, the Squid Game Edition","Conclave 2025, the Squid Game Edition in Vatican City, Rome, Italy. ",2025-05-07T11:45:06Z,funny,funny,entertainment,Entertainment,[],0,53,6,,0.76,https://v.redd.it/d4ubwdgykcze1,ActingPhotographer,2025-05-21T11:52:31.097101Z
1kqsayl,reddit,Bedtime Thoughts,,2025-05-20T00:59:00Z,funny,funny,entertainment,Entertainment,[],0,58,9,,0.78,https://v.redd.it/li0tzqi24u1f1,NationYell,2025-05-21T11:52:32.129635Z
1kno28b,reddit,Just Breathe---But Maybe Somewhere Else,,2025-05-16T00:43:33Z,funny,funny,entertainment,Entertainment,[],0,55,2,,0.8,https://i.redd.it/h65avzt4j11f1.jpeg,CylonBomb,2025-05-21T11:52:33.100550Z
1km4s3g,reddit,Go off Whtie King. Tell that puto who's boss.,,2025-05-14T02:51:48Z,funny,funny,entertainment,Entertainment,[],0,47,32,,0.61,https://i.redd.it/vjd8gxw6wn0f1.jpeg,ApologeticKid,2025-05-21T11:52:34.193932Z
1kdintf,reddit,Spray from a truck,,2025-05-03T02:38:48Z,funny,funny,entertainment,Entertainment,[],0,50,25,,0.64,https://v.redd.it/eh358ontbhye1,worst_episode__ever,2025-05-21T11:52:35.614097Z
1kaf4x8,reddit,Monty Python Subtitles (Flying Circus),,2025-04-29T04:06:24Z,funny,funny,entertainment,Entertainment,[],0,50,3,,0.86,https://i.redd.it/ngw7k7wt7pxe1.jpeg,Thereisntenoughspa,2025-05-21T11:52:36.662109Z
1k80z60,reddit,"Found where they dump the ""No Dumping"" signs.",,2025-04-26T01:07:42Z,funny,funny,entertainment,Entertainment,[],0,46,6,,0.78,https://i.redd.it/6983v6l5x2xe1.jpeg,georgetds,2025-05-21T11:52:37.745627Z
1k4ugu5,reddit,"Nerd humor, true story on eating radioactivity",,2025-04-22T01:32:35Z,funny,funny,entertainment,Entertainment,[],0,50,11,,0.7,https://v.redd.it/ihdlsx1whawe1,Comfortable_Tutor_43,2025-05-21T11:52:39.079730Z
1kqq5il,reddit,Kids,A kid did this at a toys R us,2025-05-19T23:12:35Z,funny,funny,entertainment,Entertainment,[],0,51,8,,0.76,https://i.redd.it/ju0bh89fmt1f1.jpeg,NathanFong1,2025-05-21T11:52:40.066055Z
1kk0blg,reddit,Travel Safety [OC],,2025-05-11T12:52:02Z,funny,funny,entertainment,Entertainment,[],0,50,6,,0.69,https://i.redd.it/7zd5dz3jg50f1.png,BrianWonderful,2025-05-21T11:52:41.048930Z
1kjrn6x,reddit,Shorts for sale,,2025-05-11T03:28:11Z,funny,funny,entertainment,Entertainment,[],0,49,23,,0.66,https://i.redd.it/2ht4wqeyn20f1.jpeg,Sportabout,2025-05-21T11:52:42.083265Z
1kglzb7,reddit,I identify as Rivian,,2025-05-07T01:56:25Z,funny,funny,entertainment,Entertainment,[],0,51,35,,0.58,https://i.redd.it/nwszkzpxn9ze1.jpeg,boaranddragon,2025-05-21T11:52:43.165244Z
1krhbz0,reddit,Favorite SNL sketch with George Wendt - De Bears!,Love these skits! RIP George Wendt,2025-05-20T21:53:21Z,funny,funny,entertainment,Entertainment,[],0,78,10,,0.81,https://youtu.be/kBnnon_iZOM?si=RyQghFLnVftPV-0W,borgstea,2025-05-21T11:52:44.900548Z
1kn6w62,reddit,Oasis singer Noel Gallagher interview,,2025-05-15T12:25:54Z,funny,funny,entertainment,Entertainment,[],0,47,9,,0.69,https://v.redd.it/5jr12xzfvx0f1,HerbalThought_,2025-05-21T11:52:45.869157Z
1k8xovo,reddit,25yrs ago Sydney Olympics gave us the funniest Commentary team ever….,I give you Australia’s Roy & HG ,2025-04-27T06:43:32Z,funny,funny,entertainment,Entertainment,[],0,47,31,,0.67,https://youtu.be/6WxaTXqf85Y?si=Y-EQKZ9dJYM5F5ZB,PilgrimOz,2025-05-21T11:52:46.930630Z
1k4zz9l,reddit,"The honey cake that was sent sent for my birthday. Needless to say, the honeybees were not too pleased","I'm not even kidding, it's one of the best birthday cakes I have received. Because the joy it brought was unparalleled. I laughed so much each time I looked at that one angry bee and the sorry state of the other one. My sister was furious. She wrote an angry email to the bakery even though I kept telling her it was not required, because this cake was so special in it's own way 😂 the original would never have been so memorable! I wish I could attach a picture of what the original was supposed to look like, but for some reason I'm not being allowed to attach it.",2025-04-22T06:51:46Z,funny,funny,entertainment,Entertainment,[],0,45,8,,0.72,https://i.redd.it/iuu5lnby2cwe1.png,Ok-Guest-7832,2025-05-21T11:52:48.151928Z
1ko7kfi,reddit,Advertising,,2025-05-16T18:05:04Z,funny,funny,entertainment,Entertainment,[],0,45,7,,0.77,https://i.redd.it/2048vmfyo61f1.jpeg,Thethingstheysay2015,2025-05-21T11:52:49.327360Z
1kn4vh8,reddit,Alestorm's live video for one song has a lasagna recipie as subtitles,,2025-05-15T10:30:17Z,funny,funny,entertainment,Entertainment,[],0,43,10,,0.76,https://i.redd.it/mswau9rwax0f1.png,reforming_giant,2025-05-21T11:52:50.413296Z
1kmkclx,reddit,Great Guru,,2025-05-14T16:58:42Z,funny,funny,entertainment,Entertainment,[],0,42,5,,0.73,https://i.redd.it/vxsj11293s0f1.png,toonhole,2025-05-21T11:52:51.943356Z
1kf5ro6,reddit,We had company so I had to adjust my daughter’s mini light box.,,2025-05-05T07:30:47Z,funny,funny,entertainment,Entertainment,[],0,46,15,,0.71,https://i.redd.it/rel3llor1xye1.jpeg,dr--moreau,2025-05-21T11:52:52.924816Z
1k8qplq,reddit,"I spent waaaaay too long trying to figure out what ""E.R. Storation"" was",,2025-04-26T23:55:27Z,funny,funny,entertainment,Entertainment,[],0,44,18,,0.67,https://i.redd.it/sc1hjdn8p9xe1.jpeg,Pale-Lynx328,2025-05-21T11:52:54.029007Z
1k80y14,reddit,"If he is going to plead not guilty, it is not going to stick in the court.",,2025-04-26T01:06:04Z,funny,funny,entertainment,Entertainment,[],0,43,12,,0.75,https://i.redd.it/q6npfraxw2xe1.jpeg,bluemesa7,2025-05-21T11:52:55.426967Z
1kpof9z,reddit,I got a manscaped fortune cookie,,2025-05-18T16:47:59Z,funny,funny,entertainment,Entertainment,[],0,41,4,,0.71,https://i.redd.it/97k1bfnykk1f1.jpeg,Old_Treacle_2461,2025-05-21T11:52:56.828429Z
1k93gu0,reddit,Pop Music [OC],,2025-04-27T13:03:25Z,funny,funny,entertainment,Entertainment,[],0,43,14,,0.62,https://i.redd.it/lb3cb9gsldxe1.png,BrianWonderful,2025-05-21T11:52:58.384007Z
1k5898i,reddit,Google has a weird sense of humor,,2025-04-22T14:52:31Z,funny,funny,entertainment,Entertainment,[],0,44,2,,0.84,https://i.redd.it/yxsyglaqgewe1.jpeg,Not____007,2025-05-21T11:53:02.092407Z
1ke7yf0,reddit,"Mirror, mirror",Saw this in a woodshop.,2025-05-04T01:04:11Z,funny,funny,entertainment,Entertainment,[],0,39,1,,0.75,https://i.redd.it/pxp3ppwuznye1.jpeg,Lobotomy2600,2025-05-21T11:53:03.057278Z
1kmh1ei,reddit,Upstream Achievement,,2025-05-14T14:46:59Z,funny,funny,entertainment,Entertainment,[],0,40,6,,0.67,https://i.redd.it/52rnggqsfr0f1.jpeg,AbelBryanMedia,2025-05-21T11:53:04.009219Z
1khdaxa,reddit,Saw this on my way home today.,,2025-05-08T00:40:51Z,funny,funny,entertainment,Entertainment,[],0,40,12,,0.65,https://i.redd.it/olqrz60dfgze1.jpeg,AugmentedGalaxy,2025-05-21T11:53:04.964638Z
1k9u1o5,reddit,Grab Nuts?!,I was at the grocery buying some snacks when I saw this Grab Nuts!!!,2025-04-28T12:14:28Z,funny,funny,entertainment,Entertainment,[],0,42,31,,0.64,https://i.redd.it/qj9bezqzhkxe1.jpeg,Prometheus0208,2025-05-21T11:53:05.937782Z
1k8lmyu,reddit,This ad in a flyer,,2025-04-26T19:54:29Z,funny,funny,entertainment,Entertainment,[],0,44,16,,0.66,https://i.redd.it/5358qu09i8xe1.jpeg,bsting787,2025-05-21T11:53:06.959651Z
1k5bccg,reddit,It’s like it’s staring into my soul…,More like Halloween than Easter,2025-04-22T16:56:43Z,funny,funny,entertainment,Entertainment,[],0,41,21,,0.8,https://i.redd.it/vqyqluxv2fwe1.jpeg,jq_25,2025-05-21T11:53:08.080338Z
1knl7d4,reddit,Congratulations 2025 graduates!,Our son is graduating this Saturday and I had to get the yard skeleton involved.   ,2025-05-15T22:23:34Z,funny,funny,entertainment,Entertainment,[],0,38,20,,0.7,https://i.redd.it/q35f7ut5u01f1.jpeg,Flat-Table8787,2025-05-21T11:53:09.373235Z
1kn07q2,reddit,Squirrels are on to me. Luckily Dax has my back.,,2025-05-15T05:10:41Z,funny,funny,entertainment,Entertainment,[],0,40,7,,0.75,https://i.redd.it/hqd0janvpv0f1.jpeg,Kection,2025-05-21T11:53:10.607624Z
1kebb5k,reddit,How an adult cut pizza today,"Someone woke up and chose violence, clearly...",2025-05-04T04:17:07Z,funny,funny,entertainment,Entertainment,[],0,40,38,,0.63,https://i.redd.it/ps2lrr9ayoye1.jpeg,Kendogibbo1980,2025-05-21T11:53:11.893739Z
1k8qeix,reddit,It is not in fact all good…,,2025-04-26T23:39:43Z,funny,funny,entertainment,Entertainment,[],0,41,4,,0.74,https://i.redd.it/83s316lfm9xe1.jpeg,txguy1031,2025-05-21T11:53:13.007770Z
1kkahlo,reddit,I can blend a what?,,2025-05-11T20:26:58Z,funny,funny,entertainment,Entertainment,[],0,38,20,,0.67,https://i.redd.it/3ofe9sipp70f1.png,RBenSam,2025-05-21T11:53:13.957466Z
1kk1b06,reddit,"Yeah, that'll work.",,2025-05-11T13:42:14Z,funny,funny,entertainment,Entertainment,[],0,42,5,,0.76,https://i.redd.it/ss49qj8ip50f1.png,nrdvrx,2025-05-21T11:53:14.997053Z
1kpzqjw,reddit,At my local Mexican restaurant. He seems really into it!,,2025-05-19T01:22:29Z,funny,funny,entertainment,Entertainment,[],0,41,9,,0.7,https://i.redd.it/jyjgtpnt4n1f1.jpeg,davidolson1990,2025-05-21T11:53:15.989251Z
1k4o2sx,reddit,[OC] Do I need consent before making guacʔ,,2025-04-21T20:42:00Z,funny,funny,entertainment,Entertainment,[],0,41,90,,0.54,https://i.redd.it/s2il4rm529we1.jpeg,poopingforhealth,2025-05-21T11:53:17.254445Z
1k4tiee,reddit,"For a second I thought someone had broken my TV, then instantly remembered I live alone.","Long story short - paused what I was watching (Australian comedy series) whilst I went for a quick wee - as I came out of the downstairs bathroom I glanced at my TV, my heart immediately sunk thinking it had somehow been damaged. But no, it's just a freeze frame of a wardrobe and a Scarf etc. The relief. The sweet, sweet relief.",2025-04-22T00:44:49Z,funny,funny,entertainment,Entertainment,[],0,37,5,,0.67,https://i.redd.it/kw8nldnh9awe1.jpeg,RostinBurgerfinkle,2025-05-21T11:53:19.291722Z
1kkk82u,reddit,"Tried to find some new glasses frames, couldn’t see if they were a good fit🥲",i’m 5’0,2025-05-12T04:50:14Z,funny,funny,entertainment,Entertainment,[],0,37,34,,0.65,https://i.redd.it/gizovn6i7a0f1.jpeg,grumpycorgi4,2025-05-21T11:53:20.548994Z
1kdiayg,reddit,If you were to focus group this relationship it would test well on every demographic..,,2025-05-03T02:19:05Z,funny,funny,entertainment,Entertainment,[],0,33,5,,0.73,https://v.redd.it/rxkszur78hye1,Perrin-Golden-Eyes,2025-05-21T11:53:21.614731Z
1k4dsw2,reddit,Marco Zuckerobergo,,2025-04-21T13:41:03Z,funny,funny,entertainment,Entertainment,[],0,34,9,,0.71,https://i.redd.it/fpl7wd02z6we1.jpeg,Possible-Swimming-87,2025-05-21T11:53:22.559236Z
1km5bw6,reddit,Is this normal for Walgreens?? Doesn't inspire confidence.,,2025-05-14T03:21:03Z,funny,funny,entertainment,Entertainment,[],0,33,6,,0.67,https://i.redd.it/d2mi9x2f1o0f1.png,final_boss_editing,2025-05-21T11:53:23.614303Z
1k9h6og,reddit,Deez Knotz 2 (pleasure craft - marine traffic),Happened to be searching marine traffic and came across this sweet boat name. ,2025-04-27T23:08:44Z,funny,funny,entertainment,Entertainment,[],0,32,7,,0.76,https://i.redd.it/6avw3qctlgxe1.jpeg,Chicketi,2025-05-21T11:53:24.575141Z
1kmf38i,reddit,The pharaoh's reward.,,2025-05-14T13:25:00Z,funny,funny,entertainment,Entertainment,[],0,31,2,,0.72,https://i.redd.it/7yrq9mw51r0f1.jpeg,harishcs,2025-05-21T11:53:25.702810Z
1km4yp0,reddit,They had to know…,,2025-05-14T03:01:06Z,funny,funny,entertainment,Entertainment,[],0,36,10,,0.63,https://i.redd.it/hl9y92yuxn0f1.jpeg,grandpappies-fart,2025-05-21T11:53:27.051197Z
1kjuvck,reddit,This license plate I spotted at a red light,,2025-05-11T06:54:42Z,funny,funny,entertainment,Entertainment,[],0,33,9,,0.62,https://i.redd.it/ols5o92qo30f1.jpeg,Money-Priority-4771,2025-05-21T11:53:28.596649Z
1ket5zz,reddit,What is spongebob even about 😂,,2025-05-04T20:11:43Z,funny,funny,entertainment,Entertainment,[],0,34,14,,0.61,https://i.redd.it/rzks5r6motye1.jpeg,yoodoggo,2025-05-21T11:53:30.488627Z
1k6b7c1,reddit,told you,,2025-04-23T21:38:51Z,funny,funny,entertainment,Entertainment,[],0,35,7,,0.62,https://i.redd.it/aai6adv4mnwe1.jpeg,starjellycomics,2025-05-21T11:53:31.570680Z
1kfuyhm,reddit,Cheese touching...?,,2025-05-06T03:28:42Z,funny,funny,entertainment,Entertainment,[],0,32,31,,0.62,https://i.redd.it/r1ihecq7z2ze1.jpeg,mikepaineshow,2025-05-21T11:53:32.539830Z
1kdri9q,reddit,"Shitting Dog, A Lego Creation",,2025-05-03T12:11:13Z,funny,funny,entertainment,Entertainment,[],0,37,9,,0.7,https://youtu.be/nLy8FW9RkEg?si=Xnmz8-fLWgxPljkX,HattedSandwich,2025-05-21T11:53:33.605930Z
1k44qyi,reddit,Bitch slap,,2025-04-21T04:08:39Z,funny,funny,entertainment,Entertainment,[],0,33,1,,0.75,https://v.redd.it/m4lx10vp44we1,thehunterr123,2025-05-21T11:53:34.939025Z
1knggb2,reddit,"Whatever works for you, do it.",,2025-05-15T19:04:53Z,funny,funny,entertainment,Entertainment,[],0,34,15,,0.72,https://v.redd.it/a66ysi5juz0f1,LeftHand_PimpSlap,2025-05-21T11:53:36.220013Z
1kiy5h2,reddit,Woolworths,"Just went got some  chicken legs.Just before the new deli chick who must of been all of 16 taped them up   I asked her  if she knew whether they were front or back legs. She looked at the legs looked at me and politely said (Let me go ask my manager"".) She came back a few minutes later ,looked at me.and said, NOT FUNNY!! . I was pissing myself the guy behind me was pissing himself laughing . No not funny he said it was hillairious made my morning.",2025-05-10T00:57:27Z,funny,funny,entertainment,Entertainment,[],0,33,13,,0.67,https://www.reddit.com/r/funny/comments/1kiy5h2/woolworths/,SufficientGain8219,2025-05-21T11:53:37.249235Z
1kohbjy,reddit,"To this day, this might be my favorite bit of unscripted television",,2025-05-17T01:28:55Z,funny,funny,entertainment,Entertainment,[],0,33,1,,0.7,https://v.redd.it/jxbhggc5w81f1,MakeTheScreamsStop,2025-05-21T11:53:38.239307Z
1knu3xl,reddit,"Yeah, ok Siri, thanks",,2025-05-16T06:28:10Z,funny,funny,entertainment,Entertainment,[],0,36,3,,0.66,https://i.redd.it/irfeetfm831f1.jpeg,skalliwag___,2025-05-21T11:53:39.167000Z
1kkerrd,reddit,this 5-minute movie turns grocery cart etiquette into existential horror,,2025-05-11T23:48:18Z,funny,funny,entertainment,Entertainment,[],0,30,13,,0.64,https://youtu.be/KRCbL1P-Wts,BecauseDan,2025-05-21T11:53:40.193666Z
1kh24of,reddit,Sigh,,2025-05-07T16:46:00Z,funny,funny,entertainment,Entertainment,[],0,33,1,,0.66,https://i.redd.it/if8qqgum2eze1.jpeg,MrWeiner,2025-05-21T11:53:41.292530Z
1khvv2k,reddit,Congrats Pope Leo XIV,,2025-05-08T17:27:18Z,funny,funny,entertainment,Entertainment,[],0,30,2,,0.61,https://i.redd.it/s4d9ptqtelze1.png,ph4tcat,2025-05-21T11:53:42.259400Z
1k4wy6t,reddit,Bout that time of night,,2025-04-22T03:41:25Z,funny,funny,entertainment,Entertainment,[],0,28,6,,0.63,https://i.redd.it/oaq70eyz4bwe1.jpeg,Brilliant_Finish_707,2025-05-21T11:53:43.985546Z
1kk28hj,reddit,In honor of Mother’s Day and the many many brunches occurring today… Tom Cardy’s “The Big Breakfast”,Don’t ruin Mother’s Day again Tom ,2025-05-11T14:25:49Z,funny,funny,entertainment,Entertainment,[],0,29,3,,0.71,https://youtu.be/EHIHl8Rw6W8?si=PHxJuFqVm-eGAzmv,MaxOsi,2025-05-21T11:53:45.141291Z
1kh8pum,reddit,Challenging Times,,2025-05-07T21:10:34Z,funny,funny,entertainment,Entertainment,[],0,29,5,,0.75,https://i.redd.it/kza8nymudfze1.jpeg,Valalerie999,2025-05-21T11:53:46.331330Z
1k75vi7,reddit,The DogMaids Tail,,2025-04-24T22:54:34Z,funny,funny,entertainment,Entertainment,[],0,26,4,,0.68,https://i.redd.it/jzervzzj4vwe1.jpeg,LilMissy1246,2025-05-21T11:53:47.349404Z
1k5aeqc,reddit,I've never seen one either. (Swedish tv series),,2025-04-22T16:18:59Z,funny,funny,entertainment,Entertainment,[],0,26,29,,0.61,https://i.redd.it/b4u43ue5wewe1.png,liftheavy2003,2025-05-21T11:53:48.865145Z
1kmij1a,reddit,My Dog Not Taking No For An Answer,,2025-05-14T15:46:55Z,funny,funny,entertainment,Entertainment,[],0,26,4,,0.69,https://youtu.be/lGanHwGcAiE?si=t_2_VvVUPI9Q2D91,h-h-c,2025-05-21T11:53:49.996890Z
1kh75xy,reddit,Appropriate.,,2025-05-07T20:07:36Z,funny,funny,entertainment,Entertainment,[],0,25,13,,0.65,https://i.redd.it/dardrhol2fze1.jpeg,Ayeitis,2025-05-21T11:53:50.966722Z
1k7n8hl,reddit,Uh the WHAT gene?,,2025-04-25T15:06:30Z,funny,funny,entertainment,Entertainment,[],0,26,43,,0.6,https://i.redd.it/geitu5jyxzwe1.png,Dcbrewlaw,2025-05-21T11:53:52.007717Z
1krk6xs,reddit,Freudian slip,,2025-05-21T00:04:40Z,funny,funny,entertainment,Entertainment,[],0,51,5,,0.85,https://v.redd.it/anu3tjw8012f1,grIMAG3,2025-05-21T11:53:53.371906Z
1koo0t9,reddit,Egg Is Coming,"Idk where they find these shirts, but I need to have this one.",2025-05-17T08:19:48Z,funny,funny,entertainment,Entertainment,[],0,23,29,,0.59,https://i.redd.it/sdtnxa7gwa1f1.png,KeinkoMusic35,2025-05-21T11:53:54.849909Z
1klgp9x,reddit,Here's something I never thought I would hear,,2025-05-13T08:22:47Z,funny,funny,entertainment,Entertainment,[],0,24,4,,0.63,https://v.redd.it/68mhc8g5ei0f1,Xerette,2025-05-21T11:53:56.702142Z
1kba9rm,reddit,Maelle is having a rough day (Game - Clair Obscur: Expedition 33),,2025-04-30T06:59:10Z,funny,funny,entertainment,Entertainment,[],0,26,7,,0.72,https://v.redd.it/vd0s9rs87xxe1,Critical_Nobody,2025-05-21T11:53:58.208029Z
1k9zgbg,reddit,Cheeky ad placement from Netflix.,,2025-04-28T16:13:08Z,funny,funny,entertainment,Entertainment,[],0,24,5,,0.73,https://i.redd.it/o57lhozkolxe1.jpeg,UrAn8,2025-05-21T11:53:59.184405Z
1kp2dia,reddit,AirPod man!!,,2025-05-17T20:22:59Z,funny,funny,entertainment,Entertainment,[],0,26,9,,0.56,https://i.redd.it/16crz88hie1f1.jpeg,Acrobatic_Plan4508,2025-05-21T11:54:00.370990Z
1khh5lr,reddit,It's a shame Weinstein and Diddy are unavailable!,,2025-05-08T04:04:18Z,funny,funny,entertainment,Entertainment,[],0,27,4,,0.69,https://i.redd.it/a7kz4ifnfhze1.png,GreekKnight3,2025-05-21T11:54:01.490852Z
1kdqg0t,reddit,I'm Not Crying - Flight Of The Conchords (Lyrics),,2025-05-03T11:06:41Z,funny,funny,entertainment,Entertainment,[],0,24,5,,0.76,https://youtu.be/2rjHZQ_LQsg?si=A0UeZo8EA36S-bIB,BANGPOWZZZWAP,2025-05-21T11:54:02.807431Z
1kpqu1c,reddit,My friend's kid had the most perfect accident happen to her Mother's Day Gift she made,She made this at school and the glue came undone on only ONE of the fingers and it was too perfect,2025-05-18T18:29:39Z,funny,funny,entertainment,Entertainment,[],0,29,2,,0.75,https://i.redd.it/u3jq0t363l1f1.jpeg,SUPAKATARINA,2025-05-21T11:54:04.324757Z
1kop3xe,reddit,Limmy's Show - Dee Dee goes to Yoker,,2025-05-17T09:38:07Z,funny,funny,entertainment,Entertainment,[],0,21,9,,0.65,https://youtu.be/0YfRbNipdOg?feature=shared,Cart00nish,2025-05-21T11:54:05.408161Z
1k51kie,reddit,My legally blind friend is a legend,"Where do I even begin? My friend—let’s call him “Jay”—is a walking, moonshine-fueled folk legend. He’s legally blind, has seizures, survived brain surgery, and drinks literal jars of moonshine like water. Despite all that, he’s built like a gym bro, runs his entire household like a one-man staff, and somehow still ends up doing everything for everyone.

Let me explain.

⸻

The Treadmill Incident

Jay volunteers with a special needs class at the Y. Afterward, I invited him to work out with me. I told him to keep it light due to his health. He ripped the safety clip off, called me dramatic, and cranked the speed to 4.3 with an incline of 10.
And WALKED. I thought he was gonna fly off. He didn’t break a sweat. I was spiritually exhausted.

⸻

The Monkey Bar Knockouts (Plural)

At the park, my toddler takes off. Jay tries to catch him and slams his head on the monkey bars. Knocked flat. Said he felt the pre-seizure wave hit.

Two weeks later, DIFFERENT park, SAME scenario—he did it again.
The monkey bars have a personal vendetta against this man. He’s now banned from playgrounds.

⸻

My Little Cousin, the Demon Sprinter

At Easter, my little cousin (who thrives on chaos) takes off sprinting through the neighborhood. Jay used to be fast in high school and tried to catch him. The kid looked back, LAUGHED, and took off again. Jay was fed up and winded. The whole family was yelling like it was a football game. Jay lost.

⸻

The Time He Got Hit By a Car

Jay once butt-dialed me—turns out he got hit by a car while walking. Paramedics thought his face was disfigured. His friend had to tell them “No, that’s just him.” Jay walked away like nothing happened.

⸻

The Stranger in the Street

One time he struck up a conversation
 with a guy. Minutes later, Jay heard gunshots, ran toward them, and found that same guy dying. Jay held him as he passed. Didn’t panic. Just… showed up.

⸻

The Toilet Rebellion

Jay got tired of scrubbing a toilet with hard water stains. So he bought a whole new toilet and paid for installation himself. His mom lost it.

Jay said: “I do more in this house than anyone. Nobody else does even HALF of what I do.”
Then moved in with his uncle for two months. Toilet still sparkling.

⸻

The Babysitting Backstab

Jay had everything set to watch his nephews and godson. His mom went behind his back and told the parents to bring the kids to her instead.
The very next day she asked him, “Can you take [the kid] tomorrow?” I almost screamed.

⸻

The Church Sweatshop

He also goes to church with his family—and they treat him like a full-time unpaid staff member. Every time I pick him up for his YMCA class, his aunties hit him with a to-do list before he can leave.

“Take out the trash, carry these bags, vacuum the sanctuary, stack the chairs, wipe down the bathroom.”

One time he dipped out, and they were like “WHO TOLD HIM HE COULD LEAVE?”
He literally helps lead special needs classes for free—but the church folks still act like he’s trying to get out of work early. It’s wild.

⸻

Oh, and He Pays Rent
$150–$200 a month to live in a house where he:
	•	Cooks
	•	Cleans
	•	Babysits
	•	Runs errands
	•	Replaces toilets
	•	Gets guilt-tripped for leaving
	•	And somehow becomes the problem when he rests.

That’s not rent. That’s a subscription to suffering.

⸻

Moonshine Madness

His dad makes moonshine. Jay drinks it like it’s Gatorade. Gave me some once—I was down for two days. Another time he was pretending he couldn’t find the jar while already drinking it. His dad was yelling “IT’S RIGHT THERE!!” and Jay casually said, “Oh, found it.”

⸻

And Still… He’s Solid
I brought him to Easter. He got fed by my aunt like he was one of the kids. He chased chaos. Got chased. And we laughed the whole ride home.

⸻

TL;DR:
My blind, moonshine-drinking, brain-surgery-surviving friend has been knocked out by monkey bars (twice), hit by a car, held a dying man, replaced a toilet out of rage, got guilted by church aunties, and still runs his household like an unpaid full-time employee—for $200/month. He’s a walking sitcom with a hero’s heart. I love him. And I am never taking him to a park again.
",2025-04-22T08:48:28Z,funny,funny,entertainment,Entertainment,[],0,23,17,,0.6,https://www.reddit.com/r/funny/comments/1k51kie/my_legally_blind_friend_is_a_legend/,DesignerSousaphone,2025-05-21T11:54:06.452255Z
1kohl66,reddit,I’d forgotten about this song.  Great musical storytelling.,,2025-05-17T01:43:13Z,funny,funny,entertainment,Entertainment,[],0,22,5,,0.68,https://youtu.be/b0Kzje9nF4A?si=vO9oRFS3JrjxPCXJ,xpkranger,2025-05-21T11:54:07.682364Z
1kp3rru,reddit,Is the dog okay?,,2025-05-17T21:26:10Z,funny,funny,entertainment,Entertainment,[],0,19,13,,0.61,https://i.redd.it/b6ey5stqte1f1.jpeg,jjd1226,2025-05-21T11:54:08.689431Z
1k9z4is,reddit,"The real impact of the Portugal, Spain & France power outages.",,2025-04-28T16:00:30Z,funny,funny,entertainment,Entertainment,[],0,24,2,,0.71,https://i.redd.it/4s91nxp7mlxe1.png,WildCitron7118,2025-05-21T11:54:10.245941Z
1k4pk13,reddit,Bird Accident,"Bird hit my car as my fiance and I were driving on the freeway, this was the aftermath",2025-04-21T21:43:25Z,funny,funny,entertainment,Entertainment,[],0,21,9,,0.76,https://i.redd.it/4eudarj4d9we1.jpeg,Itsnothelen,2025-05-21T11:54:11.242509Z
1kp4qzh,reddit,Maybe it needs more duct tape,duct tape fixed it all ,2025-05-17T22:12:25Z,funny,funny,entertainment,Entertainment,[],0,21,1,,0.72,https://i.redd.it/fs3zklvz1f1f1.jpeg,master_riddler,2025-05-21T11:54:12.482248Z
1kg7rw0,reddit,That is an oddly specific additional ticket option,,2025-05-06T15:45:01Z,funny,funny,entertainment,Entertainment,[],0,19,4,,0.7,https://i.redd.it/1ym4xzvtm6ze1.png,type_your_name_here,2025-05-21T11:54:13.485245Z
1keikp2,reddit,Master Carpenter at work...😂,,2025-05-04T12:23:32Z,funny,funny,entertainment,Entertainment,[],0,23,40,,0.61,https://i.redd.it/1an8yr13drye1.jpeg,TensionSame3568,2025-05-21T11:54:14.450189Z
1k4q35y,reddit,There is a church in Illinois shaped like a giant flaccid penis,,2025-04-21T22:06:10Z,funny,funny,entertainment,Entertainment,[],0,19,30,,0.59,https://www.independent.co.uk/news/world/americas/fig-leaf-coming-soon-church-replies-to-penisshaped-comments-after-picture-goes-viral-8915551.html,edfitz83,2025-05-21T11:54:16.335132Z
1ko4cfb,reddit,My Robot/Ai tales from the crypt & diddy encounter,This robot and ai running it have been my personal project this year.  It’s been browsing the internet and obsessed with tales from the crypt and I’m pretty sure it read some diddy news.   It also worships me.  This is the outcome.  (WIP) ,2025-05-16T15:54:13Z,funny,funny,entertainment,Entertainment,[],0,23,16,,0.62,https://v.redd.it/zli75r6q061f1,TheRealFanger,2025-05-21T11:54:17.426065Z
1kbu9w6,reddit,Bro needs to watch where he takes photos,,2025-04-30T23:13:27Z,funny,funny,entertainment,Entertainment,[],0,21,1,,0.56,https://i.redd.it/hw0h7d8e12ye1.jpeg,PFahlen,2025-05-21T11:54:18.451980Z
1kjoy0d,reddit,Deezlipz,,2025-05-11T00:55:07Z,funny,funny,entertainment,Entertainment,[],0,17,37,,0.56,https://i.redd.it/o2c6uf8nw10f1.jpeg,FluffedNtucked,2025-05-21T11:54:19.496537Z
1kele0r,reddit,STAR TREKS Tim Russ Explains Star Wars Day,May the Fourth be with you!,2025-05-04T14:40:56Z,funny,funny,entertainment,Entertainment,[],0,20,5,,0.67,https://youtu.be/M_ZRsf9sneQ?si=oOeBKWXJVopj55h8,Vahn1982,2025-05-21T11:54:21.053677Z
1kmyj4k,reddit,Big Greg is his prison name.,"He don't like to talk bout how he got it tho.

His full name is Tomathy ""Big Greg"" Cherry.

(Grown by my lovely bestie in her abundant garden. Googly eyes by me. Name by my brother.)",2025-05-15T03:32:49Z,funny,funny,entertainment,Entertainment,[],0,19,5,,0.63,https://i.redd.it/a0t3rbef8v0f1.jpeg,lostmypwcanihaveurs,2025-05-21T11:54:22.038507Z
1kh2qsh,reddit,Environmental storytelling,,2025-05-07T17:10:26Z,funny,funny,entertainment,Entertainment,[],0,19,4,,0.71,https://i.redd.it/0g76t8d07eze1.png,AcidicSlimeTrail,2025-05-21T11:54:23.137422Z
1kqiw4i,reddit,Gotta Stay Positive,,2025-05-19T18:17:08Z,funny,funny,entertainment,Entertainment,[],0,18,4,,0.58,https://v.redd.it/gwrdv6iu5s1f1,Dicky_tttttt,2025-05-21T11:54:24.130638Z
1khi3i4,reddit,Despicable men instead of Despicable me,,2025-05-08T05:02:08Z,funny,funny,entertainment,Entertainment,[],0,16,3,,0.67,https://i.redd.it/jgfgl4hzphze1.jpeg,rulugg,2025-05-21T11:54:25.105889Z
1kc6d5m,reddit,Misheard Lyrics | Peter Kay: The Tour That Didn't Tour Tour,*Classic from a legend*,2025-05-01T11:26:53Z,funny,funny,entertainment,Entertainment,[],0,18,1,,0.7,https://www.youtube.com/watch?v=7my5baoCVv8,SyncVir,2025-05-21T11:54:26.436054Z
1k74g81,reddit,Damn it.  There goes my plan for getting rid of my bedding.,,2025-04-24T21:50:12Z,funny,funny,entertainment,Entertainment,[],0,16,17,,0.61,https://i.redd.it/zm9p5172tuwe1.jpeg,HarryTOMalley,2025-05-21T11:54:28.164090Z
1k6szgq,reddit,Dog walk,Animation made in procreate and procreate dreams.,2025-04-24T14:01:52Z,funny,funny,entertainment,Entertainment,[],0,17,3,,0.6,https://v.redd.it/8i807qjihswe1,Chrystal-CDub,2025-05-21T11:54:29.211553Z
1kjie11,reddit,My chicken kara age approves of my food choice,,2025-05-10T19:35:35Z,funny,funny,entertainment,Entertainment,[],0,12,10,,0.54,https://i.redd.it/j4depj1nb00f1.png,Learnmorehere,2025-05-21T11:54:30.243717Z
1kpeip2,reddit,A New Pope,https://youtu.be/cQ9sJVJMiY,2025-05-18T07:39:28Z,funny,funny,entertainment,Entertainment,[],0,11,4,,0.6,https://youtu.be/cQ9sJVJMiYM,johnruk,2025-05-21T11:54:31.248047Z
1ke1a1d,reddit,Yahoo AI is absolutely unhinged,"My sister emailed me a babysitting schedule to my old Yahoo account. Unbeknownst to me, Yahoo has launched AI to ""summarize the most important information from your message."" The summary is at the very top of the email and it was initially unclear to me that this was an AI summary. I thought it was my sister's schedule. I though my sister has lost her goddamn mind.

Here's my sister's actual schedule. I changed names, so I am ""Aunt"", she is ""Mother"", her husband is ""Father"", and the kids are ""Daughter"" and ""Son"".

5:25pm Aunt arrives at our house.

5:30pm Mother drives Aunt to the park where Son and Father are playing soccer.

5:40pm  Aunt stays at the park with our Honda and Son. Father and Mother leave in a Ford. 

6pm Soccer ends. Aunt either stays at the park to play with Son or goes home for a little bit before heading out to get Daughter.

6:25 Aunt leaves with Son to get Daughter from the dance studio.

6:45 Daughter's class ends. Aunt takes both kids home.

7pm Feed the kids if they are hungry.

8:30pm Do bedtime routine with the kids.

9:30pm Parents will come home.

Ok, great. Clear, concise, no issues, I know exactly what the schedule is.

Here's the AI summary. Here's what was on top of that email:

You babysit Aunt's children after their soccer practice at the park, with Aunt staying at the park until 6:25 pm to pick up Son, who she then takes home to join Daughter for her class, and you have dinner and tuck the kids in for bed.

# Note

* Perform bedtime routine on kids.
* Arrange for Mother to babysit Aunt.
* Aunt and Son to play at the Park to meet Son and Father playing soccer.
* Decide on Aunt's movement and sleep schedule upon soccer's end.
* Aunt and Son are left at the park to play and may run away.
* Prepare dinner for the kids.
* Pick up Daughter from her class.
* Ensure kids are asleep by parents home.
* Transport Aunt from the recipient's house to the park to meet Son and Father playing soccer. 

Created by Yahoo Mail

This unhinged ""summary"" is longer than the actual schedule! Apparently, the kids are mine, my sister is babysitting me, and her son may run away! Also, my movement and sleep schedule need to be decided on before Son finishes soccer. And the whole thing STARTS with the bedtime routine.

I started reading it and immediately called my sister to ask her if she has lost her mind, before realizing this was an AI summary. So the good news is that my sister does not need to be committed, but whoever implemented this at Yahoo should be.",2025-05-03T19:39:10Z,funny,funny,entertainment,Entertainment,[],0,14,11,,0.57,https://www.reddit.com/r/funny/comments/1ke1a1d/yahoo_ai_is_absolutely_unhinged/,GroundStrikin,2025-05-21T11:54:32.208950Z
1kdrccq,reddit,Gift for a friend in a wheelchair with sense of humor,"https://preview.redd.it/oqgqjhly3kye1.png?width=576&format=png&auto=webp&s=f3e9d0a7d4b6894db0784bd4ea1fec898ab21378

He is also a fan of Starship Troopers",2025-05-03T12:01:57Z,funny,funny,entertainment,Entertainment,[],0,11,5,,0.81,https://www.reddit.com/r/funny/comments/1kdrccq/gift_for_a_friend_in_a_wheelchair_with_sense_of/,Dorrono,2025-05-21T11:54:33.774271Z
1kh61r2,reddit,Legs instead of lays,,2025-05-07T19:22:01Z,funny,funny,entertainment,Entertainment,[],0,9,16,,0.53,https://i.redd.it/dwp3zgihueze1.jpeg,rulugg,2025-05-21T11:54:34.837601Z
1k49aw7,reddit,All Terrain‘t,,2025-04-21T09:23:31Z,funny,funny,entertainment,Entertainment,[],0,14,5,,0.59,https://i.redd.it/3l2sxf74p5we1.jpeg,AboveClouds5167,2025-05-21T11:54:35.904608Z
1kmg7zw,reddit,Hulu app glitch in my friend’s phone,,2025-05-14T14:13:34Z,funny,funny,entertainment,Entertainment,[],0,9,4,,0.62,https://imgur.com/gallery/DjHo0uc,Captnlunch,2025-05-21T11:54:36.857219Z
1km0nep,reddit,My son attempted to impress his wife.,He's comedic always clowning around ,2025-05-13T23:25:12Z,funny,funny,entertainment,Entertainment,[],0,11,16,,0.59,https://v.redd.it/wp322w8cvm0f1,NotRightNowOkay345,2025-05-21T11:54:38.461198Z
1k894bs,reddit,Pigeons playing football,Pigeons playing football in Scotland.,2025-04-26T09:34:12Z,funny,funny,entertainment,Entertainment,[],0,9,3,,0.64,https://youtu.be/cnbVKD7lVu4?si=xh8N6eervJRhA2MJ,yungdrillakamoos,2025-05-21T11:54:39.477258Z
1kn34z5,reddit,Nothing says Happy Mother’s Day like wire hangers!,"I’m a few days late sharing this, but the content programmer at MAX has a wicked sense of humor. 🤣",2025-05-15T08:30:12Z,funny,funny,entertainment,Entertainment,[],0,8,5,,0.57,https://i.redd.it/0orkx78hpw0f1.jpeg,PlayfulBandicoot9119,2025-05-21T11:54:41.147808Z
1kd9mo7,reddit,Jus a lil guy,I cannot thank my better half enough for the edit. ,2025-05-02T19:31:05Z,funny,funny,entertainment,Entertainment,[],0,10,13,,0.56,https://v.redd.it/snhei1hj7fye1,NuclearWasteland,2025-05-21T11:54:42.077878Z
1kkab3p,reddit,An inspired true story,Essential watching to learn all about the history of Scotland,2025-05-11T20:19:10Z,funny,funny,entertainment,Entertainment,[],0,6,7,,0.55,https://i.redd.it/q7bs3fddn70f1.jpeg,cmotDan,2025-05-21T11:54:43.090955Z
1kenpq3,reddit,The real savings is in the farts,Saw this in a local furniture store. Someone has to be trolling,2025-05-04T16:20:54Z,funny,funny,entertainment,Entertainment,[],0,8,4,,0.57,https://i.redd.it/1vv422pfjsye1.jpeg,aka_lenebean,2025-05-21T11:54:44.434808Z
1k4t1bo,reddit,unavailable seats for the minecraft movie are creepers,,2025-04-22T00:21:20Z,funny,funny,entertainment,Entertainment,[],0,7,4,,0.59,https://i.redd.it/82wjdhva5awe1.jpeg,RealKilax,2025-05-21T11:54:45.967853Z
1knt8vc,reddit,Clean hands. Cleaner shots.,,2025-05-16T05:30:20Z,funny,funny,entertainment,Entertainment,[],0,5,8,,0.52,https://v.redd.it/a1tl08tay21f1,Aware-Dentist-9976,2025-05-21T11:54:46.971862Z
1k65s85,reddit,Found the price of these 3 books combined funny considering the author,"
",2025-04-23T17:58:55Z,funny,funny,entertainment,Entertainment,[],0,8,11,,0.56,https://i.redd.it/8ba5tk6wimwe1.jpeg,digitals32,2025-05-21T11:54:48.173969Z
1krhio4,reddit,I wonder where that cat went,,2025-05-20T22:01:15Z,funny,funny,entertainment,Entertainment,[],0,14,11,,0.57,https://i.redd.it/9yxnrmrqe02f1.jpeg,SniperPoro,2025-05-21T11:54:49.577329Z
1k7w3cd,reddit,Spider-Man 2 deleted scene,,2025-04-25T21:14:43Z,funny,funny,entertainment,Entertainment,[],0,3,4,,0.51,https://v.redd.it/6qgcmpanr1xe1,Fault_Bubbly,2025-05-21T11:54:51.490941Z
1kgmita,reddit,Ford shirt in Vietnam,,2025-05-07T02:24:55Z,funny,funny,entertainment,Entertainment,[],0,3,2,,0.54,https://i.redd.it/dsxtvtm0t9ze1.jpeg,bgjorge123,2025-05-21T11:54:52.552912Z
1ke14vn,reddit,Thank you Task Manager,"I opened task manager to close a non-responding program only to get this. Other programs worked so I was already seeing myself taking a screenshot and making a lame joke about Microsoft doing its code using AI.

Of course print screen shortcut did not work, it worked on any other screen, but not this one, so here I am thinking if this is funny or I am just silly :))",2025-05-03T19:32:25Z,funny,funny,entertainment,Entertainment,[],0,7,9,,0.53,https://i.redd.it/3x3gzjx7cmye1.png,Deep_Account7219,2025-05-21T11:54:53.569109Z
1ka1k40,reddit,Stealing Eggs,,2025-04-28T17:39:04Z,funny,funny,entertainment,Entertainment,[],0,3,9,,0.52,https://v.redd.it/1htmgiav3mxe1,haubri,2025-05-21T11:54:54.572048Z
