content_id,platform,title,content,created_at,source_id,source_name,category_id,category_name,tags,views,score,comment_count,duration,upvote_ratio,url,author,crawl_time
1ka5q5q,reddit,"Warren Zevon Wanted His Rock Hall Induction, Says His Daughter: 'He thrived on knowing that his music was being recognized'",,2025-04-28T20:29:16Z,music,music,entertainment,Entertainment,[],0,27,3,,0.81,https://www.vulture.com/article/warren-zevon-rock-hall-of-fame-induction.html,Level-Recording3368,2025-05-21T11:46:50.244984Z
1k8ry5d,reddit,Men I Trust - Norton Commander [indie dream pop],,2025-04-27T00:59:08Z,music,music,entertainment,Entertainment,[],0,27,9,,0.97,https://youtu.be/qmVeQEysvtk,philament,2025-05-21T11:46:51.227128Z
1k8m05d,reddit,What’s ur favourite song and why?,"Mine is running blue- by the doors, I feel like this song has a mixture of everything you could ever want. And Jim Morrisons voice is so perfect. I feel like this song also has the perfect amount of Multi-Keyboard Setup in this song which just adds an amazing feeling to it. So what’s yours?",2025-04-26T20:11:03Z,music,music,entertainment,Entertainment,[],0,22,70,,0.73,https://www.reddit.com/r/Music/comments/1k8m05d/whats_ur_favourite_song_and_why/,Relevant-Jury-4863,2025-05-21T11:46:52.433220Z
1k7xtyn,reddit,Pink Floyd - On the Turning Away [Rock],,2025-04-25T22:32:24Z,music,music,entertainment,Entertainment,[],0,26,0,,0.91,https://youtu.be/ojf18wT_Xtk?si=u_-4GPN6JmEgO9uJ,CrypticFeline,2025-05-21T11:46:53.877886Z
1k6w21q,reddit,Buzzcocks - Ever Fallen In Love With Someone (You Shouldn't've Fallen In Love With) [Punk],,2025-04-24T16:07:33Z,music,music,entertainment,Entertainment,[],0,25,0,,1.0,https://youtube.com/watch?v=wSfDA0rcOqQ&si=PFp4t7u7kovpbWkH,IPersonaI,2025-05-21T11:46:54.850002Z
1kr8ow5,reddit,The Faint - I Disappear [Dance Punk Revival] (2004),,2025-05-20T16:06:28Z,music,music,entertainment,Entertainment,[],0,27,3,,0.94,https://youtu.be/4f7tgprbjtg,Waste_Variation9277,2025-05-21T11:46:55.822004Z
1kqgv6v,reddit,"The Streets - Blinded By The Lights [UKG, Alt Hiphop] (2004)",,2025-05-19T16:59:36Z,music,music,entertainment,Entertainment,[],0,27,4,,0.97,https://youtu.be/QJD8mpcGykE?feature=shared,Cart00nish,2025-05-21T11:46:56.839696Z
1kq2i8z,reddit,Peter Gabriel - Don't Give Up [Rock] (1986),,2025-05-19T03:55:46Z,music,music,entertainment,Entertainment,[],0,24,2,,0.95,https://www.youtube.com/watch?v=VjEq-r2agqc,blackmoose,2025-05-21T11:46:57.891454Z
1kmkgd0,reddit,Dewey Cox/John C. Reilly - Billy Don't Be A Hero [70s Pop Variety Show],,2025-05-14T17:02:31Z,music,music,entertainment,Entertainment,[],0,25,5,,0.88,https://www.youtube.com/watch?v=kMCFYW4dwGg,PureLock33,2025-05-21T11:46:59.375597Z
1kl8feo,reddit,Musical misconceptions and urban legends,"What common misconceptions about bands/artists/songs and oft-debunked urban legends are there? (aside from the obvious big ones like ""Paul McCartney is dead"" and ""Elvis is still alive"" which haven't been taken seriously in decades).

For example:

- Puff the Magic Dragon isn't about cannabis
- Mama Cass didn't die choking on a sandwich
- ""In The Air Tonight"" isn't about a man drowning
- ""Yesterday"" isn't the most covered song in history",2025-05-13T00:21:00Z,music,music,entertainment,Entertainment,[],0,25,65,,0.85,https://www.reddit.com/r/Music/comments/1kl8feo/musical_misconceptions_and_urban_legends/,ChocolateHoneycomb,2025-05-21T11:47:00.586880Z
1kc8f8a,reddit,'Weird Al' Yankovic keeps dorkiness close to his heart,,2025-05-01T13:13:58Z,music,music,entertainment,Entertainment,[],0,24,0,,0.83,https://www.npr.org/2025/05/01/nx-s1-5382515/weird-al-yankovic-bigger-and-weirder,aresef,2025-05-21T11:47:02.100745Z
1kc864e,reddit,Wet Leg - Wet Dream (Live on KEXP) [Rock],,2025-05-01T13:02:01Z,music,music,entertainment,Entertainment,[],0,24,7,,0.79,https://youtube.com/watch?v=GgAphc6yJ4o&si=j9bdePcyJJu-ohWo,IPersonaI,2025-05-21T11:47:03.164948Z
1k9mdr4,reddit,Ween - The Argus [Alt rock],"I think this song is easily the most beautiful song I've ever heard.
my first listen through was a very emotional, almost ethereal feeling? While I was laying down listening to this song it genuinely felt like I was floating as silly as that sounds. I'm curious to hear your experiences listening to this song for the first time and how it made you feel, why you think it made you feel that way and I'm also curious to know if you would agree that this is likely one of the best songs ever written or if that's a bit far fetched ",2025-04-28T03:44:15Z,music,music,entertainment,Entertainment,[],0,26,9,,0.91,https://www.reddit.com/r/Music/comments/1k9mdr4/ween_the_argus_alt_rock/,SirGusleGorp,2025-05-21T11:47:04.141593Z
1k7ef6p,reddit,"David Thomas, the Fearless Voice Behind Pere Ubu, Has Passed Away at 71.",,2025-04-25T06:41:31Z,music,music,entertainment,Entertainment,[],0,25,4,,0.86,https://www.npr.org/2025/04/24/g-s1-62547/david-thomas-pere-ubu-obituary,Noor_avg_user1,2025-05-21T11:47:05.116326Z
1k6lpc5,reddit,"Bob Marley, Peter Tosh & Bunny Wailer - Stir it up [Reggae]",,2025-04-24T06:44:17Z,music,music,entertainment,Entertainment,[],0,22,3,,0.94,https://youtu.be/hqfbJaYvbiw,blackmoose,2025-05-21T11:47:06.095962Z
1k4wthg,reddit,"‘Apparently, he had a fist fight with King Charles’: the jawdropping life of Luca Prodan, Argentina’s punk god",,2025-04-22T03:34:30Z,music,music,entertainment,Entertainment,[],0,25,3,,0.91,https://www.theguardian.com/music/2025/apr/16/fist-fight-king-charles-luca-prodan-argentinas-post-punk-god-sumo?CMP=share_btn_url,Advanced_Tea_6024,2025-05-21T11:47:07.101529Z
1kqliag,reddit,Fun Lovin' Criminals - Scooby Snacks [Alt rock] (1996),,2025-05-19T19:58:45Z,music,music,entertainment,Entertainment,[],0,21,6,,0.94,https://youtu.be/gWOFtixfies,blackmoose,2025-05-21T11:47:08.207008Z
1kpkufu,reddit,"Prong - Snap Your Fingers, Snap Your Neck [Groove Metal]",,2025-05-18T14:09:44Z,music,music,entertainment,Entertainment,[],0,24,1,,0.94,https://youtu.be/23rnAs9BHkk?si=7ze6-CmbDuMHJsri,EmployOk5086,2025-05-21T11:47:09.606510Z
1ko1vce,reddit,Dead Kennedys - Rawhide (In Studio) [Punk],,2025-05-16T14:12:22Z,music,music,entertainment,Entertainment,[],0,22,1,,0.9,https://www.youtube.com/watch?v=rA74JYG8CRg,MrZombified,2025-05-21T11:47:10.635682Z
1knzg4f,reddit,En Vogue Celebrates 35 Years and Reveals the Surprising Story Behind Their Iconic Name,,2025-05-16T12:20:56Z,music,music,entertainment,Entertainment,[],0,22,4,,0.8,https://qnpost.com/en-vogue-celebrates-35-years-and-reveals-the-surprising-story-behind-their-iconic-name/,Candid_Contact_8229,2025-05-21T11:47:11.698043Z
1kj4y3g,reddit,"""Lonely Boy"" by Andrew Gold...this always confused me","I am on a 70s kick lately for whatever reason and I came across Lonely Boy. This song to me is a gem; it says it all about repeating a family cycle without coming right out and...saying it.

But there's one thing that has always bothered me about this song. He was born in 1951, thought he was the only son and was dressed up warmly and sent to school. Then his sister was born and he was betrayed and had some pretty complex thoughts about his parents lying, etc.

The thing is, in the song, his sister was born in 1953.

So...how did he get to this level of betrayal, and go to school and all that, by the time he was 2? Pissed that he'd no longer get all the attention and hating the stupid baby in Mommy's lap, yeah. My older sister can confirm this. 😂 But the rest? Especially about having already started school.

I just really never got that.",2025-05-10T07:50:12Z,music,music,entertainment,Entertainment,[],0,24,22,,0.79,https://www.reddit.com/r/Music/comments/1kj4y3g/lonely_boy_by_andrew_goldthis_always_confused_me/,Embarrassed-Ad4908,2025-05-21T11:47:12.713027Z
1kh2ten,reddit,"Joe Perry Enlists The Black Crowes, Stone Temple Pilots, and Aerosmith Members As Backing Band for Upcoming Tour",,2025-05-07T17:13:22Z,music,music,entertainment,Entertainment,[],0,24,0,,0.86,https://consequence.net/2025/05/joe-perry-project-2025-tour/,ebradio,2025-05-21T11:47:13.759540Z
1kh0r0h,reddit,Led Zeppelin - Kashmir [Hard Rock],,2025-05-07T15:50:45Z,music,music,entertainment,Entertainment,[],0,22,0,,0.9,https://youtu.be/tzVJPgCn-Z8?si=06rDGBsTNAm_DLe4,solus-mort,2025-05-21T11:47:14.681763Z
1kgnaoy,reddit,Cornershop - Brimful of Asha [indie rock],,2025-05-07T03:05:32Z,music,music,entertainment,Entertainment,[],0,23,6,,0.93,https://youtu.be/lM7H0ooV_o8?si=zu21fZYLFKYo1PDB,slh63,2025-05-21T11:47:15.649185Z
1kghajt,reddit,Turnstile - SEEIN’ STARS / BIRDS [Rock],,2025-05-06T22:11:11Z,music,music,entertainment,Entertainment,[],0,23,4,,0.79,https://youtu.be/a95G2GzB3t0?feature=shared,mino-nimo,2025-05-21T11:47:16.643348Z
1kby39a,reddit,Help I listen to the same music all the time!,"Hello Reddit I am a 18yr old female. I mostly listen to the weekend, Lana del Rey and deftones.
My top 3 favorite songs are 1. Florida Kilos (Lana del Rey) 2. Change in the house of flies (Deftones) 3. House of balloons (The weekend) Any song suggestions will be appreciated! Thank you :)",2025-05-01T02:24:52Z,music,music,entertainment,Entertainment,[],0,23,156,,0.68,https://www.reddit.com/r/Music/comments/1kby39a/help_i_listen_to_the_same_music_all_the_time/,Agile_Performer9811,2025-05-21T11:47:17.608605Z
1kbpnrl,reddit,Music legends who are 80+ and still touring?,"The Willie Nelson post (he's 92) got me thinking. We have tickets for upcoming Herbie Hancock (85) and George Clinton (83) shows. I was lucky enough to catch B.B. King in his mid 80s, several of Phil Lesh's birthdays and several other masters. 

&nbsp;  

""We"" is my son and I. He's fifteen and we've been learning guitar together for several years, so he's got a deep and diverse musical background. Besides seeing legends, it's a good thing to give him the chance to see some of the greats while they're still with us.    


&nbsp;  
What other octogenarians (or older) are still touring -- and who are you looking forward to seeing?",2025-04-30T19:52:18Z,music,music,entertainment,Entertainment,[],0,23,108,,0.87,https://www.reddit.com/r/Music/comments/1kbpnrl/music_legends_who_are_80_and_still_touring/,Rhythmdvl,2025-05-21T11:47:19.752940Z
1kaxujt,reddit,Radiohead - High and Dry [Alt Rock],,2025-04-29T20:19:39Z,music,music,entertainment,Entertainment,[],0,22,2,,0.87,https://youtu.be/7qFfFVSerQo,blackmoose,2025-05-21T11:47:21.546866Z
1kaoldl,reddit,Guitars (and other instruments?) will be more expensive,"I no longer play guitar, but I'm still on mailing lists, and I received this from the owner of X Guitars yesterday:

  
There are three scenarios:  
  
1. I purchase products from U.S. distributors who import guitars, etc, made in other countries.  Alhambra guitars, made in Spain, fall into this category.  
  
2. I purchase products from U.S. companies who have their products made in other countries. Some Córdoba guitars are an example of this.  
  
3. I purchase products directly from overseas manufacturers, like Schaller in Germany, Knobloch in Spain, and Woodside in China.  
  
In all of these scenarios, the bill for the tariff is charged to the U.S. importer.  This would be the U.S. distributor, the manufacturer based in the U.S., or XGuitars directly.  In all cases, it's a U.S. company that is paying the tariff.



The end result is that U.S. companies have to raise their prices to pay for the tariffs that are being charged to them by the U.S. government.



Again, these are the facts of the situation, not politics.  
  
I appreciate each of you and your support of XGuitars.

  
Geoff Ferdón  
XGuitars  
",2025-04-29T13:57:46Z,music,music,entertainment,Entertainment,[],0,26,20,,0.74,https://www.reddit.com/r/Music/comments/1kaoldl/guitars_and_other_instruments_will_be_more/,ScarletLilith,2025-05-21T11:47:22.712145Z
1k9xtck,reddit,Ice Cube - Arrest The President! [Hip-Hop] (2018),,2025-04-28T15:06:31Z,music,music,entertainment,Entertainment,[],0,25,0,,0.88,https://m.youtube.com/watch?v=y9oUnC8JtXY&pp=ygUdYXJyZXN0IHRoZSBwcmVzaWRlbnQgaWNlIGN1YmU%3D,WeAllFuckingFucked,2025-05-21T11:47:23.930411Z
1k685h2,reddit,Share one of your all time favourite live performances of a song.,"I already loved ""Cannibals"" by Mark Knopfler, but holy hell is this something else. I can't imagine what it must have been like to be in the actual room for such a performance. https://youtu.be/UD4LWIy675Y?feature=shared ",2025-04-23T19:33:46Z,music,music,entertainment,Entertainment,[],0,23,111,,0.83,https://www.reddit.com/r/Music/comments/1k685h2/share_one_of_your_all_time_favourite_live/,N/A,2025-05-21T11:47:24.901135Z
1k4h2br,reddit,Led Zeppelin - How many more times [Rock], ,2025-04-21T16:05:07Z,music,music,entertainment,Entertainment,[],0,21,6,,0.84,https://youtu.be/wEPog_WdPE4?si=56pBl-UF9mwWP21E,Tabula_Rasa00,2025-05-21T11:47:28.495162Z
1kpotjy,reddit,Music for an anxious mind?,"I’ve been struggling with bouts of anxiety lately (a whole lot of ruminating) and would like some music to put on to help distract me/calm me down.

I’ve mostly been listening to Max Richter on repeat and would really like to broaden my horizons (doesn’t need to be similar to him!)",2025-05-18T17:04:35Z,music,music,entertainment,Entertainment,[],0,20,69,,0.87,https://www.reddit.com/r/Music/comments/1kpotjy/music_for_an_anxious_mind/,Prestigious_Day_3198,2025-05-21T11:47:29.524503Z
1knkd71,reddit,Elvin Bishop - Fooled around and fell in love [Pop],,2025-05-15T21:46:00Z,music,music,entertainment,Entertainment,[],0,22,6,,0.84,https://www.youtube.com/watch?v=0MtX1-i6Zu8,Shankar_0,2025-05-21T11:47:31.121374Z
1kktj99,reddit,Live Nation Petitions Supreme Court to Kill Mass Arbitration Class Action Lawsuit,,2025-05-12T14:12:52Z,music,music,entertainment,Entertainment,[],0,22,0,,0.83,https://www.ticketnews.com/2025/05/live-nation-asks-supreme-court-to-end-mass-arbitration-class-action/,_ticketnews,2025-05-21T11:47:32.146248Z
1kj6xly,reddit,Best Way To Discover New Music?,"Hi Everyone,

I'm a Spotify user and I noticed that for a while I've been siloed into the same genres of music I always listen to (no fault of the app itself). 

So I was thinking what is the best way to discover music outside of my traditional genres that I wouldn't normally listen to?

What tips and tricks do you use to discover new music and genres?

Appreciate any advice!
",2025-05-10T10:13:31Z,music,music,entertainment,Entertainment,[],0,22,63,,0.81,https://www.reddit.com/r/Music/comments/1kj6xly/best_way_to_discover_new_music/,Ev_Batchvarov,2025-05-21T11:47:33.101696Z
1ke11sx,reddit,"R.E.M. ""Radio Free Europe 2025"" (proceeds benefit the actual Radio Free Europe)","[https://remhq.com/news/watch-michaels-interview-with-anthony-mason-on-cbs-mornings/](https://remhq.com/news/watch-michaels-interview-with-anthony-mason-on-cbs-mornings/)

https://preview.redd.it/rltnkx0xbmye1.png?width=1000&format=png&auto=webp&s=a576ec778b3aba66f356b87d286158c3009619e3

[https://ffm.to/remrfe2025](https://ffm.to/remrfe2025)

  
",2025-05-03T19:28:30Z,music,music,entertainment,Entertainment,[],0,22,1,,0.78,https://www.reddit.com/r/Music/comments/1ke11sx/rem_radio_free_europe_2025_proceeds_benefit_the/,helvetin,2025-05-21T11:47:34.603965Z
1kap4y0,reddit,"Rhiannon Giddens' new music festival celebrates Black music, art, culture in N.C.",,2025-04-29T14:21:19Z,music,music,entertainment,Entertainment,[],0,22,0,,0.87,https://www.npr.org/sections/the-picture-show/2025/04/29/nx-s1-5379904/biscuits-and-banjos-music-festival-photos,zsreport,2025-05-21T11:47:35.543791Z
1k7w1tf,reddit,Does anyone else have to listen to something a few times before they can decide if they like it or not?,Literally what the title says… I don’t know why but whenever I listen to a new song or album I usually have to listen to it a few times before I can definitively know if it’s one I want to save or not. Does anyone else experience that? Why do you think that is?,2025-04-25T21:12:50Z,music,music,entertainment,Entertainment,[],0,22,42,,0.82,https://www.reddit.com/r/Music/comments/1k7w1tf/does_anyone_else_have_to_listen_to_something_a/,Tr0ubl3d_T1m3s_,2025-05-21T11:47:36.797749Z
1k6mp2k,reddit,Leonard Cohen - Hallelujah [Folk/Rock],,2025-04-24T07:54:01Z,music,music,entertainment,Entertainment,[],0,21,10,,0.87,https://www.youtube.com/watch?v=YrLk4vdY28Q,blackmoose,2025-05-21T11:47:38.127274Z
1k63211,reddit,"Roy Thomas Baker, the iconic producer who worked on Bohemian Rhapsody with Queen, has died",,2025-04-23T16:09:38Z,music,music,entertainment,Entertainment,[],0,23,1,,0.8,https://www.the-express.com/entertainment/celebrity-news/169738/queen-legend-produced-bohemian-rhapsody-died,TheExpressUS,2025-05-21T11:47:39.429075Z
1k4k63s,reddit,"Prince & The Revolution - Purple Rain (Official Video), HD (Digitally Remastered and Upscaled)",,2025-04-21T18:05:32Z,music,music,entertainment,Entertainment,[],0,22,4,,0.85,https://youtu.be/GaJcBJQi7bY?si=JnwA4Jie0DdNHlIL,Consistent_Edge9211,2025-05-21T11:47:40.404389Z
1k4bgqd,reddit,Sad/deep songs with great hooks,"I m looking for sad, deep and depressing songs with great hooks like nights, 7 years, mockingbird, Past Lives, Counting stars, Arcade, Heat waves, Let me down slowley,etc. I might have bad taste idk much abt music but I only love songs of these types so pls dont hate me and pls help me",2025-04-21T11:43:59Z,music,music,entertainment,Entertainment,[],0,22,86,,0.82,https://www.reddit.com/r/Music/comments/1k4bgqd/saddeep_songs_with_great_hooks/,DipakPatell,2025-05-21T11:47:41.436552Z
1krd5w0,reddit,King Crimson - Three Of A Perfect Pair [progressive rock] (1984),,2025-05-20T19:02:06Z,music,music,entertainment,Entertainment,[],0,23,3,,1.0,https://m.youtube.com/watch?v=QdMHy074kNc&pp=ygUka2luZyBjcmltc29uIHRocmVlIG9mIGEgcGVyZmVjdCBwYWly,GrouchySalary5677,2025-05-21T11:47:43.180533Z
1knzwws,reddit,The Dillinger Escape Plan - Sunshine the Werewolf [Mathcore],,2025-05-16T12:44:14Z,music,music,entertainment,Entertainment,[],0,21,1,,0.92,https://youtu.be/ags-LRxTXYE?si=bQdF8ylQWTD-XdHd,EmployOk5086,2025-05-21T11:47:44.231418Z
1knef99,reddit,Wolf Alice return with ‘Bloom Baby Bloom’ and announce new album ‘The Clearing’ out August 29,,2025-05-15T17:42:55Z,music,music,entertainment,Entertainment,[],0,20,0,,0.78,https://www.nme.com/news/music/wolf-alice-bloom-baby-bloom-video-watch-new-album-the-clearing-details-3862785,SafeBodybuilder7191,2025-05-21T11:47:45.168832Z
1kjv9aj,reddit,"Crosby, Stills, Nash & Young, ‘Deja Vu’","This is one of those albums that never gets old. Lyrics, musicianship, stories, it’s all there. Each band member gets their moment in the sun: Stephen Stills’ “Carry On” (probably my favorite on the album) and “4 + 20” (history in song); Neil Young’s “Helpless” (brilliant); Graham Nash’s “Teach Your Children” and “Our House” (poignant); David Crosby’s “Almost Cut My Hair” and “Déjà Vu” (philosophical).  Such a disparate collection of talent but somehow it all comes together in this album and  resulted in something truly unique.

",2025-05-11T07:20:41Z,music,music,entertainment,Entertainment,[],0,21,7,,0.89,https://www.reddit.com/r/Music/comments/1kjv9aj/crosby_stills_nash_young_deja_vu/,HikerAT2022,2025-05-21T11:47:46.123537Z
1kj1k6m,reddit,Mike Ness - Cheating at solitaire [Punk],,2025-05-10T04:07:14Z,music,music,entertainment,Entertainment,[],0,23,11,,0.85,https://youtu.be/DEG-3L7jqh0,blackmoose,2025-05-21T11:47:47.119343Z
1kijxzr,reddit,Dick Dale - Miserlou [Surf] 1962,,2025-05-09T14:32:10Z,music,music,entertainment,Entertainment,[],0,21,3,,0.92,https://youtu.be/mKpsuGMeqHI?si=zIS_EmYK0SEHPHfv,Rick-Prada,2025-05-21T11:47:48.120369Z
1khpava,reddit,XTC - Senses Working Overtime (Remastered 2001) [New wave],,2025-05-08T12:50:16Z,music,music,entertainment,Entertainment,[],0,21,2,,0.92,https://youtu.be/kjt7AdLYT2w,djsoomo,2025-05-21T11:47:49.081344Z
1kgyuah,reddit,Stereo MCs - Connected (Live on The Tonight Show With Jimmy Fallon) [Hip-Hop],,2025-05-07T14:32:54Z,music,music,entertainment,Entertainment,[],0,20,5,,0.86,https://www.youtube.com/watch?v=O_muvTsgy3o&t=42,MileenasFeet,2025-05-21T11:47:50.163457Z
1kfvlzn,reddit,Alice In Chains - Whale & Wasp [Rock],,2025-05-06T04:05:51Z,music,music,entertainment,Entertainment,[],0,20,2,,0.9,https://youtu.be/zGQuYs53PN4?si=8ws7gnMjRmEJlE1L,A00077,2025-05-21T11:47:51.203705Z
1keswub,reddit,Harry Belafonte - Jump In the Line [JAZZ],,2025-05-04T20:00:56Z,music,music,entertainment,Entertainment,[],0,22,5,,0.83,https://youtu.be/kMXBJW1PuU8,MamaSugarz,2025-05-21T11:47:52.237282Z
1kcvlpq,reddit,Ticketmaster App,Hey does anyone else seem to be stuck in a endless loop trying to sign in on the app? I have android and the play store reviews seen to indicate the problem started April 30. I tried to sign in and it just keeps flickering between 2 screens constantly. I think Apple people might be having issues too but I'm not sure.,2025-05-02T08:04:05Z,music,music,entertainment,Entertainment,[],0,20,36,,0.92,https://www.reddit.com/r/Music/comments/1kcvlpq/ticketmaster_app/,Relevant_Ninja2251,2025-05-21T11:47:53.409405Z
1kcazy1,reddit,Can you guys give me some good long road trip through the mountains songs?,"Lets talk about them! I'm going on a 10 hour road trip soon to bc and I'm trying to create a pl∧ylist! thanks! I'm going to be driving through the mountains and was hoping for some uplifting songs that give that warm fuzzy feeling. Bonus points if it comes with a story on why you like it (i love learning backstory on things)! with that said I am still alright with any genre, rock, blues, pop etc. seeing as I have the entire drive there as well. I am totally willing to have some long discussions about the songs you guys like!",2025-05-01T15:06:10Z,music,music,entertainment,Entertainment,[],0,19,219,,0.74,https://www.reddit.com/r/Music/comments/1kcazy1/can_you_guys_give_me_some_good_long_road_trip/,Double_Leading_1731,2025-05-21T11:47:54.602266Z
1kbc64t,reddit,BATTLES - ATLAS [mathrock/live],,2025-04-30T09:21:26Z,music,music,entertainment,Entertainment,[],0,20,6,,0.96,https://youtu.be/kaZzAGR0VNk?si=I1sde4XUv8Dl1IxF,itsallcosmica,2025-05-21T11:47:56.758253Z
1kavhvx,reddit,Townes Van Zandt - Pancho and Lefty (Heartworn Highways) [Country],,2025-04-29T18:41:09Z,music,music,entertainment,Entertainment,[],0,21,0,,0.96,https://www.youtube.com/watch?v=zprRZ2wFQD4&t=31,MileenasFeet,2025-05-21T11:47:57.777761Z
1k8tbnc,reddit,A Tribe Called Quest - Scenario Remix [hip hop],,2025-04-27T02:12:45Z,music,music,entertainment,Entertainment,[],0,21,3,,0.93,https://youtu.be/HIH0F-gooYs?si=M_0ox5hI49umhkJo,EasyKale851,2025-05-21T11:47:58.785691Z
1k8jtdu,reddit,Aesop Rock - Jumping Coffin [Hip-Hop],,2025-04-26T18:33:15Z,music,music,entertainment,Entertainment,[],0,22,2,,0.96,https://www.youtube.com/watch?v=04JfAt0Oa-Y,ThatFavoriteUncle,2025-05-21T11:47:59.843486Z
1k87auq,reddit,SB19 - Time [Pop],,2025-04-26T07:23:08Z,music,music,entertainment,Entertainment,[],0,21,1,,0.96,https://youtu.be/NMq0DVeTwkY?feature=shared,-_Mikazuki_-,2025-05-21T11:48:01.002887Z
1k4ngqm,reddit,The Cure Announce 'Songs Of A Lost World' Remix Album,,2025-04-21T20:17:12Z,music,music,entertainment,Entertainment,[],0,22,9,,0.96,https://www.stereogum.com/2305086/the-cure-announce-songs-of-a-lost-world-remix-album/news/,Edm_vanhalen1981,2025-05-21T11:48:02.038196Z
1kqypin,reddit,Siouxsie Sioux and the Banshees - Into the Light [Post-Punk],,2025-05-20T07:10:26Z,music,music,entertainment,Entertainment,[],0,19,1,,0.96,https://www.youtube.com/watch?v=pictArFbX_A,LorenzoApophis,2025-05-21T11:48:03.122777Z
1kpataz,reddit,The Beatles - I Saw Her Standing There [Rock],,2025-05-18T03:37:43Z,music,music,entertainment,Entertainment,[],0,18,4,,0.72,https://youtu.be/s67ui3sdD-Y?si=fT7VmBU6K2OtFkgQ,JackSkeIllington,2025-05-21T11:48:04.129156Z
1koti8q,reddit,Gnarls Barkley - Crazy [R&B] (2006),,2025-05-17T13:52:17Z,music,music,entertainment,Entertainment,[],0,20,9,,0.83,https://youtu.be/-N4jf6rtyuw,blackmoose,2025-05-21T11:48:05.085735Z
1knn88a,reddit,Gary Numan - Metal (Remastered 2009) [Synth Pop],,2025-05-16T00:00:25Z,music,music,entertainment,Entertainment,[],0,19,0,,0.92,https://youtu.be/ZmZ6_tbLgXM?list=PLjIuADMrDKIZcaH6j6jRK1MWzwwB1PrKD,djsoomo,2025-05-21T11:48:06.411122Z
1kisnzz,reddit,Watch Red Hot Chili Peppers' Chad Smith Playthrough His 2000 'Loud Rocks' Collaboration With Tom Morello & Wu-Tang Clan - Theprp.com,,2025-05-09T20:37:18Z,music,music,entertainment,Entertainment,[],0,18,2,,0.7,https://www.theprp.com/2025/05/09/news/watch-red-hot-chili-peppers-chad-smith-playthrough-his-2000-loud-rocks-collaboration-with-tom-morello-wu-tang-clan/,Edm_vanhalen1981,2025-05-21T11:48:07.354607Z
1kimcqf,reddit,Oasis - Some Might Say [Rock],,2025-05-09T16:11:58Z,music,music,entertainment,Entertainment,[],0,24,7,,0.7,https://www.forbes.com/sites/hughmcintyre/2025/05/08/oasis-charts-a-new-no-1-hit-ahead-of-the-bands-reunion-tour/,UweLang,2025-05-21T11:48:08.362693Z
1khwynh,reddit,The Damned - Anti-Pope [punk],,2025-05-08T18:10:36Z,music,music,entertainment,Entertainment,[],0,21,0,,0.95,https://www.youtube.com/watch?v=zJ16UNwRm5M,rumbrave55,2025-05-21T11:48:09.358817Z
1khwc8c,reddit,"ZZ-Top - Jesus just left Chicago [Blues] This one's for you, Pope Leo!",,2025-05-08T17:46:13Z,music,music,entertainment,Entertainment,[],0,20,0,,0.8,https://www.youtube.com/watch?v=LOoPWnnl4CE,Hey_Giant_Loser,2025-05-21T11:48:10.304829Z
1khehy8,reddit,Rhapsody in Blue - Leonard Bernstein and The New York Philharmonic [classical] 1976. Composed by George Gershwin,,2025-05-08T01:41:34Z,music,music,entertainment,Entertainment,[],0,20,0,,0.87,https://youtu.be/cH2PH0auTUU,Chocolat-Pralin,2025-05-21T11:48:11.283841Z
1kg7px3,reddit,Peter Gabriel - San Jacinto [Art rock] (live 1987),,2025-05-06T15:42:47Z,music,music,entertainment,Entertainment,[],0,19,1,,0.89,https://m.youtube.com/watch?v=uRBw-Y-lj0M&pp=ygUZcGV0ZXIgZ2FicmllbCBzYW4gamFjaW50bw%3D%3D,GrouchySalary5677,2025-05-21T11:48:12.292362Z
1keq573,reddit,How has music changed your life?,"I was wondering how did music influence your life and how did your musical taste develop during your life. For me the first music style i really started listening was rap, i soon added reggea, and some national&international pop & classics to the list. When i was 16 i started attending festivals regulary and i added hardcore and the harder styles to my musical taste. A year later i stopped going to festivals and wasn't really into music for a while. Untill i started to travel more often, going to local shows & clubs and hereby opening myself up to all sorts of music and tunes from around the world. I also shazam whenever i hear something cool on the radio or in a bar club, walking by some people playing music in the street, stores etc. then a year ago when i started attending raves regulary, it became primarly Techno. To the point i sweeped my library and created a specialised Techno library. This branched out to specific subgeneres of almost anykind of Techno.

Then when i attended a rave that wasn't up to my expectations i decided to create my own sets, i started organizing and fine picking the best tunes out of my libary and tried to make a logical order of it with a vibe and a story. Once i had a couple of these sets prepared i picked up some turntables and started mixing them, with this i came to understand musical structure and sets more.

I soon came to the conclusion that certain songs where missing some elements that would make them more interesting. so i started remixing and editing songs.

After this and seeing how other songs where composed i started creating my own songs. Wich i absolutely loved. I spend the past 6 months creating tunes and it's about time for a summer break.

I was wondering how did music influence your life?

And what are the general outcomes or common paths in wich a persons musical taste develops?

How often does this happen? Some people can casually attend events but i've completly lost myself in this specific genre.. Well.. if it doesn't work out i will always have my own tunes :)",2025-05-04T18:03:15Z,music,music,entertainment,Entertainment,[],0,19,30,,0.73,https://www.reddit.com/r/Music/comments/1keq573/how_has_music_changed_your_life/,Dr_Brabo,2025-05-21T11:48:13.466126Z
1kdleug,reddit,Patsy Cline - Walkin' After Midnight [Country],,2025-05-03T05:20:16Z,music,music,entertainment,Entertainment,[],0,21,0,,0.97,https://youtube.com/watch?v=bsRNCvHXHHU&si=bNQXCg1g585BYYVA,Nossmirg,2025-05-21T11:48:14.763446Z
1kbxx48,reddit,Peter Tosh - Reggae Mylitis [Reggae],,2025-05-01T02:15:31Z,music,music,entertainment,Entertainment,[],0,20,2,,0.96,https://youtu.be/7MEqaQJ9lqU?si=iDuFYKBdWv5VXeXe,TheProcrastafarian,2025-05-21T11:48:15.789304Z
1k9p6r3,reddit,radiohead - the numbers [alternative],,2025-04-28T06:44:20Z,music,music,entertainment,Entertainment,[],0,20,0,,0.86,https://youtu.be/Ti6qhk3tX2s?si=v0u-G9wvSHDzSPm2,Dazzling_Form5267,2025-05-21T11:48:16.823751Z
1k9d37l,reddit,Do Me Like That - The Paradox [Pop Punk] (2025) a new teen band with great 2000s vibes,,2025-04-27T20:04:39Z,music,music,entertainment,Entertainment,[],0,20,3,,0.79,https://www.youtube.com/watch?v=vqBveK7XZg8,L_knight316,2025-05-21T11:48:17.844869Z
1k8ju0g,reddit,"WATCH: Pig Pen, Matty Matheson's hardcore band, make their live debut in Toronto, ON",,2025-04-26T18:34:03Z,music,music,entertainment,Entertainment,[],0,22,5,,0.82,https://lambgoat.com/news/47424/watch-pig-pen-matty-mathesonwade-mac-neil-make-their-live-debut-in-toronto-on/,imatmydesknow,2025-05-21T11:48:18.912213Z
1k8ijsx,reddit,Outlaws - Green Grass And High Tides [Country Rock],,2025-04-26T17:38:18Z,music,music,entertainment,Entertainment,[],0,21,1,,0.89,https://youtu.be/WEkJFR69IXw?si=P-1NzeX2xHsp5K_e,d3rk2007,2025-05-21T11:48:19.934419Z
1k82qzm,reddit,David Bowie - Life On Mars? (Original Ending Version) [Glam Rock],,2025-04-26T02:43:11Z,music,music,entertainment,Entertainment,[],0,22,0,,0.96,https://youtu.be/ft3b1-Cm-0M,djsoomo,2025-05-21T11:48:20.951735Z
1k7vahp,reddit,David Bowie - Heroes [Rock],,2025-04-25T20:40:43Z,music,music,entertainment,Entertainment,[],0,20,1,,0.92,https://www.youtube.com/watch?v=lXgkuM2NhYI,bash_14,2025-05-21T11:48:21.947338Z
1krcwjl,reddit,Queen - Play The Game [classic rock],,2025-05-20T18:51:51Z,music,music,entertainment,Entertainment,[],0,23,2,,0.96,https://www.youtube.com/watch?v=6_5O-nUiZ_0,Ju-ju_Eyeball,2025-05-21T11:48:23.204349Z
1kr2dip,reddit,Blondie - Hanging On The Telephone [New Wave Rock],,2025-05-20T11:21:14Z,music,music,entertainment,Entertainment,[],0,20,0,,1.0,https://www.youtube.com/watch?v=uWhkbDMISl8,zsreport,2025-05-21T11:48:24.358928Z
1kn9tts,reddit,"Eurythmics - Sweet Dreams (Are Made of This) [UK, Synthpop]",,2025-05-15T14:37:47Z,music,music,entertainment,Entertainment,[],0,19,0,,0.86,https://youtu.be/qeMFqkcPYcg,Qoutaybah,2025-05-21T11:48:25.647796Z
1kljifx,reddit,The Primitives - Crash [Indie],,2025-05-13T11:28:39Z,music,music,entertainment,Entertainment,[],0,21,4,,0.94,https://youtu.be/1y7NGqfZteg?si=tRGiPBOgMPEB5UNN,roadtrip-ne,2025-05-21T11:48:26.912654Z
1khvx07,reddit,Wheres your head at?,"Does anybody know what this genre is called?
Songs like ""Where's Your Head At"" by Basement Jaxx, or ""It Fit When I Was kid"" by void angle, ""Seventeen"" by Ladytron, ""bleach"" by Vandalism, or basically almost all Crystal Castles songs?
",2025-05-08T17:29:29Z,music,music,entertainment,Entertainment,[],0,18,17,,0.77,https://www.reddit.com/r/Music/comments/1khvx07/wheres_your_head_at/,Low_Lynx_8273,2025-05-21T11:48:27.951026Z
1kht0c9,reddit,The Hollies - The Air That I Breathe [Soft Rock],,2025-05-08T15:31:11Z,music,music,entertainment,Entertainment,[],0,19,2,,0.89,https://youtu.be/70rm31ClOiE?si=FyumXaTLw4prjKmI,do-call-me-papi,2025-05-21T11:48:29.030975Z
1kh7bza,reddit,Elton John - I’ve Seen that Movie Too [pop rock],,2025-05-07T20:14:15Z,music,music,entertainment,Entertainment,[],0,17,8,,0.81,https://youtu.be/grYBKcuWowM?si=cu4rqH-teVRjfIkc,slh63,2025-05-21T11:48:30.096749Z
1kfrs2b,reddit,of Montreal - Suffer for Fashion [Alternative/Indie],,2025-05-06T00:43:58Z,music,music,entertainment,Entertainment,[],0,21,3,,0.96,https://www.youtube.com/watch?v=aBYGjC_hJ9A,HappyHappyJoyJoy44,2025-05-21T11:48:31.106460Z
1kdvxl9,reddit,The Velvet Underground - Heroin [Rock/Alt rock] (1967),,2025-05-03T15:44:13Z,music,music,entertainment,Entertainment,[],0,18,1,,0.83,https://www.youtube.com/watch?v=qFLw26BjDZs,printial,2025-05-21T11:48:32.096671Z
1kbr73g,reddit,The Flaming Lips - Fight Test [Alternative Rock],,2025-04-30T20:57:44Z,music,music,entertainment,Entertainment,[],0,19,9,,0.95,https://www.youtube.com/watch?v=fye1XtXQn9s,MileenasFeet,2025-05-21T11:48:33.286887Z
1kay1pz,reddit,"Manic Street Preachers, Simple Minds and The Cult lead tributes to Mike Peters",,2025-04-29T20:27:56Z,music,music,entertainment,Entertainment,[],0,18,0,,0.88,https://nation.cymru/culture/manic-street-preachers-simple-minds-and-the-cult-lead-tributes-to-mike-peters/,mrjohnnymac18,2025-05-21T11:48:34.458699Z
1kake7h,reddit,Ultimate comfort song(s),"What is your ultimate comfort song/ what are your ultimate comfort songs? No one's obligated to answer, I know it's a very personal question. I'm merely curious 🥲 And I'm sure music has helped all of us through tough times at some point 🫠",2025-04-29T10:12:21Z,music,music,entertainment,Entertainment,[],0,20,74,,0.86,https://www.reddit.com/r/Music/comments/1kake7h/ultimate_comfort_songs/,Clumsy_Doughnut,2025-05-21T11:48:35.406358Z
1k9c12f,reddit,Pink Floyd -  Run Like Hell (Single) [Rock],,2025-04-27T19:19:32Z,music,music,entertainment,Entertainment,[],0,19,0,,0.95,https://youtube.com/watch?v=pTZXJsPtL8Q&si=Tjzg094u-r2sgClG,IPersonaI,2025-05-21T11:48:36.906404Z
1k825h8,reddit,Dire Straits - Brothers In Arms [Rock],,2025-04-26T02:10:43Z,music,music,entertainment,Entertainment,[],0,20,0,,0.95,https://www.youtube.com/watch?v=jhdFe3evXpk,bash_14,2025-05-21T11:48:37.917042Z
1k6pxr0,reddit,Jethro Tull – Aqualung [Progressive Rock],,2025-04-24T11:33:39Z,music,music,entertainment,Entertainment,[],0,17,0,,0.81,https://www.youtube.com/watch?v=6fEB6v5SsLI,Forest_Noodle,2025-05-21T11:48:39.102621Z
1k4zam3,reddit,Tim Minchin - Pope Song [Comedy],,2025-04-22T06:04:37Z,music,music,entertainment,Entertainment,[],0,18,3,,0.83,https://youtu.be/JkOHDoEkPW0,Crazyguy199096,2025-05-21T11:48:40.352741Z
1k47njx,reddit,Yeah Yeah Yeahs - Gold Lion [Alt Rock],,2025-04-21T07:25:38Z,music,music,entertainment,Entertainment,[],0,18,4,,0.88,https://youtu.be/jMMkP_ofpXg,blackmoose,2025-05-21T11:48:41.627165Z
1kq3f5c,reddit,Has Been - William Shatner [Parody] (2004),,2025-05-19T04:50:47Z,music,music,entertainment,Entertainment,[],0,17,7,,0.96,https://youtu.be/RGxqW2TDw4E,blackmoose,2025-05-21T11:48:42.922101Z
1ko416f,reddit,Soundgarden - Blow Up the Outside World [grunge](1996),,2025-05-16T15:41:25Z,music,music,entertainment,Entertainment,[],0,17,0,,0.85,https://youtu.be/sC2GjXMk7i4?si=iHXoRcUN4P_2PX7i,sloppy_steaks24,2025-05-21T11:48:43.937197Z
1knqqes,reddit,The Sundays - Hideous Towns [Alternative],,2025-05-16T03:04:50Z,music,music,entertainment,Entertainment,[],0,20,3,,1.0,https://youtu.be/7gU38SjBsJ8?si=fVdmK19582uvGrg8,Kit_McFlavor_Butter,2025-05-21T11:48:44.912565Z
1kmyw68,reddit,Cheech and Chong - Marijuana [Psychedelic Rock] (2013),,2025-05-15T03:52:58Z,music,music,entertainment,Entertainment,[],0,17,3,,0.74,https://youtu.be/SHNi8Gd-ERE?feature=shared,CC_Ballistics,2025-05-21T11:48:46.114360Z
1kktbn5,reddit,tom petty and the heartbreakers - here comes my girl [classic rock],,2025-05-12T14:03:51Z,music,music,entertainment,Entertainment,[],0,19,0,,0.92,https://youtu.be/n4nPa35CZPI?si=VbQpI5CRBZTa9-y0,Dazzling_Form5267,2025-05-21T11:48:47.148597Z
1kjyr67,reddit,MF DOOM - Hey! [Hip-Hop] (1999),,2025-05-11T11:21:41Z,music,music,entertainment,Entertainment,[],0,19,2,,0.92,https://youtu.be/IkP0aJrrwgU?si=DCQd6N4AU9ZzQBlH,TheBlitzkid46,2025-05-21T11:48:48.143196Z
1khsw0g,reddit,Pavement - summer babe winter version [indie],,2025-05-08T15:26:15Z,music,music,entertainment,Entertainment,[],0,17,3,,0.82,https://youtu.be/cMjlhIWxfFI?si=c-JLT97d3e0MBZke,Tabula_Rasa00,2025-05-21T11:48:49.106721Z
1kgaj3s,reddit,H.I.M. - Join Me In Death [Official Video],,2025-05-06T17:35:13Z,music,music,entertainment,Entertainment,[],0,17,9,,0.67,https://youtu.be/DanMZQ8uF1I?si=WI6_kRB4i2-pLK3C,justannyxo,2025-05-21T11:48:50.073635Z
1kfzl3f,reddit,rush - closer to the heart [progressive],,2025-05-06T08:41:49Z,music,music,entertainment,Entertainment,[],0,18,2,,0.86,https://youtu.be/kyhW2v0NDM0?si=xYClLfUs-n6zCQyk,Dazzling_Form5267,2025-05-21T11:48:51.112869Z
1kf0rzt,reddit,Dr Feelgood,"Their music speaks for itself. I don't know what to say.

https://www.youtube.com/watch?v=Yp2DvPKh118

I like how Wilko looks utterly deranged, just flapping his hand at his guitar while great sounds come out of it, stalking back and forth with that unblinking glare.

Lee Brilleaux looks like a right villain. As though he was in a 1970s pub smelling of Old Spice and would chin you for looking at his bird's tits.

Oil City Confidential is the best music documentary I've ever seen.",2025-05-05T02:16:02Z,music,music,entertainment,Entertainment,[],0,19,9,,0.86,https://www.reddit.com/r/Music/comments/1kf0rzt/dr_feelgood/,Round_Engineer8047,2025-05-21T11:48:52.046390Z
1ke0p7a,reddit,Bee Gees - Tragedy [Disco],,2025-05-03T19:12:46Z,music,music,entertainment,Entertainment,[],0,17,3,,0.88,https://youtu.be/I248-SyRDnU?si=GYD9kyGtT2oq1X7G,Kit_McFlavor_Butter,2025-05-21T11:48:53.096627Z
1kdxmbh,reddit,David Foster Went From Working With Chicago and Whitney Houston to Boop! The Musical: 'I had no f*cking clue what I was doing',,2025-05-03T16:59:38Z,music,music,entertainment,Entertainment,[],0,16,0,,0.72,https://www.vulture.com/article/boop-the-musical-soundtrack-david-foster.html,Level-Recording3368,2025-05-21T11:48:54.054815Z
1kdv24u,reddit,Ramones - Surfin' Bird [Rock],,2025-05-03T15:05:11Z,music,music,entertainment,Entertainment,[],0,19,3,,0.9,https://youtu.be/V_48Qz_Oj6g?si=NLJQFMVg-TW_goMp,Ok-Equal-5058,2025-05-21T11:48:55.039309Z
1kd6udk,reddit,Fountains of Wayne - Hey Julie [Pop rock],,2025-05-02T17:33:44Z,music,music,entertainment,Entertainment,[],0,16,6,,0.82,https://www.youtube.com/watch?v=wZxJNZMyn-4,TheRNGuy,2025-05-21T11:48:55.984444Z
1kb42pl,reddit,Rise Against - Collapse (Post-Amerika) [Punk],,2025-04-30T00:59:48Z,music,music,entertainment,Entertainment,[],0,19,0,,0.91,https://youtu.be/0gDrTI2glC8,newbackup20,2025-05-21T11:48:56.981800Z
1kaotqa,reddit,Neil Young & Crazy Horse - Welfare Mothers (Live) [Rock],,2025-04-29T14:07:32Z,music,music,entertainment,Entertainment,[],0,18,7,,0.87,https://www.youtube.com/watch?v=_L8f6yXVRPg,MileenasFeet,2025-05-21T11:48:57.938997Z
1k99f2q,reddit,My thoughts on Hans zimmer after finally watching interstellar.,Hans zimmer has always been my favorite film score composer since I was a little kid after hearing soundtracks from gladiator and POTCO. I finally sat down to watch all of interstellar for the first yesterday and holy. Never in my life has any level of music or composer resulted in the feelings I experienced from this soundtrack. Not a single word and I’m in tears and feel and feel a level of almost spiritual emotion and experience.  This is a clear example of how music is the universal language. It’s almost as if it’s frequency transcends me into conscious level of overwhelming joy and love. I am so thankful I got to live in the same lifetime as someone this great. It’s hard to put into words the emotions i experience through most of his composers. Interested to hear the opinion on him from people with musical knowledge.,2025-04-27T17:28:59Z,music,music,entertainment,Entertainment,[],0,18,13,,0.66,https://www.reddit.com/r/Music/comments/1k99f2q/my_thoughts_on_hans_zimmer_after_finally_watching/,Agreeable-Copy-3444,2025-05-21T11:48:58.886256Z
1k7afl7,reddit,Deltron 3030 - Turbulence [hip-hop] (2000),,2025-04-25T02:42:52Z,music,music,entertainment,Entertainment,[],0,18,0,,0.91,https://www.youtube.com/watch?v=_OGMamnKQUA,CurReign,2025-05-21T11:48:59.949702Z
1kqfvlh,reddit,M.I.A. - Paper Planes [Hiphop] (2008),,2025-05-19T16:20:37Z,music,music,entertainment,Entertainment,[],0,18,5,,0.66,https://youtu.be/ewRjZoRtu0Y?feature=shared,Cart00nish,2025-05-21T11:49:01.142204Z
1kpw75i,reddit,Queens of the Stone Age - Leg Of Lamb [alt rock],,2025-05-18T22:22:57Z,music,music,entertainment,Entertainment,[],0,15,1,,0.91,https://youtu.be/ZP1aDEnToqA?si=Pfb130z6GHM0NO-k,d3rk2007,2025-05-21T11:49:02.147679Z
1kp9r4q,reddit,Good Vibrations revisited,"Good Vibrations was released when I was a young teen. Wasn’t a big fan of The Beach Boys then and I never really paid attention to that particular song. For the last several decades I have heard it countless times on the radio or somewhere and every time I hear it these days I seem to like it more and more. I’m 71 now. It just played on the radio and I feel it’s one of the best songs to come out of the 60’s. I’m not a musician but it sounds like something that wasn’t easy to write, arrange and produce. If you haven’t heard it for a while go find it. ",2025-05-18T02:36:03Z,music,music,entertainment,Entertainment,[],0,18,1,,0.92,https://www.reddit.com/r/Music/comments/1kp9r4q/good_vibrations_revisited/,punabear,2025-05-21T11:49:03.110674Z
1kniy41,reddit,Tom Petty - “Don’t Come Around Here No More” [rock],,2025-05-15T20:47:34Z,music,music,entertainment,Entertainment,[],0,16,1,,0.87,https://youtu.be/He6GzlTOudw?si=zhGEF3cCnzzse8NI,monkhiggins,2025-05-21T11:49:04.112083Z
1kidl7l,reddit,Bad Religion - American Jesus [Punk],,2025-05-09T08:35:33Z,music,music,entertainment,Entertainment,[],0,17,0,,0.91,https://youtu.be/12kcpP-8jfM?si=LtYRgHMdldDkx9tS,Bucketlyy,2025-05-21T11:49:05.128551Z
1ki7pt3,reddit,America - Horse with No Name [Folk Rock] (1971),,2025-05-09T02:19:40Z,music,music,entertainment,Entertainment,[],0,18,2,,0.78,https://youtu.be/ocLCLMZO6dc?si=-ZiQabQ0GLXH3KeO,Significant-Food2361,2025-05-21T11:49:06.142631Z
1kgoz25,reddit,Fiona Apple - Pretrial (Let Her Go Home) [Art Pop] (Official Music Video),,2025-05-07T04:40:51Z,music,music,entertainment,Entertainment,[],0,18,1,,0.87,https://youtu.be/ki1nvcNbYH8?si=z1Hi0rhCJjpr80Yj,Professor_Finn,2025-05-21T11:49:07.201257Z
1kfkbqz,reddit,Daft Punk - Get Lucky [Electronic Music],,2025-05-05T19:20:33Z,music,music,entertainment,Entertainment,[],0,18,1,,0.91,https://youtu.be/CCHdMIEGaaM?si=rts3wLqOuVzfJ9Fe,Empty-Instruction282,2025-05-21T11:49:08.224071Z
1kfce9l,reddit,Clap Your Hands Say Yeah - The Skin Of My Yellow Country Teeth [Indie Rock],,2025-05-05T14:02:58Z,music,music,entertainment,Entertainment,[],0,17,0,,0.85,https://www.youtube.com/watch?v=hMpx2pQZ8P0,darkestsoul,2025-05-21T11:49:09.427792Z
1keqvzb,reddit,"Does anyone have any links to the early 2000's New York pop punk band ""Word""? Due to their name I'm having an extremely hard time searching for them.","As the title states, I'm having a hard time finding any music by the band ""Word"". Searching up things like ""word band"", ""word music"", ""word band new york pop punk myspace"",  etc. don't bring up anything of use because of their band name. I originally found them on myspace in the early 2000's. 

**They are not:**

 ""The Word"", ""Four letter Word"", or ""F-word"" 

**The info I have is as follows:**

Band Name: Word

Genre: Pop punk (think early Green Day)

Time frame: Early 2000's

Location: New York (possibly NYC)

If anyone would like to share links, I would appreciate it. I read through the rules and while it states no asking for help identifying a song/help building a list of songs it says nothing about asking for a link to a specific band identified in the post. **If this post is not allowed please delete.** Thank you!",2025-05-04T18:34:26Z,music,music,entertainment,Entertainment,[],0,17,8,,0.81,https://www.reddit.com/r/Music/comments/1keqvzb/does_anyone_have_any_links_to_the_early_2000s_new/,Ammaranthh,2025-05-21T11:49:10.419680Z
1kdm1yz,reddit,The Misfits - Where Eagles Dare [PUNK],,2025-05-03T06:02:10Z,music,music,entertainment,Entertainment,[],0,18,1,,0.95,https://youtu.be/7ON8zNL3e7c,MamaSugarz,2025-05-21T11:49:11.469621Z
1kd8n9h,reddit,Iggy Pop - China Girl [alt rock],,2025-05-02T18:49:35Z,music,music,entertainment,Entertainment,[],0,17,0,,0.96,https://youtu.be/KsnmUB6w784?si=lRoZvsgImHfOodtW,d3rk2007,2025-05-21T11:49:12.606732Z
1kci7nt,reddit,The Police albums / use of keyboards,"The Police are one of my favorite bands and I'm relistening to all the albums today. What does everyone think of them, and particularly their progression through the years and increasing use of keyboards/synths? 

While I really liked Regatta in particular as an album, I was waiting all morning to get to Ghost In The Machine and the incredible Spirits in the Material World, Every Little Thing She Does and Invisible Sun. Rehumanize Yourself onward is almost as amazing. Regatta is a more even album but the highs on this album are the standout work on this listen. The classic Police elements are there (cool Sting basslines, sharp and barely off-kilter Andy guitar, energetic Stewart drumming, great songwriting) but having synths on top to add some depth and padding really completes the picture for me. I love the best parts of Synchronicity almost as much, although I like a few of the outtakes more than the non-hits.

I think if they didn't prominently use keyboards (which they had been doing partly even in Regatta), I never would've fallen in love with their music. What does everyone else think of the band, their albums, and progression through the years?
",2025-05-01T20:05:13Z,music,music,entertainment,Entertainment,[],0,16,45,,0.87,https://www.reddit.com/r/Music/comments/1kci7nt/the_police_albums_use_of_keyboards/,annatar1995,2025-05-21T11:49:13.637594Z
1kbp25u,reddit,Blondie - Rapture [rock],,2025-04-30T19:26:33Z,music,music,entertainment,Entertainment,[],0,17,1,,1.0,https://youtu.be/Sp9An5OcdE4?si=IC8gAXxi99TyItFy,HEYitzED,2025-05-21T11:49:15.096003Z
1kbm59b,reddit,Peter Tosh - Equal Rights [Reggae] (1977),,2025-04-30T17:25:16Z,music,music,entertainment,Entertainment,[],0,17,0,,1.0,https://youtu.be/bOZQZAX4deM?si=VP0D7BH_GVCPbiwH,dragonoid296,2025-05-21T11:49:16.027386Z
1kb67j3,reddit,Best Rock Cartoon Music Videos?,"What are your favorite rock songs with cartoon music videos? I have twins that are 14 months old, they respond very well to music.

Their favorite cartoon videos are:
Ghost - Mary on a cross
Ghost - the future is a foreign place
Beatles - yellow submarine 

Naturally, I want them to keep listening to interesting and unique music, especially anything with drums, guitars and loud vocals. They fall asleep to hardcore.

Thank you!",2025-04-30T02:48:46Z,music,music,entertainment,Entertainment,[],0,18,135,,0.85,https://www.reddit.com/r/Music/comments/1kb67j3/best_rock_cartoon_music_videos/,Any-Lengthiness9803,2025-05-21T11:49:16.970052Z
1kb1y43,reddit,Nirvana - Breed (MTV Live and Loud) [rock] (1993),,2025-04-29T23:16:04Z,music,music,entertainment,Entertainment,[],0,18,3,,0.91,https://youtu.be/xdTa6BiGXO0?si=L40I-QQBWaWKJiHF,creativetraveler24,2025-05-21T11:49:20.834931Z
1kadihc,reddit,Bob Dylan - Things Have Changed [Blues Folk Rock] (2000),,2025-04-29T02:36:18Z,music,music,entertainment,Entertainment,[],0,19,3,,0.95,https://youtu.be/L9EKqQWPjyo,Cart00nish,2025-05-21T11:49:21.825696Z
1kaan3x,reddit,INXS - Need You Tonight/Mediate [New wave],,2025-04-29T00:09:06Z,music,music,entertainment,Entertainment,[],0,16,0,,0.95,https://youtu.be/MiVbq6ZnNc4?si=hzvFJD0g2fwyqAE0,MasterAinley,2025-05-21T11:49:22.899615Z
1k8sd28,reddit,Ian Dury and the Blockheads - Sex and Drugs and Rock and Roll [Cool Grams Jams],,2025-04-27T01:20:47Z,music,music,entertainment,Entertainment,[],0,17,0,,0.92,https://www.youtube.com/watch?v=I7j-aTLQNV0,totesuncommon,2025-05-21T11:49:23.829781Z
1k4o47x,reddit,Killswitch Engage - My Curse [metalcore],,2025-04-21T20:43:40Z,music,music,entertainment,Entertainment,[],0,17,3,,0.95,https://youtu.be/iPW9AbRMwFU?si=YuGwRF59UiuMsmTz,d3rk2007,2025-05-21T11:49:24.779801Z
1k4aq0h,reddit,Metallica - Dyers Eve [Thrash Metal],,2025-04-21T10:59:37Z,music,music,entertainment,Entertainment,[],0,17,6,,0.77,https://youtu.be/Wi047wK5Ndg?si=9FJP4Hy2zXc058W7,N/A,2025-05-21T11:49:25.808893Z
1kr852y,reddit,Sinead O'Connor - All Apologies (Nirvana Cover) [Pop],,2025-05-20T15:44:46Z,music,music,entertainment,Entertainment,[],0,17,4,,0.95,https://www.youtube.com/watch?v=SEVu1tcUGnc&t=12,MileenasFeet,2025-05-21T11:49:26.851267Z
1kqos0h,reddit,Fleetwood Mac - Rhiannon [Rock],,2025-05-19T22:10:22Z,music,music,entertainment,Entertainment,[],0,16,1,,0.94,https://youtu.be/0xGPi-Al3zQ?si=V-nYT0DRfl9KQtJZ,ShortParsley8286,2025-05-21T11:49:27.929654Z
1kqmou6,reddit,The Doors - The Crystal Ship [Rock] (1967),,2025-05-19T20:44:58Z,music,music,entertainment,Entertainment,[],0,16,5,,0.85,https://youtu.be/rbulIrN4scs,blackmoose,2025-05-21T11:49:28.977127Z
1kon0da,reddit,U2 - The Unforgettable Fire [Art Rock] (1984),,2025-05-17T07:09:04Z,music,music,entertainment,Entertainment,[],0,16,2,,0.86,https://youtu.be/KTzmzrruHwc?feature=shared,Cart00nish,2025-05-21T11:49:30.053823Z
1knvouo,reddit,Martha Wainwright: 'I was envious of Rufus - I knew I wasn't going to win',,2025-05-16T08:21:14Z,music,music,entertainment,Entertainment,[],0,17,2,,0.88,https://inews.co.uk/culture/music/martha-wainwright-envious-of-rufus-knew-wouldnt-win-3689920,Gullible_Leave_6771,2025-05-21T11:49:31.098167Z
1km9asb,reddit,The Distillers - Drain The Blood [Punk],,2025-05-14T07:31:13Z,music,music,entertainment,Entertainment,[],0,17,0,,0.87,https://youtu.be/u04b4TQ6Fnk,Titan2k25,2025-05-21T11:49:32.144784Z
1klniqd,reddit,Say Anything - Alive With The Glory Of Love [Pop Punk],,2025-05-13T14:34:56Z,music,music,entertainment,Entertainment,[],0,17,1,,0.85,https://youtu.be/2ZGRzdywXqs?feature=shared,Vxampir3mon3y,2025-05-21T11:49:33.261036Z
1klgi8v,reddit,Dinosaur Jr. - Watch The Corners [Rock],,2025-05-13T08:08:31Z,music,music,entertainment,Entertainment,[],0,15,1,,0.88,https://youtu.be/FpsGcnLEZbk,Titan2k25,2025-05-21T11:49:34.269663Z
1kk68mn,reddit,Blind Faith - Can’t Find My Way Home [Rock] (1969),,2025-05-11T17:23:19Z,music,music,entertainment,Entertainment,[],0,15,3,,0.86,https://youtu.be/-83p00ZBGuI?si=Ebc5p2k6qBfkkrqk,IMPERIAL-COMPLETIST,2025-05-21T11:49:35.407763Z
1kk1tux,reddit,Sneaker Pimps - Walking Zero [Trip-Hop],,2025-05-11T14:06:52Z,music,music,entertainment,Entertainment,[],0,16,0,,0.95,https://www.youtube.com/watch?v=si1mwbp9Y0Y,MrZombified,2025-05-21T11:49:36.451869Z
1kis9wz,reddit,The Kooks and Hard-Fi on the last great wave of British guitar bands,,2025-05-09T20:20:57Z,music,music,entertainment,Entertainment,[],0,18,9,,0.72,https://www.bbc.com/news/articles/cr5d04r634go?fbclid=IwY2xjawKLQplleHRuA2FlbQIxMQABHl-fjMZ4kyOQe0WlZzIJ8PTW5PfJaJ7gnLvo3vsw5MFpwTM2hh7F2XNn841Q_aem_iQbQxSSQbVp2TAqPD__SnA,mrjohnnymac18,2025-05-21T11:49:37.494764Z
1kinq0r,reddit,"Prince - When Doves Cry [Pop, Rock, Funk]",,2025-05-09T17:08:09Z,music,music,entertainment,Entertainment,[],0,18,0,,0.99,https://youtu.be/TDITpFvzBpg?si=v2zVY85fuBMyrGEW,solus-mort,2025-05-21T11:49:38.530235Z
1kimoqe,reddit,M - Pop Muzik [pop] (1978),,2025-05-09T16:25:38Z,music,music,entertainment,Entertainment,[],0,17,0,,1.0,https://youtu.be/gPoiv0sZ4s4,blackmoose,2025-05-21T11:49:39.453738Z
1khu07c,reddit,The Beatles - Rocky Raccoon [Country Ballad],,2025-05-08T16:12:17Z,music,music,entertainment,Entertainment,[],0,18,3,,0.8,https://youtu.be/sDcDCZGcZj8?si=2XlVJ9--Fktfn287,solus-mort,2025-05-21T11:49:40.597621Z
1khb2yk,reddit,Jefferson Starship - Jane [rock],,2025-05-07T22:53:34Z,music,music,entertainment,Entertainment,[],0,16,5,,0.9,https://youtu.be/LJCuB-uhNgM?si=PaJpGz1x8dIsHrkD,slh63,2025-05-21T11:49:41.537025Z
1kfvsao,reddit,Depeche Mode - Barrel of a Gun [Alternative rock] (1997),,2025-05-06T04:16:21Z,music,music,entertainment,Entertainment,[],0,16,1,,1.0,https://m.youtube.com/watch?v=V7GCrTFCXYo&pp=ygUcZGVwZWNoZSBtb2RlIGJhcnJlbCBvZiBhIGd1bg%3D%3D,ProspektNya,2025-05-21T11:49:42.501167Z
1kfqyx9,reddit,Swing Out Sister - Breakout (Official Music Video) [Synth Pop],,2025-05-06T00:03:47Z,music,music,entertainment,Entertainment,[],0,15,2,,0.9,https://youtu.be/IIOJdMdS56k,djsoomo,2025-05-21T11:49:43.454547Z
1kfp8sp,reddit,Radiohead - Tinker Tailor Soldier Sailor Rich Man Poor Man Beggar Man Thief [Alternative] (2016),,2025-05-05T22:43:02Z,music,music,entertainment,Entertainment,[],0,17,1,,0.95,https://youtu.be/hetqKun4XFg?si=SpW2BHTxeQYv4q8E,nomoreshiny,2025-05-21T11:49:44.749413Z
1ken7n9,reddit,Propagandhi - Day by Day [punk],,2025-05-04T15:59:56Z,music,music,entertainment,Entertainment,[],0,16,2,,1.0,https://youtu.be/fZwKScEzCQE,dirtandgrassandweeds,2025-05-21T11:49:46.095827Z
1kdlyvs,reddit,Yusuf/Cat Stevens - Father and Son [folk],,2025-05-03T05:56:57Z,music,music,entertainment,Entertainment,[],0,15,4,,0.86,https://youtu.be/iI9yKCV_Bac?si=TDzMYc02iPMibB0w,No_King_25,2025-05-21T11:49:47.052470Z
1kdcx64,reddit,Duran Duran - Save a Prayer [New Wave] (1982),,2025-05-02T21:52:48Z,music,music,entertainment,Entertainment,[],0,17,4,,0.95,https://youtu.be/HUSeKK1OG1s?si=xaPJ2Xzzq3WK3q7r,Phoenix_Tribe,2025-05-21T11:49:48.050406Z
1kdcec6,reddit,"Watching ""My LIfe as a Rolling Stone"" and the thinking of past ""sociability"" or LPs and 45s.","Like most people, I've become accustomed to ""solitary"" music with a pair of expensive, noise cancelling headphones. My husband listens to his music and I listen to mine.

Was watching the documentary and felt a pang when Richards and Jagger talked about as teenagers in Britain how expensive imported jazz, blues and early rock records were and how difficult to find so that teenagers were constantly circulating among different homes to hear the new album that someone managed to get or to sit and listen in a group to a good collection that someone managed to put together and then discussing and arguing about the musicians. We did that as well (later) then Mick and Keith but I remember so well sitting in a basement with a group of 12 year olds listening to the piles of albums that our older siblings collected and going from house to house to look at the LPs and 45s. Or we would get together at a park with a portable 45 player with stacks to go through.

Other than some musicians I know, I can't think of anyone else that goes to others homes just to sit and listen to records (pr CDs). Miss those days",2025-05-02T21:29:35Z,music,music,entertainment,Entertainment,[],0,16,17,,0.84,https://www.reddit.com/r/Music/comments/1kdcec6/watching_my_life_as_a_rolling_stone_and_the/,Fritja,2025-05-21T11:49:49.107420Z
1kby704,reddit,What is Baltimora’s “Tarzan Boy” truly about?,"This song has always been one of my favorites despite being born years away from its target demographic. It is literally one of my favorite songs because of the Tarzan chant in the chorus, and it always gives me this Disney-esque feeling of adventure. 

Recently upon re-examining it, it almost feels like it has some kind of extreme yearning in it as well though, which makes it much more unusual. 

So what is this song truly about? ",2025-05-01T02:30:22Z,music,music,entertainment,Entertainment,[],0,18,30,,0.79,https://www.reddit.com/r/Music/comments/1kby704/what_is_baltimoras_tarzan_boy_truly_about/,SirTweetCowSteak,2025-05-21T11:49:50.187589Z
1kb4act,reddit,"Run The Jewels - ""Ooh LA LA"" feat. Greg Nice & DJ Premier [Hip Hop]",,2025-04-30T01:10:29Z,music,music,entertainment,Entertainment,[],0,15,0,,0.9,https://www.youtube.com/watch?v=Sff7Kc77QAY,GhostsinGlass,2025-05-21T11:49:51.483369Z
1kamj42,reddit,The Moldy Peaches - Anyone Else But You [Indie Rock],,2025-04-29T12:20:24Z,music,music,entertainment,Entertainment,[],0,17,1,,0.88,https://m.youtube.com/watch?v=QsWFbMc5t84,Vxampir3mon3y,2025-05-21T11:49:52.741955Z
1kabziu,reddit,U2 - I Will Follow [Alt Rock],,2025-04-29T01:16:35Z,music,music,entertainment,Entertainment,[],0,15,0,,0.83,https://youtu.be/-sLzV00gNUo?si=iQqkkFf-aPEQq-yg,stonebridge0,2025-05-21T11:49:53.746647Z
1k9pbv9,reddit,Fav Music,"Have you ever listened to a certain piece of music and felt an overwhelming sense of calm, as if you just wanted to listen to that song and nothing else, like life itself was embracing you through it, or you experienced a state of euphoria? What is the song that made you feel this way the most?
",2025-04-28T06:54:53Z,music,music,entertainment,Entertainment,[],0,16,32,,0.78,https://www.reddit.com/r/Music/comments/1k9pbv9/fav_music/,Super-Till-681,2025-05-21T11:49:54.733304Z
1k8vk9r,reddit,How do you listen to your music on the go?,"I’m a Plex user and I recently paid for a Plex Pass membership because PlexAmp is an excellent piece of software and I got fed up with Spotify’s fake shuffle and algorithm. I like Plex because it’s cool to make and customize your own music server with the best sound quality, but it’s also distracting to listen to music on the same ecosystem as social media… which is why I’m considering to go back to my good old iPod classic.

Today I made a deep dive on the iPod (revival) community and, to my surprise, it’s now bigger than ever. People are modding their iPods with SD cards, better batteries and even Bluetooth, so it’s exciting to me to dust off my old player and give it a new life.

Did you know any of this? Do you still use your iPod? Do you have a CD player or enjoy to listen to cassettes? Let me know your thoughts and/or recommendations.",2025-04-27T04:21:51Z,music,music,entertainment,Entertainment,[],0,15,35,,0.73,https://www.reddit.com/r/Music/comments/1k8vk9r/how_do_you_listen_to_your_music_on_the_go/,Taishaku,2025-05-21T11:49:55.856825Z
1k6zjz3,reddit,"Black Flag Announce New Lineup, Tease First New Music In 12 Years",,2025-04-24T18:27:55Z,music,music,entertainment,Entertainment,[],0,17,37,,0.69,https://www.stereogum.com/2305553/black-flag-announce-new-lineup-tease-first-new-music-in-12-years/news/,That_Independence923,2025-05-21T11:49:56.958779Z
1k6lq2n,reddit,Little Feat - Long Distance Love [Eclectic Rock],,2025-04-24T06:45:45Z,music,music,entertainment,Entertainment,[],0,16,2,,0.94,https://youtu.be/vsNeUZd9n48,TheProcrastafarian,2025-05-21T11:49:58.419447Z
1k6jahs,reddit,The Outfield - Your Love [Pop Rock/New Wave],,2025-04-24T04:11:02Z,music,music,entertainment,Entertainment,[],0,16,3,,0.94,https://youtu.be/4N1iwQxiHrs,NoTouchy79,2025-05-21T11:49:59.460682Z
1kqvzwg,reddit,Underworld - “Cowgirl” [Electronic],,2025-05-20T04:12:58Z,music,music,entertainment,Entertainment,[],0,17,3,,0.92,https://m.youtube.com/watch?v=5TySnF_Pb3M,theweightofdreams8,2025-05-21T11:50:00.641317Z
1kq7z13,reddit,The Beatles - A Day In The Life [Prog Rock],,2025-05-19T10:06:25Z,music,music,entertainment,Entertainment,[],0,16,0,,0.94,https://youtu.be/usNsCeOV4GM?si=EzWJ7zErUe87iz5g,solus-mort,2025-05-21T11:50:01.741466Z
1kpumva,reddit,"Fatboy Slim - Right Here, Right Now Official 4K Video (Official 4K Video) [Big Beat]",,2025-05-18T21:13:08Z,music,music,entertainment,Entertainment,[],0,14,0,,0.86,https://youtu.be/ub747pprmJ8,djsoomo,2025-05-21T11:50:02.689304Z
1kp46qp,reddit,"Scatman John - Scatman [Jazz Scat, Euro-Dance]",,2025-05-17T21:45:26Z,music,music,entertainment,Entertainment,[],0,14,3,,0.79,https://youtu.be/ZhSY7vYbXkk?si=_dg5KqXGl48ssBJq,solus-mort,2025-05-21T11:50:03.774975Z
1kowmm9,reddit,Brian Eno - Baby's on Fire [Rock],,2025-05-17T16:11:03Z,music,music,entertainment,Entertainment,[],0,16,1,,0.94,https://youtube.com/watch?v=nItuhuY1U04&si=K51kPFMOj3a0D8Br,IPersonaI,2025-05-21T11:50:04.827190Z
1kopqbg,reddit,Dio - Last in Line [Metal] (1984),,2025-05-17T10:22:09Z,music,music,entertainment,Entertainment,[],0,14,0,,0.95,https://youtu.be/360xvnsduDg,blackmoose,2025-05-21T11:50:05.994507Z
1koizcq,reddit,War Pigs - Faith No More - 1989 [Heavy Metal],,2025-05-17T03:00:19Z,music,music,entertainment,Entertainment,[],0,14,0,,0.95,https://youtu.be/w4oZXfrf18Y?feature=shared,jjmk2014,2025-05-21T11:50:07.390391Z
1km1v4r,reddit,Weird Al Yankovic - Canadian Idiot [Comedy],,2025-05-14T00:23:04Z,music,music,entertainment,Entertainment,[],0,15,2,,0.73,https://youtu.be/wOK9tkE8Db0,newbackup20,2025-05-21T11:50:08.609494Z
1klw0sq,reddit,Deftones - Headup ft. Max Cavalera (1997) [Nu Metal],,2025-05-13T20:10:09Z,music,music,entertainment,Entertainment,[],0,15,0,,0.76,https://youtu.be/u0zenvD1EOY?si=-YEnjMyE8GaE-sQ3,EmployOk5086,2025-05-21T11:50:10.454562Z
1kk36jz,reddit,Toto & Brian Eno - Dune (Full Album) [Soundtrack],,2025-05-11T15:08:13Z,music,music,entertainment,Entertainment,[],0,16,1,,0.99,https://www.youtube.com/watch?v=J8puQ9YbgjY&t=1902,MileenasFeet,2025-05-21T11:50:11.802381Z
1kio1u6,reddit,"Alice in Chains - Love, Hate, Love [Grunge]",,2025-05-09T17:21:45Z,music,music,entertainment,Entertainment,[],0,17,3,,0.94,https://www.youtube.com/watch?v=0ztdtvXmrFc,EmbarrassedFocus7661,2025-05-21T11:50:12.761665Z
1ki6n56,reddit,Lindsey Buckingham - Trouble [Rock],,2025-05-09T01:22:02Z,music,music,entertainment,Entertainment,[],0,16,1,,0.9,https://www.youtube.com/watch?v=Kcm3dbuV8Z4,BillyShears17,2025-05-21T11:50:13.875956Z
1khu1q7,reddit,Pkew Pkew Pkew - Fresh Pope [punk],,2025-05-08T16:13:57Z,music,music,entertainment,Entertainment,[],0,14,4,,0.86,https://youtu.be/fvevuVT-iC0?feature=shared,zapsteeds,2025-05-21T11:50:15.274830Z
1kh4twg,reddit,Ozzy Osbourne Reveals 'Insufferable Pain' Prayed For Death,,2025-05-07T18:33:13Z,music,music,entertainment,Entertainment,[],0,16,26,,0.68,https://tvshowsace.com/2025/05/07/ozzy-osbourne-reveals-insufferable-pain-prayed-for-death/,Lanky_Description535,2025-05-21T11:50:16.530041Z
1kdmqp5,reddit,Cake - It's coming down [Al Rock] (1996),,2025-05-03T06:49:06Z,music,music,entertainment,Entertainment,[],0,14,3,,0.8,https://youtu.be/r5zQenTDStA,blackmoose,2025-05-21T11:50:17.690436Z
1kdjbz3,reddit,"In a rare interview, Barry Goudreau talks creating Boston’s smash debut and his ongoing rift with Tom Scholz",,2025-05-03T03:16:20Z,music,music,entertainment,Entertainment,[],0,15,1,,0.91,https://www.guitarplayer.com/guitarists/barry-goudreau-on-bostons-smash-debut-and-tom-scholz,dalyllama35,2025-05-21T11:50:18.776965Z
1kdf16h,reddit,Daryl Hall & John Oates - She's Gone [Soft Rock],,2025-05-02T23:29:11Z,music,music,entertainment,Entertainment,[],0,13,2,,0.83,https://www.youtube.com/watch?v=87Q042KlxI4,oldwhitelincoln,2025-05-21T11:50:20.048777Z
1kcf5oi,reddit,Talib Kweli & DJ Hi-Tek - Africa Dream [Hip Hop] (2000),,2025-05-01T17:57:04Z,music,music,entertainment,Entertainment,[],0,16,2,,0.94,https://youtu.be/Lcw2r_LKMuI?si=pWwWekBdSB4iTSpI,nomoreshiny,2025-05-21T11:50:21.323443Z
1kbblzw,reddit,Faun - Walpurgisnacht (Official Video) [pagan folk] [2014],,2025-04-30T08:38:46Z,music,music,entertainment,Entertainment,[],0,15,1,,0.86,https://www.youtube.com/watch?v=nLgM1QJ3S_I,FrankHarwald,2025-05-21T11:50:22.324860Z
1k4pwfu,reddit,Stevie Wonder - You Haven’t Done Nothin’ [R&B],,2025-04-21T21:58:13Z,music,music,entertainment,Entertainment,[],0,16,2,,0.89,https://youtu.be/0SEGHvLElxc?si=eAbVn2y414MPM6GJ,Account74624,2025-05-21T11:50:23.641828Z
1krhrrd,reddit,Van Halen - Hot For Teacher - 1984 [Heavy Metal],,2025-05-20T22:11:56Z,music,music,entertainment,Entertainment,[],0,27,4,,0.91,https://youtu.be/6M4_Ommfvv0?feature=shared,jjmk2014,2025-05-21T11:50:24.676612Z
1kr6v8k,reddit,Barry Goudreau was there from the beginning of Boston – but has regrets about how things ended with Tom Scholz,,2025-05-20T14:53:42Z,music,music,entertainment,Entertainment,[],0,17,0,,0.81,https://www.guitarworld.com/artists/guitarists/barry-goudreau-boston,dalyllama35,2025-05-21T11:50:25.717974Z
1kq0zx0,reddit,Bob Mould - American Crisis [ punk ],,2025-05-19T02:30:14Z,music,music,entertainment,Entertainment,[],0,15,0,,0.89,https://youtu.be/zD7TxGTPsV4?si=TnqW0TUCqVRWtWXo,markrlondon,2025-05-21T11:50:26.722423Z
1kojod9,reddit,Minor Threat - I Don't Wanna Hear It [Punk],,2025-05-17T03:39:07Z,music,music,entertainment,Entertainment,[],0,14,0,,0.9,https://youtube.com/watch?v=QVZA05PKK-U&si=4I1Q80wOygRnykRl,Nossmirg,2025-05-21T11:50:27.679491Z
1ko4ghc,reddit,"Final Destination: Bloodlines Composer on Legacy, Tony Todd & More",,2025-05-16T15:58:57Z,music,music,entertainment,Entertainment,[],0,15,0,,0.94,https://bleedingcool.com/movies/final-destination-bloodlines-composer-on-legacy-tony-todd-more/,moxiemu21,2025-05-21T11:50:28.627458Z
1kmscee,reddit,Nina Simone – Sinnerman [Soul],,2025-05-14T22:22:24Z,music,music,entertainment,Entertainment,[],0,14,2,,0.9,https://youtu.be/OLomLzN_Am8?si=KV4pptKrN_ClLM5O,DryCalligrapher8696,2025-05-21T11:50:29.544721Z
1klz1do,reddit,Pet Shop Boys - It's A Sin (Live at Wembley 1989) [Synthpop],,2025-05-13T22:12:26Z,music,music,entertainment,Entertainment,[],0,15,2,,0.8,https://youtube.com/watch?v=L9PUmSe52x8&si=We_JRsHqp2ksm-CB,IPersonaI,2025-05-21T11:50:30.505077Z
1kl23s8,reddit,"Sean ""Diddy"" Combs Defense Says Violent Outbursts Not Sex Trafficking",,2025-05-12T19:50:27Z,music,music,entertainment,Entertainment,[],0,13,5,,0.65,https://www.hollywoodreporter.com/news/general-news/sean-diddy-combs-defense-violence-not-sex-trafficking-1236214175/,AdSpecialist6598,2025-05-21T11:50:32.340950Z
1kkrjlb,reddit,"Nine Inch Nails - Get Down, Make Love [Industrial]",,2025-05-12T12:42:39Z,music,music,entertainment,Entertainment,[],0,14,1,,0.89,https://youtube.com/watch?v=fUhZz-61Ac8&si=ZPHGb-zcWUxCD38m,IPersonaI,2025-05-21T11:50:33.647737Z
1kjn9l0,reddit,Bikini Kill - Rebel Girl [Riot Grrrl],,2025-05-10T23:25:45Z,music,music,entertainment,Entertainment,[],0,14,3,,0.87,https://youtu.be/L0oeqAQ1qE8?si=8JD76UFpuey-dQRy,Nossmirg,2025-05-21T11:50:34.803884Z
1kjm36z,reddit,The Midnight - Jason [synthwave],,2025-05-10T22:26:57Z,music,music,entertainment,Entertainment,[],0,13,0,,0.89,https://www.youtube.com/watch?v=qIz-9CHVQUc,mil0wCS,2025-05-21T11:50:36.047742Z
1kipnct,reddit,Japan - Ghosts (2003 Digital Remaster) [Synth Pop],,2025-05-09T18:28:34Z,music,music,entertainment,Entertainment,[],0,14,1,,0.93,https://youtu.be/0cLeyGWthgw,djsoomo,2025-05-21T11:50:37.329734Z
1khre04,reddit,Milestones - Miles Davis [Jazz],,2025-05-08T14:24:04Z,music,music,entertainment,Entertainment,[],0,15,0,,0.87,https://youtu.be/k94zDsJ-JMU,Chocolat-Pralin,2025-05-21T11:50:38.370175Z
1khlqfa,reddit,Blink-182 - Man Overboard (2000) [Pop Punk],,2025-05-08T09:19:51Z,music,music,entertainment,Entertainment,[],0,13,3,,0.74,https://m.youtube.com/watch?v=u38TqU5rAyk,dnsyh91,2025-05-21T11:50:39.361318Z
1khfp1x,reddit,Department of Justice and FTC Launch Inquiry Into Event Ticketing Business,,2025-05-08T02:43:33Z,music,music,entertainment,Entertainment,[],0,13,1,,0.82,https://www.billboard.com/pro/department-of-justice-ftc-inquiry-live-ticketing-business/,ebradio,2025-05-21T11:50:40.698016Z
1kf34ch,reddit,Little Lord Fentanyl - Primus [Funk Metal],,2025-05-05T04:29:45Z,music,music,entertainment,Entertainment,[],0,14,0,,0.94,https://www.youtube.com/watch?v=c4NGvSR2waU&pp=ygUUbGl0dGxlIGxvcmQgZmVudGFueWw%3D,MemeMan6668999,2025-05-21T11:50:42.209413Z
1kf0yi5,reddit,Soundgarden - Slaves and Bulldozers [Alternative Rock] [Pinkpop 1992],,2025-05-05T02:25:56Z,music,music,entertainment,Entertainment,[],0,16,2,,1.0,https://youtu.be/XIYMHT5Qrcw?si=YhYgP9ClMRL91Nhv,QuantaviousTheWise,2025-05-21T11:50:43.176806Z
1kedw5i,reddit,Aphex Twin - MT1 t29r2 [IDM],,2025-05-04T07:10:02Z,music,music,entertainment,Entertainment,[],0,14,0,,0.95,https://www.youtube.com/watch?v=TG84BXg3yS4,gigglegenius,2025-05-21T11:50:44.129408Z
1kecfe2,reddit,Korn - Got The Life [Metal],,2025-05-04T05:29:00Z,music,music,entertainment,Entertainment,[],0,14,5,,0.82,https://www.youtube.com/watch?v=VAWjsVoDpm0,theprophecysays,2025-05-21T11:50:45.089546Z
1kdwkkh,reddit,Hum - Comin' Home [Alt-Rock],,2025-05-03T16:12:11Z,music,music,entertainment,Entertainment,[],0,14,1,,0.85,https://youtu.be/HQtHEG8GzAQ?si=IoVLrZEyGFc9aJuI,Schimelfinny,2025-05-21T11:50:46.330848Z
1kbnmh6,reddit,Chemical Brothers - Let Forever Be [Alternative / Indie],,2025-04-30T18:26:15Z,music,music,entertainment,Entertainment,[],0,14,2,,1.0,https://youtu.be/s5FyfQDO5g0?si=j6ovwm9y5R_hatoH,shimbe16,2025-05-21T11:50:47.331372Z
1kbd1ft,reddit,Sad Songs (that maybe don’t seem so sad),"My client-friend and I were sitting at a bar yesterday when “Jack and Diane” by Mellencamp came on. He said, “it just occurred to me one time listening to this song how depressing it is. Like, we keep on living after life is enjoyable, and ever since then, I’ve just been like, ‘wtf are we singing here?’”
 
We kept talking about that and songs that were sad but didn’t seem like it at first. I told him about “Alive with the Glory of Love,” by Say Anything, that’s a catchy, little, up-beat punk pop song that just happens to be about two lovers hiding from Nazis during the Holocaust.
 
So, I thought I’d throw it to the group: what songs are unexpected bummers, your sneaky little sad-fests, or maybe ones that much of the listening world doesn’t seem to find as sad as they actually are?
 
NOTE 1–most importantly, if you are experiencing feelings of depression, please talk to someone about it. Stay in-touch with people; don’t withdraw.
 
NOTE 2–in case lots of people see this, apparently the world needs to be reminded, song titles go in quotation marks [album titles (and movie titles) in italics].",2025-04-30T10:22:50Z,music,music,entertainment,Entertainment,[],0,12,97,,0.69,https://www.reddit.com/r/Music/comments/1kbd1ft/sad_songs_that_maybe_dont_seem_so_sad/,Classic_Engine7285,2025-05-21T11:50:48.370931Z
1k92vzm,reddit,"pictures at an exhibition - emerson, lake, palmer [progressive rock, art rock, symphonic]",,2025-04-27T12:32:10Z,music,music,entertainment,Entertainment,[],0,13,0,,0.94,https://youtu.be/cUal4MKFvPk?si=mFTBtPajfYfhfMjM,Dazzling_Form5267,2025-05-21T11:50:49.988947Z
1k81i17,reddit,a-ha - Take On Me [Synth-Pop],,2025-04-26T01:35:12Z,music,music,entertainment,Entertainment,[],0,15,3,,0.82,https://www.youtube.com/watch?v=djV11Xbc914,bash_14,2025-05-21T11:50:50.920840Z
1k7rbz1,reddit,Robert Plant - a true legend - Big Log - [Rock],,2025-04-25T17:54:47Z,music,music,entertainment,Entertainment,[],0,15,2,,0.84,https://peakd.com/hive-193816/@uwelang/robert-plant-a-true-legend,UweLang,2025-05-21T11:50:53.214643Z
1k7o1y3,reddit,"Billy Idol on his first album in over a decade, surviving addiction, the Rock Hall and more",,2025-04-25T15:40:15Z,music,music,entertainment,Entertainment,[],0,14,6,,0.72,https://www.thecanadianpressnews.ca/entertainment/billy-idol-on-his-first-album-in-over-a-decade-surviving-addiction-the-rock-hall/article_100b00a6-5246-593d-ba5f-269af0333928.html,ImDoubleB,2025-05-21T11:50:54.186506Z
1k7ho6a,reddit,Deftones - Sextape (2010) [Alternative Metal],,2025-04-25T10:32:33Z,music,music,entertainment,Entertainment,[],0,15,0,,0.89,https://youtu.be/f0pdwd0miqs?si=Ngtr96OouYJv4TsM,EmployOk5086,2025-05-21T11:50:55.155236Z
1k6ny8n,reddit,CCR - Who'll Stop the Rain [Classic Rock],,2025-04-24T09:25:56Z,music,music,entertainment,Entertainment,[],0,13,2,,0.85,https://youtu.be/hgjYet2SikU,blackmoose,2025-05-21T11:50:56.140701Z
1k6fyyd,reddit,The Friends of Mr. Cairo by Jon and Vangelis,"I am looking for songs that have a similar sound to the section at 5:23 - 5:40. It sounds so familiar, I know I’ve heard that kind of haunting sound in movies before, but it sounds so familiar. Any suggestions, recommendations are appreciated. ",2025-04-24T01:21:22Z,music,music,entertainment,Entertainment,[],0,15,9,,0.9,https://www.reddit.com/r/Music/comments/1k6fyyd/the_friends_of_mr_cairo_by_jon_and_vangelis/,Maleficent_Glass_362,2025-05-21T11:50:57.191279Z
1k5nddf,reddit,Poi Dog Pondering ?,"Why is it hard to find many of their studio recordings on the internet?

  
At one time I couldn't find the studio version of Catacombs untill someone uploaded it.

  
Can never find ""That's The Way Love Is."" Though you can various live versions of it and other songs.",2025-04-23T01:35:38Z,music,music,entertainment,Entertainment,[],0,16,4,,0.93,https://www.reddit.com/r/Music/comments/1k5nddf/poi_dog_pondering/,MIKEPR1333,2025-05-21T11:50:58.342565Z
1k4ehos,reddit,"Chaka Khan - Through The Fire (Live in Montreux, 1991) [R&B]",,2025-04-21T14:11:22Z,music,music,entertainment,Entertainment,[],0,15,0,,1.0,https://www.youtube.com/watch?v=po31fx9xbeQ,MileenasFeet,2025-05-21T11:50:59.349765Z
1krc4jz,reddit,Flogging Molly & Lucinda Williams - Factory Girls [folk],,2025-05-20T18:20:42Z,music,music,entertainment,Entertainment,[],0,13,2,,0.94,https://youtu.be/L6LHof8pCO0?si=x4lUAifj2AcT1jCA,d3rk2007,2025-05-21T11:51:00.703820Z
1kr53v1,reddit,Minus the Bear - Hooray (Demo) [Math-rock],,2025-05-20T13:38:54Z,music,music,entertainment,Entertainment,[],0,14,1,,1.0,https://youtu.be/qSCnIjN_db4,amorningofsleep,2025-05-21T11:51:02.510270Z
1kpolnf,reddit,Sam Cooke - Chain Gang [Soul],,2025-05-18T16:55:31Z,music,music,entertainment,Entertainment,[],0,14,1,,0.94,https://www.youtube.com/watch?v=_f7gY0W7HuA,Extra_Place_1955,2025-05-21T11:51:03.515237Z
1kp5gfh,reddit,Boris (Japan) - Woman on the Screen [Stoner Rock/Sludge Metal],,2025-05-17T22:47:28Z,music,music,entertainment,Entertainment,[],0,15,2,,0.95,https://www.youtube.com/watch?v=phyj3EJ8-Ps,evil_nihilism,2025-05-21T11:51:04.870161Z
1ko5h25,reddit,ABBA - Waterloo (Eurovision Song Contest 1974 First Performance) [Pop],,2025-05-16T16:40:29Z,music,music,entertainment,Entertainment,[],0,13,0,,0.93,https://youtube.com/watch?v=4XJBNJ2wq0Y&si=1U07z19qTPqv1Y3i,IPersonaI,2025-05-21T11:51:05.943271Z
1kn8zgr,reddit,Florence + The Machine - Shake It Out [Baroque Pop],,2025-05-15T14:02:04Z,music,music,entertainment,Entertainment,[],0,11,0,,0.75,https://youtu.be/WbN0nX61rIs?si=z8qGGBNnMVB0moCw,RuzteyShacklefurd,2025-05-21T11:51:06.976852Z
1kmlspc,reddit,Steve Perry Re-Records Journey’s ‘Faithfully’ With Willie Nelson,,2025-05-14T17:55:26Z,music,music,entertainment,Entertainment,[],0,13,2,,0.82,https://www.rollingstone.com/music/music-news/steve-perry-willie-nelson-duet-faithfully-1235339079/,Commercial_Avocado86,2025-05-21T11:51:08.101823Z
1kkiqrq,reddit,Bill Withers - Everybody's Talkin' [soul],,2025-05-12T03:23:13Z,music,music,entertainment,Entertainment,[],0,13,0,,0.85,https://youtu.be/p10fyoQrhxQ?si=Io2JjRypE9I50PKg,d3rk2007,2025-05-21T11:51:09.140370Z
1kkbrl7,reddit,Blur - Mirrorball [Alternative Rock],,2025-05-11T21:23:33Z,music,music,entertainment,Entertainment,[],0,14,0,,0.85,http://www.youtube.com/watch?v=Vp_EppMMDqo,406highlander,2025-05-21T11:51:10.189526Z
1kikyo7,reddit,Stevie Nicks With Tom Petty - Stop Draggin' My Heart Around [Rock ] (1981),,2025-05-09T15:14:32Z,music,music,entertainment,Entertainment,[],0,14,2,,1.0,https://youtu.be/H5i7j0VhEHw,blackmoose,2025-05-21T11:51:11.225033Z
1khxgql,reddit,Grateful Dead - Dancing In The Streets [Jam/rock] (live 5/8/77),,2025-05-08T18:30:51Z,music,music,entertainment,Entertainment,[],0,13,0,,0.88,https://m.youtube.com/watch?v=eV16Ysr03Vw&pp=ygUkZ3JhdGVmdWwgZGVhZCBkYW5jaW5nIGluIHRoZSBzdHJlZXRz,GrouchySalary5677,2025-05-21T11:51:12.549907Z
1khkjnc,reddit,"📡 Launching Low Frequencies – A newsletter about one small scene, and the bigger questions behind it","Hey everyone  
Just launched a new music newsletter called [Low Frequencies](https://substack.com/home/post/p-162895074), and I wanted to share a bit about it here in case it resonates with anyone beyond my corner of the world.

I’m based in Cluj-Napoca, Romania, a city with a once-vibrant nightlife and underground scene that’s slowly been squeezed by gentrification, housing costs, post-pandemic burnout, and a labour market that doesn’t leave much room for collectivity. The venues are fewer, the nights feel thinner, and the connective tissue that made things feel alive is fraying.

This newsletter is my way of holding on, and hopefully, helping others hold on too. It’s about local music, yes, but also about the deeper stuff:  
🪩 why scenes matter  
🎛️ what’s at risk when music becomes content  
📡 how we might care for each other through sound

It’s slow-built, care-led, and posted once or twice a month.  
If that sounds like something you’d like to read, or if you’re curious about how a smaller scene is navigating all this I’d love for you to check it out.  
[https://substack.com/home/post/p-162895074](https://substack.com/home/post/p-162895074)",2025-05-08T07:51:15Z,music,music,entertainment,Entertainment,[],0,12,2,,0.78,https://www.reddit.com/r/Music/comments/1khkjnc/launching_low_frequencies_a_newsletter_about_one/,Charming-Line2375,2025-05-21T11:51:13.723817Z
1kg2pm3,reddit,What's the name of this genre?,"There's this specific brand of pop/club music in the early 2000s that has really stuck with me. It's pop music, but it's got a more melancholic edge to it, with a instrumental element that always sounds vaguely Eastern European. Examples include Stereo Love, Mr Saxobeat, and Сладко by Serebro, possibly even something like Around the World by A Touch of Class. It's a very nostalgic sound I associate with Europe (specifically Russia because I used to go there a lot as a kid), like the kind of trashy pop that plays on the late night radio taxi drives from the airport. Anyways, let me know if there's a specific name for this genre or if I'm going insane!",2025-05-06T12:02:21Z,music,music,entertainment,Entertainment,[],0,12,7,,0.75,https://www.reddit.com/r/Music/comments/1kg2pm3/whats_the_name_of_this_genre/,darkestpitinme,2025-05-21T11:51:17.140287Z
1kffflo,reddit,The Tourists - So Good to be Back Home Again [Power Pop],,2025-05-05T16:07:31Z,music,music,entertainment,Entertainment,[],0,14,1,,1.0,https://youtu.be/MWaFcZGp-2c?si=r55YAcAe2FWLAF7w,roadtrip-ne,2025-05-21T11:51:18.189233Z
1kek5vt,reddit,GIL MOORE Is Hoping To Launch New TRIUMPH Live Experience In Late 2025 Or Early 2026,,2025-05-04T13:45:24Z,music,music,entertainment,Entertainment,[],0,13,16,,0.73,https://blabbermouth.net/news/gil-moore-is-hoping-to-launch-new-triumph-live-experience-in-late-2025-or-early-2026,Edm_vanhalen1981,2025-05-21T11:51:19.154935Z
1keetpz,reddit,Simple Minds - Promised You A Miracle [New wave],,2025-05-04T08:15:50Z,music,music,entertainment,Entertainment,[],0,13,1,,1.0,https://youtu.be/tX55HEX0hb0,djsoomo,2025-05-21T11:51:20.379548Z
1kdofs1,reddit,Split Enz - Six Months In A Leaky Boat [pop] (1982),,2025-05-03T08:47:50Z,music,music,entertainment,Entertainment,[],0,14,0,,1.0,https://youtu.be/cSGpLto1yxU,blackmoose,2025-05-21T11:51:21.987354Z
1kbaeh1,reddit,Love & Rockets - Ball Of Confusion [alternative/indie],,2025-04-30T07:08:07Z,music,music,entertainment,Entertainment,[],0,15,3,,1.0,https://www.youtube.com/watch?v=NcfXWtI7ML0,Ju-ju_Eyeball,2025-05-21T11:51:23.174647Z
1k8wv0b,reddit,Byron Lee and the Dragonaires - Jamaican Ska [Ska] 1964,,2025-04-27T05:46:17Z,music,music,entertainment,Entertainment,[],0,13,3,,0.93,https://youtu.be/Jt10udQEK1k?si=pcC9BW4GYhnc09qI,Rick-Prada,2025-05-21T11:51:24.310738Z
1k7wy22,reddit,Nirvana - About a girl [Alt. Rock],,2025-04-25T21:51:40Z,music,music,entertainment,Entertainment,[],0,12,0,,0.78,https://www.youtube.com/watch?v=JIx2H-plXdU,Avah_Blossom,2025-05-21T11:51:25.341327Z
1k50qe7,reddit,prince - crimson and clover [psychedelic pop rock a bit funk soul],,2025-04-22T07:46:19Z,music,music,entertainment,Entertainment,[],0,13,1,,0.81,https://youtu.be/a4RPkoURwL8?si=esWR_1QaUCd62XQw,Dazzling_Form5267,2025-05-21T11:51:26.382282Z
1klj32h,reddit,Why Mixcloud Doesn't Train AI Models On Your Music,"AI is a hot topic these days, and many Mixclouders have asked where we stand on it.

We believe creators should be respected for their efforts in making music, DJ mixes, radio shows and podcasts.

Because of this strongly held belief, we do not use your music to train generative AI models.

We believe that music connects us as humans. We celebrate the personal elements of creation and curation. We are building a space where every DJ, musician, radio host, genre and nascent sound can thrive and grow without fighting algorithms.

We are here to champion the uniqueness of music creation and curation powered by people. The differences in individuals who blend music with care and bring their own interpretations to the world.

We have a deep, personal relationship with music, which is why we have never built an “AI DJ” to attempt to replace humans, or trained generative AI models without your consent.

Historically, Mixcloud has been a pioneer in respecting the copyrights of musicians, artists and songwriters featured within radio shows and mixes. We licensed music for presenters and DJs to curate and share new sounds, and built content ID technology to pinpoint tracks played across the platform.

We have done this with the best interests of all music creators in mind, and will continue to do so in the future as we build a home for you to share the music you love.

Thanks for listening",2025-05-13T11:03:52Z,music,music,entertainment,Entertainment,[],0,10,1,,0.72,https://www.reddit.com/r/Music/comments/1klj32h/why_mixcloud_doesnt_train_ai_models_on_your_music/,mixcloud,2025-05-21T11:51:27.329023Z
1kkvkv2,reddit,Killing Joke - The WAIT (live) [Post-Punk],,2025-05-12T15:36:05Z,music,music,entertainment,Entertainment,[],0,10,0,,0.76,https://www.youtube.com/watch?v=TQ2fJs-bV2s,MrZombified,2025-05-21T11:51:28.276142Z
1kj9zdf,reddit,Gerry Rafferty - Baker Street (Folk Rock),,2025-05-10T13:12:09Z,music,music,entertainment,Entertainment,[],0,12,6,,0.93,https://ecency.com/hive-193816/@uwelang/gerry-rafferty-baker-street-folk-rock,UweLang,2025-05-21T11:51:29.917732Z
1kip3cd,reddit,Talking Union - Pete Seeger - 1941 [American working-class folk],,2025-05-09T18:04:55Z,music,music,entertainment,Entertainment,[],0,12,8,,0.93,https://youtu.be/9SIhG7Wv5YI?feature=shared,jjmk2014,2025-05-21T11:51:30.890416Z
1khtehl,reddit,King Crimson - In The Court Of The Crimson King (Full Album Visualizer) [Progressive Rock],,2025-05-08T15:47:42Z,music,music,entertainment,Entertainment,[],0,12,2,,1.0,https://www.youtube.com/watch?v=0ju5LRTMFLw&t=8,MileenasFeet,2025-05-21T11:51:31.997174Z
1khnzol,reddit,"""Weird Al"" Yankovic - I Lost On Jeopardy [Parody]",,2025-05-08T11:42:44Z,music,music,entertainment,Entertainment,[],0,11,1,,0.79,https://youtu.be/BvUZijEuNDQ?si=LiSjDubGD_9ayV0G,do-call-me-papi,2025-05-21T11:51:33.165221Z
1kgzbwe,reddit,KMFDM - Megalomaniac [Industrial],,2025-05-07T14:53:39Z,music,music,entertainment,Entertainment,[],0,11,0,,0.93,https://youtu.be/C-da7_6sx_c?si=Lx0d6CT4MyLDO4Iv,Bucketlyy,2025-05-21T11:51:34.399106Z
1kf9xs5,reddit,Christopher Cross - Sailing [Soft/Yatch Rock] (1979),,2025-05-05T12:05:32Z,music,music,entertainment,Entertainment,[],0,11,2,,0.74,https://www.youtube.com/watch?v=41knPEcVyJg,N/A,2025-05-21T11:51:35.696044Z
1kf1wet,reddit,Bachman-Turner Overdrive - “Takin’ Care Of Business” [Classic Rock],,2025-05-05T03:18:45Z,music,music,entertainment,Entertainment,[],0,12,6,,0.77,https://m.youtube.com/watch?v=NCIUf8eYPqA,theweightofdreams8,2025-05-21T11:51:37.283631Z
1ke8w32,reddit,The Dillinger Escape Plan -  Black Bubblegum [Mathcore],,2025-05-04T01:56:37Z,music,music,entertainment,Entertainment,[],0,12,0,,1.0,https://www.youtube.com/watch?v=MqXVBeEuwLU,evil_nihilism,2025-05-21T11:51:38.608445Z
1ke37er,reddit,Metallica - Sad But True [Heavy Metal],,2025-05-03T21:07:28Z,music,music,entertainment,Entertainment,[],0,13,2,,0.84,https://www.youtube.com/watch?v=A8MO7fkZc5o,evil_nihilism,2025-05-21T11:51:39.732342Z
1kdkrq9,reddit,White Stripes - Doorbell [Indie Rock] (2005),,2025-05-03T04:40:03Z,music,music,entertainment,Entertainment,[],0,12,1,,0.8,https://youtu.be/NA4rwWAEXmY,blackmoose,2025-05-21T11:51:40.770431Z
1kaf1de,reddit,Anderson .Paak - Bubblin [hiphop] (2018),,2025-04-29T04:00:51Z,music,music,entertainment,Entertainment,[],0,11,1,,0.84,https://youtu.be/7PmUtmfTmbg?feature=shared,Cart00nish,2025-05-21T11:51:42.168753Z
1ka7uci,reddit,Joe Satriani - Time Machine [Instrumental Rock],,2025-04-28T21:59:02Z,music,music,entertainment,Entertainment,[],0,14,0,,0.94,https://www.youtube.com/watch?v=pzPHRBBSTFc,406highlander,2025-05-21T11:51:43.100829Z
1k9u1oy,reddit,The Jesus And Mary Chain - The Living End [Noise Rock],,2025-04-28T12:14:30Z,music,music,entertainment,Entertainment,[],0,12,0,,0.94,https://youtu.be/kRq_oSJ4fMg?si=7o-q4WaOwPUZFMeM,hurtswheni,2025-05-21T11:51:44.055346Z
1k8gn91,reddit,Madness - Night Boat to Cairo [Ska] (1979),,2025-04-26T16:16:11Z,music,music,entertainment,Entertainment,[],0,13,0,,0.93,https://www.youtube.com/watch?v=lLLL1KxpYMA,printial,2025-05-21T11:51:45.087512Z
1k7z7iu,reddit,Pearl Jam - Even Flow [Grunge],,2025-04-25T23:37:59Z,music,music,entertainment,Entertainment,[],0,12,0,,0.93,https://www.youtube.com/watch?v=CxKWTzr-k6s,bash_14,2025-05-21T11:51:46.433041Z
1k7war0,reddit,Del the Funky Homosapien - Dr. Bombay (1991) [Rap/Hip Hop],,2025-04-25T21:23:20Z,music,music,entertainment,Entertainment,[],0,11,0,,0.93,https://www.youtube.com/watch?v=7sOrASq75WE,NJShadow,2025-05-21T11:51:48.106475Z
1k7gzpq,reddit,A Flock of Seagulls - I Ran (So Far Away) [New Wave],,2025-04-25T09:47:02Z,music,music,entertainment,Entertainment,[],0,11,1,,0.8,https://www.youtube.com/watch?v=iIpfWORQWhU,evil_nihilism,2025-05-21T11:51:49.057865Z
1k7b5cm,reddit,"Don Henley -- ""Sunset Grill"" [Rock/Pop]",,2025-04-25T03:21:40Z,music,music,entertainment,Entertainment,[],0,13,3,,0.81,https://www.youtube.com/watch?v=JRIKNINTFls,Demonweed,2025-05-21T11:51:51.171346Z
1kri33n,reddit,Dream Academy - Life in a Northern Town [new wave pop],,2025-05-20T22:26:09Z,music,music,entertainment,Entertainment,[],0,13,1,,0.93,https://youtu.be/5UXnulANF8g?si=kH-heemKn5auUEzZ,slh63,2025-05-21T11:51:52.377313Z
1kqfmzp,reddit,Mr. Bungle - Retrovertigo [Devil Pop],,2025-05-19T16:11:05Z,music,music,entertainment,Entertainment,[],0,10,3,,0.76,https://www.youtube.com/watch?v=icgFjJjkP8s,rainbowbody666ix,2025-05-21T11:51:53.492696Z
1konnhc,reddit,Luniz - I Got 5 On It [Hiphop] (1995),,2025-05-17T07:53:18Z,music,music,entertainment,Entertainment,[],0,11,1,,0.76,https://youtu.be/me3CPl_i4C4?feature=shared,Cart00nish,2025-05-21T11:51:54.622536Z
1koi4g1,reddit,Melvins - Night Goat [Grunge],,2025-05-17T02:12:49Z,music,music,entertainment,Entertainment,[],0,11,1,,0.93,https://youtu.be/YYCVmRcerRo?si=i4h9q2LjbWPknPla,Nossmirg,2025-05-21T11:51:56.058707Z
1koca7o,reddit,Anderson Paak - Come Down [Hip Hop],,2025-05-16T21:24:09Z,music,music,entertainment,Entertainment,[],0,10,0,,0.92,https://youtu.be/_XJr40dkVMs?si=xVFFSgn5wp0Fl1Xr,JackSkeIllington,2025-05-21T11:51:57.014152Z
1kmvi7w,reddit,Pandora (for Cindy) - Cocteau Twins [Shoegaze/Dreampop],,2025-05-15T00:55:11Z,music,music,entertainment,Entertainment,[],0,12,0,,0.94,https://youtu.be/LCaNDUcqHlQ?si=VDWn5yi7-D8BczLY,greasyhamburgesa,2025-05-21T11:51:58.039967Z
1klsoox,reddit,"TIL that Tom Wilson, music producer,  played a crucial role in shaping three major music genres of folk rock, prog rock, and proto-punk",,2025-05-13T17:58:19Z,music,music,entertainment,Entertainment,[],0,11,0,,0.68,https://www.udiscovermusic.com/stories/tom-wilson-feature/,LesPolsfuss,2025-05-21T11:51:59.047639Z
1kliei0,reddit,Mexican American band Fuerza Regida jumps to No. 2 on Billboard chart with 9th album,,2025-05-13T10:21:57Z,music,music,entertainment,Entertainment,[],0,11,0,,0.78,https://www.npr.org/2025/05/13/nx-s1-5395775/mexican-american-band-fuerza-regida-jumps-to-no-2-on-billboard-chart-with-9th-album,zsreport,2025-05-21T11:52:00.085679Z
1kky8y9,reddit,Orbital - Satan (Feat. Kirk Hammett) [Industrial Metal],,2025-05-12T17:20:20Z,music,music,entertainment,Entertainment,[],0,11,0,,1.0,https://www.youtube.com/watch?v=yhCPhI0OWyc&t=31,MileenasFeet,2025-05-21T11:52:01.214264Z
1kjsidz,reddit,Metric - Monster Hospital [Rock],,2025-05-11T04:19:17Z,music,music,entertainment,Entertainment,[],0,10,0,,0.86,https://youtu.be/heEKC_PgWe4?si=16RGh5Ey2m7Esytl,Nossmirg,2025-05-21T11:52:02.858769Z
1kjr4y5,reddit,The Call - The Walls Came Down [Rock/Newwave],,2025-05-11T02:58:32Z,music,music,entertainment,Entertainment,[],0,11,0,,0.87,https://youtu.be/lxaToh6YAZc?si=nxL_rFDOxEsA_OX_,IkilledRichieWhelan,2025-05-21T11:52:04.399717Z
1kjewq3,reddit,"All-In Pricing Begins May 12 on AXS, Ticketmaster","I got this in my gmail inbox for Axs, [here's the one for Ticketmaster.](https://blog.ticketmaster.com/all-in-pricing-explained/)

I added the bolded section from AXS:

Starting May 12 **in the U.S.**, AXS will display All-In Prices for tickets in accordance with the Federal Trade Commission’s new rule that ticket sellers list the total (or “All-In Price”) of a ticket at the beginning of the ticket buying process.  
  
**What to Know:**

* All primary and resale ticket sales on [AXS.com](http://AXS.com) in the U.S. will now display the All-In Price up front
* When selecting tickets to purchase, fans will see the All-In Price
* The All-In Price includes the ticket price and any mandatory fees required in order to purchase a ticket
* The All-In Price does not include any fees for optional items, which will be shown at checkout (when applicable)",2025-05-10T16:59:20Z,music,music,entertainment,Entertainment,[],0,11,6,,0.73,https://www.reddit.com/r/Music/comments/1kjewq3/allin_pricing_begins_may_12_on_axs_ticketmaster/,jlaine,2025-05-21T11:52:05.413227Z
1kj0rxh,reddit,Garbage - I Think I’m Crystalized Ft The Crystal Method [Alternative] (2018),,2025-05-10T03:22:30Z,music,music,entertainment,Entertainment,[],0,13,2,,0.88,https://youtu.be/vRk0vzDBJ9g,blackmoose,2025-05-21T11:52:06.612208Z
1kiwb7s,reddit,Mariah Carey - Heartbreaker [RnB],,2025-05-09T23:23:30Z,music,music,entertainment,Entertainment,[],0,11,2,,0.72,https://youtu.be/kMCGvtlL4fw?si=Vf11ZEKezlCTf-GI,JackSkeIllington,2025-05-21T11:52:07.613237Z
1kimmwx,reddit,Sleep Token - Infinite Baths [Alternative Metal],,2025-05-09T16:23:35Z,music,music,entertainment,Entertainment,[],0,11,0,,0.87,https://youtu.be/noWUQci7BsU?si=2T5soZcG524Im9Np,EmployOk5086,2025-05-21T11:52:08.604231Z
1kialfr,reddit,Fiona Apple - Pretrial (Let Her Go Home) [Pop],,2025-05-09T05:05:52Z,music,music,entertainment,Entertainment,[],0,10,0,,0.82,https://youtu.be/ki1nvcNbYH8?si=YAaS5KldXCfxvMC7,anonymous_coward69,2025-05-21T11:52:09.581552Z
1ki1rsu,reddit,Genesis - Domino I & II [Progressive Rock] (1987) Live from Wembley Stadium,,2025-05-08T21:27:56Z,music,music,entertainment,Entertainment,[],0,13,2,,0.83,https://www.youtube.com/watch?v=UIa3r12oCo8,toolb0xPC,2025-05-21T11:52:10.706192Z
1khwqlr,reddit,Depeche Mode - Sacred [Synthpop],,2025-05-08T18:01:56Z,music,music,entertainment,Entertainment,[],0,10,2,,0.82,https://youtube.com/watch?v=jNXSHrhJekU&si=3pK2JXt4Yv7R6Pwk,IPersonaI,2025-05-21T11:52:12.178327Z
1khdgfm,reddit,Solea - Miles Davis [Jazz],,2025-05-08T00:48:27Z,music,music,entertainment,Entertainment,[],0,10,0,,0.82,https://youtu.be/fe8XfcClcB4,Chocolat-Pralin,2025-05-21T11:52:13.245398Z
1khbba7,reddit,The Fire Engines - We Don't Need This Fascist Groove Thang [Post-Punk],,2025-05-07T23:04:07Z,music,music,entertainment,Entertainment,[],0,11,2,,0.92,https://youtube.com/watch?v=FD7E6hKjaYc&si=qxX4G2D7094Sh9wb,IPersonaI,2025-05-21T11:52:14.282358Z
1kguff8,reddit,Glassjaw - Mu Empire (2002) [Post-Hardcore],,2025-05-07T10:56:25Z,music,music,entertainment,Entertainment,[],0,12,0,,0.84,https://youtu.be/Rl9ZbKuBveM?si=2arH-mATBTDE9SRm,EmployOk5086,2025-05-21T11:52:15.385767Z
1kfyg2l,reddit,Sting - Be Still My Beating Heart [Pop Rock],,2025-05-06T07:15:19Z,music,music,entertainment,Entertainment,[],0,12,4,,0.84,https://youtu.be/Ng4P6FWVdcE?si=LIVKmYBwDiyWZw8H,I_am_not_baldy,2025-05-21T11:52:16.402808Z
1kfhk50,reddit,Sailing - Rod Stewart [rock],,2025-05-05T17:31:18Z,music,music,entertainment,Entertainment,[],0,12,0,,0.8,https://youtu.be/FOt3oQ_k008,Chocolat-Pralin,2025-05-21T11:52:17.783701Z
1kfd6qh,reddit,Dire Straits - Money For Nothing [Pop Rock] (1985),,2025-05-05T14:36:51Z,music,music,entertainment,Entertainment,[],0,10,1,,0.86,https://www.youtube.com/watch?v=Tps4CXeTr9I,Phoenix_Tribe,2025-05-21T11:52:18.877367Z
1kdqqxo,reddit,Megadeth - Sweating Bullets (1992) [Heavy Metal],,2025-05-03T11:26:17Z,music,music,entertainment,Entertainment,[],0,12,0,,0.87,https://youtu.be/aOnKCcjP8Qs?si=2Rwnc4_4kgM8ZskP,EmployOk5086,2025-05-21T11:52:19.980739Z
1kdnhw9,reddit,Iron Maiden - Powerslave [Metal] (1984),,2025-05-03T07:40:46Z,music,music,entertainment,Entertainment,[],0,11,0,,0.93,https://youtu.be/Mw-o_cSdqmI,blackmoose,2025-05-21T11:52:21.011903Z
1kdfpx2,reddit,Sixto Rodriguez - Sugar Man [Old Folk],,2025-05-03T00:02:36Z,music,music,entertainment,Entertainment,[],0,13,6,,0.88,https://www.youtube.com/watch?v=E90_aL870ao,Dante2005,2025-05-21T11:52:22.299963Z
1kb6v1g,reddit,Nirvana - On A Plain [Live],,2025-04-30T03:23:50Z,music,music,entertainment,Entertainment,[],0,10,0,,0.86,https://youtu.be/80B_yiN2FH8,blackmoose,2025-05-21T11:52:23.727890Z
1kam7mc,reddit,Wire - Mannequin [Rock],,2025-04-29T12:03:17Z,music,music,entertainment,Entertainment,[],0,11,0,,0.93,https://youtube.com/watch?v=w7nKM2SW5ns&si=zodyinUOcm_q12VN,IPersonaI,2025-05-21T11:52:25.413147Z
1kam4s4,reddit,"Sublime - April 29, 1992 (Miami) [Ska/punk/reggae]",,2025-04-29T11:59:13Z,music,music,entertainment,Entertainment,[],0,11,2,,0.84,https://www.youtube.com/watch?v=Z6qvbycZXKI,jeff_kaiser,2025-05-21T11:52:26.424858Z
1kah0db,reddit,"Otis Redding & The Bar Kays - Try A Little Tenderness (Live in Cleveland, 1967) [Soul]",,2025-04-29T06:06:08Z,music,music,entertainment,Entertainment,[],0,10,0,,0.92,https://www.youtube.com/watch?v=RqNc4XLBguI&t=33,MileenasFeet,2025-05-21T11:52:27.493845Z
1k8meqm,reddit,Glad the Sinners movie introduced more people to the Celtic genre,"I (not white or Irish) have always been unexplainably into Celtic music even as a kid. Loved the Lord of the Dance vhs tape my parents had. I have Celtic rock, pop, folk, and instrumental sprinkled in my Spotify. It’s not a genre you can tell people you like because it’s odd and no one would ever give it a chance. After this movie people are suddenly posting “that Irish music is alright”, “those Irish guys are onto something”. People are dancing to it on TikTok, listening to the soundtrack. I’m hoping it opens people up to other unfamiliar genres of music overtime. There’s a lot of great things to listen to out there.",2025-04-26T20:29:24Z,music,music,entertainment,Entertainment,[],0,11,0,,0.82,https://www.reddit.com/r/Music/comments/1k8meqm/glad_the_sinners_movie_introduced_more_people_to/,StumblinThroughLife,2025-05-21T11:52:28.696323Z
1k89qva,reddit,Nails feat. Max Cavalera - Endless Resistance [Groove Metal / Grindcore] (2019),,2025-04-26T10:19:18Z,music,music,entertainment,Entertainment,[],0,12,15,,0.87,https://youtu.be/k6E5R6mkh8k?si=_VxV9H5n1FGMFL6s,TheProcrastafarian,2025-05-21T11:52:30.048353Z
1k865v1,reddit,FIDLAR - Cheap Beer [Surf Punk],,2025-04-26T06:07:12Z,music,music,entertainment,Entertainment,[],0,10,1,,0.86,https://youtu.be/JXTc3Choroo?si=Vb8EWcBhqYshLo19,DuncneyForever,2025-05-21T11:52:31.125889Z
1k80z1i,reddit,"Sinead O'Connor - Mandinka [Alternative rock, 1987]",,2025-04-26T01:07:31Z,music,music,entertainment,Entertainment,[],0,11,1,,0.87,https://www.youtube.com/watch?v=JZezqLdWG5w,FireGold763,2025-05-21T11:52:32.126340Z
1k7rid3,reddit,"The Faces Will Release a New Album Next Year, Says Kenney Jones, Their First in Five Decades",,2025-04-25T18:01:46Z,music,music,entertainment,Entertainment,[],0,12,1,,0.88,https://www.vulture.com/article/faces-album-coming-kenney-jones.html,Level-Recording3368,2025-05-21T11:52:33.113067Z
1k715xw,reddit,Car music for newborn ride home,"Hello r/Music . My wife and I are waiting in the hospital for our first baby boy. Out of boredom we started discussing what kind of music should we play in the car on the drive back home.   
  
We can't really decide so we are leaving it to you. The highest upvoted song name will play in a car in a couple of days with a newborn in the back seat listening to it's first song ever.

Sorry mods if this does not belong here.",2025-04-24T19:32:51Z,music,music,entertainment,Entertainment,[],0,14,203,,0.57,https://www.reddit.com/r/Music/comments/1k715xw/car_music_for_newborn_ride_home/,game-fever,2025-05-21T11:52:34.209282Z
1k6rduc,reddit,Depeche Mode - Enjoy The Silence [Synth Pop] (1990),,2025-04-24T12:49:50Z,music,music,entertainment,Entertainment,[],0,11,0,,0.92,https://youtu.be/eI_D6DIqONk,Phoenix_Tribe,2025-05-21T11:52:36.661419Z
1k609pj,reddit,The Cure — Can Never Say Goodbye [Paul Oakenfold ‘Cinematic’ Remix] [Electronic],,2025-04-23T14:16:04Z,music,music,entertainment,Entertainment,[],0,11,0,,1.0,https://youtube.com/watch?v=bEYiuuzQsEo&si=66c3hYWiE3PI8WvD,IPersonaI,2025-05-21T11:52:37.746649Z
1k5lzyv,reddit,"Goo Goo Dolls - Iris (Buffalo, NY, RAIN version) [Rock]",,2025-04-23T00:26:11Z,music,music,entertainment,Entertainment,[],0,10,2,,0.78,https://youtu.be/_HZM0QiuUS8?si=qxzI0siiwiFa2T9T,Bobbyd878,2025-05-21T11:52:39.053930Z
1k5fcux,reddit,Panic! At The Disco - Lying Is the Most Fun a Girl Can Have Without Taking Her Clothes Off [Pop Punk],,2025-04-22T19:35:59Z,music,music,entertainment,Entertainment,[],0,10,0,,0.7,https://m.youtube.com/watch?v=8AZxUtZ2ZgI,Vxampir3mon3y,2025-05-21T11:52:40.025104Z
1krl8fw,reddit,k.d. lang - Constant Craving [singer-songwriter],,2025-05-21T00:57:03Z,music,music,entertainment,Entertainment,[],0,14,0,,1.0,https://www.youtube.com/watch?v=oXqPjx94YMg,oldwhitelincoln,2025-05-21T11:52:41.045687Z
1kqzc90,reddit,Awesome Lyrics,"So, English isn't my main language, and it's always taken me a little longer to ""get"" lyrics. But sometimes they just really stick out. And I was wondering if anyone had some really interesting lines they heard and stuck with them.

For me its in 2 songs...

Twenty One Pilots: Stressed Out. 

At the start where he's rhyming, and then says ""I wish I didn't have to rhyme everytime I sang"" which doesn't rhyme with the line before.

That just stuck with me.

And another one is Kids See Ghosts - 4th Dimension

Kanye has this bar where he goes ""If I get locked up, I wont finish the sen..."" 

Which I always found a really fun line. Given that it works on 2 levels. 

How about y'all?",2025-05-20T07:56:14Z,music,music,entertainment,Entertainment,[],0,11,23,,0.87,https://www.reddit.com/r/Music/comments/1kqzc90/awesome_lyrics/,WillNutForFood,2025-05-21T11:52:42.319925Z
1kqnvc2,reddit,Nirvana - All Apologies [Pop/Rock],,2025-05-19T21:32:20Z,music,music,entertainment,Entertainment,[],0,12,0,,0.84,https://youtu.be/tLVVhfJqohU?si=yFXw7t0YeHltyesU,A00077,2025-05-21T11:52:43.392974Z
1kpuu4k,reddit,Swans - Where Does A Body End? [Rock],,2025-05-18T21:22:09Z,music,music,entertainment,Entertainment,[],0,9,3,,0.86,https://youtube.com/watch?v=8F-Q9mgFZxs&si=9POxb35MPpK8S9-g,IPersonaI,2025-05-21T11:52:44.722968Z
1kplizz,reddit,CHRIS CORNELL - Wave Goodbye [rock],,2025-05-18T14:40:46Z,music,music,entertainment,Entertainment,[],0,12,2,,1.0,https://www.youtube.com/watch?v=blhEOSFGrqY,GIRAGATHON,2025-05-21T11:52:45.856919Z
1kpi7fv,reddit,The Pretenders - Precious [new wave],,2025-05-18T11:53:51Z,music,music,entertainment,Entertainment,[],0,9,1,,0.92,https://youtu.be/9tCFsJ8eYZI?si=S5FmEnzoLz1y_llY,natural_mystic_35,2025-05-21T11:52:46.927739Z
1kpi0v6,reddit,The Human League - Open Your Heart [Synth Pop],,2025-05-18T11:43:03Z,music,music,entertainment,Entertainment,[],0,10,0,,1.0,https://youtu.be/pAqTJRH0eF4,djsoomo,2025-05-21T11:52:48.005426Z
1kom81z,reddit,David Rovics - Who Would Jesus Bomb? [Folk Punk],,2025-05-17T06:16:05Z,music,music,entertainment,Entertainment,[],0,9,3,,0.81,https://youtube.com/watch?v=Q9XYFp3xLyg&si=DyOCpO43m-SzosCz,Nossmirg,2025-05-21T11:52:49.324309Z
1knnu15,reddit,For someone musical ☺️,"Yo, this might sound random but I’m just putting it out there — I’m looking for someone to share music with. Not someone too serious, not someone who thinks they’ve figured it all out… just someone kinda like me.

I’m nineteen, still learning life and writing rhymes. Music is the one thing that keeps me sane, and I’d love to have a friend who feels the same way. Someone who's passionate about hip-hop — international or Desi — but especially if you're into Indian hip-hop, that’s a win.

You don’t have to be perfect. I’m not either. But if you’re down to grow together, vibe on lyrics, beats, life stuff — then let’s talk. No pressure, no judgment. Just two souls tryna make sense of things through music.

– The Kavi",2025-05-16T00:31:41Z,music,music,entertainment,Entertainment,[],0,10,2,,0.79,https://www.reddit.com/r/Music/comments/1knnu15/for_someone_musical/,thekavii_,2025-05-21T11:52:50.365517Z
1kmq51e,reddit,Pink Floyd - Welcome to the Machine [Progressive Rock],,2025-05-14T20:49:49Z,music,music,entertainment,Entertainment,[],0,9,0,,0.81,https://www.youtube.com/watch?v=fn1R-5p_j5c,evil_nihilism,2025-05-21T11:52:51.946419Z
1kmi5nk,reddit,Live Nation Ditches 'Lawnie Pass' for $30 'Ticket To Summer',,2025-05-14T15:31:52Z,music,music,entertainment,Entertainment,[],0,11,5,,0.87,https://www.ticketnews.com/2025/05/ticket-to-summer-live-nation-30-tickets/,_ticketnews,2025-05-21T11:52:52.977075Z
1kll8nb,reddit,B.B. King - The Thrill Is Gone [Blues],,2025-05-13T12:56:16Z,music,music,entertainment,Entertainment,[],0,9,0,,0.92,https://youtu.be/9x9x3aAF8GA?si=rvLMQq_17cbLFzgQ,Bucketlyy,2025-05-21T11:52:54.008120Z
1kl6385,reddit,Kelly Clarkson - Behind These Hazel Eyes [pop rock],,2025-05-12T22:32:43Z,music,music,entertainment,Entertainment,[],0,8,0,,0.71,https://youtu.be/yipoOY56MbM?si=dowbUw_dQWn1r69X,mrjohnnymac18,2025-05-21T11:52:55.472999Z
1kkxz09,reddit,Stone Temple Pilots - Lady Picture Show [Alternative Rock],,2025-05-12T17:09:36Z,music,music,entertainment,Entertainment,[],0,8,3,,0.71,https://youtu.be/ds_43MdYiuQ?feature=shared,thisolddog1,2025-05-21T11:52:56.798207Z
1kko5g4,reddit,Please help me get a birthday gift for my progressive rock boyfriend?,"Hello everyone!  
My boyfriend is a music lover. He is into absolutely every genre of music but especially loves progressive rock. He also likes psychedelic and acid rock. Some of his absolute favorite artists are Pink Floyd and Santana. He recently just started a vinyl collection. He also is learning how to play the drums and is very passionate about it.

His birthday is in a couple of weeks, and I would really appreciate it if you could help me come up with sick ideas on what to give him. I have already gotten him a few vinyls, so I would like to think of something else.

Please help a girl give an epic giftttt, thank you!",2025-05-12T09:22:51Z,music,music,entertainment,Entertainment,[],0,12,81,,0.63,https://www.reddit.com/r/Music/comments/1kko5g4/please_help_me_get_a_birthday_gift_for_my/,Ok_Mongoose_4953,2025-05-21T11:52:58.408405Z
1kjqsat,reddit,John Mayer - Free Fallin' [Tom Petty Cover],,2025-05-11T02:38:00Z,music,music,entertainment,Entertainment,[],0,8,0,,0.69,https://www.youtube.com/watch?v=20Ov0cDPZy8,Ralph--Hinkley,2025-05-21T11:53:00.301241Z
1kjf0by,reddit,The Guess Who - Undun [Classic Rock],,2025-05-10T17:03:38Z,music,music,entertainment,Entertainment,[],0,11,1,,0.87,https://youtu.be/zoHk4S4-U-E?feature=shared,Toadfinger,2025-05-21T11:53:01.362782Z
1kjctdm,reddit,Joan Jett & The Blackhearts - Have You Ever Seen the Rain? [Rock],,2025-05-10T15:24:49Z,music,music,entertainment,Entertainment,[],0,9,0,,0.77,https://www.youtube.com/watch?v=rp6FdwSv9m8,zsreport,2025-05-21T11:53:02.308977Z
1kja5z3,reddit,"The DILLINGER ESCAPE PLAN - ""Setting Fire To Sleeping Giants"" (2004) [Mathcore]",,2025-05-10T13:21:14Z,music,music,entertainment,Entertainment,[],0,11,0,,0.83,https://youtu.be/2dQ2-t_v25g?si=Rz3Bc4rNLWeab5bw,EmployOk5086,2025-05-21T11:53:03.291661Z
1kj368s,reddit,Talking Heads - No Compassion [Post-Punk/New Wave],,2025-05-10T05:49:02Z,music,music,entertainment,Entertainment,[],0,10,0,,0.86,https://www.youtube.com/watch?v=309nxWETN3c,evil_nihilism,2025-05-21T11:53:04.231834Z
1kj1x1c,reddit,Corrosion Of Conformity - Albatross [Rock],,2025-05-10T04:28:54Z,music,music,entertainment,Entertainment,[],0,10,4,,0.86,https://youtu.be/rKPicUnsPPg,blackmoose,2025-05-21T11:53:05.200478Z
1kiw0cb,reddit,The Prodigy - No Good [Electronic],,2025-05-09T23:08:38Z,music,music,entertainment,Entertainment,[],0,9,0,,0.91,https://youtu.be/svJvT6ruolA,KlausKinki77,2025-05-21T11:53:06.337647Z
1kip0ua,reddit,Alice In chains - Sunshine [Rock] (1989),,2025-05-09T18:02:09Z,music,music,entertainment,Entertainment,[],0,10,0,,1.0,https://youtu.be/2maHkdezdEc,blackmoose,2025-05-21T11:53:07.361867Z
1kikiq7,reddit,Seal - Killer [Acid House] (1990),,2025-05-09T14:56:14Z,music,music,entertainment,Entertainment,[],0,10,6,,0.78,https://youtu.be/to90047YXac,blackmoose,2025-05-21T11:53:08.440214Z
1kik815,reddit,Pearl Jam Welcome Peter Frampton For ‘Black’ In Nashville,,2025-05-09T14:44:00Z,music,music,entertainment,Entertainment,[],0,10,0,,0.83,https://www.spin.com/2025/05/pearl-jam-peter-frampton-nashville/,ebradio,2025-05-21T11:53:09.463532Z
1kihrid,reddit,Whitney Houston - Higher Love (1990 Original Mix) [Pop],,2025-05-09T12:53:59Z,music,music,entertainment,Entertainment,[],0,11,1,,0.86,https://youtu.be/EpSi7r1i5mM?si=N14Xyrcsg4RZUOpH,heyyouthere18,2025-05-21T11:53:10.524978Z
1kih3ae,reddit,Led Zeppelin - In The Evening [Hard Rock],,2025-05-09T12:19:48Z,music,music,entertainment,Entertainment,[],0,8,1,,0.79,https://youtu.be/dSEClIembvU?si=GqH9n8l32Mivc44k,do-call-me-papi,2025-05-21T11:53:11.881655Z
1kigyg6,reddit,The Raincoats - Lola (The Kinks Cover) [Punk],,2025-05-09T12:12:42Z,music,music,entertainment,Entertainment,[],0,10,2,,0.91,https://www.youtube.com/watch?v=loDjOGAph-k&t=3,MileenasFeet,2025-05-21T11:53:12.909339Z
1khhptt,reddit,Bob Dylan - Ballad of a Thin Man [Live 66],,2025-05-08T04:37:49Z,music,music,entertainment,Entertainment,[],0,8,1,,0.73,https://youtu.be/63ucJmVonAc?feature=shared,thisolddog1,2025-05-21T11:53:13.954183Z
1khe1fb,reddit,Tonight You Belong To Me - The Lennon Sisters [traditional vocal pop],,2025-05-08T01:18:21Z,music,music,entertainment,Entertainment,[],0,10,0,,0.92,https://www.youtube.com/watch?v=n8bmXG4MtPI,Ju-ju_Eyeball,2025-05-21T11:53:14.956357Z
1kh38fx,reddit,Cracker - Sick of Goodbyes [Rock],,2025-05-07T17:30:01Z,music,music,entertainment,Entertainment,[],0,10,4,,0.78,https://youtube.com/watch?v=24vCUVdPeqw&si=kuFrHt-O1PX0lpAJ,IPersonaI,2025-05-21T11:53:18.082042Z
1kga318,reddit,Phil Collins Big Band - The Los Endos Suite [Big band/Fusion/Prog],,2025-05-06T17:17:26Z,music,music,entertainment,Entertainment,[],0,10,1,,0.86,https://m.youtube.com/watch?v=JT5UslpgPUA&pp=ygUVcGhpbCBjb2xsaW5zIGJpZyBiYW5k,GrouchySalary5677,2025-05-21T11:53:19.939243Z
1kg8qpq,reddit,Mogwai - Yes! I Am A Long Way From Home [Post Rock],,2025-05-06T16:23:42Z,music,music,entertainment,Entertainment,[],0,10,0,,1.0,https://m.youtube.com/watch?v=AbxuRhkiVhQ&pp=ygUkbW9nd2FpIHllcyBpIGFtIGEgbG9uZyB3YXkgZnJvbSBob21l0gcJCYUJAYcqIYzv,GrouchySalary5677,2025-05-21T11:53:20.964144Z
1kfooja,reddit,How to find time to actively listen to music as a parent?,"Before I had kids, I used to spend a lot of time just sitting and listening to music. Mainly full albums. I’d give them my full attention, the same way you’d watch a film. No distractions, just me and the music.

Now that I have a two-year-old and a five-year-old, that kind of time is hard to come by. I still listen to music during my commute and I have a speaker at work, but it’s all pretty passive. It’s background noise while I’m doing other things.

I really miss that immersive experience. Back in November, I had to travel from Manchester to London for work and I actually chose a six-hour coach over a two-hour train just so I could spend more time listening to music.

To other parents out there, how do you find time to really listen? Have you found ways to fit it into your routine?",2025-05-05T22:17:36Z,music,music,entertainment,Entertainment,[],0,10,36,,0.7,https://www.reddit.com/r/Music/comments/1kfooja/how_to_find_time_to_actively_listen_to_music_as_a/,hatthewmartley,2025-05-21T11:53:21.885785Z
1kfbid8,reddit,k-os - Man I Used To Be [Canadian alternative hip-hop],,2025-05-05T13:23:07Z,music,music,entertainment,Entertainment,[],0,8,0,,0.7,https://youtu.be/ryAeRXArVHY?si=OADpug593T0TUa8i,Qoutaybah,2025-05-21T11:53:23.027424Z
1kef9jn,reddit,The genre?,"""a quick one before the eternal worm devours Appalachia"" by lizard in the spring. And any songs and playlists like it? When I let YouTube music play recommended songs based on it, it's not exactly what I want. Like southern gothic sad end-of-the-world vibes. I would love to find songs like that(instrumental preferably). ",2025-05-04T08:47:38Z,music,music,entertainment,Entertainment,[],0,11,5,,0.79,https://www.reddit.com/r/Music/comments/1kef9jn/the_genre/,A_rt-07,2025-05-21T11:53:24.050426Z
1kdrlm2,reddit,Deftones - Diamond Eyes (2010) [Alternavite Metal],,2025-05-03T12:16:40Z,music,music,entertainment,Entertainment,[],0,9,0,,0.85,https://youtu.be/qksTlo_1Tpw?si=FH8otcqiswGZiT2I,EmployOk5086,2025-05-21T11:53:25.044550Z
1kdqqwv,reddit,Cheap Trick - How Are You? [POWER POP],,2025-05-03T11:26:15Z,music,music,entertainment,Entertainment,[],0,11,2,,0.92,https://youtu.be/klaBi8s_yIA?si=ICzy_yGALZUwCrZ6,funghxoul,2025-05-21T11:53:26.196491Z
1kdkub0,reddit,Bob Dylan - It Ain't Me Babe [Folk] (1964),,2025-05-03T04:44:29Z,music,music,entertainment,Entertainment,[],0,9,0,,0.7,https://youtu.be/YoagldK69U0,blackmoose,2025-05-21T11:53:27.177333Z
1kda95f,reddit,Sun Ra - Nuclear War [Jazz],,2025-05-02T19:58:01Z,music,music,entertainment,Entertainment,[],0,9,3,,0.92,https://youtube.com/watch?v=lsPrINajncU&si=LqBd7LApcn0xysle,IPersonaI,2025-05-21T11:53:28.531182Z
1kc64pi,reddit,The Mars Volta - Wax Simulacra [Progressive Rock / Post-Hardcore],,2025-05-01T11:13:01Z,music,music,entertainment,Entertainment,[],0,10,0,,0.86,https://www.youtube.com/watch?v=C5jcgJ3RNpo,red-gap,2025-05-21T11:53:29.919597Z
1kc53dg,reddit,Queen - Invisible Man [Rock/Electro Funk/Pop],,2025-05-01T10:05:20Z,music,music,entertainment,Entertainment,[],0,12,6,,0.87,https://youtu.be/zKdxd718WXg?si=omQnF3GbW08Kq0h3,scouserdave,2025-05-21T11:53:31.087551Z
1kbobeu,reddit,"Incubus' Ninth Studio Album ""Something In The Water"" Set For October Release",,2025-04-30T18:55:17Z,music,music,entertainment,Entertainment,[],0,9,1,,0.81,https://www.theprp.com/2025/04/30/news/incubus-ninth-studio-album-something-in-the-water-set-for-october-release/,Trematode,2025-05-21T11:53:32.271337Z
1kapmab,reddit,New Order - Confusion (Pump Panel Reconstruction mix) [Techno],,2025-04-29T14:42:13Z,music,music,entertainment,Entertainment,[],0,10,3,,0.92,https://youtube.com/watch?v=Z56Gp0h0NGI&si=drQ3ErgGlv6A_dxy,IPersonaI,2025-05-21T11:53:33.371560Z
1k9wj1c,reddit,"Nina Simone - ""Love Me Or Leave Me"" [Jazz]",,2025-04-28T14:12:05Z,music,music,entertainment,Entertainment,[],0,10,1,,1.0,https://youtu.be/uId47pfkAaE?si=LP_1-JRzYTyXE6V3,Rick-Prada,2025-05-21T11:53:34.994816Z
1k9us3l,reddit,The Beach Boys [Pet Sounds] - Don't Talk (Put Your Head On My Shoulders) [Pop],,2025-04-28T12:51:38Z,music,music,entertainment,Entertainment,[],0,10,0,,1.0,https://youtube.com/watch?v=gikGLzkKElw&si=Oobg83zvvor3r-qU,IPersonaI,2025-05-21T11:53:36.224391Z
1k9fn3s,reddit,The Black Keys - Grown So Ugly [blues],,2025-04-27T21:56:07Z,music,music,entertainment,Entertainment,[],0,10,1,,0.79,https://youtu.be/ofulaIrBAjE?si=9OU8V2zQzmUdcrt2,d3rk2007,2025-05-21T11:53:37.167061Z
1k98z7u,reddit,Steve Earle - The Revolution Starts Now [Rock],,2025-04-27T17:10:31Z,music,music,entertainment,Entertainment,[],0,10,1,,1.0,https://youtu.be/zP7Wqt9rEL0?si=AJTyDasrJrlOG_Pp,DryCalligrapher8696,2025-05-21T11:53:38.154433Z
1k8iodj,reddit,Alexisonfire - No Transitory [post hardcore] (2004),,2025-04-26T17:43:48Z,music,music,entertainment,Entertainment,[],0,10,1,,0.86,https://music.youtube.com/watch?v=fnqt4g0cHmk&si=OS79r11zBF5lEU0b,Off_Brand_Sneakers,2025-05-21T11:53:39.147149Z
1k7ldxo,reddit,Static-x - Cannibal (2007) [Nu/Industrial Metal],,2025-04-25T13:48:19Z,music,music,entertainment,Entertainment,[],0,10,0,,1.0,https://youtu.be/TPps3E0Teys?si=31Hrg_d6JiUCZPUc,EmployOk5086,2025-05-21T11:53:40.222623Z
1k7iv3j,reddit,Orbital - Halcyon (Long Version) [Official Video] [Electronica],,2025-04-25T11:43:46Z,music,music,entertainment,Entertainment,[],0,11,2,,1.0,https://youtube.com/watch?v=xFAwPUFuMfI&si=iq18TF9RGmdoNiiJ,IPersonaI,2025-05-21T11:53:41.154329Z
1k7a40b,reddit,ZZ Top - Rough Boy [rock] (1986),,2025-04-25T02:25:57Z,music,music,entertainment,Entertainment,[],0,10,2,,0.92,https://www.youtube.com/watch?v=Z_4ULKpkLNc,FJTrescothick13,2025-05-21T11:53:42.200151Z
1k71y9b,reddit,Maple Leaf Rag 8 Bit - Scott Joplin [Ragtime],,2025-04-24T20:04:32Z,music,music,entertainment,Entertainment,[],0,10,1,,0.86,https://www.youtube.com/watch?v=XG4BhWTNaq8,Typical-Apartment-55,2025-05-21T11:53:44.149944Z
1k689x9,reddit,Faith No More - Absolute Zero [Heavy Alternative],,2025-04-23T19:38:46Z,music,music,entertainment,Entertainment,[],0,10,0,,0.92,https://www.youtube.com/watch?v=2GXKTsMIkmE,No_Resource_9417,2025-05-21T11:53:45.180145Z
1k62drd,reddit,Roy Thomas Baker Dead: Queen Producer Was 78,,2025-04-23T15:42:51Z,music,music,entertainment,Entertainment,[],0,8,1,,0.7,https://www.hollywoodreporter.com/news/music-news/roy-thomas-baker-producer-queen-the-cars-dead-1236198222/,AdSpecialist6598,2025-05-21T11:53:46.337593Z
1k5g2mf,reddit,Nirvana - D-7 [Rock],,2025-04-22T20:04:57Z,music,music,entertainment,Entertainment,[],0,9,0,,0.86,https://youtube.com/watch?v=wH3WyfulLyQ&si=pvQc-pcEWbMigjYq,IPersonaI,2025-05-21T11:53:47.350690Z
1k4po90,reddit,The xx - Angels [Indie Pop],,2025-04-21T21:48:23Z,music,music,entertainment,Entertainment,[],0,10,3,,1.0,https://youtu.be/_nW5AF0m9Zw?si=frpgcr71w7Y6xkKD,ZeppelinNation,2025-05-21T11:53:48.868346Z
1k47u2j,reddit,Phantogram - When I'm Small [Trip Hop],,2025-04-21T07:39:02Z,music,music,entertainment,Entertainment,[],0,12,1,,0.94,https://youtu.be/28tZ-S1LFok,blackmoose,2025-05-21T11:53:49.868014Z
1kqpirz,reddit,"100 Best Country, Folk & Blues Albums","Here's another list from ""10,000 Things You Need to Know"".

This time, here are the 100 best country, folk & blues albums:

Dust Bowl Ballads (1940, Woody Guthrie)

Moanin’ the Blues (1952, Hank Williams)

Bo Diddley (1958, Bo Diddley)

Lightnin’ Hopkins (1959, Lightnin’ Hopkins)

Moanin’ in the Moonlight (1959, Howlin’ Wolf)

T-Bone Blues (1959, T-Bone Walker)

Gunfighter Balladns and Trail Songs (1959, Marty Robbins)

Satan Is Real (1959, The Louvin Brothers)

Blues After Hours (1960, Elmore James)

At Newport 1960 (1960, Muddy Waters)

Two Steps from the Blues (1961, Bobby Bland)

King of the Delta Blues Singers (1961, Robert Johnson)

Modern Sounds in Country and Western Music (1962, Ray Charles)

Night Life (1963, Ray Price)

The Freewheelin’ Bob Dylan (1963, Bob Dylan)

The Wham of that Memphis Man (1963, Lonnie Mack)

Live at the Regal (1965, B.B. King)

The Legendary Son House: Father of Folk Blues (1965, Son House)

The Paul Butterfield Blues Band (1965, The Paul Butterfield Blues Band)

Hoodoo Man Blues (1965, Junior Wells’ Chicago Blues Band)

Today! (1966, Skip James)

The Library of Congress Recordings (1966, Lead Belly)

Blues Breakers with Eric Clapton (1966, John Mayall with Eric Clapton)

Carnegie Hall Concert (1966, Buck Owens and his Buckaroos)

Don’t Come Home a Drinkin’ (With Lovin’ on Your Mind) (1967, Loretta Lynn)

Born Under a Bad Sign (1967, Albert King)

Taj Mahal (1968, Taj Mahal)

West Side Soul (1968, Magic Sam Blues Band)

At Folsom Prison (1968, Johnny Cash)

Sweetheart of the Rodeo (1968, The Byrds)

Live Wire/Blues Power (1968, Albert King)

The Gilded Palace of Sin (1969, The Flying Burrito Brothers)

Nashville Skyline (1969, Bob Dylan)

California Bloodlines (1969, John Stewart)

Founder of the Delta Blues (1969, Charley Patton)

Townes Van Zandt (1969, Townes Van Zandt)

The Band (1969, The Band)

Kristofferson (1970, Kris Kristofferson)

American Beauty (1970, The Grateful Dead)

Hag (1971, Merle Haggard and The Strangers)

At Fillmore East (1971, The Allman Brothers Band)

Hound Dog Taylor and the HouseRockers (1971, Hound Dog Taylor and the HouseRockers)

White Light (1971, Gene Clark)

Aereo-Plain (1971, John Hartford)

Coat of Many Colors (1971, Dolly Parton)

Willis Alan Ramsey (1972, Willis Alan Ramsey)

Give It Up (1972, Bonnie Raitt)

Will the Circle Be Unbroken (1972, The Nitty Gritty Dirt Band)

GP (1973, Gram Parsons)

Dixie Chicken (1973, Little Feat)

Lonesome, On’ry and Mean (1973, Waylon Jennings)

Tres Hombres (1973, ZZ Top)

Bean Blossom (1973, Various)

¡Viva Terlingua! (1973, Jerry Jeff Walker)

Phases and Stages (1974, Willie Nelson)

The Grand Tour (1974, George Jones)

Late for the Sky (1974, Jackson Browne)

Pieces of the Sky (1975, Emmylou Harris)

Red Headed Stranger (1975, Willie Nelson)

Old No. 1 (1975, Guy Clark)

Right Place, Wrong Time (1976, Otis Rush)

Hard Again (1977, Muddy Waters)

Honky Tonk Masquerade (1978, Joe Ely)

Ice Pickin’ (1978, Albert Collins)

1928 Sessions (1979, Mississippi John Hurt)

The Fabulous Thunderbirds (1979, The Fabulous Thunderbirds)

Fire of Love (1981, The Gun Club)

Big City (1981, Merle Haggard)

Nebraska (1982, Bruce Springsteen)

Texas Flood (1983, Stevie Ray Vaughan and Double Trouble)

King of the Country Blues (1984, Blind Lemon Jefferson)

Guitar Town (1986, Steve Earle)

Guitars, Cadillacs, Etc., Etc. (1986, Dwight Yoakam)

The Last of the True Believers (1986, Nanci Griffith)

Strong Persuader (1986, Robert Cray)

Pontiac (1987, Lyle Lovett)

Trio (1987, Dolly Parton, Linda Ronstadt & Emmylou Harris)

Baby, You Can Get Your Gun! (1987, Snooks Eaglin)

No Fences (1990, Garth Brooks)

Anodyne (1993, Uncle Tupelo)

American Recordings (1994, Johnny Cash)

Too Bad Jim (1994, R.L. Burnside)

Viva Last Blues (1995, Palace Music)

Trace (1995, Son Volt)

Wrecking Ball (1995, Emmylou Harris)

Revival (1996, Gillian Welch)

Country Love Songs (1996, Robbie Fulks)

Being There (1996, Wilco)

Wide Open Spaces (1998, Dixie Chicks)

Car Wheels on a Gravel Road (1998, Lucinda Williams)

Monom (1998, Petit Vodo)

I See a Darkness (1999, Will Oldham)

The Grass is Blue (1999, Dolly Parton)

White Blood Cells (2001, The White Stripes)

Time (The Revelator) (2001, Gillian Welch)

Blacklisted (2002, Neko Case)

Van Lear Rose (2004, Loretta Lynn)

Delta Hardware (2006, Charlie Musselwhite)

Raising Sand (2007, Robert Plant & Alison Krauss)

Any thoughts on this list?",2025-05-19T22:43:14Z,music,music,entertainment,Entertainment,[],0,9,11,,0.8,https://www.reddit.com/r/Music/comments/1kqpirz/100_best_country_folk_blues_albums/,Nebberlantis,2025-05-21T11:53:50.988716Z
1kq942e,reddit,At the Gates (Sweden) - Suicide Nation [Melodic Death Metal],,2025-05-19T11:17:31Z,music,music,entertainment,Entertainment,[],0,10,0,,0.92,https://www.youtube.com/watch?v=cJiq6Q_MoYo,evil_nihilism,2025-05-21T11:53:52.010806Z
1kq04st,reddit,Peter Hook & the Light to launch 2025 tour performing New Order's Get Ready in full,,2025-05-19T01:44:12Z,music,music,entertainment,Entertainment,[],0,9,1,,1.0,https://consequence.net/2024/10/peter-hook-the-light-2025-tour-new-order-get-ready/,Edm_vanhalen1981,2025-05-21T11:53:53.041498Z
1kpqh9y,reddit,King Gizzard & The Lizard Wizard - Billabong Valley [psychedelic rock],,2025-05-18T18:14:32Z,music,music,entertainment,Entertainment,[],0,8,2,,0.8,https://youtu.be/bvtF2Ie90m0?si=jU57USYrrbUhHDQI,d3rk2007,2025-05-21T11:53:54.209231Z
1kpppax,reddit,Jimi Hendrix - Machine Gun - Live [Blues Rock],,2025-05-18T17:41:54Z,music,music,entertainment,Entertainment,[],0,10,0,,0.86,https://open.spotify.com/track/2McQn0M9t059SFVgw1OW8U?si=66d4a26907864d33,AmountAbject6999,2025-05-21T11:53:55.327989Z
1kpmeom,reddit,The Raven That Refused To Sing - Steven Wilson [prog],,2025-05-18T15:19:35Z,music,music,entertainment,Entertainment,[],0,11,1,,1.0,https://youtu.be/n8sLcvWG1M4,Chocolat-Pralin,2025-05-21T11:53:56.613038Z
1kottg7,reddit,The Black Keys - Weight of Love [Rock] (2014),,2025-05-17T14:06:26Z,music,music,entertainment,Entertainment,[],0,8,0,,0.91,https://youtu.be/ygdVEIrVnIk,blackmoose,2025-05-21T11:53:58.443972Z
1kolmzg,reddit,Carly Rae Jepsen - This Kiss [Pop],,2025-05-17T05:37:49Z,music,music,entertainment,Entertainment,[],0,9,0,,0.85,https://youtu.be/Vf78alvpxRM?si=DlTDY-ZspSq8iqNH,Account74624,2025-05-21T11:53:59.454723Z
1kog55d,reddit,The Edgar Winter Group - Free Ride [classic rock],,2025-05-17T00:26:40Z,music,music,entertainment,Entertainment,[],0,9,2,,0.85,https://youtu.be/JAFyvePcR_o?si=EmGOwj8jUdpT1Pyo,slh63,2025-05-21T11:54:00.371826Z
1ko4z5h,reddit,Tenacious D - Final Boss [Rock],,2025-05-16T16:19:52Z,music,music,entertainment,Entertainment,[],0,9,0,,0.91,https://youtu.be/7qtIwDi90N4?si=1ngLZapo1dqgsB5M,JackSkeIllington,2025-05-21T11:54:01.450219Z
1knyhxq,reddit,The Cure — ENDSONG [Orbital Remix] [Electronic],,2025-05-16T11:29:48Z,music,music,entertainment,Entertainment,[],0,10,1,,0.92,https://youtube.com/watch?v=i5dOXhSun08&si=hlOlZNSknzeW6Tjz,IPersonaI,2025-05-21T11:54:02.808138Z
1kmvmlg,reddit,Sierra Ferrell - In Dreams (Field Recording) [Folk],,2025-05-15T01:01:18Z,music,music,entertainment,Entertainment,[],0,9,0,,1.0,https://www.youtube.com/watch?v=6fPqmceCf90,MileenasFeet,2025-05-21T11:54:04.321742Z
1kmg76i,reddit,"Sufjan Stevens Reflects on Grief, Love, and His New Album in a Heart-Wrenching Interview",,2025-05-14T14:12:39Z,music,music,entertainment,Entertainment,[],0,9,0,,0.7,https://www.topthreeus.com/sufjan-stevens-opens-up-about-grief-love-in-carrie-lowell-interview/,Top-Three-USA,2025-05-21T11:54:05.509690Z
1kliwh9,reddit,Fad Gadget - Collapsing New People [Industrial],,2025-05-13T10:53:37Z,music,music,entertainment,Entertainment,[],0,10,0,,1.0,https://youtube.com/watch?v=ypINKMapdE0&si=n9tRyll1dVRT_3Hk,IPersonaI,2025-05-21T11:54:06.453010Z
1kkvvkx,reddit,"Sade - Smooth Operator [12"" Original Mix w/Snake Bite] [2025 Remaster]",,2025-05-12T15:47:51Z,music,music,entertainment,Entertainment,[],0,10,0,,0.92,https://youtu.be/SpzecU068_I?si=X2XHfj3mQ0I2ATXy,farukuruc,2025-05-21T11:54:07.678266Z
1kjpjg4,reddit,Phish - Mike’s Song > I Am Hydrogen > Weekapaug Groove [Jam/psychedelic] (live 11/22/97),,2025-05-11T01:27:47Z,music,music,entertainment,Entertainment,[],0,11,0,,0.87,https://m.youtube.com/watch?v=6VdS6ZWSvAE,GrouchySalary5677,2025-05-21T11:54:08.680621Z
1kj08ak,reddit,The Faint - I Disappear [Electroclash / Indie Dance],,2025-05-10T02:51:06Z,music,music,entertainment,Entertainment,[],0,8,2,,0.84,https://www.youtube.com/watch?v=NSBvBGVThno,Beginning_Bunch_9194,2025-05-21T11:54:10.194420Z
1kio83t,reddit,Loverboy - The Kid Is Hot Tonight [rock],,2025-05-09T17:28:59Z,music,music,entertainment,Entertainment,[],0,7,2,,0.69,https://youtu.be/AnaHnRqUdzA?si=YaG_3ClQ9Xt5PGAL,d3rk2007,2025-05-21T11:54:11.245607Z
1kik5be,reddit,Does anyone else really enjoy reggaeton despite not knowing the lingo?,"Honestly I've been a fan of reggaeton ever since I first heard Daddy Yankie. Since then everytime the summer rolls around, I find myself changing my Spotify to reggaeton and dancehall. For context I understand a little Spanish but honestly I like the almost lazy background rhythm. Am I the only who thinks this? ",2025-05-09T14:40:43Z,music,music,entertainment,Entertainment,[],0,10,26,,0.6,https://www.reddit.com/r/Music/comments/1kik5be/does_anyone_else_really_enjoy_reggaeton_despite/,domthedruid,2025-05-21T11:54:12.479167Z
1khp7zp,reddit,Lady Gaga - The Edge Of Glory (2012) [Pop],,2025-05-08T12:46:26Z,music,music,entertainment,Entertainment,[],0,10,2,,0.67,https://youtube.com/watch?v=QeWBS0JBNzQ&si=nEly9yLaUrcex42R,EmployOk5086,2025-05-21T11:54:13.663494Z
1kh5yvc,reddit,Dire Straits - Romeo And Juliet [Rock] (1980),,2025-05-07T19:18:49Z,music,music,entertainment,Entertainment,[],0,10,1,,0.81,https://youtu.be/u-FAkCi3CX0?si=ew9E7cPWc7gS13i2,Phoenix_Tribe,2025-05-21T11:54:14.605141Z
1kgmr2g,reddit,Blue Öyster Cult - Harvester of Eyes [Hard rock] (1974),,2025-05-07T02:36:54Z,music,music,entertainment,Entertainment,[],0,8,0,,0.84,https://www.youtube.com/watch?v=JLOrAzfdY7E,ProspektNya,2025-05-21T11:54:16.088258Z
1kgmeb1,reddit,The Pointer Sisters - Hot Together [Dance-Pop],,2025-05-07T02:18:15Z,music,music,entertainment,Entertainment,[],0,8,0,,0.85,https://www.youtube.com/watch?v=eMCGOQsQvo0,subway244,2025-05-21T11:54:17.093228Z
1kgghw7,reddit,The Horace Silver Quintet - Song For My Father [Jazz],,2025-05-06T21:37:25Z,music,music,entertainment,Entertainment,[],0,7,2,,0.78,https://youtu.be/CWeXOm49kE0?si=qneLyMVDkpFsb_I3,Kit_McFlavor_Butter,2025-05-21T11:54:18.292296Z
1kgb7yw,reddit,Perturbator - Naked Tongues [Synthwave],,2025-05-06T18:02:32Z,music,music,entertainment,Entertainment,[],0,9,2,,0.74,https://youtu.be/zs1r6DxdfXI?si=0N3kJivBvD_Qa-4q,BeyondGeometry,2025-05-21T11:54:19.495603Z
1kfs6kk,reddit,Does anyone know a song with a toilet flush sound effect?,"It’s not the song Sure As I’m Sitting Here
It was a modern song, used to play when I worked at old navy a few years ago. I CANT REMEMBER THE NAME. it may have something about dogs in the song

UPDATE: it was “last night a DJ saved my life” ",2025-05-06T01:04:00Z,music,music,entertainment,Entertainment,[],0,9,14,,0.75,https://www.reddit.com/r/Music/comments/1kfs6kk/does_anyone_know_a_song_with_a_toilet_flush_sound/,feelingwizzed,2025-05-21T11:54:20.775489Z
1kfm7bu,reddit,Black Pumas - Stay Gold [soul],,2025-05-05T20:35:24Z,music,music,entertainment,Entertainment,[],0,8,1,,0.84,https://youtu.be/BA8PylaattE?si=ZWmLpTKlgXjiM2F9,d3rk2007,2025-05-21T11:54:21.996352Z
1ket1tj,reddit,Howlin' Wolf - Spoonful [Blues Rock],,2025-05-04T20:06:47Z,music,music,entertainment,Entertainment,[],0,9,0,,1.0,https://youtu.be/Yqgj9Ba-DdU?si=LKkUfC2XV-BSfBNf,dragonoid296,2025-05-21T11:54:23.140533Z
1ke278v,reddit,Sam Cooke - Mean Old World [Soul],,2025-05-03T20:21:17Z,music,music,entertainment,Entertainment,[],0,9,2,,1.0,https://www.youtube.com/watch?v=GubqKReuIsw,zsreport,2025-05-21T11:54:24.133806Z
1kddx8i,reddit,Etta James - Stormy Weather [Rhythm & Blues] 1960,,2025-05-02T22:36:58Z,music,music,entertainment,Entertainment,[],0,8,2,,0.91,https://www.youtube.com/watch?v=VE5_fDmPt0w,sam_hyde_fan2388,2025-05-21T11:54:25.114523Z
1kcx3eu,reddit,Visage - Fade To Grey (Extended Version) [Synth Pop],,2025-05-02T09:53:53Z,music,music,entertainment,Entertainment,[],0,9,0,,0.91,https://youtu.be/tbMAY2Mx1bE,djsoomo,2025-05-21T11:54:26.446169Z
1kcpxrm,reddit,"The first Beatles recording session in 1962, leading to their first single, Love Me Do",,2025-05-02T02:07:21Z,music,music,entertainment,Entertainment,[],0,10,0,,0.82,https://www.fabfourmixnotes.com/superimposition-how-do-you-do-it/,Ok_Rainbows_10101010,2025-05-21T11:54:28.167146Z
1kcljyf,reddit,Hip-Hop History – OutKast’s Debut Album: Southernplayalisticadillacmuzik,,2025-05-01T22:29:26Z,music,music,entertainment,Entertainment,[],0,9,2,,0.85,https://hiphophighsociety.com/2025/05/01/hip-hop-history-outkasts-debut-album-southernplayalisticadillacmuzik/,yungfella85,2025-05-21T11:54:29.199867Z
1kce72e,reddit,Type O Negative - Green Man (1996) [Gothic Metal],,2025-05-01T17:17:36Z,music,music,entertainment,Entertainment,[],0,9,0,,1.0,https://youtu.be/EWkh13Efebg?si=y51IIOoeSMKQ4zLk,EmployOk5086,2025-05-21T11:54:30.240725Z
1kbhds9,reddit,Metallica - The Outlaw Torn (Unencumbered By Manufacturing Restrictions Version) [Heavy Metal] (1996),,2025-04-30T14:06:04Z,music,music,entertainment,Entertainment,[],0,10,4,,0.86,https://youtu.be/84uiuDiofhw?si=RaDh6TMrN2QMPJHY,ThrashMetallix,2025-05-21T11:54:31.209454Z
1kb28ho,reddit,The Alarm - Rescue me [Alt Rock],,2025-04-29T23:29:34Z,music,music,entertainment,Entertainment,[],0,8,0,,0.84,https://youtu.be/_U_x-ZsmFME?si=d5IdHhrK1MHT2gQL,I_am_not_baldy,2025-05-21T11:54:32.180792Z
1kaylni,reddit,"Falco - Rock Me Amadeus [Salieri Mix-2025 Edit / 7"" Remix]",,2025-04-29T20:51:05Z,music,music,entertainment,Entertainment,[],0,8,0,,0.79,https://youtu.be/5w-sgAUnZ_I?si=jytZntVkDTzh5UA5,farukuruc,2025-05-21T11:54:33.714444Z
1kamnkf,reddit,Depeche Mode - Never Let Me Go (Official Audio) [Rock],,2025-04-29T12:26:51Z,music,music,entertainment,Entertainment,[],0,9,1,,1.0,https://youtube.com/watch?v=Hig8cPsPlRc&si=2PHOGBVKaNPK5xCt,IPersonaI,2025-05-21T11:54:34.831795Z
1k958ru,reddit,Talking Heads - Psycho Killer [Post Punk] (1977),,2025-04-27T14:29:36Z,music,music,entertainment,Entertainment,[],0,11,1,,0.76,https://youtu.be/_iatnsDo_-Q?si=jbrDNEOU8znxDCaA,Phoenix_Tribe,2025-05-21T11:54:35.899743Z
1k8qden,reddit,The Beatles - Here Comes The Sun [Rock],,2025-04-26T23:38:06Z,music,music,entertainment,Entertainment,[],0,10,0,,0.75,https://youtu.be/KQetemT1sWc,djsoomo,2025-05-21T11:54:36.838992Z
1k8pt5b,reddit,"Jeremy Brauns - Niamos! (Andor S2 Club Mix, 1 hour of Mon Mothma dancing) [EDM]",,2025-04-26T23:10:10Z,music,music,entertainment,Entertainment,[],0,10,0,,0.92,https://www.youtube.com/watch?v=y6wLcx7AkRM,SmurfsAreTasty,2025-05-21T11:54:38.470245Z
1k8from,reddit,Not sure why I never posted this here,"Piano album i recorded 2 years ago dedicated to the passing of my two cats. Heavily influenced from classical musid and black metal intros. Hope you guys enjoy and please give feedback.

https://open.spotify.com/album/7m5T9UI2640E3nMm1ELDf9?si=snm1NBF0Q0SQIHfRVK0cfQ",2025-04-26T15:38:10Z,music,music,entertainment,Entertainment,[],0,9,7,,0.8,https://www.reddit.com/r/Music/comments/1k8from/not_sure_why_i_never_posted_this_here/,backonthisbullshit,2025-05-21T11:54:39.478537Z
1k88xbg,reddit,Tom Waits - Heartattack and Vine [Rock],,2025-04-26T09:20:00Z,music,music,entertainment,Entertainment,[],0,9,0,,1.0,https://youtu.be/lbIi8ZiW5qI?si=hj_LGq_cWp9cwJjh,cheweyforty2,2025-05-21T11:54:41.119211Z
1k87fyp,reddit,pink floyd - san tropez [rock with a jazzy groove],,2025-04-26T07:32:58Z,music,music,entertainment,Entertainment,[],0,8,0,,0.79,https://youtu.be/mjNYO-OI2Fo?si=VXRr9mWOAALTonV7,Dazzling_Form5267,2025-05-21T11:54:42.044924Z
1k7c3gb,reddit,Bob Dylan - Ballad of a Thin Man (Live) [Singer-songwriter],,2025-04-25T04:14:08Z,music,music,entertainment,Entertainment,[],0,10,0,,0.86,https://www.youtube.com/watch?v=63ucJmVonAc,evil_nihilism,2025-05-21T11:54:43.007811Z
1k754s9,reddit,One line….“SILENCE”,"I need helps finding a song from the 80/90's era...it has kind of the techno beat.  They sing one word ""SILENCE""...sounding more like a demand.  I do not remember any other words in the song.  But this particular line is ringing loud and clear in my memories.

Any help identifying this song would be greatly appreciated.",2025-04-24T22:20:37Z,music,music,entertainment,Entertainment,[],0,10,9,,0.73,https://www.reddit.com/r/Music/comments/1k754s9/one_linesilence/,hurricane70,2025-05-21T11:54:44.432862Z
1k6llze,reddit,Bob Marley - Exodus [Reggae],,2025-04-24T06:38:03Z,music,music,entertainment,Entertainment,[],0,10,1,,1.0,https://youtu.be/nv584jRwh0s,blackmoose,2025-05-21T11:54:45.964878Z
1k6d6m9,reddit,Slipknot - Before I Forget [metal],,2025-04-23T23:05:33Z,music,music,entertainment,Entertainment,[],0,10,0,,0.86,https://www.youtube.com/watch?v=NbADYWyDrAk,schellnino,2025-05-21T11:54:47.032294Z
1k6auu7,reddit,Black Sabbath - Sabbath Bloody Sabbath [Heavy Metal] (1973) Original Video,,2025-04-23T21:24:38Z,music,music,entertainment,Entertainment,[],0,11,1,,0.87,https://www.youtube.com/watch?v=8L82enLvxQc,sam_hyde_fan2388,2025-05-21T11:54:48.042947Z
1k688ep,reddit,{video} MM..FOOD: Hip-Hop's Most Underrated Album,,2025-04-23T19:37:06Z,music,music,entertainment,Entertainment,[],0,9,0,,0.8,https://youtu.be/qAi9Qq4fuqQ,Zealer123,2025-05-21T11:54:49.660555Z
1k5ey98,reddit,Lard - Drug Raid At 4am [punk] (1990),,2025-04-22T19:19:32Z,music,music,entertainment,Entertainment,[],0,9,0,,0.86,https://music.youtube.com/watch?v=011umGoEMfk&si=qDas06_6EkKMlsqV,Off_Brand_Sneakers,2025-05-21T11:54:51.173531Z
1k5d6az,reddit,Ramones - I Just Want to Have Something to Do [Punk],,2025-04-22T18:09:25Z,music,music,entertainment,Entertainment,[],0,9,0,,0.85,https://youtube.com/watch?v=KMnb_MeguaI&si=scshiPm5u4XvvZ5N,IPersonaI,2025-05-21T11:54:52.091932Z
1k55zo5,reddit,Barenaked Ladies - One Week [Rock],,2025-04-22T13:13:46Z,music,music,entertainment,Entertainment,[],0,9,4,,0.71,https://youtu.be/wy_1jtWIa7M?si=5-DYehU3OGMZ9TQL,DryCalligrapher8696,2025-05-21T11:54:53.153909Z
1k4l7aw,reddit,Fatboy Slim - Going Out of My Head [dance/big beat] (1997),,2025-04-21T18:46:20Z,music,music,entertainment,Entertainment,[],0,10,1,,0.92,https://www.youtube.com/watch?v=tmw94O9OWRE&pp=ygUgZmF0Ym95IHNsaW0gZ29pbmcgb3V0IG9mIG15IGhlYWQ%3D,FJTrescothick13,2025-05-21T11:54:54.575258Z
1k466zg,reddit,The Cranberries - Dreaming My Dreams [Rock],,2025-04-21T05:40:56Z,music,music,entertainment,Entertainment,[],0,8,0,,0.91,https://youtu.be/cbLIeSqmIpY?si=QZwbRIN0ID9b8BLg,DryCalligrapher8696,2025-05-21T11:54:55.593812Z
1kqznuv,reddit,Peter Tosh - Reggae Mylitis [reggae],,2025-05-20T08:19:51Z,music,music,entertainment,Entertainment,[],0,6,0,,0.76,https://youtu.be/q0j1mfJeNLE?si=qtwQCPkCSumBsifg,Skrotumm,2025-05-21T11:54:56.957554Z
1kqnikc,reddit,The Doors - The WASP [Rock] (1971),,2025-05-19T21:18:05Z,music,music,entertainment,Entertainment,[],0,6,3,,0.81,https://youtu.be/5bdC7k2Nu4s,blackmoose,2025-05-21T11:54:57.901633Z
1kqa3t9,reddit,Every Time I Die - Kill The Music ft. Gerard Way [Metalcore] (2005),,2025-05-19T12:12:12Z,music,music,entertainment,Entertainment,[],0,9,1,,1.0,https://youtu.be/9ecjvJk_aR8?si=O86CovjqQhvDhBnK,EmployOk5086,2025-05-21T11:54:59.157468Z
1kq65pl,reddit,"""A smile from a veil"" meaning, Pink Floyd","Hi everyone,
As a non-native speaker who (thinks) to have a decent knowledge of the language, I recently had a discussion with another non-native speaker about the true meaning of the ""a smile from a veil"" verse in Pink Floyd's Wish you were here.

So, the first verses clearly mean ""can you tell the difference between A and B"", but - in my opinion - the ""smile from a veil"" means ""can you distinguish a smile covered by a veil"" and not ""can you tell the difference between a smile and a veil"" which, unless ""veil"" or ""smile"" have a meaning I ignore, it'd make little sense.

So, what is the meaning of that verse?

Also, the guy says ""from a veil"" can't mean what I mean, because they use from instead of through. I believe you can say  from, like in ""see from the window"". Am I wrong?",2025-05-19T07:57:25Z,music,music,entertainment,Entertainment,[],0,8,21,,0.66,https://www.reddit.com/r/Music/comments/1kq65pl/a_smile_from_a_veil_meaning_pink_floyd/,Independent_Car_621,2025-05-21T11:55:00.150597Z
1kq5dog,reddit,Owl City - Fireflies [EDM],,2025-05-19T07:01:46Z,music,music,entertainment,Entertainment,[],0,8,7,,0.65,https://youtu.be/psuRGfAaju4?si=D0MYHB0gQcQuDF3a,Account74624,2025-05-21T11:55:01.228942Z
1kpyrro,reddit,What do you listen to when sad ect to make yourself more sad,"When you’re upset or in need of a good cry or whatever what do u listen to? This could range from Alex g or mitski to wifiskeleton, Lucile  or crayon i know most songs or artists that people cry too, they relate too the memories tethered to that song or Artist but some artists/songs are just genuinely deppresing ",2025-05-19T00:31:01Z,music,music,entertainment,Entertainment,[],0,10,61,,0.73,https://www.reddit.com/r/Music/comments/1kpyrro/what_do_you_listen_to_when_sad_ect_to_make/,Aromatic_Store_5988,2025-05-21T11:55:02.367194Z
1koxow5,reddit,What's the cutest song you know of?,"So many threads ask about sad or angry songs and it feels like there's tons of examples of those, but I've never come across a discussion about what the cutest, cheeriest, most pleasant song is. What do you all think?",2025-05-17T16:58:05Z,music,music,entertainment,Entertainment,[],0,9,69,,0.74,https://www.reddit.com/r/Music/comments/1koxow5/whats_the_cutest_song_you_know_of/,abogaaa,2025-05-21T11:55:03.671656Z
1ko3ify,reddit,Iron Maiden - Ghost of the Navigator [Metal],,2025-05-16T15:20:20Z,music,music,entertainment,Entertainment,[],0,8,0,,0.84,https://youtu.be/q4ZKbYXDZtk?si=fnbvFJCr3Ei9lk8o,ZombieJesus1987,2025-05-21T11:55:05.162531Z
1knquak,reddit,What is an artist with a respectable discography whose greatest song is also their most famous?,"One that comes to mind for me is Prince. Now, it's definitely debatable whether or not Purple Rain is his greatest song, or even his most famous song. But I think a strong case can be made for it, no matter where you sit. It may not be the most technically complex of his songs, nor the writing as ingenious, but Purple Rain embodies everything he was about. It's an epic ballad that combines so many elements of different types of music and showmanship. It has an idolatry about it that it cares not to explain nor justify, it just hands it to the listener. The whole concept of the film and title track is based around (whether intended or untintended) artifice, and it doesn't just indulge in it, it bathes in it. It tattoos it on its ass. Purple Rain is just such a warm, sobby and heartfelt, yet tough and uncompromising song. And it seethes with Prince's raw and comical theatricality. Prince himself built his entire persona on a very forward brand of expressionism, and because Purple Rain is exactly that and more, I really feel it's in a class of its own. And that's why it's his greatest song.

I'll stop rambling now.

What artists do you all think fall into this category?",2025-05-16T03:10:43Z,music,music,entertainment,Entertainment,[],0,10,67,,0.66,https://www.reddit.com/r/Music/comments/1knquak/what_is_an_artist_with_a_respectable_discography/,Emcee_nobody,2025-05-21T11:55:06.083104Z
1kn93f3,reddit,Pavement - No More Kings [Indie Rock],,2025-05-15T14:06:47Z,music,music,entertainment,Entertainment,[],0,8,0,,0.9,https://www.youtube.com/watch?v=KoJ2tOaqML0,smilysmilysmooch,2025-05-21T11:55:08.083106Z
1kmhz1z,reddit,Panda Bear and Toro y Moi show tonight in Dallas at House of Blues for their 2025 tour,Anyone going to the show tonight? I’d really like to go but I’ll probably have to roll solo. It’s a bit of a drive for me so I’m wondering if it’s going to be worth it. I’ve seen AC several times and they have been hit or miss. ,2025-05-14T15:24:13Z,music,music,entertainment,Entertainment,[],0,8,5,,0.72,https://www.reddit.com/r/Music/comments/1kmhz1z/panda_bear_and_toro_y_moi_show_tonight_in_dallas/,Ok_Letter6489,2025-05-21T11:55:09.057172Z
1klspgf,reddit,Bolt Thrower - The Killchain [Death Metal],,2025-05-13T17:59:09Z,music,music,entertainment,Entertainment,[],0,8,1,,0.83,https://youtu.be/tJ_R1gnOpSg?si=nhmm5F04kJhsrOFi,ZombieJesus1987,2025-05-21T11:55:10.036278Z
1kkwjzy,reddit,"David Bowie - The Man Who Sold the World [UK, Rock]",,2025-05-12T16:14:13Z,music,music,entertainment,Entertainment,[],0,8,2,,0.9,https://youtu.be/u3MX-rUtS6M,Qoutaybah,2025-05-21T11:55:10.977746Z
1kk0nvx,reddit,Bic Runga - Drive [Pop/Folk Rock] 1996,,2025-05-11T13:09:28Z,music,music,entertainment,Entertainment,[],0,8,1,,0.9,https://youtu.be/xHGUh30U4tQ?si=Y2AUKUukEzjD5And,Bob_Spud,2025-05-21T11:55:12.015419Z
1kj62ab,reddit,"Tears for Fears - Mad World [UK, New Wave]",,2025-05-10T09:10:41Z,music,music,entertainment,Entertainment,[],0,8,0,,1.0,https://youtu.be/u1ZvPSpLxCg,Qoutaybah,2025-05-21T11:55:12.964285Z
1ki0xbh,reddit,David Bowie - Loving The Alien (Live) [Acoustic],,2025-05-08T20:52:31Z,music,music,entertainment,Entertainment,[],0,6,1,,0.81,https://youtube.com/watch?v=2KiafrKoYvk&si=bo1nJoqrVebaOlhO,IPersonaI,2025-05-21T11:55:14.452533Z
