content_id,platform,title,content,created_at,source_id,source_name,category_id,category_name,tags,views,score,comment_count,duration,upvote_ratio,url,author,crawl_time
1kqm16l,reddit,My son has his future mapped out,,2025-05-19T20:19:21Z,funny,funny,entertainment,Entertainment,[],0,22381,471,,0.97,https://i.redd.it/g5tggdhnrs1f1.jpeg,ChuckySix,2025-05-21T11:31:45.345199Z
1k4ru3x,reddit,Just gonna borrow some of this right here.,,2025-04-21T23:24:15Z,funny,funny,entertainment,Entertainment,[],0,21238,189,,0.99,https://v.redd.it/0a2c16p0v9we1,kenistod,2025-05-21T11:31:48.650634Z
1kj8rwr,reddit,Is it on??,,2025-05-10T12:09:25Z,funny,funny,entertainment,Entertainment,[],0,20676,817,,0.93,https://v.redd.it/fgm0fwzr3yze1,AnthonR94,2025-05-21T11:31:51.277092Z
1klk1z9,reddit,"Same prank, same victim",,2025-05-13T11:58:28Z,funny,funny,entertainment,Entertainment,[],0,20279,203,,0.95,https://v.redd.it/0u8018btgj0f1,kinghrag,2025-05-21T11:31:55.820516Z
1k804pz,reddit,"Dude chasing umbrella on North Shore Beach, Oahu ⛱️🌊☀️",Chillin’ at North Shore Beach in Oahu when I saw this dude chasing his girlfriend’s umbrella down the beach. Had to get it on video—enjoy! 😂,2025-04-26T00:23:31Z,funny,funny,entertainment,Entertainment,[],0,20152,2842,,0.91,https://v.redd.it/swrt991ap2xe1,Kleinlounge,2025-05-21T11:31:58.261078Z
1k9qyy1,reddit,Amazing performance at the gym,"Not OC, but post I got it from got taken down...so no longer know the source.

If you do, please mention it in the comments below.",2025-04-28T08:57:50Z,funny,funny,entertainment,Entertainment,[],0,19950,125,,0.91,https://v.redd.it/rvpua93xijxe1,samercostello,2025-05-21T11:32:02.075770Z
1kgiv4j,reddit,"The DuPont Approach never fai…wait, what just happened?",,2025-05-06T23:21:28Z,funny,funny,entertainment,Entertainment,[],0,18861,170,,0.91,https://v.redd.it/zf3tbj79w8ze1,entrapranure,2025-05-21T11:32:03.976825Z
1k4jdaq,reddit,I would have peed myself laughing,,2025-04-21T17:34:56Z,funny,funny,entertainment,Entertainment,[],0,18851,400,,0.92,https://v.redd.it/e9o09v2s48we1,cowboydan69,2025-05-21T11:32:06.363650Z
1khfvbl,reddit,How can they not know??,,2025-05-08T02:52:48Z,funny,funny,entertainment,Entertainment,[],0,18680,661,,0.95,https://v.redd.it/g73jjqpv2hze1,DJSTR3AM,2025-05-21T11:32:09.247402Z
1kggh9z,reddit,There's a lot of intrnse drama going on here but it's all cute af,I like the beaver most ,2025-05-06T21:36:40Z,funny,funny,entertainment,Entertainment,[],0,18429,364,,0.96,https://v.redd.it/qvy21m9ld8ze1,Commercial_Ad1541,2025-05-21T11:32:14.006466Z
1kmut56,reddit,First time I ate a popsicle with a fork and knife…,Jk ,2025-05-15T00:19:13Z,funny,funny,entertainment,Entertainment,[],0,18169,944,,0.93,https://i.redd.it/avfvtn0w9u0f1.jpeg,Dry-Painter7369,2025-05-21T11:32:17.323108Z
1kjq9q4,reddit,Was curious to see how hot my black cat gets when he's in the sun.,,2025-05-11T02:08:40Z,funny,funny,entertainment,Entertainment,[],0,18040,300,,0.97,https://i.redd.it/5ov1iduh920f1.jpeg,RedSquirrelFtw,2025-05-21T11:32:20.929739Z
1kaalyr,reddit,100 Men vs Gorilla simulator,Preparation is key ,2025-04-29T00:07:32Z,funny,funny,entertainment,Entertainment,[],0,17533,1307,,0.91,https://v.redd.it/d57mtm761oxe1,CWeeks05,2025-05-21T11:32:23.677405Z
1k8as24,reddit,World's first ever Sperm race,,2025-04-26T11:27:45Z,funny,funny,entertainment,Entertainment,[],0,17225,692,,0.88,https://v.redd.it/nj6aq86uz5xe1,Fragrant-Hedgehog-12,2025-05-21T11:32:30.394015Z
1kar7sc,reddit,Pitcher gets the full hit experience,,2025-04-29T15:47:54Z,funny,funny,entertainment,Entertainment,[],0,16949,391,,0.96,https://v.redd.it/0sgz1mmzosxe1,Epelep,2025-05-21T11:32:34.918997Z
1k82nmo,reddit,This person lost their I.D. Had to show their passport to get in..they stamped it at a bar.,,2025-04-26T02:38:07Z,funny,funny,entertainment,Entertainment,[],0,16936,551,,0.97,https://i.redd.it/lmlentncd3xe1.jpeg,ThrowawayAccount41is,2025-05-21T11:32:39.020944Z
1kfjgds,reddit,Well... I respect the effort...,,2025-05-05T18:46:08Z,funny,funny,entertainment,Entertainment,[],0,16602,134,,0.91,https://v.redd.it/70uctm88e0ze1,Artistic_Corner6461,2025-05-21T11:32:43.317477Z
1kcgkhr,reddit,"Hog dad's express, next stop: Confusion",,2025-05-01T18:55:39Z,funny,funny,entertainment,Entertainment,[],0,16141,138,,0.96,https://v.redd.it/pmmbkb2bw7ye1,kinghrag,2025-05-21T11:32:45.338797Z
1k9atex,reddit,Only grades he’s getting are straight AYYYYYs.,,2025-04-27T18:27:28Z,funny,funny,entertainment,Entertainment,[],0,15773,360,,0.93,https://v.redd.it/isym6fwm7fxe1,WanderWut,2025-05-21T11:32:47.235482Z
1kpowh9,reddit,Emma Stone dodges a bee attack on the red carpet,,2025-05-18T17:08:01Z,funny,funny,entertainment,Entertainment,[],0,15404,442,,0.93,https://v.redd.it/wtp5dnyeok1f1,holyfruits,2025-05-21T11:32:55.234873Z
1kh4d1q,reddit,"A Man in Pain at a comedy show, But He Came Because He Loves Her!",,2025-05-07T18:14:27Z,funny,funny,entertainment,Entertainment,[],0,15315,350,,0.85,https://v.redd.it/bai6wsjpheze1,maxcomedian,2025-05-21T11:32:59.142868Z
1kh1uq7,reddit,May I Help You Sir,,2025-05-07T16:34:50Z,funny,funny,entertainment,Entertainment,[],0,15016,209,,0.96,https://v.redd.it/643z26dn0eze1,SuspiciousWeekend41,2025-05-21T11:33:02.555234Z
1k543kg,reddit,That's why I can never plug it in right,,2025-04-22T11:37:23Z,funny,funny,entertainment,Entertainment,[],0,14933,71,,0.97,https://v.redd.it/6wh4wyvwhdwe1,Lucsdf,2025-05-21T11:33:05.031746Z
1k8j4tc,reddit,Does she have your support? We're starting a grassroots movement,,2025-04-26T18:03:35Z,funny,funny,entertainment,Entertainment,[],0,14926,241,,0.96,https://i.redd.it/qh49fnngy7xe1.jpeg,mosquitofish1,2025-05-21T11:33:06.363784Z
1kk0lk0,reddit,Bull,,2025-05-11T13:06:07Z,funny,funny,entertainment,Entertainment,[],0,14698,294,,0.93,https://v.redd.it/28nms672j50f1,8llllllllllllllD---,2025-05-21T11:33:08.980859Z
1k79zll,reddit,Yoga poses for toilet,,2025-04-25T02:19:33Z,funny,funny,entertainment,Entertainment,[],0,14619,123,,0.96,https://v.redd.it/3v2oo68x4wwe1,GadMraz,2025-05-21T11:33:12.491207Z
1k4bq7z,reddit,"""It's not real""",,2025-04-21T11:58:40Z,funny,funny,entertainment,Entertainment,[],0,14453,251,,0.95,https://v.redd.it/x16tpzfrg6we1,WilloowUfgood,2025-05-21T11:33:14.772124Z
1kjrak4,reddit,Sibling love,,2025-05-11T03:07:27Z,funny,funny,entertainment,Entertainment,[],0,14331,101,,0.96,https://v.redd.it/hlhc8368k20f1,Cholai_214,2025-05-21T11:33:17.516841Z
1kb7w4u,reddit,Certified bird anthem,,2025-04-30T04:22:50Z,funny,funny,entertainment,Entertainment,[],0,13950,116,,0.99,https://v.redd.it/kqdn8icofwxe1,kinghrag,2025-05-21T11:33:19.094285Z
1kixfhp,reddit,She did name them pretty well,,2025-05-10T00:19:38Z,funny,funny,entertainment,Entertainment,[],0,13712,161,,0.94,https://v.redd.it/xyzwz4feluze1,Rayv23,2025-05-21T11:33:21.736096Z
1kowex3,reddit,bad hammer,,2025-05-17T16:01:47Z,funny,funny,entertainment,Entertainment,[],0,13210,115,,0.99,https://i.imgur.com/5CcI0Bj.gifv,Few-Wolf,2025-05-21T11:33:24.033549Z
1krfcde,reddit,i think he broke character..,,2025-05-20T20:30:16Z,funny,funny,entertainment,Entertainment,[],0,20897,223,,0.85,https://v.redd.it/mmioq4sdyz1f1,Careless_Eggplant192,2025-05-21T11:33:25.883230Z
1kllfi1,reddit,So…what constitutes “minor”?,Saw this today in the back at a local sub shop. ,2025-05-13T13:04:55Z,funny,funny,entertainment,Entertainment,[],0,12539,120,,0.99,https://i.redd.it/l7t1hs8osj0f1.jpeg,KayakingATLien,2025-05-21T11:33:28.277316Z
1kf981v,reddit,Must have been a long day for this one 😂,Sooo cute though ,2025-05-05T11:26:23Z,funny,funny,entertainment,Entertainment,[],0,12504,51,,0.99,https://i.redd.it/poztp3zs7yye1.jpeg,Blue_blew_blah,2025-05-21T11:33:30.139270Z
1kgpsam,reddit,"Bring a parent to work, kinda",,2025-05-07T05:31:34Z,funny,funny,entertainment,Entertainment,[],0,12426,390,,0.88,https://v.redd.it/45sbboxaqaze1,kinghrag,2025-05-21T11:33:31.566872Z
1kjiosf,reddit,"My 9 year old asked if this was a water fountain or tequila fountain and, honestly, it took me a minute.",,2025-05-10T19:49:39Z,funny,funny,entertainment,Entertainment,[],0,12356,188,,0.97,https://i.redd.it/z4zpxt25e00f1.jpeg,mynickname86,2025-05-21T11:33:34.813817Z
1kbp7rv,reddit,Smashing Cloves,,2025-04-30T19:33:18Z,funny,funny,entertainment,Entertainment,[],0,12261,219,,0.95,https://v.redd.it/400rp413y0ye1,uncle_russell_90,2025-05-21T11:33:37.058299Z
1kngyi9,reddit,"I have a 4 year old son, can anyone else relate?",,2025-05-15T19:25:30Z,funny,funny,entertainment,Entertainment,[],0,12178,559,,0.93,https://v.redd.it/v032q6xdyz0f1,NikonD3X1985,2025-05-21T11:33:39.794434Z
1kgwzpf,reddit,"You’re not that guy, gorilla, trust me",,2025-05-07T13:11:30Z,funny,funny,entertainment,Entertainment,[],0,12103,88,,0.96,https://i.redd.it/o17xz1nd0dze1.jpeg,ThomasWykes,2025-05-21T11:33:43.869074Z
1k7domv,reddit,My 7yo daughter has just discovered swear words. This is the sign she left on her bedroom door when she was shitty with me...,,2025-04-25T05:52:10Z,funny,funny,entertainment,Entertainment,[],0,11912,431,,0.93,https://i.redd.it/rrr4wh227xwe1.jpeg,PeculiarPete,2025-05-21T11:33:45.590929Z
1k8somv,reddit,He wants to be the owner.,,2025-04-27T01:38:11Z,funny,funny,entertainment,Entertainment,[],0,11877,58,,0.99,https://v.redd.it/yferh8ak7axe1,Vegetable-Mousse4405,2025-05-21T11:33:48.782732Z
1kdqj0q,reddit,Don't like going to dentist?,,2025-05-03T11:12:02Z,funny,funny,entertainment,Entertainment,[],0,11755,197,,0.95,https://v.redd.it/7vym3yeevjye1,Lazy_killer9999,2025-05-21T11:33:50.045985Z
1ki2mp0,reddit,If only they vibrated to get the last bit off shampoo out,Source: BeautyMagTips,2025-05-08T22:05:09Z,funny,funny,entertainment,Entertainment,[],0,11598,296,,0.93,https://i.redd.it/h2qh9v1ismze1.jpeg,Valeneirol,2025-05-21T11:33:52.581667Z
1kf2pqx,reddit,Creativity at its finest,,2025-05-05T04:04:49Z,funny,funny,entertainment,Entertainment,[],0,11420,149,,0.97,https://v.redd.it/7hh39gr01wye1,kausthab87,2025-05-21T11:33:55.538224Z
1kdm0ok,reddit,Award winning magic,,2025-05-03T06:00:12Z,funny,funny,entertainment,Entertainment,[],0,11391,91,,0.95,https://v.redd.it/wcb5opwrbiye1,Shoki81,2025-05-21T11:33:57.879275Z
1khrcf6,reddit,Pretty Literal,,2025-05-08T14:22:09Z,funny,funny,entertainment,Entertainment,[],0,11355,53,,0.98,https://i.redd.it/lp9wkdbwhkze1.jpeg,DoctorZee55,2025-05-21T11:33:59.518922Z
1knv70i,reddit,How dare you!,,2025-05-16T07:44:20Z,funny,funny,entertainment,Entertainment,[],0,11317,24,,0.97,https://v.redd.it/13xqo4q6m31f1,No-Abies-3913,2025-05-21T11:34:00.679890Z
1kbiigq,reddit,boys being boys,😛 totally down to try ,2025-04-30T14:55:24Z,funny,funny,entertainment,Entertainment,[],0,11204,305,,0.95,https://v.redd.it/i3rx2saikzxe1,Th0rYxD,2025-05-21T11:34:01.780399Z
1kfo4gk,reddit,Cute Dad-Daughter prank,,2025-05-05T21:53:49Z,funny,funny,entertainment,Entertainment,[],0,10980,68,,0.95,https://v.redd.it/igic7ojnb1ze1,Better-Turnip-226,2025-05-21T11:34:04.819010Z
1kqydes,reddit,Did we just become best friends?,"I wish this everyone. Whoever you are, wherever you are, wherever you're from.",2025-05-20T06:47:17Z,funny,funny,entertainment,Entertainment,[],0,13735,197,,0.98,https://v.redd.it/fukxa65ovv1f1,Mr_and_Mrs_Sazabi,2025-05-21T11:34:06.162826Z
1k58tzn,reddit,Well that was unexpected,,2025-04-22T15:15:49Z,funny,funny,entertainment,Entertainment,[],0,10966,138,,0.96,https://v.redd.it/1sj9rspvkewe1,Friendly-Sail-5983,2025-05-21T11:34:08.291911Z
1kaqel9,reddit,Guess who is going to Vet like it or not..,,2025-04-29T15:15:02Z,funny,funny,entertainment,Entertainment,[],0,10948,97,,0.92,https://v.redd.it/nqrcn3b4jsxe1,Phosphorscence,2025-05-21T11:34:10.371946Z
1kmduf4,reddit,Bravery meets bare cheeks,,2025-05-14T12:25:41Z,funny,funny,entertainment,Entertainment,[],0,10428,631,,0.93,https://v.redd.it/ra8pm1kkqq0f1,steff0010,2025-05-21T11:34:12.022039Z
1kq91qs,reddit,Brazil next level haircut,,2025-05-19T11:13:35Z,funny,funny,entertainment,Entertainment,[],0,10570,209,,0.9,https://v.redd.it/yo56vkq92q1f1,DARKINGOU,2025-05-21T11:34:16.189199Z
1ki8g0x,reddit,assassin,,2025-05-09T02:59:14Z,funny,funny,entertainment,Entertainment,[],0,10294,136,,0.97,https://v.redd.it/dp0vxb2y8oze1,NoiseSuspicious3209,2025-05-21T11:34:18.501551Z
1kgio2d,reddit,Construction worker Got Talent,,2025-05-06T23:12:22Z,funny,funny,entertainment,Entertainment,[],0,10233,147,,0.96,https://v.redd.it/6di2u6znu8ze1,1moreguyccl,2025-05-21T11:34:20.267253Z
1kafhiw,reddit,Same bro. Same,,2025-04-29T04:27:25Z,funny,funny,entertainment,Entertainment,[],0,10181,159,,0.97,https://v.redd.it/7lg8pvokbpxe1,SnooKiwis8540,2025-05-21T11:34:22.138465Z
1khlspi,reddit,Cute doggo,,2025-05-08T09:24:29Z,funny,funny,entertainment,Entertainment,[],0,10153,39,,0.97,https://v.redd.it/7ze3j94s0jze1,Better-Turnip-226,2025-05-21T11:34:24.607274Z
1k69qyb,reddit,A moose?!🤣,“Protect from who?!?”,2025-04-23T20:39:10Z,funny,funny,entertainment,Entertainment,[],0,9974,411,,0.97,https://v.redd.it/ea2s7eugbnwe1,LeftyLorie,2025-05-21T11:34:25.775597Z
1k5xbpi,reddit,Email From Teacher... [OC],,2025-04-23T11:59:07Z,funny,funny,entertainment,Entertainment,[],0,9963,33,,0.98,https://i.redd.it/eqbm3ismqkwe1.png,LitterboxComics,2025-05-21T11:34:28.929127Z
1k7ipb0,reddit,Oh well,,2025-04-25T11:34:50Z,funny,funny,entertainment,Entertainment,[],0,9871,43,,0.99,https://i.redd.it/673hlyytvywe1.png,CattyLumy,2025-05-21T11:34:30.120318Z
1k6ia19,reddit,"I took this picture in 2017, so these rules may no longer apply.",,2025-04-24T03:14:56Z,funny,funny,entertainment,Entertainment,[],0,9826,119,,0.98,https://i.redd.it/l18foi42apwe1.jpeg,parenthetical_phrase,2025-05-21T11:34:31.304047Z
1k715b7,reddit,He nearly got busted,,2025-04-24T19:32:06Z,funny,funny,entertainment,Entertainment,[],0,9643,133,,0.94,https://v.redd.it/tqb8q2af4uwe1,Acceptable-Wind-7332,2025-05-21T11:34:33.516993Z
1kas41b,reddit,"Well, THAT got personal!",,2025-04-29T16:24:38Z,funny,funny,entertainment,Entertainment,[],0,9599,475,,0.88,https://i.redd.it/5bt7o69evsxe1.png,FrankieMint,2025-05-21T11:34:35.410565Z
1k9ppdd,reddit,She was so proud of her action.,,2025-04-28T07:21:39Z,funny,funny,entertainment,Entertainment,[],0,9517,195,,0.89,https://v.redd.it/omwd5epm1jxe1,Vegetable-Mousse4405,2025-05-21T11:34:39.709995Z
1kosiry,reddit,It's his turn,,2025-05-17T13:04:36Z,funny,funny,entertainment,Entertainment,[],0,9409,50,,0.98,https://v.redd.it/p2um3289cc1f1,Hypnoidz,2025-05-21T11:34:42.231845Z
1kbrvu2,reddit,Surrounded,,2025-04-30T21:26:55Z,funny,funny,entertainment,Entertainment,[],0,9262,94,,0.97,https://i.redd.it/ebeg2njdi1ye1.png,toonhole,2025-05-21T11:34:43.417800Z
1kaqz3j,reddit,What did you call me?!,,2025-04-29T15:38:04Z,funny,funny,entertainment,Entertainment,[],0,9262,82,,0.99,https://i.redd.it/q7esnp17nsxe1.jpeg,Madseizon,2025-05-21T11:34:44.998380Z
1k9bg24,reddit,The eternal dilemma of men,,2025-04-27T18:54:41Z,funny,funny,entertainment,Entertainment,[],0,9244,535,,0.95,https://v.redd.it/ext30fghcfxe1,Achakita,2025-05-21T11:34:46.505101Z
1kemfvr,reddit,[OC] Something on the side,,2025-05-04T15:26:42Z,funny,funny,entertainment,Entertainment,[],0,9186,18,,0.98,https://i.redd.it/hrw9yylr9sye1.jpeg,snelse_,2025-05-21T11:34:50.770170Z
1knz71z,reddit,Don't mess with giraffe,,2025-05-16T12:07:44Z,funny,funny,entertainment,Entertainment,[],0,9147,219,,0.98,https://v.redd.it/81muzlt5x41f1,rozz_net,2025-05-21T11:34:51.868469Z
1kbhp3t,reddit,Early Riser,,2025-04-30T14:19:54Z,funny,funny,entertainment,Entertainment,[],0,8886,27,,0.99,https://i.redd.it/85niydb7ezxe1.jpeg,AbelBryanMedia,2025-05-21T11:34:54.453750Z
1kig2lh,reddit,DEDUM DEUU BEBUM DEUUUU 🎶,,2025-05-09T11:23:35Z,funny,funny,entertainment,Entertainment,[],0,8838,210,,0.94,https://v.redd.it/wh81fi1yqqze1,SatisfactionHumble68,2025-05-21T11:34:55.609823Z
1kpdvaq,reddit,Season 50 finale SNL joke swap,,2025-05-18T06:54:26Z,funny,funny,entertainment,Entertainment,[],0,8842,303,,0.95,https://v.redd.it/0jcuj4bymh1f1,crumble-bee,2025-05-21T11:34:59.162458Z
1kbnmks,reddit,He's making thicker coins,,2025-04-30T18:26:21Z,funny,funny,entertainment,Entertainment,[],0,8718,309,,0.97,https://i.redd.it/cnrj1o56m0ye1.png,PlsUpvoteThisComment,2025-05-21T11:35:02.519475Z
1k9rd3r,reddit,"My cat just outsmarted my Roomba, and I'm genuinely concerned","So I got one of those Roomba vacuum cleaners thinking it would make my life easier, right? WRONG. My cat apparently sees it as some kind of personal rival. Today, he figured out how to turn it on by himself and then proceeded to casually drop his toy mouse right in front of it. Now my Roomba has been circling around chasing a fake mouse for the past hour, and my cat is just sitting there watching with a smug look on his face.

Not sure if I should be proud or terrified of his newfound genius.",2025-04-28T09:27:09Z,funny,funny,entertainment,Entertainment,[],0,8706,195,,0.97,https://www.reddit.com/r/funny/comments/1k9rd3r/my_cat_just_outsmarted_my_roomba_and_im_genuinely/,KitchenRise9317,2025-05-21T11:35:05.482058Z
1kclj70,reddit,The paper my daughter sent me from my granddaughter in grammar school,Maybe college savings is not needed here,2025-05-01T22:28:29Z,funny,funny,entertainment,Entertainment,[],0,8504,66,,0.99,https://i.redd.it/4elp5hp6y8ye1.jpeg,ProperPerspective571,2025-05-21T11:35:07.613716Z
1k9klbh,reddit,Looks like Caillou is all grown up...,,2025-04-28T02:05:05Z,funny,funny,entertainment,Entertainment,[],0,8497,329,,0.96,https://i.redd.it/kn4nx5x7hhxe1.jpeg,grafxguy1,2025-05-21T11:35:09.014379Z
1k6q1de,reddit,Damn💀,,2025-04-24T11:39:31Z,funny,funny,entertainment,Entertainment,[],0,8462,260,,0.96,https://v.redd.it/jqle5194srwe1,LoveElegant122,2025-05-21T11:35:12.390530Z
1k4s9x0,reddit,The worst she'll say is No...,,2025-04-21T23:44:36Z,funny,funny,entertainment,Entertainment,[],0,8441,364,,0.94,https://v.redd.it/r0jyfqpqy9we1,Fluid-Flight4374,2025-05-21T11:35:15.487389Z
1khggjf,reddit,Why construction projects are always late,,2025-05-08T03:24:41Z,funny,funny,entertainment,Entertainment,[],0,8434,59,,0.98,https://v.redd.it/aahli52l8hze1,juliemiglio,2025-05-21T11:35:18.722087Z
1k4d82m,reddit,"I’m in the USA, and I think we’re being trolled from afar.",,2025-04-21T13:14:23Z,funny,funny,entertainment,Entertainment,[],0,8400,131,,0.96,https://i.redd.it/pgpffi1bu6we1.jpeg,Prosciutto4U,2025-05-21T11:35:20.129159Z
1kh5bui,reddit,Michael Shannon dramatically reads the infamously insane and vulgar email sent by a Delta Gamma sorority girl to her sisters.,,2025-05-07T18:53:27Z,funny,funny,entertainment,Entertainment,[],0,8330,370,,0.97,https://v.redd.it/lggtjfz1peze1,nuttybudd,2025-05-21T11:35:22.104308Z
1keh4y5,reddit,They definitely laughed at him.😂,,2025-05-04T10:56:59Z,funny,funny,entertainment,Entertainment,[],0,8012,88,,0.9,https://v.redd.it/x29a3eqmxqye1,Vegetable-Mousse4405,2025-05-21T11:35:25.714987Z
1kfcvbj,reddit,Peecasso you dawg,,2025-05-05T14:23:14Z,funny,funny,entertainment,Entertainment,[],0,7856,479,,0.94,https://v.redd.it/kn44ip4c3zye1,N/A,2025-05-21T11:35:27.323879Z
1kcqk1a,reddit,Passed by this on the way home today,,2025-05-02T02:40:23Z,funny,funny,entertainment,Entertainment,[],0,7836,122,,0.94,https://i.redd.it/xpem3j287aye1.jpeg,lowyook,2025-05-21T11:35:31.164012Z
1kkjqaw,reddit,almost there,,2025-05-12T04:19:37Z,funny,funny,entertainment,Entertainment,[],0,7697,123,,0.98,https://v.redd.it/bmzbcns02a0f1,doctorJdre,2025-05-21T11:35:33.210288Z
1khb3wh,reddit,Guy forgets how to run,,2025-05-07T22:54:46Z,funny,funny,entertainment,Entertainment,[],0,7573,209,,0.96,https://v.redd.it/02pu0nodwfze1,Charming_Light_8713,2025-05-21T11:35:35.149339Z
1khw09x,reddit,She said: Privilege on!,,2025-05-08T17:33:02Z,funny,funny,entertainment,Entertainment,[],0,7403,146,,0.93,https://v.redd.it/4hj5jv2yflze1,BaronofBoldBanter,2025-05-21T11:35:37.298304Z
1kmlkrr,reddit,Double K.O. in one shot? Talk about a two-for-one special!,,2025-05-14T17:46:36Z,funny,funny,entertainment,Entertainment,[],0,7365,47,,0.98,https://v.redd.it/ykgw0z7ubs0f1,MaxQ50,2025-05-21T11:35:39.212769Z
1khmhep,reddit,Hammerhead shark,,2025-05-08T10:12:17Z,funny,funny,entertainment,Entertainment,[],0,7335,49,,0.97,https://i.redd.it/n9v8mwdb9jze1.jpeg,nasandre,2025-05-21T11:35:40.428815Z
1ke9g8y,reddit,Can't trust Plex...,,2025-05-04T02:28:12Z,funny,funny,entertainment,Entertainment,[],0,7303,129,,0.91,https://i.redd.it/mkm6zxgueoye1.jpeg,ferretfritts,2025-05-21T11:35:41.635428Z
1kjtder,reddit,Unexpected lift-off in 3...2...1...,,2025-05-11T05:13:37Z,funny,funny,entertainment,Entertainment,[],0,7243,73,,0.93,https://v.redd.it/iat9ooer630f1,kinghrag,2025-05-21T11:35:43.598689Z
1khcn2a,reddit,He warned us!!,,2025-05-08T00:08:01Z,funny,funny,entertainment,Entertainment,[],0,7232,84,,0.92,https://v.redd.it/w91qjw669gze1,uncle_russell_90,2025-05-21T11:35:45.181188Z
1kq9r9q,reddit,Fathe son bonding,,2025-05-19T11:54:10Z,funny,funny,entertainment,Entertainment,[],0,7451,108,,0.97,https://v.redd.it/wgfe9cni9q1f1,Key_Associate7476,2025-05-21T11:35:46.452851Z
1klh2h3,reddit,Lisa Gilroy's freestyle goes surprisingly hard,,2025-05-13T08:49:26Z,funny,funny,entertainment,Entertainment,[],0,7026,204,,0.92,https://v.redd.it/whw6q5t2ji0f1,crumble-bee,2025-05-21T11:35:48.178897Z
1kega5k,reddit,Who made this calculator,,2025-05-04T10:00:19Z,funny,funny,entertainment,Entertainment,[],0,6773,192,,0.88,https://i.redd.it/6urbhpfinqye1.png,Cool_Kid999,2025-05-21T11:35:51.015782Z
1k4ofyq,reddit,Sometimes it can be difficult to train a human,,2025-04-21T20:57:08Z,funny,funny,entertainment,Entertainment,[],0,6765,58,,0.98,https://v.redd.it/gu6czybv49we1,CautiousExpression74,2025-05-21T11:35:53.307850Z
1kmlvht,reddit,Nose job: street edition,,2025-05-14T17:58:32Z,funny,funny,entertainment,Entertainment,[],0,6677,94,,0.95,https://v.redd.it/h2ivirsyds0f1,kinghrag,2025-05-21T11:35:54.744351Z
1k9vf3x,reddit,What if JARVIS had an Alberta accent?,,2025-04-28T13:22:33Z,funny,funny,entertainment,Entertainment,[],0,6657,310,,0.94,https://v.redd.it/tmu1qet4ukxe1,maxi1134,2025-05-21T11:35:56.795296Z
1kmr7sm,reddit,Final Destination,YT- Jaydaddy ,2025-05-14T21:33:40Z,funny,funny,entertainment,Entertainment,[],0,6642,73,,0.97,https://v.redd.it/0071bls8gt0f1,ironically_man,2025-05-21T11:35:59.540845Z
1kkcwpo,reddit,Suspect breaks wall and escapes,,2025-05-11T22:15:33Z,funny,funny,entertainment,Entertainment,[],0,6537,459,,0.92,https://v.redd.it/894rcz2t880f1,steff0010,2025-05-21T11:36:01.111251Z
1kil284,reddit,Cars Live Action Remake,,2025-05-09T15:18:36Z,funny,funny,entertainment,Entertainment,[],0,6506,135,,0.93,https://v.redd.it/z58vljivwrze1,Shoki81,2025-05-21T11:36:04.601211Z
1kk1fui,reddit,Your soul is mine,,2025-05-11T13:48:57Z,funny,funny,entertainment,Entertainment,[],0,6434,34,,0.98,https://v.redd.it/ttxctcgoq50f1,senseigoose12,2025-05-21T11:36:07.041750Z
1kad0yt,reddit,"In the Philippines, students are asked every year to make helmets that make it impossible to cheat",,2025-04-29T02:10:43Z,funny,funny,entertainment,Entertainment,[],0,6384,157,,0.93,https://v.redd.it/4l6bcc94noxe1,Vegetable-Mousse4405,2025-05-21T11:36:08.226892Z
1kjiqqt,reddit,What kind of tart now?,,2025-05-10T19:52:10Z,funny,funny,entertainment,Entertainment,[],0,6379,375,,0.96,https://i.redd.it/twcj4iake00f1.jpeg,i_love_small_ducks,2025-05-21T11:36:10.309707Z
1k5j3l2,reddit,"Saw this at work today, can’t unsee it now!!",,2025-04-22T22:10:25Z,funny,funny,entertainment,Entertainment,[],0,6308,312,,0.97,https://i.redd.it/uj5vm4mumgwe1.jpeg,fugazi56,2025-05-21T11:36:13.523724Z
1ka8x6i,reddit,My therapist told me to relax regardless of the situation,,2025-04-28T22:47:24Z,funny,funny,entertainment,Entertainment,[],0,6305,51,,0.99,https://v.redd.it/oz7kdbmumnxe1,celsowm,2025-05-21T11:36:16.945720Z
1kgowf0,reddit,This happens every night,,2025-05-07T04:36:17Z,funny,funny,entertainment,Entertainment,[],0,6260,58,,0.93,https://v.redd.it/t39xjlcfgaze1,manumanoj0010,2025-05-21T11:36:18.226231Z
1kfjzsy,reddit,My friend found this in the wild.,,2025-05-05T19:07:34Z,funny,funny,entertainment,Entertainment,[],0,6209,102,,0.97,https://i.redd.it/catkelw2i0ze1.jpeg,SilverOwl321,2025-05-21T11:36:19.622623Z
1kr3bnt,reddit,A toy is a toy,,2025-05-20T12:12:36Z,funny,funny,entertainment,Entertainment,[],0,7161,10,,0.95,https://v.redd.it/env82vrphx1f1,pashabro24,2025-05-21T11:36:21.404988Z
1k6w0fr,reddit,The professional cycling team is trying basketball,,2025-04-24T16:05:44Z,funny,funny,entertainment,Entertainment,[],0,6110,630,,0.93,https://v.redd.it/8avlqxtt2twe1,Markkonen,2025-05-21T11:36:22.482250Z
1kl5tjs,reddit,She wanted to penetrate me,"I am in the Canada Got Talent Finale May 13 Tuesday. Vote start online at 8pm EST.

If you are in Canada physically you can vote! Here copy and paste the web address: cgtvote.votenow.tv this link goes active during the time period May 13, 8pm est for a couple hours. Bookmark it, set reminder on calendar, and follow me on IG.

We can win this. With the win I can bring more laughters to Canada since I don’t have to worry about losing money putting on shows and finally get visa to perform in the State!!!",2025-05-12T22:21:01Z,funny,funny,entertainment,Entertainment,[],0,6080,71,,0.93,https://v.redd.it/kdhykd6oef0f1,Ecstatic_Ask6500,2025-05-21T11:36:25.993298Z
1keuh03,reddit,Los Angeles LAX Airport adds hyperspace routes for Star Wars Day,,2025-05-04T21:07:45Z,funny,funny,entertainment,Entertainment,[],0,6035,130,,0.97,https://i.redd.it/jlhqpo9dxtye1.jpeg,freebacca,2025-05-21T11:36:27.385821Z
1kc3bu0,reddit,"One song, two birthdays, zero coordination",,2025-05-01T07:55:51Z,funny,funny,entertainment,Entertainment,[],0,5910,101,,0.95,https://v.redd.it/7uihre6lm4ye1,kinghrag,2025-05-21T11:36:29.260881Z
1kgzf65,reddit,Bro accepted their fate,,2025-05-07T14:57:29Z,funny,funny,entertainment,Entertainment,[],0,5884,67,,0.97,https://v.redd.it/vdh6l18ajdze1,boredcat_04,2025-05-21T11:36:31.294121Z
1koa6l9,reddit,My fiance sent me this,,2025-05-16T19:55:00Z,funny,funny,entertainment,Entertainment,[],0,5899,75,,0.95,https://i.redd.it/23kyfttj871f1.jpeg,SWowwTittybang,2025-05-21T11:36:32.606387Z
1kn7z9j,reddit,yes I can,,2025-05-15T13:17:33Z,funny,funny,entertainment,Entertainment,[],0,5815,62,,0.97,https://v.redd.it/geuq3fpp4y0f1,doctorJdre,2025-05-21T11:36:33.927473Z
1kl3q4h,reddit,They look so innocent while they're asleep...,,2025-05-12T20:54:30Z,funny,funny,entertainment,Entertainment,[],0,5761,48,,0.97,https://i.redd.it/1bhku9agze0f1.png,Happy_Harry,2025-05-21T11:36:35.259860Z
1k83cqo,reddit,The tortoise and the … cat?,,2025-04-26T03:15:58Z,funny,funny,entertainment,Entertainment,[],0,5634,135,,0.98,https://v.redd.it/qoi6uln0k3xe1,ansyhrrian,2025-05-21T11:36:38.547369Z
1kdtr7s,reddit,The game is the game,,2025-05-03T14:05:40Z,funny,funny,entertainment,Entertainment,[],0,5543,21,,0.98,https://i.redd.it/dvocvdfeqkye1.jpeg,PaytheDevil,2025-05-21T11:36:40.470713Z
1k72sm8,reddit,The Meowssiah,He ascended onto the couch,2025-04-24T20:39:29Z,funny,funny,entertainment,Entertainment,[],0,5468,55,,0.98,https://i.redd.it/p7ullra4guwe1.jpeg,Adam-Daedalus,2025-05-21T11:36:41.561174Z
1k4zh4x,reddit,Isn't a Capybara just a dire-guinea pig?,,2025-04-22T06:17:16Z,funny,funny,entertainment,Entertainment,[],0,5429,120,,0.99,https://i.redd.it/dme7g0wswbwe1.jpeg,TaoKitt,2025-05-21T11:36:42.737617Z
1k90frk,reddit,[OC] Twist!,,2025-04-27T09:59:00Z,funny,funny,entertainment,Entertainment,[],0,5402,24,,0.98,https://i.redd.it/0f0t8t4xocxe1.jpeg,snelse_,2025-05-21T11:36:44.925325Z
1kalwyx,reddit,Welcome to the 6 o'clock news. I'm your anchor...,,2025-04-29T11:46:56Z,funny,funny,entertainment,Entertainment,[],0,5389,137,,0.97,https://i.redd.it/8kizef10irxe1.jpeg,djone1904,2025-05-21T11:36:46.065041Z
1kju3vu,reddit,Dating tips 😂😂,,2025-05-11T06:02:46Z,funny,funny,entertainment,Entertainment,[],0,5315,201,,0.95,https://v.redd.it/kpjbtizif30f1,thjk8,2025-05-21T11:36:48.249979Z
1kkzv2r,reddit,"No, I'm ironman",,2025-05-12T18:22:44Z,funny,funny,entertainment,Entertainment,[],0,5260,95,,0.94,https://v.redd.it/t02j1kkg8e0f1,SatisfactionHumble68,2025-05-21T11:36:50.810443Z
1kpisn9,reddit,Kaiju Kringle,,2025-05-18T12:26:48Z,funny,funny,entertainment,Entertainment,[],0,5199,21,,0.98,https://i.redd.it/pu7j388eaj1f1.png,AirBearEntertainment,2025-05-21T11:36:52.632791Z
1kfhxfo,reddit,Time was not moving while up there.,,2025-05-05T17:46:00Z,funny,funny,entertainment,Entertainment,[],0,5097,38,,0.97,https://v.redd.it/2zuhl1ci30ze1,Vegetable-Mousse4405,2025-05-21T11:36:53.903526Z
1k9gjxf,reddit,A moment of silence for the people working in customer service 😔,,2025-04-27T22:38:23Z,funny,funny,entertainment,Entertainment,[],0,5075,394,,0.86,https://v.redd.it/wu1im50eggxe1,introspectivelemon39,2025-05-21T11:36:55.186395Z
1kmegi6,reddit,Thanks grammarly,,2025-05-14T12:55:44Z,funny,funny,entertainment,Entertainment,[],0,5039,252,,0.96,https://i.redd.it/phaxqqpxvq0f1.jpeg,Bumper2004,2025-05-21T11:36:58.554589Z
1kpmigu,reddit,Time to leave this Airbnb,,2025-05-18T15:24:11Z,funny,funny,entertainment,Entertainment,[],0,4939,111,,0.97,https://i.redd.it/y8bz1cw26k1f1.jpeg,AlphaHouston1,2025-05-21T11:37:01.227350Z
1kixbop,reddit,Haircut song (LOCK IN),,2025-05-10T00:14:20Z,funny,funny,entertainment,Entertainment,[],0,4891,115,,0.95,https://v.redd.it/ngy163kijuze1,Howyoudouken,2025-05-21T11:37:03.018034Z
1k9r78f,reddit,The McPerfect McDonald's Order,**I'll add Beyonce's XO for hugs and kisses**,2025-04-28T09:15:07Z,funny,funny,entertainment,Entertainment,[],0,4852,62,,0.96,https://i.redd.it/7d1k8i40mjxe1.png,Blue_blew_blah,2025-05-21T11:37:04.802735Z
1kg3r3n,reddit,I turned the movie Taken into a musical,Thank you Reddit for helping me get my start 5 years ago! -Dustin (There I Ruined It),2025-05-06T12:55:06Z,funny,funny,entertainment,Entertainment,[],0,4747,104,,0.97,https://v.redd.it/ulh6u0v9s5ze1,dustin1776,2025-05-21T11:37:06.066876Z
1kp46p2,reddit,"Good job, Frankie!",Found on a Westin hotel room door,2025-05-17T21:45:22Z,funny,funny,entertainment,Entertainment,[],0,4752,118,,0.91,https://i.redd.it/8rry5886xe1f1.jpeg,likeistoleyourbike,2025-05-21T11:37:07.769049Z
1kobcv2,reddit,"Kelt flute, might delete later",,2025-05-16T20:44:52Z,funny,funny,entertainment,Entertainment,[],0,4568,35,,0.96,https://i.redd.it/0t8qkrwgh71f1.png,VillainAnderson,2025-05-21T11:37:09.600045Z
1kb8hqt,reddit,Sh*t about to go down.,,2025-04-30T05:00:45Z,funny,funny,entertainment,Entertainment,[],0,4493,220,,0.89,https://v.redd.it/bzh0qczemwxe1,Vegetable-Mousse4405,2025-05-21T11:37:10.635516Z
1knkj8n,reddit,How to actually Win at Table Tennis,,2025-05-15T21:53:20Z,funny,funny,entertainment,Entertainment,[],0,4438,24,,0.99,https://v.redd.it/npv3bqsro01f1,Personal_Carry_7029,2025-05-21T11:37:13.586538Z
1kg977i,reddit,Mr.Potter,,2025-05-06T16:42:13Z,funny,funny,entertainment,Entertainment,[],0,4428,51,,0.94,https://v.redd.it/rgfir9x1x6ze1,buecewayne,2025-05-21T11:37:14.703483Z
1kh4uel,reddit,Thot crimes,,2025-05-07T18:33:48Z,funny,funny,entertainment,Entertainment,[],0,4418,146,,0.8,https://v.redd.it/87ia6bqvleze1,introspectivelemon39,2025-05-21T11:37:16.237213Z
1kgoqxb,reddit,Nut your average table trick,,2025-05-07T04:27:04Z,funny,funny,entertainment,Entertainment,[],0,4396,56,,0.97,https://v.redd.it/1h3ax58teaze1,kinghrag,2025-05-21T11:37:18.053510Z
1kbhpv2,reddit,"""Chickens figure out enshittification"" [OC]",,2025-04-30T14:20:49Z,funny,funny,entertainment,Entertainment,[],0,4312,45,,0.98,https://i.redd.it/ki0boujcezxe1.png,thisecommercelife,2025-05-21T11:37:19.275053Z
1kqune8,reddit,At the local Biryani restaurant,"It should be titled: Go ahead, I dare ya!",2025-05-20T02:58:44Z,funny,funny,entertainment,Entertainment,[],0,4652,591,,0.95,https://i.redd.it/m3o3h3jwqu1f1.jpeg,CouchHippos,2025-05-21T11:37:20.562426Z
1kbgl3c,reddit,"The mind is willing, but the body is the issue.",,2025-04-30T13:31:48Z,funny,funny,entertainment,Entertainment,[],0,4226,124,,0.96,https://v.redd.it/or49j3em5zxe1,Fin745,2025-05-21T11:37:25.506379Z
1kee981,reddit,I mean technically he did save her,,2025-05-04T07:34:40Z,funny,funny,entertainment,Entertainment,[],0,4212,46,,0.95,https://v.redd.it/45n403ljxpye1,Fantastic_Silver6082,2025-05-21T11:37:27.280182Z
1kif9db,reddit,What a moist beaver!,,2025-05-09T10:33:54Z,funny,funny,entertainment,Entertainment,[],0,4200,123,,0.96,https://v.redd.it/3zljbru2iqze1,buecewayne,2025-05-21T11:37:28.553884Z
1k8sh81,reddit,The bigger picture,Small tip,2025-04-27T01:27:07Z,funny,funny,entertainment,Entertainment,[],0,4174,32,,0.97,https://v.redd.it/nidn09dl5axe1,lupercali1979,2025-05-21T11:37:30.301601Z
1kqucw4,reddit,Local restaurant is not hiring,,2025-05-20T02:43:05Z,funny,funny,entertainment,Entertainment,[],0,4461,66,,0.94,https://i.redd.it/q6izmu04ou1f1.jpeg,Working-Writer4364,2025-05-21T11:37:31.756226Z
1k6cvzc,reddit,Professional Pool Tournament in China,,2025-04-23T22:52:18Z,funny,funny,entertainment,Entertainment,[],0,4059,296,,0.85,https://v.redd.it/kn0b9c78znwe1,Suitable-Reward-3249,2025-05-21T11:37:33.388476Z
1kq290q,reddit,About to put Adam and Eve out of business with this corn,"Biodegradable, recyclable, ribbed",2025-05-19T03:41:02Z,funny,funny,entertainment,Entertainment,[],0,4047,104,,0.95,https://i.redd.it/kz1hvaijtn1f1.png,Mystleveinne,2025-05-21T11:37:36.355939Z
1kiu6z8,reddit,This photo of my friends husband,,2025-05-09T21:43:50Z,funny,funny,entertainment,Entertainment,[],0,3990,97,,0.98,https://i.redd.it/9hc7gwxlttze1.jpeg,scumruckus,2025-05-21T11:37:38.084822Z
1k5shh3,reddit,Not accepting apologies anymore—unless it’s like this,,2025-04-23T06:31:50Z,funny,funny,entertainment,Entertainment,[],0,3835,79,,0.92,https://v.redd.it/wfu2o7964jwe1,kulsa,2025-05-21T11:37:39.324023Z
1kdey0u,reddit,Easy on the beer guys,,2025-05-02T23:24:52Z,funny,funny,entertainment,Entertainment,[],0,3821,74,,0.98,https://v.redd.it/krvb76v8dgye1,N/A,2025-05-21T11:37:41.051604Z
1kmhnp5,reddit,This diddy and Cassie court sketch though...,,2025-05-14T15:11:33Z,funny,funny,entertainment,Entertainment,[],0,3806,276,,0.95,https://i.redd.it/qo3o55i6kr0f1.png,FenPheadra,2025-05-21T11:37:42.724759Z
1kfgocg,reddit,Our kid had enough of trying to open it.,,2025-05-05T16:57:21Z,funny,funny,entertainment,Entertainment,[],0,3764,117,,0.96,https://i.redd.it/pplqdxmuuzye1.jpeg,tombolaplayer,2025-05-21T11:37:45.194078Z
1k7zgh5,reddit,The love of dessert is strong with this one,Can any one translate what’s being said?,2025-04-25T23:50:04Z,funny,funny,entertainment,Entertainment,[],0,3756,129,,0.95,https://v.redd.it/ir7ges1dj2xe1,soTMHO,2025-05-21T11:37:46.961924Z
1kf55tp,reddit,Trying to call the cat over,,2025-05-05T06:47:17Z,funny,funny,entertainment,Entertainment,[],0,3669,56,,0.94,https://v.redd.it/70nycviytwye1,sparklovelynx,2025-05-21T11:37:48.764958Z
1kejqln,reddit,[OC] Is Pepsi OK?,,2025-05-04T13:24:52Z,funny,funny,entertainment,Entertainment,[],0,3663,61,,0.96,https://i.redd.it/ssbwwz31orye1.jpeg,snelse_,2025-05-21T11:37:50.060433Z
1kjynmf,reddit,Bon appétit!,,2025-05-11T11:15:32Z,funny,funny,entertainment,Entertainment,[],0,3669,107,,0.89,https://v.redd.it/kh8t8t3bz40f1,HerbziKal,2025-05-21T11:37:51.673395Z
1kjpqzm,reddit,Don’t do it!,,2025-05-11T01:39:31Z,funny,funny,entertainment,Entertainment,[],0,3642,325,,0.92,https://v.redd.it/xhudhapj420f1,Crumbtown42069,2025-05-21T11:37:53.375065Z
1kpmvlq,reddit,[OC] makes sense,,2025-05-18T15:40:23Z,funny,funny,entertainment,Entertainment,[],0,3647,98,,0.9,https://i.redd.it/ewhmm1fw8k1f1.jpeg,snelse_,2025-05-21T11:37:56.655643Z
1k7vk4z,reddit,Corgi on the far left is NOT here to make friends,,2025-04-25T20:52:20Z,funny,funny,entertainment,Entertainment,[],0,3602,34,,0.98,https://i.redd.it/asjf0lv4n1xe1.jpeg,Gloomy-Restaurant-42,2025-05-21T11:37:58.398298Z
1kjijf6,reddit,The perfect patio design doesn't exist... hold up!,,2025-05-10T19:42:40Z,funny,funny,entertainment,Entertainment,[],0,3581,37,,0.95,https://i.redd.it/3ws1v6buc00f1.png,Mister_Snark,2025-05-21T11:37:59.594788Z
1kg13x6,reddit,"Every time I get out of the shower, I do the obligatory helicopter!",,2025-05-06T10:28:11Z,funny,funny,entertainment,Entertainment,[],0,3583,88,,0.96,https://v.redd.it/i1mzc0tb25ze1,NikonD3X1985,2025-05-21T11:38:00.771244Z
1kl6o98,reddit,Great question...,,2025-05-12T22:59:16Z,funny,funny,entertainment,Entertainment,[],0,3555,29,,0.98,https://i.redd.it/ixbhazl6lf0f1.jpeg,munhozwv,2025-05-21T11:38:02.927709Z
1knjnsb,reddit,Unemployment thinks I'm getting depressed about going back to work.," It's hard to talk to an actual person quickly from unemployment, so I tried their chat feature as IIam getting ready to bo back to work. This is how they replied.",2025-05-15T21:16:30Z,funny,funny,entertainment,Entertainment,[],0,3529,64,,0.98,https://i.redd.it/kj5a1017i01f1.jpeg,rayhavenoheart,2025-05-21T11:38:04.063874Z
1kki50t,reddit,"Become Ungovernable subtitle, Seagulls can’t read…",,2025-05-12T02:49:26Z,funny,funny,entertainment,Entertainment,[],0,3523,61,,0.97,https://i.redd.it/akxrvmbyl90f1.jpeg,TeachMeImWilling69,2025-05-21T11:38:05.676740Z
1ka5yif,reddit,Such a kind hearted guy.,,2025-04-28T20:39:07Z,funny,funny,entertainment,Entertainment,[],0,3516,87,,0.88,https://v.redd.it/jltesww00nxe1,Any_Sound_2863,2025-05-21T11:38:06.993896Z
1k8znh7,reddit,Brother in need,,2025-04-27T09:02:29Z,funny,funny,entertainment,Entertainment,[],0,3469,57,,0.96,https://v.redd.it/5cviqsatecxe1,Upstairs_Cash8400,2025-05-21T11:38:08.542718Z
1kkdgow,reddit,"Proud of my brother earning his degree, but no one taught him about kerning",,2025-05-11T22:42:34Z,funny,funny,entertainment,Entertainment,[],0,3438,60,,0.96,https://i.redd.it/71kpdjqwd80f1.jpeg,gorka_la_pork,2025-05-21T11:38:09.839440Z
1khjxho,reddit,My Bf woke me up out of my sleep in order to show me this thing he found and gave it to me,He was at work and he was delivering something. Apparently someone was passing out balloon animals or something and he came straight to my house. I was sleeping and he woke me up and look so excited at the time I'm like wtf. But now that I'm awake I think this is funny as hell. What even is that supposed to be??,2025-05-08T07:05:37Z,funny,funny,entertainment,Entertainment,[],0,3439,343,,0.91,https://i.redd.it/a4j07hd0cize1.jpeg,Hangryhungryhoney,2025-05-21T11:38:11.147947Z
1k6bkim,reddit,What kind of operating system does it use.,,2025-04-23T21:54:31Z,funny,funny,entertainment,Entertainment,[],0,3414,120,,0.95,https://v.redd.it/hnzcs61xonwe1,koach71st,2025-05-21T11:38:14.108596Z
1ka361h,reddit,Our Next Pope,,2025-04-28T18:43:43Z,funny,funny,entertainment,Entertainment,[],0,3383,57,,0.95,https://i.redd.it/ut8mcv5gfmxe1.jpeg,JoshOfArc,2025-05-21T11:38:15.965801Z
1kmrvww,reddit,The McDonalds near my house put up a very... interesting sign. What do you think?,"On a side note, is McDonalds harvesting their employees to turn them into substandard burgers? ",2025-05-14T22:02:02Z,funny,funny,entertainment,Entertainment,[],0,3342,725,,0.94,https://i.redd.it/vsstnmuelt0f1.jpeg,TheShadyDoge,2025-05-21T11:38:17.168138Z
1khc04w,reddit,Buy new floors,Local flooring store’s sign next to an adult store in my town. Don’t normally see this kind of stuff here lol. Wasn’t sure about it so I added the NSFW tag. ,2025-05-07T23:37:09Z,funny,funny,entertainment,Entertainment,[],0,3321,61,,0.97,https://i.redd.it/l57qxxvz3gze1.jpeg,MrManslayer,2025-05-21T11:38:20.910289Z
1kepm78,reddit,"""A Bug's Life""",,2025-05-04T17:41:12Z,funny,funny,entertainment,Entertainment,[],0,3288,114,,0.8,https://i.redd.it/mjihbt4ixsye1.jpeg,DoctorLoops,2025-05-21T11:38:22.270169Z
1k8ddnq,reddit,Virtual Reality > Reality?,,2025-04-26T13:49:02Z,funny,funny,entertainment,Entertainment,[],0,3290,151,,0.91,https://i.redd.it/k0ih92r1p6xe1.jpeg,SandmanBun,2025-05-21T11:38:24.001847Z
1k4fgp9,reddit,Pope scene from Eurotrip,,2025-04-21T14:52:28Z,funny,funny,entertainment,Entertainment,[],0,3262,95,,0.95,https://v.redd.it/s0ef23asb7we1,Htanbed,2025-05-21T11:38:26.006489Z
1kgyyj0,reddit,[OC] Last night,,2025-05-07T14:37:46Z,funny,funny,entertainment,Entertainment,[],0,3249,22,,0.97,https://i.redd.it/2cwotwqrfdze1.jpeg,snelse_,2025-05-21T11:38:28.108356Z
1knt6hl,reddit,Mind blowing acting,,2025-05-16T05:26:05Z,funny,funny,entertainment,Entertainment,[],0,3202,184,,0.91,https://v.redd.it/iapk85wix21f1,hydra9966,2025-05-21T11:38:29.161680Z
1k5ha3m,reddit,They put WHAT?! in my coffee?,,2025-04-22T20:53:53Z,funny,funny,entertainment,Entertainment,[],0,3194,301,,0.9,https://i.redd.it/qi2gbp979gwe1.jpeg,Hammer_the_Red,2025-05-21T11:38:31.722803Z
1kg50q3,reddit,Laugh-a-phone,,2025-05-06T13:52:08Z,funny,funny,entertainment,Entertainment,[],0,3194,42,,0.97,https://v.redd.it/79lqh4lp26ze1,kinghrag,2025-05-21T11:38:34.471476Z
1kdl43f,reddit,Baby elephant wants a piggyback,,2025-05-03T05:01:29Z,funny,funny,entertainment,Entertainment,[],0,3193,60,,0.97,https://v.redd.it/0or8rcxa1iye1,Acceptable-Wind-7332,2025-05-21T11:38:35.733884Z
1k4yu6s,reddit,It just kept getting worse,,2025-04-22T05:34:32Z,funny,funny,entertainment,Entertainment,[],0,3167,85,,0.95,https://v.redd.it/2rehlrr5pbwe1,ThinSector4661,2025-05-21T11:38:37.040368Z
1kjd0d8,reddit,tire fight,,2025-05-10T15:33:24Z,funny,funny,entertainment,Entertainment,[],0,3141,140,,0.96,https://v.redd.it/2iowe5s74zze1,senseigoose12,2025-05-21T11:38:38.784388Z
1k7g5xx,reddit,You only got two things to worry about,,2025-04-25T08:48:35Z,funny,funny,entertainment,Entertainment,[],0,3134,80,,0.94,https://v.redd.it/kf9qrxhd2ywe1,domfi86,2025-05-21T11:38:41.023502Z
1kixg8f,reddit,Wet Dream,,2025-05-10T00:20:43Z,funny,funny,entertainment,Entertainment,[],0,3077,34,,0.93,https://v.redd.it/mttebaklluze1,uppity_downer1881,2025-05-21T11:38:42.475631Z
1kh4awr,reddit,I'm boss ass bitch .,,2025-05-07T18:12:00Z,funny,funny,entertainment,Entertainment,[],0,3058,32,,0.97,https://v.redd.it/e65ta5izheze1,N/A,2025-05-21T11:38:43.630953Z
1kgmd7b,reddit,Well which is it?,,2025-05-07T02:16:37Z,funny,funny,entertainment,Entertainment,[],0,3034,214,,0.96,https://i.redd.it/gez2lnhjr9ze1.jpeg,UMNchem,2025-05-21T11:38:44.729270Z
1kljpmb,reddit,Aliens in Los Angeles,,2025-05-13T11:39:58Z,funny,funny,entertainment,Entertainment,[],0,2975,56,,0.94,https://v.redd.it/gkjtohdhdj0f1,bedmed8,2025-05-21T11:38:47.576527Z
1kh0duh,reddit,A Jeep owner’s wet dream.,,2025-05-07T15:35:46Z,funny,funny,entertainment,Entertainment,[],0,2975,240,,0.93,https://i.redd.it/pfsw5m74qdze1.jpeg,Tigermike10,2025-05-21T11:38:48.869972Z
1klbyo5,reddit,My daughter’s first encounter with a sprinkler.. She happily ran right back to it after getting hit,,2025-05-13T03:21:10Z,funny,funny,entertainment,Entertainment,[],0,2967,37,,0.97,https://i.redd.it/yh7pyuyiwg0f1.jpeg,foobaby1992,2025-05-21T11:38:51.381672Z
1ki6h5e,reddit,He's Just Being A Good Horse,,2025-05-09T01:13:05Z,funny,funny,entertainment,Entertainment,[],0,2946,73,,0.97,https://v.redd.it/px9rsnr0qnze1,SuspiciousWeekend41,2025-05-21T11:38:52.589288Z
1k6qnrv,reddit,Its always the most random statements,"davidthomascomedy
finlaycomedy ",2025-04-24T12:13:27Z,funny,funny,entertainment,Entertainment,[],0,2934,105,,0.95,https://v.redd.it/0zi0obt5yrwe1,Key_Associate7476,2025-05-21T11:38:53.899415Z
1kb9rud,reddit,From the vault,,2025-04-30T06:23:59Z,funny,funny,entertainment,Entertainment,[],0,2927,80,,0.95,https://v.redd.it/qe92exda1xxe1,PlantainPossible2864,2025-05-21T11:38:55.634400Z
1kmfm6u,reddit,The spikes were meant to keep pigeons away… Not make them feel safe.,"This little guy found a 5-star suite on top of a Panasonic AC unit, complete with anti-bird spikes – which apparently now double as a security fence. Evolution: 1, human engineering: 0.
Spotted this feathered rebel nesting comfortably where it clearly wasn’t supposed to. Any advice on how to humanely relocate a pigeon with better negotiation skills than I have?",2025-05-14T13:47:45Z,funny,funny,entertainment,Entertainment,[],0,2915,34,,0.98,https://i.redd.it/mb6by6m75r0f1.jpeg,QuietAward9211,2025-05-21T11:38:56.833724Z
1krdjou,reddit,"Kid’s Sticker from a grocery store, this has got to be on purpose right?",,2025-05-20T19:17:27Z,funny,funny,entertainment,Entertainment,[],0,4490,117,,0.94,https://i.redd.it/dfolxonilz1f1.jpeg,Xavimoose,2025-05-21T11:38:57.956753Z
1klhw2e,reddit,A Parking Lot Incident That Feels Straight Out of a Movie,,2025-05-13T09:47:50Z,funny,funny,entertainment,Entertainment,[],0,2883,57,,0.97,https://v.redd.it/nylj92wgti0f1,Vast_Selection3022,2025-05-21T11:38:59.700154Z
1kkjqk3,reddit,Toe-tally not edible,,2025-05-12T04:20:02Z,funny,funny,entertainment,Entertainment,[],0,2867,43,,0.96,https://v.redd.it/22b017642a0f1,kinghrag,2025-05-21T11:39:01.029853Z
1k50lrg,reddit,Woman put oil on bird feeder to keep squirrels from climbing up it.,,2025-04-22T07:36:39Z,funny,funny,entertainment,Entertainment,[],0,2843,87,,0.97,https://v.redd.it/mr41fhwuacwe1,BoysenberryOk5580,2025-05-21T11:39:02.210511Z
1k9fqek,reddit,Triggering thier target market.,,2025-04-27T22:00:16Z,funny,funny,entertainment,Entertainment,[],0,2833,87,,0.91,https://i.redd.it/ebxagmnl9gxe1.jpeg,BanginDrumsNMums,2025-05-21T11:39:03.599003Z
1kfb7f5,reddit,Cat minding his own business is approached by Courage,,2025-05-05T13:08:57Z,funny,funny,entertainment,Entertainment,[],0,2825,58,,0.98,https://v.redd.it/0znowji3qyye1,ElimsNogard,2025-05-21T11:39:05.375549Z
1khx7u3,reddit,This man during the new Pope’s prayer,,2025-05-08T18:20:48Z,funny,funny,entertainment,Entertainment,[],0,2819,192,,0.89,https://v.redd.it/q8d2xslgolze1,Ospiris,2025-05-21T11:39:06.588839Z
1kmhmbw,reddit,Birdwatching comes at you fast,,2025-05-14T15:10:02Z,funny,funny,entertainment,Entertainment,[],0,2801,78,,0.96,https://v.redd.it/zdker17ojr0f1,MSJ2,2025-05-21T11:39:08.628459Z
1klobmq,reddit,I'll take two for $500,I wonder if she won?,2025-05-13T15:07:11Z,funny,funny,entertainment,Entertainment,[],0,2789,180,,0.94,https://v.redd.it/u1pa11lhek0f1,lupercali1979,2025-05-21T11:39:09.953591Z
1kbdhwh,reddit,"If I don’t fits, I still sits.",,2025-04-30T10:52:25Z,funny,funny,entertainment,Entertainment,[],0,2775,25,,0.98,https://v.redd.it/272bbr96dyxe1,Prankstic,2025-05-21T11:39:12.025178Z
1kbx3ki,reddit,Basketball Pope,,2025-05-01T01:33:05Z,funny,funny,entertainment,Entertainment,[],0,2771,117,,0.87,https://v.redd.it/80qbj683q2ye1,Howyoudouken,2025-05-21T11:39:13.192096Z
1kq0zww,reddit,take me to church,,2025-05-19T02:30:14Z,funny,funny,entertainment,Entertainment,[],0,2872,26,,0.96,https://v.redd.it/w7oq4biwgn1f1,doctorJdre,2025-05-21T11:39:15.051180Z
1kk3ebh,reddit,Brought my wife breakfast in bed and this artisan diffuser,It was perfect because when I brought it to her she was fighting with our child about having to wear clothes today.,2025-05-11T15:17:46Z,funny,funny,entertainment,Entertainment,[],0,2745,64,,0.82,https://i.redd.it/83nhnruj660f1.jpeg,ThePeoplesBard,2025-05-21T11:39:16.180037Z
1kg8rdj,reddit,Rooster (my new puppy) vs. the boingy thing. Round 1.,,2025-05-06T16:24:29Z,funny,funny,entertainment,Entertainment,[],0,2720,55,,0.97,https://v.redd.it/z51akeyws6ze1,cturn3r,2025-05-21T11:39:17.404515Z
1kiziro,reddit,Mother’s Day artwork from school,Realistic depiction of “me time”. ,2025-05-10T02:11:22Z,funny,funny,entertainment,Entertainment,[],0,2667,34,,0.98,https://i.redd.it/qw4vtd7c5vze1.jpeg,FlemCandangoS,2025-05-21T11:39:18.631269Z
1khb5a4,reddit,Unfortunate Generator Choice,,2025-05-07T22:56:27Z,funny,funny,entertainment,Entertainment,[],0,2635,40,,0.96,https://i.redd.it/l6lu06qqwfze1.jpeg,masshole2303,2025-05-21T11:39:19.855605Z
1kjpptd,reddit,Dude knows girth!,How he got it past DOL is more impressive!,2025-05-11T01:37:42Z,funny,funny,entertainment,Entertainment,[],0,2601,604,,0.87,https://i.redd.it/ingc07w8420f1.jpeg,Ayellowbeard,2025-05-21T11:39:21.197512Z
1kmygpm,reddit,It's 2025. Men can make it clap too if they wanted.,,2025-05-15T03:29:10Z,funny,funny,entertainment,Entertainment,[],0,2599,67,,0.87,https://v.redd.it/y7h9ipzr7v0f1,kittybittybeans,2025-05-21T11:39:24.893222Z
1kqpuq7,reddit,Dishwasher holiday,,2025-05-19T22:58:56Z,funny,funny,entertainment,Entertainment,[],0,2791,25,,0.95,https://i.redd.it/cz3emlgxjt1f1.jpeg,DanFromTheVilla,2025-05-21T11:39:26.457935Z
1kbfn3d,reddit,They were all blown by the kiss,,2025-04-30T12:48:50Z,funny,funny,entertainment,Entertainment,[],0,2574,40,,0.96,https://v.redd.it/insvyb8yxyxe1,_PotatoCrips_,2025-05-21T11:39:27.644849Z
1kleunj,reddit,"Bro is addicted to ""God bless you.""",,2025-05-13T06:13:18Z,funny,funny,entertainment,Entertainment,[],0,2549,28,,0.95,https://v.redd.it/mux2ys2uqh0f1,AryanN017,2025-05-21T11:39:28.922885Z
1knrvfa,reddit,"Noticed this today in British Columbia, Canada",,2025-05-16T04:06:58Z,funny,funny,entertainment,Entertainment,[],0,2521,296,,0.85,https://i.redd.it/nvy2t6lfj21f1.jpeg,Actual-Main5657,2025-05-21T11:39:30.197805Z
1kczkno,reddit,They got some moves,,2025-05-02T12:20:30Z,funny,funny,entertainment,Entertainment,[],0,2463,57,,0.96,https://v.redd.it/4zzz5wop2dye1,SuspiciousWeekend41,2025-05-21T11:39:35.233245Z
1k9s417,reddit,Cat’s got the purrrfect gossip and the drama unfolds....,,2025-04-28T10:19:50Z,funny,funny,entertainment,Entertainment,[],0,2449,56,,0.98,https://v.redd.it/6dx41ydbxjxe1,kinghrag,2025-05-21T11:39:36.697318Z
1kbytj2,reddit,Prozac Guy,More stand up on r/biniam ,2025-05-01T03:04:16Z,funny,funny,entertainment,Entertainment,[],0,2425,105,,0.93,https://v.redd.it/zq927hjk63ye1,CrapKingdoms,2025-05-21T11:39:38.287565Z
1kqe9zl,reddit,Truck scared all the bikers,,2025-05-19T15:16:39Z,funny,funny,entertainment,Entertainment,[],0,2554,105,,0.94,https://v.redd.it/zu7xx84n9r1f1,geniusfoot,2025-05-21T11:39:40.132056Z
1k58i2t,reddit,All of the DMV’s in the US with the upcoming real ID requirement deadline approaching,,2025-04-22T15:02:20Z,funny,funny,entertainment,Entertainment,[],0,2389,308,,0.95,https://i.redd.it/pcj7kp6hiewe1.gif,viceman99,2025-05-21T11:39:42.027298Z
1kn3rdq,reddit,"First, she'll break your car, and then your balls",Sorry about the background music. This isn't OC. ,2025-05-15T09:14:52Z,funny,funny,entertainment,Entertainment,[],0,2363,35,,0.95,https://v.redd.it/3m34f97gxw0f1,aknasas,2025-05-21T11:39:45.303037Z
1kqs1fy,reddit,Poorly thought out boat launch.,,2025-05-20T00:45:30Z,funny,funny,entertainment,Entertainment,[],0,2517,24,,0.98,https://v.redd.it/xzywnlx23u1f1,Hectabeni,2025-05-21T11:39:46.419280Z
1k8p7qh,reddit,Like bathrooms?,,2025-04-26T22:40:44Z,funny,funny,entertainment,Entertainment,[],0,2281,71,,0.95,https://i.redd.it/jdcb3brwb9xe1.jpeg,TeachMeImWilling69,2025-05-21T11:39:47.486860Z
1k52rew,reddit,Bob the goat 🐐,,2025-04-22T10:14:26Z,funny,funny,entertainment,Entertainment,[],0,2243,37,,0.96,https://i.redd.it/nwm862043dwe1.png,lovelly4ever,2025-05-21T11:39:49.119425Z
1k578vg,reddit,"Oh Google, how far you have fallen",,2025-04-22T14:09:30Z,funny,funny,entertainment,Entertainment,[],0,2238,128,,0.94,https://i.redd.it/9mnbbgaw8ewe1.png,Mayo_Kupo,2025-05-21T11:39:50.361117Z
1k5yi1b,reddit,The House Special,,2025-04-23T12:57:42Z,funny,funny,entertainment,Entertainment,[],0,2238,11,,0.97,https://i.redd.it/u6ygzfy20lwe1.png,Mooseylips,2025-05-21T11:39:52.316088Z
1k9iuci,reddit,Cannibalism is such a sad thing to see.,,2025-04-28T00:32:16Z,funny,funny,entertainment,Entertainment,[],0,2191,51,,0.98,https://i.redd.it/mp781ubo0hxe1.jpeg,Washpedantic,2025-05-21T11:39:53.582714Z
1kdy2ek,reddit,"In Germany we say ""da geht noch was"" (there is still room)",,2025-05-03T17:18:55Z,funny,funny,entertainment,Entertainment,[],0,2169,142,,0.95,https://i.redd.it/7a89wphvolye1.png,Kumegano_Lofi,2025-05-21T11:39:54.843544Z
1kos0hk,reddit,11 New Orleans inmates escaped through the wall like it was a cartoon and left Yelp reviews on the way out.,,2025-05-17T12:38:51Z,funny,funny,entertainment,Entertainment,[],0,2170,268,,0.93,https://i.imgur.com/gY5Tfq5.jpeg,d0lb33,2025-05-21T11:39:56.738071Z
1krd79l,reddit,Rainy days got me like ...,,2025-05-20T19:03:37Z,funny,funny,entertainment,Entertainment,[],0,3256,16,,0.97,https://v.redd.it/krz7upgyiz1f1,MLBOfficial,2025-05-21T11:40:10.047132Z
1k653x8,reddit,Is it a pad or is it ice cream?, I love the detail that marketing did on the first ad. ,2025-04-23T17:32:02Z,funny,funny,entertainment,Entertainment,[],0,2162,136,,0.94,https://i.redd.it/k7ry6sd3emwe1.jpeg,Ok-Beach-2214,2025-05-21T11:40:11.090827Z
1kp3z5p,reddit,Beagle meets Alligator.,,2025-05-17T21:35:38Z,funny,funny,entertainment,Entertainment,[],0,2168,133,,0.97,https://v.redd.it/3crnye0dve1f1,Bosuns_Punch,2025-05-21T11:40:12.853290Z
1kk8opn,reddit,"It's funny, they said...""",,2025-05-11T19:08:54Z,funny,funny,entertainment,Entertainment,[],0,2123,36,,0.91,https://i.redd.it/v8bscwrob70f1.jpeg,Earthtracker001,2025-05-21T11:40:14.960962Z
1klywh9,reddit,This sticker and license plate combo I saw today,,2025-05-13T22:06:34Z,funny,funny,entertainment,Entertainment,[],0,2126,28,,0.97,https://i.redd.it/2mpu9l6bhm0f1.jpeg,TeamRoscoe,2025-05-21T11:40:16.044762Z
1kmadas,reddit,Ice Scraping,,2025-05-14T08:50:37Z,funny,funny,entertainment,Entertainment,[],0,2110,60,,0.95,https://v.redd.it/8gq2pmy6op0f1,Cyborg_Ape,2025-05-21T11:40:17.177924Z
1kq9s8j,reddit,Getting a wake up call after your team won the championship,"Conversation after he wakes up: Officer: you need to put your wallet in your pocket. Otherwise you might lose it and we wouldn't want that. So, did you a have a good party?",2025-05-19T11:55:36Z,funny,funny,entertainment,Entertainment,[],0,2235,108,,0.97,https://v.redd.it/ynh750xr9q1f1,Raja_Ampat,2025-05-21T11:40:18.417119Z
1key3dq,reddit,Worlds Tallest Dog Meets Smallest Dog,,2025-05-04T23:56:03Z,funny,funny,entertainment,Entertainment,[],0,2101,76,,0.94,https://v.redd.it/6ionaqnisuye1,KMS_EMPIRE,2025-05-21T11:40:19.904335Z
1kpdnro,reddit,My gf found this at her job,,2025-05-18T06:39:57Z,funny,funny,entertainment,Entertainment,[],0,2092,414,,0.91,https://i.redd.it/1tdjglljkh1f1.png,RickThiccems,2025-05-21T11:40:21.385524Z
1klx4iv,reddit,Pro Bono Oh No,,2025-05-13T20:54:04Z,funny,funny,entertainment,Entertainment,[],0,2080,59,,0.94,https://v.redd.it/tvbmjtdc4m0f1,Raduform,2025-05-21T11:40:25.043750Z
1k7oj2w,reddit,The Best Of The Worst Of HR,,2025-04-25T16:00:20Z,funny,funny,entertainment,Entertainment,[],0,2069,122,,0.95,https://v.redd.it/6tngj5ij70xe1,pradeep23,2025-05-21T11:40:26.254032Z
1kagy9i,reddit,Oh yeah!,,2025-04-29T06:02:15Z,funny,funny,entertainment,Entertainment,[],0,2053,18,,0.98,https://i.redd.it/74jdcj8ispxe1.jpeg,coylee9,2025-05-21T11:40:28.232799Z
1kktbqg,reddit,What was that scream? LOL,,2025-05-12T14:03:58Z,funny,funny,entertainment,Entertainment,[],0,2052,17,,0.89,https://v.redd.it/l2whw6csxc0f1,nextorwtf,2025-05-21T11:40:29.316682Z
1k4aumu,reddit,"Not OC, but find the faces of them being equally mortified absolutely hilarious.",,2025-04-21T11:07:07Z,funny,funny,entertainment,Entertainment,[],0,2030,54,,0.93,https://v.redd.it/0bt5so9k76we1,throwthere10,2025-05-21T11:40:30.634703Z
1k8srtp,reddit,Hot Metal Ball In Aloe Vera Gel (audio on),lol,2025-04-27T01:43:04Z,funny,funny,entertainment,Entertainment,[],0,2016,268,,0.89,https://v.redd.it/3inu1zdf8axe1,BoysenberryOk5580,2025-05-21T11:40:31.885908Z
1kndrkc,reddit,Gotta foil them holographics!,,2025-05-15T17:16:50Z,funny,funny,entertainment,Entertainment,[],0,1997,68,,0.88,https://v.redd.it/26yvfxe3bz0f1,maxi1134,2025-05-21T11:40:34.316461Z
1kkc2c4,reddit,Baby panda being dusted like a cloth,,2025-05-11T21:37:00Z,funny,funny,entertainment,Entertainment,[],0,1980,35,,0.97,https://v.redd.it/4hk3pq87280f1,Chocolatecakelover,2025-05-21T11:40:36.162716Z
1k81n2e,reddit,I don't think I've ever had a q-tip make me feel this good,,2025-04-26T01:42:47Z,funny,funny,entertainment,Entertainment,[],0,1971,195,,0.93,https://i.redd.it/0gzm0o9h33xe1.jpeg,MataosPatch,2025-05-21T11:40:37.220654Z
1khe023,reddit,Well no shit,,2025-05-08T01:16:24Z,funny,funny,entertainment,Entertainment,[],0,1942,48,,0.96,https://i.redd.it/9jn935pplgze1.jpeg,Aggressive_Station59,2025-05-21T11:40:39.232357Z
1kel75h,reddit,The unluckiest person alive,,2025-05-04T14:32:27Z,funny,funny,entertainment,Entertainment,[],0,1885,19,,0.93,https://i.redd.it/9rkaeo1zzrye1.png,luvs_animals,2025-05-21T11:40:40.442217Z
1kpoxnq,reddit,How to get a free car,Full version on r/biniam,2025-05-18T17:09:24Z,funny,funny,entertainment,Entertainment,[],0,1894,45,,0.9,https://v.redd.it/g3k950lrok1f1,CrapKingdoms,2025-05-21T11:40:41.435050Z
1kmwd4g,reddit,N.W.A Day!,,2025-05-15T01:39:21Z,funny,funny,entertainment,Entertainment,[],0,1879,30,,0.95,https://v.redd.it/sj2ozr26ou0f1,NationYell,2025-05-21T11:40:42.714729Z
1kpmhp9,reddit,Critically Endangered blblblbl snake,,2025-05-18T15:23:13Z,funny,funny,entertainment,Entertainment,[],0,1876,164,,0.89,https://v.redd.it/26u2qgiw5k1f1,Rollingtothegrave,2025-05-21T11:40:43.876465Z
1k9rft4,reddit,"Sorry ladies, the dirt is calling",,2025-04-28T09:32:40Z,funny,funny,entertainment,Entertainment,[],0,1861,40,,0.97,https://v.redd.it/xt0mdqo4pjxe1,Spiritual_Title6996,2025-05-21T11:40:45.729052Z
1ke8hgg,reddit,Twice!,,2025-05-04T01:33:55Z,funny,funny,entertainment,Entertainment,[],0,1850,10,,0.95,https://v.redd.it/3jl6ai365oye1,kazaachi,2025-05-21T11:40:46.819744Z
1k670s9,reddit,[OC] Beads!,,2025-04-23T18:48:10Z,funny,funny,entertainment,Entertainment,[],0,1827,40,,0.93,https://i.redd.it/u92dwymormwe1.jpeg,snelse_,2025-05-21T11:40:47.834677Z
1kci5fl,reddit,My brother works at a cemetery and sent me this gravestone today,I bet Grandpa was a hoot,2025-05-01T20:02:31Z,funny,funny,entertainment,Entertainment,[],0,1811,432,,0.86,https://i.redd.it/xmy3emo888ye1.jpeg,amackul8,2025-05-21T11:40:48.924093Z
1kmgr00,reddit,My friend's dog sleeps like this,,2025-05-14T14:35:01Z,funny,funny,entertainment,Entertainment,[],0,1785,174,,0.92,https://i.redd.it/dubnfiundr0f1.jpeg,emilycopeland,2025-05-21T11:40:52.774807Z
1kdv390,reddit,Be careful with the gym weights,,2025-05-03T15:06:34Z,funny,funny,entertainment,Entertainment,[],0,1755,81,,0.86,https://v.redd.it/ggoa0tc91lye1,Lucsdf,2025-05-21T11:40:54.713896Z
1kox4fz,reddit,My Dad Retired and Started a Satirical News Blog — Behold the May edition!,,2025-05-17T16:32:33Z,funny,funny,entertainment,Entertainment,[],0,1737,98,,0.91,https://i.redd.it/yr2wxg4cdd1f1.jpeg,stigaWRBenergy,2025-05-21T11:40:55.997731Z
1k4r9lt,reddit,Discovered in my apartment trash room,,2025-04-21T22:58:43Z,funny,funny,entertainment,Entertainment,[],0,1734,127,,0.94,https://i.redd.it/hciu089kq9we1.jpeg,ThePr0l0gue,2025-05-21T11:40:57.526709Z
1kq90fj,reddit,History subject in 1000 years,,2025-05-19T11:11:17Z,funny,funny,entertainment,Entertainment,[],0,1815,33,,0.91,https://v.redd.it/49kqhv9v1q1f1,Gjore,2025-05-21T11:40:59.199749Z
1kk6d2q,reddit,✨𝚢𝙾𝚞𝚁 𝚖𝙾𝚖𝙼𝚊✨,,2025-05-11T17:28:35Z,funny,funny,entertainment,Entertainment,[],0,1695,41,,0.96,https://v.redd.it/x4p10fyvt60f1,HighWoo,2025-05-21T11:41:00.309640Z
1kp8rul,reddit,We’ve suspected it was coming all along…,,2025-05-18T01:41:02Z,funny,funny,entertainment,Entertainment,[],0,1693,11,,0.97,https://i.redd.it/ol4aehw73g1f1.jpeg,TeachMeImWilling69,2025-05-21T11:41:01.425025Z
1k4ksmz,reddit,Someone Forgot to Update the Title,Link to the video: [https://www.youtube.com/watch?v=iDcq\_3lqEwo](https://www.youtube.com/watch?v=iDcq_3lqEwo),2025-04-21T18:30:17Z,funny,funny,entertainment,Entertainment,[],0,1682,29,,0.95,https://i.redd.it/ke30859ke8we1.jpeg,CureSadWithButt,2025-05-21T11:41:02.417514Z
1ki5cjb,reddit,2025 Vibes,,2025-05-09T00:14:23Z,funny,funny,entertainment,Entertainment,[],0,1670,11,,0.97,https://i.redd.it/jpy1xh2kfnze1.jpeg,Valalerie999,2025-05-21T11:41:03.519648Z
1knalxn,reddit,Every TSA Orientation,,2025-05-15T15:09:23Z,funny,funny,entertainment,Entertainment,[],0,1664,145,,0.93,https://v.redd.it/tr8mhesnoy0f1,MikeRightHere,2025-05-21T11:41:04.494858Z
1kp4hev,reddit,Norm at the ESPYs (1998),,2025-05-17T21:59:43Z,funny,funny,entertainment,Entertainment,[],0,1655,142,,0.93,https://v.redd.it/2c1tmvpjze1f1,starkfr,2025-05-21T11:41:06.592624Z
1kgw9b0,reddit,Uncircumcised Ice-cream,,2025-05-07T12:36:00Z,funny,funny,entertainment,Entertainment,[],0,1647,63,,0.91,https://i.redd.it/l1ywzzo1ucze1.jpeg,XzSHADEzX,2025-05-21T11:41:08.387046Z
1khu783,reddit,The Teenage Mutant Ninja Turtles have elected a new Pope,,2025-05-08T16:19:59Z,funny,funny,entertainment,Entertainment,[],0,1639,17,,0.95,https://i.redd.it/okw8f7zu2lze1.png,RudestBuddhist,2025-05-21T11:41:09.639169Z
1kil2dr,reddit,My local Chili’s doesn’t play around,,2025-05-09T15:18:46Z,funny,funny,entertainment,Entertainment,[],0,1639,27,,0.95,https://i.redd.it/g7v99ypwwrze1.jpeg,Scaventa,2025-05-21T11:41:10.705960Z
1k996xl,reddit,Gay couple at the show Makes the Comedians day,,2025-04-27T17:19:34Z,funny,funny,entertainment,Entertainment,[],0,1621,212,,0.62,https://v.redd.it/l3gv3pwfuexe1,maxcomedian,2025-05-21T11:41:11.785028Z
1k5p772,reddit,"In the criminal plumbing system, clogs are considered especially heinous.",,2025-04-23T03:10:07Z,funny,funny,entertainment,Entertainment,[],0,1607,29,,0.97,https://i.redd.it/m0ppzhkb4iwe1.jpeg,Living-Particular305,2025-05-21T11:41:14.330513Z
1krer5c,reddit,Well good luck with that,,2025-05-20T20:06:10Z,funny,funny,entertainment,Entertainment,[],0,1963,152,,0.93,https://v.redd.it/c3oalza7uz1f1,pashabro24,2025-05-21T11:41:15.426028Z
1k8d0c0,reddit,He was here,,2025-04-26T13:31:01Z,funny,funny,entertainment,Entertainment,[],0,1546,23,,0.96,https://i.redd.it/n75h612ul6xe1.jpeg,tombolaplayer,2025-05-21T11:41:17.288354Z
1kcctei,reddit,"""You know exactly what you've done, sir"" 😂😭",,2025-05-01T16:20:52Z,funny,funny,entertainment,Entertainment,[],0,1507,41,,0.95,https://v.redd.it/tewoey2o47ye1,Vegetable-Mousse4405,2025-05-21T11:41:18.302473Z
1k95esr,reddit,The first colonists on Mars,,2025-04-27T14:37:08Z,funny,funny,entertainment,Entertainment,[],0,1505,57,,0.92,https://i.redd.it/jpox25yh2exe1.png,luvs_animals,2025-05-21T11:41:19.388861Z
1kirryc,reddit,Well well you,,2025-05-09T20:00:01Z,funny,funny,entertainment,Entertainment,[],0,1492,83,,0.92,https://i.redd.it/jsd0ffy2btze1.jpeg,Rosh1103,2025-05-21T11:41:20.623232Z
1kf0fk8,reddit,Seduced by the Dark Side...,,2025-05-05T01:57:39Z,funny,funny,entertainment,Entertainment,[],0,1474,48,,0.94,https://i.imgur.com/WfrxVGi.png,tomhagen,2025-05-21T11:41:22.291866Z
1khq56y,reddit,But how is it so bouncy?,,2025-05-08T13:29:16Z,funny,funny,entertainment,Entertainment,[],0,1470,73,,0.95,https://v.redd.it/9g23e19g8kze1,Appleflavour,2025-05-21T11:41:23.715664Z
1kjbzjv,reddit,Free Pizza!,,2025-05-10T14:47:18Z,funny,funny,entertainment,Entertainment,[],0,1453,45,,0.96,https://i.redd.it/9fkky0f7wyze1.jpeg,iwishiwasonlykidding,2025-05-21T11:41:25.208893Z
1kc24tf,reddit,Naked raccoon,,2025-05-01T06:29:55Z,funny,funny,entertainment,Entertainment,[],0,1461,56,,0.96,https://i.redd.it/9q223nl974ye1.jpeg,Jv1312,2025-05-21T11:41:26.700333Z
1krmb7u,reddit,Don't mess with Taco Bell employees,,2025-05-21T01:52:24Z,funny,funny,entertainment,Entertainment,[],0,7469,773,,0.93,https://v.redd.it/x6rnkk3zj12f1,FalcoPhantasmtheGod,2025-05-21T11:41:28.409534Z
1kjziwq,reddit,[OC] was it the right call?,,2025-05-11T12:08:03Z,funny,funny,entertainment,Entertainment,[],0,1436,25,,0.93,https://i.redd.it/51gmfb9p850f1.jpeg,snelse_,2025-05-21T11:41:32.320972Z
1klprd2,reddit,grrrrr WHAAAAT grrrrr WHAAAT,,2025-05-13T16:03:58Z,funny,funny,entertainment,Entertainment,[],0,1432,16,,0.95,https://v.redd.it/zi8jf33mok0f1,doctorJdre,2025-05-21T11:41:33.631522Z
1kd25ev,reddit,That moment of pure realizzzardation,,2025-05-02T14:20:39Z,funny,funny,entertainment,Entertainment,[],0,1423,21,,0.95,https://v.redd.it/qazwuum5odye1,kinghrag,2025-05-21T11:41:34.742811Z
1korn7g,reddit,I work in a prototype shop.  My coworker tried to prank me as a customer with an invention - a “Pizza Drone”.  So I made it,,2025-05-17T12:19:18Z,funny,funny,entertainment,Entertainment,[],0,1418,74,,0.93,https://i.redd.it/sfk54ul64c1f1.jpeg,mmm-pistol-whip,2025-05-21T11:41:36.328605Z
1kjxay4,reddit,MMArmot fights,,2025-05-11T09:45:04Z,funny,funny,entertainment,Entertainment,[],0,1417,57,,0.96,https://v.redd.it/quu60807j40f1,doctorJdre,2025-05-21T11:41:39.422831Z
1k8ezmt,reddit,Nurse chansey's got you,,2025-04-26T15:03:22Z,funny,funny,entertainment,Entertainment,[],0,1421,20,,0.92,https://i.redd.it/iqr9ig1b27xe1.jpeg,fletche2222,2025-05-21T11:41:40.670441Z
1ki25ep,reddit,New Pope predicted in book published in 2023,The book: “Super These Came From My Think Bone 2 Turbo”,2025-05-08T21:44:11Z,funny,funny,entertainment,Entertainment,[],0,1385,83,,0.88,https://i.redd.it/q35i0fcromze1.jpeg,casts_a_shadow,2025-05-21T11:41:41.786872Z
1korqpi,reddit,Final Destination,,2025-05-17T12:24:31Z,funny,funny,entertainment,Entertainment,[],0,1406,96,,0.89,https://i.redd.it/9l4tjo245c1f1.jpeg,Lil-Jihoz,2025-05-21T11:41:43.500862Z
1k92ucy,reddit,During storytime my toddler pointed at this cartoon of a Pug Mona Lisa and said ‘Mama!’ My parents have now saved this as my contact photo in their phones.,"I’ve never experienced such savagery before,  taken down by a 19 month old. The book is ‘Pig the Star’ by Aaron Blabey, for the curious. An excellent read when not inciting murder.",2025-04-27T12:29:53Z,funny,funny,entertainment,Entertainment,[],0,1384,23,,0.96,https://i.redd.it/yxl69kwtfdxe1.jpeg,SpacemerfSpiff,2025-05-21T11:41:45.128446Z
1kgaeri,reddit,How about now?,,2025-05-06T17:30:26Z,funny,funny,entertainment,Entertainment,[],0,1369,73,,0.96,https://v.redd.it/2zpgeokd57ze1,No-Abies-3913,2025-05-21T11:41:46.166289Z
1kj8ao4,reddit,Words to live by…,,2025-05-10T11:42:13Z,funny,funny,entertainment,Entertainment,[],0,1362,84,,0.83,https://v.redd.it/kwxes7h6zxze1,Rayv23,2025-05-21T11:41:47.802093Z
1k79bqy,reddit,"Does Jean Ralphio say: What up Diaz, D.S. or diez?","Diaz= Cameron Diaz
D.s.= dead sexy
Diez= 10 in spanish, as in ""she's a 10""",2025-04-25T01:45:44Z,funny,funny,entertainment,Entertainment,[],0,1364,121,,0.92,https://v.redd.it/asdddar2zvwe1,ahelpfulcourtney,2025-05-21T11:41:49.349357Z
1kgig92,reddit,Wow they allow that now?,,2025-05-06T23:02:21Z,funny,funny,entertainment,Entertainment,[],0,1354,86,,0.86,https://i.redd.it/71dr5arvs8ze1.jpeg,TeachMeImWilling69,2025-05-21T11:41:51.044828Z
1kr54yw,reddit,Cow 🐄 vibing to music,,2025-05-20T13:40:16Z,funny,funny,entertainment,Entertainment,[],0,1570,151,,0.94,https://v.redd.it/uldlgf4dxx1f1,gbpc,2025-05-21T11:41:52.323601Z
1kf1452,reddit,Saw this by the highway,,2025-05-05T02:34:33Z,funny,funny,entertainment,Entertainment,[],0,1312,56,,0.97,https://i.redd.it/igrijb1xkvye1.jpeg,Distortedmorality_,2025-05-21T11:41:54.193680Z
1kixdlf,reddit,What a long address,,2025-05-10T00:16:57Z,funny,funny,entertainment,Entertainment,[],0,1312,57,,0.85,https://v.redd.it/a6dnx64wkuze1,SnooMarzipans2470,2025-05-21T11:41:55.408514Z
1k7v1rt,reddit,Get everyone drunk.,,2025-04-25T20:30:23Z,funny,funny,entertainment,Entertainment,[],0,1299,12,,0.95,https://v.redd.it/xizxnwpqj1xe1,HerpesIsItchy,2025-05-21T11:41:56.658190Z
1kglbn0,reddit,The war crime my brother calls a toothbrush,My brother’s toothbrush vs a new one (He refuses to replace it) ,2025-05-07T01:22:34Z,funny,funny,entertainment,Entertainment,[],0,1295,153,,0.91,https://i.redd.it/m4v1gl9wh9ze1.jpeg,Eric7584,2025-05-21T11:41:57.660763Z
1kr90xo,reddit,Oscar Mayer is racing the Weinermobiles at the Indy 500,,2025-05-20T16:19:48Z,funny,funny,entertainment,Entertainment,[],0,1393,84,,0.93,https://v.redd.it/1wgbe42qpy1f1,j_rech,2025-05-21T11:41:59.995630Z
1kn40bu,reddit,There's ONE rule,,2025-05-15T09:32:54Z,funny,funny,entertainment,Entertainment,[],0,1281,11,,0.96,https://i.redd.it/ytf2gklj0x0f1.jpeg,perpetual_stew,2025-05-21T11:42:01.637763Z
1ke1ad8,reddit,This slide is killer…,,2025-05-03T19:39:35Z,funny,funny,entertainment,Entertainment,[],0,1276,24,,0.89,https://i.redd.it/g1cguo1zdmye1.jpeg,PaytheDevil,2025-05-21T11:42:02.790384Z
1knwpid,reddit,"""bartender! some snuggles, please""",,2025-05-16T09:36:56Z,funny,funny,entertainment,Entertainment,[],0,1266,12,,0.97,https://i.redd.it/cixdoqdz441f1.jpeg,fassungslos2022,2025-05-21T11:42:03.903088Z
1k8jbtn,reddit,"orangutan 1, kid 0",,2025-04-26T18:11:52Z,funny,funny,entertainment,Entertainment,[],0,1269,61,,0.9,https://v.redd.it/tuzz6f6uz7xe1,definitely_effective,2025-05-21T11:42:04.987957Z
1k6do8p,reddit,My wife holding a lizard that my son found,,2025-04-23T23:28:12Z,funny,funny,entertainment,Entertainment,[],0,1270,95,,0.92,https://v.redd.it/xq1pz7qm5owe1,jpoquito,2025-05-21T11:42:06.305268Z
1kqwm92,reddit,Aussie Reporter Receives Unconventional Hair Spray,,2025-05-20T04:50:05Z,funny,funny,entertainment,Entertainment,[],0,1382,122,,0.94,https://v.redd.it/wfngm839av1f1,Clanders,2025-05-21T11:42:07.918040Z
1kpzega,reddit,Those rules seem awfully broad…,,2025-05-19T01:04:42Z,funny,funny,entertainment,Entertainment,[],0,1250,61,,0.98,https://i.redd.it/g289p1gn1n1f1.jpeg,TeachMeImWilling69,2025-05-21T11:42:09.759416Z
1k5dixs,reddit,"No safety, smoking first x)",,2025-04-22T18:23:29Z,funny,funny,entertainment,Entertainment,[],0,1248,28,,0.96,https://v.redd.it/bgxx5czcifwe1,gekon490,2025-05-21T11:42:10.940639Z
1kcyh3e,reddit,I agree,,2025-05-02T11:21:38Z,funny,funny,entertainment,Entertainment,[],0,1231,30,,0.94,https://i.redd.it/bsadx2i0scye1.png,bartislardfast,2025-05-21T11:42:12.074729Z
1kfjp2v,reddit,"and a small salad, please.",,2025-05-05T18:55:53Z,funny,funny,entertainment,Entertainment,[],0,1217,80,,0.92,https://i.redd.it/x8t33g2wf0ze1.jpeg,Mister_Snark,2025-05-21T11:42:13.256537Z
1k95yn2,reddit,The song of his people,,2025-04-27T15:01:30Z,funny,funny,entertainment,Entertainment,[],0,1207,32,,0.92,https://v.redd.it/7fsiuo3w6exe1,Nameless908,2025-05-21T11:42:14.891397Z
1kahjh5,reddit,Chill Gary...,,2025-04-29T06:42:40Z,funny,funny,entertainment,Entertainment,[],0,1200,17,,0.92,https://v.redd.it/zlr1evqpzpxe1,Artistic_Corner6461,2025-05-21T11:42:15.974092Z
1kqszso,reddit,"Thanks for the visual help, Google",,2025-05-20T01:33:49Z,funny,funny,entertainment,Entertainment,[],0,1301,38,,0.96,https://i.redd.it/gorpap5rbu1f1.png,samiqan,2025-05-21T11:42:17.048456Z
1ko43pf,reddit,Still Better Than Cardi B,,2025-05-16T15:44:12Z,funny,funny,entertainment,Entertainment,[],0,1189,43,,0.9,https://v.redd.it/46suk7gsz51f1,SuspiciousWeekend41,2025-05-21T11:42:18.219060Z
1k6fa1y,reddit,Pope ain’t dead 48 hours and already there’s Hellspawn growing in me mum’s yard.,In the potted bench I built her in high school for mother’s day no less.!,2025-04-24T00:46:23Z,funny,funny,entertainment,Entertainment,[],0,1184,26,,0.93,https://i.redd.it/4jtjsk8ljowe1.jpeg,Keatorious_B_I_G,2025-05-21T11:42:21.560636Z
1k6pr8t,reddit,I don't want to turn her on.,,2025-04-24T11:23:37Z,funny,funny,entertainment,Entertainment,[],0,1181,79,,0.91,https://i.redd.it/zutew50aprwe1.jpeg,Brust_warze,2025-05-21T11:42:22.695165Z
1k4tzha,reddit,"Shy people, is this true?",,2025-04-22T01:08:00Z,funny,funny,entertainment,Entertainment,[],0,1178,59,,0.86,https://v.redd.it/4865oengdawe1,Lenore8264,2025-05-21T11:42:24.021438Z
1k81ara,reddit,The lion was no match for this guy,,2025-04-26T01:24:31Z,funny,funny,entertainment,Entertainment,[],0,1173,69,,0.95,https://v.redd.it/pwt11mh403xe1,pdsv,2025-05-21T11:42:25.262839Z
1kh8axh,reddit,Can opener,,2025-05-07T20:53:39Z,funny,funny,entertainment,Entertainment,[],0,1155,57,,0.86,https://v.redd.it/v8tk5iitafze1,eightdollarbeer,2025-05-21T11:42:26.588488Z
1kpyepp,reddit,She doesn’t complain when the tips are trash,,2025-05-19T00:12:12Z,funny,funny,entertainment,Entertainment,[],0,1159,29,,0.95,https://i.redd.it/apo8z0x9sm1f1.jpeg,kjacobs03,2025-05-21T11:42:28.000318Z
1kmmio7,reddit,Conan lands an airplane,,2025-05-14T18:23:53Z,funny,funny,entertainment,Entertainment,[],0,1112,71,,0.93,https://v.redd.it/tw24fub8is0f1,nuttybudd,2025-05-21T11:42:29.097635Z
1kkh28z,reddit,Scam site forgot to replace placeholders,,2025-05-12T01:50:30Z,funny,funny,entertainment,Entertainment,[],0,1117,64,,0.92,https://i.redd.it/418x22ufb90f1.png,ye3tr,2025-05-21T11:42:30.490682Z
1kdfibt,reddit,The third animal trying to get on Noah’s Ark,,2025-05-02T23:52:32Z,funny,funny,entertainment,Entertainment,[],0,1114,55,,0.91,https://v.redd.it/tldb4iz1igye1,itchy_18,2025-05-21T11:42:31.768808Z
1kpbdgz,reddit,Let me tell you something!!,,2025-05-18T04:10:27Z,funny,funny,entertainment,Entertainment,[],0,1117,38,,0.92,https://v.redd.it/huthuk4ttg1f1,Sireatsalot69,2025-05-21T11:42:33.037050Z
1k909ch,reddit,Please hold,,2025-04-27T09:45:55Z,funny,funny,entertainment,Entertainment,[],0,1094,17,,0.96,https://i.redd.it/plmhkw6jmcxe1.jpeg,OddHops,2025-05-21T11:42:34.255280Z
1k4xfqq,reddit,Always Atlanta,,2025-04-22T04:08:27Z,funny,funny,entertainment,Entertainment,[],0,1092,74,,0.91,https://i.redd.it/b7e5k0jt9bwe1.jpeg,Brilliant_Finish_707,2025-05-21T11:42:35.306803Z
1kbah4q,reddit,"Put it here, put it here!",,2025-04-30T07:13:23Z,funny,funny,entertainment,Entertainment,[],0,1073,50,,0.87,https://v.redd.it/x0ddq0z2axxe1,papaki72,2025-05-21T11:42:37.125135Z
1kpny67,reddit,and it's been going just great ever since,,2025-05-18T16:27:13Z,funny,funny,entertainment,Entertainment,[],0,1076,7,,0.97,https://i.redd.it/emdslpx8hk1f1.png,chrisnaish,2025-05-21T11:42:38.420504Z
1kkbpu0,reddit,1 man wide,,2025-05-11T21:21:12Z,funny,funny,entertainment,Entertainment,[],0,1062,82,,0.95,https://i.redd.it/bt9o3z0bz70f1.png,Swan____Ronson,2025-05-21T11:42:39.478590Z
1k544ir,reddit,A freak of nature...,"Disclaimer: The art is hand drawn in Adobe Illustrator. Animated in After Effects. Yes, unfortunatly the voice is AI.",2025-04-22T11:38:55Z,funny,funny,entertainment,Entertainment,[],0,1044,25,,0.88,https://v.redd.it/3kr8ws64idwe1,musketon,2025-05-21T11:42:41.223414Z
1k43p8a,reddit,He is Risen,happy easter or w/e,2025-04-21T03:09:41Z,funny,funny,entertainment,Entertainment,[],0,1022,30,,0.92,https://i.redd.it/heqdfqcfu3we1.jpeg,MrWooflesteen,2025-05-21T11:42:42.480352Z
1kdscct,reddit,"I told her it was ""Diet Pizza""...😂",,2025-05-03T12:57:10Z,funny,funny,entertainment,Entertainment,[],0,1018,257,,0.75,https://i.redd.it/6xlq6ua6ekye1.jpeg,TensionSame3568,2025-05-21T11:42:43.762731Z
1ka11cr,reddit,Therapists,More clips on r/biniam ,2025-04-28T17:18:21Z,funny,funny,entertainment,Entertainment,[],0,1013,66,,0.88,https://v.redd.it/a4q2m7560mxe1,CrapKingdoms,2025-05-21T11:42:45.895580Z
1knmkvn,reddit,Where do I sign up,,2025-05-15T23:28:34Z,funny,funny,entertainment,Entertainment,[],0,1016,52,,0.93,https://i.redd.it/v7b015kr511f1.png,Grammargambler,2025-05-21T11:42:47.349855Z
1kbjk8t,reddit,Uncommon Librarian Problems,,2025-04-30T15:38:46Z,funny,funny,entertainment,Entertainment,[],0,1007,19,,0.91,https://i.redd.it/mwqj66h7szxe1.png,soyourlife,2025-05-21T11:42:48.569761Z
1kcp2hv,reddit,little guy was ready,,2025-05-02T01:21:39Z,funny,funny,entertainment,Entertainment,[],0,1004,42,,0.86,https://v.redd.it/4vxbvta6t9ye1,g87a_l,2025-05-21T11:42:49.588043Z
1k7tcsx,reddit,Here comes the Sniper-Man,,2025-04-25T19:18:13Z,funny,funny,entertainment,Entertainment,[],0,1001,76,,0.92,https://v.redd.it/2t4f2ups61xe1,elpollodiablo187,2025-05-21T11:42:50.657850Z
1ket14a,reddit,Second chances...,,2025-05-04T20:05:56Z,funny,funny,entertainment,Entertainment,[],0,995,10,,0.92,https://i.redd.it/i5mhvf1lntye1.png,shizzblatt,2025-05-21T11:42:52.163401Z
1kp0f96,reddit,Why is there an ottoman in your shitter?,Random restaurant in Pittsburgh. I walk in and immediately have questions. Am I supposed to put my feet up? Is this a new variant of the squatty potty? Maybe a buddy can sit there and coach me and cheer me on through a rough poo? ,2025-05-17T18:57:28Z,funny,funny,entertainment,Entertainment,[],0,973,641,,0.89,https://i.redd.it/7anggsm73e1f1.jpeg,unsavory77,2025-05-21T11:42:53.208286Z
1km2vh7,reddit,Lambada,,2025-05-14T01:14:00Z,funny,funny,entertainment,Entertainment,[],0,979,34,,0.9,https://v.redd.it/32uxhxxqen0f1,Expensive_Walrus_179,2025-05-21T11:42:56.557760Z
1k5hnh0,reddit,A review for Edinburgh zoo,,2025-04-22T21:09:14Z,funny,funny,entertainment,Entertainment,[],0,976,45,,0.96,https://i.redd.it/hpzbobvxbgwe1.png,MicoClarke,2025-05-21T11:42:57.682157Z
1kbb7b0,reddit,Another one? For free??,,2025-04-30T08:07:38Z,funny,funny,entertainment,Entertainment,[],0,975,19,,0.95,https://i.redd.it/xa8w2a6sjxxe1.jpeg,virginnmojito,2025-05-21T11:42:58.818312Z
1kdjsc7,reddit,Gay furry pride sign on I-80 outside Chicago,,2025-05-03T03:42:37Z,funny,funny,entertainment,Entertainment,[],0,959,51,,0.88,https://i.redd.it/1n3mh2n8nhye1.jpeg,omnipresent_cat,2025-05-21T11:42:59.839547Z
1kb1ip0,reddit,Squirrel couldn't take the heat and melted onto the roof of his house,,2025-04-29T22:56:19Z,funny,funny,entertainment,Entertainment,[],0,954,16,,0.97,https://i.redd.it/f0j6obdftuxe1.jpeg,SligPants,2025-05-21T11:43:01.054142Z
1k5i7jr,reddit,Give me your favorite doctor joke. I’ll start.,"A man goes to the doctor and the doctor says, ""I have bad news, and I have worse news."" 
The man says ""Alright, what's the bad news?"" 
The doctor says ""You only have 24-hours to live."" 
The man is distraught and says “Oh my god, that’s horrible! What could possibly be worse than that?"" 
The doctor replies…

“I forgot to call you yesterday.”",2025-04-22T21:32:32Z,funny,funny,entertainment,Entertainment,[],0,949,306,,0.9,https://www.reddit.com/r/funny/comments/1k5i7jr/give_me_your_favorite_doctor_joke_ill_start/,oTLDJo,2025-05-21T11:43:02.043473Z
1kkfdwh,reddit,I found Jesus today…,,2025-05-12T00:20:18Z,funny,funny,entertainment,Entertainment,[],0,942,98,,0.9,https://i.redd.it/fmqnj5gcv80f1.jpeg,YesImThatRegard,2025-05-21T11:43:05.168356Z
1kfkw7b,reddit,Classy,,2025-05-05T19:43:01Z,funny,funny,entertainment,Entertainment,[],0,941,289,,0.93,https://i.redd.it/8pler1jdo0ze1.png,Tommy-Taffy,2025-05-21T11:43:07.119533Z
1kcceid,reddit,No one reads anymore,,2025-05-01T16:03:45Z,funny,funny,entertainment,Entertainment,[],0,930,252,,0.89,https://i.redd.it/xuys0s3n17ye1.jpeg,NoLastNameForNow,2025-05-21T11:43:10.007030Z
1k6lod2,reddit,Cutting wood,,2025-04-24T06:42:29Z,funny,funny,entertainment,Entertainment,[],0,929,94,,0.89,https://v.redd.it/ktqxd6f4bqwe1,b3n33333,2025-05-21T11:43:12.858855Z
1kqeniu,reddit,Neck surgery,,2025-05-19T15:31:32Z,funny,funny,entertainment,Entertainment,[],0,984,24,,0.86,https://v.redd.it/qa318006cr1f1,Wild_Coyote_302,2025-05-21T11:43:14.591781Z
1kq84kx,reddit,cats are weird,,2025-05-19T10:16:24Z,funny,funny,entertainment,Entertainment,[],0,947,13,,0.96,https://i.imgur.com/zqtOpSf.gifv,Few-Wolf,2025-05-21T11:43:15.639639Z
1k7gvg1,reddit,cool sakura shot tutorial,,2025-04-25T09:38:38Z,funny,funny,entertainment,Entertainment,[],0,916,28,,0.94,https://v.redd.it/3z74bdggbywe1,kape_pandesal,2025-05-21T11:43:16.671992Z
1kccq03,reddit,Chihuahuas are insane,,2025-05-01T16:16:59Z,funny,funny,entertainment,Entertainment,[],0,911,52,,0.93,https://v.redd.it/nj7ycazn37ye1,Hectabeni,2025-05-21T11:43:17.780177Z
1knhpz7,reddit,"Bigger the beast, bigger the thirst",,2025-05-15T19:57:12Z,funny,funny,entertainment,Entertainment,[],0,909,10,,0.87,https://v.redd.it/zpyemda1401f1,kinghrag,2025-05-21T11:43:18.974223Z
1kez8dd,reddit,"Well, that's illuminating!","A Newfoundland beer, made in the amusingly named town of Dildo.",2025-05-05T00:54:14Z,funny,funny,entertainment,Entertainment,[],0,900,96,,0.89,https://i.redd.it/11zysjez2vye1.jpeg,FoxySarah71,2025-05-21T11:43:20.030486Z
1k64zmq,reddit,"Get a pet isopod they said, they're harmless they said",,2025-04-23T17:27:20Z,funny,funny,entertainment,Entertainment,[],0,903,93,,0.87,https://v.redd.it/844zt573dmwe1,Glazed-Duckling,2025-05-21T11:43:21.736126Z
1kjthde,reddit,Pawsitive vibe's only - kid had to go,,2025-05-11T05:20:41Z,funny,funny,entertainment,Entertainment,[],0,894,38,,0.94,https://v.redd.it/fh4nyot0830f1,kinghrag,2025-05-21T11:43:23.365834Z
1kifr33,reddit,The actual lyrics sound further off 😅,,2025-05-09T11:04:33Z,funny,funny,entertainment,Entertainment,[],0,886,75,,0.89,https://v.redd.it/zioekvxjnqze1,Key_Associate7476,2025-05-21T11:43:24.515640Z
1kme8fd,reddit,The Message (OC),,2025-05-14T12:44:51Z,funny,funny,entertainment,Entertainment,[],0,889,14,,0.92,https://i.redd.it/p0dziliztq0f1.jpeg,OddHops,2025-05-21T11:43:26.167193Z
1kfv2dv,reddit,My mom sent me this picture tonight. I didn't get it until my fiancee pointed out what day it was...,,2025-05-06T03:34:40Z,funny,funny,entertainment,Entertainment,[],0,879,79,,0.81,https://imgur.com/sIyw3dh,Admonisher66,2025-05-21T11:43:27.479895Z
1kfuamm,reddit,She's an absolute menace,,2025-05-06T02:52:41Z,funny,funny,entertainment,Entertainment,[],0,884,64,,0.92,https://v.redd.it/nja2mu2zs2ze1,Ainsley-Sorsby,2025-05-21T11:43:29.094624Z
1kjmt07,reddit,What the…,Went to use the bathroom in the dark at 3:00am only to discover our German Shep/Husky rescue dog had eaten a hole in the wall overnight. I guess it’s better than eating the whole wall? Vet says he’s okay but no more walls as a snack.,2025-05-10T23:02:30Z,funny,funny,entertainment,Entertainment,[],0,872,154,,0.92,https://i.redd.it/5r18sxtjc10f1.jpeg,Yo_WhoNeeds2Know,2025-05-21T11:43:30.397522Z
1k8ocpp,reddit,The Cybertruck is basically just a 1986 Macintosh mouse on wheels,,2025-04-26T21:58:56Z,funny,funny,entertainment,Entertainment,[],0,868,27,,0.94,https://i.redd.it/z94ne1we49xe1.jpeg,pixlpop,2025-05-21T11:43:32.345920Z
1kgfccw,reddit,Billboard I saw on the way to work,,2025-05-06T20:49:30Z,funny,funny,entertainment,Entertainment,[],0,861,208,,0.91,https://i.redd.it/er81o4i658ze1.jpeg,Maleficent-Factor624,2025-05-21T11:43:33.867937Z
1kfbf2z,reddit,The Amish have really stepped their game up,,2025-05-05T13:18:50Z,funny,funny,entertainment,Entertainment,[],0,852,59,,0.96,https://i.redd.it/iikokdhuryye1.jpeg,I_Only_Like_Giraffes,2025-05-21T11:43:36.182552Z
1kiuiod,reddit,Shot happens,,2025-05-09T21:58:47Z,funny,funny,entertainment,Entertainment,[],0,846,35,,0.94,https://v.redd.it/s216xqm8wtze1,Appleflavour,2025-05-21T11:43:37.636178Z
1kqtk2j,reddit,This toilet looks like LeBron James,,2025-05-20T02:02:04Z,funny,funny,entertainment,Entertainment,[],0,898,55,,0.86,https://v.redd.it/zodn20isgu1f1,geniusfoot,2025-05-21T11:43:38.746381Z
1kbepab,reddit,I found someone taking his banana for a walk today - only in Amsterdam,,2025-04-30T12:01:33Z,funny,funny,entertainment,Entertainment,[],0,845,90,,0.91,https://i.redd.it/ueolc30hpyxe1.jpeg,Itachiuchiha025,2025-05-21T11:43:39.987955Z
1kg9b7m,reddit,My first day working from home.,,2025-05-06T16:46:46Z,funny,funny,entertainment,Entertainment,[],0,835,47,,0.93,https://v.redd.it/hwk8jsbvx6ze1,redladyblaze,2025-05-21T11:43:41.458741Z
1k7cbz8,reddit,Funny and scary at the same time,Lawfirm in New Jersey. You think this slogan works on people?,2025-04-25T04:27:51Z,funny,funny,entertainment,Entertainment,[],0,830,74,,0.93,https://i.redd.it/gknrelo0swwe1.jpeg,JWTowsonU,2025-05-21T11:43:42.661953Z
1k7lpvn,reddit,Should have ran that email by a couple more people,Spotted in the wild,2025-04-25T14:02:49Z,funny,funny,entertainment,Entertainment,[],0,834,90,,0.95,https://i.redd.it/oxy7ycdlmzwe1.jpeg,ComebackKidGorgeous,2025-05-21T11:43:44.366449Z
1kgyin7,reddit,Cross Country,Longer version on r/biniam,2025-05-07T14:19:08Z,funny,funny,entertainment,Entertainment,[],0,824,25,,0.93,https://v.redd.it/yy2pzcx7cdze1,CrapKingdoms,2025-05-21T11:43:46.196790Z
1k5ahs6,reddit,Come look at Marcelo !,,2025-04-22T16:22:21Z,funny,funny,entertainment,Entertainment,[],0,826,32,,0.84,https://v.redd.it/8i3e4yxqwewe1,WotSXlyf,2025-05-21T11:43:47.352751Z
1kmeqdq,reddit,Open a Window [OC],,2025-05-14T13:08:44Z,funny,funny,entertainment,Entertainment,[],0,821,23,,0.88,https://i.redd.it/vbxcz985yq0f1.png,LitterboxComics,2025-05-21T11:43:48.489909Z
1kerv5f,reddit,Successful day at the beach.,,2025-05-04T19:16:20Z,funny,funny,entertainment,Entertainment,[],0,817,29,,0.95,https://i.redd.it/2dk5xwjqetye1.jpeg,BanginDrumsNMums,2025-05-21T11:43:49.917301Z
1k73n1d,reddit,Let it ..,,2025-04-24T21:15:07Z,funny,funny,entertainment,Entertainment,[],0,817,75,,0.86,https://v.redd.it/lkpvy9gsmuwe1,RakasRick,2025-05-21T11:43:51.053410Z
1kih07q,reddit,Time to go shopping!,,2025-05-09T12:15:18Z,funny,funny,entertainment,Entertainment,[],0,811,45,,0.92,https://i.redd.it/042g5mf60rze1.jpeg,refer_2_me,2025-05-21T11:43:52.484011Z
1knjedx,reddit,The people have spoken,,2025-05-15T21:05:44Z,funny,funny,entertainment,Entertainment,[],0,807,96,,0.84,https://i.redd.it/qat4ls3ag01f1.jpeg,Djarbs,2025-05-21T11:43:53.659981Z
1kks99o,reddit,Mean goosey!,,2025-05-12T13:16:16Z,funny,funny,entertainment,Entertainment,[],0,800,51,,0.94,https://v.redd.it/skro5oespc0f1,cowskeeper,2025-05-21T11:43:55.287317Z
1k80r8y,reddit,Screaaaams,,2025-04-26T00:56:12Z,funny,funny,entertainment,Entertainment,[],0,806,77,,0.86,https://v.redd.it/w3e66lw5v2xe1,suedemonkey,2025-05-21T11:43:56.545988Z
1k8wmdg,reddit,(OC) Cheese anyone?,This is our blind child Scooter who demands smells of anything and everything we eat - and of course we oblige ❤️🧀,2025-04-27T05:30:03Z,funny,funny,entertainment,Entertainment,[],0,803,13,,0.94,https://v.redd.it/hivumxzwcbxe1,amorejuicex,2025-05-21T11:43:58.308526Z
1kao2z1,reddit,double take,,2025-04-29T13:34:56Z,funny,funny,entertainment,Entertainment,[],0,796,50,,0.89,https://v.redd.it/ozlwthr81sxe1,ChizzleFug,2025-05-21T11:43:59.324309Z
1kowovo,reddit,Rick rolled in the Netherlands,I got Rick rolled at the Keukenhof Gardens by an automata organ,2025-05-17T16:13:47Z,funny,funny,entertainment,Entertainment,[],0,790,26,,0.95,https://v.redd.it/01qib3l0ad1f1,nothingnew2me,2025-05-21T11:44:00.494071Z
1khowri,reddit,"""So why are we keeping this thing anyway? It doesn't even do anything!""",,2025-05-08T12:30:50Z,funny,funny,entertainment,Entertainment,[],0,789,27,,0.94,https://v.redd.it/hk4uz6jjxjze1,Ainsley-Sorsby,2025-05-21T11:44:01.655130Z
1k8kqrm,reddit,The 2 most dangerous people in fast food,,2025-04-26T19:13:57Z,funny,funny,entertainment,Entertainment,[],0,777,36,,0.94,https://i.redd.it/16f7vqiya8xe1.jpeg,mafnxxx,2025-05-21T11:44:02.821892Z
1khvpj5,reddit,The Vatican has a new pizza!,,2025-05-08T17:21:11Z,funny,funny,entertainment,Entertainment,[],0,780,201,,0.8,https://i.redd.it/ymv29x6udlze1.jpeg,wendythesnack,2025-05-21T11:44:03.905769Z
1kl6ap7,reddit,Part of the sign fell off at grocery store near my parents,The are clearly the D King. ,2025-05-12T22:42:13Z,funny,funny,entertainment,Entertainment,[],0,778,34,,0.93,https://i.redd.it/tmx9re3rif0f1.jpeg,13rahma,2025-05-21T11:44:05.933559Z
1k8z8io,reddit,the perfect weather for gaming,,2025-04-27T08:33:15Z,funny,funny,entertainment,Entertainment,[],0,774,9,,0.96,https://i.redd.it/pmuyw0em9cxe1.jpeg,Hoppy_Doodle,2025-05-21T11:44:07.119014Z
1kjdkbx,reddit,Isnt this inhumane?,Are they storing elves there or do elves own it? ,2025-05-10T15:58:18Z,funny,funny,entertainment,Entertainment,[],0,770,143,,0.94,https://i.redd.it/2u3o626v8zze1.jpeg,AndromedanPrince,2025-05-21T11:44:08.082522Z
1kndmdo,reddit,You Had To Earn It,see longer version on r/biniam,2025-05-15T17:11:05Z,funny,funny,entertainment,Entertainment,[],0,770,65,,0.88,https://v.redd.it/6ms5b6hbaz0f1,CrapKingdoms,2025-05-21T11:44:09.935000Z
1kcs7sl,reddit,What he doing?,,2025-05-02T04:13:53Z,funny,funny,entertainment,Entertainment,[],0,763,247,,0.81,https://v.redd.it/avej0vjwnaye1,GreenEngrams,2025-05-21T11:44:11.391375Z
1kdxuhl,reddit,Well the license plate definitely explains some things 🤣,IMPORTANT NOTE: this guy was respectful and actually parked in the oversized section lot and paid extra for the two spots were most vehicles in this part of the ladder taking up four plus spots. But the license plate and the picture was just too funny not to post 🤣,2025-05-03T17:09:24Z,funny,funny,entertainment,Entertainment,[],0,757,90,,0.86,https://i.redd.it/p7h5zee6nlye1.jpeg,RandomDriver2021,2025-05-21T11:44:13.550988Z
1k9vr3r,reddit,He gave her two chances to take back what she said,,2025-04-28T13:38:06Z,funny,funny,entertainment,Entertainment,[],0,740,35,,0.89,https://v.redd.it/nt10mg4vwkxe1,vaper12345,2025-05-21T11:44:15.249072Z
1kk28n0,reddit,Electronic voice box,,2025-05-11T14:26:01Z,funny,funny,entertainment,Entertainment,[],0,735,47,,0.88,https://v.redd.it/fcx3uu89x50f1,aaateo3,2025-05-21T11:44:16.355906Z
1kaquab,reddit,Found at Hobby Lobby. Nice work!,,2025-04-29T15:32:35Z,funny,funny,entertainment,Entertainment,[],0,730,28,,0.91,https://i.redd.it/ypd32d69msxe1.jpeg,freshproduce09,2025-05-21T11:44:17.584516Z
1kfnfyc,reddit,Is it just me or this calf looks like Oliver Kahn?,,2025-05-05T21:25:13Z,funny,funny,entertainment,Entertainment,[],0,728,47,,0.94,https://v.redd.it/9ncy7swm61ze1,Commercial_Ad1541,2025-05-21T11:44:18.673552Z
1kdsk2s,reddit,Pizza 🍕 Cutter (reupload),"old video (not mine)
",2025-05-03T13:07:41Z,funny,funny,entertainment,Entertainment,[],0,727,18,,0.92,https://v.redd.it/blcb901zfkye1,Koreanrambo,2025-05-21T11:44:19.882729Z
1k8pig5,reddit,Kingsday Amsterdam,,2025-04-26T22:55:39Z,funny,funny,entertainment,Entertainment,[],0,730,87,,0.94,https://v.redd.it/x98cm0kke9xe1,DeVogelverschrikker,2025-05-21T11:44:20.940994Z
1kd8u3b,reddit,OC my niece with all the right answers to this cookie problem.,,2025-05-02T18:57:45Z,funny,funny,entertainment,Entertainment,[],0,719,56,,0.83,https://v.redd.it/jd759j0l1fye1,SkitariiRanger,2025-05-21T11:44:22.510360Z
1k9bo1x,reddit,I know what you did last summer,,2025-04-27T19:03:56Z,funny,funny,entertainment,Entertainment,[],0,719,12,,0.94,https://i.redd.it/hqr3q6i3efxe1.jpeg,jonwritesmovies,2025-05-21T11:44:23.885863Z
1kcwm43,reddit,Feel old yet?,,2025-05-02T09:18:57Z,funny,funny,entertainment,Entertainment,[],0,712,80,,0.88,https://v.redd.it/74qedn5b6cye1,so_chad,2025-05-21T11:44:25.006226Z
1kh3ouo,reddit,Snack Thief,,2025-05-07T17:48:00Z,funny,funny,entertainment,Entertainment,[],0,715,21,,0.93,https://i.redd.it/w4gxinjpdeze1.jpeg,AbelBryanMedia,2025-05-21T11:44:26.775488Z
1kpfn4u,reddit,"I'm thirsty, leave me alone",,2025-05-18T09:01:33Z,funny,funny,entertainment,Entertainment,[],0,712,33,,0.95,https://v.redd.it/1w1j7s7t9i1f1,doctorJdre,2025-05-21T11:44:27.830961Z
1k5vkhi,reddit,Best Train Song Ever!,,2025-04-23T10:13:24Z,funny,funny,entertainment,Entertainment,[],0,709,47,,0.93,https://v.redd.it/829f47tt7kwe1,NationYell,2025-05-21T11:44:28.911773Z
1knztwb,reddit,Our room names at One World Trade Center are genius,,2025-05-16T12:40:11Z,funny,funny,entertainment,Entertainment,[],0,707,128,,0.78,https://i.redd.it/m8gku4fu251f1.png,redgrrr,2025-05-21T11:44:30.113175Z
1kbe39z,reddit,[OC] Lucky,,2025-04-30T11:27:59Z,funny,funny,entertainment,Entertainment,[],0,706,26,,0.91,https://i.redd.it/okyawp4jjyxe1.jpeg,snelse_,2025-05-21T11:44:31.950793Z
1k8kyzx,reddit,A bear is spotted in Connecticut playing on family's backyard slide,,2025-04-26T19:24:18Z,funny,funny,entertainment,Entertainment,[],0,698,29,,0.97,https://v.redd.it/bdhdsqzsc8xe1,BreakfastTop6899,2025-05-21T11:44:33.086034Z
1knqati,reddit,Does your kid ever insist he’s actually Spider-Man?,,2025-05-16T02:41:15Z,funny,funny,entertainment,Entertainment,[],0,696,53,,0.77,https://v.redd.it/1so7q9t4421f1,Buttpounder90,2025-05-21T11:44:34.206589Z
1kipv9n,reddit,Potty pants 💀 what's next integrated potty underwear,,2025-05-09T18:37:48Z,funny,funny,entertainment,Entertainment,[],0,669,201,,0.75,https://v.redd.it/7hox2kfewsze1,Dismal_Ad_6547,2025-05-21T11:44:35.462250Z
1kejqyv,reddit,[OC] Happy Star Wars Day,,2025-05-04T13:25:21Z,funny,funny,entertainment,Entertainment,[],0,666,4,,0.94,https://i.redd.it/6aq4el84orye1.jpeg,snelse_,2025-05-21T11:44:37.454227Z
1k7qvqz,reddit,Triple Dick. My wife didn't like what I named the new dog you she got our pet!,,2025-04-25T17:36:12Z,funny,funny,entertainment,Entertainment,[],0,664,305,,0.74,https://i.imgur.com/O9eGLtN.jpeg,jodyberry,2025-05-21T11:44:38.470141Z
1kr0lqt,reddit,Everybody hates him,,2025-05-20T09:28:15Z,funny,funny,entertainment,Entertainment,[],0,736,13,,0.86,https://v.redd.it/kfcyxbbeow1f1,Key_Associate7476,2025-05-21T11:44:42.143149Z
1kb6x4i,reddit,Should I be calling a vet or an exorcist?,,2025-04-30T03:26:59Z,funny,funny,entertainment,Entertainment,[],0,644,77,,0.91,https://i.redd.it/ldcfmopp5wxe1.jpeg,Big-Introduction411,2025-05-21T11:44:43.259093Z
1k7zfio,reddit,"Oreo flavored Oreo, anyone?",,2025-04-25T23:48:44Z,funny,funny,entertainment,Entertainment,[],0,644,173,,0.91,https://i.redd.it/t0fnmar4j2xe1.jpeg,Thegooglyguyinc,2025-05-21T11:44:44.646991Z
1kk1tow,reddit,Happy Mothers day,Here is a  song from Mr. T singing a song about mothers’ Happy Mother’s Day.,2025-05-11T14:06:39Z,funny,funny,entertainment,Entertainment,[],0,644,16,,0.95,https://v.redd.it/v7htxtzut50f1,ereyes7089,2025-05-21T11:44:48.770023Z
1k65cct,reddit,He wants the world to know,,2025-04-23T17:41:24Z,funny,funny,entertainment,Entertainment,[],0,637,88,,0.87,https://i.redd.it/2zpkc7nqfmwe1.jpeg,nebulusx,2025-05-21T11:44:49.852614Z
1kl9p8i,reddit,Fixed my friends tattoo,,2025-05-13T01:24:42Z,funny,funny,entertainment,Entertainment,[],0,643,67,,0.85,https://i.redd.it/uhdbz9wqbg0f1.jpeg,fromwhichofthisoak,2025-05-21T11:44:51.204436Z
1kloqxt,reddit,Tuesday morning coffee 😪🤧,,2025-05-13T15:23:55Z,funny,funny,entertainment,Entertainment,[],0,636,44,,0.95,https://i.redd.it/s1ho5tsehk0f1.png,Ellahw-Elkhafi,2025-05-21T11:44:52.421243Z
1ke2zlo,reddit,The force is strong today,,2025-05-03T20:57:33Z,funny,funny,entertainment,Entertainment,[],0,643,19,,0.96,https://i.redd.it/3akzsjvvrmye1.jpeg,Adventurous_Walk_271,2025-05-21T11:44:53.537239Z
1kr3k4w,reddit,Very confident little girl,,2025-05-20T12:25:00Z,funny,funny,entertainment,Entertainment,[],0,734,54,,0.93,https://v.redd.it/j5xsenmxjx1f1,Otherwise_Duty1457,2025-05-21T11:44:54.540398Z
1kjp12e,reddit,"His foot said no, the door said hell no.",,2025-05-11T00:59:54Z,funny,funny,entertainment,Entertainment,[],0,626,42,,0.86,https://v.redd.it/1bv52bvhx10f1,Chu7kyMo7key,2025-05-21T11:44:55.678952Z
1kouajc,reddit,Belfast Humour,,2025-05-17T14:28:09Z,funny,funny,entertainment,Entertainment,[],0,625,16,,0.96,https://i.redd.it/2q45qq9vqc1f1.jpeg,firstfloor27,2025-05-21T11:44:56.900538Z
1k7nh3t,reddit,She was born for waiting,,2025-04-25T15:16:18Z,funny,funny,entertainment,Entertainment,[],0,624,109,,0.92,https://v.redd.it/0yqkf7w9zzwe1,vaper12345,2025-05-21T11:44:58.078287Z
1kekkgi,reddit,Running out of clothes,,2025-05-04T14:04:12Z,funny,funny,entertainment,Entertainment,[],0,617,24,,0.89,https://i.redd.it/5ttuwsr1vrye1.jpeg,jonwritesmovies,2025-05-21T11:44:59.993415Z
1ki4ws9,reddit,Teamwork,At my local PetSmart. ,2025-05-08T23:52:30Z,funny,funny,entertainment,Entertainment,[],0,619,29,,0.96,https://v.redd.it/ew19xm0nbnze1,HighlightFun8419,2025-05-21T11:45:01.019871Z
1kgattg,reddit,What are they trying to say?,,2025-05-06T17:47:07Z,funny,funny,entertainment,Entertainment,[],0,608,109,,0.93,https://i.redd.it/fsw8ysxm87ze1.jpeg,awkaiser111,2025-05-21T11:45:02.483042Z
1kn3dqc,reddit,Ambushed,,2025-05-15T08:47:49Z,funny,funny,entertainment,Entertainment,[],0,615,33,,0.92,https://v.redd.it/j7a6abblsw0f1,Cyborg_Ape,2025-05-21T11:45:04.077456Z
1kk37cp,reddit,What Is Going to be it's name?,,2025-05-11T15:09:16Z,funny,funny,entertainment,Entertainment,[],0,606,337,,0.89,https://i.redd.it/9ds8w2w0560f1.jpeg,SuspiciousWeekend41,2025-05-21T11:45:05.212302Z
1kixf32,reddit,Made me chuckle,,2025-05-10T00:19:05Z,funny,funny,entertainment,Entertainment,[],0,609,11,,0.93,https://i.redd.it/0k7j4j0bluze1.jpeg,geniusfoot,2025-05-21T11:45:07.905496Z
1kla4y6,reddit,Uhh,,2025-05-13T01:46:20Z,funny,funny,entertainment,Entertainment,[],0,605,79,,0.8,https://i.redd.it/spn3q1kifg0f1.jpeg,bobmlord1,2025-05-21T11:45:09.002623Z
1kjahkx,reddit,I have a schtick where I will intentionally buy a card for the wrong occasion and crudely edit the card to match the correct occasion...this year's Mother's Day card might be my masterpiece.,,2025-05-10T13:37:15Z,funny,funny,entertainment,Entertainment,[],0,610,10,,0.97,https://i.redd.it/s6fw7lkljyze1.jpeg,TrollErgoSum,2025-05-21T11:45:10.724018Z
1kc02dv,reddit,Got this for my step-dad for Father’s Day…I think he’ll love it,,2025-05-01T04:16:05Z,funny,funny,entertainment,Entertainment,[],0,602,40,,0.85,https://i.redd.it/21pjlovdj3ye1.jpeg,SpaceCadet1718,2025-05-21T11:45:11.736482Z
1k4zwdg,reddit,"Backyard rules: Lasso first, questions later.",,2025-04-22T06:46:28Z,funny,funny,entertainment,Entertainment,[],0,588,38,,0.85,https://v.redd.it/cap9r8e02cwe1,Feisty_Ad9576,2025-05-21T11:45:12.822310Z
1km1p8i,reddit,"ok, now the chair is a new hoop",,2025-05-14T00:15:04Z,funny,funny,entertainment,Entertainment,[],0,584,35,,0.93,https://v.redd.it/7igbpqif2n0f1,nextorwtf,2025-05-21T11:45:14.224340Z
1kdho0d,reddit,Argyle PD with a deep burn.,,2025-05-03T01:44:11Z,funny,funny,entertainment,Entertainment,[],0,588,18,,0.96,https://i.redd.it/r162nzx32hye1.jpeg,prospectpico_OG,2025-05-21T11:45:15.423032Z
1klxsu6,reddit,Young man at Valvoline,,2025-05-13T21:20:37Z,funny,funny,entertainment,Entertainment,[],0,575,56,,0.86,https://i.redd.it/is821gw39m0f1.jpeg,Mofomania,2025-05-21T11:45:16.874921Z
1kn4m1v,reddit,Cafes in the Vatican,,2025-05-15T10:13:08Z,funny,funny,entertainment,Entertainment,[],0,578,27,,0.85,https://v.redd.it/42rg26au7x0f1,NationYell,2025-05-21T11:45:18.014761Z
1kbumnc,reddit,Friendly reminder from the Bananas,,2025-04-30T23:30:31Z,funny,funny,entertainment,Entertainment,[],0,572,26,,0.87,https://v.redd.it/r9dljfbf42ye1,AwixaManifest,2025-05-21T11:45:19.150100Z
1kpjjbt,reddit,time for your bath,,2025-05-18T13:05:58Z,funny,funny,entertainment,Entertainment,[],0,578,23,,0.96,https://i.imgur.com/G2qFQfp.gifv,Few-Wolf,2025-05-21T11:45:20.220849Z
1klsjep,reddit,Strike a pose!,,2025-05-13T17:52:44Z,funny,funny,entertainment,Entertainment,[],0,566,22,,0.96,https://v.redd.it/obkgq8ry7l0f1,shabeervi,2025-05-21T11:45:21.325761Z
1kd83bn,reddit,"There is no ""serving suggestion"" that could make me eat this!",,2025-05-02T18:25:38Z,funny,funny,entertainment,Entertainment,[],0,565,299,,0.82,https://i.redd.it/8y48i93sveye1.jpeg,Mister_Snark,2025-05-21T11:45:22.494683Z
1klg978,reddit,Goblin dog,,2025-05-13T07:50:19Z,funny,funny,entertainment,Entertainment,[],0,556,32,,0.92,https://i.redd.it/xxcobjzh4i0f1.jpeg,Thereminz,2025-05-21T11:45:25.174840Z
1kf9g9p,reddit,Chinese dudes on shenanigans mission,,2025-05-05T11:39:07Z,funny,funny,entertainment,Entertainment,[],0,558,37,,0.83,https://v.redd.it/2sb6qev1ayye1,MiracleObserver,2025-05-21T11:45:26.259442Z
1kdd67r,reddit,"Nice hat...What are you tryin' to look like, a secret agent?",,2025-05-02T22:03:25Z,funny,funny,entertainment,Entertainment,[],0,556,82,,0.86,https://streamable.com/p1fn95,Caledor152,2025-05-21T11:45:27.375969Z
1kjck6m,reddit,Who travels?,,2025-05-10T15:13:11Z,funny,funny,entertainment,Entertainment,[],0,556,69,,0.93,https://i.redd.it/s2fduoet0zze1.jpeg,kashamush,2025-05-21T11:45:28.948031Z
1kdw1y4,reddit,Peculiar...,,2025-05-03T15:49:34Z,funny,funny,entertainment,Entertainment,[],0,543,17,,0.96,https://i.redd.it/rsdihejx8lye1.jpeg,R2Lake,2025-05-21T11:45:30.342394Z
1kmegf2,reddit,Life in 2025,,2025-05-14T12:55:37Z,funny,funny,entertainment,Entertainment,[],0,543,32,,0.9,https://i.redd.it/7gztk0gxvq0f1.jpeg,jonwritesmovies,2025-05-21T11:45:31.398773Z
1kfeshq,reddit,This refrigerator magnet from the best Christmas movie made!,,2025-05-05T15:41:55Z,funny,funny,entertainment,Entertainment,[],0,534,44,,0.84,https://v.redd.it/r5zbehkxgzye1,DoctorPaulGregory,2025-05-21T11:45:32.519881Z
1keji13,reddit,I wonder what kind of garments they sell.,,2025-05-04T13:13:10Z,funny,funny,entertainment,Entertainment,[],0,546,96,,0.85,https://i.redd.it/1daep0rxlrye1.png,bhooteshwara,2025-05-21T11:45:33.683651Z
1k4jk3w,reddit,Logan Webb:  “farts are always funny”,I agree Logan… we all agree,2025-04-21T17:42:05Z,funny,funny,entertainment,Entertainment,[],0,539,38,,0.89,https://v.redd.it/50bhuch068we1,Therealfern1,2025-05-21T11:45:35.230695Z
1kr5h1r,reddit,Bird dance battle with guy,,2025-05-20T13:55:20Z,funny,funny,entertainment,Entertainment,[],0,677,12,,0.91,https://v.redd.it/z8ltviw10y1f1,gbpc,2025-05-21T11:45:36.408699Z
1k44gkg,reddit,Alabama Man!,,2025-04-21T03:52:36Z,funny,funny,entertainment,Entertainment,[],0,522,32,,0.86,https://v.redd.it/78lk27s224we1,CryingOnLSD,2025-05-21T11:45:37.568889Z
1kbly6a,reddit,"You've been hit by, you've been struck by a",,2025-04-30T17:17:21Z,funny,funny,entertainment,Entertainment,[],0,514,34,,0.81,https://i.redd.it/29xo6awu90ye1.jpeg,wtf182,2025-05-21T11:45:38.849934Z
1k6bccs,reddit,Rumour has it they're still laughing till this day😂😂,,2025-04-23T21:44:50Z,funny,funny,entertainment,Entertainment,[],0,515,23,,0.9,https://v.redd.it/wth0r4s1nnwe1,kevinmat2,2025-05-21T11:45:40.067825Z
1khwaww,reddit,Argument breaks out in the new Pope's Wiki page on whether to use American date formats or not,,2025-05-08T17:44:49Z,funny,funny,entertainment,Entertainment,[],0,516,217,,0.73,https://i.redd.it/y1tyf312ilze1.jpeg,Jahoe,2025-05-21T11:45:41.697840Z
1kg0epy,reddit,Works for me!...😂,,2025-05-06T09:41:04Z,funny,funny,entertainment,Entertainment,[],0,511,12,,0.95,https://i.redd.it/d84kko9xt4ze1.jpeg,TensionSame3568,2025-05-21T11:45:44.047872Z
1kinufx,reddit,My local appliance repair shop,Forgot I had this one in my camera roll 🤣 Seen another sign post today that reminded me of it. What a gem! 🤣,2025-05-09T17:13:11Z,funny,funny,entertainment,Entertainment,[],0,510,17,,0.95,https://i.redd.it/x5kuloobhsze1.jpeg,Stitchs420,2025-05-21T11:45:45.033470Z
1keupg9,reddit,[OC] Two Jedi walk into a bar...,,2025-05-04T21:18:13Z,funny,funny,entertainment,Entertainment,[],0,508,14,,0.83,https://i.redd.it/wluz2ugf0uye1.jpeg,threeboy,2025-05-21T11:45:46.024040Z
1kbpqik,reddit,My son discovering a spray bottle,"Was changing the boy and he grabbed the spray bottle we use to wet his hair before combing. 

Its the little moments that make life amazing. ",2025-04-30T19:55:33Z,funny,funny,entertainment,Entertainment,[],0,503,65,,0.83,https://v.redd.it/5v7408z221ye1,Traditional-Focus985,2025-05-21T11:45:47.050040Z
1kmfzvm,reddit,This made me giggle 😂,Funny Doormat ,2025-05-14T14:04:12Z,funny,funny,entertainment,Entertainment,[],0,502,9,,0.92,https://i.redd.it/et2v7ys58r0f1.jpeg,Thenellyelmes,2025-05-21T11:45:48.453052Z
1k6g9yr,reddit,"Hey man, can you turn up the ikura about 2db? Thanks",,2025-04-24T01:36:35Z,funny,funny,entertainment,Entertainment,[],0,499,25,,0.94,https://i.redd.it/c5w2nzsjsowe1.jpeg,chris-burke,2025-05-21T11:45:49.529628Z
1kcknco,reddit,Maximum Security,,2025-05-01T21:49:06Z,funny,funny,entertainment,Entertainment,[],0,496,74,,0.89,https://v.redd.it/5n27fjs6r8ye1,Beholder_V,2025-05-21T11:45:50.654680Z
1k549dq,reddit,Anthony mackie finding every combination othe then the right one.,,2025-04-22T11:46:12Z,funny,funny,entertainment,Entertainment,[],0,500,33,,0.9,https://v.redd.it/l0j2581hjdwe1,koach71st,2025-05-21T11:45:51.960604Z
1kpanr8,reddit,"Remember, texting while riding a bike can be dangerously funny.",He shattered,2025-05-18T03:28:43Z,funny,funny,entertainment,Entertainment,[],0,495,75,,0.86,https://v.redd.it/a6gt5iffmg1f1,Chris3o2,2025-05-21T11:45:53.058328Z
1kqhzut,reddit,"My 6 year old had an idea for a song about two of his favorite things. I still have no music skills. So here's ""Chihuahuas in Space"".",,2025-05-19T17:42:57Z,funny,funny,entertainment,Entertainment,[],0,535,84,,0.84,https://v.redd.it/320ckuvyyr1f1,mezzanine224,2025-05-21T11:45:55.048432Z
1k5b8n3,reddit,Nahhh bro,,2025-04-22T16:52:27Z,funny,funny,entertainment,Entertainment,[],0,492,39,,0.84,https://v.redd.it/vs8ycs522fwe1,Ghostfacegangsta07,2025-05-21T11:45:56.748274Z
1kk20wu,reddit,My son's rendition of his mother really captures all the key details,,2025-05-11T14:16:03Z,funny,funny,entertainment,Entertainment,[],0,491,19,,0.93,https://i.redd.it/tgrhb4mjv50f1.jpeg,hilfandy,2025-05-21T11:45:57.868908Z
1k7jqx9,reddit,cool sakura shot tutorial (result),,2025-04-25T12:31:09Z,funny,funny,entertainment,Entertainment,[],0,488,14,,0.95,https://v.redd.it/nmqb9kh86zwe1,kape_pandesal,2025-05-21T11:45:58.852943Z
1k7ngh2,reddit,FFS. I said I wanted an ANTI-SMOKING video,,2025-04-25T15:15:36Z,funny,funny,entertainment,Entertainment,[],0,482,41,,0.93,https://v.redd.it/7yscqulkzzwe1,Fatt_Hardy,2025-05-21T11:45:59.876879Z
1kampx4,reddit,"A ""Michelin star"" corner bar in Nerja, Spain",,2025-04-29T12:30:08Z,funny,funny,entertainment,Entertainment,[],0,476,33,,0.94,https://i.redd.it/a11m1bloprxe1.jpeg,MoistFig6719,2025-05-21T11:46:00.957144Z
1kgagko,reddit,I wasn't stealing the seeds,,2025-05-06T17:32:23Z,funny,funny,entertainment,Entertainment,[],0,473,9,,0.96,https://i.redd.it/y7lodwkx57ze1.jpeg,ganajp,2025-05-21T11:46:02.185066Z
1kaae37,reddit,I’m not. 🥸,,2025-04-28T23:57:01Z,funny,funny,entertainment,Entertainment,[],0,472,41,,0.84,https://i.redd.it/xom060bcznxe1.jpeg,Comprehensive-Way482,2025-05-21T11:46:03.219290Z
1kp2dtn,reddit,Dog went on a murder spree this morning,,2025-05-17T20:23:23Z,funny,funny,entertainment,Entertainment,[],0,469,50,,0.9,https://i.redd.it/5fd0u8ljie1f1.jpeg,Turbulent-Abalone-18,2025-05-21T11:46:04.417988Z
1k7irey,reddit,Found on my flight this morning,,2025-04-25T11:38:13Z,funny,funny,entertainment,Entertainment,[],0,472,20,,0.94,https://i.redd.it/9w0x9z1swywe1.png,jodihas2kids,2025-05-21T11:46:05.731691Z
1k6elqp,reddit,This governmental surveillance is getting out of hand.,,2025-04-24T00:12:25Z,funny,funny,entertainment,Entertainment,[],0,456,25,,0.91,https://i.redd.it/7v4etq5jdowe1.jpeg,Thebillyray,2025-05-21T11:46:06.745034Z
1kmf9a1,reddit,Think they know?,,2025-05-14T13:32:11Z,funny,funny,entertainment,Entertainment,[],0,452,51,,0.91,https://i.redd.it/sn3hfvpf2r0f1.jpeg,BulletProofCats,2025-05-21T11:46:07.784035Z
1ko6bam,reddit,Walmart gift ideas,The perfect gift for mom!,2025-05-16T17:14:23Z,funny,funny,entertainment,Entertainment,[],0,451,163,,0.89,https://i.redd.it/77zw6iwwf61f1.jpeg,aishpat,2025-05-21T11:46:09.260840Z
1koga1s,reddit,which one do i choose,,2025-05-17T00:33:55Z,funny,funny,entertainment,Entertainment,[],0,448,53,,0.91,https://i.redd.it/1rvqxv1cm81f1.jpeg,BionicShenanigans,2025-05-21T11:46:11.163498Z
1kd7rbr,reddit,Helpful little guy…,I never wanted to steal something so badly… found at my bank….,2025-05-02T18:11:20Z,funny,funny,entertainment,Entertainment,[],0,437,18,,0.94,https://i.redd.it/cuayqhh9teye1.jpeg,WhoskeyTangoFoxtrot,2025-05-21T11:46:12.319958Z
1kgwbfc,reddit,"""Beware of dog"" [OC]",,2025-05-07T12:38:57Z,funny,funny,entertainment,Entertainment,[],0,435,10,,0.92,https://i.redd.it/q6cekh1iucze1.png,thisecommercelife,2025-05-21T11:46:13.424921Z
1k668f8,reddit,In-laws tried to give me a name change,,2025-04-23T18:16:42Z,funny,funny,entertainment,Entertainment,[],0,439,14,,0.87,https://v.redd.it/3e6hdjz1mmwe1,ThomasMellor,2025-05-21T11:46:14.421871Z
1kfcsiu,reddit,Tech support at the office...,,2025-05-05T14:19:52Z,funny,funny,entertainment,Entertainment,[],0,437,18,,0.91,https://i.redd.it/oehkug2r2zye1.jpeg,ever0nand0n,2025-05-21T11:46:15.459623Z
1kcrbw7,reddit,robot uprising,,2025-05-02T03:22:18Z,funny,funny,entertainment,Entertainment,[],0,429,76,,0.92,https://v.redd.it/j0oxpw1peaye1,sadougu,2025-05-21T11:46:16.574905Z
1kbegfr,reddit,There Be Monsters! [OC],(Based on a real conversation with our 6yo),2025-04-30T11:48:10Z,funny,funny,entertainment,Entertainment,[],0,429,21,,0.89,https://i.redd.it/2nt1hvmymyxe1.png,LitterboxComics,2025-05-21T11:46:18.095656Z
1kkqsza,reddit,What a calming noise of exhaust flames,,2025-05-12T12:04:58Z,funny,funny,entertainment,Entertainment,[],0,429,35,,0.78,https://v.redd.it/jhy1cub2dc0f1,galle4,2025-05-21T11:46:19.223241Z
1kd3n3t,reddit,Dancing DREADMOOR Ghoul,,2025-05-02T15:21:53Z,funny,funny,entertainment,Entertainment,[],0,426,10,,0.9,https://v.redd.it/jy3lutbrydye1,Distance_Bland287,2025-05-21T11:46:20.304638Z
1k4esh2,reddit,Someone threw away a perfectly good dumpster,,2025-04-21T14:24:14Z,funny,funny,entertainment,Entertainment,[],0,425,21,,0.95,https://i.redd.it/uyayvwio67we1.jpeg,No_Plankton_647,2025-05-21T11:46:21.435353Z
1k7yer9,reddit,Free Gas ?,,2025-04-25T22:59:14Z,funny,funny,entertainment,Entertainment,[],0,416,13,,0.96,https://v.redd.it/vduk63kaa2xe1,b3n33333,2025-05-21T11:46:22.543879Z
1kj2kyf,reddit,Don’t Stop Believing,More on r/biniam ,2025-05-10T05:10:21Z,funny,funny,entertainment,Entertainment,[],0,415,27,,0.84,https://v.redd.it/4k2864j81wze1,CrapKingdoms,2025-05-21T11:46:23.586469Z
1knred6,reddit,I'm crushing your head..,,2025-05-16T03:41:15Z,funny,funny,entertainment,Entertainment,[],0,419,33,,0.78,https://v.redd.it/zqikaffue21f1,lupercali1979,2025-05-21T11:46:24.746661Z
1ki6s4z,reddit,How do you expect me to eat this?,,2025-05-09T01:29:34Z,funny,funny,entertainment,Entertainment,[],0,419,31,,0.84,https://i.redd.it/btklxrzysnze1.jpeg,tekguy1982,2025-05-21T11:46:27.423338Z
1kpwezc,reddit,I can’t believe I got this on camera,,2025-05-18T22:33:08Z,funny,funny,entertainment,Entertainment,[],0,430,15,,0.89,https://v.redd.it/5k1coyolam1f1,Rabanico,2025-05-21T11:46:28.528563Z
1kkjk36,reddit,I can't believe it... They killed the other 3...,,2025-05-12T04:09:18Z,funny,funny,entertainment,Entertainment,[],0,399,45,,0.93,https://i.redd.it/9pqmyzp60a0f1.jpeg,mr_sharkyyy,2025-05-21T11:46:29.623622Z
1k5yms4,reddit,Don't forget [OC],,2025-04-23T13:03:42Z,funny,funny,entertainment,Entertainment,[],0,402,13,,0.88,https://i.redd.it/afshu4w62lwe1.jpeg,OddHops,2025-05-21T11:46:30.756435Z
1kmm0ss,reddit,Boo (OC),,2025-05-14T18:04:07Z,funny,funny,entertainment,Entertainment,[],0,406,11,,0.91,https://i.redd.it/pxkjy9tyes0f1.jpeg,gryzloko,2025-05-21T11:46:31.787690Z
