2025-05-21 14:19:24,692 - API còn lại: 872.0 yêu cầu, reset sau 0.60 phút
2025-05-21 14:20:53,195 - Đã lưu 100 bản ghi vào Data/contents_20250521_142053.csv
2025-05-21 14:21:09,796 - API còn lại: 957.0 yêu cầu, reset sau 8.88 phút
2025-05-21 14:21:21,398 - <BrokerConnection client_id=kafka-python-producer-1, node_id=1 host=localhost:29092 <connecting> [IPv4 ('127.0.0.1', 29092)]>: connecting to localhost:29092 [('127.0.0.1', 29092) IPv4]
2025-05-21 14:21:21,399 - <BrokerConnection client_id=kafka-python-producer-1, node_id=1 host=localhost:29092 <connected> [IPv4 ('127.0.0.1', 29092)]>: Connection complete.
2025-05-21 14:21:21,399 - <BrokerConnection client_id=kafka-python-producer-1, node_id=bootstrap-0 host=host.docker.internal:29092 <connected> [IPv4 ('127.0.0.1', 29092)]>: Closing connection. 
2025-05-21 14:21:55,412 - Lỗi khi đẩy vào HDFS: Command '['hdfs', 'dfs', '-put', 'Data/contents_20250521_142053.csv', 'hdfs://host.docker.internal:9000/Data/Contents/contents_20250521_142053.csv']' returned non-zero exit status 1.
2025-05-21 14:21:55,448 - Đã gửi 100 bản ghi vào Kafka topic reddit_data
2025-05-21 14:21:55,472 - Đã lưu 3589 bản ghi vào Data/comments_20250521_142155.csv
2025-05-21 14:22:57,495 - Lỗi khi đẩy vào HDFS: Command '['hdfs', 'dfs', '-put', 'Data/comments_20250521_142155.csv', 'hdfs://host.docker.internal:9000/Data/Comments/comments_20250521_142155.csv']' returned non-zero exit status 1.
2025-05-21 14:22:57,764 - Đã gửi 3589 bản ghi vào Kafka topic reddit_data
2025-05-21 14:22:57,764 - Đã thu thập 100 bài đăng từ r/gadgets
2025-05-21 14:22:57,764 - Đang thu thập từ r/programming... (Lần thử 1)
2025-05-21 14:23:01,460 - API còn lại: 929.0 yêu cầu, reset sau 7.03 phút
2025-05-21 14:25:09,063 - API còn lại: 873.0 yêu cầu, reset sau 4.87 phút
2025-05-21 14:25:36,662 - API còn lại: 845.0 yêu cầu, reset sau 4.40 phút
2025-05-21 14:26:48,500 - API còn lại: 769.0 yêu cầu, reset sau 3.20 phút
2025-05-21 14:27:26,120 - API còn lại: 722.0 yêu cầu, reset sau 2.58 phút
2025-05-21 14:27:45,686 - API còn lại: 698.0 yêu cầu, reset sau 2.23 phút
2025-05-21 14:28:47,159 - API còn lại: 625.0 yêu cầu, reset sau 1.23 phút
2025-05-21 14:29:42,137 - API còn lại: 556.0 yêu cầu, reset sau 0.30 phút
2025-05-21 14:29:53,057 - API còn lại: 543.0 yêu cầu, reset sau 0.13 phút
2025-05-21 14:30:34,513 - API còn lại: 955.0 yêu cầu, reset sau 9.43 phút
2025-05-21 14:31:29,435 - API còn lại: 881.0 yêu cầu, reset sau 8.52 phút
2025-05-21 14:32:05,447 - API còn lại: 835.0 yêu cầu, reset sau 7.92 phút
2025-05-21 14:32:20,905 - API còn lại: 813.0 yêu cầu, reset sau 7.67 phút
2025-05-21 14:33:11,050 - API còn lại: 736.0 yêu cầu, reset sau 6.82 phút
2025-05-21 14:33:52,364 - API còn lại: 677.0 yêu cầu, reset sau 6.15 phút
2025-05-21 14:33:59,971 - Đã lưu 500 bản ghi vào Data/contents_20250521_143359.csv
2025-05-21 14:34:01,975 - Lỗi khi đẩy vào HDFS: Command '['hdfs', 'dfs', '-put', 'Data/contents_20250521_143359.csv', 'hdfs://host.docker.internal:9000/Data/Contents/contents_20250521_143359.csv']' returned non-zero exit status 1.
2025-05-21 14:34:02,063 - Đã gửi 500 bản ghi vào Kafka topic reddit_data
2025-05-21 14:34:02,098 - Đã lưu 2584 bản ghi vào Data/comments_20250521_143402.csv
2025-05-21 14:34:04,215 - Lỗi khi đẩy vào HDFS: Command '['hdfs', 'dfs', '-put', 'Data/comments_20250521_143402.csv', 'hdfs://host.docker.internal:9000/Data/Comments/comments_20250521_143402.csv']' returned non-zero exit status 1.
2025-05-21 14:34:04,496 - Đã gửi 2584 bản ghi vào Kafka topic reddit_data
2025-05-21 14:34:04,496 - Đã thu thập 500 bài đăng từ r/programming
2025-05-21 14:34:05,829 - API còn lại: 660.0 yêu cầu, reset sau 5.92 phút
2025-05-21 14:34:55,034 - API còn lại: 584.0 yêu cầu, reset sau 5.08 phút
2025-05-21 14:35:34,069 - API còn lại: 531.0 yêu cầu, reset sau 4.43 phút
2025-05-21 14:35:49,387 - API còn lại: 507.0 yêu cầu, reset sau 4.20 phút
2025-05-21 14:40:14,154 - BẮT ĐẦU THU THẬP DỮ LIỆU: 2025-05-21 14:40:14
2025-05-21 14:40:14,154 - 
--- LĨNH VỰC: Technology ---
2025-05-21 14:40:14,154 - Đang thu thập từ r/technology... (Lần thử 1)
2025-05-21 14:40:14,154 - Đang thu thập từ r/gadgets... (Lần thử 1)
2025-05-21 14:40:16,935 - API còn lại: 998.0 yêu cầu, reset sau 9.73 phút
2025-05-21 14:40:17,259 - API còn lại: 999.0 yêu cầu, reset sau 9.73 phút
2025-05-21 14:41:42,213 - BẮT ĐẦU THU THẬP DỮ LIỆU: 2025-05-21 14:41:42
2025-05-21 14:41:42,213 - 
--- LĨNH VỰC: Technology ---
2025-05-21 14:41:42,213 - Đang thu thập từ r/technology... (Lần thử 1)
2025-05-21 14:41:42,215 - Đang thu thập từ r/gadgets... (Lần thử 1)
2025-05-21 14:41:44,918 - API còn lại: 988.0 yêu cầu, reset sau 8.27 phút
2025-05-21 14:41:45,217 - API còn lại: 987.0 yêu cầu, reset sau 8.27 phút
2025-05-21 14:44:19,142 - API còn lại: 905.0 yêu cầu, reset sau 5.68 phút
2025-05-21 14:45:32,027 - Đã lưu 100 bản ghi vào Data/contents_20250521_144532.csv
2025-05-21 14:45:34,566 - Đã đẩy Data/contents_20250521_144532.csv vào hdfs://host.docker.internal:9000/Data/Contents/contents_20250521_144532.csv
2025-05-21 14:45:34,566 - <BrokerConnection client_id=kafka-python-producer-1, node_id=1 host=localhost:29092 <connecting> [IPv4 ('127.0.0.1', 29092)]>: connecting to localhost:29092 [('127.0.0.1', 29092) IPv4]
2025-05-21 14:45:34,566 - <BrokerConnection client_id=kafka-python-producer-1, node_id=1 host=localhost:29092 <connected> [IPv4 ('127.0.0.1', 29092)]>: Connection complete.
2025-05-21 14:45:34,567 - <BrokerConnection client_id=kafka-python-producer-1, node_id=bootstrap-0 host=host.docker.internal:29092 <connected> [IPv4 ('127.0.0.1', 29092)]>: Closing connection. 
2025-05-21 14:45:34,579 - Đã gửi 100 bản ghi vào Kafka topic reddit_data
2025-05-21 14:45:34,608 - Đã lưu 3590 bản ghi vào Data/comments_20250521_144534.csv
2025-05-21 14:45:36,539 - Đã đẩy Data/comments_20250521_144534.csv vào hdfs://host.docker.internal:9000/Data/Comments/comments_20250521_144534.csv
2025-05-21 14:45:36,832 - Đã gửi 3590 bản ghi vào Kafka topic reddit_data
2025-05-21 14:45:36,833 - Đã thu thập 100 bài đăng từ r/gadgets
2025-05-21 14:45:36,833 - Đang thu thập từ r/programming... (Lần thử 1)
2025-05-21 14:45:38,838 - API còn lại: 836.0 yêu cầu, reset sau 4.38 phút
2025-05-21 14:45:43,879 - API còn lại: 834.0 yêu cầu, reset sau 4.30 phút
2025-05-21 14:47:35,894 - API còn lại: 758.0 yêu cầu, reset sau 2.42 phút
2025-05-21 14:48:56,506 - API còn lại: 686.0 yêu cầu, reset sau 1.07 phút
2025-05-21 14:49:04,169 - API còn lại: 679.0 yêu cầu, reset sau 0.95 phút
2025-05-21 14:49:57,479 - API còn lại: 615.0 yêu cầu, reset sau 0.03 phút
2025-05-21 14:50:56,303 - API còn lại: 932.0 yêu cầu, reset sau 9.08 phút
2025-05-21 14:51:23,073 - API còn lại: 898.0 yêu cầu, reset sau 8.63 phút
2025-05-21 14:51:50,455 - API còn lại: 862.0 yêu cầu, reset sau 8.15 phút
2025-05-21 14:52:45,437 - API còn lại: 790.0 yêu cầu, reset sau 7.27 phút
2025-05-21 14:53:38,378 - API còn lại: 722.0 yêu cầu, reset sau 6.37 phút
2025-05-21 14:53:44,759 - API còn lại: 714.0 yêu cầu, reset sau 6.27 phút
2025-05-21 14:54:31,299 - API còn lại: 651.0 yêu cầu, reset sau 5.50 phút
2025-05-21 14:55:22,599 - API còn lại: 580.0 yêu cầu, reset sau 4.62 phút
2025-05-21 14:55:55,776 - API còn lại: 536.0 yêu cầu, reset sau 4.08 phút
2025-05-21 14:56:11,936 - Đã lưu 500 bản ghi vào Data/contents_20250521_145611.csv
2025-05-21 14:56:13,842 - Đã đẩy Data/contents_20250521_145611.csv vào hdfs://host.docker.internal:9000/Data/Contents/contents_20250521_145611.csv
2025-05-21 14:56:13,930 - Đã gửi 500 bản ghi vào Kafka topic reddit_data
2025-05-21 14:56:13,964 - Đã lưu 2584 bản ghi vào Data/comments_20250521_145613.csv
2025-05-21 14:56:15,903 - Đã đẩy Data/comments_20250521_145613.csv vào hdfs://host.docker.internal:9000/Data/Comments/comments_20250521_145613.csv
2025-05-21 14:56:16,240 - Đã gửi 2584 bản ghi vào Kafka topic reddit_data
2025-05-21 14:56:16,240 - Đã thu thập 500 bài đăng từ r/programming
2025-05-21 14:56:17,937 - API còn lại: 509.0 yêu cầu, reset sau 3.72 phút
2025-05-21 14:57:09,766 - API còn lại: 434.0 yêu cầu, reset sau 2.83 phút
2025-05-21 14:57:43,979 - API còn lại: 383.0 yêu cầu, reset sau 2.28 phút
2025-05-21 14:58:00,167 - API còn lại: 357.0 yêu cầu, reset sau 2.02 phút
2025-05-21 14:58:49,802 - API còn lại: 281.0 yêu cầu, reset sau 1.17 phút
2025-05-21 14:59:38,141 - API còn lại: 228.0 yêu cầu, reset sau 0.37 phút
2025-05-21 14:59:50,877 - API còn lại: 208.0 yêu cầu, reset sau 0.17 phút
2025-05-21 15:00:41,046 - API còn lại: 937.0 yêu cầu, reset sau 9.32 phút
2025-05-21 15:01:18,345 - API còn lại: 884.0 yêu cầu, reset sau 8.72 phút
2025-05-21 15:01:34,287 - API còn lại: 860.0 yêu cầu, reset sau 8.45 phút
2025-05-21 15:02:25,473 - API còn lại: 780.0 yêu cầu, reset sau 7.57 phút
2025-05-21 15:02:44,808 - API còn lại: 750.0 yêu cầu, reset sau 7.27 phút
2025-05-21 15:03:17,467 - API còn lại: 698.0 yêu cầu, reset sau 6.72 phút
2025-05-21 15:04:09,881 - Đã lưu 500 bản ghi vào Data/contents_20250521_150409.csv
2025-05-21 15:04:10,331 - API còn lại: 617.0 yêu cầu, reset sau 5.83 phút
2025-05-21 15:04:11,818 - Đã đẩy Data/contents_20250521_150409.csv vào hdfs://host.docker.internal:9000/Data/Contents/contents_20250521_150409.csv
2025-05-21 15:04:11,884 - Đã gửi 500 bản ghi vào Kafka topic reddit_data
2025-05-21 15:04:12,060 - Đã lưu 27752 bản ghi vào Data/comments_20250521_150411.csv
2025-05-21 15:04:13,973 - Đã đẩy Data/comments_20250521_150411.csv vào hdfs://host.docker.internal:9000/Data/Comments/comments_20250521_150411.csv
2025-05-21 15:04:16,372 - Đã gửi 27752 bản ghi vào Kafka topic reddit_data
2025-05-21 15:04:16,372 - Đã thu thập 500 bài đăng từ r/technology
2025-05-21 15:04:17,768 - Đã lưu 456 bản ghi vào Data/contents_20250521_150417.csv
2025-05-21 15:04:18,861 - API còn lại: 611.0 yêu cầu, reset sau 5.72 phút
2025-05-21 15:04:19,724 - Đã đẩy Data/contents_20250521_150417.csv vào hdfs://host.docker.internal:9000/Data/Contents/contents_20250521_150417.csv
2025-05-21 15:04:19,789 - Đã gửi 456 bản ghi vào Kafka topic reddit_data
2025-05-21 15:04:19,795 - Đã lưu 672 bản ghi vào Data/comments_20250521_150419.csv
2025-05-21 15:04:21,756 - Đã đẩy Data/comments_20250521_150419.csv vào hdfs://host.docker.internal:9000/Data/Comments/comments_20250521_150419.csv
2025-05-21 15:04:21,824 - Đã gửi 672 bản ghi vào Kafka topic reddit_data
2025-05-21 15:04:21,825 - Đã thu thập 456 bài đăng từ r/programming
2025-05-21 15:04:21,825 - Đang thu thập từ r/science... (Lần thử 1)
2025-05-21 15:04:23,927 - API còn lại: 607.0 yêu cầu, reset sau 5.62 phút
2025-05-21 15:05:55,283 - API còn lại: 540.0 yêu cầu, reset sau 4.08 phút
2025-05-21 15:07:23,096 - API còn lại: 464.0 yêu cầu, reset sau 2.68 phút
2025-05-21 15:07:48,462 - API còn lại: 445.0 yêu cầu, reset sau 2.23 phút
2025-05-21 15:08:42,906 - API còn lại: 384.0 yêu cầu, reset sau 1.28 phút
2025-05-21 15:09:40,702 - API còn lại: 318.0 yêu cầu, reset sau 0.35 phút
2025-05-21 15:09:55,395 - API còn lại: 300.0 yêu cầu, reset sau 0.10 phút
2025-05-21 15:10:58,348 - API còn lại: 926.0 yêu cầu, reset sau 9.03 phút
2025-05-21 15:11:23,239 - API còn lại: 893.0 yêu cầu, reset sau 8.62 phút
2025-05-21 15:12:06,043 - API còn lại: 835.0 yêu cầu, reset sau 7.92 phút
2025-05-21 15:12:44,584 - API còn lại: 782.0 yêu cầu, reset sau 7.28 phút
2025-05-21 15:13:10,009 - API còn lại: 745.0 yêu cầu, reset sau 6.83 phút
2025-05-21 15:13:57,650 - API còn lại: 671.0 yêu cầu, reset sau 6.03 phút
2025-05-21 15:14:12,035 - API còn lại: 648.0 yêu cầu, reset sau 5.82 phút
2025-05-21 15:15:00,856 - API còn lại: 567.0 yêu cầu, reset sau 5.00 phút
2025-05-21 15:15:10,033 - API còn lại: 550.0 yêu cầu, reset sau 4.83 phút
2025-05-21 15:16:00,052 - API còn lại: 466.0 yêu cầu, reset sau 4.00 phút
2025-05-21 15:16:09,773 - Đã lưu 500 bản ghi vào Data/contents_20250521_151609.csv
2025-05-21 15:16:11,804 - Đã đẩy Data/contents_20250521_151609.csv vào hdfs://host.docker.internal:9000/Data/Contents/contents_20250521_151609.csv
2025-05-21 15:16:11,861 - Đã gửi 500 bản ghi vào Kafka topic reddit_data
2025-05-21 15:16:11,908 - Đã lưu 6591 bản ghi vào Data/comments_20250521_151611.csv
2025-05-21 15:16:13,817 - Đã đẩy Data/comments_20250521_151611.csv vào hdfs://host.docker.internal:9000/Data/Comments/comments_20250521_151611.csv
2025-05-21 15:16:14,334 - Đã gửi 6591 bản ghi vào Kafka topic reddit_data
2025-05-21 15:16:14,334 - Đã thu thập 500 bài đăng từ r/technology
2025-05-21 15:16:14,337 - Đang thu thập từ r/todayilearned... (Lần thử 1)
2025-05-21 15:16:16,251 - API còn lại: 445.0 yêu cầu, reset sau 3.75 phút
2025-05-21 15:16:58,023 - API còn lại: 397.0 yêu cầu, reset sau 3.05 phút
2025-05-21 15:17:52,758 - API còn lại: 335.0 yêu cầu, reset sau 2.12 phút
2025-05-21 15:18:47,062 - Đã lưu 500 bản ghi vào Data/contents_20250521_151847.csv
2025-05-21 15:18:48,989 - Đã đẩy Data/contents_20250521_151847.csv vào hdfs://host.docker.internal:9000/Data/Contents/contents_20250521_151847.csv
2025-05-21 15:18:49,053 - Đã gửi 500 bản ghi vào Kafka topic reddit_data
2025-05-21 15:18:49,133 - Đã lưu 8647 bản ghi vào Data/comments_20250521_151849.csv
2025-05-21 15:18:51,062 - Đã đẩy Data/comments_20250521_151849.csv vào hdfs://host.docker.internal:9000/Data/Comments/comments_20250521_151849.csv
2025-05-21 15:18:52,030 - Đã gửi 8647 bản ghi vào Kafka topic reddit_data
2025-05-21 15:18:52,030 - Đã thu thập 500 bài đăng từ r/science
2025-05-21 15:18:53,660 - API còn lại: 270.0 yêu cầu, reset sau 1.12 phút
2025-05-21 15:19:46,900 - API còn lại: 208.0 yêu cầu, reset sau 0.22 phút
2025-05-21 15:20:01,788 - API còn lại: 194.0 yêu cầu, reset sau 0.02 phút
2025-05-21 15:20:40,718 - API còn lại: 952.0 yêu cầu, reset sau 9.32 phút
2025-05-21 15:21:02,534 - Đã lưu 120 bản ghi vào Data/contents_20250521_152102.csv
2025-05-21 15:21:04,415 - Đã đẩy Data/contents_20250521_152102.csv vào hdfs://host.docker.internal:9000/Data/Contents/contents_20250521_152102.csv
2025-05-21 15:21:04,464 - Đã gửi 120 bản ghi vào Kafka topic reddit_data
2025-05-21 15:21:04,469 - Đã lưu 237 bản ghi vào Data/comments_20250521_152104.csv
2025-05-21 15:21:06,333 - Đã đẩy Data/comments_20250521_152104.csv vào hdfs://host.docker.internal:9000/Data/Comments/comments_20250521_152104.csv
2025-05-21 15:21:06,378 - Đã gửi 237 bản ghi vào Kafka topic reddit_data
2025-05-21 15:21:06,378 - Đã thu thập 120 bài đăng từ r/science
2025-05-21 15:23:28,566 - API còn lại: 890.0 yêu cầu, reset sau 6.55 phút
2025-05-21 15:26:04,724 - API còn lại: 840.0 yêu cầu, reset sau 3.95 phút
2025-05-21 15:28:18,561 - API còn lại: 789.0 yêu cầu, reset sau 1.72 phút
2025-05-21 15:30:20,955 - API còn lại: 991.0 yêu cầu, reset sau 9.67 phút
2025-05-21 15:32:12,772 - API còn lại: 940.0 yêu cầu, reset sau 7.80 phút
2025-05-21 15:33:57,864 - API còn lại: 890.0 yêu cầu, reset sau 6.03 phút
2025-05-21 15:35:32,410 - API còn lại: 839.0 yêu cầu, reset sau 4.48 phút
2025-05-21 15:37:06,098 - API còn lại: 789.0 yêu cầu, reset sau 2.90 phút
2025-05-21 15:38:22,212 - Đã lưu 500 bản ghi vào Data/contents_20250521_153822.csv
2025-05-21 15:38:24,153 - Đã đẩy Data/contents_20250521_153822.csv vào hdfs://host.docker.internal:9000/Data/Contents/contents_20250521_153822.csv
2025-05-21 15:38:24,235 - Đã gửi 500 bản ghi vào Kafka topic reddit_data
2025-05-21 15:38:24,368 - Đã lưu 21058 bản ghi vào Data/comments_20250521_153824.csv
2025-05-21 15:38:26,188 - Đã đẩy Data/comments_20250521_153824.csv vào hdfs://host.docker.internal:9000/Data/Comments/comments_20250521_153824.csv
2025-05-21 15:38:27,813 - Đã gửi 21058 bản ghi vào Kafka topic reddit_data
2025-05-21 15:38:27,813 - Đã thu thập 500 bài đăng từ r/todayilearned
2025-05-21 15:38:29,828 - API còn lại: 738.0 yêu cầu, reset sau 1.53 phút
2025-05-21 15:39:40,374 - API còn lại: 688.0 yêu cầu, reset sau 0.33 phút
2025-05-21 15:40:47,820 - API còn lại: 963.0 yêu cầu, reset sau 9.22 phút
2025-05-21 15:41:50,203 - API còn lại: 913.0 yêu cầu, reset sau 8.17 phút
2025-05-21 15:42:53,775 - API còn lại: 862.0 yêu cầu, reset sau 7.12 phút
2025-05-21 15:43:48,418 - API còn lại: 812.0 yêu cầu, reset sau 6.20 phút
2025-05-21 15:44:45,696 - API còn lại: 761.0 yêu cầu, reset sau 5.25 phút
2025-05-21 15:45:40,906 - API còn lại: 711.0 yêu cầu, reset sau 4.32 phút
2025-05-21 15:46:34,206 - Đã lưu 398 bản ghi vào Data/contents_20250521_154634.csv
2025-05-21 15:46:36,143 - Đã đẩy Data/contents_20250521_154634.csv vào hdfs://host.docker.internal:9000/Data/Contents/contents_20250521_154634.csv
2025-05-21 15:46:36,191 - Đã gửi 398 bản ghi vào Kafka topic reddit_data
2025-05-21 15:46:36,217 - Đã lưu 3668 bản ghi vào Data/comments_20250521_154636.csv
2025-05-21 15:46:38,163 - Đã đẩy Data/comments_20250521_154636.csv vào hdfs://host.docker.internal:9000/Data/Comments/comments_20250521_154636.csv
2025-05-21 15:46:38,482 - Đã gửi 3668 bản ghi vào Kafka topic reddit_data
2025-05-21 15:46:38,482 - Đã thu thập 398 bài đăng từ r/todayilearned
2025-05-21 15:46:38,483 - 
--- LĨNH VỰC: News ---
2025-05-21 15:46:38,483 - Đang thu thập từ r/worldnews... (Lần thử 1)
2025-05-21 15:46:38,484 - Đang thu thập từ r/news... (Lần thử 1)
2025-05-21 15:46:40,238 - API còn lại: 661.0 yêu cầu, reset sau 3.35 phút
2025-05-21 15:46:40,631 - API còn lại: 662.0 yêu cầu, reset sau 3.35 phút
2025-05-21 15:50:25,812 - API còn lại: 988.0 yêu cầu, reset sau 9.60 phút
2025-05-21 15:50:26,522 - API còn lại: 989.0 yêu cầu, reset sau 9.62 phút
2025-05-21 15:53:46,733 - API còn lại: 889.0 yêu cầu, reset sau 6.23 phút
2025-05-21 15:53:56,167 - API còn lại: 883.0 yêu cầu, reset sau 6.08 phút
2025-05-21 15:56:35,151 - API còn lại: 787.0 yêu cầu, reset sau 3.42 phút
2025-05-21 15:56:40,457 - API còn lại: 785.0 yêu cầu, reset sau 3.37 phút
2025-05-21 15:59:11,286 - API còn lại: 685.0 yêu cầu, reset sau 0.83 phút
2025-05-21 15:59:12,755 - API còn lại: 684.0 yêu cầu, reset sau 0.80 phút
2025-05-21 16:01:22,486 - API còn lại: 936.0 yêu cầu, reset sau 8.63 phút
2025-05-21 16:01:23,502 - API còn lại: 937.0 yêu cầu, reset sau 8.63 phút
2025-05-21 16:03:26,303 - API còn lại: 844.0 yêu cầu, reset sau 6.57 phút
2025-05-21 16:03:53,749 - API còn lại: 822.0 yêu cầu, reset sau 6.12 phút
2025-05-21 16:05:08,549 - API còn lại: 754.0 yêu cầu, reset sau 4.87 phút
2025-05-21 16:05:49,047 - API còn lại: 714.0 yêu cầu, reset sau 4.18 phút
2025-05-21 16:06:36,568 - API còn lại: 663.0 yêu cầu, reset sau 3.40 phút
2025-05-21 16:06:47,569 - Retrying due to 500 status: GET https://oauth.reddit.com/comments/1ka73vr/
2025-05-21 16:06:51,546 - Retrying due to 500 status: GET https://oauth.reddit.com/comments/1kl1as7/
2025-05-21 16:07:51,909 - API còn lại: 581.0 yêu cầu, reset sau 2.13 phút
2025-05-21 16:07:53,274 - API còn lại: 580.0 yêu cầu, reset sau 2.13 phút
2025-05-21 16:08:50,662 - Retrying due to 500 status: GET https://oauth.reddit.com/comments/1kfpezn/
2025-05-21 16:08:58,490 - Đã lưu 500 bản ghi vào Data/contents_20250521_160858.csv
2025-05-21 16:09:00,371 - Đã đẩy Data/contents_20250521_160858.csv vào hdfs://host.docker.internal:9000/Data/Contents/contents_20250521_160858.csv
2025-05-21 16:09:00,427 - Đã gửi 500 bản ghi vào Kafka topic reddit_data
2025-05-21 16:09:00,556 - Đã lưu 23262 bản ghi vào Data/comments_20250521_160900.csv
2025-05-21 16:09:02,437 - Đã đẩy Data/comments_20250521_160900.csv vào hdfs://host.docker.internal:9000/Data/Comments/comments_20250521_160900.csv
2025-05-21 16:09:04,263 - Đã gửi 23262 bản ghi vào Kafka topic reddit_data
2025-05-21 16:09:04,263 - Đã thu thập 500 bài đăng từ r/news
2025-05-21 16:09:05,033 - Retrying due to 500 status: GET https://oauth.reddit.com/comments/1kfnuni/
2025-05-21 16:09:05,039 - API còn lại: 494.0 yêu cầu, reset sau 0.92 phút
2025-05-21 16:09:21,028 - Đã lưu 14 bản ghi vào Data/contents_20250521_160921.csv
2025-05-21 16:09:22,868 - Đã đẩy Data/contents_20250521_160921.csv vào hdfs://host.docker.internal:9000/Data/Contents/contents_20250521_160921.csv
2025-05-21 16:09:22,871 - Đã gửi 14 bản ghi vào Kafka topic reddit_data
2025-05-21 16:09:22,872 - Đã lưu 68 bản ghi vào Data/comments_20250521_160922.csv
2025-05-21 16:09:24,761 - Đã đẩy Data/comments_20250521_160922.csv vào hdfs://host.docker.internal:9000/Data/Comments/comments_20250521_160922.csv
2025-05-21 16:09:24,808 - Đã gửi 68 bản ghi vào Kafka topic reddit_data
2025-05-21 16:09:24,809 - Đã thu thập 14 bài đăng từ r/news
2025-05-21 16:09:24,809 - Đang thu thập từ r/VietNam... (Lần thử 1)
2025-05-21 16:09:27,752 - API còn lại: 468.0 yêu cầu, reset sau 0.57 phút
2025-05-21 16:09:39,926 - API còn lại: 458.0 yêu cầu, reset sau 0.35 phút
2025-05-21 16:09:54,064 - Retrying due to 500 status: GET https://oauth.reddit.com/comments/1kc3jiv/
2025-05-21 16:10:59,336 - API còn lại: 937.0 yêu cầu, reset sau 9.03 phút
2025-05-21 16:11:24,624 - Đã lưu 500 bản ghi vào Data/contents_20250521_161124.csv
2025-05-21 16:11:26,500 - Đã đẩy Data/contents_20250521_161124.csv vào hdfs://host.docker.internal:9000/Data/Contents/contents_20250521_161124.csv
2025-05-21 16:11:26,558 - Đã gửi 500 bản ghi vào Kafka topic reddit_data
2025-05-21 16:11:26,703 - Đã lưu 26857 bản ghi vào Data/comments_20250521_161126.csv
2025-05-21 16:11:28,537 - Đã đẩy Data/comments_20250521_161126.csv vào hdfs://host.docker.internal:9000/Data/Comments/comments_20250521_161126.csv
2025-05-21 16:11:30,469 - Đã gửi 26857 bản ghi vào Kafka topic reddit_data
2025-05-21 16:11:30,469 - Đã thu thập 500 bài đăng từ r/worldnews
2025-05-21 16:11:32,359 - API còn lại: 902.0 yêu cầu, reset sau 8.48 phút
2025-05-21 16:12:24,669 - API còn lại: 844.0 yêu cầu, reset sau 7.63 phút
2025-05-21 16:12:32,215 - Retrying due to 500 status: GET https://oauth.reddit.com/comments/1kkvrut/
2025-05-21 16:13:08,971 - API còn lại: 794.0 yêu cầu, reset sau 6.88 phút
2025-05-21 16:13:41,536 - API còn lại: 751.0 yêu cầu, reset sau 6.30 phút
2025-05-21 16:14:29,512 - Retrying due to 500 status: GET https://oauth.reddit.com/comments/1kav3f8/
2025-05-21 16:14:35,675 - Retrying due to 500 status: GET https://oauth.reddit.com/comments/1ko3kqi/
2025-05-21 16:14:38,293 - Retrying due to 500 status: GET https://oauth.reddit.com/comments/1koupnj/
2025-05-21 16:14:41,386 - API còn lại: 677.0 yêu cầu, reset sau 5.33 phút
2025-05-21 16:14:56,013 - API còn lại: 658.0 yêu cầu, reset sau 5.10 phút
2025-05-21 16:15:59,601 - Retrying due to 500 status: GET https://oauth.reddit.com/comments/1kj60sn/
2025-05-21 16:15:59,608 - API còn lại: 570.0 yêu cầu, reset sau 4.00 phút
2025-05-21 16:16:09,220 - Retrying due to 500 status: GET https://oauth.reddit.com/comments/1ka3i8u/
2025-05-21 16:16:11,752 - API còn lại: 553.0 yêu cầu, reset sau 3.80 phút
2025-05-21 16:16:45,339 - Retrying due to 500 status: GET https://oauth.reddit.com/comments/1k8rmpp/
2025-05-21 16:17:01,689 - API còn lại: 484.0 yêu cầu, reset sau 3.00 phút
2025-05-21 16:17:37,512 - API còn lại: 431.0 yêu cầu, reset sau 2.38 phút
2025-05-21 16:17:52,740 - Retrying due to 500 status: GET https://oauth.reddit.com/comments/1kjl5nq/
2025-05-21 16:18:02,482 - API còn lại: 395.0 yêu cầu, reset sau 1.97 phút
2025-05-21 16:18:59,541 - API còn lại: 319.0 yêu cầu, reset sau 1.03 phút
2025-05-21 16:19:05,535 - Retrying due to 500 status: GET https://oauth.reddit.com/comments/1ki9jwl/
2025-05-21 16:19:07,987 - Retrying due to 500 status: GET https://oauth.reddit.com/comments/1ki9jwl/
2025-05-21 16:19:35,116 - Retrying due to 500 status: GET https://oauth.reddit.com/comments/1kkqtvf/
2025-05-21 16:19:37,222 - Retrying due to 500 status: GET https://oauth.reddit.com/comments/1khh4dv/
2025-05-21 16:19:46,290 - API còn lại: 267.0 yêu cầu, reset sau 0.28 phút
2025-05-21 16:19:55,780 - API còn lại: 251.0 yêu cầu, reset sau 0.07 phút
2025-05-21 16:20:49,100 - Đã lưu 500 bản ghi vào Data/contents_20250521_162049.csv
2025-05-21 16:20:51,005 - Đã đẩy Data/contents_20250521_162049.csv vào hdfs://host.docker.internal:9000/Data/Contents/contents_20250521_162049.csv
2025-05-21 16:20:51,096 - Đã gửi 500 bản ghi vào Kafka topic reddit_data
2025-05-21 16:20:51,153 - Đã lưu 8520 bản ghi vào Data/comments_20250521_162051.csv
2025-05-21 16:20:53,040 - Đã đẩy Data/comments_20250521_162051.csv vào hdfs://host.docker.internal:9000/Data/Comments/comments_20250521_162051.csv
2025-05-21 16:20:53,703 - Đã gửi 8520 bản ghi vào Kafka topic reddit_data
2025-05-21 16:20:53,703 - Đã thu thập 500 bài đăng từ r/VietNam
2025-05-21 16:20:55,699 - API còn lại: 933.0 yêu cầu, reset sau 9.10 phút
2025-05-21 16:21:40,828 - API còn lại: 864.0 yêu cầu, reset sau 8.33 phút
2025-05-21 16:21:46,313 - API còn lại: 854.0 yêu cầu, reset sau 8.22 phút
2025-05-21 16:22:40,873 - API còn lại: 767.0 yêu cầu, reset sau 7.35 phút
2025-05-21 16:22:59,118 - API còn lại: 738.0 yêu cầu, reset sau 7.02 phút
2025-05-21 16:23:30,723 - API còn lại: 685.0 yêu cầu, reset sau 6.48 phút
2025-05-21 16:23:52,489 - Retrying due to 500 status: GET https://oauth.reddit.com/comments/1kdty1d/
2025-05-21 16:24:12,149 - API còn lại: 618.0 yêu cầu, reset sau 5.82 phút
2025-05-21 16:24:17,029 - Retrying due to 500 status: GET https://oauth.reddit.com/comments/1kak87l/
2025-05-21 16:24:22,646 - Retrying due to 500 status: GET https://oauth.reddit.com/comments/1kabqml/
2025-05-21 16:24:30,553 - API còn lại: 589.0 yêu cầu, reset sau 5.52 phút
2025-05-21 16:25:19,645 - API còn lại: 505.0 yêu cầu, reset sau 4.67 phút
2025-05-21 16:25:23,705 - API còn lại: 498.0 yêu cầu, reset sau 4.62 phút
2025-05-21 16:25:47,249 - Retrying due to 500 status: GET https://oauth.reddit.com/comments/1kd1jab/
2025-05-21 16:26:09,638 - API còn lại: 413.0 yêu cầu, reset sau 3.85 phút
2025-05-21 16:26:26,136 - Đã lưu 500 bản ghi vào Data/contents_20250521_162626.csv
2025-05-21 16:26:27,995 - Đã đẩy Data/contents_20250521_162626.csv vào hdfs://host.docker.internal:9000/Data/Contents/contents_20250521_162626.csv
2025-05-21 16:26:28,053 - Đã gửi 500 bản ghi vào Kafka topic reddit_data
2025-05-21 16:26:28,124 - Đã lưu 10708 bản ghi vào Data/comments_20250521_162628.csv
2025-05-21 16:26:29,991 - Đã đẩy Data/comments_20250521_162628.csv vào hdfs://host.docker.internal:9000/Data/Comments/comments_20250521_162628.csv
2025-05-21 16:26:30,848 - Đã gửi 10708 bản ghi vào Kafka topic reddit_data
2025-05-21 16:26:30,848 - Đã thu thập 500 bài đăng từ r/worldnews
2025-05-21 16:26:30,853 - Đang thu thập từ r/AskReddit... (Lần thử 1)
2025-05-21 16:26:32,138 - API còn lại: 376.0 yêu cầu, reset sau 3.47 phút
2025-05-21 16:27:00,320 - API còn lại: 343.0 yêu cầu, reset sau 2.98 phút
2025-05-21 16:27:55,056 - API còn lại: 281.0 yêu cầu, reset sau 2.10 phút
2025-05-21 16:28:31,646 - Retrying due to 500 status: GET https://oauth.reddit.com/comments/1kdywsz/
2025-05-21 16:28:47,405 - API còn lại: 220.0 yêu cầu, reset sau 1.20 phút
2025-05-21 16:28:58,456 - Retrying due to 500 status: GET https://oauth.reddit.com/comments/1kbdsqp/
2025-05-21 16:29:04,246 - Retrying due to 500 status: GET https://oauth.reddit.com/comments/1kb8z5j/
2025-05-21 16:29:41,004 - Đã lưu 500 bản ghi vào Data/contents_20250521_162940.csv
2025-05-21 16:29:42,841 - Đã đẩy Data/contents_20250521_162940.csv vào hdfs://host.docker.internal:9000/Data/Contents/contents_20250521_162940.csv
2025-05-21 16:29:42,920 - Đã gửi 500 bản ghi vào Kafka topic reddit_data
2025-05-21 16:29:42,937 - Đã lưu 1673 bản ghi vào Data/comments_20250521_162942.csv
2025-05-21 16:29:44,819 - Đã đẩy Data/comments_20250521_162942.csv vào hdfs://host.docker.internal:9000/Data/Comments/comments_20250521_162942.csv
2025-05-21 16:29:44,963 - Đã gửi 1673 bản ghi vào Kafka topic reddit_data
2025-05-21 16:29:44,963 - Đã thu thập 500 bài đăng từ r/VietNam
2025-05-21 16:30:49,580 - API còn lại: 990.0 yêu cầu, reset sau 9.23 phút
2025-05-21 16:31:30,891 - Retrying due to 500 status: GET https://oauth.reddit.com/comments/1k75hb4/
2025-05-21 16:33:01,400 - Retrying due to 500 status: GET https://oauth.reddit.com/comments/1kpz8n7/
2025-05-21 16:35:28,541 - API còn lại: 937.0 yêu cầu, reset sau 4.53 phút
2025-05-21 16:40:18,600 - API còn lại: 998.0 yêu cầu, reset sau 9.80 phút
2025-05-21 16:45:23,685 - API còn lại: 947.0 yêu cầu, reset sau 4.62 phút
2025-05-21 16:49:56,511 - API còn lại: 897.0 yêu cầu, reset sau 0.16 phút
2025-05-21 16:53:49,338 - API còn lại: 950.0 yêu cầu, reset sau 6.18 phút
2025-05-21 16:57:13,787 - API còn lại: 900.0 yêu cầu, reset sau 2.78 phút
2025-05-21 17:01:01,495 - API còn lại: 986.0 yêu cầu, reset sau 8.98 phút
2025-05-21 17:04:39,997 - API còn lại: 936.0 yêu cầu, reset sau 5.38 phút
2025-05-21 17:09:00,401 - Đã lưu 500 bản ghi vào Data/contents_20250521_170900.csv
2025-05-21 17:09:02,246 - Đã đẩy Data/contents_20250521_170900.csv vào hdfs://host.docker.internal:9000/Data/Contents/contents_20250521_170900.csv
2025-05-21 17:09:02,303 - Đã gửi 500 bản ghi vào Kafka topic reddit_data
2025-05-21 17:09:02,640 - Đã lưu 48959 bản ghi vào Data/comments_20250521_170902.csv
2025-05-21 17:09:04,645 - Đã đẩy Data/comments_20250521_170902.csv vào hdfs://host.docker.internal:9000/Data/Comments/comments_20250521_170902.csv
2025-05-21 17:09:08,928 - Đã gửi 48959 bản ghi vào Kafka topic reddit_data
2025-05-21 17:09:08,928 - Đã thu thập 500 bài đăng từ r/AskReddit
2025-05-21 17:09:11,581 - API còn lại: 885.0 yêu cầu, reset sau 0.83 phút
2025-05-21 17:12:22,771 - API còn lại: 959.0 yêu cầu, reset sau 7.63 phút
2025-05-21 17:15:08,497 - API còn lại: 908.0 yêu cầu, reset sau 4.87 phút
2025-05-21 17:17:49,539 - API còn lại: 858.0 yêu cầu, reset sau 2.20 phút
2025-05-21 17:20:13,455 - API còn lại: 994.0 yêu cầu, reset sau 9.78 phút
2025-05-21 17:22:39,374 - API còn lại: 944.0 yêu cầu, reset sau 7.35 phút
2025-05-21 17:24:55,263 - API còn lại: 893.0 yêu cầu, reset sau 5.08 phút
2025-05-21 17:27:03,060 - API còn lại: 843.0 yêu cầu, reset sau 2.97 phút
2025-05-21 17:29:13,713 - API còn lại: 792.0 yêu cầu, reset sau 0.78 phút
2025-05-21 17:31:22,319 - API còn lại: 969.0 yêu cầu, reset sau 8.65 phút
2025-05-21 17:33:23,358 - Đã lưu 500 bản ghi vào Data/contents_20250521_173323.csv
2025-05-21 17:33:26,723 - Đã đẩy Data/contents_20250521_173323.csv vào hdfs://host.docker.internal:9000/Data/Contents/contents_20250521_173323.csv
2025-05-21 17:33:26,873 - Đã gửi 500 bản ghi vào Kafka topic reddit_data
2025-05-21 17:33:27,229 - Đã lưu 45210 bản ghi vào Data/comments_20250521_173326.csv
2025-05-21 17:33:30,556 - Đã đẩy Data/comments_20250521_173326.csv vào hdfs://host.docker.internal:9000/Data/Comments/comments_20250521_173326.csv
2025-05-21 17:33:37,842 - Đã gửi 45210 bản ghi vào Kafka topic reddit_data
2025-05-21 17:33:37,843 - Đã thu thập 500 bài đăng từ r/AskReddit
2025-05-21 17:33:37,872 - 
--- LĨNH VỰC: Entertainment ---
2025-05-21 17:33:37,873 - Đang thu thập từ r/movies... (Lần thử 1)
2025-05-21 17:33:37,875 - Đang thu thập từ r/gaming... (Lần thử 1)
2025-05-21 17:33:40,045 - API còn lại: 917.0 yêu cầu, reset sau 6.35 phút
2025-05-21 17:33:40,437 - API còn lại: 918.0 yêu cầu, reset sau 6.35 phút
2025-05-21 17:37:04,567 - API còn lại: 820.0 yêu cầu, reset sau 2.97 phút
2025-05-21 17:37:15,840 - API còn lại: 815.0 yêu cầu, reset sau 2.78 phút
2025-05-21 17:40:00,103 - API còn lại: 724.0 yêu cầu, reset sau 0.02 phút
2025-05-21 17:40:35,410 - API còn lại: 981.0 yêu cầu, reset sau 9.43 phút
2025-05-21 17:42:33,384 - API còn lại: 904.0 yêu cầu, reset sau 7.45 phút
2025-05-21 17:43:05,963 - API còn lại: 881.0 yêu cầu, reset sau 6.92 phút
2025-05-21 17:44:47,692 - API còn lại: 808.0 yêu cầu, reset sau 5.22 phút
2025-05-21 17:45:36,857 - API còn lại: 772.0 yêu cầu, reset sau 4.40 phút
2025-05-21 17:47:04,328 - API còn lại: 707.0 yêu cầu, reset sau 2.93 phút
2025-05-21 17:47:51,855 - API còn lại: 675.0 yêu cầu, reset sau 2.13 phút
2025-05-21 17:49:22,016 - API còn lại: 608.0 yêu cầu, reset sau 0.65 phút
2025-05-21 17:49:59,276 - API còn lại: 570.0 yêu cầu, reset sau 0.03 phút
2025-05-21 17:51:20,819 - API còn lại: 937.0 yêu cầu, reset sau 8.68 phút
2025-05-21 17:51:58,774 - API còn lại: 904.0 yêu cầu, reset sau 8.03 phút
2025-05-21 17:53:22,173 - API còn lại: 834.0 yêu cầu, reset sau 6.65 phút
2025-05-21 17:53:56,863 - API còn lại: 801.0 yêu cầu, reset sau 6.07 phút
2025-05-21 17:55:12,319 - API còn lại: 730.0 yêu cầu, reset sau 4.80 phút
2025-05-21 17:55:28,851 - API còn lại: 711.0 yêu cầu, reset sau 4.52 phút
2025-05-21 17:56:51,922 - Đã lưu 500 bản ghi vào Data/contents_20250521_175651.csv
2025-05-21 17:56:55,295 - Đã đẩy Data/contents_20250521_175651.csv vào hdfs://host.docker.internal:9000/Data/Contents/contents_20250521_175651.csv
2025-05-21 17:56:55,547 - Đã gửi 500 bản ghi vào Kafka topic reddit_data
2025-05-21 17:56:55,813 - Đã lưu 31269 bản ghi vào Data/comments_20250521_175655.csv
2025-05-21 17:56:59,056 - Đã đẩy Data/comments_20250521_175655.csv vào hdfs://host.docker.internal:9000/Data/Comments/comments_20250521_175655.csv
2025-05-21 17:56:59,243 - Đã lưu 500 bản ghi vào Data/contents_20250521_175659.csv
2025-05-21 17:57:03,265 - Đã đẩy Data/contents_20250521_175659.csv vào hdfs://host.docker.internal:9000/Data/Contents/contents_20250521_175659.csv
2025-05-21 17:57:04,103 - Đã gửi 31269 bản ghi vào Kafka topic reddit_data
2025-05-21 17:57:04,109 - Đã thu thập 500 bài đăng từ r/movies
2025-05-21 17:57:04,227 - Đã gửi 500 bản ghi vào Kafka topic reddit_data
2025-05-21 17:57:04,512 - Đã lưu 32610 bản ghi vào Data/comments_20250521_175704.csv
2025-05-21 17:57:06,283 - API còn lại: 617.0 yêu cầu, reset sau 2.92 phút
2025-05-21 17:57:07,701 - Đã đẩy Data/comments_20250521_175704.csv vào hdfs://host.docker.internal:9000/Data/Comments/comments_20250521_175704.csv
2025-05-21 17:57:12,959 - Đã gửi 32610 bản ghi vào Kafka topic reddit_data
2025-05-21 17:57:12,959 - Đã thu thập 500 bài đăng từ r/gaming
2025-05-21 17:57:14,805 - API còn lại: 612.0 yêu cầu, reset sau 2.77 phút
2025-05-21 17:58:46,952 - API còn lại: 519.0 yêu cầu, reset sau 1.22 phút
2025-05-21 17:58:50,759 - API còn lại: 515.0 yêu cầu, reset sau 1.17 phút
2025-05-21 18:00:14,803 - API còn lại: 985.0 yêu cầu, reset sau 9.78 phút
2025-05-21 18:00:24,232 - API còn lại: 975.0 yêu cầu, reset sau 9.62 phút
2025-05-21 18:01:45,129 - API còn lại: 881.0 yêu cầu, reset sau 8.25 phút
2025-05-21 18:01:45,974 - API còn lại: 880.0 yêu cầu, reset sau 8.23 phút
2025-05-21 18:03:02,130 - API còn lại: 787.0 yêu cầu, reset sau 6.98 phút
2025-05-21 18:03:14,087 - API còn lại: 770.0 yêu cầu, reset sau 6.77 phút
2025-05-21 18:04:10,631 - API còn lại: 692.0 yêu cầu, reset sau 5.83 phút
2025-05-21 18:04:28,374 - API còn lại: 664.0 yêu cầu, reset sau 5.52 phút
2025-05-21 18:05:11,233 - API còn lại: 598.0 yêu cầu, reset sau 4.83 phút
2025-05-21 18:05:39,359 - API còn lại: 554.0 yêu cầu, reset sau 4.37 phút
2025-05-21 18:06:10,050 - API còn lại: 506.0 yêu cầu, reset sau 3.83 phút
2025-05-21 18:06:52,664 - API còn lại: 441.0 yêu cầu, reset sau 3.12 phút
2025-05-21 18:07:12,306 - API còn lại: 412.0 yêu cầu, reset sau 2.82 phút
2025-05-21 18:08:04,473 - API còn lại: 329.0 yêu cầu, reset sau 1.95 phút
2025-05-21 18:08:08,132 - API còn lại: 321.0 yêu cầu, reset sau 1.87 phút
2025-05-21 18:09:05,223 - Đã lưu 500 bản ghi vào Data/contents_20250521_180905.csv
2025-05-21 18:09:05,724 - API còn lại: 224.0 yêu cầu, reset sau 0.90 phút
2025-05-21 18:09:08,373 - Đã đẩy Data/contents_20250521_180905.csv vào hdfs://host.docker.internal:9000/Data/Contents/contents_20250521_180905.csv
2025-05-21 18:09:08,553 - Đã gửi 500 bản ghi vào Kafka topic reddit_data
2025-05-21 18:09:08,688 - Đã lưu 14125 bản ghi vào Data/comments_20250521_180908.csv
2025-05-21 18:09:11,728 - Đã đẩy Data/comments_20250521_180908.csv vào hdfs://host.docker.internal:9000/Data/Comments/comments_20250521_180908.csv
2025-05-21 18:09:13,728 - Đã gửi 14125 bản ghi vào Kafka topic reddit_data
2025-05-21 18:09:13,728 - Đã thu thập 500 bài đăng từ r/gaming
2025-05-21 18:09:13,738 - Đang thu thập từ r/music... (Lần thử 1)
2025-05-21 18:09:15,184 - API còn lại: 217.0 yêu cầu, reset sau 0.77 phút
2025-05-21 18:10:06,577 - Đã lưu 500 bản ghi vào Data/contents_20250521_181006.csv
2025-05-21 18:10:09,651 - Đã đẩy Data/contents_20250521_181006.csv vào hdfs://host.docker.internal:9000/Data/Contents/contents_20250521_181006.csv
2025-05-21 18:10:09,817 - Đã gửi 500 bản ghi vào Kafka topic reddit_data
2025-05-21 18:10:09,949 - Đã lưu 15628 bản ghi vào Data/comments_20250521_181009.csv
2025-05-21 18:10:13,133 - Đã đẩy Data/comments_20250521_181009.csv vào hdfs://host.docker.internal:9000/Data/Comments/comments_20250521_181009.csv
2025-05-21 18:10:15,588 - Đã gửi 15628 bản ghi vào Kafka topic reddit_data
2025-05-21 18:10:15,589 - Đã thu thập 500 bài đăng từ r/movies
2025-05-21 18:10:15,599 - Đang thu thập từ r/funny... (Lần thử 1)
2025-05-21 18:10:17,450 - API còn lại: 990.0 yêu cầu, reset sau 9.73 phút
2025-05-21 18:12:28,883 - API còn lại: 914.0 yêu cầu, reset sau 7.57 phút
2025-05-21 18:12:56,320 - API còn lại: 896.0 yêu cầu, reset sau 7.10 phút
2025-05-21 18:14:32,627 - API còn lại: 820.0 yêu cầu, reset sau 5.47 phút
2025-05-21 18:15:27,497 - API còn lại: 783.0 yêu cầu, reset sau 4.57 phút
2025-05-21 18:16:29,641 - API còn lại: 725.0 yêu cầu, reset sau 3.52 phút
2025-05-21 18:17:17,970 - API còn lại: 681.0 yêu cầu, reset sau 2.75 phút
2025-05-21 18:18:14,210 - API còn lại: 624.0 yêu cầu, reset sau 1.78 phút
2025-05-21 18:18:59,596 - API còn lại: 580.0 yêu cầu, reset sau 1.03 phút
2025-05-21 18:19:54,296 - API còn lại: 521.0 yêu cầu, reset sau 0.13 phút
2025-05-21 18:20:24,920 - API còn lại: 973.0 yêu cầu, reset sau 9.58 phút
2025-05-21 18:21:33,494 - API còn lại: 899.0 yêu cầu, reset sau 8.47 phút
2025-05-21 18:21:52,043 - API còn lại: 877.0 yêu cầu, reset sau 8.15 phút
2025-05-21 18:23:06,272 - API còn lại: 794.0 yêu cầu, reset sau 6.93 phút
2025-05-21 18:23:11,472 - API còn lại: 783.0 yêu cầu, reset sau 6.80 phút
2025-05-21 18:24:10,027 - API còn lại: 697.0 yêu cầu, reset sau 5.85 phút
2025-05-21 18:24:24,197 - API còn lại: 677.0 yêu cầu, reset sau 5.62 phút
2025-05-21 18:25:15,176 - Retrying due to ReadTimeout(ReadTimeoutError("HTTPSConnectionPool(host='oauth.reddit.com', port=443): Read timed out. (read timeout=16.0)")) status: GET https://oauth.reddit.com/comments/1ka11cr/
2025-05-21 18:25:17,333 - Retrying due to ReadTimeout(ReadTimeoutError("HTTPSConnectionPool(host='oauth.reddit.com', port=443): Read timed out. (read timeout=16.0)")) status: GET https://oauth.reddit.com/comments/1k6to99/
2025-05-21 18:25:36,528 - Retrying due to ConnectionError(MaxRetryError("HTTPSConnectionPool(host='oauth.reddit.com', port=443): Max retries exceeded with url: /comments/1ka11cr/?limit=2048&sort=confidence&raw_json=1 (Caused by NewConnectionError('<urllib3.connection.HTTPSConnection object at 0x7ca1bb55f7d0>: Failed to establish a new connection: [Errno -2] Name or service not known'))")) status: GET https://oauth.reddit.com/comments/1ka11cr/
2025-05-21 18:25:38,668 - Retrying due to ConnectionError(MaxRetryError("HTTPSConnectionPool(host='oauth.reddit.com', port=443): Max retries exceeded with url: /comments/1k6to99/?limit=2048&sort=confidence&raw_json=1 (Caused by NewConnectionError('<urllib3.connection.HTTPSConnection object at 0x7ca1cd9d7b10>: Failed to establish a new connection: [Errno -2] Name or service not known'))")) status: GET https://oauth.reddit.com/comments/1k6to99/
2025-05-21 18:25:59,041 - Lỗi API khi thu thập r/funny: error with request HTTPSConnectionPool(host='oauth.reddit.com', port=443): Max retries exceeded with url: /comments/1ka11cr/?limit=2048&sort=confidence&raw_json=1 (Caused by NewConnectionError('<urllib3.connection.HTTPSConnection object at 0x7ca1ccb66bd0>: Failed to establish a new connection: [Errno -2] Name or service not known'))
2025-05-21 18:25:59,041 - Thử lại sau 60s...
2025-05-21 18:26:02,667 - Lỗi API khi thu thập r/music: error with request HTTPSConnectionPool(host='oauth.reddit.com', port=443): Max retries exceeded with url: /comments/1k6to99/?limit=2048&sort=confidence&raw_json=1 (Caused by NewConnectionError('<urllib3.connection.HTTPSConnection object at 0x7ca1ce5d6750>: Failed to establish a new connection: [Errno -2] Name or service not known'))
2025-05-21 18:26:02,667 - Thử lại sau 60s...
2025-05-21 18:26:59,041 - Đang thu thập từ r/funny... (Lần thử 2)
2025-05-21 18:27:02,667 - Đang thu thập từ r/music... (Lần thử 2)
2025-05-21 18:28:29,590 - API còn lại: 591.0 yêu cầu, reset sau 1.55 phút
2025-05-21 18:28:49,631 - API còn lại: 581.0 yêu cầu, reset sau 1.20 phút
2025-05-21 18:31:24,790 - Đã lưu 500 bản ghi vào Data/contents_20250521_183124.csv
2025-05-21 18:31:27,880 - Đã đẩy Data/contents_20250521_183124.csv vào hdfs://host.docker.internal:9000/Data/Contents/contents_20250521_183124.csv
2025-05-21 18:31:28,017 - Đã gửi 500 bản ghi vào Kafka topic reddit_data
2025-05-21 18:31:28,222 - Đã lưu 24016 bản ghi vào Data/comments_20250521_183128.csv
2025-05-21 18:31:31,296 - Đã đẩy Data/comments_20250521_183128.csv vào hdfs://host.docker.internal:9000/Data/Comments/comments_20250521_183128.csv
2025-05-21 18:31:33,001 - Đã lưu 500 bản ghi vào Data/contents_20250521_183132.csv
2025-05-21 18:31:35,085 - Đã gửi 24016 bản ghi vào Kafka topic reddit_data
2025-05-21 18:31:35,086 - Đã thu thập 500 bài đăng từ r/music
2025-05-21 18:31:35,104 - API còn lại: 945.0 yêu cầu, reset sau 8.45 phút
2025-05-21 18:31:36,536 - Đã đẩy Data/contents_20250521_183132.csv vào hdfs://host.docker.internal:9000/Data/Contents/contents_20250521_183132.csv
2025-05-21 18:31:36,702 - Đã gửi 500 bản ghi vào Kafka topic reddit_data
2025-05-21 18:31:36,951 - Đã lưu 32018 bản ghi vào Data/comments_20250521_183136.csv
2025-05-21 18:31:40,049 - Đã đẩy Data/comments_20250521_183136.csv vào hdfs://host.docker.internal:9000/Data/Comments/comments_20250521_183136.csv
2025-05-21 18:31:44,825 - Đã gửi 32018 bản ghi vào Kafka topic reddit_data
2025-05-21 18:31:44,825 - Đã thu thập 500 bài đăng từ r/funny
2025-05-21 18:31:44,844 - API còn lại: 942.0 yêu cầu, reset sau 8.27 phút
2025-05-21 18:33:52,024 - API còn lại: 852.0 yêu cầu, reset sau 6.17 phút
2025-05-21 18:34:07,791 - API còn lại: 837.0 yêu cầu, reset sau 5.88 phút
2025-05-21 18:35:45,112 - API còn lại: 750.0 yêu cầu, reset sau 4.25 phút
2025-05-21 18:35:59,040 - API còn lại: 739.0 yêu cầu, reset sau 4.05 phút
2025-05-21 18:37:35,606 - API còn lại: 642.0 yêu cầu, reset sau 2.47 phút
2025-05-21 18:37:35,855 - API còn lại: 641.0 yêu cầu, reset sau 2.43 phút
2025-05-21 18:39:01,710 - API còn lại: 547.0 yêu cầu, reset sau 0.97 phút
2025-05-21 18:39:13,432 - API còn lại: 535.0 yêu cầu, reset sau 0.80 phút
2025-05-21 18:40:36,720 - API còn lại: 963.0 yêu cầu, reset sau 9.38 phút
2025-05-21 18:40:59,442 - API còn lại: 936.0 yêu cầu, reset sau 9.00 phút
2025-05-21 18:41:53,693 - API còn lại: 872.0 yêu cầu, reset sau 8.12 phút
2025-05-21 18:42:23,534 - API còn lại: 829.0 yêu cầu, reset sau 7.62 phút
2025-05-21 18:43:04,667 - API còn lại: 769.0 yêu cầu, reset sau 6.95 phút
2025-05-21 18:43:33,770 - API còn lại: 730.0 yêu cầu, reset sau 6.45 phút
2025-05-21 18:44:18,172 - API còn lại: 661.0 yêu cầu, reset sau 5.70 phút
2025-05-21 18:44:34,952 - API còn lại: 635.0 yêu cầu, reset sau 5.42 phút
2025-05-21 18:45:29,841 - API còn lại: 554.0 yêu cầu, reset sau 4.50 phút
2025-05-21 18:45:39,382 - API còn lại: 539.0 yêu cầu, reset sau 4.33 phút
2025-05-21 18:46:32,333 - Đã lưu 500 bản ghi vào Data/contents_20250521_184632.csv
2025-05-21 18:46:35,426 - Đã đẩy Data/contents_20250521_184632.csv vào hdfs://host.docker.internal:9000/Data/Contents/contents_20250521_184632.csv
2025-05-21 18:46:35,587 - Đã gửi 500 bản ghi vào Kafka topic reddit_data
2025-05-21 18:46:35,784 - Đã lưu 21797 bản ghi vào Data/comments_20250521_184635.csv
2025-05-21 18:46:38,969 - Đã đẩy Data/comments_20250521_184635.csv vào hdfs://host.docker.internal:9000/Data/Comments/comments_20250521_184635.csv
2025-05-21 18:46:40,878 - Đã lưu 500 bản ghi vào Data/contents_20250521_184640.csv
2025-05-21 18:46:42,381 - Đã gửi 21797 bản ghi vào Kafka topic reddit_data
2025-05-21 18:46:42,382 - Đã thu thập 500 bài đăng từ r/funny
2025-05-21 18:46:42,409 - API còn lại: 446.0 yêu cầu, reset sau 3.29 phút
2025-05-21 18:46:44,366 - Đã đẩy Data/contents_20250521_184640.csv vào hdfs://host.docker.internal:9000/Data/Contents/contents_20250521_184640.csv
2025-05-21 18:46:44,533 - Đã gửi 500 bản ghi vào Kafka topic reddit_data
2025-05-21 18:46:44,682 - Đã lưu 15550 bản ghi vào Data/comments_20250521_184644.csv
2025-05-21 18:46:47,771 - Đã đẩy Data/comments_20250521_184644.csv vào hdfs://host.docker.internal:9000/Data/Comments/comments_20250521_184644.csv
2025-05-21 18:46:49,733 - Đã gửi 15550 bản ghi vào Kafka topic reddit_data
2025-05-21 18:46:49,734 - Đã thu thập 500 bài đăng từ r/music
2025-05-21 18:46:49,744 - API còn lại: 440.0 yêu cầu, reset sau 3.17 phút
2025-05-21 18:47:42,059 - API còn lại: 351.0 yêu cầu, reset sau 2.30 phút
2025-05-21 18:47:49,662 - API còn lại: 338.0 yêu cầu, reset sau 2.17 phút
2025-05-21 18:48:41,134 - API còn lại: 248.0 yêu cầu, reset sau 1.32 phút
2025-05-21 18:48:45,612 - API còn lại: 241.0 yêu cầu, reset sau 1.23 phút
2025-05-21 18:49:37,772 - API còn lại: 145.0 yêu cầu, reset sau 0.37 phút
2025-05-21 18:49:40,097 - API còn lại: 140.0 yêu cầu, reset sau 0.33 phút
2025-05-21 18:50:35,551 - API còn lại: 941.0 yêu cầu, reset sau 9.42 phút
2025-05-21 18:50:37,869 - API còn lại: 937.0 yêu cầu, reset sau 9.37 phút
2025-05-21 18:51:36,802 - API còn lại: 839.0 yêu cầu, reset sau 8.38 phút
2025-05-21 18:51:39,231 - API còn lại: 835.0 yêu cầu, reset sau 8.35 phút
2025-05-21 18:52:36,156 - API còn lại: 739.0 yêu cầu, reset sau 7.40 phút
2025-05-21 18:52:39,524 - API còn lại: 734.0 yêu cầu, reset sau 7.33 phút
2025-05-21 18:53:37,738 - API còn lại: 636.0 yêu cầu, reset sau 6.37 phút
2025-05-21 18:53:39,722 - API còn lại: 633.0 yêu cầu, reset sau 6.33 phút
2025-05-21 18:54:37,960 - API còn lại: 535.0 yêu cầu, reset sau 5.37 phút
2025-05-21 18:54:38,978 - API còn lại: 533.0 yêu cầu, reset sau 5.35 phút
2025-05-21 18:54:55,109 - Đã lưu 414 bản ghi vào Data/contents_20250521_185455.csv
2025-05-21 18:54:58,292 - Đã đẩy Data/contents_20250521_185455.csv vào hdfs://host.docker.internal:9000/Data/Contents/contents_20250521_185455.csv
2025-05-21 18:54:58,416 - Đã gửi 414 bản ghi vào Kafka topic reddit_data
2025-05-21 18:54:58,473 - Đã lưu 5054 bản ghi vào Data/comments_20250521_185458.csv
2025-05-21 18:55:01,565 - Đã đẩy Data/comments_20250521_185458.csv vào hdfs://host.docker.internal:9000/Data/Comments/comments_20250521_185458.csv
2025-05-21 18:55:02,328 - Đã gửi 5054 bản ghi vào Kafka topic reddit_data
2025-05-21 18:55:02,328 - Đã thu thập 414 bài đăng từ r/funny
2025-05-21 18:55:02,328 - Đang thu thập từ r/memes... (Lần thử 1)
2025-05-21 18:55:04,068 - API còn lại: 499.0 yêu cầu, reset sau 4.95 phút
2025-05-21 18:55:14,935 - Đã lưu 430 bản ghi vào Data/contents_20250521_185514.csv
2025-05-21 18:55:18,129 - Đã đẩy Data/contents_20250521_185514.csv vào hdfs://host.docker.internal:9000/Data/Contents/contents_20250521_185514.csv
2025-05-21 18:55:18,297 - Đã gửi 430 bản ghi vào Kafka topic reddit_data
2025-05-21 18:55:18,340 - Đã lưu 1926 bản ghi vào Data/comments_20250521_185518.csv
2025-05-21 18:55:21,638 - Đã đẩy Data/comments_20250521_185518.csv vào hdfs://host.docker.internal:9000/Data/Comments/comments_20250521_185518.csv
2025-05-21 18:55:22,006 - Đã gửi 1926 bản ghi vào Kafka topic reddit_data
2025-05-21 18:55:22,006 - Đã thu thập 430 bài đăng từ r/music
2025-05-21 18:58:00,719 - API còn lại: 439.0 yêu cầu, reset sau 2.00 phút
2025-05-21 19:00:10,671 - API còn lại: 994.0 yêu cầu, reset sau 9.85 phút
2025-05-21 19:02:03,221 - API còn lại: 944.0 yêu cầu, reset sau 7.95 phút
2025-05-21 19:03:49,589 - API còn lại: 893.0 yêu cầu, reset sau 6.20 phút
2025-05-21 19:05:23,046 - API còn lại: 843.0 yêu cầu, reset sau 4.63 phút
2025-05-21 19:06:51,838 - API còn lại: 792.0 yêu cầu, reset sau 3.15 phút
2025-05-21 19:08:21,896 - API còn lại: 742.0 yêu cầu, reset sau 1.63 phút
2025-05-21 19:09:39,479 - API còn lại: 691.0 yêu cầu, reset sau 0.37 phút
2025-05-21 19:10:57,045 - API còn lại: 963.0 yêu cầu, reset sau 9.05 phút
2025-05-21 19:12:12,003 - Đã lưu 500 bản ghi vào Data/contents_20250521_191211.csv
2025-05-21 19:12:15,151 - Đã đẩy Data/contents_20250521_191211.csv vào hdfs://host.docker.internal:9000/Data/Contents/contents_20250521_191211.csv
2025-05-21 19:12:15,344 - Đã gửi 500 bản ghi vào Kafka topic reddit_data
2025-05-21 19:12:15,566 - Đã lưu 23735 bản ghi vào Data/comments_20250521_191215.csv
2025-05-21 19:12:18,758 - Đã đẩy Data/comments_20250521_191215.csv vào hdfs://host.docker.internal:9000/Data/Comments/comments_20250521_191215.csv
2025-05-21 19:12:22,104 - Đã gửi 23735 bản ghi vào Kafka topic reddit_data
2025-05-21 19:12:22,104 - Đã thu thập 500 bài đăng từ r/memes
2025-05-21 19:12:24,548 - API còn lại: 912.0 yêu cầu, reset sau 7.62 phút
2025-05-21 19:13:34,676 - API còn lại: 862.0 yêu cầu, reset sau 6.42 phút
2025-05-21 19:14:44,024 - API còn lại: 811.0 yêu cầu, reset sau 5.28 phút
2025-05-21 19:15:54,110 - API còn lại: 761.0 yêu cầu, reset sau 4.10 phút
2025-05-21 19:17:02,157 - API còn lại: 710.0 yêu cầu, reset sau 2.98 phút
2025-05-21 19:18:10,881 - API còn lại: 660.0 yêu cầu, reset sau 1.82 phút
2025-05-21 19:19:15,745 - API còn lại: 609.0 yêu cầu, reset sau 0.77 phút
2025-05-21 19:20:13,543 - API còn lại: 988.0 yêu cầu, reset sau 9.77 phút
2025-05-21 19:21:12,651 - API còn lại: 937.0 yêu cầu, reset sau 8.80 phút
2025-05-21 19:22:11,163 - API còn lại: 887.0 yêu cầu, reset sau 7.82 phút
2025-05-21 19:22:59,005 - Đã lưu 491 bản ghi vào Data/contents_20250521_192258.csv
2025-05-21 19:23:02,182 - Đã đẩy Data/contents_20250521_192258.csv vào hdfs://host.docker.internal:9000/Data/Contents/contents_20250521_192258.csv
2025-05-21 19:23:02,304 - Đã gửi 491 bản ghi vào Kafka topic reddit_data
2025-05-21 19:23:02,395 - Đã lưu 7276 bản ghi vào Data/comments_20250521_192302.csv
2025-05-21 19:23:05,642 - Đã đẩy Data/comments_20250521_192302.csv vào hdfs://host.docker.internal:9000/Data/Comments/comments_20250521_192302.csv
2025-05-21 19:23:06,725 - Đã gửi 7276 bản ghi vào Kafka topic reddit_data
2025-05-21 19:23:06,725 - Đã thu thập 491 bài đăng từ r/memes
2025-05-21 19:23:06,725 - 
--- LĨNH VỰC: Lifestyle ---
2025-05-21 19:23:06,726 - Đang thu thập từ r/fitness... (Lần thử 1)
2025-05-21 19:23:06,726 - Đang thu thập từ r/food... (Lần thử 1)
2025-05-21 19:23:07,842 - API còn lại: 845.0 yêu cầu, reset sau 6.88 phút
2025-05-21 19:23:10,254 - API còn lại: 844.0 yêu cầu, reset sau 6.87 phút
2025-05-21 19:24:34,873 - API còn lại: 753.0 yêu cầu, reset sau 5.43 phút
2025-05-21 19:24:49,670 - Đã lưu 48 bản ghi vào Data/contents_20250521_192449.csv
2025-05-21 19:24:53,096 - Đã đẩy Data/contents_20250521_192449.csv vào hdfs://host.docker.internal:9000/Data/Contents/contents_20250521_192449.csv
2025-05-21 19:24:53,133 - Đã gửi 48 bản ghi vào Kafka topic reddit_data
2025-05-21 19:24:53,172 - Đã lưu 1739 bản ghi vào Data/comments_20250521_192453.csv
2025-05-21 19:24:56,463 - Đã đẩy Data/comments_20250521_192453.csv vào hdfs://host.docker.internal:9000/Data/Comments/comments_20250521_192453.csv
2025-05-21 19:24:56,868 - Đã gửi 1739 bản ghi vào Kafka topic reddit_data
2025-05-21 19:24:56,868 - Đã thu thập 48 bài đăng từ r/fitness
2025-05-21 19:24:56,868 - Đang thu thập từ r/travel... (Lần thử 1)
2025-05-21 19:25:00,735 - API còn lại: 729.0 yêu cầu, reset sau 5.03 phút
2025-05-21 19:25:39,462 - API còn lại: 679.0 yêu cầu, reset sau 4.38 phút
2025-05-21 19:26:39,048 - API còn lại: 603.0 yêu cầu, reset sau 3.37 phút
2025-05-21 19:26:58,231 - API còn lại: 576.0 yêu cầu, reset sau 3.03 phút
2025-05-21 19:27:36,600 - API còn lại: 526.0 yêu cầu, reset sau 2.42 phút
2025-05-21 19:28:31,438 - API còn lại: 450.0 yêu cầu, reset sau 1.47 phút
2025-05-21 19:28:41,702 - API còn lại: 434.0 yêu cầu, reset sau 1.33 phút
2025-05-21 19:29:28,237 - API còn lại: 368.0 yêu cầu, reset sau 0.57 phút
2025-05-21 19:30:12,940 - API còn lại: 981.0 yêu cầu, reset sau 9.80 phút
2025-05-21 19:30:22,926 - API còn lại: 965.0 yêu cầu, reset sau 9.62 phút
2025-05-21 19:31:19,583 - API còn lại: 873.0 yêu cầu, reset sau 8.70 phút
2025-05-21 19:31:23,072 - API còn lại: 868.0 yêu cầu, reset sau 8.65 phút
2025-05-21 19:32:13,168 - API còn lại: 778.0 yêu cầu, reset sau 7.78 phút
2025-05-21 19:32:22,844 - API còn lại: 762.0 yêu cầu, reset sau 7.62 phút
2025-05-21 19:33:09,908 - Đã lưu 500 bản ghi vào Data/contents_20250521_193309.csv
2025-05-21 19:33:13,164 - Đã đẩy Data/contents_20250521_193309.csv vào hdfs://host.docker.internal:9000/Data/Contents/contents_20250521_193309.csv
2025-05-21 19:33:13,326 - Đã gửi 500 bản ghi vào Kafka topic reddit_data
2025-05-21 19:33:13,414 - Đã lưu 6167 bản ghi vào Data/comments_20250521_193313.csv
2025-05-21 19:33:16,665 - Đã đẩy Data/comments_20250521_193313.csv vào hdfs://host.docker.internal:9000/Data/Comments/comments_20250521_193313.csv
2025-05-21 19:33:17,327 - Đã gửi 6167 bản ghi vào Kafka topic reddit_data
2025-05-21 19:33:17,327 - Đã thu thập 500 bài đăng từ r/food
2025-05-21 19:33:20,433 - API còn lại: 675.0 yêu cầu, reset sau 6.70 phút
2025-05-21 19:33:26,926 - API còn lại: 663.0 yêu cầu, reset sau 6.58 phút
2025-05-21 19:34:14,869 - API còn lại: 574.0 yêu cầu, reset sau 5.75 phút
2025-05-21 19:34:23,345 - API còn lại: 560.0 yêu cầu, reset sau 5.62 phút
2025-05-21 19:35:17,488 - API còn lại: 473.0 yêu cầu, reset sau 4.75 phút
2025-05-21 19:35:25,793 - API còn lại: 460.0 yêu cầu, reset sau 4.60 phút
2025-05-21 19:36:15,775 - API còn lại: 373.0 yêu cầu, reset sau 3.73 phút
2025-05-21 19:36:24,422 - API còn lại: 358.0 yêu cầu, reset sau 3.58 phút
2025-05-21 19:36:30,694 - Retrying due to 500 status: GET https://oauth.reddit.com/comments/1kdrv9i/
2025-05-21 19:36:32,900 - Retrying due to 500 status: GET https://oauth.reddit.com/comments/1kdrv9i/
2025-05-21 19:36:36,360 - Retrying due to 500 status: GET https://oauth.reddit.com/comments/1kebrwg/
2025-05-21 19:37:19,219 - API còn lại: 271.0 yêu cầu, reset sau 2.72 phút
2025-05-21 19:37:26,501 - Đã lưu 500 bản ghi vào Data/contents_20250521_193726.csv
2025-05-21 19:37:29,562 - Đã đẩy Data/contents_20250521_193726.csv vào hdfs://host.docker.internal:9000/Data/Contents/contents_20250521_193726.csv
2025-05-21 19:37:29,808 - Đã gửi 500 bản ghi vào Kafka topic reddit_data
2025-05-21 19:37:29,955 - Đã lưu 12130 bản ghi vào Data/comments_20250521_193729.csv
2025-05-21 19:37:33,033 - Đã đẩy Data/comments_20250521_193729.csv vào hdfs://host.docker.internal:9000/Data/Comments/comments_20250521_193729.csv
2025-05-21 19:37:35,099 - Đã gửi 12130 bản ghi vào Kafka topic reddit_data
2025-05-21 19:37:35,100 - Đã thu thập 500 bài đăng từ r/travel
2025-05-21 19:37:37,755 - API còn lại: 245.0 yêu cầu, reset sau 2.40 phút
2025-05-21 19:38:12,198 - API còn lại: 178.0 yêu cầu, reset sau 1.80 phút
2025-05-21 19:38:33,881 - API còn lại: 142.0 yêu cầu, reset sau 1.43 phút
2025-05-21 19:39:16,481 - API còn lại: 77.0 yêu cầu, reset sau 0.78 phút
2025-05-21 19:39:34,504 - API còn lại: 43.0 yêu cầu, reset sau 0.45 phút
2025-05-21 19:39:34,504 - Đang chờ 36.98s do giới hạn API...
2025-05-21 19:40:08,810 - API còn lại: 991.0 yêu cầu, reset sau 9.85 phút
2025-05-21 19:41:04,405 - API còn lại: 894.0 yêu cầu, reset sau 8.95 phút
2025-05-21 19:41:06,497 - API còn lại: 889.0 yêu cầu, reset sau 8.88 phút
2025-05-21 19:42:04,125 - API còn lại: 793.0 yêu cầu, reset sau 7.93 phút
2025-05-21 19:42:08,688 - API còn lại: 787.0 yêu cầu, reset sau 7.87 phút
2025-05-21 19:43:03,673 - Đã lưu 500 bản ghi vào Data/contents_20250521_194303.csv
2025-05-21 19:43:06,765 - Đã đẩy Data/contents_20250521_194303.csv vào hdfs://host.docker.internal:9000/Data/Contents/contents_20250521_194303.csv
2025-05-21 19:43:06,797 - API còn lại: 689.0 yêu cầu, reset sau 6.88 phút
2025-05-21 19:43:06,908 - Đã gửi 500 bản ghi vào Kafka topic reddit_data
2025-05-21 19:43:06,923 - Đã lưu 1329 bản ghi vào Data/comments_20250521_194306.csv
2025-05-21 19:43:10,058 - Đã đẩy Data/comments_20250521_194306.csv vào hdfs://host.docker.internal:9000/Data/Comments/comments_20250521_194306.csv
2025-05-21 19:43:10,304 - Đã gửi 1329 bản ghi vào Kafka topic reddit_data
2025-05-21 19:43:10,305 - Đã thu thập 500 bài đăng từ r/food
2025-05-21 19:43:10,307 - Đang thu thập từ r/aww... (Lần thử 1)
2025-05-21 19:43:13,196 - API còn lại: 685.0 yêu cầu, reset sau 6.82 phút
2025-05-21 19:44:00,357 - API còn lại: 625.0 yêu cầu, reset sau 6.02 phút
2025-05-21 19:44:52,234 - API còn lại: 555.0 yêu cầu, reset sau 5.13 phút
2025-05-21 19:45:27,909 - API còn lại: 504.0 yêu cầu, reset sau 4.55 phút
2025-05-21 19:45:45,299 - API còn lại: 479.0 yêu cầu, reset sau 4.27 phút
2025-05-21 19:46:36,704 - API còn lại: 395.0 yêu cầu, reset sau 3.38 phút
2025-05-21 19:46:51,046 - API còn lại: 373.0 yêu cầu, reset sau 3.18 phút
2025-05-21 19:47:25,263 - Đã lưu 498 bản ghi vào Data/contents_20250521_194725.csv
2025-05-21 19:47:28,339 - Đã đẩy Data/contents_20250521_194725.csv vào hdfs://host.docker.internal:9000/Data/Contents/contents_20250521_194725.csv
2025-05-21 19:47:28,614 - Đã gửi 498 bản ghi vào Kafka topic reddit_data
2025-05-21 19:47:28,655 - Đã lưu 1685 bản ghi vào Data/comments_20250521_194728.csv
2025-05-21 19:47:31,794 - Đã đẩy Data/comments_20250521_194728.csv vào hdfs://host.docker.internal:9000/Data/Comments/comments_20250521_194728.csv
2025-05-21 19:47:32,184 - Đã gửi 1685 bản ghi vào Kafka topic reddit_data
2025-05-21 19:47:32,184 - Đã thu thập 498 bài đăng từ r/travel
2025-05-21 19:48:06,224 - API còn lại: 287.0 yêu cầu, reset sau 1.90 phút
2025-05-21 19:49:23,558 - API còn lại: 236.0 yêu cầu, reset sau 0.65 phút
2025-05-21 19:50:33,098 - API còn lại: 978.0 yêu cầu, reset sau 9.47 phút
2025-05-21 19:51:43,166 - API còn lại: 927.0 yêu cầu, reset sau 8.33 phút
2025-05-21 19:52:47,412 - API còn lại: 877.0 yêu cầu, reset sau 7.20 phút
2025-05-21 19:53:53,157 - API còn lại: 826.0 yêu cầu, reset sau 6.15 phút
2025-05-21 19:54:53,015 - API còn lại: 776.0 yêu cầu, reset sau 5.12 phút
2025-05-21 19:55:52,720 - Đã lưu 500 bản ghi vào Data/contents_20250521_195552.csv
2025-05-21 19:55:55,868 - Đã đẩy Data/contents_20250521_195552.csv vào hdfs://host.docker.internal:9000/Data/Contents/contents_20250521_195552.csv
2025-05-21 19:55:56,003 - Đã gửi 500 bản ghi vào Kafka topic reddit_data
2025-05-21 19:55:56,117 - Đã lưu 15013 bản ghi vào Data/comments_20250521_195556.csv
2025-05-21 19:55:59,188 - Đã đẩy Data/comments_20250521_195556.csv vào hdfs://host.docker.internal:9000/Data/Comments/comments_20250521_195556.csv
2025-05-21 19:56:01,164 - Đã gửi 15013 bản ghi vào Kafka topic reddit_data
2025-05-21 19:56:01,165 - Đã thu thập 500 bài đăng từ r/aww
2025-05-21 19:56:04,142 - API còn lại: 726.0 yêu cầu, reset sau 3.97 phút
2025-05-21 19:57:01,656 - API còn lại: 676.0 yêu cầu, reset sau 2.97 phút
2025-05-21 19:58:01,021 - API còn lại: 625.0 yêu cầu, reset sau 2.03 phút
2025-05-21 19:58:56,193 - API còn lại: 575.0 yêu cầu, reset sau 1.07 phút
2025-05-21 19:59:56,288 - API còn lại: 524.0 yêu cầu, reset sau 0.10 phút
2025-05-21 20:00:51,146 - API còn lại: 953.0 yêu cầu, reset sau 9.15 phút
2025-05-21 20:01:48,767 - API còn lại: 902.0 yêu cầu, reset sau 8.23 phút
2025-05-21 20:02:43,865 - API còn lại: 852.0 yêu cầu, reset sau 7.27 phút
2025-05-21 20:03:40,640 - API còn lại: 801.0 yêu cầu, reset sau 6.35 phút
2025-05-21 20:04:34,671 - API còn lại: 751.0 yêu cầu, reset sau 5.42 phút
2025-05-21 20:05:26,455 - Đã lưu 497 bản ghi vào Data/contents_20250521_200526.csv
2025-05-21 20:05:29,555 - Đã đẩy Data/contents_20250521_200526.csv vào hdfs://host.docker.internal:9000/Data/Contents/contents_20250521_200526.csv
2025-05-21 20:05:29,709 - Đã gửi 497 bản ghi vào Kafka topic reddit_data
2025-05-21 20:05:29,740 - Đã lưu 2571 bản ghi vào Data/comments_20250521_200529.csv
2025-05-21 20:05:32,886 - Đã đẩy Data/comments_20250521_200529.csv vào hdfs://host.docker.internal:9000/Data/Comments/comments_20250521_200529.csv
2025-05-21 20:05:33,163 - Đã gửi 2571 bản ghi vào Kafka topic reddit_data
2025-05-21 20:05:33,164 - Đã thu thập 497 bài đăng từ r/aww
2025-05-21 20:05:33,239 - Đã lưu 3466 bản ghi vào Data/contents_20250521_200533.csv
2025-05-21 20:05:36,302 - Đã đẩy Data/contents_20250521_200533.csv vào hdfs://host.docker.internal:9000/Data/Contents/contents_20250521_200533.csv
2025-05-21 20:05:37,171 - Đã gửi 3466 bản ghi vào Kafka topic reddit_data
2025-05-21 20:05:37,447 - Đã lưu 28486 bản ghi vào Data/comments_20250521_200537.csv
2025-05-21 20:05:40,628 - Đã đẩy Data/comments_20250521_200537.csv vào hdfs://host.docker.internal:9000/Data/Comments/comments_20250521_200537.csv
2025-05-21 20:05:44,873 - Đã gửi 28486 bản ghi vào Kafka topic reddit_data
2025-05-21 20:05:44,874 - 
HOÀN TẤT THU THẬP DỮ LIỆU: 2025-05-21 20:05:44
2025-05-21 20:05:44,874 - Tổng thời gian chạy: 5.40 giờ
2025-05-25 23:55:27,544 - BẮT ĐẦU THU THẬP DỮ LIỆU: 2025-05-25 23:55:27
2025-05-25 23:55:27,544 - 
--- LĨNH VỰC: Technology ---
2025-05-25 23:55:27,544 - Đang thu thập từ r/technology... (Lần thử 1)
2025-05-25 23:55:27,545 - Đang thu thập từ r/gadgets... (Lần thử 1)
2025-05-25 23:55:29,606 - API còn lại: 999.0 yêu cầu, reset sau 4.52 phút
2025-05-25 23:55:29,814 - API còn lại: 998.0 yêu cầu, reset sau 4.52 phút
2025-05-25 23:57:34,485 - API còn lại: 918.0 yêu cầu, reset sau 2.43 phút
2025-05-25 23:58:33,432 - Đã lưu 100 bản ghi vào Data/contents_20250525_235833.csv
2025-05-25 23:58:37,280 - Đã đẩy Data/contents_20250525_235833.csv vào hdfs://host.docker.internal:9000/Data/Contents/contents_20250525_235833.csv
2025-05-25 23:58:37,281 - <BrokerConnection client_id=kafka-python-producer-1, node_id=1 host=localhost:29092 <connecting> [IPv4 ('127.0.0.1', 29092)]>: connecting to localhost:29092 [('127.0.0.1', 29092) IPv4]
2025-05-25 23:58:37,281 - <BrokerConnection client_id=kafka-python-producer-1, node_id=1 host=localhost:29092 <connected> [IPv4 ('127.0.0.1', 29092)]>: Connection complete.
2025-05-25 23:58:37,281 - <BrokerConnection client_id=kafka-python-producer-1, node_id=bootstrap-0 host=host.docker.internal:29092 <connected> [IPv4 ('127.0.0.1', 29092)]>: Closing connection. 
2025-05-25 23:58:37,323 - Đã gửi 100 bản ghi vào Kafka topic reddit_stream
2025-05-25 23:58:37,354 - Đã lưu 3509 bản ghi vào Data/comments_20250525_235837.csv
2025-05-25 23:58:39,533 - Đã đẩy Data/comments_20250525_235837.csv vào hdfs://host.docker.internal:9000/Data/Comments/comments_20250525_235837.csv
2025-05-25 23:58:39,813 - Đã gửi 3509 bản ghi vào Kafka topic reddit_stream
2025-05-25 23:58:39,813 - Đã thu thập 100 bài đăng từ r/gadgets
2025-05-25 23:58:40,603 - API còn lại: 850.0 yêu cầu, reset sau 1.33 phút
2025-05-25 23:58:46,390 - Đã lưu 6 bản ghi vào Data/contents_20250525_235846.csv
2025-05-25 23:58:48,287 - Đã đẩy Data/contents_20250525_235846.csv vào hdfs://host.docker.internal:9000/Data/Contents/contents_20250525_235846.csv
2025-05-25 23:58:48,290 - Đã gửi 6 bản ghi vào Kafka topic reddit_stream
2025-05-25 23:58:48,291 - Đã lưu 47 bản ghi vào Data/comments_20250525_235848.csv
2025-05-25 23:58:50,444 - Đã đẩy Data/comments_20250525_235848.csv vào hdfs://host.docker.internal:9000/Data/Comments/comments_20250525_235848.csv
2025-05-25 23:58:50,450 - Đã gửi 47 bản ghi vào Kafka topic reddit_stream
2025-05-25 23:58:50,450 - Đã thu thập 6 bài đăng từ r/gadgets
2025-05-25 23:58:50,450 - Đang thu thập từ r/programming... (Lần thử 1)
2025-05-25 23:58:51,731 - API còn lại: 840.0 yêu cầu, reset sau 1.15 phút
2025-05-25 23:58:52,351 - API còn lại: 841.0 yêu cầu, reset sau 1.18 phút
2025-05-26 00:00:29,774 - API còn lại: 973.0 yêu cầu, reset sau 9.52 phút
2025-05-26 00:01:32,336 - Đã lưu 100 bản ghi vào Data/contents_20250526_000132.csv
2025-05-26 00:01:34,297 - Đã đẩy Data/contents_20250526_000132.csv vào hdfs://host.docker.internal:9000/Data/Contents/contents_20250526_000132.csv
2025-05-26 00:01:34,313 - Đã gửi 100 bản ghi vào Kafka topic reddit_stream
2025-05-26 00:01:34,326 - Đã lưu 1918 bản ghi vào Data/comments_20250526_000134.csv
2025-05-26 00:01:36,297 - Đã đẩy Data/comments_20250526_000134.csv vào hdfs://host.docker.internal:9000/Data/Comments/comments_20250526_000134.csv
2025-05-26 00:01:36,463 - Đã gửi 1918 bản ghi vào Kafka topic reddit_stream
2025-05-26 00:01:36,463 - Đã thu thập 100 bài đăng từ r/programming
2025-05-26 00:01:37,703 - API còn lại: 901.0 yêu cầu, reset sau 8.38 phút
2025-05-26 00:01:43,555 - Đã lưu 100 bản ghi vào Data/contents_20250526_000143.csv
2025-05-26 00:01:45,533 - Đã đẩy Data/contents_20250526_000143.csv vào hdfs://host.docker.internal:9000/Data/Contents/contents_20250526_000143.csv
2025-05-26 00:01:45,545 - Đã gửi 100 bản ghi vào Kafka topic reddit_stream
2025-05-26 00:01:45,601 - Đã lưu 9341 bản ghi vào Data/comments_20250526_000145.csv
2025-05-26 00:01:47,631 - Đã đẩy Data/comments_20250526_000145.csv vào hdfs://host.docker.internal:9000/Data/Comments/comments_20250526_000145.csv
2025-05-26 00:01:48,576 - Đã gửi 9341 bản ghi vào Kafka topic reddit_stream
2025-05-26 00:01:48,576 - Đã thu thập 100 bài đăng từ r/technology
2025-05-26 00:01:50,190 - API còn lại: 889.0 yêu cầu, reset sau 8.18 phút
2025-05-26 00:02:28,852 - API còn lại: 834.0 yêu cầu, reset sau 7.52 phút
2025-05-26 00:03:17,368 - Đã lưu 100 bản ghi vào Data/contents_20250526_000317.csv
2025-05-26 00:03:19,380 - Đã đẩy Data/contents_20250526_000317.csv vào hdfs://host.docker.internal:9000/Data/Contents/contents_20250526_000317.csv
2025-05-26 00:03:19,392 - Đã gửi 100 bản ghi vào Kafka topic reddit_stream
2025-05-26 00:03:19,398 - Đã lưu 412 bản ghi vào Data/comments_20250526_000319.csv
2025-05-26 00:03:21,397 - Đã đẩy Data/comments_20250526_000319.csv vào hdfs://host.docker.internal:9000/Data/Comments/comments_20250526_000319.csv
2025-05-26 00:03:21,445 - Đã gửi 412 bản ghi vào Kafka topic reddit_stream
2025-05-26 00:03:21,445 - Đã thu thập 100 bài đăng từ r/programming
2025-05-26 00:03:22,683 - API còn lại: 765.0 yêu cầu, reset sau 6.63 phút
2025-05-26 00:04:08,944 - API còn lại: 699.0 yêu cầu, reset sau 5.87 phút
2025-05-26 00:04:09,804 - API còn lại: 696.0 yêu cầu, reset sau 5.83 phút
2025-05-26 00:04:55,389 - Đã lưu 100 bản ghi vào Data/contents_20250526_000455.csv
2025-05-26 00:04:57,559 - Đã đẩy Data/contents_20250526_000455.csv vào hdfs://host.docker.internal:9000/Data/Contents/contents_20250526_000455.csv
2025-05-26 00:04:57,574 - Đã gửi 100 bản ghi vào Kafka topic reddit_stream
2025-05-26 00:04:57,576 - Đã lưu 184 bản ghi vào Data/comments_20250526_000457.csv
2025-05-26 00:04:59,647 - Đã đẩy Data/comments_20250526_000457.csv vào hdfs://host.docker.internal:9000/Data/Comments/comments_20250526_000457.csv
2025-05-26 00:04:59,664 - Đã gửi 184 bản ghi vào Kafka topic reddit_stream
2025-05-26 00:04:59,664 - Đã thu thập 100 bài đăng từ r/programming
2025-05-26 00:05:00,930 - API còn lại: 625.0 yêu cầu, reset sau 5.00 phút
2025-05-26 00:05:46,166 - API còn lại: 558.0 yêu cầu, reset sau 4.23 phút
2025-05-26 00:06:20,707 - Đã lưu 100 bản ghi vào Data/contents_20250526_000620.csv
2025-05-26 00:06:22,894 - Đã đẩy Data/contents_20250526_000620.csv vào hdfs://host.docker.internal:9000/Data/Contents/contents_20250526_000620.csv
2025-05-26 00:06:22,906 - Đã gửi 100 bản ghi vào Kafka topic reddit_stream
2025-05-26 00:06:22,943 - Đã lưu 6511 bản ghi vào Data/comments_20250526_000622.csv
2025-05-26 00:06:25,024 - Đã đẩy Data/comments_20250526_000622.csv vào hdfs://host.docker.internal:9000/Data/Comments/comments_20250526_000622.csv
2025-05-26 00:06:25,619 - Đã gửi 6511 bản ghi vào Kafka topic reddit_stream
2025-05-26 00:06:25,619 - Đã thu thập 100 bài đăng từ r/technology
2025-05-26 00:06:27,928 - API còn lại: 503.0 yêu cầu, reset sau 3.57 phút
2025-05-26 00:06:33,925 - Đã lưu 100 bản ghi vào Data/contents_20250526_000633.csv
2025-05-26 00:06:35,998 - Đã đẩy Data/contents_20250526_000633.csv vào hdfs://host.docker.internal:9000/Data/Contents/contents_20250526_000633.csv
2025-05-26 00:06:36,011 - Đã gửi 100 bản ghi vào Kafka topic reddit_stream
2025-05-26 00:06:36,012 - Đã lưu 74 bản ghi vào Data/comments_20250526_000636.csv
2025-05-26 00:06:38,076 - Đã đẩy Data/comments_20250526_000636.csv vào hdfs://host.docker.internal:9000/Data/Comments/comments_20250526_000636.csv
2025-05-26 00:06:38,085 - Đã gửi 74 bản ghi vào Kafka topic reddit_stream
2025-05-26 00:06:38,085 - Đã thu thập 100 bài đăng từ r/programming
2025-05-26 00:06:39,347 - API còn lại: 488.0 yêu cầu, reset sau 3.35 phút
2025-05-26 00:07:24,530 - API còn lại: 417.0 yêu cầu, reset sau 2.58 phút
2025-05-26 00:08:08,087 - Đã lưu 100 bản ghi vào Data/contents_20250526_000808.csv
2025-05-26 00:08:10,131 - Đã đẩy Data/contents_20250526_000808.csv vào hdfs://host.docker.internal:9000/Data/Contents/contents_20250526_000808.csv
2025-05-26 00:08:10,143 - Đã gửi 100 bản ghi vào Kafka topic reddit_stream
2025-05-26 00:08:10,145 - Đã lưu 56 bản ghi vào Data/comments_20250526_000810.csv
2025-05-26 00:08:12,085 - Đã đẩy Data/comments_20250526_000810.csv vào hdfs://host.docker.internal:9000/Data/Comments/comments_20250526_000810.csv
2025-05-26 00:08:12,132 - Đã gửi 56 bản ghi vào Kafka topic reddit_stream
2025-05-26 00:08:12,132 - Đã thu thập 100 bài đăng từ r/programming
2025-05-26 00:08:13,794 - API còn lại: 347.0 yêu cầu, reset sau 1.78 phút
2025-05-26 00:08:23,600 - API còn lại: 332.0 yêu cầu, reset sau 1.62 phút
2025-05-26 00:08:56,420 - API còn lại: 274.0 yêu cầu, reset sau 1.05 phút
2025-05-26 00:09:40,000 - Đã lưu 100 bản ghi vào Data/contents_20250526_000939.csv
2025-05-26 00:09:42,084 - Đã đẩy Data/contents_20250526_000939.csv vào hdfs://host.docker.internal:9000/Data/Contents/contents_20250526_000939.csv
2025-05-26 00:09:42,133 - Đã gửi 100 bản ghi vào Kafka topic reddit_stream
2025-05-26 00:09:42,135 - Đã lưu 45 bản ghi vào Data/comments_20250526_000942.csv
2025-05-26 00:09:44,279 - Đã đẩy Data/comments_20250526_000942.csv vào hdfs://host.docker.internal:9000/Data/Comments/comments_20250526_000942.csv
2025-05-26 00:09:44,285 - Đã gửi 45 bản ghi vào Kafka topic reddit_stream
2025-05-26 00:09:44,285 - Đã thu thập 100 bài đăng từ r/programming
2025-05-26 00:09:45,691 - API còn lại: 195.0 yêu cầu, reset sau 0.25 phút
2025-05-26 00:09:54,391 - Đã lưu 100 bản ghi vào Data/contents_20250526_000954.csv
2025-05-26 00:09:56,419 - Đã đẩy Data/contents_20250526_000954.csv vào hdfs://host.docker.internal:9000/Data/Contents/contents_20250526_000954.csv
2025-05-26 00:09:56,435 - Đã gửi 100 bản ghi vào Kafka topic reddit_stream
2025-05-26 00:09:56,461 - Đã lưu 4898 bản ghi vào Data/comments_20250526_000956.csv
2025-05-26 00:09:58,640 - Đã đẩy Data/comments_20250526_000956.csv vào hdfs://host.docker.internal:9000/Data/Comments/comments_20250526_000956.csv
2025-05-26 00:09:58,968 - Đã gửi 4898 bản ghi vào Kafka topic reddit_stream
2025-05-26 00:09:58,968 - Đã thu thập 100 bài đăng từ r/technology
2025-05-26 00:10:00,614 - API còn lại: 175.0 yêu cầu, reset sau -0.00 phút
2025-05-26 00:10:29,346 - API còn lại: 950.0 yêu cầu, reset sau 9.50 phút
2025-05-26 00:11:14,209 - Đã lưu 100 bản ghi vào Data/contents_20250526_001114.csv
2025-05-26 00:11:16,194 - Đã đẩy Data/contents_20250526_001114.csv vào hdfs://host.docker.internal:9000/Data/Contents/contents_20250526_001114.csv
2025-05-26 00:11:16,207 - Đã gửi 100 bản ghi vào Kafka topic reddit_stream
2025-05-26 00:11:16,208 - Đã lưu 60 bản ghi vào Data/comments_20250526_001116.csv
2025-05-26 00:11:18,166 - Đã đẩy Data/comments_20250526_001116.csv vào hdfs://host.docker.internal:9000/Data/Comments/comments_20250526_001116.csv
2025-05-26 00:11:18,174 - Đã gửi 60 bản ghi vào Kafka topic reddit_stream
2025-05-26 00:11:18,174 - Đã thu thập 100 bài đăng từ r/programming
2025-05-26 00:11:19,528 - API còn lại: 872.0 yêu cầu, reset sau 8.68 phút
2025-05-26 00:11:30,912 - API còn lại: 853.0 yêu cầu, reset sau 8.48 phút
2025-05-26 00:12:03,580 - API còn lại: 795.0 yêu cầu, reset sau 7.93 phút
2025-05-26 00:12:49,748 - Đã lưu 100 bản ghi vào Data/contents_20250526_001249.csv
2025-05-26 00:12:51,695 - Đã đẩy Data/contents_20250526_001249.csv vào hdfs://host.docker.internal:9000/Data/Contents/contents_20250526_001249.csv
2025-05-26 00:12:51,707 - Đã gửi 100 bản ghi vào Kafka topic reddit_stream
2025-05-26 00:12:51,709 - Đã lưu 168 bản ghi vào Data/comments_20250526_001251.csv
2025-05-26 00:12:53,525 - Đã đẩy Data/comments_20250526_001251.csv vào hdfs://host.docker.internal:9000/Data/Comments/comments_20250526_001251.csv
2025-05-26 00:12:53,583 - Đã gửi 168 bản ghi vào Kafka topic reddit_stream
2025-05-26 00:12:53,584 - Đã thu thập 100 bài đăng từ r/programming
2025-05-26 00:12:54,972 - API còn lại: 719.0 yêu cầu, reset sau 7.10 phút
2025-05-26 00:13:02,270 - Đã lưu 100 bản ghi vào Data/contents_20250526_001302.csv
2025-05-26 00:13:04,473 - Đã đẩy Data/contents_20250526_001302.csv vào hdfs://host.docker.internal:9000/Data/Contents/contents_20250526_001302.csv
2025-05-26 00:13:04,484 - Đã gửi 100 bản ghi vào Kafka topic reddit_stream
2025-05-26 00:13:04,505 - Đã lưu 4043 bản ghi vào Data/comments_20250526_001304.csv
2025-05-26 00:13:06,680 - Đã đẩy Data/comments_20250526_001304.csv vào hdfs://host.docker.internal:9000/Data/Comments/comments_20250526_001304.csv
2025-05-26 00:13:06,973 - Đã gửi 4043 bản ghi vào Kafka topic reddit_stream
2025-05-26 00:13:06,973 - Đã thu thập 100 bài đăng từ r/technology
2025-05-26 00:13:08,889 - API còn lại: 700.0 yêu cầu, reset sau 6.87 phút
2025-05-26 00:13:41,295 - API còn lại: 644.0 yêu cầu, reset sau 6.30 phút
2025-05-26 00:14:27,079 - Đã lưu 100 bản ghi vào Data/contents_20250526_001427.csv
2025-05-26 00:14:29,071 - Đã đẩy Data/contents_20250526_001427.csv vào hdfs://host.docker.internal:9000/Data/Contents/contents_20250526_001427.csv
2025-05-26 00:14:29,085 - Đã gửi 100 bản ghi vào Kafka topic reddit_stream
2025-05-26 00:14:29,088 - Đã lưu 225 bản ghi vào Data/comments_20250526_001429.csv
2025-05-26 00:14:31,391 - API còn lại: 563.0 yêu cầu, reset sau 5.48 phút
2025-05-26 00:14:31,452 - Đã đẩy Data/comments_20250526_001429.csv vào hdfs://host.docker.internal:9000/Data/Comments/comments_20250526_001429.csv
2025-05-26 00:14:31,471 - Đã gửi 225 bản ghi vào Kafka topic reddit_stream
2025-05-26 00:14:31,471 - Đã thu thập 100 bài đăng từ r/programming
2025-05-26 00:14:32,330 - API còn lại: 562.0 yêu cầu, reset sau 5.47 phút
2025-05-26 00:15:17,134 - Đã lưu 47 bản ghi vào Data/contents_20250526_001517.csv
2025-05-26 00:15:19,133 - Đã đẩy Data/contents_20250526_001517.csv vào hdfs://host.docker.internal:9000/Data/Contents/contents_20250526_001517.csv
2025-05-26 00:15:19,140 - Đã gửi 47 bản ghi vào Kafka topic reddit_stream
2025-05-26 00:15:19,142 - Đã lưu 178 bản ghi vào Data/comments_20250526_001519.csv
2025-05-26 00:15:21,107 - Đã đẩy Data/comments_20250526_001519.csv vào hdfs://host.docker.internal:9000/Data/Comments/comments_20250526_001519.csv
2025-05-26 00:15:21,123 - Đã gửi 178 bản ghi vào Kafka topic reddit_stream
2025-05-26 00:15:21,123 - Đã thu thập 47 bài đăng từ r/programming
2025-05-26 00:15:21,123 - Đang thu thập từ r/science... (Lần thử 1)
2025-05-26 00:15:22,956 - API còn lại: 480.0 yêu cầu, reset sau 4.63 phút
2025-05-26 00:15:47,105 - Đã lưu 100 bản ghi vào Data/contents_20250526_001547.csv
2025-05-26 00:15:49,145 - Đã đẩy Data/contents_20250526_001547.csv vào hdfs://host.docker.internal:9000/Data/Contents/contents_20250526_001547.csv
2025-05-26 00:15:49,156 - Đã gửi 100 bản ghi vào Kafka topic reddit_stream
2025-05-26 00:15:49,172 - Đã lưu 3124 bản ghi vào Data/comments_20250526_001549.csv
2025-05-26 00:15:51,076 - Đã đẩy Data/comments_20250526_001549.csv vào hdfs://host.docker.internal:9000/Data/Comments/comments_20250526_001549.csv
2025-05-26 00:15:51,299 - Đã gửi 3124 bản ghi vào Kafka topic reddit_stream
2025-05-26 00:15:51,299 - Đã thu thập 100 bài đăng từ r/technology
2025-05-26 00:15:52,924 - API còn lại: 456.0 yêu cầu, reset sau 4.13 phút
2025-05-26 00:17:10,268 - API còn lại: 385.0 yêu cầu, reset sau 2.83 phút
2025-05-26 00:18:09,928 - API còn lại: 322.0 yêu cầu, reset sau 1.85 phút
2025-05-26 00:18:21,035 - Đã lưu 100 bản ghi vào Data/contents_20250526_001821.csv
2025-05-26 00:18:23,079 - Đã đẩy Data/contents_20250526_001821.csv vào hdfs://host.docker.internal:9000/Data/Contents/contents_20250526_001821.csv
2025-05-26 00:18:23,091 - Đã gửi 100 bản ghi vào Kafka topic reddit_stream
2025-05-26 00:18:23,103 - Đã lưu 2172 bản ghi vào Data/comments_20250526_001823.csv
2025-05-26 00:18:25,316 - Đã đẩy Data/comments_20250526_001823.csv vào hdfs://host.docker.internal:9000/Data/Comments/comments_20250526_001823.csv
2025-05-26 00:18:25,489 - Đã gửi 2172 bản ghi vào Kafka topic reddit_stream
2025-05-26 00:18:25,489 - Đã thu thập 100 bài đăng từ r/technology
2025-05-26 00:18:26,971 - API còn lại: 304.0 yêu cầu, reset sau 1.57 phút
2025-05-26 00:19:31,591 - API còn lại: 220.0 yêu cầu, reset sau 0.47 phút
2025-05-26 00:19:46,824 - Đã lưu 100 bản ghi vào Data/contents_20250526_001946.csv
2025-05-26 00:19:48,764 - Đã đẩy Data/contents_20250526_001946.csv vào hdfs://host.docker.internal:9000/Data/Contents/contents_20250526_001946.csv
2025-05-26 00:19:48,776 - Đã gửi 100 bản ghi vào Kafka topic reddit_stream
2025-05-26 00:19:48,811 - Đã lưu 4948 bản ghi vào Data/comments_20250526_001948.csv
2025-05-26 00:19:50,879 - Đã đẩy Data/comments_20250526_001948.csv vào hdfs://host.docker.internal:9000/Data/Comments/comments_20250526_001948.csv
2025-05-26 00:19:51,288 - Đã gửi 4948 bản ghi vào Kafka topic reddit_stream
2025-05-26 00:19:51,288 - Đã thu thập 100 bài đăng từ r/science
2025-05-26 00:19:52,845 - API còn lại: 194.0 yêu cầu, reset sau 0.13 phút
2025-05-26 00:20:29,944 - Đã lưu 100 bản ghi vào Data/contents_20250526_002029.csv
2025-05-26 00:20:31,926 - Đã đẩy Data/contents_20250526_002029.csv vào hdfs://host.docker.internal:9000/Data/Contents/contents_20250526_002029.csv
2025-05-26 00:20:31,979 - Đã gửi 100 bản ghi vào Kafka topic reddit_stream
2025-05-26 00:20:31,992 - Đã lưu 1557 bản ghi vào Data/comments_20250526_002031.csv
2025-05-26 00:20:34,030 - Đã đẩy Data/comments_20250526_002031.csv vào hdfs://host.docker.internal:9000/Data/Comments/comments_20250526_002031.csv
2025-05-26 00:20:34,136 - Đã gửi 1557 bản ghi vào Kafka topic reddit_stream
2025-05-26 00:20:34,136 - Đã thu thập 100 bài đăng từ r/technology
2025-05-26 00:20:35,567 - API còn lại: 956.0 yêu cầu, reset sau 9.42 phút
2025-05-26 00:21:19,756 - API còn lại: 889.0 yêu cầu, reset sau 8.67 phút
2025-05-26 00:21:31,617 - API còn lại: 871.0 yêu cầu, reset sau 8.48 phút
2025-05-26 00:22:28,659 - Đã lưu 100 bản ghi vào Data/contents_20250526_002228.csv
2025-05-26 00:22:30,699 - Đã đẩy Data/contents_20250526_002228.csv vào hdfs://host.docker.internal:9000/Data/Contents/contents_20250526_002228.csv
2025-05-26 00:22:30,710 - Đã gửi 100 bản ghi vào Kafka topic reddit_stream
2025-05-26 00:22:30,717 - Đã lưu 1203 bản ghi vào Data/comments_20250526_002230.csv
2025-05-26 00:22:31,323 - Đã lưu 100 bản ghi vào Data/contents_20250526_002231.csv
2025-05-26 00:22:33,232 - Đã đẩy Data/comments_20250526_002230.csv vào hdfs://host.docker.internal:9000/Data/Comments/comments_20250526_002230.csv
2025-05-26 00:22:33,373 - Đã gửi 1203 bản ghi vào Kafka topic reddit_stream
2025-05-26 00:22:33,373 - Đã thu thập 100 bài đăng từ r/technology
2025-05-26 00:22:33,710 - Đã đẩy Data/contents_20250526_002231.csv vào hdfs://host.docker.internal:9000/Data/Contents/contents_20250526_002231.csv
2025-05-26 00:22:33,722 - Đã gửi 100 bản ghi vào Kafka topic reddit_stream
2025-05-26 00:22:33,737 - Đã lưu 2101 bản ghi vào Data/comments_20250526_002233.csv
2025-05-26 00:22:34,817 - API còn lại: 777.0 yêu cầu, reset sau 7.43 phút
2025-05-26 00:22:36,141 - Đã đẩy Data/comments_20250526_002233.csv vào hdfs://host.docker.internal:9000/Data/Comments/comments_20250526_002233.csv
2025-05-26 00:22:36,469 - Đã gửi 2101 bản ghi vào Kafka topic reddit_stream
2025-05-26 00:22:36,470 - Đã thu thập 100 bài đăng từ r/science
2025-05-26 00:22:37,979 - API còn lại: 774.0 yêu cầu, reset sau 7.38 phút
2025-05-26 00:23:28,127 - API còn lại: 685.0 yêu cầu, reset sau 6.53 phút
2025-05-26 00:23:38,830 - API còn lại: 666.0 yêu cầu, reset sau 6.35 phút
2025-05-26 00:24:18,273 - Đã lưu 100 bản ghi vào Data/contents_20250526_002418.csv
2025-05-26 00:24:20,224 - Đã đẩy Data/contents_20250526_002418.csv vào hdfs://host.docker.internal:9000/Data/Contents/contents_20250526_002418.csv
2025-05-26 00:24:20,241 - Đã gửi 100 bản ghi vào Kafka topic reddit_stream
2025-05-26 00:24:20,246 - Đã lưu 845 bản ghi vào Data/comments_20250526_002420.csv
2025-05-26 00:24:22,219 - Đã đẩy Data/comments_20250526_002420.csv vào hdfs://host.docker.internal:9000/Data/Comments/comments_20250526_002420.csv
2025-05-26 00:24:22,279 - Đã gửi 845 bản ghi vào Kafka topic reddit_stream
2025-05-26 00:24:22,279 - Đã thu thập 100 bài đăng từ r/technology
2025-05-26 00:24:23,706 - API còn lại: 583.0 yêu cầu, reset sau 5.62 phút
2025-05-26 00:24:30,111 - Đã lưu 100 bản ghi vào Data/contents_20250526_002430.csv
2025-05-26 00:24:32,035 - Đã đẩy Data/contents_20250526_002430.csv vào hdfs://host.docker.internal:9000/Data/Contents/contents_20250526_002430.csv
2025-05-26 00:24:32,084 - Đã gửi 100 bản ghi vào Kafka topic reddit_stream
2025-05-26 00:24:32,091 - Đã lưu 964 bản ghi vào Data/comments_20250526_002432.csv
2025-05-26 00:24:34,057 - Đã đẩy Data/comments_20250526_002432.csv vào hdfs://host.docker.internal:9000/Data/Comments/comments_20250526_002432.csv
2025-05-26 00:24:34,146 - Đã gửi 964 bản ghi vào Kafka topic reddit_stream
2025-05-26 00:24:34,146 - Đã thu thập 100 bài đăng từ r/science
2025-05-26 00:24:35,559 - API còn lại: 563.0 yêu cầu, reset sau 5.42 phút
2025-05-26 00:25:16,390 - API còn lại: 482.0 yêu cầu, reset sau 4.72 phút
2025-05-26 00:25:24,102 - API còn lại: 467.0 yêu cầu, reset sau 4.60 phút
2025-05-26 00:26:11,884 - Đã lưu 100 bản ghi vào Data/contents_20250526_002611.csv
2025-05-26 00:26:14,107 - Đã đẩy Data/contents_20250526_002611.csv vào hdfs://host.docker.internal:9000/Data/Contents/contents_20250526_002611.csv
2025-05-26 00:26:14,119 - Đã gửi 100 bản ghi vào Kafka topic reddit_stream
2025-05-26 00:26:14,125 - Đã lưu 723 bản ghi vào Data/comments_20250526_002614.csv
2025-05-26 00:26:16,452 - Đã đẩy Data/comments_20250526_002614.csv vào hdfs://host.docker.internal:9000/Data/Comments/comments_20250526_002614.csv
2025-05-26 00:26:16,506 - Đã gửi 723 bản ghi vào Kafka topic reddit_stream
2025-05-26 00:26:16,506 - Đã thu thập 100 bài đăng từ r/technology
2025-05-26 00:26:16,814 - Đang thu thập từ r/todayilearned... (Lần thử 1)
2025-05-26 00:26:17,411 - Đã lưu 100 bản ghi vào Data/contents_20250526_002617.csv
2025-05-26 00:26:18,379 - API còn lại: 372.0 yêu cầu, reset sau 3.72 phút
2025-05-26 00:26:19,617 - Đã đẩy Data/contents_20250526_002617.csv vào hdfs://host.docker.internal:9000/Data/Contents/contents_20250526_002617.csv
2025-05-26 00:26:19,632 - Đã gửi 100 bản ghi vào Kafka topic reddit_stream
2025-05-26 00:26:19,638 - Đã lưu 498 bản ghi vào Data/comments_20250526_002619.csv
2025-05-26 00:26:22,560 - Đã đẩy Data/comments_20250526_002619.csv vào hdfs://host.docker.internal:9000/Data/Comments/comments_20250526_002619.csv
2025-05-26 00:26:22,639 - Đã gửi 498 bản ghi vào Kafka topic reddit_stream
2025-05-26 00:26:22,639 - Đã thu thập 100 bài đăng từ r/science
2025-05-26 00:26:24,138 - API còn lại: 370.0 yêu cầu, reset sau 3.62 phút
2025-05-26 00:27:09,244 - API còn lại: 308.0 yêu cầu, reset sau 2.85 phút
2025-05-26 00:27:54,136 - Đã lưu 100 bản ghi vào Data/contents_20250526_002754.csv
2025-05-26 00:27:56,316 - Đã đẩy Data/contents_20250526_002754.csv vào hdfs://host.docker.internal:9000/Data/Contents/contents_20250526_002754.csv
2025-05-26 00:27:56,327 - Đã gửi 100 bản ghi vào Kafka topic reddit_stream
2025-05-26 00:27:56,331 - Đã lưu 287 bản ghi vào Data/comments_20250526_002756.csv
2025-05-26 00:27:58,273 - Đã đẩy Data/comments_20250526_002756.csv vào hdfs://host.docker.internal:9000/Data/Comments/comments_20250526_002756.csv
2025-05-26 00:27:58,314 - Đã gửi 287 bản ghi vào Kafka topic reddit_stream
2025-05-26 00:27:58,314 - Đã thu thập 100 bài đăng từ r/science
2025-05-26 00:27:59,570 - API còn lại: 246.0 yêu cầu, reset sau 2.02 phút
2025-05-26 00:28:46,763 - API còn lại: 184.0 yêu cầu, reset sau 1.22 phút
2025-05-26 00:29:32,667 - Đã lưu 100 bản ghi vào Data/contents_20250526_002932.csv
2025-05-26 00:29:34,613 - Đã đẩy Data/contents_20250526_002932.csv vào hdfs://host.docker.internal:9000/Data/Contents/contents_20250526_002932.csv
2025-05-26 00:29:34,624 - Đã gửi 100 bản ghi vào Kafka topic reddit_stream
2025-05-26 00:29:34,626 - Đã lưu 165 bản ghi vào Data/comments_20250526_002934.csv
2025-05-26 00:29:36,602 - Đã đẩy Data/comments_20250526_002934.csv vào hdfs://host.docker.internal:9000/Data/Comments/comments_20250526_002934.csv
2025-05-26 00:29:36,630 - Đã gửi 165 bản ghi vào Kafka topic reddit_stream
2025-05-26 00:29:36,630 - Đã thu thập 100 bài đăng từ r/science
2025-05-26 00:29:37,664 - API còn lại: 120.0 yêu cầu, reset sau 0.38 phút
2025-05-26 00:29:42,289 - API còn lại: 118.0 yêu cầu, reset sau 0.33 phút
2025-05-26 00:30:02,440 - Đã lưu 26 bản ghi vào Data/contents_20250526_003002.csv
2025-05-26 00:30:04,869 - Đã đẩy Data/contents_20250526_003002.csv vào hdfs://host.docker.internal:9000/Data/Contents/contents_20250526_003002.csv
2025-05-26 00:30:04,875 - Đã gửi 26 bản ghi vào Kafka topic reddit_stream
2025-05-26 00:30:04,877 - Đã lưu 90 bản ghi vào Data/comments_20250526_003004.csv
2025-05-26 00:30:07,792 - Đã đẩy Data/comments_20250526_003004.csv vào hdfs://host.docker.internal:9000/Data/Comments/comments_20250526_003004.csv
2025-05-26 00:30:07,817 - Đã gửi 90 bản ghi vào Kafka topic reddit_stream
2025-05-26 00:30:07,817 - Đã thu thập 26 bài đăng từ r/science
2025-05-26 00:32:53,485 - Đã lưu 100 bản ghi vào Data/contents_20250526_003253.csv
2025-05-26 00:32:55,528 - Đã đẩy Data/contents_20250526_003253.csv vào hdfs://host.docker.internal:9000/Data/Contents/contents_20250526_003253.csv
2025-05-26 00:32:55,542 - Đã gửi 100 bản ghi vào Kafka topic reddit_stream
2025-05-26 00:32:55,585 - Đã lưu 7748 bản ghi vào Data/comments_20250526_003255.csv
2025-05-26 00:32:57,686 - Đã đẩy Data/comments_20250526_003255.csv vào hdfs://host.docker.internal:9000/Data/Comments/comments_20250526_003255.csv
2025-05-26 00:32:58,230 - Đã gửi 7748 bản ghi vào Kafka topic reddit_stream
2025-05-26 00:32:58,230 - Đã thu thập 100 bài đăng từ r/todayilearned
2025-05-26 00:32:59,810 - API còn lại: 952.0 yêu cầu, reset sau 7.02 phút
2025-05-26 00:35:19,808 - API còn lại: 902.0 yêu cầu, reset sau 4.68 phút
2025-05-26 00:37:19,806 - Đã lưu 100 bản ghi vào Data/contents_20250526_003719.csv
2025-05-26 00:37:21,845 - Đã đẩy Data/contents_20250526_003719.csv vào hdfs://host.docker.internal:9000/Data/Contents/contents_20250526_003719.csv
2025-05-26 00:37:21,858 - Đã gửi 100 bản ghi vào Kafka topic reddit_stream
2025-05-26 00:37:21,883 - Đã lưu 4996 bản ghi vào Data/comments_20250526_003721.csv
2025-05-26 00:37:23,987 - Đã đẩy Data/comments_20250526_003721.csv vào hdfs://host.docker.internal:9000/Data/Comments/comments_20250526_003721.csv
2025-05-26 00:37:24,330 - Đã gửi 4996 bản ghi vào Kafka topic reddit_stream
2025-05-26 00:37:24,330 - Đã thu thập 100 bài đăng từ r/todayilearned
2025-05-26 00:37:25,926 - API còn lại: 851.0 yêu cầu, reset sau 2.58 phút
2025-05-26 00:39:05,822 - API còn lại: 801.0 yêu cầu, reset sau 0.92 phút
2025-05-26 00:40:42,365 - Đã lưu 100 bản ghi vào Data/contents_20250526_004042.csv
2025-05-26 00:40:44,491 - Đã đẩy Data/contents_20250526_004042.csv vào hdfs://host.docker.internal:9000/Data/Contents/contents_20250526_004042.csv
2025-05-26 00:40:44,504 - Đã gửi 100 bản ghi vào Kafka topic reddit_stream
2025-05-26 00:40:44,522 - Đã lưu 3535 bản ghi vào Data/comments_20250526_004044.csv
2025-05-26 00:40:46,641 - Đã đẩy Data/comments_20250526_004044.csv vào hdfs://host.docker.internal:9000/Data/Comments/comments_20250526_004044.csv
2025-05-26 00:40:46,864 - Đã gửi 3535 bản ghi vào Kafka topic reddit_stream
2025-05-26 00:40:46,864 - Đã thu thập 100 bài đăng từ r/todayilearned
2025-05-26 00:40:48,563 - API còn lại: 978.0 yêu cầu, reset sau 9.20 phút
2025-05-26 00:42:08,975 - API còn lại: 928.0 yêu cầu, reset sau 7.87 phút
2025-05-26 00:43:30,080 - Đã lưu 100 bản ghi vào Data/contents_20250526_004330.csv
2025-05-26 00:43:32,144 - Đã đẩy Data/contents_20250526_004330.csv vào hdfs://host.docker.internal:9000/Data/Contents/contents_20250526_004330.csv
2025-05-26 00:43:32,193 - Đã gửi 100 bản ghi vào Kafka topic reddit_stream
2025-05-26 00:43:32,211 - Đã lưu 2614 bản ghi vào Data/comments_20250526_004332.csv
2025-05-26 00:43:34,182 - Đã đẩy Data/comments_20250526_004332.csv vào hdfs://host.docker.internal:9000/Data/Comments/comments_20250526_004332.csv
2025-05-26 00:43:34,358 - Đã gửi 2614 bản ghi vào Kafka topic reddit_stream
2025-05-26 00:43:34,358 - Đã thu thập 100 bài đăng từ r/todayilearned
2025-05-26 00:43:35,764 - API còn lại: 877.0 yêu cầu, reset sau 6.42 phút
2025-05-26 00:44:48,513 - API còn lại: 827.0 yêu cầu, reset sau 5.20 phút
2025-05-26 00:45:52,114 - Đã lưu 100 bản ghi vào Data/contents_20250526_004552.csv
2025-05-26 00:45:54,165 - Đã đẩy Data/contents_20250526_004552.csv vào hdfs://host.docker.internal:9000/Data/Contents/contents_20250526_004552.csv
2025-05-26 00:45:54,175 - Đã gửi 100 bản ghi vào Kafka topic reddit_stream
2025-05-26 00:45:54,185 - Đã lưu 2044 bản ghi vào Data/comments_20250526_004554.csv
2025-05-26 00:45:56,363 - Đã đẩy Data/comments_20250526_004554.csv vào hdfs://host.docker.internal:9000/Data/Comments/comments_20250526_004554.csv
2025-05-26 00:45:56,536 - Đã gửi 2044 bản ghi vào Kafka topic reddit_stream
2025-05-26 00:45:56,536 - Đã thu thập 100 bài đăng từ r/todayilearned
2025-05-26 00:45:58,020 - API còn lại: 776.0 yêu cầu, reset sau 4.05 phút
2025-05-26 00:47:00,863 - API còn lại: 726.0 yêu cầu, reset sau 3.00 phút
2025-05-26 00:47:59,823 - Đã lưu 100 bản ghi vào Data/contents_20250526_004759.csv
2025-05-26 00:48:04,193 - Đã đẩy Data/contents_20250526_004759.csv vào hdfs://host.docker.internal:9000/Data/Contents/contents_20250526_004759.csv
2025-05-26 00:48:04,215 - Đã gửi 100 bản ghi vào Kafka topic reddit_stream
2025-05-26 00:48:04,241 - Đã lưu 1445 bản ghi vào Data/comments_20250526_004804.csv
2025-05-26 00:48:07,958 - Đã đẩy Data/comments_20250526_004804.csv vào hdfs://host.docker.internal:9000/Data/Comments/comments_20250526_004804.csv
2025-05-26 00:48:08,128 - Đã gửi 1445 bản ghi vào Kafka topic reddit_stream
2025-05-26 00:48:08,128 - Đã thu thập 100 bài đăng từ r/todayilearned
2025-05-26 00:48:09,625 - API còn lại: 675.0 yêu cầu, reset sau 1.85 phút
2025-05-26 00:49:04,197 - API còn lại: 625.0 yêu cầu, reset sau 0.93 phút
2025-05-26 00:49:57,805 - Đã lưu 100 bản ghi vào Data/contents_20250526_004957.csv
2025-05-26 00:50:09,626 - Đã đẩy Data/contents_20250526_004957.csv vào hdfs://host.docker.internal:9000/Data/Contents/contents_20250526_004957.csv
2025-05-26 00:50:09,721 - Đã gửi 100 bản ghi vào Kafka topic reddit_stream
2025-05-26 00:50:09,758 - Đã lưu 986 bản ghi vào Data/comments_20250526_005009.csv
2025-05-26 00:50:15,101 - Đã đẩy Data/comments_20250526_005009.csv vào hdfs://host.docker.internal:9000/Data/Comments/comments_20250526_005009.csv
2025-05-26 00:50:15,256 - Đã gửi 986 bản ghi vào Kafka topic reddit_stream
2025-05-26 00:50:15,256 - Đã thu thập 100 bài đăng từ r/todayilearned
2025-05-26 00:50:16,818 - API còn lại: 999.0 yêu cầu, reset sau 9.73 phút
2025-05-26 00:51:07,800 - API còn lại: 949.0 yêu cầu, reset sau 8.87 phút
2025-05-26 00:51:56,495 - Đã lưu 100 bản ghi vào Data/contents_20250526_005156.csv
2025-05-26 00:51:58,678 - Đã đẩy Data/contents_20250526_005156.csv vào hdfs://host.docker.internal:9000/Data/Contents/contents_20250526_005156.csv
2025-05-26 00:51:58,715 - Đã gửi 100 bản ghi vào Kafka topic reddit_stream
2025-05-26 00:51:58,727 - Đã lưu 694 bản ghi vào Data/comments_20250526_005158.csv
2025-05-26 00:52:02,692 - Đã đẩy Data/comments_20250526_005158.csv vào hdfs://host.docker.internal:9000/Data/Comments/comments_20250526_005158.csv
2025-05-26 00:52:02,804 - Đã gửi 694 bản ghi vào Kafka topic reddit_stream
2025-05-26 00:52:02,805 - Đã thu thập 100 bài đăng từ r/todayilearned
2025-05-26 00:52:04,119 - API còn lại: 898.0 yêu cầu, reset sau 7.95 phút
2025-05-26 00:52:52,246 - API còn lại: 848.0 yêu cầu, reset sau 7.13 phút
2025-05-26 00:53:20,308 - Đã lưu 76 bản ghi vào Data/contents_20250526_005320.csv
2025-05-26 00:53:24,781 - Đã đẩy Data/contents_20250526_005320.csv vào hdfs://host.docker.internal:9000/Data/Contents/contents_20250526_005320.csv
2025-05-26 00:53:24,803 - Đã gửi 76 bản ghi vào Kafka topic reddit_stream
2025-05-26 00:53:24,809 - Đã lưu 411 bản ghi vào Data/comments_20250526_005324.csv
2025-05-26 00:53:29,116 - Đã đẩy Data/comments_20250526_005324.csv vào hdfs://host.docker.internal:9000/Data/Comments/comments_20250526_005324.csv
2025-05-26 00:53:29,168 - Đã gửi 411 bản ghi vào Kafka topic reddit_stream
2025-05-26 00:53:29,168 - Đã thu thập 76 bài đăng từ r/todayilearned
2025-05-26 00:53:29,169 - 
--- LĨNH VỰC: News ---
2025-05-26 00:53:29,170 - Đang thu thập từ r/worldnews... (Lần thử 1)
2025-05-26 00:53:29,173 - Đang thu thập từ r/news... (Lần thử 1)
2025-05-26 00:53:30,624 - API còn lại: 820.0 yêu cầu, reset sau 6.50 phút
2025-05-26 00:53:30,981 - API còn lại: 821.0 yêu cầu, reset sau 6.50 phút
2025-05-26 00:56:46,745 - API còn lại: 723.0 yêu cầu, reset sau 3.25 phút
2025-05-26 00:56:57,592 - API còn lại: 718.0 yêu cầu, reset sau 3.08 phút
2025-05-26 00:59:43,326 - Đã lưu 100 bản ghi vào Data/contents_20250526_005943.csv
2025-05-26 00:59:46,707 - Đã đẩy Data/contents_20250526_005943.csv vào hdfs://host.docker.internal:9000/Data/Contents/contents_20250526_005943.csv
2025-05-26 00:59:46,728 - Đã gửi 100 bản ghi vào Kafka topic reddit_stream
2025-05-26 00:59:46,812 - Đã lưu 8636 bản ghi vào Data/comments_20250526_005946.csv
2025-05-26 00:59:50,778 - Đã đẩy Data/comments_20250526_005946.csv vào hdfs://host.docker.internal:9000/Data/Comments/comments_20250526_005946.csv
2025-05-26 00:59:51,883 - Đã gửi 8636 bản ghi vào Kafka topic reddit_stream
2025-05-26 00:59:51,883 - Đã thu thập 100 bài đăng từ r/worldnews
2025-05-26 00:59:53,695 - API còn lại: 620.0 yêu cầu, reset sau 0.12 phút
2025-05-26 00:59:56,628 - Đã lưu 100 bản ghi vào Data/contents_20250526_005956.csv
2025-05-26 01:00:00,547 - Đã đẩy Data/contents_20250526_005956.csv vào hdfs://host.docker.internal:9000/Data/Contents/contents_20250526_005956.csv
2025-05-26 01:00:00,636 - Đã gửi 100 bản ghi vào Kafka topic reddit_stream
2025-05-26 01:00:00,744 - Đã lưu 8719 bản ghi vào Data/comments_20250526_010000.csv
2025-05-26 01:00:04,918 - Đã đẩy Data/comments_20250526_010000.csv vào hdfs://host.docker.internal:9000/Data/Comments/comments_20250526_010000.csv
2025-05-26 01:00:06,028 - Đã gửi 8719 bản ghi vào Kafka topic reddit_stream
2025-05-26 01:00:06,028 - Đã thu thập 100 bài đăng từ r/news
2025-05-26 01:00:07,466 - API còn lại: 997.0 yêu cầu, reset sau 9.88 phút
2025-05-26 01:02:26,604 - API còn lại: 907.0 yêu cầu, reset sau 7.57 phút
2025-05-26 01:02:42,772 - API còn lại: 898.0 yêu cầu, reset sau 7.33 phút
2025-05-26 01:04:50,125 - Đã lưu 100 bản ghi vào Data/contents_20250526_010450.csv
2025-05-26 01:04:52,142 - Đã đẩy Data/contents_20250526_010450.csv vào hdfs://host.docker.internal:9000/Data/Contents/contents_20250526_010450.csv
2025-05-26 01:04:52,152 - Đã gửi 100 bản ghi vào Kafka topic reddit_stream
2025-05-26 01:04:52,181 - Đã lưu 6182 bản ghi vào Data/comments_20250526_010452.csv
2025-05-26 01:04:54,057 - Đã đẩy Data/comments_20250526_010452.csv vào hdfs://host.docker.internal:9000/Data/Comments/comments_20250526_010452.csv
2025-05-26 01:04:54,689 - Đã gửi 6182 bản ghi vào Kafka topic reddit_stream
2025-05-26 01:04:54,689 - Đã thu thập 100 bài đăng từ r/worldnews
2025-05-26 01:04:56,199 - API còn lại: 805.0 yêu cầu, reset sau 5.08 phút
2025-05-26 01:05:04,312 - Đã lưu 100 bản ghi vào Data/contents_20250526_010504.csv
2025-05-26 01:05:06,180 - Đã đẩy Data/contents_20250526_010504.csv vào hdfs://host.docker.internal:9000/Data/Contents/contents_20250526_010504.csv
2025-05-26 01:05:06,190 - Đã gửi 100 bản ghi vào Kafka topic reddit_stream
2025-05-26 01:05:06,229 - Đã lưu 6555 bản ghi vào Data/comments_20250526_010506.csv
2025-05-26 01:05:08,119 - Đã đẩy Data/comments_20250526_010506.csv vào hdfs://host.docker.internal:9000/Data/Comments/comments_20250526_010506.csv
2025-05-26 01:05:08,532 - Đã gửi 6555 bản ghi vào Kafka topic reddit_stream
2025-05-26 01:05:08,532 - Đã thu thập 100 bài đăng từ r/news
2025-05-26 01:05:09,851 - API còn lại: 794.0 yêu cầu, reset sau 4.85 phút
2025-05-26 01:06:55,433 - API còn lại: 707.0 yêu cầu, reset sau 3.08 phút
2025-05-26 01:07:11,461 - API còn lại: 694.0 yêu cầu, reset sau 2.83 phút
2025-05-26 01:09:02,527 - Đã lưu 100 bản ghi vào Data/contents_20250526_010902.csv
2025-05-26 01:09:04,526 - Đã lưu 100 bản ghi vào Data/contents_20250526_010904.csv
2025-05-26 01:09:04,566 - Đã đẩy Data/contents_20250526_010902.csv vào hdfs://host.docker.internal:9000/Data/Contents/contents_20250526_010902.csv
2025-05-26 01:09:04,582 - Đã gửi 100 bản ghi vào Kafka topic reddit_stream
2025-05-26 01:09:04,614 - Đã lưu 5031 bản ghi vào Data/comments_20250526_010904.csv
2025-05-26 01:09:07,816 - Đã đẩy Data/contents_20250526_010904.csv vào hdfs://host.docker.internal:9000/Data/Contents/contents_20250526_010904.csv
2025-05-26 01:09:07,836 - Đã gửi 100 bản ghi vào Kafka topic reddit_stream
2025-05-26 01:09:07,887 - Đã lưu 4605 bản ghi vào Data/comments_20250526_010907.csv
2025-05-26 01:09:07,991 - Đã đẩy Data/comments_20250526_010904.csv vào hdfs://host.docker.internal:9000/Data/Comments/comments_20250526_010904.csv
2025-05-26 01:09:08,861 - Đã gửi 5031 bản ghi vào Kafka topic reddit_stream
2025-05-26 01:09:08,861 - Đã thu thập 100 bài đăng từ r/worldnews
2025-05-26 01:09:10,338 - API còn lại: 599.0 yêu cầu, reset sau 0.83 phút
2025-05-26 01:09:11,280 - Đã đẩy Data/comments_20250526_010907.csv vào hdfs://host.docker.internal:9000/Data/Comments/comments_20250526_010907.csv
2025-05-26 01:09:11,722 - Đã gửi 4605 bản ghi vào Kafka topic reddit_stream
2025-05-26 01:09:11,722 - Đã thu thập 100 bài đăng từ r/news
2025-05-26 01:09:13,087 - API còn lại: 597.0 yêu cầu, reset sau 0.80 phút
2025-05-26 01:10:46,700 - API còn lại: 952.0 yêu cầu, reset sau 9.23 phút
2025-05-26 01:10:56,789 - API còn lại: 943.0 yêu cầu, reset sau 9.08 phút
2025-05-26 01:12:08,405 - Đã lưu 100 bản ghi vào Data/contents_20250526_011208.csv
2025-05-26 01:12:10,397 - Đã đẩy Data/contents_20250526_011208.csv vào hdfs://host.docker.internal:9000/Data/Contents/contents_20250526_011208.csv
2025-05-26 01:12:10,408 - Đã gửi 100 bản ghi vào Kafka topic reddit_stream
2025-05-26 01:12:10,423 - Đã lưu 2657 bản ghi vào Data/comments_20250526_011210.csv
2025-05-26 01:12:12,435 - Đã đẩy Data/comments_20250526_011210.csv vào hdfs://host.docker.internal:9000/Data/Comments/comments_20250526_011210.csv
2025-05-26 01:12:12,674 - Đã gửi 2657 bản ghi vào Kafka topic reddit_stream
2025-05-26 01:12:12,675 - Đã thu thập 100 bài đăng từ r/news
2025-05-26 01:12:13,787 - API còn lại: 864.0 yêu cầu, reset sau 7.78 phút
2025-05-26 01:12:46,151 - Đã lưu 100 bản ghi vào Data/contents_20250526_011246.csv
2025-05-26 01:12:48,197 - Đã đẩy Data/contents_20250526_011246.csv vào hdfs://host.docker.internal:9000/Data/Contents/contents_20250526_011246.csv
2025-05-26 01:12:48,209 - Đã gửi 100 bản ghi vào Kafka topic reddit_stream
2025-05-26 01:12:48,228 - Đã lưu 4050 bản ghi vào Data/comments_20250526_011248.csv
2025-05-26 01:12:50,153 - Đã đẩy Data/comments_20250526_011248.csv vào hdfs://host.docker.internal:9000/Data/Comments/comments_20250526_011248.csv
2025-05-26 01:12:50,600 - Đã gửi 4050 bản ghi vào Kafka topic reddit_stream
2025-05-26 01:12:50,600 - Đã thu thập 100 bài đăng từ r/worldnews
2025-05-26 01:12:52,197 - API còn lại: 819.0 yêu cầu, reset sau 7.15 phút
2025-05-26 01:13:27,568 - API còn lại: 780.0 yêu cầu, reset sau 6.53 phút
2025-05-26 01:14:25,212 - Đã lưu 100 bản ghi vào Data/contents_20250526_011425.csv
2025-05-26 01:14:27,199 - Đã đẩy Data/contents_20250526_011425.csv vào hdfs://host.docker.internal:9000/Data/Contents/contents_20250526_011425.csv
2025-05-26 01:14:27,209 - Đã gửi 100 bản ghi vào Kafka topic reddit_stream
2025-05-26 01:14:27,217 - Đã lưu 1431 bản ghi vào Data/comments_20250526_011427.csv
2025-05-26 01:14:29,073 - Đã đẩy Data/comments_20250526_011427.csv vào hdfs://host.docker.internal:9000/Data/Comments/comments_20250526_011427.csv
2025-05-26 01:14:29,237 - Đã gửi 1431 bản ghi vào Kafka topic reddit_stream
2025-05-26 01:14:29,237 - Đã thu thập 100 bài đăng từ r/news
2025-05-26 01:14:29,778 - API còn lại: 699.0 yêu cầu, reset sau 5.50 phút
2025-05-26 01:14:36,001 - API còn lại: 690.0 yêu cầu, reset sau 5.40 phút
2025-05-26 01:15:16,048 - Đã lưu 42 bản ghi vào Data/contents_20250526_011516.csv
2025-05-26 01:15:18,165 - Đã đẩy Data/contents_20250526_011516.csv vào hdfs://host.docker.internal:9000/Data/Contents/contents_20250526_011516.csv
2025-05-26 01:15:18,170 - Đã gửi 42 bản ghi vào Kafka topic reddit_stream
2025-05-26 01:15:18,173 - Đã lưu 292 bản ghi vào Data/comments_20250526_011518.csv
2025-05-26 01:15:20,138 - Đã đẩy Data/comments_20250526_011518.csv vào hdfs://host.docker.internal:9000/Data/Comments/comments_20250526_011518.csv
2025-05-26 01:15:20,159 - Đã gửi 292 bản ghi vào Kafka topic reddit_stream
2025-05-26 01:15:20,159 - Đã thu thập 42 bài đăng từ r/news
2025-05-26 01:15:20,160 - Đang thu thập từ r/VietNam... (Lần thử 1)
2025-05-26 01:15:23,097 - API còn lại: 626.0 yêu cầu, reset sau 4.65 phút
2025-05-26 01:15:59,245 - Đã lưu 100 bản ghi vào Data/contents_20250526_011559.csv
2025-05-26 01:16:01,314 - Đã đẩy Data/contents_20250526_011559.csv vào hdfs://host.docker.internal:9000/Data/Contents/contents_20250526_011559.csv
2025-05-26 01:16:01,366 - Đã gửi 100 bản ghi vào Kafka topic reddit_stream
2025-05-26 01:16:01,391 - Đã lưu 2851 bản ghi vào Data/comments_20250526_011601.csv
2025-05-26 01:16:03,415 - Đã đẩy Data/comments_20250526_011601.csv vào hdfs://host.docker.internal:9000/Data/Comments/comments_20250526_011601.csv
2025-05-26 01:16:03,709 - Đã gửi 2851 bản ghi vào Kafka topic reddit_stream
2025-05-26 01:16:03,709 - Đã thu thập 100 bài đăng từ r/worldnews
2025-05-26 01:16:05,274 - API còn lại: 580.0 yêu cầu, reset sau 3.93 phút
2025-05-26 01:16:48,623 - API còn lại: 529.0 yêu cầu, reset sau 3.18 phút
2025-05-26 01:17:32,967 - API còn lại: 472.0 yêu cầu, reset sau 2.45 phút
2025-05-26 01:18:01,125 - Đã lưu 100 bản ghi vào Data/contents_20250526_011801.csv
2025-05-26 01:18:03,097 - Đã đẩy Data/contents_20250526_011801.csv vào hdfs://host.docker.internal:9000/Data/Contents/contents_20250526_011801.csv
2025-05-26 01:18:03,111 - Đã gửi 100 bản ghi vào Kafka topic reddit_stream
2025-05-26 01:18:03,130 - Đã lưu 3470 bản ghi vào Data/comments_20250526_011803.csv
2025-05-26 01:18:05,095 - Đã đẩy Data/comments_20250526_011803.csv vào hdfs://host.docker.internal:9000/Data/Comments/comments_20250526_011803.csv
2025-05-26 01:18:05,459 - Đã gửi 3470 bản ghi vào Kafka topic reddit_stream
2025-05-26 01:18:05,459 - Đã thu thập 100 bài đăng từ r/VietNam
2025-05-26 01:18:08,043 - API còn lại: 428.0 yêu cầu, reset sau 1.90 phút
2025-05-26 01:18:53,575 - Đã lưu 100 bản ghi vào Data/contents_20250526_011853.csv
2025-05-26 01:18:55,645 - Đã đẩy Data/contents_20250526_011853.csv vào hdfs://host.docker.internal:9000/Data/Contents/contents_20250526_011853.csv
2025-05-26 01:18:55,659 - Đã gửi 100 bản ghi vào Kafka topic reddit_stream
2025-05-26 01:18:55,685 - Đã lưu 2565 bản ghi vào Data/comments_20250526_011855.csv
2025-05-26 01:18:57,658 - Đã đẩy Data/comments_20250526_011855.csv vào hdfs://host.docker.internal:9000/Data/Comments/comments_20250526_011855.csv
2025-05-26 01:18:58,014 - Đã gửi 2565 bản ghi vào Kafka topic reddit_stream
2025-05-26 01:18:58,014 - Đã thu thập 100 bài đăng từ r/worldnews
2025-05-26 01:18:59,470 - API còn lại: 363.0 yêu cầu, reset sau 1.02 phút
2025-05-26 01:19:16,179 - API còn lại: 339.0 yêu cầu, reset sau 0.73 phút
2025-05-26 01:20:17,626 - API còn lại: 975.0 yêu cầu, reset sau 9.72 phút
2025-05-26 01:20:19,787 - Đã lưu 100 bản ghi vào Data/contents_20250526_012019.csv
2025-05-26 01:20:29,263 - Đã đẩy Data/contents_20250526_012019.csv vào hdfs://host.docker.internal:9000/Data/Contents/contents_20250526_012019.csv
2025-05-26 01:20:29,351 - Đã gửi 100 bản ghi vào Kafka topic reddit_stream
2025-05-26 01:20:29,410 - Đã lưu 2174 bản ghi vào Data/comments_20250526_012029.csv
2025-05-26 01:20:38,942 - Đã đẩy Data/comments_20250526_012029.csv vào hdfs://host.docker.internal:9000/Data/Comments/comments_20250526_012029.csv
2025-05-26 01:20:39,370 - Đã gửi 2174 bản ghi vào Kafka topic reddit_stream
2025-05-26 01:20:39,370 - Đã thu thập 100 bài đăng từ r/VietNam
2025-05-26 01:20:41,884 - API còn lại: 955.0 yêu cầu, reset sau 9.33 phút
2025-05-26 01:21:32,278 - Đã lưu 100 bản ghi vào Data/contents_20250526_012132.csv
2025-05-26 01:21:35,440 - Đã đẩy Data/contents_20250526_012132.csv vào hdfs://host.docker.internal:9000/Data/Contents/contents_20250526_012132.csv
2025-05-26 01:21:35,457 - Đã gửi 100 bản ghi vào Kafka topic reddit_stream
2025-05-26 01:21:35,472 - Đã lưu 1880 bản ghi vào Data/comments_20250526_012135.csv
2025-05-26 01:21:38,315 - API còn lại: 872.0 yêu cầu, reset sau 8.37 phút
2025-05-26 01:21:38,571 - Đã đẩy Data/comments_20250526_012135.csv vào hdfs://host.docker.internal:9000/Data/Comments/comments_20250526_012135.csv
2025-05-26 01:21:38,788 - Đã gửi 1880 bản ghi vào Kafka topic reddit_stream
2025-05-26 01:21:38,788 - Đã thu thập 100 bài đăng từ r/worldnews
2025-05-26 01:21:40,665 - API còn lại: 871.0 yêu cầu, reset sau 8.35 phút
2025-05-26 01:22:31,360 - Đã lưu 100 bản ghi vào Data/contents_20250526_012231.csv
2025-05-26 01:22:36,612 - Đã đẩy Data/contents_20250526_012231.csv vào hdfs://host.docker.internal:9000/Data/Contents/contents_20250526_012231.csv
2025-05-26 01:22:36,671 - Đã gửi 100 bản ghi vào Kafka topic reddit_stream
2025-05-26 01:22:36,724 - Đã lưu 1361 bản ghi vào Data/comments_20250526_012236.csv
2025-05-26 01:22:46,692 - Đã đẩy Data/comments_20250526_012236.csv vào hdfs://host.docker.internal:9000/Data/Comments/comments_20250526_012236.csv
2025-05-26 01:22:47,291 - Đã gửi 1361 bản ghi vào Kafka topic reddit_stream
2025-05-26 01:22:47,292 - Đã thu thập 100 bài đăng từ r/VietNam
2025-05-26 01:22:49,327 - API còn lại: 795.0 yêu cầu, reset sau 7.20 phút
2025-05-26 01:23:42,012 - API còn lại: 726.0 yêu cầu, reset sau 6.30 phút
2025-05-26 01:23:54,360 - API còn lại: 709.0 yêu cầu, reset sau 6.08 phút
2025-05-26 01:24:37,310 - Đã lưu 100 bản ghi vào Data/contents_20250526_012437.csv
2025-05-26 01:24:40,530 - Đã đẩy Data/contents_20250526_012437.csv vào hdfs://host.docker.internal:9000/Data/Contents/contents_20250526_012437.csv
2025-05-26 01:24:40,556 - Đã gửi 100 bản ghi vào Kafka topic reddit_stream
2025-05-26 01:24:40,566 - Đã lưu 915 bản ghi vào Data/comments_20250526_012440.csv
2025-05-26 01:24:44,787 - Đã đẩy Data/comments_20250526_012440.csv vào hdfs://host.docker.internal:9000/Data/Comments/comments_20250526_012440.csv
2025-05-26 01:24:44,931 - Đã gửi 915 bản ghi vào Kafka topic reddit_stream
2025-05-26 01:24:44,931 - Đã thu thập 100 bài đăng từ r/VietNam
2025-05-26 01:24:46,648 - API còn lại: 640.0 yêu cầu, reset sau 5.23 phút
2025-05-26 01:25:17,074 - Đã lưu 100 bản ghi vào Data/contents_20250526_012517.csv
2025-05-26 01:25:18,995 - Đã đẩy Data/contents_20250526_012517.csv vào hdfs://host.docker.internal:9000/Data/Contents/contents_20250526_012517.csv
2025-05-26 01:25:19,006 - Đã gửi 100 bản ghi vào Kafka topic reddit_stream
2025-05-26 01:25:19,025 - Đã lưu 2431 bản ghi vào Data/comments_20250526_012519.csv
2025-05-26 01:25:20,900 - Đã đẩy Data/comments_20250526_012519.csv vào hdfs://host.docker.internal:9000/Data/Comments/comments_20250526_012519.csv
2025-05-26 01:25:21,182 - Đã gửi 2431 bản ghi vào Kafka topic reddit_stream
2025-05-26 01:25:21,182 - Đã thu thập 100 bài đăng từ r/worldnews
2025-05-26 01:25:22,592 - API còn lại: 582.0 yêu cầu, reset sau 4.63 phút
2025-05-26 01:25:35,469 - API còn lại: 560.0 yêu cầu, reset sau 4.40 phút
2025-05-26 01:26:25,145 - Đã lưu 100 bản ghi vào Data/contents_20250526_012625.csv
2025-05-26 01:26:27,138 - Đã đẩy Data/contents_20250526_012625.csv vào hdfs://host.docker.internal:9000/Data/Contents/contents_20250526_012625.csv
2025-05-26 01:26:27,155 - Đã gửi 100 bản ghi vào Kafka topic reddit_stream
2025-05-26 01:26:27,160 - Đã lưu 718 bản ghi vào Data/comments_20250526_012627.csv
2025-05-26 01:26:29,036 - Đã đẩy Data/comments_20250526_012627.csv vào hdfs://host.docker.internal:9000/Data/Comments/comments_20250526_012627.csv
2025-05-26 01:26:29,092 - Đã gửi 718 bản ghi vào Kafka topic reddit_stream
2025-05-26 01:26:29,093 - Đã thu thập 100 bài đăng từ r/VietNam
2025-05-26 01:26:31,016 - API còn lại: 475.0 yêu cầu, reset sau 3.50 phút
2025-05-26 01:26:41,093 - API còn lại: 458.0 yêu cầu, reset sau 3.32 phút
2025-05-26 01:27:19,099 - API còn lại: 389.0 yêu cầu, reset sau 2.68 phút
2025-05-26 01:27:49,822 - Đã lưu 100 bản ghi vào Data/contents_20250526_012749.csv
2025-05-26 01:27:51,871 - Đã đẩy Data/contents_20250526_012749.csv vào hdfs://host.docker.internal:9000/Data/Contents/contents_20250526_012749.csv
2025-05-26 01:27:51,881 - Đã gửi 100 bản ghi vào Kafka topic reddit_stream
2025-05-26 01:27:51,891 - Đã lưu 1879 bản ghi vào Data/comments_20250526_012751.csv
2025-05-26 01:27:53,861 - Đã đẩy Data/comments_20250526_012751.csv vào hdfs://host.docker.internal:9000/Data/Comments/comments_20250526_012751.csv
2025-05-26 01:27:54,056 - Đã gửi 1879 bản ghi vào Kafka topic reddit_stream
2025-05-26 01:27:54,056 - Đã thu thập 100 bài đăng từ r/worldnews
2025-05-26 01:27:55,523 - API còn lại: 329.0 yêu cầu, reset sau 2.08 phút
2025-05-26 01:28:06,427 - Đã lưu 100 bản ghi vào Data/contents_20250526_012806.csv
2025-05-26 01:28:08,449 - Đã đẩy Data/contents_20250526_012806.csv vào hdfs://host.docker.internal:9000/Data/Contents/contents_20250526_012806.csv
2025-05-26 01:28:08,464 - Đã gửi 100 bản ghi vào Kafka topic reddit_stream
2025-05-26 01:28:08,468 - Đã lưu 388 bản ghi vào Data/comments_20250526_012808.csv
2025-05-26 01:28:10,451 - Đã đẩy Data/comments_20250526_012808.csv vào hdfs://host.docker.internal:9000/Data/Comments/comments_20250526_012808.csv
2025-05-26 01:28:10,483 - Đã gửi 388 bản ghi vào Kafka topic reddit_stream
2025-05-26 01:28:10,483 - Đã thu thập 100 bài đăng từ r/VietNam
2025-05-26 01:28:12,812 - API còn lại: 304.0 yêu cầu, reset sau 1.82 phút
2025-05-26 01:29:01,547 - API còn lại: 216.0 yêu cầu, reset sau 0.97 phút
2025-05-26 01:29:01,706 - API còn lại: 215.0 yêu cầu, reset sau 0.97 phút
2025-05-26 01:29:49,238 - Đã lưu 100 bản ghi vào Data/contents_20250526_012949.csv
2025-05-26 01:29:58,603 - Đã đẩy Data/contents_20250526_012949.csv vào hdfs://host.docker.internal:9000/Data/Contents/contents_20250526_012949.csv
2025-05-26 01:29:58,697 - Đã gửi 100 bản ghi vào Kafka topic reddit_stream
2025-05-26 01:29:58,714 - Đã lưu 382 bản ghi vào Data/comments_20250526_012958.csv
2025-05-26 01:30:00,009 - Đã lưu 98 bản ghi vào Data/contents_20250526_012959.csv
2025-05-26 01:30:09,349 - Đã đẩy Data/comments_20250526_012958.csv vào hdfs://host.docker.internal:9000/Data/Comments/comments_20250526_012958.csv
2025-05-26 01:30:09,531 - Đã gửi 382 bản ghi vào Kafka topic reddit_stream
2025-05-26 01:30:09,531 - Đã thu thập 100 bài đăng từ r/VietNam
2025-05-26 01:30:11,111 - API còn lại: 999.0 yêu cầu, reset sau 9.83 phút
2025-05-26 01:30:11,153 - Đã đẩy Data/contents_20250526_012959.csv vào hdfs://host.docker.internal:9000/Data/Contents/contents_20250526_012959.csv
2025-05-26 01:30:11,219 - Đã gửi 98 bản ghi vào Kafka topic reddit_stream
2025-05-26 01:30:11,267 - Đã lưu 1210 bản ghi vào Data/comments_20250526_013011.csv
2025-05-26 01:30:20,772 - Đã đẩy Data/comments_20250526_013011.csv vào hdfs://host.docker.internal:9000/Data/Comments/comments_20250526_013011.csv
2025-05-26 01:30:21,265 - Đã gửi 1210 bản ghi vào Kafka topic reddit_stream
2025-05-26 01:30:21,266 - Đã thu thập 98 bài đăng từ r/worldnews
2025-05-26 01:30:21,266 - Đang thu thập từ r/AskReddit... (Lần thử 1)
2025-05-26 01:30:22,568 - API còn lại: 987.0 yêu cầu, reset sau 9.63 phút
2025-05-26 01:30:59,776 - API còn lại: 940.0 yêu cầu, reset sau 9.00 phút
2025-05-26 01:31:47,835 - Đã lưu 100 bản ghi vào Data/contents_20250526_013147.csv
2025-05-26 01:31:51,043 - Đã đẩy Data/contents_20250526_013147.csv vào hdfs://host.docker.internal:9000/Data/Contents/contents_20250526_013147.csv
2025-05-26 01:31:51,063 - Đã gửi 100 bản ghi vào Kafka topic reddit_stream
2025-05-26 01:31:51,066 - Đã lưu 231 bản ghi vào Data/comments_20250526_013151.csv
2025-05-26 01:31:54,069 - Đã đẩy Data/comments_20250526_013151.csv vào hdfs://host.docker.internal:9000/Data/Comments/comments_20250526_013151.csv
2025-05-26 01:31:54,101 - Đã gửi 231 bản ghi vào Kafka topic reddit_stream
2025-05-26 01:31:54,101 - Đã thu thập 100 bài đăng từ r/VietNam
2025-05-26 01:31:55,532 - API còn lại: 878.0 yêu cầu, reset sau 8.08 phút
2025-05-26 01:32:44,005 - API còn lại: 818.0 yêu cầu, reset sau 7.27 phút
2025-05-26 01:33:32,461 - Đã lưu 100 bản ghi vào Data/contents_20250526_013332.csv
2025-05-26 01:33:34,474 - Đã đẩy Data/contents_20250526_013332.csv vào hdfs://host.docker.internal:9000/Data/Contents/contents_20250526_013332.csv
2025-05-26 01:33:34,494 - Đã gửi 100 bản ghi vào Kafka topic reddit_stream
2025-05-26 01:33:34,496 - Đã lưu 285 bản ghi vào Data/comments_20250526_013334.csv
2025-05-26 01:33:37,106 - Đã đẩy Data/comments_20250526_013334.csv vào hdfs://host.docker.internal:9000/Data/Comments/comments_20250526_013334.csv
2025-05-26 01:33:37,137 - Đã gửi 285 bản ghi vào Kafka topic reddit_stream
2025-05-26 01:33:37,137 - Đã thu thập 100 bài đăng từ r/VietNam
2025-05-26 01:33:38,329 - API còn lại: 756.0 yêu cầu, reset sau 6.37 phút
2025-05-26 01:34:21,553 - API còn lại: 704.0 yêu cầu, reset sau 5.68 phút
2025-05-26 01:34:25,910 - API còn lại: 695.0 yêu cầu, reset sau 5.57 phút
2025-05-26 01:35:09,945 - Đã lưu 95 bản ghi vào Data/contents_20250526_013509.csv
2025-05-26 01:35:11,946 - Đã đẩy Data/contents_20250526_013509.csv vào hdfs://host.docker.internal:9000/Data/Contents/contents_20250526_013509.csv
2025-05-26 01:35:11,994 - Đã gửi 95 bản ghi vào Kafka topic reddit_stream
2025-05-26 01:35:11,996 - Đã lưu 228 bản ghi vào Data/comments_20250526_013511.csv
2025-05-26 01:35:13,999 - Đã đẩy Data/comments_20250526_013511.csv vào hdfs://host.docker.internal:9000/Data/Comments/comments_20250526_013511.csv
2025-05-26 01:35:14,017 - Đã gửi 228 bản ghi vào Kafka topic reddit_stream
2025-05-26 01:35:14,017 - Đã thu thập 95 bài đăng từ r/VietNam
2025-05-26 01:38:33,474 - Đã lưu 100 bản ghi vào Data/contents_20250526_013833.csv
2025-05-26 01:38:43,298 - Đã đẩy Data/contents_20250526_013833.csv vào hdfs://host.docker.internal:9000/Data/Contents/contents_20250526_013833.csv
2025-05-26 01:38:43,360 - Đã gửi 100 bản ghi vào Kafka topic reddit_stream
2025-05-26 01:38:43,724 - Đã lưu 9502 bản ghi vào Data/comments_20250526_013843.csv
2025-05-26 01:38:52,919 - Đã đẩy Data/comments_20250526_013843.csv vào hdfs://host.docker.internal:9000/Data/Comments/comments_20250526_013843.csv
2025-05-26 01:38:56,047 - Đã gửi 9502 bản ghi vào Kafka topic reddit_stream
2025-05-26 01:38:56,047 - Đã thu thập 100 bài đăng từ r/AskReddit
2025-05-26 01:38:57,519 - API còn lại: 600.0 yêu cầu, reset sau 1.05 phút
2025-05-26 01:42:34,745 - API còn lại: 965.0 yêu cầu, reset sau 7.47 phút
2025-05-26 01:45:58,388 - Đã lưu 100 bản ghi vào Data/contents_20250526_014558.csv
2025-05-26 01:46:00,220 - Đã đẩy Data/contents_20250526_014558.csv vào hdfs://host.docker.internal:9000/Data/Contents/contents_20250526_014558.csv
2025-05-26 01:46:00,231 - Đã gửi 100 bản ghi vào Kafka topic reddit_stream
2025-05-26 01:46:00,287 - Đã lưu 9952 bản ghi vào Data/comments_20250526_014600.csv
2025-05-26 01:46:02,118 - Đã đẩy Data/comments_20250526_014600.csv vào hdfs://host.docker.internal:9000/Data/Comments/comments_20250526_014600.csv
2025-05-26 01:46:03,033 - Đã gửi 9952 bản ghi vào Kafka topic reddit_stream
2025-05-26 01:46:03,033 - Đã thu thập 100 bài đăng từ r/AskReddit
2025-05-26 01:46:04,166 - API còn lại: 914.0 yêu cầu, reset sau 3.93 phút
2025-05-26 01:49:24,825 - API còn lại: 864.0 yêu cầu, reset sau 0.63 phút
2025-05-26 01:52:41,980 - Đã lưu 100 bản ghi vào Data/contents_20250526_015241.csv
2025-05-26 01:52:43,860 - Đã đẩy Data/contents_20250526_015241.csv vào hdfs://host.docker.internal:9000/Data/Contents/contents_20250526_015241.csv
2025-05-26 01:52:43,870 - Đã gửi 100 bản ghi vào Kafka topic reddit_stream
2025-05-26 01:52:43,927 - Đã lưu 9781 bản ghi vào Data/comments_20250526_015243.csv
2025-05-26 01:52:45,823 - Đã đẩy Data/comments_20250526_015243.csv vào hdfs://host.docker.internal:9000/Data/Comments/comments_20250526_015243.csv
2025-05-26 01:52:46,511 - Đã gửi 9781 bản ghi vào Kafka topic reddit_stream
2025-05-26 01:52:46,511 - Đã thu thập 100 bài đăng từ r/AskReddit
2025-05-26 01:52:47,738 - API còn lại: 959.0 yêu cầu, reset sau 7.22 phút
2025-05-26 01:55:58,304 - API còn lại: 909.0 yêu cầu, reset sau 4.07 phút
2025-05-26 01:59:11,553 - Đã lưu 100 bản ghi vào Data/contents_20250526_015911.csv
2025-05-26 01:59:13,437 - Đã đẩy Data/contents_20250526_015911.csv vào hdfs://host.docker.internal:9000/Data/Contents/contents_20250526_015911.csv
2025-05-26 01:59:13,488 - Đã gửi 100 bản ghi vào Kafka topic reddit_stream
2025-05-26 01:59:13,554 - Đã lưu 9955 bản ghi vào Data/comments_20250526_015913.csv
2025-05-26 01:59:15,376 - Đã đẩy Data/comments_20250526_015913.csv vào hdfs://host.docker.internal:9000/Data/Comments/comments_20250526_015913.csv
2025-05-26 01:59:16,072 - Đã gửi 9955 bản ghi vào Kafka topic reddit_stream
2025-05-26 01:59:16,072 - Đã thu thập 100 bài đăng từ r/AskReddit
2025-05-26 01:59:17,265 - API còn lại: 858.0 yêu cầu, reset sau 0.72 phút
2025-05-26 02:02:17,964 - API còn lại: 962.0 yêu cầu, reset sau 7.73 phút
2025-05-26 02:05:04,348 - Đã lưu 100 bản ghi vào Data/contents_20250526_020504.csv
2025-05-26 02:05:06,173 - Đã đẩy Data/contents_20250526_020504.csv vào hdfs://host.docker.internal:9000/Data/Contents/contents_20250526_020504.csv
2025-05-26 02:05:06,223 - Đã gửi 100 bản ghi vào Kafka topic reddit_stream
2025-05-26 02:05:06,274 - Đã lưu 9891 bản ghi vào Data/comments_20250526_020506.csv
2025-05-26 02:05:08,194 - Đã đẩy Data/comments_20250526_020506.csv vào hdfs://host.docker.internal:9000/Data/Comments/comments_20250526_020506.csv
2025-05-26 02:05:09,047 - Đã gửi 9891 bản ghi vào Kafka topic reddit_stream
2025-05-26 02:05:09,047 - Đã thu thập 100 bài đăng từ r/AskReddit
2025-05-26 02:05:10,448 - API còn lại: 911.0 yêu cầu, reset sau 4.83 phút
2025-05-26 02:07:45,351 - API còn lại: 861.0 yêu cầu, reset sau 2.28 phút
2025-05-26 02:10:19,706 - Đã lưu 100 bản ghi vào Data/contents_20250526_021019.csv
2025-05-26 02:10:21,553 - Đã đẩy Data/contents_20250526_021019.csv vào hdfs://host.docker.internal:9000/Data/Contents/contents_20250526_021019.csv
2025-05-26 02:10:21,603 - Đã gửi 100 bản ghi vào Kafka topic reddit_stream
2025-05-26 02:10:21,661 - Đã lưu 9587 bản ghi vào Data/comments_20250526_021021.csv
2025-05-26 02:10:23,517 - Đã đẩy Data/comments_20250526_021021.csv vào hdfs://host.docker.internal:9000/Data/Comments/comments_20250526_021021.csv
2025-05-26 02:10:24,135 - Đã gửi 9587 bản ghi vào Kafka topic reddit_stream
2025-05-26 02:10:24,135 - Đã thu thập 100 bài đăng từ r/AskReddit
2025-05-26 02:10:25,640 - API còn lại: 993.0 yêu cầu, reset sau 9.58 phút
2025-05-26 02:12:46,156 - API còn lại: 943.0 yêu cầu, reset sau 7.27 phút
2025-05-26 02:15:03,048 - Đã lưu 100 bản ghi vào Data/contents_20250526_021503.csv
2025-05-26 02:15:05,045 - Đã đẩy Data/contents_20250526_021503.csv vào hdfs://host.docker.internal:9000/Data/Contents/contents_20250526_021503.csv
2025-05-26 02:15:05,055 - Đã gửi 100 bản ghi vào Kafka topic reddit_stream
2025-05-26 02:15:05,101 - Đã lưu 8965 bản ghi vào Data/comments_20250526_021505.csv
2025-05-26 02:15:06,956 - Đã đẩy Data/comments_20250526_021505.csv vào hdfs://host.docker.internal:9000/Data/Comments/comments_20250526_021505.csv
2025-05-26 02:15:07,663 - Đã gửi 8965 bản ghi vào Kafka topic reddit_stream
2025-05-26 02:15:07,663 - Đã thu thập 100 bài đăng từ r/AskReddit
2025-05-26 02:15:08,764 - API còn lại: 892.0 yêu cầu, reset sau 4.87 phút
2025-05-26 02:17:22,515 - API còn lại: 842.0 yêu cầu, reset sau 2.63 phút
2025-05-26 02:19:47,271 - Đã lưu 100 bản ghi vào Data/contents_20250526_021947.csv
2025-05-26 02:19:49,115 - Đã đẩy Data/contents_20250526_021947.csv vào hdfs://host.docker.internal:9000/Data/Contents/contents_20250526_021947.csv
2025-05-26 02:19:49,129 - Đã gửi 100 bản ghi vào Kafka topic reddit_stream
2025-05-26 02:19:49,180 - Đã lưu 9499 bản ghi vào Data/comments_20250526_021949.csv
2025-05-26 02:19:51,003 - Đã đẩy Data/comments_20250526_021949.csv vào hdfs://host.docker.internal:9000/Data/Comments/comments_20250526_021949.csv
2025-05-26 02:19:51,576 - Đã gửi 9499 bản ghi vào Kafka topic reddit_stream
2025-05-26 02:19:51,576 - Đã thu thập 100 bài đăng từ r/AskReddit
2025-05-26 02:19:53,039 - API còn lại: 791.0 yêu cầu, reset sau 0.13 phút
2025-05-26 02:21:53,463 - API còn lại: 953.0 yêu cầu, reset sau 8.12 phút
2025-05-26 02:24:03,062 - Đã lưu 100 bản ghi vào Data/contents_20250526_022403.csv
2025-05-26 02:24:04,958 - Đã đẩy Data/contents_20250526_022403.csv vào hdfs://host.docker.internal:9000/Data/Contents/contents_20250526_022403.csv
2025-05-26 02:24:04,967 - Đã gửi 100 bản ghi vào Kafka topic reddit_stream
2025-05-26 02:24:05,010 - Đã lưu 8838 bản ghi vào Data/comments_20250526_022404.csv
2025-05-26 02:24:06,786 - Đã đẩy Data/comments_20250526_022404.csv vào hdfs://host.docker.internal:9000/Data/Comments/comments_20250526_022404.csv
2025-05-26 02:24:07,321 - Đã gửi 8838 bản ghi vào Kafka topic reddit_stream
2025-05-26 02:24:07,321 - Đã thu thập 100 bài đăng từ r/AskReddit
2025-05-26 02:24:08,412 - API còn lại: 902.0 yêu cầu, reset sau 5.87 phút
2025-05-26 02:26:11,618 - API còn lại: 852.0 yêu cầu, reset sau 3.82 phút
2025-05-26 02:27:59,364 - Đã lưu 95 bản ghi vào Data/contents_20250526_022759.csv
2025-05-26 02:28:01,232 - Đã đẩy Data/contents_20250526_022759.csv vào hdfs://host.docker.internal:9000/Data/Contents/contents_20250526_022759.csv
2025-05-26 02:28:01,298 - Đã gửi 95 bản ghi vào Kafka topic reddit_stream
2025-05-26 02:28:01,341 - Đã lưu 8315 bản ghi vào Data/comments_20250526_022801.csv
2025-05-26 02:28:03,140 - Đã đẩy Data/comments_20250526_022801.csv vào hdfs://host.docker.internal:9000/Data/Comments/comments_20250526_022801.csv
2025-05-26 02:28:03,634 - Đã gửi 8315 bản ghi vào Kafka topic reddit_stream
2025-05-26 02:28:03,634 - Đã thu thập 95 bài đăng từ r/AskReddit
2025-05-26 02:28:03,634 - 
--- LĨNH VỰC: Entertainment ---
2025-05-26 02:28:03,635 - Đang thu thập từ r/movies... (Lần thử 1)
2025-05-26 02:28:03,635 - Đang thu thập từ r/gaming... (Lần thử 1)
2025-05-26 02:28:05,332 - API còn lại: 805.0 yêu cầu, reset sau 1.93 phút
2025-05-26 02:28:05,520 - API còn lại: 806.0 yêu cầu, reset sau 1.93 phút
2025-05-26 02:31:17,276 - API còn lại: 960.0 yêu cầu, reset sau 8.75 phút
2025-05-26 02:31:17,617 - API còn lại: 959.0 yêu cầu, reset sau 8.73 phút
2025-05-26 02:33:38,611 - Đã lưu 100 bản ghi vào Data/contents_20250526_023338.csv
2025-05-26 02:33:40,633 - Đã đẩy Data/contents_20250526_023338.csv vào hdfs://host.docker.internal:9000/Data/Contents/contents_20250526_023338.csv
2025-05-26 02:33:40,648 - Đã gửi 100 bản ghi vào Kafka topic reddit_stream
2025-05-26 02:33:40,686 - Đã lưu 8401 bản ghi vào Data/comments_20250526_023340.csv
2025-05-26 02:33:42,644 - Đã đẩy Data/comments_20250526_023340.csv vào hdfs://host.docker.internal:9000/Data/Comments/comments_20250526_023340.csv
2025-05-26 02:33:43,452 - Đã gửi 8401 bản ghi vào Kafka topic reddit_stream
2025-05-26 02:33:43,453 - Đã thu thập 100 bài đăng từ r/movies
2025-05-26 02:33:45,470 - API còn lại: 863.0 yêu cầu, reset sau 6.27 phút
2025-05-26 02:33:59,751 - Đã lưu 100 bản ghi vào Data/contents_20250526_023359.csv
2025-05-26 02:34:01,643 - Đã đẩy Data/contents_20250526_023359.csv vào hdfs://host.docker.internal:9000/Data/Contents/contents_20250526_023359.csv
2025-05-26 02:34:01,655 - Đã gửi 100 bản ghi vào Kafka topic reddit_stream
2025-05-26 02:34:01,698 - Đã lưu 9099 bản ghi vào Data/comments_20250526_023401.csv
2025-05-26 02:34:03,853 - Đã đẩy Data/comments_20250526_023401.csv vào hdfs://host.docker.internal:9000/Data/Comments/comments_20250526_023401.csv
2025-05-26 02:34:04,404 - Đã gửi 9099 bản ghi vào Kafka topic reddit_stream
2025-05-26 02:34:04,404 - Đã thu thập 100 bài đăng từ r/gaming
2025-05-26 02:34:05,995 - API còn lại: 849.0 yêu cầu, reset sau 5.92 phút
2025-05-26 02:36:00,738 - API còn lại: 766.0 yêu cầu, reset sau 4.00 phút
2025-05-26 02:36:30,949 - API còn lại: 747.0 yêu cầu, reset sau 3.53 phút
2025-05-26 02:38:01,311 - Đã lưu 100 bản ghi vào Data/contents_20250526_023801.csv
2025-05-26 02:38:03,214 - Đã đẩy Data/contents_20250526_023801.csv vào hdfs://host.docker.internal:9000/Data/Contents/contents_20250526_023801.csv
2025-05-26 02:38:03,264 - Đã gửi 100 bản ghi vào Kafka topic reddit_stream
2025-05-26 02:38:03,302 - Đã lưu 6540 bản ghi vào Data/comments_20250526_023803.csv
2025-05-26 02:38:05,174 - Đã đẩy Data/comments_20250526_023803.csv vào hdfs://host.docker.internal:9000/Data/Comments/comments_20250526_023803.csv
2025-05-26 02:38:05,578 - Đã gửi 6540 bản ghi vào Kafka topic reddit_stream
2025-05-26 02:38:05,578 - Đã thu thập 100 bài đăng từ r/movies
2025-05-26 02:38:07,430 - API còn lại: 669.0 yêu cầu, reset sau 1.90 phút
2025-05-26 02:38:40,247 - Đã lưu 100 bản ghi vào Data/contents_20250526_023840.csv
2025-05-26 02:38:42,183 - Đã đẩy Data/contents_20250526_023840.csv vào hdfs://host.docker.internal:9000/Data/Contents/contents_20250526_023840.csv
2025-05-26 02:38:42,234 - Đã gửi 100 bản ghi vào Kafka topic reddit_stream
2025-05-26 02:38:42,277 - Đã lưu 7206 bản ghi vào Data/comments_20250526_023842.csv
2025-05-26 02:38:44,086 - Đã đẩy Data/comments_20250526_023842.csv vào hdfs://host.docker.internal:9000/Data/Comments/comments_20250526_023842.csv
2025-05-26 02:38:44,593 - Đã gửi 7206 bản ghi vào Kafka topic reddit_stream
2025-05-26 02:38:44,593 - Đã thu thập 100 bài đăng từ r/gaming
2025-05-26 02:38:46,183 - API còn lại: 639.0 yêu cầu, reset sau 1.25 phút
2025-05-26 02:40:20,210 - API còn lại: 990.0 yêu cầu, reset sau 9.71 phút
2025-05-26 02:40:57,141 - API còn lại: 962.0 yêu cầu, reset sau 9.08 phút
2025-05-26 02:42:27,650 - Đã lưu 100 bản ghi vào Data/contents_20250526_024227.csv
2025-05-26 02:42:31,205 - Đã đẩy Data/contents_20250526_024227.csv vào hdfs://host.docker.internal:9000/Data/Contents/contents_20250526_024227.csv
2025-05-26 02:42:31,278 - Đã gửi 100 bản ghi vào Kafka topic reddit_stream
2025-05-26 02:42:31,332 - Đã lưu 6093 bản ghi vào Data/comments_20250526_024231.csv
2025-05-26 02:42:34,793 - Đã đẩy Data/comments_20250526_024231.csv vào hdfs://host.docker.internal:9000/Data/Comments/comments_20250526_024231.csv
2025-05-26 02:42:35,460 - Đã gửi 6093 bản ghi vào Kafka topic reddit_stream
2025-05-26 02:42:35,460 - Đã thu thập 100 bài đăng từ r/movies
2025-05-26 02:42:37,212 - API còn lại: 876.0 yêu cầu, reset sau 7.40 phút
2025-05-26 02:42:44,979 - Đã lưu 100 bản ghi vào Data/contents_20250526_024244.csv
2025-05-26 02:42:49,663 - Đã đẩy Data/contents_20250526_024244.csv vào hdfs://host.docker.internal:9000/Data/Contents/contents_20250526_024244.csv
2025-05-26 02:42:49,680 - Đã gửi 100 bản ghi vào Kafka topic reddit_stream
2025-05-26 02:42:49,724 - Đã lưu 6326 bản ghi vào Data/comments_20250526_024249.csv
2025-05-26 02:42:54,231 - Đã đẩy Data/comments_20250526_024249.csv vào hdfs://host.docker.internal:9000/Data/Comments/comments_20250526_024249.csv
2025-05-26 02:42:55,325 - Đã gửi 6326 bản ghi vào Kafka topic reddit_stream
2025-05-26 02:42:55,325 - Đã thu thập 100 bài đăng từ r/gaming
2025-05-26 02:42:58,037 - API còn lại: 864.0 yêu cầu, reset sau 7.07 phút
2025-05-26 02:44:39,238 - API còn lại: 773.0 yêu cầu, reset sau 5.40 phút
2025-05-26 02:44:42,166 - API còn lại: 768.0 yêu cầu, reset sau 5.30 phút
2025-05-26 02:46:33,506 - Đã lưu 100 bản ghi vào Data/contents_20250526_024633.csv
2025-05-26 02:46:34,204 - Đã lưu 100 bản ghi vào Data/contents_20250526_024634.csv
2025-05-26 02:46:36,215 - Đã đẩy Data/contents_20250526_024633.csv vào hdfs://host.docker.internal:9000/Data/Contents/contents_20250526_024633.csv
2025-05-26 02:46:36,304 - Đã gửi 100 bản ghi vào Kafka topic reddit_stream
2025-05-26 02:46:36,347 - Đã lưu 5696 bản ghi vào Data/comments_20250526_024636.csv
2025-05-26 02:46:37,430 - Đã đẩy Data/contents_20250526_024634.csv vào hdfs://host.docker.internal:9000/Data/Contents/contents_20250526_024634.csv
2025-05-26 02:46:37,456 - Đã gửi 100 bản ghi vào Kafka topic reddit_stream
2025-05-26 02:46:37,538 - Đã lưu 5275 bản ghi vào Data/comments_20250526_024637.csv
2025-05-26 02:46:41,037 - Đã đẩy Data/comments_20250526_024636.csv vào hdfs://host.docker.internal:9000/Data/Comments/comments_20250526_024636.csv
2025-05-26 02:46:41,921 - Đã gửi 5696 bản ghi vào Kafka topic reddit_stream
2025-05-26 02:46:41,921 - Đã thu thập 100 bài đăng từ r/movies
2025-05-26 02:46:42,246 - Đã đẩy Data/comments_20250526_024637.csv vào hdfs://host.docker.internal:9000/Data/Comments/comments_20250526_024637.csv
2025-05-26 02:46:42,786 - Đã gửi 5275 bản ghi vào Kafka topic reddit_stream
2025-05-26 02:46:42,786 - Đã thu thập 100 bài đăng từ r/gaming
2025-05-26 02:46:43,857 - API còn lại: 669.0 yêu cầu, reset sau 3.28 phút
2025-05-26 02:46:44,509 - API còn lại: 668.0 yêu cầu, reset sau 3.28 phút
2025-05-26 02:48:06,735 - API còn lại: 575.0 yêu cầu, reset sau 1.88 phút
2025-05-26 02:48:25,000 - API còn lại: 558.0 yêu cầu, reset sau 1.60 phút
2025-05-26 02:49:33,688 - Đã lưu 100 bản ghi vào Data/contents_20250526_024933.csv
2025-05-26 02:49:37,527 - Đã đẩy Data/contents_20250526_024933.csv vào hdfs://host.docker.internal:9000/Data/Contents/contents_20250526_024933.csv
2025-05-26 02:49:37,562 - Đã gửi 100 bản ghi vào Kafka topic reddit_stream
2025-05-26 02:49:37,591 - Đã lưu 3742 bản ghi vào Data/comments_20250526_024937.csv
2025-05-26 02:49:42,258 - Đã đẩy Data/comments_20250526_024937.csv vào hdfs://host.docker.internal:9000/Data/Comments/comments_20250526_024937.csv
2025-05-26 02:49:42,785 - Đã gửi 3742 bản ghi vào Kafka topic reddit_stream
2025-05-26 02:49:42,785 - Đã thu thập 100 bài đăng từ r/gaming
2025-05-26 02:49:45,286 - API còn lại: 482.0 yêu cầu, reset sau 0.28 phút
2025-05-26 02:50:17,865 - Đã lưu 100 bản ghi vào Data/contents_20250526_025017.csv
2025-05-26 02:50:20,355 - Đã đẩy Data/contents_20250526_025017.csv vào hdfs://host.docker.internal:9000/Data/Contents/contents_20250526_025017.csv
2025-05-26 02:50:20,380 - Đã gửi 100 bản ghi vào Kafka topic reddit_stream
2025-05-26 02:50:20,426 - Đã lưu 4759 bản ghi vào Data/comments_20250526_025020.csv
2025-05-26 02:50:24,818 - Đã đẩy Data/comments_20250526_025020.csv vào hdfs://host.docker.internal:9000/Data/Comments/comments_20250526_025020.csv
2025-05-26 02:50:25,330 - Đã gửi 4759 bản ghi vào Kafka topic reddit_stream
2025-05-26 02:50:25,330 - Đã thu thập 100 bài đăng từ r/movies
2025-05-26 02:50:27,692 - API còn lại: 981.0 yêu cầu, reset sau 9.57 phút
2025-05-26 02:51:25,287 - API còn lại: 921.0 yêu cầu, reset sau 8.62 phút
2025-05-26 02:52:07,339 - API còn lại: 872.0 yêu cầu, reset sau 7.88 phút
2025-05-26 02:52:50,691 - Đã lưu 100 bản ghi vào Data/contents_20250526_025250.csv
2025-05-26 02:52:55,072 - Đã đẩy Data/contents_20250526_025250.csv vào hdfs://host.docker.internal:9000/Data/Contents/contents_20250526_025250.csv
2025-05-26 02:52:55,118 - Đã gửi 100 bản ghi vào Kafka topic reddit_stream
2025-05-26 02:52:55,158 - Đã lưu 4332 bản ghi vào Data/comments_20250526_025255.csv
2025-05-26 02:52:59,495 - Đã đẩy Data/comments_20250526_025255.csv vào hdfs://host.docker.internal:9000/Data/Comments/comments_20250526_025255.csv
2025-05-26 02:53:00,264 - Đã gửi 4332 bản ghi vào Kafka topic reddit_stream
2025-05-26 02:53:00,264 - Đã thu thập 100 bài đăng từ r/gaming
2025-05-26 02:53:02,215 - API còn lại: 815.0 yêu cầu, reset sau 6.98 phút
2025-05-26 02:53:34,209 - Đã lưu 100 bản ghi vào Data/contents_20250526_025334.csv
2025-05-26 02:53:38,489 - Đã đẩy Data/contents_20250526_025334.csv vào hdfs://host.docker.internal:9000/Data/Contents/contents_20250526_025334.csv
2025-05-26 02:53:38,545 - Đã gửi 100 bản ghi vào Kafka topic reddit_stream
2025-05-26 02:53:38,633 - Đã lưu 4050 bản ghi vào Data/comments_20250526_025338.csv
2025-05-26 02:53:42,863 - Đã đẩy Data/comments_20250526_025338.csv vào hdfs://host.docker.internal:9000/Data/Comments/comments_20250526_025338.csv
2025-05-26 02:53:43,717 - Đã gửi 4050 bản ghi vào Kafka topic reddit_stream
2025-05-26 02:53:43,717 - Đã thu thập 100 bài đăng từ r/movies
2025-05-26 02:53:45,953 - API còn lại: 774.0 yêu cầu, reset sau 6.27 phút
2025-05-26 02:54:32,510 - API còn lại: 721.0 yêu cầu, reset sau 5.47 phút
2025-05-26 02:55:18,480 - API còn lại: 665.0 yêu cầu, reset sau 4.70 phút
2025-05-26 02:55:45,037 - Đã lưu 100 bản ghi vào Data/contents_20250526_025545.csv
2025-05-26 02:55:48,998 - Đã đẩy Data/contents_20250526_025545.csv vào hdfs://host.docker.internal:9000/Data/Contents/contents_20250526_025545.csv
2025-05-26 02:55:49,060 - Đã gửi 100 bản ghi vào Kafka topic reddit_stream
2025-05-26 02:55:49,140 - Đã lưu 4802 bản ghi vào Data/comments_20250526_025549.csv
2025-05-26 02:55:53,437 - Đã đẩy Data/comments_20250526_025549.csv vào hdfs://host.docker.internal:9000/Data/Comments/comments_20250526_025549.csv
2025-05-26 02:55:54,335 - Đã gửi 4802 bản ghi vào Kafka topic reddit_stream
2025-05-26 02:55:54,335 - Đã thu thập 100 bài đăng từ r/gaming
2025-05-26 02:55:56,030 - API còn lại: 621.0 yêu cầu, reset sau 4.08 phút
2025-05-26 02:56:41,738 - Đã lưu 100 bản ghi vào Data/contents_20250526_025641.csv
2025-05-26 02:56:46,026 - Đã đẩy Data/contents_20250526_025641.csv vào hdfs://host.docker.internal:9000/Data/Contents/contents_20250526_025641.csv
2025-05-26 02:56:46,056 - Đã gửi 100 bản ghi vào Kafka topic reddit_stream
2025-05-26 02:56:46,115 - Đã lưu 3696 bản ghi vào Data/comments_20250526_025646.csv
2025-05-26 02:56:50,459 - Đã đẩy Data/comments_20250526_025646.csv vào hdfs://host.docker.internal:9000/Data/Comments/comments_20250526_025646.csv
2025-05-26 02:56:51,443 - Đã gửi 3696 bản ghi vào Kafka topic reddit_stream
2025-05-26 02:56:51,443 - Đã thu thập 100 bài đăng từ r/movies
2025-05-26 02:56:53,506 - API còn lại: 552.0 yêu cầu, reset sau 3.13 phút
2025-05-26 02:57:01,392 - API còn lại: 540.0 yêu cầu, reset sau 3.00 phút
2025-05-26 02:57:58,759 - Đã lưu 100 bản ghi vào Data/contents_20250526_025758.csv
2025-05-26 02:58:04,056 - Đã đẩy Data/contents_20250526_025758.csv vào hdfs://host.docker.internal:9000/Data/Contents/contents_20250526_025758.csv
2025-05-26 02:58:04,084 - Đã gửi 100 bản ghi vào Kafka topic reddit_stream
2025-05-26 02:58:04,103 - Đã lưu 1924 bản ghi vào Data/comments_20250526_025804.csv
2025-05-26 02:58:07,628 - API còn lại: 444.0 yêu cầu, reset sau 1.87 phút
2025-05-26 02:58:08,602 - Đã đẩy Data/comments_20250526_025804.csv vào hdfs://host.docker.internal:9000/Data/Comments/comments_20250526_025804.csv
2025-05-26 02:58:08,929 - Đã gửi 1924 bản ghi vào Kafka topic reddit_stream
2025-05-26 02:58:08,929 - Đã thu thập 100 bài đăng từ r/gaming
2025-05-26 02:58:10,763 - API còn lại: 442.0 yêu cầu, reset sau 1.83 phút
2025-05-26 02:59:07,908 - API còn lại: 351.0 yêu cầu, reset sau 0.87 phút
2025-05-26 02:59:15,952 - Đã lưu 100 bản ghi vào Data/contents_20250526_025915.csv
2025-05-26 02:59:20,566 - Đã đẩy Data/contents_20250526_025915.csv vào hdfs://host.docker.internal:9000/Data/Contents/contents_20250526_025915.csv
2025-05-26 02:59:20,600 - Đã gửi 100 bản ghi vào Kafka topic reddit_stream
2025-05-26 02:59:20,637 - Đã lưu 2744 bản ghi vào Data/comments_20250526_025920.csv
2025-05-26 02:59:24,148 - Đã đẩy Data/comments_20250526_025920.csv vào hdfs://host.docker.internal:9000/Data/Comments/comments_20250526_025920.csv
2025-05-26 02:59:24,604 - Đã gửi 2744 bản ghi vào Kafka topic reddit_stream
2025-05-26 02:59:24,604 - Đã thu thập 100 bài đăng từ r/movies
2025-05-26 02:59:26,387 - API còn lại: 329.0 yêu cầu, reset sau 0.58 phút
2025-05-26 03:00:05,346 - Đã lưu 100 bản ghi vào Data/contents_20250526_030005.csv
2025-05-26 03:00:09,252 - Đã đẩy Data/contents_20250526_030005.csv vào hdfs://host.docker.internal:9000/Data/Contents/contents_20250526_030005.csv
2025-05-26 03:00:09,283 - Đã gửi 100 bản ghi vào Kafka topic reddit_stream
2025-05-26 03:00:09,309 - Đã lưu 1733 bản ghi vào Data/comments_20250526_030009.csv
2025-05-26 03:00:14,056 - Đã đẩy Data/comments_20250526_030009.csv vào hdfs://host.docker.internal:9000/Data/Comments/comments_20250526_030009.csv
2025-05-26 03:00:14,524 - Đã gửi 1733 bản ghi vào Kafka topic reddit_stream
2025-05-26 03:00:14,524 - Đã thu thập 100 bài đăng từ r/gaming
2025-05-26 03:00:16,238 - API còn lại: 986.0 yêu cầu, reset sau 9.75 phút
2025-05-26 03:00:40,169 - API còn lại: 947.0 yêu cầu, reset sau 9.33 phút
2025-05-26 03:01:16,892 - API còn lại: 892.0 yêu cầu, reset sau 8.72 phút
2025-05-26 03:01:47,771 - Đã lưu 100 bản ghi vào Data/contents_20250526_030147.csv
2025-05-26 03:01:51,905 - Đã đẩy Data/contents_20250526_030147.csv vào hdfs://host.docker.internal:9000/Data/Contents/contents_20250526_030147.csv
2025-05-26 03:01:51,999 - Đã gửi 100 bản ghi vào Kafka topic reddit_stream
2025-05-26 03:01:52,057 - Đã lưu 3037 bản ghi vào Data/comments_20250526_030152.csv
2025-05-26 03:01:56,401 - Đã đẩy Data/comments_20250526_030152.csv vào hdfs://host.docker.internal:9000/Data/Comments/comments_20250526_030152.csv
2025-05-26 03:01:57,028 - Đã gửi 3037 bản ghi vào Kafka topic reddit_stream
2025-05-26 03:01:57,028 - Đã thu thập 100 bài đăng từ r/movies
2025-05-26 03:01:59,257 - API còn lại: 832.0 yêu cầu, reset sau 8.03 phút
2025-05-26 03:02:14,859 - Đã lưu 98 bản ghi vào Data/contents_20250526_030214.csv
2025-05-26 03:02:19,226 - Đã đẩy Data/contents_20250526_030214.csv vào hdfs://host.docker.internal:9000/Data/Contents/contents_20250526_030214.csv
2025-05-26 03:02:19,287 - Đã gửi 98 bản ghi vào Kafka topic reddit_stream
2025-05-26 03:02:19,327 - Đã lưu 1621 bản ghi vào Data/comments_20250526_030219.csv
2025-05-26 03:02:24,083 - Đã đẩy Data/comments_20250526_030219.csv vào hdfs://host.docker.internal:9000/Data/Comments/comments_20250526_030219.csv
2025-05-26 03:02:24,487 - Đã gửi 1621 bản ghi vào Kafka topic reddit_stream
2025-05-26 03:02:24,488 - Đã thu thập 98 bài đăng từ r/gaming
2025-05-26 03:02:24,488 - Đang thu thập từ r/music... (Lần thử 1)
2025-05-26 03:02:25,912 - API còn lại: 800.0 yêu cầu, reset sau 7.58 phút
2025-05-26 03:03:08,907 - API còn lại: 758.0 yêu cầu, reset sau 6.85 phút
2025-05-26 03:04:13,098 - Đã lưu 100 bản ghi vào Data/contents_20250526_030413.csv
2025-05-26 03:04:17,158 - Đã đẩy Data/contents_20250526_030413.csv vào hdfs://host.docker.internal:9000/Data/Contents/contents_20250526_030413.csv
2025-05-26 03:04:17,225 - Đã gửi 100 bản ghi vào Kafka topic reddit_stream
2025-05-26 03:04:17,272 - Đã lưu 2201 bản ghi vào Data/comments_20250526_030417.csv
2025-05-26 03:04:21,426 - Đã đẩy Data/comments_20250526_030417.csv vào hdfs://host.docker.internal:9000/Data/Comments/comments_20250526_030417.csv
2025-05-26 03:04:21,906 - Đã gửi 2201 bản ghi vào Kafka topic reddit_stream
2025-05-26 03:04:21,906 - Đã thu thập 100 bài đăng từ r/movies
2025-05-26 03:04:22,329 - Đang thu thập từ r/funny... (Lần thử 1)
2025-05-26 03:04:24,465 - API còn lại: 690.0 yêu cầu, reset sau 5.62 phút
2025-05-26 03:06:04,310 - API còn lại: 636.0 yêu cầu, reset sau 3.95 phút
2025-05-26 03:07:14,880 - API còn lại: 594.0 yêu cầu, reset sau 2.80 phút
2025-05-26 03:08:15,145 - Đã lưu 100 bản ghi vào Data/contents_20250526_030815.csv
2025-05-26 03:08:19,371 - Đã đẩy Data/contents_20250526_030815.csv vào hdfs://host.docker.internal:9000/Data/Contents/contents_20250526_030815.csv
2025-05-26 03:08:19,409 - Đã gửi 100 bản ghi vào Kafka topic reddit_stream
2025-05-26 03:08:19,508 - Đã lưu 6671 bản ghi vào Data/comments_20250526_030819.csv
2025-05-26 03:08:23,704 - Đã đẩy Data/comments_20250526_030819.csv vào hdfs://host.docker.internal:9000/Data/Comments/comments_20250526_030819.csv
2025-05-26 03:08:24,955 - Đã gửi 6671 bản ghi vào Kafka topic reddit_stream
2025-05-26 03:08:24,955 - Đã thu thập 100 bài đăng từ r/music
2025-05-26 03:08:27,152 - API còn lại: 543.0 yêu cầu, reset sau 1.57 phút
2025-05-26 03:10:01,141 - Đã lưu 100 bản ghi vào Data/contents_20250526_031001.csv
2025-05-26 03:10:05,552 - Đã đẩy Data/contents_20250526_031001.csv vào hdfs://host.docker.internal:9000/Data/Contents/contents_20250526_031001.csv
2025-05-26 03:10:05,588 - Đã gửi 100 bản ghi vào Kafka topic reddit_stream
2025-05-26 03:10:05,696 - Đã lưu 9295 bản ghi vào Data/comments_20250526_031005.csv
2025-05-26 03:10:10,038 - Đã đẩy Data/comments_20250526_031005.csv vào hdfs://host.docker.internal:9000/Data/Comments/comments_20250526_031005.csv
2025-05-26 03:10:11,253 - Đã gửi 9295 bản ghi vào Kafka topic reddit_stream
2025-05-26 03:10:11,253 - Đã thu thập 100 bài đăng từ r/funny
2025-05-26 03:10:13,226 - API còn lại: 994.0 yêu cầu, reset sau 9.80 phút
2025-05-26 03:10:34,759 - API còn lại: 979.0 yêu cầu, reset sau 9.48 phút
2025-05-26 03:12:04,772 - API còn lại: 895.0 yêu cầu, reset sau 7.95 phút
2025-05-26 03:12:21,111 - Đã lưu 100 bản ghi vào Data/contents_20250526_031221.csv
2025-05-26 03:12:25,652 - Đã đẩy Data/contents_20250526_031221.csv vào hdfs://host.docker.internal:9000/Data/Contents/contents_20250526_031221.csv
2025-05-26 03:12:25,698 - Đã gửi 100 bản ghi vào Kafka topic reddit_stream
2025-05-26 03:12:25,768 - Đã lưu 4328 bản ghi vào Data/comments_20250526_031225.csv
2025-05-26 03:12:30,127 - Đã đẩy Data/comments_20250526_031225.csv vào hdfs://host.docker.internal:9000/Data/Comments/comments_20250526_031225.csv
2025-05-26 03:12:30,963 - Đã gửi 4328 bản ghi vào Kafka topic reddit_stream
2025-05-26 03:12:30,963 - Đã thu thập 100 bài đăng từ r/music
2025-05-26 03:12:33,378 - API còn lại: 876.0 yêu cầu, reset sau 7.47 phút
2025-05-26 03:13:43,972 - Đã lưu 100 bản ghi vào Data/contents_20250526_031343.csv
2025-05-26 03:13:48,294 - Đã đẩy Data/contents_20250526_031343.csv vào hdfs://host.docker.internal:9000/Data/Contents/contents_20250526_031343.csv
2025-05-26 03:13:48,325 - Đã gửi 100 bản ghi vào Kafka topic reddit_stream
2025-05-26 03:13:48,403 - Đã lưu 6041 bản ghi vào Data/comments_20250526_031348.csv
2025-05-26 03:13:52,575 - Đã đẩy Data/comments_20250526_031348.csv vào hdfs://host.docker.internal:9000/Data/Comments/comments_20250526_031348.csv
2025-05-26 03:13:53,738 - Đã gửi 6041 bản ghi vào Kafka topic reddit_stream
2025-05-26 03:13:53,738 - Đã thu thập 100 bài đăng từ r/funny
2025-05-26 03:13:56,690 - API còn lại: 800.0 yêu cầu, reset sau 6.10 phút
2025-05-26 03:14:19,195 - API còn lại: 775.0 yêu cầu, reset sau 5.70 phút
2025-05-26 03:15:34,782 - API còn lại: 698.0 yêu cầu, reset sau 4.43 phút
2025-05-26 03:16:04,079 - Đã lưu 100 bản ghi vào Data/contents_20250526_031604.csv
2025-05-26 03:16:08,669 - Đã đẩy Data/contents_20250526_031604.csv vào hdfs://host.docker.internal:9000/Data/Contents/contents_20250526_031604.csv
2025-05-26 03:16:08,703 - Đã gửi 100 bản ghi vào Kafka topic reddit_stream
2025-05-26 03:16:08,797 - Đã lưu 4511 bản ghi vào Data/comments_20250526_031608.csv
2025-05-26 03:16:13,327 - Đã đẩy Data/comments_20250526_031608.csv vào hdfs://host.docker.internal:9000/Data/Comments/comments_20250526_031608.csv
2025-05-26 03:16:14,254 - Đã gửi 4511 bản ghi vào Kafka topic reddit_stream
2025-05-26 03:16:14,254 - Đã thu thập 100 bài đăng từ r/music
2025-05-26 03:16:16,259 - API còn lại: 660.0 yêu cầu, reset sau 3.75 phút
2025-05-26 03:16:57,906 - Đã lưu 100 bản ghi vào Data/contents_20250526_031657.csv
2025-05-26 03:17:02,714 - Đã đẩy Data/contents_20250526_031657.csv vào hdfs://host.docker.internal:9000/Data/Contents/contents_20250526_031657.csv
2025-05-26 03:17:02,767 - Đã gửi 100 bản ghi vào Kafka topic reddit_stream
2025-05-26 03:17:02,843 - Đã lưu 4638 bản ghi vào Data/comments_20250526_031702.csv
2025-05-26 03:17:07,581 - Đã đẩy Data/comments_20250526_031702.csv vào hdfs://host.docker.internal:9000/Data/Comments/comments_20250526_031702.csv
2025-05-26 03:17:08,318 - Đã gửi 4638 bản ghi vào Kafka topic reddit_stream
2025-05-26 03:17:08,318 - Đã thu thập 100 bài đăng từ r/funny
2025-05-26 03:17:09,926 - API còn lại: 601.0 yêu cầu, reset sau 2.85 phút
2025-05-26 10:49:10,393 - BẮT ĐẦU THU THẬP DỮ LIỆU: 2025-05-26 10:49:10
2025-05-26 10:49:10,394 - 
--- LĨNH VỰC: Technology ---
2025-05-26 10:49:10,394 - Đang thu thập từ r/technology... (Lần thử 1)
2025-05-26 10:49:10,397 - Đang thu thập từ r/gadgets... (Lần thử 1)
2025-05-26 10:49:12,946 - API còn lại: 998.0 yêu cầu, reset sau 0.80 phút
2025-05-26 10:49:13,559 - API còn lại: 999.0 yêu cầu, reset sau 0.80 phút
2025-05-26 10:51:13,465 - API còn lại: 949.0 yêu cầu, reset sau 8.77 phút
2025-05-26 10:52:19,258 - Đã lưu 100 bản ghi vào Data/contents_20250526_105219.csv
2025-05-26 10:52:21,863 - Đã đẩy Data/contents_20250526_105219.csv vào hdfs://host.docker.internal:9000/Data/Contents/contents_20250526_105219.csv
2025-05-26 10:52:21,863 - <BrokerConnection client_id=kafka-python-producer-1, node_id=1 host=localhost:29092 <connecting> [IPv4 ('127.0.0.1', 29092)]>: connecting to localhost:29092 [('127.0.0.1', 29092) IPv4]
2025-05-26 10:52:21,864 - <BrokerConnection client_id=kafka-python-producer-1, node_id=1 host=localhost:29092 <connected> [IPv4 ('127.0.0.1', 29092)]>: Connection complete.
2025-05-26 10:52:21,864 - <BrokerConnection client_id=kafka-python-producer-1, node_id=bootstrap-0 host=host.docker.internal:29092 <connected> [IPv4 ('127.0.0.1', 29092)]>: Closing connection. 
2025-05-26 10:52:22,160 - Đã gửi 100 bản ghi vào Kafka topic reddit_stream
2025-05-26 10:52:22,186 - Đã lưu 3400 bản ghi vào Data/comments_20250526_105222.csv
2025-05-26 10:52:24,125 - Đã đẩy Data/comments_20250526_105222.csv vào hdfs://host.docker.internal:9000/Data/Comments/comments_20250526_105222.csv
2025-05-26 10:52:24,481 - Đã gửi 3400 bản ghi vào Kafka topic reddit_stream
2025-05-26 10:52:24,481 - Đã thu thập 100 bài đăng từ r/gadgets
2025-05-26 10:52:24,874 - API còn lại: 880.0 yêu cầu, reset sau 7.58 phút
2025-05-26 10:52:31,269 - Đã lưu 6 bản ghi vào Data/contents_20250526_105231.csv
2025-05-26 10:52:33,132 - Đã đẩy Data/contents_20250526_105231.csv vào hdfs://host.docker.internal:9000/Data/Contents/contents_20250526_105231.csv
2025-05-26 10:52:33,136 - Đã gửi 6 bản ghi vào Kafka topic reddit_stream
2025-05-26 10:52:33,137 - Đã lưu 50 bản ghi vào Data/comments_20250526_105233.csv
2025-05-26 10:52:34,966 - Đã đẩy Data/comments_20250526_105233.csv vào hdfs://host.docker.internal:9000/Data/Comments/comments_20250526_105233.csv
2025-05-26 10:52:35,000 - Đã gửi 50 bản ghi vào Kafka topic reddit_stream
2025-05-26 10:52:35,000 - Đã thu thập 6 bài đăng từ r/gadgets
2025-05-26 10:52:35,000 - Đang thu thập từ r/programming... (Lần thử 1)
2025-05-26 10:52:36,471 - API còn lại: 870.0 yêu cầu, reset sau 7.40 phút
2025-05-26 10:52:37,088 - API còn lại: 871.0 yêu cầu, reset sau 7.42 phút
2025-05-26 10:54:17,472 - API còn lại: 792.0 yêu cầu, reset sau 5.72 phút
2025-05-26 10:55:20,959 - Đã lưu 100 bản ghi vào Data/contents_20250526_105520.csv
2025-05-26 10:55:22,780 - Đã đẩy Data/contents_20250526_105520.csv vào hdfs://host.docker.internal:9000/Data/Contents/contents_20250526_105520.csv
2025-05-26 10:55:22,791 - Đã gửi 100 bản ghi vào Kafka topic reddit_stream
2025-05-26 10:55:22,843 - Đã lưu 9250 bản ghi vào Data/comments_20250526_105522.csv
2025-05-26 10:55:24,189 - Đã lưu 100 bản ghi vào Data/contents_20250526_105524.csv
2025-05-26 10:55:24,849 - Đã đẩy Data/comments_20250526_105522.csv vào hdfs://host.docker.internal:9000/Data/Comments/comments_20250526_105522.csv
2025-05-26 10:55:25,899 - Đã gửi 9250 bản ghi vào Kafka topic reddit_stream
2025-05-26 10:55:25,899 - Đã thu thập 100 bài đăng từ r/technology
2025-05-26 10:55:26,346 - Đã đẩy Data/contents_20250526_105524.csv vào hdfs://host.docker.internal:9000/Data/Contents/contents_20250526_105524.csv
2025-05-26 10:55:26,368 - Đã gửi 100 bản ghi vào Kafka topic reddit_stream
2025-05-26 10:55:26,381 - Đã lưu 1992 bản ghi vào Data/comments_20250526_105526.csv
2025-05-26 10:55:27,667 - API còn lại: 719.0 yêu cầu, reset sau 4.55 phút
2025-05-26 10:55:28,237 - Đã đẩy Data/comments_20250526_105526.csv vào hdfs://host.docker.internal:9000/Data/Comments/comments_20250526_105526.csv
2025-05-26 10:55:28,415 - Đã gửi 1992 bản ghi vào Kafka topic reddit_stream
2025-05-26 10:55:28,415 - Đã thu thập 100 bài đăng từ r/programming
2025-05-26 10:55:29,678 - API còn lại: 717.0 yêu cầu, reset sau 4.52 phút
2025-05-26 10:56:21,369 - API còn lại: 648.0 yêu cầu, reset sau 3.63 phút
2025-05-26 10:57:11,538 - Đã lưu 100 bản ghi vào Data/contents_20250526_105711.csv
2025-05-26 10:57:13,422 - Đã đẩy Data/contents_20250526_105711.csv vào hdfs://host.docker.internal:9000/Data/Contents/contents_20250526_105711.csv
2025-05-26 10:57:13,435 - Đã gửi 100 bản ghi vào Kafka topic reddit_stream
2025-05-26 10:57:13,440 - Đã lưu 384 bản ghi vào Data/comments_20250526_105713.csv
2025-05-26 10:57:15,290 - Đã đẩy Data/comments_20250526_105713.csv vào hdfs://host.docker.internal:9000/Data/Comments/comments_20250526_105713.csv
2025-05-26 10:57:15,358 - Đã gửi 384 bản ghi vào Kafka topic reddit_stream
2025-05-26 10:57:15,358 - Đã thu thập 100 bài đăng từ r/programming
2025-05-26 10:57:16,580 - API còn lại: 575.0 yêu cầu, reset sau 2.73 phút
2025-05-26 10:57:40,450 - API còn lại: 545.0 yêu cầu, reset sau 2.35 phút
2025-05-26 10:58:05,816 - API còn lại: 506.0 yêu cầu, reset sau 1.90 phút
2025-05-26 10:58:53,397 - Đã lưu 100 bản ghi vào Data/contents_20250526_105853.csv
2025-05-26 10:58:55,317 - Đã đẩy Data/contents_20250526_105853.csv vào hdfs://host.docker.internal:9000/Data/Contents/contents_20250526_105853.csv
2025-05-26 10:58:55,328 - Đã gửi 100 bản ghi vào Kafka topic reddit_stream
2025-05-26 10:58:55,331 - Đã lưu 177 bản ghi vào Data/comments_20250526_105855.csv
2025-05-26 10:58:57,174 - Đã đẩy Data/comments_20250526_105855.csv vào hdfs://host.docker.internal:9000/Data/Comments/comments_20250526_105855.csv
2025-05-26 10:58:57,190 - Đã gửi 177 bản ghi vào Kafka topic reddit_stream
2025-05-26 10:58:57,190 - Đã thu thập 100 bài đăng từ r/programming
2025-05-26 10:58:58,571 - API còn lại: 433.0 yêu cầu, reset sau 1.03 phút
2025-05-26 10:59:38,882 - Đã lưu 100 bản ghi vào Data/contents_20250526_105938.csv
2025-05-26 10:59:40,797 - Đã đẩy Data/contents_20250526_105938.csv vào hdfs://host.docker.internal:9000/Data/Contents/contents_20250526_105938.csv
2025-05-26 10:59:40,808 - Đã gửi 100 bản ghi vào Kafka topic reddit_stream
2025-05-26 10:59:40,846 - Đã lưu 6483 bản ghi vào Data/comments_20250526_105940.csv
2025-05-26 10:59:42,758 - Đã đẩy Data/comments_20250526_105940.csv vào hdfs://host.docker.internal:9000/Data/Comments/comments_20250526_105940.csv
2025-05-26 10:59:43,320 - Đã gửi 6483 bản ghi vào Kafka topic reddit_stream
2025-05-26 10:59:43,320 - Đã thu thập 100 bài đăng từ r/technology
2025-05-26 10:59:44,694 - API còn lại: 368.0 yêu cầu, reset sau 0.27 phút
2025-05-26 10:59:45,760 - API còn lại: 364.0 yêu cầu, reset sau 0.23 phút
2025-05-26 11:00:32,614 - Đã lưu 100 bản ghi vào Data/contents_20250526_110032.csv
2025-05-26 11:00:34,473 - Đã đẩy Data/contents_20250526_110032.csv vào hdfs://host.docker.internal:9000/Data/Contents/contents_20250526_110032.csv
2025-05-26 11:00:34,485 - Đã gửi 100 bản ghi vào Kafka topic reddit_stream
2025-05-26 11:00:34,487 - Đã lưu 71 bản ghi vào Data/comments_20250526_110034.csv
2025-05-26 11:00:36,368 - Đã đẩy Data/comments_20250526_110034.csv vào hdfs://host.docker.internal:9000/Data/Comments/comments_20250526_110034.csv
2025-05-26 11:00:36,376 - Đã gửi 71 bản ghi vào Kafka topic reddit_stream
2025-05-26 11:00:36,376 - Đã thu thập 100 bài đăng từ r/programming
2025-05-26 11:00:37,694 - API còn lại: 947.0 yêu cầu, reset sau 9.38 phút
2025-05-26 11:01:24,780 - API còn lại: 878.0 yêu cầu, reset sau 8.58 phút
2025-05-26 11:01:39,184 - API còn lại: 856.0 yêu cầu, reset sau 8.35 phút
2025-05-26 11:02:10,865 - Đã lưu 100 bản ghi vào Data/contents_20250526_110210.csv
2025-05-26 11:02:12,811 - Đã đẩy Data/contents_20250526_110210.csv vào hdfs://host.docker.internal:9000/Data/Contents/contents_20250526_110210.csv
2025-05-26 11:02:12,822 - Đã gửi 100 bản ghi vào Kafka topic reddit_stream
2025-05-26 11:02:12,823 - Đã lưu 24 bản ghi vào Data/comments_20250526_110212.csv
2025-05-26 11:02:14,665 - Đã đẩy Data/comments_20250526_110212.csv vào hdfs://host.docker.internal:9000/Data/Comments/comments_20250526_110212.csv
2025-05-26 11:02:14,711 - Đã gửi 24 bản ghi vào Kafka topic reddit_stream
2025-05-26 11:02:14,711 - Đã thu thập 100 bài đăng từ r/programming
2025-05-26 11:02:16,000 - API còn lại: 802.0 yêu cầu, reset sau 7.75 phút
2025-05-26 11:03:02,057 - API còn lại: 726.0 yêu cầu, reset sau 6.97 phút
2025-05-26 11:03:14,007 - Đã lưu 100 bản ghi vào Data/contents_20250526_110314.csv
2025-05-26 11:03:15,877 - Đã đẩy Data/contents_20250526_110314.csv vào hdfs://host.docker.internal:9000/Data/Contents/contents_20250526_110314.csv
2025-05-26 11:03:15,926 - Đã gửi 100 bản ghi vào Kafka topic reddit_stream
2025-05-26 11:03:15,956 - Đã lưu 4757 bản ghi vào Data/comments_20250526_110315.csv
2025-05-26 11:03:17,859 - Đã đẩy Data/comments_20250526_110315.csv vào hdfs://host.docker.internal:9000/Data/Comments/comments_20250526_110315.csv
2025-05-26 11:03:18,182 - Đã gửi 4757 bản ghi vào Kafka topic reddit_stream
2025-05-26 11:03:18,182 - Đã thu thập 100 bài đăng từ r/technology
2025-05-26 11:03:19,605 - API còn lại: 702.0 yêu cầu, reset sau 6.68 phút
2025-05-26 11:03:48,448 - Đã lưu 100 bản ghi vào Data/contents_20250526_110348.csv
2025-05-26 11:03:50,349 - Đã đẩy Data/contents_20250526_110348.csv vào hdfs://host.docker.internal:9000/Data/Contents/contents_20250526_110348.csv
2025-05-26 11:03:50,361 - Đã gửi 100 bản ghi vào Kafka topic reddit_stream
2025-05-26 11:03:50,362 - Đã lưu 47 bản ghi vào Data/comments_20250526_110350.csv
2025-05-26 11:03:52,252 - Đã đẩy Data/comments_20250526_110350.csv vào hdfs://host.docker.internal:9000/Data/Comments/comments_20250526_110350.csv
2025-05-26 11:03:52,257 - Đã gửi 47 bản ghi vào Kafka topic reddit_stream
2025-05-26 11:03:52,257 - Đã thu thập 100 bài đăng từ r/programming
2025-05-26 11:03:53,479 - API còn lại: 650.0 yêu cầu, reset sau 6.12 phút
2025-05-26 11:04:41,075 - API còn lại: 573.0 yêu cầu, reset sau 5.32 phút
2025-05-26 11:04:51,595 - API còn lại: 559.0 yêu cầu, reset sau 5.15 phút
2025-05-26 11:05:27,776 - Đã lưu 100 bản ghi vào Data/contents_20250526_110527.csv
2025-05-26 11:05:29,705 - Đã đẩy Data/contents_20250526_110527.csv vào hdfs://host.docker.internal:9000/Data/Contents/contents_20250526_110527.csv
2025-05-26 11:05:29,716 - Đã gửi 100 bản ghi vào Kafka topic reddit_stream
2025-05-26 11:05:29,718 - Đã lưu 70 bản ghi vào Data/comments_20250526_110529.csv
2025-05-26 11:05:31,642 - Đã đẩy Data/comments_20250526_110529.csv vào hdfs://host.docker.internal:9000/Data/Comments/comments_20250526_110529.csv
2025-05-26 11:05:31,649 - Đã gửi 70 bản ghi vào Kafka topic reddit_stream
2025-05-26 11:05:31,649 - Đã thu thập 100 bài đăng từ r/programming
2025-05-26 11:05:32,918 - API còn lại: 494.0 yêu cầu, reset sau 4.47 phút
2025-05-26 11:06:19,289 - Đã lưu 100 bản ghi vào Data/contents_20250526_110619.csv
2025-05-26 11:06:20,809 - API còn lại: 417.0 yêu cầu, reset sau 3.65 phút
2025-05-26 11:06:21,131 - Đã đẩy Data/contents_20250526_110619.csv vào hdfs://host.docker.internal:9000/Data/Contents/contents_20250526_110619.csv
2025-05-26 11:06:21,147 - Đã gửi 100 bản ghi vào Kafka topic reddit_stream
2025-05-26 11:06:21,172 - Đã lưu 4035 bản ghi vào Data/comments_20250526_110621.csv
2025-05-26 11:06:22,996 - Đã đẩy Data/comments_20250526_110621.csv vào hdfs://host.docker.internal:9000/Data/Comments/comments_20250526_110621.csv
2025-05-26 11:06:23,275 - Đã gửi 4035 bản ghi vào Kafka topic reddit_stream
2025-05-26 11:06:23,275 - Đã thu thập 100 bài đăng từ r/technology
2025-05-26 11:06:24,824 - API còn lại: 413.0 yêu cầu, reset sau 3.60 phút
2025-05-26 11:07:09,966 - Đã lưu 100 bản ghi vào Data/contents_20250526_110709.csv
2025-05-26 11:07:11,843 - Đã đẩy Data/contents_20250526_110709.csv vào hdfs://host.docker.internal:9000/Data/Contents/contents_20250526_110709.csv
2025-05-26 11:07:11,856 - Đã gửi 100 bản ghi vào Kafka topic reddit_stream
2025-05-26 11:07:11,858 - Đã lưu 171 bản ghi vào Data/comments_20250526_110711.csv
2025-05-26 11:07:13,806 - Đã đẩy Data/comments_20250526_110711.csv vào hdfs://host.docker.internal:9000/Data/Comments/comments_20250526_110711.csv
2025-05-26 11:07:13,847 - Đã gửi 171 bản ghi vào Kafka topic reddit_stream
2025-05-26 11:07:13,847 - Đã thu thập 100 bài đăng từ r/programming
2025-05-26 11:07:15,307 - API còn lại: 335.0 yêu cầu, reset sau 2.75 phút
2025-05-26 11:07:45,608 - API còn lại: 285.0 yêu cầu, reset sau 2.25 phút
2025-05-26 11:08:02,973 - API còn lại: 254.0 yêu cầu, reset sau 1.95 phút
2025-05-26 11:08:51,077 - Đã lưu 100 bản ghi vào Data/contents_20250526_110851.csv
2025-05-26 11:08:52,971 - Đã đẩy Data/contents_20250526_110851.csv vào hdfs://host.docker.internal:9000/Data/Contents/contents_20250526_110851.csv
2025-05-26 11:08:52,984 - Đã gửi 100 bản ghi vào Kafka topic reddit_stream
2025-05-26 11:08:52,987 - Đã lưu 229 bản ghi vào Data/comments_20250526_110852.csv
2025-05-26 11:08:54,853 - Đã đẩy Data/comments_20250526_110852.csv vào hdfs://host.docker.internal:9000/Data/Comments/comments_20250526_110852.csv
2025-05-26 11:08:54,910 - Đã gửi 229 bản ghi vào Kafka topic reddit_stream
2025-05-26 11:08:54,910 - Đã thu thập 100 bài đăng từ r/programming
2025-05-26 11:08:55,472 - API còn lại: 169.0 yêu cầu, reset sau 1.07 phút
2025-05-26 11:09:02,204 - Đã lưu 100 bản ghi vào Data/contents_20250526_110902.csv
2025-05-26 11:09:04,093 - Đã đẩy Data/contents_20250526_110902.csv vào hdfs://host.docker.internal:9000/Data/Contents/contents_20250526_110902.csv
2025-05-26 11:09:04,141 - Đã gửi 100 bản ghi vào Kafka topic reddit_stream
2025-05-26 11:09:04,157 - Đã lưu 3062 bản ghi vào Data/comments_20250526_110904.csv
2025-05-26 11:09:06,084 - Đã đẩy Data/comments_20250526_110904.csv vào hdfs://host.docker.internal:9000/Data/Comments/comments_20250526_110904.csv
2025-05-26 11:09:06,356 - Đã gửi 3062 bản ghi vào Kafka topic reddit_stream
2025-05-26 11:09:06,357 - Đã thu thập 100 bài đăng từ r/technology
2025-05-26 11:09:07,858 - API còn lại: 151.0 yêu cầu, reset sau 0.88 phút
2025-05-26 11:09:32,217 - Đã lưu 37 bản ghi vào Data/contents_20250526_110932.csv
2025-05-26 11:09:34,130 - Đã đẩy Data/contents_20250526_110932.csv vào hdfs://host.docker.internal:9000/Data/Contents/contents_20250526_110932.csv
2025-05-26 11:09:34,135 - Đã gửi 37 bản ghi vào Kafka topic reddit_stream
2025-05-26 11:09:34,137 - Đã lưu 155 bản ghi vào Data/comments_20250526_110934.csv
2025-05-26 11:09:36,028 - Đã đẩy Data/comments_20250526_110934.csv vào hdfs://host.docker.internal:9000/Data/Comments/comments_20250526_110934.csv
2025-05-26 11:09:36,076 - Đã gửi 155 bản ghi vào Kafka topic reddit_stream
2025-05-26 11:09:36,076 - Đã thu thập 37 bài đăng từ r/programming
2025-05-26 11:09:36,076 - Đang thu thập từ r/science... (Lần thử 1)
2025-05-26 11:09:37,567 - API còn lại: 105.0 yêu cầu, reset sau 0.38 phút
2025-05-26 11:10:21,354 - API còn lại: 979.0 yêu cầu, reset sau 9.65 phút
2025-05-26 11:11:30,168 - Đã lưu 100 bản ghi vào Data/contents_20250526_111130.csv
2025-05-26 11:11:32,097 - Đã đẩy Data/contents_20250526_111130.csv vào hdfs://host.docker.internal:9000/Data/Contents/contents_20250526_111130.csv
2025-05-26 11:11:32,108 - Đã gửi 100 bản ghi vào Kafka topic reddit_stream
2025-05-26 11:11:32,123 - Đã lưu 2186 bản ghi vào Data/comments_20250526_111132.csv
2025-05-26 11:11:34,000 - Đã đẩy Data/comments_20250526_111132.csv vào hdfs://host.docker.internal:9000/Data/Comments/comments_20250526_111132.csv
2025-05-26 11:11:34,237 - Đã gửi 2186 bản ghi vào Kafka topic reddit_stream
2025-05-26 11:11:34,237 - Đã thu thập 100 bài đăng từ r/technology
2025-05-26 11:11:35,769 - API còn lại: 904.0 yêu cầu, reset sau 8.42 phút
2025-05-26 11:12:10,394 - API còn lại: 864.0 yêu cầu, reset sau 7.83 phút
2025-05-26 11:12:42,147 - API còn lại: 825.0 yêu cầu, reset sau 7.30 phút
2025-05-26 11:13:41,072 - Đã lưu 100 bản ghi vào Data/contents_20250526_111341.csv
2025-05-26 11:13:42,923 - Đã đẩy Data/contents_20250526_111341.csv vào hdfs://host.docker.internal:9000/Data/Contents/contents_20250526_111341.csv
2025-05-26 11:13:42,934 - Đã gửi 100 bản ghi vào Kafka topic reddit_stream
2025-05-26 11:13:42,948 - Đã lưu 1446 bản ghi vào Data/comments_20250526_111342.csv
2025-05-26 11:13:44,820 - Đã đẩy Data/comments_20250526_111342.csv vào hdfs://host.docker.internal:9000/Data/Comments/comments_20250526_111342.csv
2025-05-26 11:13:44,935 - Đã gửi 1446 bản ghi vào Kafka topic reddit_stream
2025-05-26 11:13:44,935 - Đã thu thập 100 bài đăng từ r/technology
2025-05-26 11:13:46,896 - API còn lại: 741.0 yêu cầu, reset sau 6.23 phút
2025-05-26 11:13:47,560 - Đã lưu 100 bản ghi vào Data/contents_20250526_111347.csv
2025-05-26 11:13:49,417 - Đã đẩy Data/contents_20250526_111347.csv vào hdfs://host.docker.internal:9000/Data/Contents/contents_20250526_111347.csv
2025-05-26 11:13:49,429 - Đã gửi 100 bản ghi vào Kafka topic reddit_stream
2025-05-26 11:13:49,466 - Đã lưu 4855 bản ghi vào Data/comments_20250526_111349.csv
2025-05-26 11:13:51,333 - Đã đẩy Data/comments_20250526_111349.csv vào hdfs://host.docker.internal:9000/Data/Comments/comments_20250526_111349.csv
2025-05-26 11:13:51,707 - Đã gửi 4855 bản ghi vào Kafka topic reddit_stream
2025-05-26 11:13:51,707 - Đã thu thập 100 bài đăng từ r/science
2025-05-26 11:13:53,382 - API còn lại: 734.0 yêu cầu, reset sau 6.13 phút
2025-05-26 11:14:42,562 - API còn lại: 661.0 yêu cầu, reset sau 5.28 phút
2025-05-26 11:15:19,493 - API còn lại: 607.0 yêu cầu, reset sau 4.67 phút
2025-05-26 11:15:41,148 - Đã lưu 100 bản ghi vào Data/contents_20250526_111541.csv
2025-05-26 11:15:43,038 - Đã đẩy Data/contents_20250526_111541.csv vào hdfs://host.docker.internal:9000/Data/Contents/contents_20250526_111541.csv
2025-05-26 11:15:43,048 - Đã gửi 100 bản ghi vào Kafka topic reddit_stream
2025-05-26 11:15:43,055 - Đã lưu 1224 bản ghi vào Data/comments_20250526_111543.csv
2025-05-26 11:15:44,943 - Đã đẩy Data/comments_20250526_111543.csv vào hdfs://host.docker.internal:9000/Data/Comments/comments_20250526_111543.csv
2025-05-26 11:15:45,045 - Đã gửi 1224 bản ghi vào Kafka topic reddit_stream
2025-05-26 11:15:45,045 - Đã thu thập 100 bài đăng từ r/technology
2025-05-26 11:15:46,751 - API còn lại: 569.0 yêu cầu, reset sau 4.23 phút
2025-05-26 11:16:30,306 - Đã lưu 100 bản ghi vào Data/contents_20250526_111630.csv
2025-05-26 11:16:32,257 - Đã đẩy Data/contents_20250526_111630.csv vào hdfs://host.docker.internal:9000/Data/Contents/contents_20250526_111630.csv
2025-05-26 11:16:32,269 - Đã gửi 100 bản ghi vào Kafka topic reddit_stream
2025-05-26 11:16:32,285 - Đã lưu 2111 bản ghi vào Data/comments_20250526_111632.csv
2025-05-26 11:16:34,185 - Đã đẩy Data/comments_20250526_111632.csv vào hdfs://host.docker.internal:9000/Data/Comments/comments_20250526_111632.csv
2025-05-26 11:16:34,371 - Đã gửi 2111 bản ghi vào Kafka topic reddit_stream
2025-05-26 11:16:34,371 - Đã thu thập 100 bài đăng từ r/science
2025-05-26 11:16:36,367 - API còn lại: 495.0 yêu cầu, reset sau 3.42 phút
2025-05-26 11:16:42,677 - API còn lại: 481.0 yêu cầu, reset sau 3.28 phút
2025-05-26 11:17:33,162 - Đã lưu 100 bản ghi vào Data/contents_20250526_111733.csv
2025-05-26 11:17:35,169 - Đã đẩy Data/contents_20250526_111733.csv vào hdfs://host.docker.internal:9000/Data/Contents/contents_20250526_111733.csv
2025-05-26 11:17:35,221 - Đã gửi 100 bản ghi vào Kafka topic reddit_stream
2025-05-26 11:17:35,227 - Đã lưu 826 bản ghi vào Data/comments_20250526_111735.csv
2025-05-26 11:17:37,099 - Đã đẩy Data/comments_20250526_111735.csv vào hdfs://host.docker.internal:9000/Data/Comments/comments_20250526_111735.csv
2025-05-26 11:17:37,161 - Đã gửi 826 bản ghi vào Kafka topic reddit_stream
2025-05-26 11:17:37,161 - Đã thu thập 100 bài đăng từ r/technology
2025-05-26 11:17:37,571 - API còn lại: 386.0 yêu cầu, reset sau 2.38 phút
2025-05-26 11:17:38,545 - API còn lại: 385.0 yêu cầu, reset sau 2.37 phút
2025-05-26 11:18:31,355 - API còn lại: 286.0 yêu cầu, reset sau 1.47 phút
2025-05-26 11:18:31,480 - Đã lưu 100 bản ghi vào Data/contents_20250526_111831.csv
2025-05-26 11:18:33,574 - Đã đẩy Data/contents_20250526_111831.csv vào hdfs://host.docker.internal:9000/Data/Contents/contents_20250526_111831.csv
2025-05-26 11:18:33,587 - Đã gửi 100 bản ghi vào Kafka topic reddit_stream
2025-05-26 11:18:33,595 - Đã lưu 968 bản ghi vào Data/comments_20250526_111833.csv
2025-05-26 11:18:35,590 - Đã đẩy Data/comments_20250526_111833.csv vào hdfs://host.docker.internal:9000/Data/Comments/comments_20250526_111833.csv
2025-05-26 11:18:35,685 - Đã gửi 968 bản ghi vào Kafka topic reddit_stream
2025-05-26 11:18:35,685 - Đã thu thập 100 bài đăng từ r/science
2025-05-26 11:18:37,233 - API còn lại: 280.0 yêu cầu, reset sau 1.40 phút
2025-05-26 11:19:23,147 - Đã lưu 100 bản ghi vào Data/contents_20250526_111923.csv
2025-05-26 11:19:25,126 - Đã đẩy Data/contents_20250526_111923.csv vào hdfs://host.docker.internal:9000/Data/Contents/contents_20250526_111923.csv
2025-05-26 11:19:25,137 - Đã gửi 100 bản ghi vào Kafka topic reddit_stream
2025-05-26 11:19:25,141 - Đã lưu 681 bản ghi vào Data/comments_20250526_111925.csv
2025-05-26 11:19:27,129 - Đã đẩy Data/comments_20250526_111925.csv vào hdfs://host.docker.internal:9000/Data/Comments/comments_20250526_111925.csv
2025-05-26 11:19:27,267 - Đã gửi 681 bản ghi vào Kafka topic reddit_stream
2025-05-26 11:19:27,267 - Đã thu thập 100 bài đăng từ r/technology
2025-05-26 11:19:27,640 - Đang thu thập từ r/todayilearned... (Lần thử 1)
2025-05-26 11:19:29,463 - API còn lại: 184.0 yêu cầu, reset sau 0.53 phút
2025-05-26 11:19:29,585 - API còn lại: 182.0 yêu cầu, reset sau 0.50 phút
2025-05-26 11:20:18,642 - Đã lưu 100 bản ghi vào Data/contents_20250526_112018.csv
2025-05-26 11:20:20,646 - Đã đẩy Data/contents_20250526_112018.csv vào hdfs://host.docker.internal:9000/Data/Contents/contents_20250526_112018.csv
2025-05-26 11:20:20,662 - Đã gửi 100 bản ghi vào Kafka topic reddit_stream
2025-05-26 11:20:20,670 - Đã lưu 507 bản ghi vào Data/comments_20250526_112020.csv
2025-05-26 11:20:22,554 - Đã đẩy Data/comments_20250526_112020.csv vào hdfs://host.docker.internal:9000/Data/Comments/comments_20250526_112020.csv
2025-05-26 11:20:22,617 - Đã gửi 507 bản ghi vào Kafka topic reddit_stream
2025-05-26 11:20:22,618 - Đã thu thập 100 bài đăng từ r/science
2025-05-26 11:20:24,127 - API còn lại: 975.0 yêu cầu, reset sau 9.62 phút
2025-05-26 11:21:14,203 - API còn lại: 913.0 yêu cầu, reset sau 8.75 phút
2025-05-26 11:22:02,517 - Đã lưu 100 bản ghi vào Data/contents_20250526_112202.csv
2025-05-26 11:22:05,544 - Đã đẩy Data/contents_20250526_112202.csv vào hdfs://host.docker.internal:9000/Data/Contents/contents_20250526_112202.csv
2025-05-26 11:22:05,562 - Đã gửi 100 bản ghi vào Kafka topic reddit_stream
2025-05-26 11:22:05,571 - Đã lưu 275 bản ghi vào Data/comments_20250526_112205.csv
2025-05-26 11:22:08,651 - Đã đẩy Data/comments_20250526_112205.csv vào hdfs://host.docker.internal:9000/Data/Comments/comments_20250526_112205.csv
2025-05-26 11:22:08,719 - Đã gửi 275 bản ghi vào Kafka topic reddit_stream
2025-05-26 11:22:08,719 - Đã thu thập 100 bài đăng từ r/science
2025-05-26 11:22:10,081 - API còn lại: 848.0 yêu cầu, reset sau 7.83 phút
2025-05-26 11:22:53,695 - API còn lại: 795.0 yêu cầu, reset sau 7.15 phút
2025-05-26 11:22:58,035 - API còn lại: 786.0 yêu cầu, reset sau 7.03 phút
2025-05-26 11:23:46,590 - Đã lưu 100 bản ghi vào Data/contents_20250526_112346.csv
2025-05-26 11:23:55,358 - Đã đẩy Data/contents_20250526_112346.csv vào hdfs://host.docker.internal:9000/Data/Contents/contents_20250526_112346.csv
2025-05-26 11:23:55,392 - Đã gửi 100 bản ghi vào Kafka topic reddit_stream
2025-05-26 11:23:55,410 - Đã lưu 155 bản ghi vào Data/comments_20250526_112355.csv
2025-05-26 11:23:59,846 - Đã đẩy Data/comments_20250526_112355.csv vào hdfs://host.docker.internal:9000/Data/Comments/comments_20250526_112355.csv
2025-05-26 11:23:59,885 - Đã gửi 155 bản ghi vào Kafka topic reddit_stream
2025-05-26 11:23:59,886 - Đã thu thập 100 bài đăng từ r/science
2025-05-26 11:24:00,430 - API còn lại: 719.0 yêu cầu, reset sau 5.98 phút
2025-05-26 11:24:19,096 - Đã lưu 18 bản ghi vào Data/contents_20250526_112419.csv
2025-05-26 11:24:21,692 - Đã đẩy Data/contents_20250526_112419.csv vào hdfs://host.docker.internal:9000/Data/Contents/contents_20250526_112419.csv
2025-05-26 11:24:21,696 - Đã gửi 18 bản ghi vào Kafka topic reddit_stream
2025-05-26 11:24:21,698 - Đã lưu 80 bản ghi vào Data/comments_20250526_112421.csv
2025-05-26 11:24:24,272 - Đã đẩy Data/comments_20250526_112421.csv vào hdfs://host.docker.internal:9000/Data/Comments/comments_20250526_112421.csv
2025-05-26 11:24:24,291 - Đã gửi 80 bản ghi vào Kafka topic reddit_stream
2025-05-26 11:24:24,291 - Đã thu thập 18 bài đăng từ r/science
2025-05-26 11:25:55,874 - Đã lưu 100 bản ghi vào Data/contents_20250526_112555.csv
2025-05-26 11:25:57,873 - Đã đẩy Data/contents_20250526_112555.csv vào hdfs://host.docker.internal:9000/Data/Contents/contents_20250526_112555.csv
2025-05-26 11:25:57,890 - Đã gửi 100 bản ghi vào Kafka topic reddit_stream
2025-05-26 11:25:57,934 - Đã lưu 7801 bản ghi vào Data/comments_20250526_112557.csv
2025-05-26 11:25:59,919 - Đã đẩy Data/comments_20250526_112557.csv vào hdfs://host.docker.internal:9000/Data/Comments/comments_20250526_112557.csv
2025-05-26 11:26:00,663 - Đã gửi 7801 bản ghi vào Kafka topic reddit_stream
2025-05-26 11:26:00,663 - Đã thu thập 100 bài đăng từ r/todayilearned
2025-05-26 11:26:03,201 - API còn lại: 667.0 yêu cầu, reset sau 3.98 phút
2025-05-26 11:28:24,290 - API còn lại: 617.0 yêu cầu, reset sau 1.62 phút
2025-05-26 11:30:16,962 - Đã lưu 100 bản ghi vào Data/contents_20250526_113016.csv
2025-05-26 11:30:28,275 - Đã đẩy Data/contents_20250526_113016.csv vào hdfs://host.docker.internal:9000/Data/Contents/contents_20250526_113016.csv
2025-05-26 11:30:28,340 - Đã gửi 100 bản ghi vào Kafka topic reddit_stream
2025-05-26 11:30:28,515 - Đã lưu 5033 bản ghi vào Data/comments_20250526_113028.csv
2025-05-26 11:30:36,893 - Đã đẩy Data/comments_20250526_113028.csv vào hdfs://host.docker.internal:9000/Data/Comments/comments_20250526_113028.csv
2025-05-26 11:30:37,497 - Đã gửi 5033 bản ghi vào Kafka topic reddit_stream
2025-05-26 11:30:37,497 - Đã thu thập 100 bài đăng từ r/todayilearned
2025-05-26 11:30:39,270 - API còn lại: 992.0 yêu cầu, reset sau 9.37 phút
2025-05-26 11:32:19,807 - API còn lại: 942.0 yêu cầu, reset sau 7.68 phút
2025-05-26 11:33:53,125 - Đã lưu 100 bản ghi vào Data/contents_20250526_113353.csv
2025-05-26 11:33:55,147 - Đã đẩy Data/contents_20250526_113353.csv vào hdfs://host.docker.internal:9000/Data/Contents/contents_20250526_113353.csv
2025-05-26 11:33:55,160 - Đã gửi 100 bản ghi vào Kafka topic reddit_stream
2025-05-26 11:33:55,177 - Đã lưu 3497 bản ghi vào Data/comments_20250526_113355.csv
2025-05-26 11:33:57,016 - Đã đẩy Data/comments_20250526_113355.csv vào hdfs://host.docker.internal:9000/Data/Comments/comments_20250526_113355.csv
2025-05-26 11:33:57,313 - Đã gửi 3497 bản ghi vào Kafka topic reddit_stream
2025-05-26 11:33:57,314 - Đã thu thập 100 bài đăng từ r/todayilearned
2025-05-26 11:33:58,705 - API còn lại: 891.0 yêu cầu, reset sau 6.03 phút
2025-05-26 11:35:19,136 - API còn lại: 841.0 yêu cầu, reset sau 4.68 phút
2025-05-26 11:36:46,420 - Đã lưu 100 bản ghi vào Data/contents_20250526_113646.csv
2025-05-26 11:36:48,284 - Đã đẩy Data/contents_20250526_113646.csv vào hdfs://host.docker.internal:9000/Data/Contents/contents_20250526_113646.csv
2025-05-26 11:36:48,296 - Đã gửi 100 bản ghi vào Kafka topic reddit_stream
2025-05-26 11:36:48,309 - Đã lưu 2584 bản ghi vào Data/comments_20250526_113648.csv
2025-05-26 11:36:50,111 - Đã đẩy Data/comments_20250526_113648.csv vào hdfs://host.docker.internal:9000/Data/Comments/comments_20250526_113648.csv
2025-05-26 11:36:50,267 - Đã gửi 2584 bản ghi vào Kafka topic reddit_stream
2025-05-26 11:36:50,267 - Đã thu thập 100 bài đăng từ r/todayilearned
2025-05-26 11:36:52,279 - API còn lại: 790.0 yêu cầu, reset sau 3.15 phút
2025-05-26 11:38:10,942 - API còn lại: 740.0 yêu cầu, reset sau 1.82 phút
2025-05-26 11:39:18,871 - Đã lưu 100 bản ghi vào Data/contents_20250526_113918.csv
2025-05-26 11:39:20,700 - Đã đẩy Data/contents_20250526_113918.csv vào hdfs://host.docker.internal:9000/Data/Contents/contents_20250526_113918.csv
2025-05-26 11:39:20,711 - Đã gửi 100 bản ghi vào Kafka topic reddit_stream
2025-05-26 11:39:20,720 - Đã lưu 2040 bản ghi vào Data/comments_20250526_113920.csv
2025-05-26 11:39:22,530 - Đã đẩy Data/comments_20250526_113920.csv vào hdfs://host.docker.internal:9000/Data/Comments/comments_20250526_113920.csv
2025-05-26 11:39:22,663 - Đã gửi 2040 bản ghi vào Kafka topic reddit_stream
2025-05-26 11:39:22,664 - Đã thu thập 100 bài đăng từ r/todayilearned
2025-05-26 11:39:24,338 - API còn lại: 689.0 yêu cầu, reset sau 0.62 phút
2025-05-26 11:40:31,415 - API còn lại: 978.0 yêu cầu, reset sau 9.47 phút
2025-05-26 11:41:31,758 - Đã lưu 100 bản ghi vào Data/contents_20250526_114131.csv
2025-05-26 11:41:33,608 - Đã đẩy Data/contents_20250526_114131.csv vào hdfs://host.docker.internal:9000/Data/Contents/contents_20250526_114131.csv
2025-05-26 11:41:33,619 - Đã gửi 100 bản ghi vào Kafka topic reddit_stream
2025-05-26 11:41:33,627 - Đã lưu 1491 bản ghi vào Data/comments_20250526_114133.csv
2025-05-26 11:41:35,393 - Đã đẩy Data/comments_20250526_114133.csv vào hdfs://host.docker.internal:9000/Data/Comments/comments_20250526_114133.csv
2025-05-26 11:41:35,488 - Đã gửi 1491 bản ghi vào Kafka topic reddit_stream
2025-05-26 11:41:35,489 - Đã thu thập 100 bài đăng từ r/todayilearned
2025-05-26 11:41:37,087 - API còn lại: 927.0 yêu cầu, reset sau 8.40 phút
2025-05-26 11:42:36,404 - API còn lại: 877.0 yêu cầu, reset sau 7.38 phút
2025-05-26 11:43:33,685 - Đã lưu 100 bản ghi vào Data/contents_20250526_114333.csv
2025-05-26 11:43:35,508 - Đã đẩy Data/contents_20250526_114333.csv vào hdfs://host.docker.internal:9000/Data/Contents/contents_20250526_114333.csv
2025-05-26 11:43:35,519 - Đã gửi 100 bản ghi vào Kafka topic reddit_stream
2025-05-26 11:43:35,524 - Đã lưu 1017 bản ghi vào Data/comments_20250526_114335.csv
2025-05-26 11:43:37,267 - Đã đẩy Data/comments_20250526_114335.csv vào hdfs://host.docker.internal:9000/Data/Comments/comments_20250526_114335.csv
2025-05-26 11:43:37,331 - Đã gửi 1017 bản ghi vào Kafka topic reddit_stream
2025-05-26 11:43:37,331 - Đã thu thập 100 bài đăng từ r/todayilearned
2025-05-26 11:43:39,300 - API còn lại: 826.0 yêu cầu, reset sau 6.37 phút
2025-05-26 11:44:32,779 - API còn lại: 776.0 yêu cầu, reset sau 5.45 phút
2025-05-26 11:45:24,656 - Đã lưu 100 bản ghi vào Data/contents_20250526_114524.csv
2025-05-26 11:45:26,536 - Đã đẩy Data/contents_20250526_114524.csv vào hdfs://host.docker.internal:9000/Data/Contents/contents_20250526_114524.csv
2025-05-26 11:45:26,588 - Đã gửi 100 bản ghi vào Kafka topic reddit_stream
2025-05-26 11:45:26,601 - Đã lưu 683 bản ghi vào Data/comments_20250526_114526.csv
2025-05-26 11:45:28,888 - Đã đẩy Data/comments_20250526_114526.csv vào hdfs://host.docker.internal:9000/Data/Comments/comments_20250526_114526.csv
2025-05-26 11:45:28,948 - Đã gửi 683 bản ghi vào Kafka topic reddit_stream
2025-05-26 11:45:28,949 - Đã thu thập 100 bài đăng từ r/todayilearned
2025-05-26 11:45:30,373 - API còn lại: 725.0 yêu cầu, reset sau 4.50 phút
2025-05-26 11:46:17,240 - API còn lại: 675.0 yêu cầu, reset sau 3.72 phút
2025-05-26 11:46:50,989 - Đã lưu 85 bản ghi vào Data/contents_20250526_114650.csv
2025-05-26 11:46:52,955 - Đã đẩy Data/contents_20250526_114650.csv vào hdfs://host.docker.internal:9000/Data/Contents/contents_20250526_114650.csv
2025-05-26 11:46:52,965 - Đã gửi 85 bản ghi vào Kafka topic reddit_stream
2025-05-26 11:46:52,969 - Đã lưu 442 bản ghi vào Data/comments_20250526_114652.csv
2025-05-26 11:46:55,049 - Đã đẩy Data/comments_20250526_114652.csv vào hdfs://host.docker.internal:9000/Data/Comments/comments_20250526_114652.csv
2025-05-26 11:46:55,124 - Đã gửi 442 bản ghi vào Kafka topic reddit_stream
2025-05-26 11:46:55,124 - Đã thu thập 85 bài đăng từ r/todayilearned
2025-05-26 11:46:55,125 - 
--- LĨNH VỰC: News ---
2025-05-26 11:46:55,125 - Đang thu thập từ r/worldnews... (Lần thử 1)
2025-05-26 11:46:55,125 - Đang thu thập từ r/news... (Lần thử 1)
2025-05-26 11:46:56,667 - API còn lại: 638.0 yêu cầu, reset sau 3.07 phút
2025-05-26 11:46:56,727 - API còn lại: 639.0 yêu cầu, reset sau 3.07 phút
2025-05-26 11:50:06,626 - API còn lại: 998.0 yêu cầu, reset sau 9.93 phút
2025-05-26 11:50:11,918 - API còn lại: 995.0 yêu cầu, reset sau 9.85 phút
2025-05-26 11:52:58,180 - Đã lưu 100 bản ghi vào Data/contents_20250526_115258.csv
2025-05-26 11:53:00,047 - Đã đẩy Data/contents_20250526_115258.csv vào hdfs://host.docker.internal:9000/Data/Contents/contents_20250526_115258.csv
2025-05-26 11:53:00,058 - Đã gửi 100 bản ghi vào Kafka topic reddit_stream
2025-05-26 11:53:00,117 - Đã lưu 8658 bản ghi vào Data/comments_20250526_115300.csv
2025-05-26 11:53:01,991 - Đã đẩy Data/comments_20250526_115300.csv vào hdfs://host.docker.internal:9000/Data/Comments/comments_20250526_115300.csv
2025-05-26 11:53:02,577 - Đã gửi 8658 bản ghi vào Kafka topic reddit_stream
2025-05-26 11:53:02,577 - Đã thu thập 100 bài đăng từ r/worldnews
2025-05-26 11:53:04,188 - API còn lại: 895.0 yêu cầu, reset sau 6.95 phút
2025-05-26 11:53:04,618 - Đã lưu 100 bản ghi vào Data/contents_20250526_115304.csv
2025-05-26 11:53:06,763 - Đã đẩy Data/contents_20250526_115304.csv vào hdfs://host.docker.internal:9000/Data/Contents/contents_20250526_115304.csv
2025-05-26 11:53:06,776 - Đã gửi 100 bản ghi vào Kafka topic reddit_stream
2025-05-26 11:53:06,840 - Đã lưu 8643 bản ghi vào Data/comments_20250526_115306.csv
2025-05-26 11:53:08,922 - Đã đẩy Data/comments_20250526_115306.csv vào hdfs://host.docker.internal:9000/Data/Comments/comments_20250526_115306.csv
2025-05-26 11:53:09,647 - Đã gửi 8643 bản ghi vào Kafka topic reddit_stream
2025-05-26 11:53:09,647 - Đã thu thập 100 bài đăng từ r/news
2025-05-26 11:53:11,090 - API còn lại: 891.0 yêu cầu, reset sau 6.83 phút
2025-05-26 11:55:27,758 - API còn lại: 798.0 yêu cầu, reset sau 4.57 phút
2025-05-26 11:55:40,417 - API còn lại: 790.0 yêu cầu, reset sau 4.35 phút
2025-05-26 11:57:39,317 - Đã lưu 100 bản ghi vào Data/contents_20250526_115739.csv
2025-05-26 11:57:41,204 - Đã đẩy Data/contents_20250526_115739.csv vào hdfs://host.docker.internal:9000/Data/Contents/contents_20250526_115739.csv
2025-05-26 11:57:41,215 - Đã gửi 100 bản ghi vào Kafka topic reddit_stream
2025-05-26 11:57:41,252 - Đã lưu 6115 bản ghi vào Data/comments_20250526_115741.csv
2025-05-26 11:57:43,274 - Đã đẩy Data/comments_20250526_115741.csv vào hdfs://host.docker.internal:9000/Data/Comments/comments_20250526_115741.csv
2025-05-26 11:57:43,699 - Đã gửi 6115 bản ghi vào Kafka topic reddit_stream
2025-05-26 11:57:43,699 - Đã thu thập 100 bài đăng từ r/worldnews
2025-05-26 11:57:45,055 - API còn lại: 697.0 yêu cầu, reset sau 2.27 phút
2025-05-26 11:57:51,183 - Đã lưu 100 bản ghi vào Data/contents_20250526_115751.csv
2025-05-26 11:57:53,019 - Đã đẩy Data/contents_20250526_115751.csv vào hdfs://host.docker.internal:9000/Data/Contents/contents_20250526_115751.csv
2025-05-26 11:57:53,030 - Đã gửi 100 bản ghi vào Kafka topic reddit_stream
2025-05-26 11:57:53,067 - Đã lưu 6551 bản ghi vào Data/comments_20250526_115753.csv
2025-05-26 11:57:54,960 - Đã đẩy Data/comments_20250526_115753.csv vào hdfs://host.docker.internal:9000/Data/Comments/comments_20250526_115753.csv
2025-05-26 11:57:55,508 - Đã gửi 6551 bản ghi vào Kafka topic reddit_stream
2025-05-26 11:57:55,509 - Đã thu thập 100 bài đăng từ r/news
2025-05-26 11:57:56,696 - API còn lại: 688.0 yêu cầu, reset sau 2.07 phút
2025-05-26 11:59:44,970 - API còn lại: 597.0 yêu cầu, reset sau 0.28 phút
2025-05-26 11:59:55,261 - API còn lại: 588.0 yêu cầu, reset sau 0.10 phút
2025-05-26 12:01:46,792 - Đã lưu 100 bản ghi vào Data/contents_20250526_120146.csv
2025-05-26 12:01:48,627 - Đã đẩy Data/contents_20250526_120146.csv vào hdfs://host.docker.internal:9000/Data/Contents/contents_20250526_120146.csv
2025-05-26 12:01:48,640 - Đã gửi 100 bản ghi vào Kafka topic reddit_stream
2025-05-26 12:01:48,666 - Đã lưu 4239 bản ghi vào Data/comments_20250526_120148.csv
2025-05-26 12:01:50,535 - Đã đẩy Data/comments_20250526_120148.csv vào hdfs://host.docker.internal:9000/Data/Comments/comments_20250526_120148.csv
2025-05-26 12:01:50,845 - Đã gửi 4239 bản ghi vào Kafka topic reddit_stream
2025-05-26 12:01:50,845 - Đã thu thập 100 bài đăng từ r/news
2025-05-26 12:01:52,009 - Đã lưu 100 bản ghi vào Data/contents_20250526_120152.csv
2025-05-26 12:01:52,038 - API còn lại: 910.0 yêu cầu, reset sau 8.13 phút
2025-05-26 12:01:53,967 - Đã đẩy Data/contents_20250526_120152.csv vào hdfs://host.docker.internal:9000/Data/Contents/contents_20250526_120152.csv
2025-05-26 12:01:53,977 - Đã gửi 100 bản ghi vào Kafka topic reddit_stream
2025-05-26 12:01:54,004 - Đã lưu 5052 bản ghi vào Data/comments_20250526_120153.csv
2025-05-26 12:01:55,937 - Đã đẩy Data/comments_20250526_120153.csv vào hdfs://host.docker.internal:9000/Data/Comments/comments_20250526_120153.csv
2025-05-26 12:01:56,560 - Đã gửi 5052 bản ghi vào Kafka topic reddit_stream
2025-05-26 12:01:56,560 - Đã thu thập 100 bài đăng từ r/worldnews
2025-05-26 12:01:58,062 - API còn lại: 905.0 yêu cầu, reset sau 8.05 phút
2025-05-26 12:03:25,814 - API còn lại: 815.0 yêu cầu, reset sau 6.58 phút
2025-05-26 12:03:43,439 - API còn lại: 798.0 yêu cầu, reset sau 6.28 phút
2025-05-26 12:04:44,363 - Đã lưu 100 bản ghi vào Data/contents_20250526_120444.csv
2025-05-26 12:04:46,234 - Đã đẩy Data/contents_20250526_120444.csv vào hdfs://host.docker.internal:9000/Data/Contents/contents_20250526_120444.csv
2025-05-26 12:04:46,286 - Đã gửi 100 bản ghi vào Kafka topic reddit_stream
2025-05-26 12:04:46,310 - Đã lưu 2675 bản ghi vào Data/comments_20250526_120446.csv
2025-05-26 12:04:48,263 - Đã đẩy Data/comments_20250526_120446.csv vào hdfs://host.docker.internal:9000/Data/Comments/comments_20250526_120446.csv
2025-05-26 12:04:48,439 - Đã gửi 2675 bản ghi vào Kafka topic reddit_stream
2025-05-26 12:04:48,439 - Đã thu thập 100 bài đăng từ r/news
2025-05-26 12:04:49,687 - API còn lại: 726.0 yêu cầu, reset sau 5.18 phút
2025-05-26 12:05:25,004 - Đã lưu 100 bản ghi vào Data/contents_20250526_120524.csv
2025-05-26 12:05:26,909 - Đã đẩy Data/contents_20250526_120524.csv vào hdfs://host.docker.internal:9000/Data/Contents/contents_20250526_120524.csv
2025-05-26 12:05:26,920 - Đã gửi 100 bản ghi vào Kafka topic reddit_stream
2025-05-26 12:05:26,949 - Đã lưu 4079 bản ghi vào Data/comments_20250526_120526.csv
2025-05-26 12:05:28,983 - Đã đẩy Data/comments_20250526_120526.csv vào hdfs://host.docker.internal:9000/Data/Comments/comments_20250526_120526.csv
2025-05-26 12:05:29,286 - Đã gửi 4079 bản ghi vào Kafka topic reddit_stream
2025-05-26 12:05:29,286 - Đã thu thập 100 bài đăng từ r/worldnews
2025-05-26 12:05:30,773 - API còn lại: 678.0 yêu cầu, reset sau 4.50 phút
2025-05-26 12:05:58,750 - API còn lại: 642.0 yêu cầu, reset sau 4.02 phút
2025-05-26 12:06:59,207 - Đã lưu 100 bản ghi vào Data/contents_20250526_120659.csv
2025-05-26 12:07:01,097 - Đã đẩy Data/contents_20250526_120659.csv vào hdfs://host.docker.internal:9000/Data/Contents/contents_20250526_120659.csv
2025-05-26 12:07:01,107 - Đã gửi 100 bản ghi vào Kafka topic reddit_stream
2025-05-26 12:07:01,115 - Đã lưu 1486 bản ghi vào Data/comments_20250526_120701.csv
2025-05-26 12:07:02,972 - Đã đẩy Data/comments_20250526_120701.csv vào hdfs://host.docker.internal:9000/Data/Comments/comments_20250526_120701.csv
2025-05-26 12:07:03,086 - Đã gửi 1486 bản ghi vào Kafka topic reddit_stream
2025-05-26 12:07:03,086 - Đã thu thập 100 bài đăng từ r/news
2025-05-26 12:07:03,654 - API còn lại: 559.0 yêu cầu, reset sau 2.93 phút
2025-05-26 12:07:10,615 - API còn lại: 550.0 yêu cầu, reset sau 2.83 phút
2025-05-26 12:07:40,993 - Đã lưu 36 bản ghi vào Data/contents_20250526_120740.csv
2025-05-26 12:07:42,912 - Đã đẩy Data/contents_20250526_120740.csv vào hdfs://host.docker.internal:9000/Data/Contents/contents_20250526_120740.csv
2025-05-26 12:07:42,916 - Đã gửi 36 bản ghi vào Kafka topic reddit_stream
2025-05-26 12:07:42,918 - Đã lưu 170 bản ghi vào Data/comments_20250526_120742.csv
2025-05-26 12:07:44,856 - Đã đẩy Data/comments_20250526_120742.csv vào hdfs://host.docker.internal:9000/Data/Comments/comments_20250526_120742.csv
2025-05-26 12:07:44,909 - Đã gửi 170 bản ghi vào Kafka topic reddit_stream
2025-05-26 12:07:44,909 - Đã thu thập 36 bài đăng từ r/news
2025-05-26 12:07:44,909 - Đang thu thập từ r/VietNam... (Lần thử 1)
2025-05-26 12:07:47,186 - API còn lại: 497.0 yêu cầu, reset sau 2.23 phút
2025-05-26 12:08:30,878 - Đã lưu 100 bản ghi vào Data/contents_20250526_120830.csv
2025-05-26 12:08:32,807 - Đã đẩy Data/contents_20250526_120830.csv vào hdfs://host.docker.internal:9000/Data/Contents/contents_20250526_120830.csv
2025-05-26 12:08:32,817 - Đã gửi 100 bản ghi vào Kafka topic reddit_stream
2025-05-26 12:08:32,832 - Đã lưu 2828 bản ghi vào Data/comments_20250526_120832.csv
2025-05-26 12:08:34,851 - Đã đẩy Data/comments_20250526_120832.csv vào hdfs://host.docker.internal:9000/Data/Comments/comments_20250526_120832.csv
2025-05-26 12:08:35,112 - Đã gửi 2828 bản ghi vào Kafka topic reddit_stream
2025-05-26 12:08:35,112 - Đã thu thập 100 bài đăng từ r/worldnews
2025-05-26 12:08:36,667 - API còn lại: 440.0 yêu cầu, reset sau 1.40 phút
2025-05-26 12:09:11,315 - API còn lại: 398.0 yêu cầu, reset sau 0.82 phút
2025-05-26 12:10:03,340 - API còn lại: 996.0 yêu cầu, reset sau 9.95 phút
2025-05-26 12:10:23,298 - Đã lưu 100 bản ghi vào Data/contents_20250526_121023.csv
2025-05-26 12:10:25,173 - Đã đẩy Data/contents_20250526_121023.csv vào hdfs://host.docker.internal:9000/Data/Contents/contents_20250526_121023.csv
2025-05-26 12:10:25,188 - Đã gửi 100 bản ghi vào Kafka topic reddit_stream
2025-05-26 12:10:25,211 - Đã lưu 3503 bản ghi vào Data/comments_20250526_121025.csv
2025-05-26 12:10:27,050 - Đã đẩy Data/comments_20250526_121025.csv vào hdfs://host.docker.internal:9000/Data/Comments/comments_20250526_121025.csv
2025-05-26 12:10:27,379 - Đã gửi 3503 bản ghi vào Kafka topic reddit_stream
2025-05-26 12:10:27,379 - Đã thu thập 100 bài đăng từ r/VietNam
2025-05-26 12:10:29,748 - API còn lại: 962.0 yêu cầu, reset sau 9.53 phút
2025-05-26 12:11:22,918 - Đã lưu 100 bản ghi vào Data/contents_20250526_121122.csv
2025-05-26 12:11:24,857 - Đã đẩy Data/contents_20250526_121122.csv vào hdfs://host.docker.internal:9000/Data/Contents/contents_20250526_121122.csv
2025-05-26 12:11:24,867 - Đã gửi 100 bản ghi vào Kafka topic reddit_stream
2025-05-26 12:11:24,882 - Đã lưu 2614 bản ghi vào Data/comments_20250526_121124.csv
2025-05-26 12:11:26,848 - Đã đẩy Data/comments_20250526_121124.csv vào hdfs://host.docker.internal:9000/Data/Comments/comments_20250526_121124.csv
2025-05-26 12:11:27,054 - Đã gửi 2614 bản ghi vào Kafka topic reddit_stream
2025-05-26 12:11:27,054 - Đã thu thập 100 bài đăng từ r/worldnews
2025-05-26 12:11:28,453 - API còn lại: 884.0 yêu cầu, reset sau 8.53 phút
2025-05-26 12:11:34,687 - API còn lại: 874.0 yêu cầu, reset sau 8.43 phút
2025-05-26 12:12:34,383 - Đã lưu 100 bản ghi vào Data/contents_20250526_121234.csv
2025-05-26 12:12:36,290 - Đã đẩy Data/contents_20250526_121234.csv vào hdfs://host.docker.internal:9000/Data/Contents/contents_20250526_121234.csv
2025-05-26 12:12:36,345 - Đã gửi 100 bản ghi vào Kafka topic reddit_stream
2025-05-26 12:12:36,364 - Đã lưu 2155 bản ghi vào Data/comments_20250526_121236.csv
2025-05-26 12:12:38,312 - Đã đẩy Data/comments_20250526_121236.csv vào hdfs://host.docker.internal:9000/Data/Comments/comments_20250526_121236.csv
2025-05-26 12:12:38,500 - Đã gửi 2155 bản ghi vào Kafka topic reddit_stream
2025-05-26 12:12:38,500 - Đã thu thập 100 bài đăng từ r/VietNam
2025-05-26 12:12:40,738 - API còn lại: 779.0 yêu cầu, reset sau 7.35 phút
2025-05-26 12:12:41,439 - API còn lại: 777.0 yêu cầu, reset sau 7.30 phút
2025-05-26 12:13:36,330 - API còn lại: 688.0 yêu cầu, reset sau 6.38 phút
2025-05-26 12:13:51,814 - Đã lưu 100 bản ghi vào Data/contents_20250526_121351.csv
2025-05-26 12:13:53,686 - Đã đẩy Data/contents_20250526_121351.csv vào hdfs://host.docker.internal:9000/Data/Contents/contents_20250526_121351.csv
2025-05-26 12:13:53,698 - Đã gửi 100 bản ghi vào Kafka topic reddit_stream
2025-05-26 12:13:53,711 - Đã lưu 1766 bản ghi vào Data/comments_20250526_121353.csv
2025-05-26 12:13:55,614 - Đã đẩy Data/comments_20250526_121353.csv vào hdfs://host.docker.internal:9000/Data/Comments/comments_20250526_121353.csv
2025-05-26 12:13:55,814 - Đã gửi 1766 bản ghi vào Kafka topic reddit_stream
2025-05-26 12:13:55,814 - Đã thu thập 100 bài đăng từ r/worldnews
2025-05-26 12:13:57,561 - API còn lại: 658.0 yêu cầu, reset sau 6.05 phút
2025-05-26 12:14:30,814 - Đã lưu 100 bản ghi vào Data/contents_20250526_121430.csv
2025-05-26 12:14:32,710 - Đã đẩy Data/contents_20250526_121430.csv vào hdfs://host.docker.internal:9000/Data/Contents/contents_20250526_121430.csv
2025-05-26 12:14:32,724 - Đã gửi 100 bản ghi vào Kafka topic reddit_stream
2025-05-26 12:14:32,734 - Đã lưu 1369 bản ghi vào Data/comments_20250526_121432.csv
2025-05-26 12:14:34,585 - Đã đẩy Data/comments_20250526_121432.csv vào hdfs://host.docker.internal:9000/Data/Comments/comments_20250526_121432.csv
2025-05-26 12:14:34,716 - Đã gửi 1369 bản ghi vào Kafka topic reddit_stream
2025-05-26 12:14:34,716 - Đã thu thập 100 bài đăng từ r/VietNam
2025-05-26 12:14:36,766 - API còn lại: 606.0 yêu cầu, reset sau 5.42 phút
2025-05-26 12:15:27,956 - API còn lại: 539.0 yêu cầu, reset sau 4.53 phút
2025-05-26 12:16:03,290 - API còn lại: 491.0 yêu cầu, reset sau 3.95 phút
2025-05-26 12:16:18,547 - Đã lưu 100 bản ghi vào Data/contents_20250526_121618.csv
2025-05-26 12:16:20,475 - Đã đẩy Data/contents_20250526_121618.csv vào hdfs://host.docker.internal:9000/Data/Contents/contents_20250526_121618.csv
2025-05-26 12:16:20,491 - Đã gửi 100 bản ghi vào Kafka topic reddit_stream
2025-05-26 12:16:20,497 - Đã lưu 850 bản ghi vào Data/comments_20250526_121620.csv
2025-05-26 12:16:22,490 - Đã đẩy Data/comments_20250526_121620.csv vào hdfs://host.docker.internal:9000/Data/Comments/comments_20250526_121620.csv
2025-05-26 12:16:22,555 - Đã gửi 850 bản ghi vào Kafka topic reddit_stream
2025-05-26 12:16:22,555 - Đã thu thập 100 bài đăng từ r/VietNam
2025-05-26 12:16:24,302 - API còn lại: 465.0 yêu cầu, reset sau 3.62 phút
2025-05-26 12:17:13,941 - API còn lại: 384.0 yêu cầu, reset sau 2.77 phút
2025-05-26 12:17:29,515 - Đã lưu 100 bản ghi vào Data/contents_20250526_121729.csv
2025-05-26 12:17:31,435 - Đã đẩy Data/contents_20250526_121729.csv vào hdfs://host.docker.internal:9000/Data/Contents/contents_20250526_121729.csv
2025-05-26 12:17:31,485 - Đã gửi 100 bản ghi vào Kafka topic reddit_stream
2025-05-26 12:17:31,507 - Đã lưu 2497 bản ghi vào Data/comments_20250526_121731.csv
2025-05-26 12:17:33,367 - Đã đẩy Data/comments_20250526_121731.csv vào hdfs://host.docker.internal:9000/Data/Comments/comments_20250526_121731.csv
2025-05-26 12:17:33,586 - Đã gửi 2497 bản ghi vào Kafka topic reddit_stream
2025-05-26 12:17:33,586 - Đã thu thập 100 bài đăng từ r/worldnews
2025-05-26 12:17:35,040 - API còn lại: 355.0 yêu cầu, reset sau 2.43 phút
2025-05-26 12:18:04,843 - Đã lưu 100 bản ghi vào Data/contents_20250526_121804.csv
2025-05-26 12:18:06,764 - Đã đẩy Data/contents_20250526_121804.csv vào hdfs://host.docker.internal:9000/Data/Contents/contents_20250526_121804.csv
2025-05-26 12:18:06,781 - Đã gửi 100 bản ghi vào Kafka topic reddit_stream
2025-05-26 12:18:06,787 - Đã lưu 728 bản ghi vào Data/comments_20250526_121806.csv
2025-05-26 12:18:08,707 - Đã đẩy Data/comments_20250526_121806.csv vào hdfs://host.docker.internal:9000/Data/Comments/comments_20250526_121806.csv
2025-05-26 12:18:08,780 - Đã gửi 728 bản ghi vào Kafka topic reddit_stream
2025-05-26 12:18:08,780 - Đã thu thập 100 bài đăng từ r/VietNam
2025-05-26 12:18:10,883 - API còn lại: 300.0 yêu cầu, reset sau 1.85 phút
2025-05-26 12:18:50,526 - API còn lại: 232.0 yêu cầu, reset sau 1.17 phút
2025-05-26 12:18:59,199 - API còn lại: 216.0 yêu cầu, reset sau 1.02 phút
2025-05-26 12:19:46,603 - Đã lưu 100 bản ghi vào Data/contents_20250526_121946.csv
2025-05-26 12:19:48,494 - Đã đẩy Data/contents_20250526_121946.csv vào hdfs://host.docker.internal:9000/Data/Contents/contents_20250526_121946.csv
2025-05-26 12:19:48,507 - Đã gửi 100 bản ghi vào Kafka topic reddit_stream
2025-05-26 12:19:48,511 - Đã lưu 382 bản ghi vào Data/comments_20250526_121948.csv
2025-05-26 12:19:50,405 - Đã đẩy Data/comments_20250526_121948.csv vào hdfs://host.docker.internal:9000/Data/Comments/comments_20250526_121948.csv
2025-05-26 12:19:50,484 - Đã gửi 382 bản ghi vào Kafka topic reddit_stream
2025-05-26 12:19:50,484 - Đã thu thập 100 bài đăng từ r/VietNam
2025-05-26 12:19:52,068 - API còn lại: 125.0 yêu cầu, reset sau 0.15 phút
2025-05-26 12:19:54,720 - Đã lưu 100 bản ghi vào Data/contents_20250526_121954.csv
2025-05-26 12:19:56,572 - Đã đẩy Data/contents_20250526_121954.csv vào hdfs://host.docker.internal:9000/Data/Contents/contents_20250526_121954.csv
2025-05-26 12:19:56,582 - Đã gửi 100 bản ghi vào Kafka topic reddit_stream
2025-05-26 12:19:56,594 - Đã lưu 1867 bản ghi vào Data/comments_20250526_121956.csv
2025-05-26 12:19:58,516 - Đã đẩy Data/comments_20250526_121956.csv vào hdfs://host.docker.internal:9000/Data/Comments/comments_20250526_121956.csv
2025-05-26 12:19:58,661 - Đã gửi 1867 bản ghi vào Kafka topic reddit_stream
2025-05-26 12:19:58,661 - Đã thu thập 100 bài đăng từ r/worldnews
2025-05-26 12:19:59,879 - API còn lại: 113.0 yêu cầu, reset sau 0.02 phút
2025-05-26 12:20:43,299 - API còn lại: 927.0 yêu cầu, reset sau 9.27 phút
2025-05-26 12:21:07,504 - API còn lại: 888.0 yêu cầu, reset sau 8.87 phút
2025-05-26 12:21:37,436 - Đã lưu 100 bản ghi vào Data/contents_20250526_122137.csv
2025-05-26 12:21:39,367 - Đã đẩy Data/contents_20250526_122137.csv vào hdfs://host.docker.internal:9000/Data/Contents/contents_20250526_122137.csv
2025-05-26 12:21:39,383 - Đã gửi 100 bản ghi vào Kafka topic reddit_stream
2025-05-26 12:21:39,388 - Đã lưu 384 bản ghi vào Data/comments_20250526_122139.csv
2025-05-26 12:21:41,310 - Đã đẩy Data/comments_20250526_122139.csv vào hdfs://host.docker.internal:9000/Data/Comments/comments_20250526_122139.csv
2025-05-26 12:21:41,376 - Đã gửi 384 bản ghi vào Kafka topic reddit_stream
2025-05-26 12:21:41,376 - Đã thu thập 100 bài đăng từ r/VietNam
2025-05-26 12:21:42,868 - API còn lại: 831.0 yêu cầu, reset sau 8.30 phút
2025-05-26 12:22:10,102 - Đã lưu 99 bản ghi vào Data/contents_20250526_122210.csv
2025-05-26 12:22:11,989 - Đã đẩy Data/contents_20250526_122210.csv vào hdfs://host.docker.internal:9000/Data/Contents/contents_20250526_122210.csv
2025-05-26 12:22:12,000 - Đã gửi 99 bản ghi vào Kafka topic reddit_stream
2025-05-26 12:22:12,007 - Đã lưu 1210 bản ghi vào Data/comments_20250526_122212.csv
2025-05-26 12:22:13,907 - Đã đẩy Data/comments_20250526_122212.csv vào hdfs://host.docker.internal:9000/Data/Comments/comments_20250526_122212.csv
2025-05-26 12:22:13,987 - Đã gửi 1210 bản ghi vào Kafka topic reddit_stream
2025-05-26 12:22:13,987 - Đã thu thập 99 bài đăng từ r/worldnews
2025-05-26 12:22:13,987 - Đang thu thập từ r/AskReddit... (Lần thử 1)
2025-05-26 12:22:14,977 - API còn lại: 777.0 yêu cầu, reset sau 7.75 phút
2025-05-26 12:22:32,312 - API còn lại: 754.0 yêu cầu, reset sau 7.45 phút
2025-05-26 12:23:18,912 - Đã lưu 100 bản ghi vào Data/contents_20250526_122318.csv
2025-05-26 12:23:20,887 - Đã đẩy Data/contents_20250526_122318.csv vào hdfs://host.docker.internal:9000/Data/Contents/contents_20250526_122318.csv
2025-05-26 12:23:20,902 - Đã gửi 100 bản ghi vào Kafka topic reddit_stream
2025-05-26 12:23:20,904 - Đã lưu 227 bản ghi vào Data/comments_20250526_122320.csv
2025-05-26 12:23:22,911 - Đã đẩy Data/comments_20250526_122320.csv vào hdfs://host.docker.internal:9000/Data/Comments/comments_20250526_122320.csv
2025-05-26 12:23:22,929 - Đã gửi 227 bản ghi vào Kafka topic reddit_stream
2025-05-26 12:23:22,929 - Đã thu thập 100 bài đăng từ r/VietNam
2025-05-26 12:23:24,209 - API còn lại: 692.0 yêu cầu, reset sau 6.60 phút
2025-05-26 12:24:11,644 - API còn lại: 631.0 yêu cầu, reset sau 5.80 phút
2025-05-26 12:25:00,087 - Đã lưu 100 bản ghi vào Data/contents_20250526_122500.csv
2025-05-26 12:25:02,055 - Đã đẩy Data/contents_20250526_122500.csv vào hdfs://host.docker.internal:9000/Data/Contents/contents_20250526_122500.csv
2025-05-26 12:25:02,069 - Đã gửi 100 bản ghi vào Kafka topic reddit_stream
2025-05-26 12:25:02,072 - Đã lưu 289 bản ghi vào Data/comments_20250526_122502.csv
2025-05-26 12:25:04,104 - Đã đẩy Data/comments_20250526_122502.csv vào hdfs://host.docker.internal:9000/Data/Comments/comments_20250526_122502.csv
2025-05-26 12:25:04,129 - Đã gửi 289 bản ghi vào Kafka topic reddit_stream
2025-05-26 12:25:04,130 - Đã thu thập 100 bài đăng từ r/VietNam
2025-05-26 12:25:05,684 - API còn lại: 568.0 yêu cầu, reset sau 4.91 phút
2025-05-26 12:25:54,251 - API còn lại: 506.0 yêu cầu, reset sau 4.10 phút
2025-05-26 12:25:57,463 - API còn lại: 507.0 yêu cầu, reset sau 4.10 phút
2025-05-26 12:26:41,055 - Đã lưu 100 bản ghi vào Data/contents_20250526_122641.csv
2025-05-26 12:26:42,957 - Đã đẩy Data/contents_20250526_122641.csv vào hdfs://host.docker.internal:9000/Data/Contents/contents_20250526_122641.csv
2025-05-26 12:26:42,972 - Đã gửi 100 bản ghi vào Kafka topic reddit_stream
2025-05-26 12:26:42,975 - Đã lưu 233 bản ghi vào Data/comments_20250526_122642.csv
2025-05-26 12:26:44,984 - Đã đẩy Data/comments_20250526_122642.csv vào hdfs://host.docker.internal:9000/Data/Comments/comments_20250526_122642.csv
2025-05-26 12:26:45,044 - Đã gửi 233 bản ghi vào Kafka topic reddit_stream
2025-05-26 12:26:45,045 - Đã thu thập 100 bài đăng từ r/VietNam
2025-05-26 12:29:34,362 - Đã lưu 100 bản ghi vào Data/contents_20250526_122934.csv
2025-05-26 12:29:36,161 - Đã đẩy Data/contents_20250526_122934.csv vào hdfs://host.docker.internal:9000/Data/Contents/contents_20250526_122934.csv
2025-05-26 12:29:36,211 - Đã gửi 100 bản ghi vào Kafka topic reddit_stream
2025-05-26 12:29:36,288 - Đã lưu 9505 bản ghi vào Data/comments_20250526_122936.csv
2025-05-26 12:29:38,266 - Đã đẩy Data/comments_20250526_122936.csv vào hdfs://host.docker.internal:9000/Data/Comments/comments_20250526_122936.csv
2025-05-26 12:29:39,309 - Đã gửi 9505 bản ghi vào Kafka topic reddit_stream
2025-05-26 12:29:39,309 - Đã thu thập 100 bài đăng từ r/AskReddit
2025-05-26 12:29:40,362 - API còn lại: 404.0 yêu cầu, reset sau 0.33 phút
2025-05-26 12:33:07,073 - API còn lại: 955.0 yêu cầu, reset sau 6.92 phút
2025-05-26 12:36:20,690 - Đã lưu 100 bản ghi vào Data/contents_20250526_123620.csv
2025-05-26 12:36:22,550 - Đã đẩy Data/contents_20250526_123620.csv vào hdfs://host.docker.internal:9000/Data/Contents/contents_20250526_123620.csv
2025-05-26 12:36:22,563 - Đã gửi 100 bản ghi vào Kafka topic reddit_stream
2025-05-26 12:36:22,638 - Đã lưu 9948 bản ghi vào Data/comments_20250526_123622.csv
2025-05-26 12:36:24,561 - Đã đẩy Data/comments_20250526_123622.csv vào hdfs://host.docker.internal:9000/Data/Comments/comments_20250526_123622.csv
2025-05-26 12:36:25,314 - Đã gửi 9948 bản ghi vào Kafka topic reddit_stream
2025-05-26 12:36:25,314 - Đã thu thập 100 bài đăng từ r/AskReddit
2025-05-26 12:36:26,388 - API còn lại: 904.0 yêu cầu, reset sau 3.57 phút
2025-05-26 12:39:39,309 - API còn lại: 854.0 yêu cầu, reset sau 0.38 phút
2025-05-26 12:42:45,203 - Đã lưu 100 bản ghi vào Data/contents_20250526_124245.csv
2025-05-26 12:42:47,010 - Đã đẩy Data/contents_20250526_124245.csv vào hdfs://host.docker.internal:9000/Data/Contents/contents_20250526_124245.csv
2025-05-26 12:42:47,020 - Đã gửi 100 bản ghi vào Kafka topic reddit_stream
2025-05-26 12:42:47,089 - Đã lưu 9819 bản ghi vào Data/comments_20250526_124247.csv
2025-05-26 12:42:48,973 - Đã đẩy Data/comments_20250526_124247.csv vào hdfs://host.docker.internal:9000/Data/Comments/comments_20250526_124247.csv
2025-05-26 12:42:49,985 - Đã gửi 9819 bản ghi vào Kafka topic reddit_stream
2025-05-26 12:42:49,985 - Đã thu thập 100 bài đăng từ r/AskReddit
2025-05-26 12:42:51,006 - API còn lại: 954.0 yêu cầu, reset sau 7.15 phút
2025-05-26 12:45:53,847 - API còn lại: 904.0 yêu cầu, reset sau 4.15 phút
2025-05-26 12:48:56,699 - Đã lưu 100 bản ghi vào Data/contents_20250526_124856.csv
2025-05-26 12:48:58,539 - Đã đẩy Data/contents_20250526_124856.csv vào hdfs://host.docker.internal:9000/Data/Contents/contents_20250526_124856.csv
2025-05-26 12:48:58,550 - Đã gửi 100 bản ghi vào Kafka topic reddit_stream
2025-05-26 12:48:58,618 - Đã lưu 9963 bản ghi vào Data/comments_20250526_124858.csv
2025-05-26 12:49:00,491 - Đã đẩy Data/comments_20250526_124858.csv vào hdfs://host.docker.internal:9000/Data/Comments/comments_20250526_124858.csv
2025-05-26 12:49:01,497 - Đã gửi 9963 bản ghi vào Kafka topic reddit_stream
2025-05-26 12:49:01,497 - Đã thu thập 100 bài đăng từ r/AskReddit
2025-05-26 12:49:02,502 - API còn lại: 853.0 yêu cầu, reset sau 0.97 phút
2025-05-26 12:51:51,347 - API còn lại: 967.0 yêu cầu, reset sau 8.18 phút
2025-05-26 12:54:31,113 - Đã lưu 100 bản ghi vào Data/contents_20250526_125431.csv
2025-05-26 12:54:32,971 - Đã đẩy Data/contents_20250526_125431.csv vào hdfs://host.docker.internal:9000/Data/Contents/contents_20250526_125431.csv
2025-05-26 12:54:32,982 - Đã gửi 100 bản ghi vào Kafka topic reddit_stream
2025-05-26 12:54:33,035 - Đã lưu 9902 bản ghi vào Data/comments_20250526_125432.csv
2025-05-26 12:54:34,966 - Đã đẩy Data/comments_20250526_125432.csv vào hdfs://host.docker.internal:9000/Data/Comments/comments_20250526_125432.csv
2025-05-26 12:54:35,639 - Đã gửi 9902 bản ghi vào Kafka topic reddit_stream
2025-05-26 12:54:35,639 - Đã thu thập 100 bài đăng từ r/AskReddit
2025-05-26 12:54:37,144 - API còn lại: 916.0 yêu cầu, reset sau 5.38 phút
2025-05-26 12:57:07,619 - API còn lại: 866.0 yêu cầu, reset sau 2.90 phút
2025-05-26 12:59:37,762 - Đã lưu 100 bản ghi vào Data/contents_20250526_125937.csv
2025-05-26 12:59:39,617 - Đã đẩy Data/contents_20250526_125937.csv vào hdfs://host.docker.internal:9000/Data/Contents/contents_20250526_125937.csv
2025-05-26 12:59:39,628 - Đã gửi 100 bản ghi vào Kafka topic reddit_stream
2025-05-26 12:59:39,689 - Đã lưu 9602 bản ghi vào Data/comments_20250526_125939.csv
2025-05-26 12:59:41,571 - Đã đẩy Data/comments_20250526_125939.csv vào hdfs://host.docker.internal:9000/Data/Comments/comments_20250526_125939.csv
2025-05-26 12:59:42,217 - Đã gửi 9602 bản ghi vào Kafka topic reddit_stream
2025-05-26 12:59:42,217 - Đã thu thập 100 bài đăng từ r/AskReddit
2025-05-26 12:59:43,312 - API còn lại: 815.0 yêu cầu, reset sau 0.28 phút
2025-05-26 13:01:56,766 - API còn lại: 957.0 yêu cầu, reset sau 8.08 phút
2025-05-26 13:04:10,968 - Đã lưu 100 bản ghi vào Data/contents_20250526_130410.csv
2025-05-26 13:04:12,868 - Đã đẩy Data/contents_20250526_130410.csv vào hdfs://host.docker.internal:9000/Data/Contents/contents_20250526_130410.csv
2025-05-26 13:04:12,877 - Đã gửi 100 bản ghi vào Kafka topic reddit_stream
2025-05-26 13:04:12,934 - Đã lưu 9078 bản ghi vào Data/comments_20250526_130412.csv
2025-05-26 13:04:14,850 - Đã đẩy Data/comments_20250526_130412.csv vào hdfs://host.docker.internal:9000/Data/Comments/comments_20250526_130412.csv
2025-05-26 13:04:15,600 - Đã gửi 9078 bản ghi vào Kafka topic reddit_stream
2025-05-26 13:04:15,600 - Đã thu thập 100 bài đăng từ r/AskReddit
2025-05-26 13:04:16,720 - API còn lại: 906.0 yêu cầu, reset sau 5.73 phút
2025-05-26 13:06:22,179 - API còn lại: 856.0 yêu cầu, reset sau 3.65 phút
2025-05-26 13:08:35,647 - Đã lưu 100 bản ghi vào Data/contents_20250526_130835.csv
2025-05-26 13:08:37,593 - Đã đẩy Data/contents_20250526_130835.csv vào hdfs://host.docker.internal:9000/Data/Contents/contents_20250526_130835.csv
2025-05-26 13:08:37,606 - Đã gửi 100 bản ghi vào Kafka topic reddit_stream
2025-05-26 13:08:37,658 - Đã lưu 9456 bản ghi vào Data/comments_20250526_130837.csv
2025-05-26 13:08:39,519 - Đã đẩy Data/comments_20250526_130837.csv vào hdfs://host.docker.internal:9000/Data/Comments/comments_20250526_130837.csv
2025-05-26 13:08:40,302 - Đã gửi 9456 bản ghi vào Kafka topic reddit_stream
2025-05-26 13:08:40,302 - Đã thu thập 100 bài đăng từ r/AskReddit
2025-05-26 13:08:41,424 - API còn lại: 805.0 yêu cầu, reset sau 1.32 phút
2025-05-26 13:10:29,748 - API còn lại: 987.0 yêu cầu, reset sau 9.53 phút
2025-05-26 13:12:15,050 - Đã lưu 100 bản ghi vào Data/contents_20250526_131215.csv
2025-05-26 13:12:17,032 - Đã đẩy Data/contents_20250526_131215.csv vào hdfs://host.docker.internal:9000/Data/Contents/contents_20250526_131215.csv
2025-05-26 13:12:17,041 - Đã gửi 100 bản ghi vào Kafka topic reddit_stream
2025-05-26 13:12:17,088 - Đã lưu 8775 bản ghi vào Data/comments_20250526_131217.csv
2025-05-26 13:12:18,935 - Đã đẩy Data/comments_20250526_131217.csv vào hdfs://host.docker.internal:9000/Data/Comments/comments_20250526_131217.csv
2025-05-26 13:12:19,648 - Đã gửi 8775 bản ghi vào Kafka topic reddit_stream
2025-05-26 13:12:19,648 - Đã thu thập 100 bài đăng từ r/AskReddit
2025-05-26 13:12:20,567 - API còn lại: 936.0 yêu cầu, reset sau 7.67 phút
2025-05-26 13:13:58,985 - API còn lại: 886.0 yêu cầu, reset sau 6.03 phút
2025-05-26 13:15:45,276 - Đã lưu 99 bản ghi vào Data/contents_20250526_131545.csv
2025-05-26 13:15:47,153 - Đã đẩy Data/contents_20250526_131545.csv vào hdfs://host.docker.internal:9000/Data/Contents/contents_20250526_131545.csv
2025-05-26 13:15:47,163 - Đã gửi 99 bản ghi vào Kafka topic reddit_stream
2025-05-26 13:15:47,216 - Đã lưu 8624 bản ghi vào Data/comments_20250526_131547.csv
2025-05-26 13:15:49,066 - Đã đẩy Data/comments_20250526_131547.csv vào hdfs://host.docker.internal:9000/Data/Comments/comments_20250526_131547.csv
2025-05-26 13:15:49,882 - Đã gửi 8624 bản ghi vào Kafka topic reddit_stream
2025-05-26 13:15:49,882 - Đã thu thập 99 bài đăng từ r/AskReddit
2025-05-26 13:15:49,883 - 
--- LĨNH VỰC: Entertainment ---
2025-05-26 13:15:49,883 - Đang thu thập từ r/movies... (Lần thử 1)
2025-05-26 13:15:49,883 - Đang thu thập từ r/gaming... (Lần thử 1)
2025-05-26 13:15:51,486 - API còn lại: 836.0 yêu cầu, reset sau 4.15 phút
2025-05-26 13:15:51,599 - API còn lại: 835.0 yêu cầu, reset sau 4.15 phút
2025-05-26 13:18:55,603 - API còn lại: 738.0 yêu cầu, reset sau 1.10 phút
2025-05-26 13:19:02,126 - API còn lại: 733.0 yêu cầu, reset sau 1.00 phút
2025-05-26 13:21:08,247 - Đã lưu 100 bản ghi vào Data/contents_20250526_132108.csv
2025-05-26 13:21:10,129 - Đã đẩy Data/contents_20250526_132108.csv vào hdfs://host.docker.internal:9000/Data/Contents/contents_20250526_132108.csv
2025-05-26 13:21:10,140 - Đã gửi 100 bản ghi vào Kafka topic reddit_stream
2025-05-26 13:21:10,180 - Đã lưu 8265 bản ghi vào Data/comments_20250526_132110.csv
2025-05-26 13:21:11,998 - Đã đẩy Data/comments_20250526_132110.csv vào hdfs://host.docker.internal:9000/Data/Comments/comments_20250526_132110.csv
2025-05-26 13:21:12,891 - Đã gửi 8265 bản ghi vào Kafka topic reddit_stream
2025-05-26 13:21:12,891 - Đã thu thập 100 bài đăng từ r/movies
2025-05-26 13:21:14,692 - API còn lại: 946.0 yêu cầu, reset sau 8.77 phút
2025-05-26 13:21:39,487 - Đã lưu 100 bản ghi vào Data/contents_20250526_132139.csv
2025-05-26 13:21:41,299 - Đã đẩy Data/contents_20250526_132139.csv vào hdfs://host.docker.internal:9000/Data/Contents/contents_20250526_132139.csv
2025-05-26 13:21:41,311 - Đã gửi 100 bản ghi vào Kafka topic reddit_stream
2025-05-26 13:21:41,360 - Đã lưu 9101 bản ghi vào Data/comments_20250526_132141.csv
2025-05-26 13:21:43,281 - Đã đẩy Data/comments_20250526_132141.csv vào hdfs://host.docker.internal:9000/Data/Comments/comments_20250526_132141.csv
2025-05-26 13:21:43,877 - Đã gửi 9101 bản ghi vào Kafka topic reddit_stream
2025-05-26 13:21:43,877 - Đã thu thập 100 bài đăng từ r/gaming
2025-05-26 13:21:45,577 - API còn lại: 924.0 yêu cầu, reset sau 8.25 phút
2025-05-26 13:23:27,927 - API còn lại: 850.0 yêu cầu, reset sau 6.55 phút
2025-05-26 13:24:04,388 - API còn lại: 821.0 yêu cầu, reset sau 5.93 phút
2025-05-26 13:25:20,989 - Đã lưu 100 bản ghi vào Data/contents_20250526_132520.csv
2025-05-26 13:25:22,757 - Đã đẩy Data/contents_20250526_132520.csv vào hdfs://host.docker.internal:9000/Data/Contents/contents_20250526_132520.csv
2025-05-26 13:25:22,772 - Đã gửi 100 bản ghi vào Kafka topic reddit_stream
2025-05-26 13:25:22,808 - Đã lưu 6519 bản ghi vào Data/comments_20250526_132522.csv
2025-05-26 13:25:24,724 - Đã đẩy Data/comments_20250526_132522.csv vào hdfs://host.docker.internal:9000/Data/Comments/comments_20250526_132522.csv
2025-05-26 13:25:25,190 - Đã gửi 6519 bản ghi vào Kafka topic reddit_stream
2025-05-26 13:25:25,190 - Đã thu thập 100 bài đăng từ r/movies
2025-05-26 13:25:26,865 - API còn lại: 751.0 yêu cầu, reset sau 4.57 phút
2025-05-26 13:26:09,110 - Đã lưu 100 bản ghi vào Data/contents_20250526_132609.csv
2025-05-26 13:26:10,950 - Đã đẩy Data/contents_20250526_132609.csv vào hdfs://host.docker.internal:9000/Data/Contents/contents_20250526_132609.csv
2025-05-26 13:26:11,000 - Đã gửi 100 bản ghi vào Kafka topic reddit_stream
2025-05-26 13:26:11,045 - Đã lưu 7112 bản ghi vào Data/comments_20250526_132611.csv
2025-05-26 13:26:12,930 - Đã đẩy Data/comments_20250526_132611.csv vào hdfs://host.docker.internal:9000/Data/Comments/comments_20250526_132611.csv
2025-05-26 13:26:13,471 - Đã gửi 7112 bản ghi vào Kafka topic reddit_stream
2025-05-26 13:26:13,471 - Đã thu thập 100 bài đăng từ r/gaming
2025-05-26 13:26:16,861 - API còn lại: 715.0 yêu cầu, reset sau 3.73 phút
2025-05-26 13:27:34,882 - API còn lại: 654.0 yêu cầu, reset sau 2.47 phút
2025-05-26 13:28:19,479 - API còn lại: 619.0 yêu cầu, reset sau 1.72 phút
2025-05-26 13:29:33,274 - Đã lưu 100 bản ghi vào Data/contents_20250526_132933.csv
2025-05-26 13:29:35,096 - Đã đẩy Data/contents_20250526_132933.csv vào hdfs://host.docker.internal:9000/Data/Contents/contents_20250526_132933.csv
2025-05-26 13:29:35,166 - Đã gửi 100 bản ghi vào Kafka topic reddit_stream
2025-05-26 13:29:35,214 - Đã lưu 6245 bản ghi vào Data/comments_20250526_132935.csv
2025-05-26 13:29:37,137 - Đã đẩy Data/comments_20250526_132935.csv vào hdfs://host.docker.internal:9000/Data/Comments/comments_20250526_132935.csv
2025-05-26 13:29:37,769 - Đã gửi 6245 bản ghi vào Kafka topic reddit_stream
2025-05-26 13:29:37,769 - Đã thu thập 100 bài đăng từ r/movies
2025-05-26 13:29:39,572 - API còn lại: 545.0 yêu cầu, reset sau 0.37 phút
2025-05-26 13:30:02,781 - Đã lưu 100 bản ghi vào Data/contents_20250526_133002.csv
2025-05-26 13:30:04,636 - Đã đẩy Data/contents_20250526_133002.csv vào hdfs://host.docker.internal:9000/Data/Contents/contents_20250526_133002.csv
2025-05-26 13:30:04,686 - Đã gửi 100 bản ghi vào Kafka topic reddit_stream
2025-05-26 13:30:04,723 - Đã lưu 6359 bản ghi vào Data/comments_20250526_133004.csv
2025-05-26 13:30:06,582 - Đã đẩy Data/comments_20250526_133004.csv vào hdfs://host.docker.internal:9000/Data/Comments/comments_20250526_133004.csv
2025-05-26 13:30:07,039 - Đã gửi 6359 bản ghi vào Kafka topic reddit_stream
2025-05-26 13:30:07,039 - Đã thu thập 100 bài đăng từ r/gaming
2025-05-26 13:30:09,216 - API còn lại: 997.0 yêu cầu, reset sau 9.87 phút
2025-05-26 13:31:28,297 - API còn lại: 918.0 yêu cầu, reset sau 8.53 phút
2025-05-26 13:31:43,229 - API còn lại: 903.0 yêu cầu, reset sau 8.28 phút
2025-05-26 13:33:17,455 - Đã lưu 100 bản ghi vào Data/contents_20250526_133317.csv
2025-05-26 13:33:19,319 - Đã đẩy Data/contents_20250526_133317.csv vào hdfs://host.docker.internal:9000/Data/Contents/contents_20250526_133317.csv
2025-05-26 13:33:19,343 - Đã gửi 100 bản ghi vào Kafka topic reddit_stream
2025-05-26 13:33:19,378 - Đã lưu 5645 bản ghi vào Data/comments_20250526_133319.csv
2025-05-26 13:33:21,273 - Đã đẩy Data/comments_20250526_133319.csv vào hdfs://host.docker.internal:9000/Data/Comments/comments_20250526_133319.csv
2025-05-26 13:33:21,701 - Đã gửi 5645 bản ghi vào Kafka topic reddit_stream
2025-05-26 13:33:21,701 - Đã thu thập 100 bài đăng từ r/movies
2025-05-26 13:33:23,357 - API còn lại: 812.0 yêu cầu, reset sau 6.63 phút
2025-05-26 13:33:30,779 - Đã lưu 100 bản ghi vào Data/contents_20250526_133330.csv
2025-05-26 13:33:32,588 - Đã đẩy Data/contents_20250526_133330.csv vào hdfs://host.docker.internal:9000/Data/Contents/contents_20250526_133330.csv
2025-05-26 13:33:32,604 - Đã gửi 100 bản ghi vào Kafka topic reddit_stream
2025-05-26 13:33:32,632 - Đã lưu 5191 bản ghi vào Data/comments_20250526_133332.csv
2025-05-26 13:33:34,528 - Đã đẩy Data/comments_20250526_133332.csv vào hdfs://host.docker.internal:9000/Data/Comments/comments_20250526_133332.csv
2025-05-26 13:33:34,914 - Đã gửi 5191 bản ghi vào Kafka topic reddit_stream
2025-05-26 13:33:34,914 - Đã thu thập 100 bài đăng từ r/gaming
2025-05-26 13:33:36,379 - API còn lại: 800.0 yêu cầu, reset sau 6.40 phút
2025-05-26 13:34:47,944 - API còn lại: 711.0 yêu cầu, reset sau 5.20 phút
2025-05-26 13:34:55,695 - API còn lại: 702.0 yêu cầu, reset sau 5.07 phút
2025-05-26 13:36:12,445 - Đã lưu 100 bản ghi vào Data/contents_20250526_133612.csv
2025-05-26 13:36:14,271 - Đã đẩy Data/contents_20250526_133612.csv vào hdfs://host.docker.internal:9000/Data/Contents/contents_20250526_133612.csv
2025-05-26 13:36:14,320 - Đã gửi 100 bản ghi vào Kafka topic reddit_stream
2025-05-26 13:36:14,342 - Đã lưu 3848 bản ghi vào Data/comments_20250526_133614.csv
2025-05-26 13:36:16,192 - Đã đẩy Data/comments_20250526_133614.csv vào hdfs://host.docker.internal:9000/Data/Comments/comments_20250526_133614.csv
2025-05-26 13:36:16,605 - Đã gửi 3848 bản ghi vào Kafka topic reddit_stream
2025-05-26 13:36:16,605 - Đã thu thập 100 bài đăng từ r/gaming
2025-05-26 13:36:18,235 - API còn lại: 613.0 yêu cầu, reset sau 3.72 phút
2025-05-26 13:36:34,970 - Đã lưu 100 bản ghi vào Data/contents_20250526_133634.csv
2025-05-26 13:36:36,870 - Đã đẩy Data/contents_20250526_133634.csv vào hdfs://host.docker.internal:9000/Data/Contents/contents_20250526_133634.csv
2025-05-26 13:36:36,883 - Đã gửi 100 bản ghi vào Kafka topic reddit_stream
2025-05-26 13:36:36,912 - Đã lưu 4966 bản ghi vào Data/comments_20250526_133636.csv
2025-05-26 13:36:38,847 - Đã đẩy Data/comments_20250526_133636.csv vào hdfs://host.docker.internal:9000/Data/Comments/comments_20250526_133636.csv
2025-05-26 13:36:39,250 - Đã gửi 4966 bản ghi vào Kafka topic reddit_stream
2025-05-26 13:36:39,251 - Đã thu thập 100 bài đăng từ r/movies
2025-05-26 13:36:40,954 - API còn lại: 594.0 yêu cầu, reset sau 3.33 phút
2025-05-26 13:37:42,249 - API còn lại: 519.0 yêu cầu, reset sau 2.30 phút
2025-05-26 13:38:03,041 - API còn lại: 490.0 yêu cầu, reset sau 1.95 phút
2025-05-26 13:38:54,673 - Đã lưu 100 bản ghi vào Data/contents_20250526_133854.csv
2025-05-26 13:38:56,560 - Đã đẩy Data/contents_20250526_133854.csv vào hdfs://host.docker.internal:9000/Data/Contents/contents_20250526_133854.csv
2025-05-26 13:38:56,576 - Đã gửi 100 bản ghi vào Kafka topic reddit_stream
2025-05-26 13:38:56,599 - Đã lưu 4313 bản ghi vào Data/comments_20250526_133856.csv
2025-05-26 13:38:58,504 - Đã đẩy Data/comments_20250526_133856.csv vào hdfs://host.docker.internal:9000/Data/Comments/comments_20250526_133856.csv
2025-05-26 13:38:58,926 - Đã gửi 4313 bản ghi vào Kafka topic reddit_stream
2025-05-26 13:38:58,926 - Đã thu thập 100 bài đăng từ r/gaming
2025-05-26 13:39:00,365 - API còn lại: 422.0 yêu cầu, reset sau 1.00 phút
2025-05-26 13:39:27,422 - Đã lưu 100 bản ghi vào Data/contents_20250526_133927.csv
2025-05-26 13:39:29,271 - Đã đẩy Data/contents_20250526_133927.csv vào hdfs://host.docker.internal:9000/Data/Contents/contents_20250526_133927.csv
2025-05-26 13:39:29,287 - Đã gửi 100 bản ghi vào Kafka topic reddit_stream
2025-05-26 13:39:29,310 - Đã lưu 4232 bản ghi vào Data/comments_20250526_133929.csv
2025-05-26 13:39:31,152 - Đã đẩy Data/comments_20250526_133929.csv vào hdfs://host.docker.internal:9000/Data/Comments/comments_20250526_133929.csv
2025-05-26 13:39:31,639 - Đã gửi 4232 bản ghi vào Kafka topic reddit_stream
2025-05-26 13:39:31,639 - Đã thu thập 100 bài đăng từ r/movies
2025-05-26 13:39:33,434 - API còn lại: 385.0 yêu cầu, reset sau 0.47 phút
2025-05-26 13:40:19,553 - API còn lại: 975.0 yêu cầu, reset sau 9.68 phút
2025-05-26 13:40:53,435 - API còn lại: 925.0 yêu cầu, reset sau 9.10 phút
2025-05-26 13:41:21,503 - Đã lưu 100 bản ghi vào Data/contents_20250526_134121.csv
2025-05-26 13:41:23,331 - Đã đẩy Data/contents_20250526_134121.csv vào hdfs://host.docker.internal:9000/Data/Contents/contents_20250526_134121.csv
2025-05-26 13:41:23,346 - Đã gửi 100 bản ghi vào Kafka topic reddit_stream
2025-05-26 13:41:23,371 - Đã lưu 4620 bản ghi vào Data/comments_20250526_134123.csv
2025-05-26 13:41:25,229 - Đã đẩy Data/comments_20250526_134123.csv vào hdfs://host.docker.internal:9000/Data/Comments/comments_20250526_134123.csv
2025-05-26 13:41:25,700 - Đã gửi 4620 bản ghi vào Kafka topic reddit_stream
2025-05-26 13:41:25,700 - Đã thu thập 100 bài đăng từ r/gaming
2025-05-26 13:41:27,644 - API còn lại: 877.0 yêu cầu, reset sau 8.57 phút
2025-05-26 13:42:04,415 - Đã lưu 100 bản ghi vào Data/contents_20250526_134204.csv
2025-05-26 13:42:06,264 - Đã đẩy Data/contents_20250526_134204.csv vào hdfs://host.docker.internal:9000/Data/Contents/contents_20250526_134204.csv
2025-05-26 13:42:06,319 - Đã gửi 100 bản ghi vào Kafka topic reddit_stream
2025-05-26 13:42:06,341 - Đã lưu 3489 bản ghi vào Data/comments_20250526_134206.csv
2025-05-26 13:42:08,219 - Đã đẩy Data/comments_20250526_134206.csv vào hdfs://host.docker.internal:9000/Data/Comments/comments_20250526_134206.csv
2025-05-26 13:42:08,662 - Đã gửi 3489 bản ghi vào Kafka topic reddit_stream
2025-05-26 13:42:08,662 - Đã thu thập 100 bài đăng từ r/movies
2025-05-26 13:42:10,754 - API còn lại: 811.0 yêu cầu, reset sau 7.85 phút
2025-05-26 13:42:21,713 - API còn lại: 793.0 yêu cầu, reset sau 7.63 phút
2025-05-26 13:43:14,140 - Đã lưu 100 bản ghi vào Data/contents_20250526_134314.csv
2025-05-26 13:43:15,992 - Đã đẩy Data/contents_20250526_134314.csv vào hdfs://host.docker.internal:9000/Data/Contents/contents_20250526_134314.csv
2025-05-26 13:43:16,048 - Đã gửi 100 bản ghi vào Kafka topic reddit_stream
2025-05-26 13:43:16,060 - Đã lưu 1717 bản ghi vào Data/comments_20250526_134316.csv
2025-05-26 13:43:16,079 - API còn lại: 699.0 yêu cầu, reset sau 6.73 phút
2025-05-26 13:43:18,040 - Đã đẩy Data/comments_20250526_134316.csv vào hdfs://host.docker.internal:9000/Data/Comments/comments_20250526_134316.csv
2025-05-26 13:43:18,337 - Đã gửi 1717 bản ghi vào Kafka topic reddit_stream
2025-05-26 13:43:18,337 - Đã thu thập 100 bài đăng từ r/gaming
2025-05-26 13:43:19,755 - API còn lại: 696.0 yêu cầu, reset sau 6.68 phút
2025-05-26 13:44:12,811 - API còn lại: 601.0 yêu cầu, reset sau 5.78 phút
2025-05-26 13:44:16,511 - Đã lưu 100 bản ghi vào Data/contents_20250526_134416.csv
2025-05-26 13:44:18,382 - Đã đẩy Data/contents_20250526_134416.csv vào hdfs://host.docker.internal:9000/Data/Contents/contents_20250526_134416.csv
2025-05-26 13:44:18,400 - Đã gửi 100 bản ghi vào Kafka topic reddit_stream
2025-05-26 13:44:18,424 - Đã lưu 2652 bản ghi vào Data/comments_20250526_134418.csv
2025-05-26 13:44:20,394 - Đã đẩy Data/comments_20250526_134418.csv vào hdfs://host.docker.internal:9000/Data/Comments/comments_20250526_134418.csv
2025-05-26 13:44:20,640 - Đã gửi 2652 bản ghi vào Kafka topic reddit_stream
2025-05-26 13:44:20,640 - Đã thu thập 100 bài đăng từ r/movies
2025-05-26 13:44:22,557 - API còn lại: 590.0 yêu cầu, reset sau 5.65 phút
2025-05-26 13:45:06,474 - Đã lưu 100 bản ghi vào Data/contents_20250526_134506.csv
2025-05-26 13:45:08,344 - Đã đẩy Data/contents_20250526_134506.csv vào hdfs://host.docker.internal:9000/Data/Contents/contents_20250526_134506.csv
2025-05-26 13:45:08,362 - Đã gửi 100 bản ghi vào Kafka topic reddit_stream
2025-05-26 13:45:08,375 - Đã lưu 1803 bản ghi vào Data/comments_20250526_134508.csv
2025-05-26 13:45:10,332 - Đã đẩy Data/comments_20250526_134508.csv vào hdfs://host.docker.internal:9000/Data/Comments/comments_20250526_134508.csv
2025-05-26 13:45:10,482 - Đã gửi 1803 bản ghi vào Kafka topic reddit_stream
2025-05-26 13:45:10,482 - Đã thu thập 100 bài đăng từ r/gaming
2025-05-26 13:45:11,805 - API còn lại: 510.0 yêu cầu, reset sau 4.81 phút
2025-05-26 13:45:27,675 - API còn lại: 483.0 yêu cầu, reset sau 4.55 phút
2025-05-26 13:46:07,405 - API còn lại: 416.0 yêu cầu, reset sau 3.87 phút
2025-05-26 13:46:28,705 - Đã lưu 100 bản ghi vào Data/contents_20250526_134628.csv
2025-05-26 13:46:30,584 - Đã đẩy Data/contents_20250526_134628.csv vào hdfs://host.docker.internal:9000/Data/Contents/contents_20250526_134628.csv
2025-05-26 13:46:30,682 - Đã gửi 100 bản ghi vào Kafka topic reddit_stream
2025-05-26 13:46:30,699 - Đã lưu 2991 bản ghi vào Data/comments_20250526_134630.csv
2025-05-26 13:46:32,496 - Đã đẩy Data/comments_20250526_134630.csv vào hdfs://host.docker.internal:9000/Data/Comments/comments_20250526_134630.csv
2025-05-26 13:46:32,718 - Đã gửi 2991 bản ghi vào Kafka topic reddit_stream
2025-05-26 13:46:32,718 - Đã thu thập 100 bài đăng từ r/movies
2025-05-26 13:46:34,210 - API còn lại: 371.0 yêu cầu, reset sau 3.45 phút
2025-05-26 13:46:58,994 - Đã lưu 99 bản ghi vào Data/contents_20250526_134658.csv
2025-05-26 13:47:00,864 - Đã đẩy Data/contents_20250526_134658.csv vào hdfs://host.docker.internal:9000/Data/Contents/contents_20250526_134658.csv
2025-05-26 13:47:00,882 - Đã gửi 99 bản ghi vào Kafka topic reddit_stream
2025-05-26 13:47:00,891 - Đã lưu 1672 bản ghi vào Data/comments_20250526_134700.csv
2025-05-26 13:47:02,765 - Đã đẩy Data/comments_20250526_134700.csv vào hdfs://host.docker.internal:9000/Data/Comments/comments_20250526_134700.csv
2025-05-26 13:47:02,884 - Đã gửi 1672 bản ghi vào Kafka topic reddit_stream
2025-05-26 13:47:02,884 - Đã thu thập 99 bài đăng từ r/gaming
2025-05-26 13:47:02,884 - Đang thu thập từ r/music... (Lần thử 1)
2025-05-26 13:47:04,253 - API còn lại: 320.0 yêu cầu, reset sau 2.93 phút
2025-05-26 13:47:30,954 - API còn lại: 288.0 yêu cầu, reset sau 2.48 phút
2025-05-26 13:48:29,434 - Đã lưu 99 bản ghi vào Data/contents_20250526_134829.csv
2025-05-26 13:48:31,307 - Đã đẩy Data/contents_20250526_134829.csv vào hdfs://host.docker.internal:9000/Data/Contents/contents_20250526_134829.csv
2025-05-26 13:48:31,323 - Đã gửi 99 bản ghi vào Kafka topic reddit_stream
2025-05-26 13:48:31,336 - Đã lưu 2194 bản ghi vào Data/comments_20250526_134831.csv
2025-05-26 13:48:33,212 - Đã đẩy Data/comments_20250526_134831.csv vào hdfs://host.docker.internal:9000/Data/Comments/comments_20250526_134831.csv
2025-05-26 13:48:33,346 - Đã gửi 2194 bản ghi vào Kafka topic reddit_stream
2025-05-26 13:48:33,346 - Đã thu thập 99 bài đăng từ r/movies
2025-05-26 13:48:33,346 - Đang thu thập từ r/funny... (Lần thử 1)
2025-05-26 13:48:34,864 - API còn lại: 222.0 yêu cầu, reset sau 1.43 phút
2025-05-26 13:50:00,351 - API còn lại: 167.0 yêu cầu, reset sau 0.02 phút
2025-05-26 13:51:04,207 - API còn lại: 954.0 yêu cầu, reset sau 8.97 phút
2025-05-26 13:51:48,183 - Đã lưu 100 bản ghi vào Data/contents_20250526_135148.csv
2025-05-26 13:51:50,042 - Đã đẩy Data/contents_20250526_135148.csv vào hdfs://host.docker.internal:9000/Data/Contents/contents_20250526_135148.csv
2025-05-26 13:51:50,052 - Đã gửi 100 bản ghi vào Kafka topic reddit_stream
2025-05-26 13:51:50,084 - Đã lưu 6527 bản ghi vào Data/comments_20250526_135150.csv
2025-05-26 13:51:51,911 - Đã đẩy Data/comments_20250526_135150.csv vào hdfs://host.docker.internal:9000/Data/Comments/comments_20250526_135150.csv
2025-05-26 13:51:52,282 - Đã gửi 6527 bản ghi vào Kafka topic reddit_stream
2025-05-26 13:51:52,282 - Đã thu thập 100 bài đăng từ r/music
2025-05-26 13:51:53,631 - API còn lại: 909.0 yêu cầu, reset sau 8.12 phút
2025-05-26 13:53:14,637 - Đã lưu 100 bản ghi vào Data/contents_20250526_135314.csv
2025-05-26 13:53:16,560 - Đã đẩy Data/contents_20250526_135314.csv vào hdfs://host.docker.internal:9000/Data/Contents/contents_20250526_135314.csv
2025-05-26 13:53:16,611 - Đã gửi 100 bản ghi vào Kafka topic reddit_stream
2025-05-26 13:53:16,664 - Đã lưu 9336 bản ghi vào Data/comments_20250526_135316.csv
2025-05-26 13:53:18,543 - Đã đẩy Data/comments_20250526_135316.csv vào hdfs://host.docker.internal:9000/Data/Comments/comments_20250526_135316.csv
2025-05-26 13:53:19,336 - Đã gửi 9336 bản ghi vào Kafka topic reddit_stream
2025-05-26 13:53:19,337 - Đã thu thập 100 bài đăng từ r/funny
2025-05-26 13:53:21,003 - API còn lại: 835.0 yêu cầu, reset sau 6.67 phút
2025-05-26 13:53:37,870 - API còn lại: 819.0 yêu cầu, reset sau 6.38 phút
2025-05-26 13:54:53,877 - API còn lại: 735.0 yêu cầu, reset sau 5.10 phút
2025-05-26 13:55:06,236 - Đã lưu 100 bản ghi vào Data/contents_20250526_135506.csv
2025-05-26 13:55:08,101 - Đã đẩy Data/contents_20250526_135506.csv vào hdfs://host.docker.internal:9000/Data/Contents/contents_20250526_135506.csv
2025-05-26 13:55:08,114 - Đã gửi 100 bản ghi vào Kafka topic reddit_stream
2025-05-26 13:55:08,136 - Đã lưu 4283 bản ghi vào Data/comments_20250526_135508.csv
2025-05-26 13:55:10,028 - Đã đẩy Data/comments_20250526_135508.csv vào hdfs://host.docker.internal:9000/Data/Comments/comments_20250526_135508.csv
2025-05-26 13:55:10,509 - Đã gửi 4283 bản ghi vào Kafka topic reddit_stream
2025-05-26 13:55:10,509 - Đã thu thập 100 bài đăng từ r/music
2025-05-26 13:55:11,936 - API còn lại: 718.0 yêu cầu, reset sau 4.82 phút
2025-05-26 13:56:18,782 - Đã lưu 100 bản ghi vào Data/contents_20250526_135618.csv
2025-05-26 13:56:20,589 - Đã đẩy Data/contents_20250526_135618.csv vào hdfs://host.docker.internal:9000/Data/Contents/contents_20250526_135618.csv
2025-05-26 13:56:20,598 - Đã gửi 100 bản ghi vào Kafka topic reddit_stream
2025-05-26 13:56:20,629 - Đã lưu 5972 bản ghi vào Data/comments_20250526_135620.csv
2025-05-26 13:56:22,436 - Đã đẩy Data/comments_20250526_135620.csv vào hdfs://host.docker.internal:9000/Data/Comments/comments_20250526_135620.csv
2025-05-26 13:56:22,941 - Đã gửi 5972 bản ghi vào Kafka topic reddit_stream
2025-05-26 13:56:22,941 - Đã thu thập 100 bài đăng từ r/funny
2025-05-26 13:56:24,538 - API còn lại: 634.0 yêu cầu, reset sau 3.60 phút
2025-05-26 13:56:36,959 - API còn lại: 617.0 yêu cầu, reset sau 3.38 phút
2025-05-26 13:57:41,173 - API còn lại: 540.0 yêu cầu, reset sau 2.32 phút
2025-05-26 13:58:07,529 - Đã lưu 100 bản ghi vào Data/contents_20250526_135807.csv
2025-05-26 13:58:09,399 - Đã đẩy Data/contents_20250526_135807.csv vào hdfs://host.docker.internal:9000/Data/Contents/contents_20250526_135807.csv
2025-05-26 13:58:09,411 - Đã gửi 100 bản ghi vào Kafka topic reddit_stream
2025-05-26 13:58:09,435 - Đã lưu 4604 bản ghi vào Data/comments_20250526_135809.csv
2025-05-26 13:58:11,297 - Đã đẩy Data/comments_20250526_135809.csv vào hdfs://host.docker.internal:9000/Data/Comments/comments_20250526_135809.csv
2025-05-26 13:58:11,621 - Đã gửi 4604 bản ghi vào Kafka topic reddit_stream
2025-05-26 13:58:11,622 - Đã thu thập 100 bài đăng từ r/music
2025-05-26 13:58:13,211 - API còn lại: 502.0 yêu cầu, reset sau 1.80 phút
2025-05-26 13:58:52,945 - Đã lưu 100 bản ghi vào Data/contents_20250526_135852.csv
2025-05-26 13:58:54,755 - Đã đẩy Data/contents_20250526_135852.csv vào hdfs://host.docker.internal:9000/Data/Contents/contents_20250526_135852.csv
2025-05-26 13:58:54,764 - Đã gửi 100 bản ghi vào Kafka topic reddit_stream
2025-05-26 13:58:54,789 - Đã lưu 4620 bản ghi vào Data/comments_20250526_135854.csv
2025-05-26 13:58:56,605 - Đã đẩy Data/comments_20250526_135854.csv vào hdfs://host.docker.internal:9000/Data/Comments/comments_20250526_135854.csv
2025-05-26 13:58:56,942 - Đã gửi 4620 bản ghi vào Kafka topic reddit_stream
2025-05-26 13:58:56,942 - Đã thu thập 100 bài đăng từ r/funny
2025-05-26 13:58:58,545 - API còn lại: 442.0 yêu cầu, reset sau 1.03 phút
2025-05-26 13:59:28,374 - API còn lại: 403.0 yêu cầu, reset sau 0.53 phút
2025-05-26 14:00:07,516 - API còn lại: 988.0 yêu cầu, reset sau 9.88 phút
2025-05-26 14:00:31,355 - Đã lưu 100 bản ghi vào Data/contents_20250526_140031.csv
2025-05-26 14:00:33,209 - Đã đẩy Data/contents_20250526_140031.csv vào hdfs://host.docker.internal:9000/Data/Contents/contents_20250526_140031.csv
2025-05-26 14:00:33,224 - Đã gửi 100 bản ghi vào Kafka topic reddit_stream
2025-05-26 14:00:33,241 - Đã lưu 2725 bản ghi vào Data/comments_20250526_140033.csv
2025-05-26 14:00:35,105 - Đã đẩy Data/comments_20250526_140033.csv vào hdfs://host.docker.internal:9000/Data/Comments/comments_20250526_140033.csv
2025-05-26 14:00:35,294 - Đã gửi 2725 bản ghi vào Kafka topic reddit_stream
2025-05-26 14:00:35,294 - Đã thu thập 100 bài đăng từ r/music
2025-05-26 14:00:36,691 - API còn lại: 944.0 yêu cầu, reset sau 9.40 phút
2025-05-26 14:01:08,741 - Đã lưu 100 bản ghi vào Data/contents_20250526_140108.csv
2025-05-26 14:01:10,631 - Đã đẩy Data/contents_20250526_140108.csv vào hdfs://host.docker.internal:9000/Data/Contents/contents_20250526_140108.csv
2025-05-26 14:01:10,640 - Đã gửi 100 bản ghi vào Kafka topic reddit_stream
2025-05-26 14:01:10,656 - Đã lưu 3211 bản ghi vào Data/comments_20250526_140110.csv
2025-05-26 14:01:12,491 - Đã đẩy Data/comments_20250526_140110.csv vào hdfs://host.docker.internal:9000/Data/Comments/comments_20250526_140110.csv
2025-05-26 14:01:12,836 - Đã gửi 3211 bản ghi vào Kafka topic reddit_stream
2025-05-26 14:01:12,836 - Đã thu thập 100 bài đăng từ r/funny
2025-05-26 14:01:14,354 - API còn lại: 884.0 yêu cầu, reset sau 8.78 phút
2025-05-26 14:01:34,029 - API còn lại: 850.0 yêu cầu, reset sau 8.43 phút
2025-05-26 14:02:18,245 - API còn lại: 775.0 yêu cầu, reset sau 7.70 phút
2025-05-26 14:02:29,420 - Đã lưu 100 bản ghi vào Data/contents_20250526_140229.csv
2025-05-26 14:02:31,263 - Đã đẩy Data/contents_20250526_140229.csv vào hdfs://host.docker.internal:9000/Data/Contents/contents_20250526_140229.csv
2025-05-26 14:02:31,313 - Đã gửi 100 bản ghi vào Kafka topic reddit_stream
2025-05-26 14:02:31,325 - Đã lưu 1337 bản ghi vào Data/comments_20250526_140231.csv
2025-05-26 14:02:33,235 - Đã đẩy Data/comments_20250526_140231.csv vào hdfs://host.docker.internal:9000/Data/Comments/comments_20250526_140231.csv
2025-05-26 14:02:33,333 - Đã gửi 1337 bản ghi vào Kafka topic reddit_stream
2025-05-26 14:02:33,333 - Đã thu thập 100 bài đăng từ r/music
2025-05-26 14:02:34,708 - API còn lại: 752.0 yêu cầu, reset sau 7.43 phút
2025-05-26 14:03:17,961 - Đã lưu 100 bản ghi vào Data/contents_20250526_140317.csv
2025-05-26 14:03:19,828 - Đã đẩy Data/contents_20250526_140317.csv vào hdfs://host.docker.internal:9000/Data/Contents/contents_20250526_140317.csv
2025-05-26 14:03:19,838 - Đã gửi 100 bản ghi vào Kafka topic reddit_stream
2025-05-26 14:03:19,855 - Đã lưu 3349 bản ghi vào Data/comments_20250526_140319.csv
2025-05-26 14:03:21,750 - Đã đẩy Data/comments_20250526_140319.csv vào hdfs://host.docker.internal:9000/Data/Comments/comments_20250526_140319.csv
2025-05-26 14:03:22,071 - Đã gửi 3349 bản ghi vào Kafka topic reddit_stream
2025-05-26 14:03:22,071 - Đã thu thập 100 bài đăng từ r/funny
2025-05-26 14:03:23,811 - API còn lại: 668.0 yêu cầu, reset sau 6.62 phút
2025-05-26 14:03:26,962 - API còn lại: 660.0 yêu cầu, reset sau 6.55 phút
2025-05-26 14:04:20,217 - Đã lưu 100 bản ghi vào Data/contents_20250526_140420.csv
2025-05-26 14:04:22,106 - Đã đẩy Data/contents_20250526_140420.csv vào hdfs://host.docker.internal:9000/Data/Contents/contents_20250526_140420.csv
2025-05-26 14:04:22,118 - Đã gửi 100 bản ghi vào Kafka topic reddit_stream
2025-05-26 14:04:22,124 - Đã lưu 1020 bản ghi vào Data/comments_20250526_140422.csv
2025-05-26 14:04:22,464 - API còn lại: 563.0 yêu cầu, reset sau 5.62 phút
2025-05-26 14:04:23,983 - Đã đẩy Data/comments_20250526_140422.csv vào hdfs://host.docker.internal:9000/Data/Comments/comments_20250526_140422.csv
2025-05-26 14:04:24,074 - Đã gửi 1020 bản ghi vào Kafka topic reddit_stream
2025-05-26 14:04:24,074 - Đã thu thập 100 bài đăng từ r/music
2025-05-26 14:04:25,863 - API còn lại: 561.0 yêu cầu, reset sau 5.58 phút
2025-05-26 14:05:21,152 - Đã lưu 100 bản ghi vào Data/contents_20250526_140521.csv
2025-05-26 14:05:22,775 - API còn lại: 462.0 yêu cầu, reset sau 4.62 phút
2025-05-26 14:05:22,946 - Đã đẩy Data/contents_20250526_140521.csv vào hdfs://host.docker.internal:9000/Data/Contents/contents_20250526_140521.csv
2025-05-26 14:05:22,955 - Đã gửi 100 bản ghi vào Kafka topic reddit_stream
2025-05-26 14:05:22,967 - Đã lưu 2310 bản ghi vào Data/comments_20250526_140522.csv
2025-05-26 14:05:24,847 - Đã đẩy Data/comments_20250526_140522.csv vào hdfs://host.docker.internal:9000/Data/Comments/comments_20250526_140522.csv
2025-05-26 14:05:24,995 - Đã gửi 2310 bản ghi vào Kafka topic reddit_stream
2025-05-26 14:05:24,995 - Đã thu thập 100 bài đăng từ r/funny
2025-05-26 14:05:27,111 - API còn lại: 459.0 yêu cầu, reset sau 4.57 phút
2025-05-26 14:06:19,204 - Đã lưu 100 bản ghi vào Data/contents_20250526_140619.csv
2025-05-26 14:06:21,075 - Đã đẩy Data/contents_20250526_140619.csv vào hdfs://host.docker.internal:9000/Data/Contents/contents_20250526_140619.csv
2025-05-26 14:06:21,085 - Đã gửi 100 bản ghi vào Kafka topic reddit_stream
2025-05-26 14:06:21,091 - Đã lưu 780 bản ghi vào Data/comments_20250526_140621.csv
2025-05-26 14:06:22,872 - Đã đẩy Data/comments_20250526_140621.csv vào hdfs://host.docker.internal:9000/Data/Comments/comments_20250526_140621.csv
2025-05-26 14:06:22,922 - Đã gửi 780 bản ghi vào Kafka topic reddit_stream
2025-05-26 14:06:22,922 - Đã thu thập 100 bài đăng từ r/music
2025-05-26 14:06:24,533 - API còn lại: 364.0 yêu cầu, reset sau 3.60 phút
2025-05-26 14:06:26,786 - API còn lại: 358.0 yêu cầu, reset sau 3.55 phút
2025-05-26 14:07:21,770 - API còn lại: 262.0 yêu cầu, reset sau 2.63 phút
2025-05-26 14:07:23,717 - Đã lưu 100 bản ghi vào Data/contents_20250526_140723.csv
2025-05-26 14:07:25,569 - Đã đẩy Data/contents_20250526_140723.csv vào hdfs://host.docker.internal:9000/Data/Contents/contents_20250526_140723.csv
2025-05-26 14:07:25,578 - Đã gửi 100 bản ghi vào Kafka topic reddit_stream
2025-05-26 14:07:25,588 - Đã lưu 1753 bản ghi vào Data/comments_20250526_140725.csv
2025-05-26 14:07:27,462 - Đã đẩy Data/comments_20250526_140725.csv vào hdfs://host.docker.internal:9000/Data/Comments/comments_20250526_140725.csv
2025-05-26 14:07:27,574 - Đã gửi 1753 bản ghi vào Kafka topic reddit_stream
2025-05-26 14:07:27,575 - Đã thu thập 100 bài đăng từ r/funny
2025-05-26 14:07:29,124 - API còn lại: 254.0 yêu cầu, reset sau 2.53 phút
2025-05-26 14:08:18,809 - Đã lưu 100 bản ghi vào Data/contents_20250526_140818.csv
2025-05-26 14:08:20,673 - Đã đẩy Data/contents_20250526_140818.csv vào hdfs://host.docker.internal:9000/Data/Contents/contents_20250526_140818.csv
2025-05-26 14:08:20,683 - Đã gửi 100 bản ghi vào Kafka topic reddit_stream
2025-05-26 14:08:20,686 - Đã lưu 368 bản ghi vào Data/comments_20250526_140820.csv
2025-05-26 14:08:22,526 - Đã đẩy Data/comments_20250526_140820.csv vào hdfs://host.docker.internal:9000/Data/Comments/comments_20250526_140820.csv
2025-05-26 14:08:22,552 - Đã gửi 368 bản ghi vào Kafka topic reddit_stream
2025-05-26 14:08:22,552 - Đã thu thập 100 bài đăng từ r/music
2025-05-26 14:08:24,558 - API còn lại: 163.0 yêu cầu, reset sau 1.62 phút
2025-05-26 14:08:27,718 - API còn lại: 155.0 yêu cầu, reset sau 1.53 phút
2025-05-26 14:09:23,116 - API còn lại: 61.0 yêu cầu, reset sau 0.62 phút
2025-05-26 14:09:26,397 - Đã lưu 100 bản ghi vào Data/contents_20250526_140926.csv
2025-05-26 14:09:28,203 - Đã đẩy Data/contents_20250526_140926.csv vào hdfs://host.docker.internal:9000/Data/Contents/contents_20250526_140926.csv
2025-05-26 14:09:28,212 - Đã gửi 100 bản ghi vào Kafka topic reddit_stream
2025-05-26 14:09:28,218 - Đã lưu 1215 bản ghi vào Data/comments_20250526_140928.csv
2025-05-26 14:09:30,014 - Đã đẩy Data/comments_20250526_140928.csv vào hdfs://host.docker.internal:9000/Data/Comments/comments_20250526_140928.csv
2025-05-26 14:09:30,094 - Đã gửi 1215 bản ghi vào Kafka topic reddit_stream
2025-05-26 14:09:30,094 - Đã thu thập 100 bài đăng từ r/funny
2025-05-26 14:09:32,057 - API còn lại: 50.0 yêu cầu, reset sau 0.48 phút
2025-05-26 14:09:59,981 - Lỗi không xác định khi thu thập r/funny: received 429 HTTP response
2025-05-26 14:09:59,982 - Lỗi không xác định khi thu thập r/music: received 429 HTTP response
2025-05-26 14:09:59,983 - Đang thu thập từ r/memes... (Lần thử 1)
2025-05-26 14:10:01,438 - API còn lại: 999.0 yêu cầu, reset sau 9.98 phút
2025-05-26 14:12:38,720 - API còn lại: 949.0 yêu cầu, reset sau 7.38 phút
2025-05-26 14:14:31,053 - Đã lưu 100 bản ghi vào Data/contents_20250526_141431.csv
2025-05-26 14:14:32,895 - Đã đẩy Data/contents_20250526_141431.csv vào hdfs://host.docker.internal:9000/Data/Contents/contents_20250526_141431.csv
2025-05-26 14:14:32,906 - Đã gửi 100 bản ghi vào Kafka topic reddit_stream
2025-05-26 14:14:32,944 - Đã lưu 8022 bản ghi vào Data/comments_20250526_141432.csv
2025-05-26 14:14:34,817 - Đã đẩy Data/comments_20250526_141432.csv vào hdfs://host.docker.internal:9000/Data/Comments/comments_20250526_141432.csv
2025-05-26 14:14:35,484 - Đã gửi 8022 bản ghi vào Kafka topic reddit_stream
2025-05-26 14:14:35,484 - Đã thu thập 100 bài đăng từ r/memes
2025-05-26 14:14:37,382 - API còn lại: 898.0 yêu cầu, reset sau 5.40 phút
2025-05-26 14:16:10,367 - API còn lại: 848.0 yêu cầu, reset sau 3.83 phút
2025-05-26 14:17:32,698 - Đã lưu 100 bản ghi vào Data/contents_20250526_141732.csv
2025-05-26 14:17:34,559 - Đã đẩy Data/contents_20250526_141732.csv vào hdfs://host.docker.internal:9000/Data/Contents/contents_20250526_141732.csv
2025-05-26 14:17:34,608 - Đã gửi 100 bản ghi vào Kafka topic reddit_stream
2025-05-26 14:17:34,640 - Đã lưu 4988 bản ghi vào Data/comments_20250526_141734.csv
2025-05-26 14:17:36,492 - Đã đẩy Data/comments_20250526_141734.csv vào hdfs://host.docker.internal:9000/Data/Comments/comments_20250526_141734.csv
2025-05-26 14:17:36,858 - Đã gửi 4988 bản ghi vào Kafka topic reddit_stream
2025-05-26 14:17:36,858 - Đã thu thập 100 bài đăng từ r/memes
2025-05-26 14:17:38,363 - API còn lại: 797.0 yêu cầu, reset sau 2.38 phút
2025-05-26 14:18:58,913 - API còn lại: 747.0 yêu cầu, reset sau 1.02 phút
2025-05-26 14:20:09,890 - Đã lưu 100 bản ghi vào Data/contents_20250526_142009.csv
2025-05-26 14:20:11,769 - Đã đẩy Data/contents_20250526_142009.csv vào hdfs://host.docker.internal:9000/Data/Contents/contents_20250526_142009.csv
2025-05-26 14:20:11,779 - Đã gửi 100 bản ghi vào Kafka topic reddit_stream
2025-05-26 14:20:11,800 - Đã lưu 4053 bản ghi vào Data/comments_20250526_142011.csv
2025-05-26 14:20:13,635 - Đã đẩy Data/comments_20250526_142011.csv vào hdfs://host.docker.internal:9000/Data/Comments/comments_20250526_142011.csv
2025-05-26 14:20:13,957 - Đã gửi 4053 bản ghi vào Kafka topic reddit_stream
2025-05-26 14:20:13,957 - Đã thu thập 100 bài đăng từ r/memes
2025-05-26 14:20:15,566 - API còn lại: 993.0 yêu cầu, reset sau 9.75 phút
2025-05-26 14:21:29,354 - API còn lại: 943.0 yêu cầu, reset sau 8.52 phút
2025-05-26 14:22:36,213 - Đã lưu 100 bản ghi vào Data/contents_20250526_142236.csv
2025-05-26 14:22:38,254 - Đã đẩy Data/contents_20250526_142236.csv vào hdfs://host.docker.internal:9000/Data/Contents/contents_20250526_142236.csv
2025-05-26 14:22:38,263 - Đã gửi 100 bản ghi vào Kafka topic reddit_stream
2025-05-26 14:22:38,280 - Đã lưu 3522 bản ghi vào Data/comments_20250526_142238.csv
2025-05-26 14:22:40,396 - Đã đẩy Data/comments_20250526_142238.csv vào hdfs://host.docker.internal:9000/Data/Comments/comments_20250526_142238.csv
2025-05-26 14:22:40,710 - Đã gửi 3522 bản ghi vào Kafka topic reddit_stream
2025-05-26 14:22:40,710 - Đã thu thập 100 bài đăng từ r/memes
2025-05-26 14:22:42,177 - API còn lại: 892.0 yêu cầu, reset sau 7.32 phút
2025-05-26 14:23:50,552 - API còn lại: 842.0 yêu cầu, reset sau 6.17 phút
2025-05-26 14:24:54,254 - Đã lưu 100 bản ghi vào Data/contents_20250526_142454.csv
2025-05-26 14:24:56,187 - Đã đẩy Data/contents_20250526_142454.csv vào hdfs://host.docker.internal:9000/Data/Contents/contents_20250526_142454.csv
2025-05-26 14:24:56,195 - Đã gửi 100 bản ghi vào Kafka topic reddit_stream
2025-05-26 14:24:56,213 - Đã lưu 3380 bản ghi vào Data/comments_20250526_142456.csv
2025-05-26 14:24:58,261 - Đã đẩy Data/comments_20250526_142456.csv vào hdfs://host.docker.internal:9000/Data/Comments/comments_20250526_142456.csv
2025-05-26 14:24:58,467 - Đã gửi 3380 bản ghi vào Kafka topic reddit_stream
2025-05-26 14:24:58,467 - Đã thu thập 100 bài đăng từ r/memes
2025-05-26 14:24:59,869 - API còn lại: 791.0 yêu cầu, reset sau 5.02 phút
2025-05-26 14:25:56,004 - API còn lại: 741.0 yêu cầu, reset sau 4.08 phút
